customer_key,customer_id,first_name,last_name,email,signup_date,loyalty_tier,region_key
1,1,Customer1,LN1,customer1@shopmail.com,2022-04-13,Bronze,4
2,2,Customer2,LN2,customer2@shopmail.com,2024-06-09,Silver,2
3,3,Customer3,LN3,customer3@shopmail.com,2024-01-23,Silver,5
4,4,Customer4,LN4,customer4@shopmail.com,2023-05-20,Bronze,7
5,5,Customer5,LN5,customer5@shopmail.com,2023-05-13,Bronze,7
6,6,Customer6,LN6,customer6@shopmail.com,2024-09-14,Bronze,3
7,7,Customer7,LN7,missing_7@shopmail.com,2022-04-09,Silver,1
8,8,Customer8,LN8,customer8@shopmail.com,2024-03-12,Silver,7
9,9,Customer9,LN9,customer9@shopmail.com,2022-08-20,Silver,7
10,10,Customer10,LN10,customer10@shopmail.com,2022-04-19,Bronze,4
11,11,Customer11,LN11,customer11@shopmail.com,2023-08-29,Bronze,3
12,12,Customer12,LN12,customer12@shopmail.com,2025-01-26,Silver,2
13,13,Customer13,LN13,customer13@shopmail.com,2024-04-26,Bronze,5
14,14,Customer14,LN14,customer14@shopmail.com,2024-05-25,Silver,3
15,15,Customer15,LN15,customer15@shopmail.com,2024-04-05,Bronze,5
16,16,Customer16,LN16,customer16@shopmail.com,2024-06-22,Bronze,3
17,17,Customer17,LN17,customer17@shopmail.com,2023-08-14,Silver,2
18,18,Customer18,LN18,customer18@shopmail.com,2022-05-28,Bronze,5
19,19,Customer19,LN19,customer19@shopmail.com,2024-08-23,Silver,7
20,20,Customer20,LN20,customer20@shopmail.com,2023-06-02,Bronze,5
21,21,Customer21,LN21,customer21@shopmail.com,2023-07-30,Gold,3
22,22,Customer22,LN22,customer22@shopmail.com,2023-03-03,Silver,1
23,23,Customer23,LN23,customer23@shopmail.com,2022-07-29,Gold,7
24,24,Customer24,LN24,customer24@shopmail.com,2024-12-01,Silver,1
25,25,Customer25,LN25,customer25@shopmail.com,2024-06-17,Silver,3
26,26,Customer26,LN26,customer26@shopmail.com,2024-01-11,Silver,2
27,27,Customer27,LN27,customer27@shopmail.com,2023-04-08,Bronze,4
28,28,Customer28,LN28,customer28@shopmail.com,2024-08-04,Bronze,2
29,29,Customer29,LN29,customer29@shopmail.com,2023-09-20,Silver,7
30,30,Customer30,LN30,customer30@shopmail.com,2023-05-25,Bronze,4
31,31,Customer31,LN31,customer31@shopmail.com,2023-06-03,Bronze,4
32,32,Customer32,LN32,customer32@shopmail.com,2022-09-19,Gold,3
33,33,Customer33,LN33,customer33@shopmail.com,2022-04-16,Bronze,1
34,34,Customer34,LN34,customer34@shopmail.com,2023-09-30,Silver,2
35,35,Customer35,LN35,customer35@shopmail.com,2024-10-18,Silver,2
36,36,Customer36,LN36,customer36@shopmail.com,2022-03-15,Bronze,4
37,37,Customer37,LN37,customer37@shopmail.com,2024-09-14,Gold,3
38,38,Customer38,LN38,customer38@shopmail.com,2024-08-09,Bronze,5
39,39,Customer39,LN39,customer39@shopmail.com,2022-11-15,Gold,3
40,40,Customer40,LN40,customer40@shopmail.com,2023-12-28,Silver,4
41,41,Customer41,LN41,customer41@shopmail.com,2022-07-10,Bronze,1
42,42,Customer42,LN42,customer42@shopmail.com,2024-05-21,Bronze,2
43,43,Customer43,LN43,customer43@shopmail.com,2024-03-16,Bronze,1
44,44,Customer44,LN44,customer44@shopmail.com,2023-02-12,Bronze,5
45,45,Customer45,LN45,customer45@shopmail.com,2022-03-20,Bronze,7
46,46,Customer46,LN46,customer46@shopmail.com,2025-01-21,Gold,1
47,47,Customer47,LN47,customer47@shopmail.com,2023-05-28,Bronze,7
48,48,Customer48,LN48,customer48@shopmail.com,2024-10-24,Silver,5
49,49,Customer49,LN49,customer49@shopmail.com,2024-02-19,Bronze,4
50,50,Customer50,LN50,customer50@shopmail.com,2024-06-14,Gold,3
51,51,Customer51,LN51,customer51@shopmail.com,2024-05-23,Bronze,1
52,52,Customer52,LN52,customer52@shopmail.com,2022-08-12,Bronze,2
53,53,Customer53,LN53,customer53@shopmail.com,2023-02-23,Silver,3
54,54,Customer54,LN54,customer54@shopmail.com,2023-06-21,Bronze,3
55,55,Customer55,LN55,customer55@shopmail.com,2023-07-27,Silver,2
56,56,Customer56,LN56,customer56@shopmail.com,2022-02-20,Bronze,3
57,57,Customer57,LN57,customer57@shopmail.com,2023-09-21,Silver,3
58,58,Customer58,LN58,customer58@shopmail.com,2022-06-27,Silver,7
59,59,Customer59,LN59,customer59@shopmail.com,2024-05-04,Silver,4
60,60,Customer60,LN60,customer60@shopmail.com,2024-02-25,Bronze,5
61,61,Customer61,LN61,customer61@shopmail.com,2024-11-26,Bronze,5
62,62,Customer62,LN62,customer62@shopmail.com,2024-05-06,Bronze,5
63,63,Customer63,LN63,customer63@shopmail.com,2023-02-26,Bronze,5
64,64,Customer64,LN64,customer64@shopmail.com,2025-01-17,Bronze,5
65,65,Customer65,LN65,customer65@shopmail.com,2023-04-18,Gold,5
66,66,Customer66,LN66,customer66@shopmail.com,2023-01-10,Silver,7
67,67,Customer67,LN67,customer67@shopmail.com,2024-11-07,Silver,5
68,68,Customer68,LN68,customer68@shopmail.com,2023-03-03,Bronze,2
69,69,Customer69,LN69,customer69@shopmail.com,2022-03-29,Bronze,2
70,70,Customer70,LN70,missing_70@shopmail.com,2023-06-24,Silver,3
71,71,Customer71,LN71,customer71@shopmail.com,2024-07-04,Bronze,3
72,72,Customer72,LN72,customer72@shopmail.com,2022-08-06,Bronze,5
73,73,Customer73,LN73,customer73@shopmail.com,2023-06-17,Bronze,4
74,74,Customer74,LN74,customer74@shopmail.com,2022-05-30,Silver,7
75,75,Customer75,LN75,missing_75@shopmail.com,2024-02-29,Gold,2
76,76,Customer76,LN76,customer76@shopmail.com,2023-07-02,Bronze,1
77,77,Customer77,LN77,customer77@shopmail.com,2023-01-15,Bronze,4
78,78,Customer78,LN78,customer78@shopmail.com,2022-09-18,Bronze,2
79,79,Customer79,LN79,customer79@shopmail.com,2023-10-12,Bronze,7
80,80,Customer80,LN80,customer80@shopmail.com,2024-02-10,Silver,5
81,81,Customer81,LN81,customer81@shopmail.com,2024-12-17,Bronze,4
82,82,Customer82,LN82,customer82@shopmail.com,2023-05-18,Silver,5
83,83,Customer83,LN83,customer83@shopmail.com,2022-07-04,Bronze,2
84,84,Customer84,LN84,customer84@shopmail.com,2024-08-15,Bronze,1
85,85,Customer85,LN85,customer85@shopmail.com,2023-12-26,Gold,5
86,86,Customer86,LN86,customer86@shopmail.com,2024-03-16,Bronze,1
87,87,Customer87,LN87,customer87@shopmail.com,2022-04-22,Silver,7
88,88,Customer88,LN88,customer88@shopmail.com,2022-12-26,Bronze,4
89,89,Customer89,LN89,customer89@shopmail.com,2024-06-02,Gold,2
90,90,Customer90,LN90,customer90@shopmail.com,2024-08-15,Bronze,5
91,91,Customer91,LN91,customer91@shopmail.com,2023-05-16,Bronze,3
92,92,Customer92,LN92,customer92@shopmail.com,2024-07-14,Silver,1
93,93,Customer93,LN93,customer93@shopmail.com,2024-08-25,Bronze,2
94,94,Customer94,LN94,customer94@shopmail.com,2023-03-22,Bronze,3
95,95,Customer95,LN95,customer95@shopmail.com,2024-10-29,Gold,1
96,96,Customer96,LN96,customer96@shopmail.com,2022-11-28,Silver,4
97,97,Customer97,LN97,customer97@shopmail.com,2022-10-03,Silver,5
98,98,Customer98,LN98,customer98@shopmail.com,2024-02-24,Silver,4
99,99,Customer99,LN99,customer99@shopmail.com,2024-01-03,Silver,3
100,100,Customer100,LN100,customer100@shopmail.com,2022-06-10,Gold,4
101,101,Customer101,LN101,customer101@shopmail.com,2024-08-15,Silver,5
102,102,Customer102,LN102,customer102@shopmail.com,2022-08-18,Bronze,5
103,103,Customer103,LN103,customer103@shopmail.com,2024-07-14,Bronze,4
104,104,Customer104,LN104,customer104@shopmail.com,2022-01-09,Silver,1
105,105,Customer105,LN105,customer105@shopmail.com,2024-07-05,Silver,2
106,106,Customer106,LN106,customer106@shopmail.com,2024-06-23,Bronze,5
107,107,Customer107,LN107,customer107@shopmail.com,2024-06-16,Bronze,7
108,108,Customer108,LN108,customer108@shopmail.com,2024-02-04,Bronze,3
109,109,Customer109,LN109,customer109@shopmail.com,2023-06-27,Silver,6
110,110,Customer110,LN110,customer110@shopmail.com,2024-03-21,Silver,4
111,111,Customer111,LN111,customer111@shopmail.com,2022-11-15,Bronze,5
112,112,Customer112,LN112,customer112@shopmail.com,2024-06-16,Silver,7
113,113,Customer113,LN113,customer113@shopmail.com,2023-10-01,Silver,3
114,114,Customer114,LN114,customer114@shopmail.com,2023-06-12,Gold,2
115,115,Customer115,LN115,customer115@shopmail.com,2023-08-05,Bronze,4
116,116,Customer116,LN116,customer116@shopmail.com,2023-10-17,Gold,4
117,117,Customer117,LN117,missing_117@shopmail.com,2022-02-12,Silver,4
118,118,Customer118,LN118,customer118@shopmail.com,2022-06-10,Silver,1
119,119,Customer119,LN119,customer119@shopmail.com,2022-10-10,Bronze,3
120,120,Customer120,LN120,customer120@shopmail.com,2022-05-12,Silver,2
121,121,Customer121,LN121,customer121@shopmail.com,2023-05-21,Silver,7
122,122,Customer122,LN122,customer122@shopmail.com,2024-02-08,Bronze,5
123,123,Customer123,LN123,customer123@shopmail.com,2024-01-23,Bronze,5
124,124,Customer124,LN124,customer124@shopmail.com,2023-06-26,Silver,7
125,125,Customer125,LN125,customer125@shopmail.com,2024-09-10,Silver,2
126,126,Customer126,LN126,customer126@shopmail.com,2023-10-13,Bronze,7
127,127,Customer127,LN127,customer127@shopmail.com,2022-04-02,Bronze,4
128,128,Customer128,LN128,customer128@shopmail.com,2024-05-29,Bronze,5
129,129,Customer129,LN129,customer129@shopmail.com,2023-10-23,Gold,7
130,130,Customer130,LN130,customer130@shopmail.com,2023-12-31,Gold,5
131,131,Customer131,LN131,customer131@shopmail.com,2023-10-13,Bronze,4
132,132,Customer132,LN132,customer132@shopmail.com,2023-09-29,Bronze,1
133,133,Customer133,LN133,customer133@shopmail.com,2022-04-15,Bronze,1
134,134,Customer134,LN134,customer134@shopmail.com,2023-10-06,Bronze,2
135,135,Customer135,LN135,customer135@shopmail.com,2024-07-03,Gold,7
136,136,Customer136,LN136,customer136@shopmail.com,2022-12-16,Silver,2
137,137,Customer137,LN137,customer137@shopmail.com,2023-11-25,Bronze,1
138,138,Customer138,LN138,customer138@shopmail.com,2022-02-05,Bronze,5
139,139,Customer139,LN139,customer139@shopmail.com,2023-02-04,Bronze,2
140,140,Customer140,LN140,customer140@shopmail.com,2023-05-18,Silver,3
141,141,Customer141,LN141,customer141@shopmail.com,2025-02-04,Silver,1
142,142,Customer142,LN142,customer142@shopmail.com,2022-09-04,Silver,2
143,143,Customer143,LN143,customer143@shopmail.com,2022-11-15,Bronze,5
144,144,Customer144,LN144,customer144@shopmail.com,2023-04-15,Gold,5
145,145,Customer145,LN145,customer145@shopmail.com,2025-02-15,Bronze,5
146,146,Customer146,LN146,customer146@shopmail.com,2024-09-08,Silver,7
147,147,Customer147,LN147,customer147@shopmail.com,2022-02-09,Gold,1
148,148,Customer148,LN148,customer148@shopmail.com,2022-09-27,Bronze,7
149,149,Customer149,LN149,customer149@shopmail.com,2024-08-02,Gold,1
150,150,Customer150,LN150,customer150@shopmail.com,2022-03-09,Bronze,5
151,151,Customer151,LN151,customer151@shopmail.com,2024-09-11,Silver,2
152,152,Customer152,LN152,customer152@shopmail.com,2022-11-20,Bronze,5
153,153,Customer153,LN153,customer153@shopmail.com,2024-11-21,Bronze,4
154,154,Customer154,LN154,customer154@shopmail.com,2022-12-04,Bronze,7
155,155,Customer155,LN155,customer155@shopmail.com,2023-05-15,Bronze,7
156,156,Customer156,LN156,customer156@shopmail.com,2024-02-01,Bronze,3
157,157,Customer157,LN157,customer157@shopmail.com,2022-05-26,Bronze,3
158,158,Customer158,LN158,customer158@shopmail.com,2023-10-03,Silver,2
159,159,Customer159,LN159,customer159@shopmail.com,2023-08-04,Bronze,2
160,160,Customer160,LN160,customer160@shopmail.com,2024-06-20,Bronze,3
161,161,Customer161,LN161,customer161@shopmail.com,2025-02-19,Gold,1
162,162,Customer162,LN162,customer162@shopmail.com,2024-02-03,Gold,2
163,163,Customer163,LN163,customer163@shopmail.com,2023-04-16,Bronze,4
164,164,Customer164,LN164,customer164@shopmail.com,2023-04-13,Bronze,3
165,165,Customer165,LN165,customer165@shopmail.com,2023-04-26,Silver,1
166,166,Customer166,LN166,customer166@shopmail.com,2024-07-25,Silver,2
167,167,Customer167,LN167,customer167@shopmail.com,2023-01-05,Bronze,7
168,168,Customer168,LN168,customer168@shopmail.com,2022-07-12,Silver,4
169,169,Customer169,LN169,customer169@shopmail.com,2023-01-20,Bronze,1
170,170,Customer170,LN170,customer170@shopmail.com,2022-01-27,Bronze,6
171,171,Customer171,LN171,customer171@shopmail.com,2022-05-03,Silver,5
172,172,Customer172,LN172,customer172@shopmail.com,2022-04-14,Silver,1
173,173,Customer173,LN173,customer173@shopmail.com,2024-06-06,Silver,3
174,174,Customer174,LN174,customer174@shopmail.com,2024-04-10,Bronze,1
175,175,Customer175,LN175,customer175@shopmail.com,2024-03-12,Bronze,4
176,176,Customer176,LN176,customer176@shopmail.com,2023-06-16,Bronze,2
177,177,Customer177,LN177,customer177@shopmail.com,2024-04-04,Bronze,4
178,178,Customer178,LN178,missing_178@shopmail.com,2022-07-05,Bronze,1
179,179,Customer179,LN179,customer179@shopmail.com,2024-11-01,Silver,2
180,180,Customer180,LN180,customer180@shopmail.com,2023-07-31,Silver,1
181,181,Customer181,LN181,customer181@shopmail.com,2024-12-14,Silver,3
182,182,Customer182,LN182,customer182@shopmail.com,2022-06-25,Bronze,7
183,183,Customer183,LN183,customer183@shopmail.com,2023-07-26,Bronze,6
184,184,Customer184,LN184,customer184@shopmail.com,2024-03-11,Silver,3
185,185,Customer185,LN185,customer185@shopmail.com,2023-07-24,Bronze,7
186,186,Customer186,LN186,customer186@shopmail.com,2023-05-29,Gold,5
187,187,Customer187,LN187,customer187@shopmail.com,2022-07-11,Bronze,3
188,188,Customer188,LN188,customer188@shopmail.com,2023-03-15,Silver,2
189,189,Customer189,LN189,customer189@shopmail.com,2022-10-02,Gold,7
190,190,Customer190,LN190,customer190@shopmail.com,2022-12-13,Silver,4
191,191,Customer191,LN191,customer191@shopmail.com,2024-02-26,Silver,7
192,192,Customer192,LN192,customer192@shopmail.com,2023-12-26,Silver,3
193,193,Customer193,LN193,customer193@shopmail.com,2023-11-30,Bronze,1
194,194,Customer194,LN194,customer194@shopmail.com,2023-02-21,Silver,2
195,195,Customer195,LN195,customer195@shopmail.com,2025-01-08,Gold,1
196,196,Customer196,LN196,customer196@shopmail.com,2022-04-11,Gold,1
197,197,Customer197,LN197,customer197@shopmail.com,2023-01-29,Bronze,3
198,198,Customer198,LN198,customer198@shopmail.com,2022-05-16,Bronze,3
199,199,Customer199,LN199,customer199@shopmail.com,2023-01-25,Silver,5
200,200,Customer200,LN200,customer200@shopmail.com,2025-01-11,Silver,3
201,201,Customer201,LN201,customer201@shopmail.com,2023-02-26,Bronze,1
202,202,Customer202,LN202,customer202@shopmail.com,2024-11-10,Bronze,1
203,203,Customer203,LN203,customer203@shopmail.com,2023-07-24,Bronze,3
204,204,Customer204,LN204,customer204@shopmail.com,2024-03-15,Bronze,7
205,205,Customer205,LN205,customer205@shopmail.com,2023-06-11,Bronze,5
206,206,Customer206,LN206,customer206@shopmail.com,2022-11-02,Bronze,1
207,207,Customer207,LN207,customer207@shopmail.com,2024-05-28,Bronze,7
208,208,Customer208,LN208,customer208@shopmail.com,2025-01-19,Gold,7
209,209,Customer209,LN209,customer209@shopmail.com,2022-10-31,Bronze,1
210,210,Customer210,LN210,customer210@shopmail.com,2024-06-14,Bronze,2
211,211,Customer211,LN211,customer211@shopmail.com,2022-10-28,Bronze,2
212,212,Customer212,LN212,customer212@shopmail.com,2024-04-04,Bronze,2
213,213,Customer213,LN213,customer213@shopmail.com,2024-06-26,Gold,1
214,214,Customer214,LN214,customer214@shopmail.com,2023-06-01,Gold,5
215,215,Customer215,LN215,customer215@shopmail.com,2024-04-27,Bronze,7
216,216,Customer216,LN216,customer216@shopmail.com,2022-11-10,Bronze,4
217,217,Customer217,LN217,customer217@shopmail.com,2022-04-02,Bronze,7
218,218,Customer218,LN218,customer218@shopmail.com,2022-04-21,Bronze,5
219,219,Customer219,LN219,customer219@shopmail.com,2023-05-30,Bronze,2
220,220,Customer220,LN220,customer220@shopmail.com,2024-11-03,Bronze,6
221,221,Customer221,LN221,customer221@shopmail.com,2022-05-27,Bronze,4
222,222,Customer222,LN222,customer222@shopmail.com,2023-06-09,Silver,3
223,223,Customer223,LN223,customer223@shopmail.com,2024-03-20,Bronze,3
224,224,Customer224,LN224,customer224@shopmail.com,2022-08-21,Bronze,7
225,225,Customer225,LN225,customer225@shopmail.com,2024-04-09,Bronze,5
226,226,Customer226,LN226,customer226@shopmail.com,2022-12-18,Bronze,1
227,227,Customer227,LN227,customer227@shopmail.com,2024-07-18,Bronze,4
228,228,Customer228,LN228,customer228@shopmail.com,2023-10-29,Bronze,7
229,229,Customer229,LN229,customer229@shopmail.com,2023-09-21,Bronze,2
230,230,Customer230,LN230,customer230@shopmail.com,2022-07-23,Bronze,4
231,231,Customer231,LN231,customer231@shopmail.com,2023-06-17,Silver,2
232,232,Customer232,LN232,customer232@shopmail.com,2024-09-12,Gold,1
233,233,Customer233,LN233,customer233@shopmail.com,2022-01-23,Bronze,4
234,234,Customer234,LN234,customer234@shopmail.com,2024-05-22,Bronze,4
235,235,Customer235,LN235,customer235@shopmail.com,2023-07-21,Silver,1
236,236,Customer236,LN236,customer236@shopmail.com,2024-04-07,Silver,3
237,237,Customer237,LN237,customer237@shopmail.com,2024-02-02,Bronze,5
238,238,Customer238,LN238,customer238@shopmail.com,2023-05-12,Bronze,7
239,239,Customer239,LN239,customer239@shopmail.com,2022-12-21,Bronze,3
240,240,Customer240,LN240,customer240@shopmail.com,2023-12-23,Silver,3
241,241,Customer241,LN241,customer241@shopmail.com,2022-06-11,Bronze,1
242,242,Customer242,LN242,customer242@shopmail.com,2023-11-03,Bronze,3
243,243,Customer243,LN243,customer243@shopmail.com,2022-04-19,Bronze,3
244,244,Customer244,LN244,customer244@shopmail.com,2024-01-18,Bronze,3
245,245,Customer245,LN245,customer245@shopmail.com,2023-12-25,Bronze,1
246,246,Customer246,LN246,customer246@shopmail.com,2022-04-08,Silver,4
247,247,Customer247,LN247,customer247@shopmail.com,2024-05-21,Silver,5
248,248,Customer248,LN248,customer248@shopmail.com,2023-04-24,Bronze,3
249,249,Customer249,LN249,customer249@shopmail.com,2024-06-23,Bronze,3
250,250,Customer250,LN250,customer250@shopmail.com,2022-02-17,Silver,5
251,251,Customer251,LN251,customer251@shopmail.com,2022-07-26,Bronze,2
252,252,Customer252,LN252,customer252@shopmail.com,2023-07-23,Bronze,1
253,253,Customer253,LN253,customer253@shopmail.com,2022-08-05,Bronze,7
254,254,Customer254,LN254,customer254@shopmail.com,2023-01-15,Silver,5
255,255,Customer255,LN255,customer255@shopmail.com,2024-01-30,Silver,1
256,256,Customer256,LN256,customer256@shopmail.com,2022-06-16,Gold,1
257,257,Customer257,LN257,customer257@shopmail.com,2024-02-19,Silver,2
258,258,Customer258,LN258,customer258@shopmail.com,2022-04-29,Bronze,4
259,259,Customer259,LN259,customer259@shopmail.com,2022-07-21,Bronze,7
260,260,Customer260,LN260,customer260@shopmail.com,2023-11-07,Bronze,4
261,261,Customer261,LN261,customer261@shopmail.com,2024-07-01,Silver,3
262,262,Customer262,LN262,customer262@shopmail.com,2022-07-16,Silver,2
263,263,Customer263,LN263,customer263@shopmail.com,2022-12-11,Bronze,5
264,264,Customer264,LN264,customer264@shopmail.com,2024-11-29,Gold,1
265,265,Customer265,LN265,customer265@shopmail.com,2025-02-12,Bronze,7
266,266,Customer266,LN266,customer266@shopmail.com,2023-10-31,Bronze,3
267,267,Customer267,LN267,customer267@shopmail.com,2023-05-30,Bronze,5
268,268,Customer268,LN268,customer268@shopmail.com,2023-02-03,Gold,5
269,269,Customer269,LN269,customer269@shopmail.com,2023-12-06,Gold,7
270,270,Customer270,LN270,customer270@shopmail.com,2023-11-11,Bronze,5
271,271,Customer271,LN271,customer271@shopmail.com,2022-12-05,Gold,4
272,272,Customer272,LN272,customer272@shopmail.com,2022-01-27,Gold,1
273,273,Customer273,LN273,customer273@shopmail.com,2022-06-24,Silver,4
274,274,Customer274,LN274,customer274@shopmail.com,2025-01-07,Gold,1
275,275,Customer275,LN275,customer275@shopmail.com,2023-04-26,Bronze,5
276,276,Customer276,LN276,customer276@shopmail.com,2023-07-09,Silver,4
277,277,Customer277,LN277,customer277@shopmail.com,2023-06-22,Silver,4
278,278,Customer278,LN278,customer278@shopmail.com,2024-06-19,Silver,7
279,279,Customer279,LN279,customer279@shopmail.com,2022-03-16,Bronze,1
280,280,Customer280,LN280,customer280@shopmail.com,2022-04-06,Silver,4
281,281,Customer281,LN281,customer281@shopmail.com,2022-11-14,Gold,7
282,282,Customer282,LN282,customer282@shopmail.com,2023-07-14,Bronze,7
283,283,Customer283,LN283,customer283@shopmail.com,2024-02-11,Gold,7
284,284,Customer284,LN284,customer284@shopmail.com,2023-07-19,Bronze,7
285,285,Customer285,LN285,customer285@shopmail.com,2023-05-23,Bronze,3
286,286,Customer286,LN286,customer286@shopmail.com,2024-12-14,Bronze,5
287,287,Customer287,LN287,customer287@shopmail.com,2022-07-05,Silver,4
288,288,Customer288,LN288,customer288@shopmail.com,2023-10-20,Silver,3
289,289,Customer289,LN289,customer289@shopmail.com,2023-09-16,Bronze,4
290,290,Customer290,LN290,customer290@shopmail.com,2023-06-29,Silver,4
291,291,Customer291,LN291,customer291@shopmail.com,2024-07-17,Bronze,7
292,292,Customer292,LN292,customer292@shopmail.com,2022-11-04,Bronze,3
293,293,Customer293,LN293,customer293@shopmail.com,2025-01-01,Gold,1
294,294,Customer294,LN294,customer294@shopmail.com,2023-01-17,Silver,7
295,295,Customer295,LN295,customer295@shopmail.com,2023-09-19,Silver,3
296,296,Customer296,LN296,customer296@shopmail.com,2023-08-22,Silver,7
297,297,Customer297,LN297,customer297@shopmail.com,2024-09-04,Gold,2
298,298,Customer298,LN298,customer298@shopmail.com,2023-05-20,Bronze,5
299,299,Customer299,LN299,customer299@shopmail.com,2022-11-24,Bronze,4
300,300,Customer300,LN300,customer300@shopmail.com,2022-01-25,Bronze,3
301,301,Customer301,LN301,customer301@shopmail.com,2023-02-23,Silver,2
302,302,Customer302,LN302,customer302@shopmail.com,2024-08-08,Silver,3
303,303,Customer303,LN303,customer303@shopmail.com,2022-01-12,Silver,4
304,304,Customer304,LN304,customer304@shopmail.com,2024-10-27,Bronze,1
305,305,Customer305,LN305,customer305@shopmail.com,2023-09-17,Bronze,4
306,306,Customer306,LN306,customer306@shopmail.com,2022-06-11,Silver,7
307,307,Customer307,LN307,customer307@shopmail.com,2022-12-14,Gold,1
308,308,Customer308,LN308,customer308@shopmail.com,2023-09-30,Bronze,7
309,309,Customer309,LN309,customer309@shopmail.com,2022-12-30,Bronze,2
310,310,Customer310,LN310,customer310@shopmail.com,2022-05-05,Bronze,1
311,311,Customer311,LN311,customer311@shopmail.com,2024-02-05,Bronze,3
312,312,Customer312,LN312,customer312@shopmail.com,2024-02-13,Bronze,3
313,313,Customer313,LN313,customer313@shopmail.com,2022-05-17,Bronze,4
314,314,Customer314,LN314,customer314@shopmail.com,2022-11-20,Silver,1
315,315,Customer315,LN315,customer315@shopmail.com,2022-10-08,Bronze,1
316,316,Customer316,LN316,customer316@shopmail.com,2024-01-29,Bronze,5
317,317,Customer317,LN317,customer317@shopmail.com,2024-04-19,Bronze,5
318,318,Customer318,LN318,customer318@shopmail.com,2024-04-16,Gold,2
319,319,Customer319,LN319,customer319@shopmail.com,2024-12-15,Bronze,7
320,320,Customer320,LN320,customer320@shopmail.com,2024-06-02,Bronze,4
321,321,Customer321,LN321,customer321@shopmail.com,2023-01-04,Bronze,4
322,322,Customer322,LN322,customer322@shopmail.com,2022-05-04,Silver,3
323,323,Customer323,LN323,customer323@shopmail.com,2023-12-08,Gold,7
324,324,Customer324,LN324,customer324@shopmail.com,2024-11-19,Bronze,1
325,325,Customer325,LN325,customer325@shopmail.com,2025-01-26,Bronze,3
326,326,Customer326,LN326,customer326@shopmail.com,2022-09-22,Bronze,1
327,327,Customer327,LN327,customer327@shopmail.com,2022-09-29,Silver,5
328,328,Customer328,LN328,customer328@shopmail.com,2022-02-13,Gold,4
329,329,Customer329,LN329,customer329@shopmail.com,2022-06-12,Bronze,4
330,330,Customer330,LN330,customer330@shopmail.com,2023-10-01,Bronze,1
331,331,Customer331,LN331,customer331@shopmail.com,2023-09-21,Silver,5
332,332,Customer332,LN332,customer332@shopmail.com,2023-03-03,Silver,7
333,333,Customer333,LN333,customer333@shopmail.com,2022-12-23,Bronze,1
334,334,Customer334,LN334,customer334@shopmail.com,2024-08-12,Bronze,3
335,335,Customer335,LN335,customer335@shopmail.com,2023-06-14,Bronze,5
336,336,Customer336,LN336,customer336@shopmail.com,2024-07-18,Silver,2
337,337,Customer337,LN337,customer337@shopmail.com,2025-01-12,Silver,7
338,338,Customer338,LN338,customer338@shopmail.com,2022-12-31,Silver,5
339,339,Customer339,LN339,customer339@shopmail.com,2022-08-22,Silver,1
340,340,Customer340,LN340,customer340@shopmail.com,2024-12-31,Bronze,1
341,341,Customer341,LN341,customer341@shopmail.com,2024-01-01,Bronze,4
342,342,Customer342,LN342,customer342@shopmail.com,2022-12-01,Bronze,5
343,343,Customer343,LN343,customer343@shopmail.com,2023-12-17,Gold,5
344,344,Customer344,LN344,customer344@shopmail.com,2023-08-16,Silver,1
345,345,Customer345,LN345,customer345@shopmail.com,2024-11-07,Bronze,4
346,346,Customer346,LN346,customer346@shopmail.com,2022-10-22,Bronze,1
347,347,Customer347,LN347,customer347@shopmail.com,2025-02-14,Silver,1
348,348,Customer348,LN348,customer348@shopmail.com,2024-12-12,Silver,1
349,349,Customer349,LN349,customer349@shopmail.com,2022-07-27,Silver,4
350,350,Customer350,LN350,customer350@shopmail.com,2022-07-09,Bronze,5
351,351,Customer351,LN351,customer351@shopmail.com,2023-09-06,Gold,4
352,352,Customer352,LN352,customer352@shopmail.com,2022-02-21,Silver,5
353,353,Customer353,LN353,customer353@shopmail.com,2022-12-10,Silver,2
354,354,Customer354,LN354,customer354@shopmail.com,2023-05-16,Silver,1
355,355,Customer355,LN355,customer355@shopmail.com,2025-01-19,Gold,7
356,356,Customer356,LN356,customer356@shopmail.com,2025-02-15,Gold,7
357,357,Customer357,LN357,customer357@shopmail.com,2022-06-24,Silver,7
358,358,Customer358,LN358,customer358@shopmail.com,2024-10-22,Bronze,7
359,359,Customer359,LN359,customer359@shopmail.com,2022-04-15,Bronze,2
360,360,Customer360,LN360,customer360@shopmail.com,2024-05-10,Silver,1
361,361,Customer361,LN361,customer361@shopmail.com,2024-08-30,Silver,5
362,362,Customer362,LN362,customer362@shopmail.com,2024-10-21,Bronze,7
363,363,Customer363,LN363,customer363@shopmail.com,2022-09-14,Bronze,5
364,364,Customer364,LN364,customer364@shopmail.com,2024-10-24,Gold,3
365,365,Customer365,LN365,customer365@shopmail.com,2022-05-14,Gold,4
366,366,Customer366,LN366,customer366@shopmail.com,2023-08-20,Gold,2
367,367,Customer367,LN367,customer367@shopmail.com,2023-06-24,Bronze,2
368,368,Customer368,LN368,customer368@shopmail.com,2022-12-30,Silver,5
369,369,Customer369,LN369,customer369@shopmail.com,2022-01-26,Silver,5
370,370,Customer370,LN370,customer370@shopmail.com,2024-06-06,Bronze,4
371,371,Customer371,LN371,customer371@shopmail.com,2023-01-21,Bronze,7
372,372,Customer372,LN372,customer372@shopmail.com,2024-01-31,Gold,7
373,373,Customer373,LN373,customer373@shopmail.com,2023-04-17,Bronze,1
374,374,Customer374,LN374,customer374@shopmail.com,2023-03-06,Silver,4
375,375,Customer375,LN375,customer375@shopmail.com,2024-10-16,Silver,7
376,376,Customer376,LN376,customer376@shopmail.com,2022-04-19,Silver,7
377,377,Customer377,LN377,customer377@shopmail.com,2024-04-27,Bronze,4
378,378,Customer378,LN378,customer378@shopmail.com,2024-05-08,Silver,4
379,379,Customer379,LN379,customer379@shopmail.com,2023-03-13,Bronze,1
380,380,Customer380,LN380,customer380@shopmail.com,2022-10-29,Silver,5
381,381,Customer381,LN381,customer381@shopmail.com,2022-01-07,Bronze,2
382,382,Customer382,LN382,customer382@shopmail.com,2024-12-13,Silver,3
383,383,Customer383,LN383,customer383@shopmail.com,2024-12-25,Silver,1
384,384,Customer384,LN384,customer384@shopmail.com,2022-10-05,Bronze,1
385,385,Customer385,LN385,customer385@shopmail.com,2022-02-06,Bronze,2
386,386,Customer386,LN386,customer386@shopmail.com,2022-05-22,Silver,3
387,387,Customer387,LN387,customer387@shopmail.com,2022-03-19,Bronze,4
388,388,Customer388,LN388,customer388@shopmail.com,2024-08-13,Bronze,3
389,389,Customer389,LN389,customer389@shopmail.com,2024-10-22,Bronze,1
390,390,Customer390,LN390,customer390@shopmail.com,2022-06-26,Gold,6
391,391,Customer391,LN391,customer391@shopmail.com,2024-05-08,Silver,4
392,392,Customer392,LN392,customer392@shopmail.com,2022-07-26,Bronze,2
393,393,Customer393,LN393,customer393@shopmail.com,2023-02-27,Gold,7
394,394,Customer394,LN394,customer394@shopmail.com,2023-11-21,Bronze,7
395,395,Customer395,LN395,customer395@shopmail.com,2024-04-07,Bronze,5
396,396,Customer396,LN396,customer396@shopmail.com,2024-10-02,Bronze,2
397,397,Customer397,LN397,customer397@shopmail.com,2022-02-21,Bronze,3
398,398,Customer398,LN398,customer398@shopmail.com,2022-08-14,Bronze,1
399,399,Customer399,LN399,customer399@shopmail.com,2022-11-19,Silver,3
400,400,Customer400,LN400,customer400@shopmail.com,2022-12-23,Bronze,3
401,401,Customer401,LN401,customer401@shopmail.com,2025-02-21,Silver,3
402,402,Customer402,LN402,customer402@shopmail.com,2024-06-13,Bronze,7
403,403,Customer403,LN403,customer403@shopmail.com,2023-01-04,Bronze,7
404,404,Customer404,LN404,customer404@shopmail.com,2025-01-22,Bronze,5
405,405,Customer405,LN405,customer405@shopmail.com,2023-07-29,Silver,2
406,406,Customer406,LN406,customer406@shopmail.com,2023-07-30,Silver,1
407,407,Customer407,LN407,customer407@shopmail.com,2023-05-14,Bronze,7
408,408,Customer408,LN408,customer408@shopmail.com,2022-06-15,Bronze,7
409,409,Customer409,LN409,customer409@shopmail.com,2024-12-10,Bronze,5
410,410,Customer410,LN410,customer410@shopmail.com,2022-01-17,Silver,7
411,411,Customer411,LN411,customer411@shopmail.com,2022-07-20,Bronze,2
412,412,Customer412,LN412,customer412@shopmail.com,2022-09-22,Silver,1
413,413,Customer413,LN413,customer413@shopmail.com,2022-11-18,Bronze,5
414,414,Customer414,LN414,customer414@shopmail.com,2022-06-01,Bronze,3
415,415,Customer415,LN415,customer415@shopmail.com,2022-01-21,Silver,4
416,416,Customer416,LN416,customer416@shopmail.com,2024-02-19,Bronze,4
417,417,Customer417,LN417,customer417@shopmail.com,2025-01-19,Bronze,1
418,418,Customer418,LN418,customer418@shopmail.com,2022-05-21,Gold,4
419,419,Customer419,LN419,customer419@shopmail.com,2022-12-08,Bronze,5
420,420,Customer420,LN420,customer420@shopmail.com,2023-08-06,Bronze,5
421,421,Customer421,LN421,customer421@shopmail.com,2024-12-02,Bronze,7
422,422,Customer422,LN422,customer422@shopmail.com,2024-03-09,Bronze,3
423,423,Customer423,LN423,customer423@shopmail.com,2024-05-31,Silver,2
424,424,Customer424,LN424,customer424@shopmail.com,2023-10-31,Bronze,4
425,425,Customer425,LN425,customer425@shopmail.com,2023-04-25,Gold,4
426,426,Customer426,LN426,customer426@shopmail.com,2022-08-18,Silver,4
427,427,Customer427,LN427,customer427@shopmail.com,2024-09-20,Gold,7
428,428,Customer428,LN428,customer428@shopmail.com,2024-07-13,Silver,2
429,429,Customer429,LN429,customer429@shopmail.com,2022-01-29,Gold,2
430,430,Customer430,LN430,customer430@shopmail.com,2024-04-02,Silver,3
431,431,Customer431,LN431,customer431@shopmail.com,2022-04-08,Bronze,3
432,432,Customer432,LN432,customer432@shopmail.com,2024-04-29,Bronze,4
433,433,Customer433,LN433,customer433@shopmail.com,2024-08-07,Silver,4
434,434,Customer434,LN434,customer434@shopmail.com,2022-05-31,Bronze,5
435,435,Customer435,LN435,customer435@shopmail.com,2023-05-14,Silver,5
436,436,Customer436,LN436,customer436@shopmail.com,2022-05-23,Bronze,3
437,437,Customer437,LN437,customer437@shopmail.com,2023-10-15,Silver,1
438,438,Customer438,LN438,customer438@shopmail.com,2024-12-02,Bronze,2
439,439,Customer439,LN439,customer439@shopmail.com,2022-04-03,Gold,1
440,440,Customer440,LN440,customer440@shopmail.com,2023-04-03,Bronze,5
441,441,Customer441,LN441,customer441@shopmail.com,2025-01-24,Bronze,5
442,442,Customer442,LN442,customer442@shopmail.com,2022-12-13,Silver,5
443,443,Customer443,LN443,customer443@shopmail.com,2022-06-02,Silver,3
444,444,Customer444,LN444,customer444@shopmail.com,2023-07-16,Silver,7
445,445,Customer445,LN445,customer445@shopmail.com,2023-08-08,Gold,4
446,446,Customer446,LN446,customer446@shopmail.com,2024-02-02,Bronze,1
447,447,Customer447,LN447,customer447@shopmail.com,2022-12-27,Silver,7
448,448,Customer448,LN448,customer448@shopmail.com,2025-01-03,Bronze,1
449,449,Customer449,LN449,customer449@shopmail.com,2023-08-23,Silver,1
450,450,Customer450,LN450,customer450@shopmail.com,2022-11-26,Bronze,4
451,451,Customer451,LN451,customer451@shopmail.com,2025-01-09,Bronze,4
452,452,Customer452,LN452,customer452@shopmail.com,2024-11-29,Silver,7
453,453,Customer453,LN453,customer453@shopmail.com,2023-07-29,Silver,3
454,454,Customer454,LN454,customer454@shopmail.com,2022-01-29,Bronze,7
455,455,Customer455,LN455,customer455@shopmail.com,2023-11-18,Gold,4
456,456,Customer456,LN456,customer456@shopmail.com,2023-10-01,Silver,2
457,457,Customer457,LN457,customer457@shopmail.com,2022-06-20,Bronze,2
458,458,Customer458,LN458,customer458@shopmail.com,2023-12-31,Silver,1
459,459,Customer459,LN459,customer459@shopmail.com,2024-08-24,Bronze,5
460,460,Customer460,LN460,customer460@shopmail.com,2022-05-02,Bronze,3
461,461,Customer461,LN461,customer461@shopmail.com,2024-04-11,Silver,3
462,462,Customer462,LN462,customer462@shopmail.com,2022-06-11,Bronze,6
463,463,Customer463,LN463,customer463@shopmail.com,2024-05-11,Bronze,7
464,464,Customer464,LN464,customer464@shopmail.com,2023-04-27,Silver,4
465,465,Customer465,LN465,customer465@shopmail.com,2022-01-08,Bronze,4
466,466,Customer466,LN466,customer466@shopmail.com,2025-01-16,Silver,5
467,467,Customer467,LN467,customer467@shopmail.com,2022-07-10,Silver,2
468,468,Customer468,LN468,customer468@shopmail.com,2023-11-17,Bronze,1
469,469,Customer469,LN469,customer469@shopmail.com,2022-07-28,Silver,5
470,470,Customer470,LN470,customer470@shopmail.com,2024-12-08,Bronze,4
471,471,Customer471,LN471,customer471@shopmail.com,2024-04-29,Silver,5
472,472,Customer472,LN472,customer472@shopmail.com,2024-07-14,Bronze,1
473,473,Customer473,LN473,customer473@shopmail.com,2023-05-12,Gold,7
474,474,Customer474,LN474,customer474@shopmail.com,2023-06-22,Bronze,4
475,475,Customer475,LN475,customer475@shopmail.com,2023-12-31,Silver,2
476,476,Customer476,LN476,customer476@shopmail.com,2024-06-21,Bronze,5
477,477,Customer477,LN477,customer477@shopmail.com,2024-09-01,Bronze,4
478,478,Customer478,LN478,customer478@shopmail.com,2022-01-21,Bronze,7
479,479,Customer479,LN479,customer479@shopmail.com,2024-02-03,Silver,2
480,480,Customer480,LN480,customer480@shopmail.com,2022-05-06,Gold,5
481,481,Customer481,LN481,customer481@shopmail.com,2022-11-28,Bronze,3
482,482,Customer482,LN482,customer482@shopmail.com,2024-08-11,Bronze,2
483,483,Customer483,LN483,customer483@shopmail.com,2022-10-16,Bronze,4
484,484,Customer484,LN484,customer484@shopmail.com,2024-07-05,Bronze,3
485,485,Customer485,LN485,customer485@shopmail.com,2023-06-17,Gold,5
486,486,Customer486,LN486,customer486@shopmail.com,2022-09-25,Gold,4
487,487,Customer487,LN487,customer487@shopmail.com,2023-01-20,Gold,4
488,488,Customer488,LN488,customer488@shopmail.com,2023-09-03,Bronze,7
489,489,Customer489,LN489,customer489@shopmail.com,2024-05-29,Bronze,3
490,490,Customer490,LN490,customer490@shopmail.com,2023-11-28,Silver,1
491,491,Customer491,LN491,customer491@shopmail.com,2024-12-09,Bronze,1
492,492,Customer492,LN492,customer492@shopmail.com,2024-09-24,Silver,7
493,493,Customer493,LN493,customer493@shopmail.com,2024-05-16,Bronze,4
494,494,Customer494,LN494,customer494@shopmail.com,2023-11-25,Bronze,4
495,495,Customer495,LN495,customer495@shopmail.com,2022-11-30,Gold,7
496,496,Customer496,LN496,customer496@shopmail.com,2023-04-20,Bronze,4
497,497,Customer497,LN497,customer497@shopmail.com,2022-05-17,Gold,7
498,498,Customer498,LN498,customer498@shopmail.com,2023-03-07,Bronze,1
499,499,Customer499,LN499,customer499@shopmail.com,2024-12-01,Bronze,3
500,500,Customer500,LN500,customer500@shopmail.com,2023-05-05,Bronze,2
501,501,Customer501,LN501,customer501@shopmail.com,2022-05-11,Bronze,3
502,502,Customer502,LN502,customer502@shopmail.com,2024-01-20,Silver,4
503,503,Customer503,LN503,customer503@shopmail.com,2025-01-12,Bronze,2
504,504,Customer504,LN504,customer504@shopmail.com,2024-09-24,Silver,7
505,505,Customer505,LN505,customer505@shopmail.com,2022-11-12,Gold,5
506,506,Customer506,LN506,customer506@shopmail.com,2023-06-06,Bronze,3
507,507,Customer507,LN507,customer507@shopmail.com,2023-09-03,Bronze,2
508,508,Customer508,LN508,customer508@shopmail.com,2022-10-13,Bronze,2
509,509,Customer509,LN509,customer509@shopmail.com,2022-11-05,Silver,5
510,510,Customer510,LN510,customer510@shopmail.com,2022-09-30,Silver,3
511,511,Customer511,LN511,customer511@shopmail.com,2025-02-17,Bronze,1
512,512,Customer512,LN512,customer512@shopmail.com,2024-05-07,Silver,7
513,513,Customer513,LN513,customer513@shopmail.com,2024-08-24,Bronze,3
514,514,Customer514,LN514,customer514@shopmail.com,2024-07-28,Bronze,3
515,515,Customer515,LN515,customer515@shopmail.com,2025-01-08,Bronze,6
516,516,Customer516,LN516,customer516@shopmail.com,2022-05-02,Gold,7
517,517,Customer517,LN517,customer517@shopmail.com,2024-10-10,Bronze,5
518,518,Customer518,LN518,customer518@shopmail.com,2022-03-18,Bronze,7
519,519,Customer519,LN519,customer519@shopmail.com,2023-07-01,Bronze,5
520,520,Customer520,LN520,customer520@shopmail.com,2023-11-15,Silver,5
521,521,Customer521,LN521,customer521@shopmail.com,2023-02-16,Bronze,1
522,522,Customer522,LN522,customer522@shopmail.com,2022-06-18,Bronze,5
523,523,Customer523,LN523,customer523@shopmail.com,2022-08-10,Bronze,7
524,524,Customer524,LN524,customer524@shopmail.com,2024-08-06,Silver,3
525,525,Customer525,LN525,customer525@shopmail.com,2023-01-02,Bronze,5
526,526,Customer526,LN526,customer526@shopmail.com,2022-12-23,Gold,2
527,527,Customer527,LN527,customer527@shopmail.com,2024-11-27,Bronze,5
528,528,Customer528,LN528,customer528@shopmail.com,2022-06-15,Bronze,4
529,529,Customer529,LN529,missing_529@shopmail.com,2024-11-18,Gold,2
530,530,Customer530,LN530,customer530@shopmail.com,2024-11-25,Silver,2
531,531,Customer531,LN531,customer531@shopmail.com,2023-11-20,Bronze,5
532,532,Customer532,LN532,customer532@shopmail.com,2022-07-10,Silver,3
533,533,Customer533,LN533,customer533@shopmail.com,2022-06-29,Silver,5
534,534,Customer534,LN534,customer534@shopmail.com,2022-11-24,Bronze,1
535,535,Customer535,LN535,customer535@shopmail.com,2023-10-27,Silver,2
536,536,Customer536,LN536,customer536@shopmail.com,2022-06-26,Silver,7
537,537,Customer537,LN537,customer537@shopmail.com,2023-06-09,Bronze,2
538,538,Customer538,LN538,customer538@shopmail.com,2022-05-13,Silver,3
539,539,Customer539,LN539,customer539@shopmail.com,2023-09-14,Bronze,7
540,540,Customer540,LN540,customer540@shopmail.com,2022-01-25,Bronze,3
541,541,Customer541,LN541,customer541@shopmail.com,2024-03-26,Gold,4
542,542,Customer542,LN542,customer542@shopmail.com,2022-03-05,Silver,2
543,543,Customer543,LN543,customer543@shopmail.com,2022-08-13,Silver,4
544,544,Customer544,LN544,customer544@shopmail.com,2022-07-20,Silver,7
545,545,Customer545,LN545,customer545@shopmail.com,2024-08-13,Silver,4
546,546,Customer546,LN546,customer546@shopmail.com,2022-03-03,Bronze,3
547,547,Customer547,LN547,customer547@shopmail.com,2023-05-09,Gold,2
548,548,Customer548,LN548,customer548@shopmail.com,2023-11-11,Silver,2
549,549,Customer549,LN549,customer549@shopmail.com,2023-08-17,Silver,4
550,550,Customer550,LN550,customer550@shopmail.com,2024-02-22,Bronze,7
551,551,Customer551,LN551,customer551@shopmail.com,2024-07-12,Bronze,5
552,552,Customer552,LN552,customer552@shopmail.com,2023-03-29,Bronze,1
553,553,Customer553,LN553,customer553@shopmail.com,2024-08-10,Bronze,5
554,554,Customer554,LN554,customer554@shopmail.com,2023-01-01,Bronze,5
555,555,Customer555,LN555,customer555@shopmail.com,2025-02-06,Silver,5
556,556,Customer556,LN556,customer556@shopmail.com,2023-08-04,Gold,5
557,557,Customer557,LN557,customer557@shopmail.com,2024-04-26,Bronze,2
558,558,Customer558,LN558,customer558@shopmail.com,2024-10-03,Bronze,4
559,559,Customer559,LN559,customer559@shopmail.com,2024-06-30,Silver,5
560,560,Customer560,LN560,customer560@shopmail.com,2024-09-05,Bronze,2
561,561,Customer561,LN561,customer561@shopmail.com,2023-09-09,Gold,1
562,562,Customer562,LN562,customer562@shopmail.com,2022-02-19,Bronze,2
563,563,Customer563,LN563,customer563@shopmail.com,2023-07-22,Bronze,7
564,564,Customer564,LN564,customer564@shopmail.com,2022-07-28,Bronze,2
565,565,Customer565,LN565,customer565@shopmail.com,2024-10-19,Gold,2
566,566,Customer566,LN566,customer566@shopmail.com,2022-09-30,Bronze,5
567,567,Customer567,LN567,customer567@shopmail.com,2022-09-20,Silver,4
568,568,Customer568,LN568,customer568@shopmail.com,2022-10-14,Bronze,1
569,569,Customer569,LN569,customer569@shopmail.com,2024-01-09,Bronze,4
570,570,Customer570,LN570,customer570@shopmail.com,2023-10-19,Gold,4
571,571,Customer571,LN571,customer571@shopmail.com,2024-12-27,Bronze,7
572,572,Customer572,LN572,customer572@shopmail.com,2023-04-24,Bronze,7
573,573,Customer573,LN573,customer573@shopmail.com,2022-11-21,Silver,4
574,574,Customer574,LN574,customer574@shopmail.com,2022-02-26,Gold,7
575,575,Customer575,LN575,customer575@shopmail.com,2022-01-09,Bronze,7
576,576,Customer576,LN576,customer576@shopmail.com,2023-03-06,Bronze,5
577,577,Customer577,LN577,customer577@shopmail.com,2024-11-30,Gold,5
578,578,Customer578,LN578,customer578@shopmail.com,2023-08-26,Silver,3
579,579,Customer579,LN579,customer579@shopmail.com,2024-10-24,Gold,1
580,580,Customer580,LN580,customer580@shopmail.com,2022-04-27,Silver,1
581,581,Customer581,LN581,customer581@shopmail.com,2022-04-18,Silver,5
582,582,Customer582,LN582,customer582@shopmail.com,2024-08-16,Bronze,3
583,583,Customer583,LN583,customer583@shopmail.com,2022-05-03,Bronze,7
584,584,Customer584,LN584,customer584@shopmail.com,2022-03-01,Silver,2
585,585,Customer585,LN585,customer585@shopmail.com,2023-04-10,Silver,1
586,586,Customer586,LN586,customer586@shopmail.com,2024-11-29,Gold,7
587,587,Customer587,LN587,customer587@shopmail.com,2024-03-03,Silver,4
588,588,Customer588,LN588,customer588@shopmail.com,2022-04-24,Bronze,3
589,589,Customer589,LN589,customer589@shopmail.com,2024-08-20,Bronze,7
590,590,Customer590,LN590,customer590@shopmail.com,2024-08-28,Silver,3
591,591,Customer591,LN591,customer591@shopmail.com,2024-07-09,Bronze,2
592,592,Customer592,LN592,customer592@shopmail.com,2024-11-04,Silver,5
593,593,Customer593,LN593,customer593@shopmail.com,2022-10-03,Silver,5
594,594,Customer594,LN594,customer594@shopmail.com,2025-01-31,Bronze,5
595,595,Customer595,LN595,customer595@shopmail.com,2023-01-04,Silver,3
596,596,Customer596,LN596,customer596@shopmail.com,2024-07-11,Silver,1
597,597,Customer597,LN597,customer597@shopmail.com,2023-10-29,Gold,5
598,598,Customer598,LN598,customer598@shopmail.com,2024-06-15,Bronze,7
599,599,Customer599,LN599,customer599@shopmail.com,2023-12-23,Silver,7
600,600,Customer600,LN600,customer600@shopmail.com,2024-01-09,Bronze,7
601,601,Customer601,LN601,customer601@shopmail.com,2023-12-10,Silver,1
602,602,Customer602,LN602,customer602@shopmail.com,2024-06-14,Bronze,3
603,603,Customer603,LN603,customer603@shopmail.com,2024-04-29,Gold,2
604,604,Customer604,LN604,customer604@shopmail.com,2022-06-04,Gold,1
605,605,Customer605,LN605,customer605@shopmail.com,2024-08-07,Silver,5
606,606,Customer606,LN606,customer606@shopmail.com,2023-09-09,Silver,2
607,607,Customer607,LN607,customer607@shopmail.com,2023-01-07,Bronze,1
608,608,Customer608,LN608,customer608@shopmail.com,2023-08-15,Silver,5
609,609,Customer609,LN609,customer609@shopmail.com,2025-01-17,Bronze,5
610,610,Customer610,LN610,customer610@shopmail.com,2024-09-13,Silver,2
611,611,Customer611,LN611,customer611@shopmail.com,2024-08-16,Bronze,4
612,612,Customer612,LN612,customer612@shopmail.com,2023-06-17,Silver,4
613,613,Customer613,LN613,customer613@shopmail.com,2024-06-20,Bronze,5
614,614,Customer614,LN614,customer614@shopmail.com,2023-03-19,Silver,4
615,615,Customer615,LN615,customer615@shopmail.com,2024-02-29,Silver,5
616,616,Customer616,LN616,customer616@shopmail.com,2024-01-06,Bronze,7
617,617,Customer617,LN617,customer617@shopmail.com,2022-10-15,Bronze,7
618,618,Customer618,LN618,customer618@shopmail.com,2022-11-03,Silver,4
619,619,Customer619,LN619,customer619@shopmail.com,2022-03-12,Silver,3
620,620,Customer620,LN620,customer620@shopmail.com,2022-06-10,Bronze,2
621,621,Customer621,LN621,customer621@shopmail.com,2023-05-14,Bronze,2
622,622,Customer622,LN622,customer622@shopmail.com,2023-07-04,Bronze,2
623,623,Customer623,LN623,customer623@shopmail.com,2022-07-09,Silver,4
624,624,Customer624,LN624,customer624@shopmail.com,2023-04-25,Silver,3
625,625,Customer625,LN625,customer625@shopmail.com,2023-11-26,Bronze,4
626,626,Customer626,LN626,customer626@shopmail.com,2022-09-25,Silver,7
627,627,Customer627,LN627,customer627@shopmail.com,2023-01-24,Silver,1
628,628,Customer628,LN628,customer628@shopmail.com,2023-02-27,Silver,2
629,629,Customer629,LN629,customer629@shopmail.com,2023-08-04,Bronze,1
630,630,Customer630,LN630,customer630@shopmail.com,2023-02-26,Bronze,2
631,631,Customer631,LN631,customer631@shopmail.com,2024-04-27,Bronze,1
632,632,Customer632,LN632,customer632@shopmail.com,2023-01-12,Bronze,5
633,633,Customer633,LN633,customer633@shopmail.com,2023-05-14,Bronze,5
634,634,Customer634,LN634,customer634@shopmail.com,2023-03-13,Bronze,4
635,635,Customer635,LN635,customer635@shopmail.com,2022-07-30,Bronze,7
636,636,Customer636,LN636,customer636@shopmail.com,2024-02-28,Silver,5
637,637,Customer637,LN637,customer637@shopmail.com,2022-09-28,Bronze,4
638,638,Customer638,LN638,customer638@shopmail.com,2022-12-08,Silver,1
639,639,Customer639,LN639,customer639@shopmail.com,2024-06-30,Bronze,2
640,640,Customer640,LN640,customer640@shopmail.com,2024-12-27,Silver,3
641,641,Customer641,LN641,customer641@shopmail.com,2024-02-11,Bronze,7
642,642,Customer642,LN642,customer642@shopmail.com,2024-11-19,Silver,4
643,643,Customer643,LN643,customer643@shopmail.com,2024-09-09,Silver,7
644,644,Customer644,LN644,customer644@shopmail.com,2023-07-08,Bronze,7
645,645,Customer645,LN645,customer645@shopmail.com,2024-06-04,Silver,5
646,646,Customer646,LN646,customer646@shopmail.com,2023-01-13,Bronze,2
647,647,Customer647,LN647,customer647@shopmail.com,2023-06-14,Silver,3
648,648,Customer648,LN648,customer648@shopmail.com,2023-09-08,Bronze,3
649,649,Customer649,LN649,customer649@shopmail.com,2025-01-09,Bronze,3
650,650,Customer650,LN650,customer650@shopmail.com,2024-09-02,Bronze,3
651,651,Customer651,LN651,customer651@shopmail.com,2023-07-17,Gold,3
652,652,Customer652,LN652,customer652@shopmail.com,2024-01-21,Bronze,7
653,653,Customer653,LN653,customer653@shopmail.com,2022-08-21,Silver,2
654,654,Customer654,LN654,customer654@shopmail.com,2024-07-14,Bronze,1
655,655,Customer655,LN655,customer655@shopmail.com,2023-09-28,Bronze,4
656,656,Customer656,LN656,customer656@shopmail.com,2023-09-05,Bronze,4
657,657,Customer657,LN657,customer657@shopmail.com,2024-05-31,Gold,7
658,658,Customer658,LN658,customer658@shopmail.com,2023-12-29,Silver,7
659,659,Customer659,LN659,customer659@shopmail.com,2022-03-25,Bronze,5
660,660,Customer660,LN660,customer660@shopmail.com,2022-11-28,Silver,7
661,661,Customer661,LN661,customer661@shopmail.com,2022-07-23,Bronze,2
662,662,Customer662,LN662,customer662@shopmail.com,2024-04-25,Bronze,4
663,663,Customer663,LN663,customer663@shopmail.com,2022-02-10,Silver,3
664,664,Customer664,LN664,customer664@shopmail.com,2022-08-21,Bronze,1
665,665,Customer665,LN665,customer665@shopmail.com,2023-11-19,Bronze,5
666,666,Customer666,LN666,customer666@shopmail.com,2024-03-10,Silver,1
667,667,Customer667,LN667,customer667@shopmail.com,2023-08-02,Bronze,4
668,668,Customer668,LN668,customer668@shopmail.com,2024-09-16,Gold,7
669,669,Customer669,LN669,customer669@shopmail.com,2024-11-22,Silver,7
670,670,Customer670,LN670,customer670@shopmail.com,2022-06-01,Silver,7
671,671,Customer671,LN671,customer671@shopmail.com,2024-12-31,Silver,1
672,672,Customer672,LN672,customer672@shopmail.com,2023-12-08,Gold,5
673,673,Customer673,LN673,customer673@shopmail.com,2024-01-02,Bronze,3
674,674,Customer674,LN674,customer674@shopmail.com,2022-04-20,Silver,5
675,675,Customer675,LN675,customer675@shopmail.com,2023-12-17,Silver,1
676,676,Customer676,LN676,customer676@shopmail.com,2024-04-14,Gold,4
677,677,Customer677,LN677,customer677@shopmail.com,2023-10-30,Bronze,5
678,678,Customer678,LN678,customer678@shopmail.com,2022-04-08,Silver,1
679,679,Customer679,LN679,customer679@shopmail.com,2023-08-25,Silver,5
680,680,Customer680,LN680,customer680@shopmail.com,2024-12-12,Bronze,2
681,681,Customer681,LN681,customer681@shopmail.com,2024-04-11,Gold,4
682,682,Customer682,LN682,customer682@shopmail.com,2022-06-08,Bronze,7
683,683,Customer683,LN683,customer683@shopmail.com,2025-01-08,Bronze,1
684,684,Customer684,LN684,customer684@shopmail.com,2025-01-07,Silver,1
685,685,Customer685,LN685,customer685@shopmail.com,2022-07-14,Bronze,5
686,686,Customer686,LN686,customer686@shopmail.com,2024-07-10,Bronze,1
687,687,Customer687,LN687,customer687@shopmail.com,2023-04-13,Bronze,7
688,688,Customer688,LN688,customer688@shopmail.com,2023-11-14,Bronze,4
689,689,Customer689,LN689,customer689@shopmail.com,2023-05-27,Silver,7
690,690,Customer690,LN690,customer690@shopmail.com,2024-06-19,Gold,4
691,691,Customer691,LN691,customer691@shopmail.com,2025-02-20,Silver,1
692,692,Customer692,LN692,customer692@shopmail.com,2024-07-03,Bronze,5
693,693,Customer693,LN693,customer693@shopmail.com,2024-12-07,Silver,3
694,694,Customer694,LN694,customer694@shopmail.com,2024-12-23,Gold,4
695,695,Customer695,LN695,customer695@shopmail.com,2022-04-14,Silver,5
696,696,Customer696,LN696,customer696@shopmail.com,2022-10-19,Bronze,2
697,697,Customer697,LN697,customer697@shopmail.com,2024-04-10,Bronze,2
698,698,Customer698,LN698,customer698@shopmail.com,2023-11-10,Gold,7
699,699,Customer699,LN699,customer699@shopmail.com,2022-02-27,Gold,7
700,700,Customer700,LN700,customer700@shopmail.com,2022-04-20,Bronze,1
701,701,Customer701,LN701,customer701@shopmail.com,2023-08-22,Silver,5
702,702,Customer702,LN702,customer702@shopmail.com,2023-12-10,Bronze,1
703,703,Customer703,LN703,customer703@shopmail.com,2022-07-12,Bronze,4
704,704,Customer704,LN704,customer704@shopmail.com,2022-07-16,Silver,1
705,705,Customer705,LN705,customer705@shopmail.com,2022-05-29,Silver,4
706,706,Customer706,LN706,customer706@shopmail.com,2023-10-12,Bronze,7
707,707,Customer707,LN707,customer707@shopmail.com,2022-01-10,Gold,1
708,708,Customer708,LN708,customer708@shopmail.com,2023-10-21,Silver,4
709,709,Customer709,LN709,customer709@shopmail.com,2023-07-02,Bronze,5
710,710,Customer710,LN710,customer710@shopmail.com,2023-06-20,Silver,7
711,711,Customer711,LN711,customer711@shopmail.com,2024-02-21,Silver,4
712,712,Customer712,LN712,customer712@shopmail.com,2023-08-25,Silver,3
713,713,Customer713,LN713,customer713@shopmail.com,2024-04-16,Gold,1
714,714,Customer714,LN714,customer714@shopmail.com,2024-05-28,Silver,5
715,715,Customer715,LN715,customer715@shopmail.com,2024-11-24,Bronze,3
716,716,Customer716,LN716,customer716@shopmail.com,2024-07-08,Bronze,1
717,717,Customer717,LN717,customer717@shopmail.com,2023-08-19,Silver,4
718,718,Customer718,LN718,customer718@shopmail.com,2023-07-20,Gold,7
719,719,Customer719,LN719,customer719@shopmail.com,2022-09-29,Bronze,2
720,720,Customer720,LN720,customer720@shopmail.com,2023-11-21,Bronze,1
721,721,Customer721,LN721,customer721@shopmail.com,2022-06-10,Silver,3
722,722,Customer722,LN722,customer722@shopmail.com,2024-12-06,Bronze,1
723,723,Customer723,LN723,customer723@shopmail.com,2024-08-29,Bronze,7
724,724,Customer724,LN724,customer724@shopmail.com,2022-05-18,Gold,5
725,725,Customer725,LN725,customer725@shopmail.com,2024-06-22,Silver,4
726,726,Customer726,LN726,customer726@shopmail.com,2022-05-15,Gold,4
727,727,Customer727,LN727,customer727@shopmail.com,2024-04-09,Silver,5
728,728,Customer728,LN728,customer728@shopmail.com,2022-04-11,Bronze,2
729,729,Customer729,LN729,customer729@shopmail.com,2023-07-16,Gold,1
730,730,Customer730,LN730,customer730@shopmail.com,2024-01-27,Bronze,1
731,731,Customer731,LN731,customer731@shopmail.com,2024-04-18,Bronze,3
732,732,Customer732,LN732,customer732@shopmail.com,2023-04-27,Gold,2
733,733,Customer733,LN733,customer733@shopmail.com,2024-11-25,Silver,3
734,734,Customer734,LN734,customer734@shopmail.com,2024-06-09,Gold,1
735,735,Customer735,LN735,customer735@shopmail.com,2022-08-28,Bronze,5
736,736,Customer736,LN736,customer736@shopmail.com,2024-02-11,Gold,5
737,737,Customer737,LN737,customer737@shopmail.com,2024-04-20,Silver,4
738,738,Customer738,LN738,customer738@shopmail.com,2023-01-19,Silver,3
739,739,Customer739,LN739,customer739@shopmail.com,2024-04-28,Gold,4
740,740,Customer740,LN740,customer740@shopmail.com,2024-10-30,Bronze,2
741,741,Customer741,LN741,customer741@shopmail.com,2024-07-28,Silver,7
742,742,Customer742,LN742,customer742@shopmail.com,2024-05-26,Silver,5
743,743,Customer743,LN743,customer743@shopmail.com,2023-12-31,Silver,3
744,744,Customer744,LN744,customer744@shopmail.com,2022-11-08,Gold,1
745,745,Customer745,LN745,customer745@shopmail.com,2024-07-03,Silver,2
746,746,Customer746,LN746,customer746@shopmail.com,2023-02-23,Bronze,2
747,747,Customer747,LN747,customer747@shopmail.com,2023-09-05,Bronze,1
748,748,Customer748,LN748,customer748@shopmail.com,2022-12-28,Gold,4
749,749,Customer749,LN749,customer749@shopmail.com,2022-12-26,Gold,3
750,750,Customer750,LN750,customer750@shopmail.com,2022-07-01,Gold,2
751,751,Customer751,LN751,customer751@shopmail.com,2025-01-10,Bronze,3
752,752,Customer752,LN752,customer752@shopmail.com,2022-06-19,Bronze,4
753,753,Customer753,LN753,customer753@shopmail.com,2022-04-10,Silver,2
754,754,Customer754,LN754,customer754@shopmail.com,2024-12-12,Silver,4
755,755,Customer755,LN755,customer755@shopmail.com,2023-10-01,Bronze,2
756,756,Customer756,LN756,customer756@shopmail.com,2023-05-19,Silver,1
757,757,Customer757,LN757,customer757@shopmail.com,2024-04-28,Bronze,4
758,758,Customer758,LN758,customer758@shopmail.com,2023-03-17,Bronze,5
759,759,Customer759,LN759,customer759@shopmail.com,2022-05-28,Bronze,5
760,760,Customer760,LN760,customer760@shopmail.com,2024-04-19,Bronze,2
761,761,Customer761,LN761,customer761@shopmail.com,2022-07-22,Bronze,2
762,762,Customer762,LN762,customer762@shopmail.com,2023-09-28,Gold,2
763,763,Customer763,LN763,customer763@shopmail.com,2024-12-27,Silver,4
764,764,Customer764,LN764,customer764@shopmail.com,2024-12-12,Gold,2
765,765,Customer765,LN765,customer765@shopmail.com,2023-02-19,Bronze,4
766,766,Customer766,LN766,customer766@shopmail.com,2024-06-16,Bronze,5
767,767,Customer767,LN767,customer767@shopmail.com,2023-12-06,Bronze,4
768,768,Customer768,LN768,customer768@shopmail.com,2023-07-06,Silver,4
769,769,Customer769,LN769,customer769@shopmail.com,2022-06-10,Bronze,1
770,770,Customer770,LN770,customer770@shopmail.com,2023-03-09,Silver,5
771,771,Customer771,LN771,customer771@shopmail.com,2024-01-20,Silver,4
772,772,Customer772,LN772,customer772@shopmail.com,2025-02-08,Gold,4
773,773,Customer773,LN773,customer773@shopmail.com,2022-01-06,Bronze,1
774,774,Customer774,LN774,customer774@shopmail.com,2024-04-05,Silver,2
775,775,Customer775,LN775,customer775@shopmail.com,2024-08-31,Bronze,1
776,776,Customer776,LN776,customer776@shopmail.com,2024-12-29,Bronze,3
777,777,Customer777,LN777,customer777@shopmail.com,2023-05-03,Silver,1
778,778,Customer778,LN778,customer778@shopmail.com,2022-05-17,Silver,2
779,779,Customer779,LN779,customer779@shopmail.com,2022-11-08,Silver,7
780,780,Customer780,LN780,customer780@shopmail.com,2024-09-05,Bronze,2
781,781,Customer781,LN781,customer781@shopmail.com,2024-10-06,Gold,4
782,782,Customer782,LN782,customer782@shopmail.com,2024-01-03,Gold,6
783,783,Customer783,LN783,customer783@shopmail.com,2022-05-22,Bronze,3
784,784,Customer784,LN784,customer784@shopmail.com,2022-05-21,Gold,3
785,785,Customer785,LN785,customer785@shopmail.com,2023-07-04,Bronze,5
786,786,Customer786,LN786,customer786@shopmail.com,2023-11-08,Silver,5
787,787,Customer787,LN787,customer787@shopmail.com,2022-02-07,Gold,5
788,788,Customer788,LN788,customer788@shopmail.com,2024-02-29,Silver,5
789,789,Customer789,LN789,customer789@shopmail.com,2023-09-19,Silver,5
790,790,Customer790,LN790,customer790@shopmail.com,2022-01-15,Bronze,3
791,791,Customer791,LN791,customer791@shopmail.com,2022-04-21,Silver,7
792,792,Customer792,LN792,customer792@shopmail.com,2023-06-07,Silver,2
793,793,Customer793,LN793,customer793@shopmail.com,2024-04-10,Bronze,1
794,794,Customer794,LN794,customer794@shopmail.com,2024-08-07,Bronze,3
795,795,Customer795,LN795,customer795@shopmail.com,2023-05-11,Silver,1
796,796,Customer796,LN796,customer796@shopmail.com,2022-12-06,Silver,4
797,797,Customer797,LN797,customer797@shopmail.com,2025-01-18,Silver,3
798,798,Customer798,LN798,customer798@shopmail.com,2023-06-12,Gold,5
799,799,Customer799,LN799,customer799@shopmail.com,2022-12-29,Silver,5
800,800,Customer800,LN800,customer800@shopmail.com,2023-05-24,Bronze,1
801,801,Customer801,LN801,customer801@shopmail.com,2022-01-14,Bronze,2
802,802,Customer802,LN802,customer802@shopmail.com,2022-12-14,Silver,1
803,803,Customer803,LN803,customer803@shopmail.com,2023-08-16,Silver,1
804,804,Customer804,LN804,customer804@shopmail.com,2024-11-22,Silver,3
805,805,Customer805,LN805,customer805@shopmail.com,2024-04-28,Silver,4
806,806,Customer806,LN806,customer806@shopmail.com,2024-06-17,Silver,2
807,807,Customer807,LN807,customer807@shopmail.com,2023-09-19,Silver,6
808,808,Customer808,LN808,customer808@shopmail.com,2022-05-08,Silver,3
809,809,Customer809,LN809,customer809@shopmail.com,2023-03-26,Bronze,1
810,810,Customer810,LN810,customer810@shopmail.com,2025-02-20,Silver,1
811,811,Customer811,LN811,customer811@shopmail.com,2022-02-20,Silver,7
812,812,Customer812,LN812,customer812@shopmail.com,2024-10-08,Bronze,5
813,813,Customer813,LN813,customer813@shopmail.com,2024-02-27,Silver,4
814,814,Customer814,LN814,customer814@shopmail.com,2022-11-23,Silver,3
815,815,Customer815,LN815,customer815@shopmail.com,2024-06-13,Silver,5
816,816,Customer816,LN816,customer816@shopmail.com,2024-08-20,Silver,2
817,817,Customer817,LN817,customer817@shopmail.com,2022-02-19,Bronze,1
818,818,Customer818,LN818,customer818@shopmail.com,2022-05-03,Bronze,3
819,819,Customer819,LN819,customer819@shopmail.com,2024-02-05,Bronze,1
820,820,Customer820,LN820,customer820@shopmail.com,2025-02-22,Bronze,5
821,821,Customer821,LN821,customer821@shopmail.com,2022-01-28,Silver,5
822,822,Customer822,LN822,customer822@shopmail.com,2024-02-05,Silver,7
823,823,Customer823,LN823,customer823@shopmail.com,2022-06-07,Silver,3
824,824,Customer824,LN824,customer824@shopmail.com,2024-01-18,Bronze,2
825,825,Customer825,LN825,customer825@shopmail.com,2023-12-18,Bronze,5
826,826,Customer826,LN826,customer826@shopmail.com,2022-04-15,Bronze,5
827,827,Customer827,LN827,customer827@shopmail.com,2024-02-22,Silver,2
828,828,Customer828,LN828,customer828@shopmail.com,2024-10-28,Bronze,7
829,829,Customer829,LN829,customer829@shopmail.com,2024-09-19,Silver,2
830,830,Customer830,LN830,customer830@shopmail.com,2022-02-03,Silver,1
831,831,Customer831,LN831,customer831@shopmail.com,2022-10-10,Silver,4
832,832,Customer832,LN832,customer832@shopmail.com,2022-10-04,Bronze,2
833,833,Customer833,LN833,customer833@shopmail.com,2023-06-06,Bronze,7
834,834,Customer834,LN834,customer834@shopmail.com,2022-06-14,Silver,4
835,835,Customer835,LN835,customer835@shopmail.com,2024-09-09,Silver,4
836,836,Customer836,LN836,customer836@shopmail.com,2024-06-12,Bronze,3
837,837,Customer837,LN837,customer837@shopmail.com,2024-07-18,Gold,3
838,838,Customer838,LN838,customer838@shopmail.com,2022-08-16,Silver,2
839,839,Customer839,LN839,customer839@shopmail.com,2022-01-17,Bronze,4
840,840,Customer840,LN840,customer840@shopmail.com,2024-11-13,Bronze,7
841,841,Customer841,LN841,customer841@shopmail.com,2022-11-29,Bronze,7
842,842,Customer842,LN842,customer842@shopmail.com,2024-01-25,Bronze,3
843,843,Customer843,LN843,customer843@shopmail.com,2024-11-11,Bronze,5
844,844,Customer844,LN844,customer844@shopmail.com,2022-02-11,Silver,2
845,845,Customer845,LN845,customer845@shopmail.com,2022-01-07,Bronze,3
846,846,Customer846,LN846,customer846@shopmail.com,2022-01-07,Gold,2
847,847,Customer847,LN847,customer847@shopmail.com,2022-06-29,Gold,2
848,848,Customer848,LN848,customer848@shopmail.com,2022-03-01,Bronze,7
849,849,Customer849,LN849,customer849@shopmail.com,2024-07-31,Bronze,5
850,850,Customer850,LN850,customer850@shopmail.com,2023-11-28,Silver,2
851,851,Customer851,LN851,customer851@shopmail.com,2025-02-01,Gold,4
852,852,Customer852,LN852,customer852@shopmail.com,2024-07-10,Gold,5
853,853,Customer853,LN853,customer853@shopmail.com,2025-01-12,Bronze,4
854,854,Customer854,LN854,customer854@shopmail.com,2022-10-02,Bronze,7
855,855,Customer855,LN855,customer855@shopmail.com,2022-11-27,Bronze,1
856,856,Customer856,LN856,customer856@shopmail.com,2024-09-03,Silver,5
857,857,Customer857,LN857,customer857@shopmail.com,2022-10-09,Silver,1
858,858,Customer858,LN858,customer858@shopmail.com,2022-03-07,Silver,1
859,859,Customer859,LN859,customer859@shopmail.com,2024-02-09,Silver,1
860,860,Customer860,LN860,customer860@shopmail.com,2024-07-10,Bronze,7
861,861,Customer861,LN861,customer861@shopmail.com,2025-01-18,Silver,5
862,862,Customer862,LN862,customer862@shopmail.com,2024-12-02,Bronze,5
863,863,Customer863,LN863,customer863@shopmail.com,2022-05-19,Silver,5
864,864,Customer864,LN864,customer864@shopmail.com,2024-06-06,Silver,4
865,865,Customer865,LN865,missing_865@shopmail.com,2024-08-31,Silver,3
866,866,Customer866,LN866,customer866@shopmail.com,2024-03-13,Bronze,5
867,867,Customer867,LN867,customer867@shopmail.com,2024-07-31,Silver,7
868,868,Customer868,LN868,customer868@shopmail.com,2024-08-21,Silver,3
869,869,Customer869,LN869,customer869@shopmail.com,2023-05-29,Bronze,3
870,870,Customer870,LN870,customer870@shopmail.com,2022-02-16,Bronze,7
871,871,Customer871,LN871,customer871@shopmail.com,2023-06-09,Silver,7
872,872,Customer872,LN872,customer872@shopmail.com,2022-08-21,Bronze,1
873,873,Customer873,LN873,customer873@shopmail.com,2022-05-11,Bronze,7
874,874,Customer874,LN874,customer874@shopmail.com,2022-05-24,Bronze,4
875,875,Customer875,LN875,customer875@shopmail.com,2024-03-12,Bronze,7
876,876,Customer876,LN876,customer876@shopmail.com,2023-08-04,Bronze,2
877,877,Customer877,LN877,customer877@shopmail.com,2023-09-13,Silver,3
878,878,Customer878,LN878,customer878@shopmail.com,2024-05-06,Bronze,4
879,879,Customer879,LN879,customer879@shopmail.com,2023-09-23,Silver,5
880,880,Customer880,LN880,customer880@shopmail.com,2023-12-26,Bronze,2
881,881,Customer881,LN881,customer881@shopmail.com,2022-04-09,Bronze,2
882,882,Customer882,LN882,customer882@shopmail.com,2024-09-05,Bronze,3
883,883,Customer883,LN883,customer883@shopmail.com,2023-06-01,Silver,3
884,884,Customer884,LN884,customer884@shopmail.com,2022-06-28,Gold,4
885,885,Customer885,LN885,customer885@shopmail.com,2024-07-24,Bronze,2
886,886,Customer886,LN886,customer886@shopmail.com,2024-04-24,Bronze,7
887,887,Customer887,LN887,customer887@shopmail.com,2022-03-02,Bronze,3
888,888,Customer888,LN888,customer888@shopmail.com,2022-08-10,Bronze,4
889,889,Customer889,LN889,customer889@shopmail.com,2022-01-19,Silver,5
890,890,Customer890,LN890,customer890@shopmail.com,2022-11-08,Bronze,4
891,891,Customer891,LN891,customer891@shopmail.com,2022-04-25,Gold,7
892,892,Customer892,LN892,customer892@shopmail.com,2024-03-27,Silver,1
893,893,Customer893,LN893,customer893@shopmail.com,2023-08-24,Silver,2
894,894,Customer894,LN894,customer894@shopmail.com,2025-02-01,Silver,4
895,895,Customer895,LN895,customer895@shopmail.com,2024-05-11,Bronze,5
896,896,Customer896,LN896,customer896@shopmail.com,2023-12-05,Silver,7
897,897,Customer897,LN897,customer897@shopmail.com,2023-08-09,Bronze,2
898,898,Customer898,LN898,customer898@shopmail.com,2022-03-04,Silver,3
899,899,Customer899,LN899,customer899@shopmail.com,2022-03-22,Silver,5
900,900,Customer900,LN900,customer900@shopmail.com,2023-12-10,Bronze,3
901,901,Customer901,LN901,customer901@shopmail.com,2022-01-06,Silver,3
902,902,Customer902,LN902,customer902@shopmail.com,2022-02-18,Bronze,6
903,903,Customer903,LN903,customer903@shopmail.com,2022-09-10,Bronze,2
904,904,Customer904,LN904,customer904@shopmail.com,2024-10-13,Silver,7
905,905,Customer905,LN905,customer905@shopmail.com,2023-06-12,Bronze,4
906,906,Customer906,LN906,customer906@shopmail.com,2024-03-27,Gold,2
907,907,Customer907,LN907,customer907@shopmail.com,2023-04-19,Silver,1
908,908,Customer908,LN908,customer908@shopmail.com,2022-07-19,Silver,3
909,909,Customer909,LN909,customer909@shopmail.com,2023-03-03,Bronze,7
910,910,Customer910,LN910,customer910@shopmail.com,2022-04-16,Bronze,5
911,911,Customer911,LN911,customer911@shopmail.com,2024-06-04,Gold,4
912,912,Customer912,LN912,customer912@shopmail.com,2022-07-31,Bronze,1
913,913,Customer913,LN913,customer913@shopmail.com,2023-03-09,Silver,7
914,914,Customer914,LN914,customer914@shopmail.com,2025-02-01,Bronze,2
915,915,Customer915,LN915,customer915@shopmail.com,2023-11-12,Bronze,5
916,916,Customer916,LN916,customer916@shopmail.com,2023-06-12,Silver,2
917,917,Customer917,LN917,customer917@shopmail.com,2023-09-17,Silver,4
918,918,Customer918,LN918,customer918@shopmail.com,2024-06-20,Silver,4
919,919,Customer919,LN919,customer919@shopmail.com,2022-10-20,Gold,7
920,920,Customer920,LN920,customer920@shopmail.com,2024-01-02,Bronze,3
921,921,Customer921,LN921,customer921@shopmail.com,2024-09-30,Bronze,2
922,922,Customer922,LN922,customer922@shopmail.com,2023-10-21,Bronze,7
923,923,Customer923,LN923,customer923@shopmail.com,2023-05-29,Silver,5
924,924,Customer924,LN924,customer924@shopmail.com,2022-06-16,Bronze,3
925,925,Customer925,LN925,customer925@shopmail.com,2022-10-13,Silver,3
926,926,Customer926,LN926,customer926@shopmail.com,2024-12-23,Bronze,2
927,927,Customer927,LN927,customer927@shopmail.com,2023-09-15,Silver,7
928,928,Customer928,LN928,customer928@shopmail.com,2022-12-13,Silver,5
929,929,Customer929,LN929,customer929@shopmail.com,2023-04-27,Gold,2
930,930,Customer930,LN930,customer930@shopmail.com,2023-10-27,Bronze,4
931,931,Customer931,LN931,customer931@shopmail.com,2023-09-11,Gold,3
932,932,Customer932,LN932,customer932@shopmail.com,2024-03-15,Bronze,5
933,933,Customer933,LN933,customer933@shopmail.com,2022-10-24,Bronze,1
934,934,Customer934,LN934,customer934@shopmail.com,2024-01-17,Bronze,4
935,935,Customer935,LN935,customer935@shopmail.com,2023-05-25,Bronze,3
936,936,Customer936,LN936,customer936@shopmail.com,2024-12-17,Silver,4
937,937,Customer937,LN937,customer937@shopmail.com,2022-07-01,Bronze,2
938,938,Customer938,LN938,customer938@shopmail.com,2022-06-20,Bronze,5
939,939,Customer939,LN939,customer939@shopmail.com,2023-06-15,Silver,3
940,940,Customer940,LN940,customer940@shopmail.com,2023-08-08,Silver,4
941,941,Customer941,LN941,customer941@shopmail.com,2024-03-05,Silver,4
942,942,Customer942,LN942,customer942@shopmail.com,2023-04-10,Silver,1
943,943,Customer943,LN943,customer943@shopmail.com,2024-11-16,Bronze,4
944,944,Customer944,LN944,customer944@shopmail.com,2023-06-30,Silver,5
945,945,Customer945,LN945,customer945@shopmail.com,2022-05-29,Bronze,4
946,946,Customer946,LN946,customer946@shopmail.com,2022-05-18,Bronze,2
947,947,Customer947,LN947,customer947@shopmail.com,2025-01-24,Bronze,4
948,948,Customer948,LN948,customer948@shopmail.com,2022-06-04,Silver,3
949,949,Customer949,LN949,customer949@shopmail.com,2024-12-26,Bronze,3
950,950,Customer950,LN950,customer950@shopmail.com,2022-11-16,Silver,5
951,951,Customer951,LN951,customer951@shopmail.com,2022-04-18,Bronze,1
952,952,Customer952,LN952,customer952@shopmail.com,2022-12-17,Bronze,7
953,953,Customer953,LN953,customer953@shopmail.com,2023-12-08,Bronze,4
954,954,Customer954,LN954,customer954@shopmail.com,2023-05-08,Bronze,5
955,955,Customer955,LN955,customer955@shopmail.com,2024-06-22,Bronze,7
956,956,Customer956,LN956,customer956@shopmail.com,2023-12-04,Silver,7
957,957,Customer957,LN957,customer957@shopmail.com,2023-04-06,Silver,4
958,958,Customer958,LN958,customer958@shopmail.com,2023-12-31,Bronze,7
959,959,Customer959,LN959,customer959@shopmail.com,2025-01-22,Silver,5
960,960,Customer960,LN960,customer960@shopmail.com,2023-04-19,Bronze,3
961,961,Customer961,LN961,customer961@shopmail.com,2022-06-26,Bronze,4
962,962,Customer962,LN962,customer962@shopmail.com,2023-04-16,Bronze,5
963,963,Customer963,LN963,customer963@shopmail.com,2024-08-24,Bronze,7
964,964,Customer964,LN964,customer964@shopmail.com,2022-09-08,Bronze,4
965,965,Customer965,LN965,customer965@shopmail.com,2024-12-27,Silver,7
966,966,Customer966,LN966,customer966@shopmail.com,2023-11-08,Bronze,2
967,967,Customer967,LN967,customer967@shopmail.com,2023-11-23,Silver,7
968,968,Customer968,LN968,customer968@shopmail.com,2022-12-31,Bronze,5
969,969,Customer969,LN969,customer969@shopmail.com,2024-11-24,Silver,4
970,970,Customer970,LN970,customer970@shopmail.com,2022-02-11,Silver,2
971,971,Customer971,LN971,customer971@shopmail.com,2022-12-10,Bronze,7
972,972,Customer972,LN972,customer972@shopmail.com,2023-04-27,Bronze,4
973,973,Customer973,LN973,customer973@shopmail.com,2023-07-03,Silver,1
974,974,Customer974,LN974,customer974@shopmail.com,2023-06-30,Gold,2
975,975,Customer975,LN975,customer975@shopmail.com,2022-06-20,Gold,3
976,976,Customer976,LN976,customer976@shopmail.com,2022-09-17,Bronze,5
977,977,Customer977,LN977,customer977@shopmail.com,2022-04-20,Silver,3
978,978,Customer978,LN978,customer978@shopmail.com,2023-10-21,Bronze,2
979,979,Customer979,LN979,customer979@shopmail.com,2023-02-08,Bronze,4
980,980,Customer980,LN980,customer980@shopmail.com,2023-10-13,Silver,5
981,981,Customer981,LN981,customer981@shopmail.com,2023-11-10,Silver,5
982,982,Customer982,LN982,customer982@shopmail.com,2024-03-18,Silver,7
983,983,Customer983,LN983,customer983@shopmail.com,2023-09-22,Silver,3
984,984,Customer984,LN984,customer984@shopmail.com,2024-01-16,Bronze,7
985,985,Customer985,LN985,customer985@shopmail.com,2023-11-07,Silver,2
986,986,Customer986,LN986,customer986@shopmail.com,2024-01-21,Bronze,4
987,987,Customer987,LN987,customer987@shopmail.com,2023-12-11,Bronze,3
988,988,Customer988,LN988,customer988@shopmail.com,2022-12-30,Bronze,5
989,989,Customer989,LN989,customer989@shopmail.com,2022-10-11,Gold,3
990,990,Customer990,LN990,customer990@shopmail.com,2024-06-24,Bronze,5
991,991,Customer991,LN991,customer991@shopmail.com,2023-01-30,Bronze,2
992,992,Customer992,LN992,customer992@shopmail.com,2023-09-24,Silver,1
993,993,Customer993,LN993,customer993@shopmail.com,2022-08-15,Gold,7
994,994,Customer994,LN994,customer994@shopmail.com,2023-05-12,Gold,5
995,995,Customer995,LN995,customer995@shopmail.com,2023-09-02,Silver,2
996,996,Customer996,LN996,customer996@shopmail.com,2023-12-21,Bronze,4
997,997,Customer997,LN997,customer997@shopmail.com,2023-08-29,Silver,3
998,998,Customer998,LN998,customer998@shopmail.com,2023-02-19,Silver,3
999,999,Customer999,LN999,customer999@shopmail.com,2025-01-11,Gold,7
1000,1000,Customer1000,LN1000,customer1000@shopmail.com,2023-08-13,Silver,2
1001,1001,Customer1001,LN1001,customer1001@shopmail.com,2024-07-18,Bronze,5
1002,1002,Customer1002,LN1002,customer1002@shopmail.com,2024-04-27,Bronze,7
1003,1003,Customer1003,LN1003,customer1003@shopmail.com,2023-10-05,Silver,5
1004,1004,Customer1004,LN1004,customer1004@shopmail.com,2024-10-16,Bronze,5
1005,1005,Customer1005,LN1005,customer1005@shopmail.com,2022-05-28,Bronze,1
1006,1006,Customer1006,LN1006,customer1006@shopmail.com,2024-11-25,Bronze,4
1007,1007,Customer1007,LN1007,customer1007@shopmail.com,2024-09-04,Silver,6
1008,1008,Customer1008,LN1008,customer1008@shopmail.com,2023-08-03,Gold,7
1009,1009,Customer1009,LN1009,customer1009@shopmail.com,2024-04-23,Silver,2
1010,1010,Customer1010,LN1010,customer1010@shopmail.com,2023-08-22,Gold,2
1011,1011,Customer1011,LN1011,customer1011@shopmail.com,2022-11-06,Silver,1
1012,1012,Customer1012,LN1012,customer1012@shopmail.com,2024-07-08,Silver,7
1013,1013,Customer1013,LN1013,customer1013@shopmail.com,2022-10-10,Bronze,5
1014,1014,Customer1014,LN1014,customer1014@shopmail.com,2022-12-28,Silver,5
1015,1015,Customer1015,LN1015,customer1015@shopmail.com,2023-08-21,Bronze,5
1016,1016,Customer1016,LN1016,customer1016@shopmail.com,2024-08-20,Bronze,2
1017,1017,Customer1017,LN1017,customer1017@shopmail.com,2023-03-18,Bronze,4
1018,1018,Customer1018,LN1018,customer1018@shopmail.com,2023-07-23,Silver,2
1019,1019,Customer1019,LN1019,customer1019@shopmail.com,2022-02-17,Silver,7
1020,1020,Customer1020,LN1020,missing_1020@shopmail.com,2022-05-14,Gold,7
1021,1021,Customer1021,LN1021,customer1021@shopmail.com,2022-03-06,Gold,4
1022,1022,Customer1022,LN1022,customer1022@shopmail.com,2022-03-24,Gold,4
1023,1023,Customer1023,LN1023,customer1023@shopmail.com,2024-09-25,Bronze,4
1024,1024,Customer1024,LN1024,customer1024@shopmail.com,2024-08-26,Gold,3
1025,1025,Customer1025,LN1025,customer1025@shopmail.com,2024-08-03,Silver,1
1026,1026,Customer1026,LN1026,customer1026@shopmail.com,2022-03-05,Gold,7
1027,1027,Customer1027,LN1027,customer1027@shopmail.com,2022-03-31,Bronze,1
1028,1028,Customer1028,LN1028,customer1028@shopmail.com,2022-11-19,Bronze,7
1029,1029,Customer1029,LN1029,customer1029@shopmail.com,2023-10-13,Gold,5
1030,1030,Customer1030,LN1030,customer1030@shopmail.com,2023-01-20,Bronze,4
1031,1031,Customer1031,LN1031,customer1031@shopmail.com,2023-07-15,Bronze,3
1032,1032,Customer1032,LN1032,customer1032@shopmail.com,2022-07-18,Bronze,7
1033,1033,Customer1033,LN1033,customer1033@shopmail.com,2024-04-20,Bronze,7
1034,1034,Customer1034,LN1034,customer1034@shopmail.com,2022-12-27,Bronze,3
1035,1035,Customer1035,LN1035,customer1035@shopmail.com,2022-03-18,Gold,4
1036,1036,Customer1036,LN1036,customer1036@shopmail.com,2024-05-04,Gold,2
1037,1037,Customer1037,LN1037,customer1037@shopmail.com,2024-11-04,Gold,5
1038,1038,Customer1038,LN1038,customer1038@shopmail.com,2022-01-17,Bronze,4
1039,1039,Customer1039,LN1039,customer1039@shopmail.com,2023-05-18,Bronze,1
1040,1040,Customer1040,LN1040,customer1040@shopmail.com,2024-08-09,Bronze,4
1041,1041,Customer1041,LN1041,customer1041@shopmail.com,2024-03-23,Bronze,1
1042,1042,Customer1042,LN1042,customer1042@shopmail.com,2024-09-12,Bronze,1
1043,1043,Customer1043,LN1043,customer1043@shopmail.com,2023-04-23,Silver,1
1044,1044,Customer1044,LN1044,customer1044@shopmail.com,2023-03-05,Gold,7
1045,1045,Customer1045,LN1045,customer1045@shopmail.com,2024-03-26,Silver,5
1046,1046,Customer1046,LN1046,customer1046@shopmail.com,2022-06-26,Bronze,1
1047,1047,Customer1047,LN1047,customer1047@shopmail.com,2022-10-03,Bronze,2
1048,1048,Customer1048,LN1048,customer1048@shopmail.com,2023-11-22,Bronze,5
1049,1049,Customer1049,LN1049,customer1049@shopmail.com,2024-02-08,Bronze,4
1050,1050,Customer1050,LN1050,customer1050@shopmail.com,2022-05-18,Silver,4
1051,1051,Customer1051,LN1051,customer1051@shopmail.com,2023-08-08,Bronze,1
1052,1052,Customer1052,LN1052,customer1052@shopmail.com,2023-02-24,Silver,2
1053,1053,Customer1053,LN1053,customer1053@shopmail.com,2023-08-01,Silver,1
1054,1054,Customer1054,LN1054,customer1054@shopmail.com,2025-01-07,Bronze,4
1055,1055,Customer1055,LN1055,customer1055@shopmail.com,2022-03-30,Bronze,3
1056,1056,Customer1056,LN1056,customer1056@shopmail.com,2025-02-18,Bronze,3
1057,1057,Customer1057,LN1057,customer1057@shopmail.com,2023-06-02,Bronze,2
1058,1058,Customer1058,LN1058,customer1058@shopmail.com,2024-06-06,Silver,5
1059,1059,Customer1059,LN1059,customer1059@shopmail.com,2023-05-04,Silver,5
1060,1060,Customer1060,LN1060,customer1060@shopmail.com,2022-12-24,Gold,1
1061,1061,Customer1061,LN1061,customer1061@shopmail.com,2024-06-05,Silver,1
1062,1062,Customer1062,LN1062,customer1062@shopmail.com,2024-03-01,Bronze,6
1063,1063,Customer1063,LN1063,customer1063@shopmail.com,2022-06-15,Bronze,1
1064,1064,Customer1064,LN1064,customer1064@shopmail.com,2024-03-22,Bronze,2
1065,1065,Customer1065,LN1065,customer1065@shopmail.com,2024-05-16,Bronze,1
1066,1066,Customer1066,LN1066,customer1066@shopmail.com,2023-03-23,Gold,4
1067,1067,Customer1067,LN1067,customer1067@shopmail.com,2024-11-30,Bronze,1
1068,1068,Customer1068,LN1068,customer1068@shopmail.com,2024-01-08,Bronze,4
1069,1069,Customer1069,LN1069,customer1069@shopmail.com,2023-01-19,Bronze,2
1070,1070,Customer1070,LN1070,customer1070@shopmail.com,2022-01-13,Bronze,3
1071,1071,Customer1071,LN1071,customer1071@shopmail.com,2024-02-16,Gold,2
1072,1072,Customer1072,LN1072,customer1072@shopmail.com,2022-08-29,Bronze,7
1073,1073,Customer1073,LN1073,customer1073@shopmail.com,2024-05-20,Bronze,7
1074,1074,Customer1074,LN1074,customer1074@shopmail.com,2023-08-27,Bronze,5
1075,1075,Customer1075,LN1075,customer1075@shopmail.com,2023-06-21,Silver,3
1076,1076,Customer1076,LN1076,customer1076@shopmail.com,2022-07-08,Silver,2
1077,1077,Customer1077,LN1077,customer1077@shopmail.com,2024-03-29,Silver,4
1078,1078,Customer1078,LN1078,customer1078@shopmail.com,2022-07-10,Bronze,4
1079,1079,Customer1079,LN1079,customer1079@shopmail.com,2023-04-26,Bronze,5
1080,1080,Customer1080,LN1080,customer1080@shopmail.com,2024-08-19,Gold,5
1081,1081,Customer1081,LN1081,customer1081@shopmail.com,2024-11-24,Bronze,3
1082,1082,Customer1082,LN1082,customer1082@shopmail.com,2025-02-11,Bronze,1
1083,1083,Customer1083,LN1083,customer1083@shopmail.com,2025-01-06,Silver,4
1084,1084,Customer1084,LN1084,customer1084@shopmail.com,2023-10-02,Bronze,3
1085,1085,Customer1085,LN1085,customer1085@shopmail.com,2022-08-19,Bronze,7
1086,1086,Customer1086,LN1086,customer1086@shopmail.com,2024-08-22,Silver,7
1087,1087,Customer1087,LN1087,customer1087@shopmail.com,2024-07-10,Bronze,1
1088,1088,Customer1088,LN1088,customer1088@shopmail.com,2025-02-12,Bronze,1
1089,1089,Customer1089,LN1089,customer1089@shopmail.com,2024-01-19,Bronze,1
1090,1090,Customer1090,LN1090,customer1090@shopmail.com,2022-06-12,Silver,7
1091,1091,Customer1091,LN1091,customer1091@shopmail.com,2023-08-02,Bronze,4
1092,1092,Customer1092,LN1092,customer1092@shopmail.com,2023-05-31,Bronze,3
1093,1093,Customer1093,LN1093,customer1093@shopmail.com,2024-08-27,Silver,4
1094,1094,Customer1094,LN1094,customer1094@shopmail.com,2023-03-28,Silver,1
1095,1095,Customer1095,LN1095,customer1095@shopmail.com,2023-01-13,Gold,4
1096,1096,Customer1096,LN1096,customer1096@shopmail.com,2022-04-03,Bronze,5
1097,1097,Customer1097,LN1097,customer1097@shopmail.com,2024-08-18,Bronze,7
1098,1098,Customer1098,LN1098,customer1098@shopmail.com,2024-05-18,Silver,3
1099,1099,Customer1099,LN1099,customer1099@shopmail.com,2022-02-17,Silver,7
1100,1100,Customer1100,LN1100,customer1100@shopmail.com,2023-05-14,Bronze,4
1101,1101,Customer1101,LN1101,customer1101@shopmail.com,2023-07-06,Silver,4
1102,1102,Customer1102,LN1102,customer1102@shopmail.com,2023-06-24,Bronze,3
1103,1103,Customer1103,LN1103,customer1103@shopmail.com,2024-11-22,Silver,1
1104,1104,Customer1104,LN1104,customer1104@shopmail.com,2022-06-23,Silver,2
1105,1105,Customer1105,LN1105,customer1105@shopmail.com,2022-12-19,Bronze,7
1106,1106,Customer1106,LN1106,customer1106@shopmail.com,2022-07-28,Gold,5
1107,1107,Customer1107,LN1107,customer1107@shopmail.com,2022-10-08,Gold,2
1108,1108,Customer1108,LN1108,customer1108@shopmail.com,2024-11-09,Bronze,7
1109,1109,Customer1109,LN1109,customer1109@shopmail.com,2024-12-17,Bronze,5
1110,1110,Customer1110,LN1110,customer1110@shopmail.com,2022-02-21,Silver,5
1111,1111,Customer1111,LN1111,customer1111@shopmail.com,2023-12-28,Bronze,3
1112,1112,Customer1112,LN1112,customer1112@shopmail.com,2022-09-25,Bronze,1
1113,1113,Customer1113,LN1113,customer1113@shopmail.com,2022-08-10,Bronze,1
1114,1114,Customer1114,LN1114,customer1114@shopmail.com,2022-12-02,Gold,5
1115,1115,Customer1115,LN1115,customer1115@shopmail.com,2022-08-12,Bronze,4
1116,1116,Customer1116,LN1116,customer1116@shopmail.com,2023-07-18,Silver,2
1117,1117,Customer1117,LN1117,customer1117@shopmail.com,2025-02-18,Bronze,3
1118,1118,Customer1118,LN1118,customer1118@shopmail.com,2023-11-06,Bronze,4
1119,1119,Customer1119,LN1119,customer1119@shopmail.com,2024-04-11,Gold,5
1120,1120,Customer1120,LN1120,customer1120@shopmail.com,2023-07-22,Bronze,6
1121,1121,Customer1121,LN1121,customer1121@shopmail.com,2022-01-16,Bronze,4
1122,1122,Customer1122,LN1122,customer1122@shopmail.com,2022-04-07,Bronze,5
1123,1123,Customer1123,LN1123,customer1123@shopmail.com,2022-11-06,Silver,7
1124,1124,Customer1124,LN1124,customer1124@shopmail.com,2022-10-08,Bronze,1
1125,1125,Customer1125,LN1125,customer1125@shopmail.com,2024-08-24,Bronze,2
1126,1126,Customer1126,LN1126,customer1126@shopmail.com,2024-08-28,Bronze,4
1127,1127,Customer1127,LN1127,customer1127@shopmail.com,2024-09-09,Bronze,2
1128,1128,Customer1128,LN1128,customer1128@shopmail.com,2024-01-04,Bronze,3
1129,1129,Customer1129,LN1129,customer1129@shopmail.com,2023-10-02,Silver,4
1130,1130,Customer1130,LN1130,customer1130@shopmail.com,2024-01-17,Bronze,1
1131,1131,Customer1131,LN1131,customer1131@shopmail.com,2023-04-13,Bronze,2
1132,1132,Customer1132,LN1132,customer1132@shopmail.com,2024-02-10,Silver,1
1133,1133,Customer1133,LN1133,customer1133@shopmail.com,2024-07-02,Silver,3
1134,1134,Customer1134,LN1134,customer1134@shopmail.com,2024-05-27,Bronze,1
1135,1135,Customer1135,LN1135,customer1135@shopmail.com,2023-12-07,Bronze,5
1136,1136,Customer1136,LN1136,customer1136@shopmail.com,2022-03-08,Bronze,4
1137,1137,Customer1137,LN1137,customer1137@shopmail.com,2024-04-13,Gold,2
1138,1138,Customer1138,LN1138,customer1138@shopmail.com,2023-02-26,Bronze,7
1139,1139,Customer1139,LN1139,customer1139@shopmail.com,2024-05-05,Bronze,2
1140,1140,Customer1140,LN1140,customer1140@shopmail.com,2023-09-13,Bronze,1
1141,1141,Customer1141,LN1141,customer1141@shopmail.com,2024-10-10,Bronze,4
1142,1142,Customer1142,LN1142,customer1142@shopmail.com,2023-01-25,Bronze,2
1143,1143,Customer1143,LN1143,customer1143@shopmail.com,2024-12-07,Bronze,5
1144,1144,Customer1144,LN1144,customer1144@shopmail.com,2024-08-29,Silver,3
1145,1145,Customer1145,LN1145,customer1145@shopmail.com,2023-01-16,Silver,2
1146,1146,Customer1146,LN1146,customer1146@shopmail.com,2023-07-09,Silver,7
1147,1147,Customer1147,LN1147,customer1147@shopmail.com,2023-09-04,Silver,5
1148,1148,Customer1148,LN1148,customer1148@shopmail.com,2024-06-02,Bronze,7
1149,1149,Customer1149,LN1149,customer1149@shopmail.com,2024-03-03,Gold,2
1150,1150,Customer1150,LN1150,customer1150@shopmail.com,2024-09-06,Silver,3
1151,1151,Customer1151,LN1151,customer1151@shopmail.com,2023-03-02,Silver,2
1152,1152,Customer1152,LN1152,customer1152@shopmail.com,2023-08-04,Silver,3
1153,1153,Customer1153,LN1153,customer1153@shopmail.com,2023-05-11,Bronze,5
1154,1154,Customer1154,LN1154,customer1154@shopmail.com,2024-11-11,Bronze,1
1155,1155,Customer1155,LN1155,customer1155@shopmail.com,2022-12-17,Bronze,2
1156,1156,Customer1156,LN1156,customer1156@shopmail.com,2023-11-07,Bronze,5
1157,1157,Customer1157,LN1157,customer1157@shopmail.com,2022-05-19,Bronze,2
1158,1158,Customer1158,LN1158,customer1158@shopmail.com,2024-09-04,Bronze,5
1159,1159,Customer1159,LN1159,customer1159@shopmail.com,2023-03-18,Bronze,7
1160,1160,Customer1160,LN1160,customer1160@shopmail.com,2023-01-27,Gold,4
1161,1161,Customer1161,LN1161,customer1161@shopmail.com,2023-11-02,Silver,4
1162,1162,Customer1162,LN1162,customer1162@shopmail.com,2023-07-28,Silver,4
1163,1163,Customer1163,LN1163,customer1163@shopmail.com,2024-09-02,Bronze,4
1164,1164,Customer1164,LN1164,customer1164@shopmail.com,2023-09-04,Silver,2
1165,1165,Customer1165,LN1165,customer1165@shopmail.com,2023-08-18,Gold,4
1166,1166,Customer1166,LN1166,customer1166@shopmail.com,2022-05-01,Silver,5
1167,1167,Customer1167,LN1167,customer1167@shopmail.com,2022-01-26,Silver,4
1168,1168,Customer1168,LN1168,customer1168@shopmail.com,2023-04-04,Bronze,7
1169,1169,Customer1169,LN1169,customer1169@shopmail.com,2025-02-21,Bronze,7
1170,1170,Customer1170,LN1170,customer1170@shopmail.com,2024-11-20,Silver,7
1171,1171,Customer1171,LN1171,customer1171@shopmail.com,2023-12-25,Gold,5
1172,1172,Customer1172,LN1172,customer1172@shopmail.com,2023-12-27,Bronze,4
1173,1173,Customer1173,LN1173,customer1173@shopmail.com,2023-03-27,Bronze,3
1174,1174,Customer1174,LN1174,customer1174@shopmail.com,2022-07-24,Bronze,4
1175,1175,Customer1175,LN1175,customer1175@shopmail.com,2022-01-10,Bronze,1
1176,1176,Customer1176,LN1176,customer1176@shopmail.com,2023-01-25,Gold,1
1177,1177,Customer1177,LN1177,customer1177@shopmail.com,2022-12-30,Silver,7
1178,1178,Customer1178,LN1178,customer1178@shopmail.com,2022-08-09,Bronze,5
1179,1179,Customer1179,LN1179,customer1179@shopmail.com,2022-10-26,Bronze,7
1180,1180,Customer1180,LN1180,customer1180@shopmail.com,2022-01-29,Bronze,3
1181,1181,Customer1181,LN1181,customer1181@shopmail.com,2023-12-01,Bronze,1
1182,1182,Customer1182,LN1182,customer1182@shopmail.com,2024-12-02,Silver,3
1183,1183,Customer1183,LN1183,customer1183@shopmail.com,2024-03-05,Silver,4
1184,1184,Customer1184,LN1184,customer1184@shopmail.com,2023-05-31,Silver,3
1185,1185,Customer1185,LN1185,customer1185@shopmail.com,2023-04-29,Bronze,4
1186,1186,Customer1186,LN1186,customer1186@shopmail.com,2022-12-20,Silver,3
1187,1187,Customer1187,LN1187,customer1187@shopmail.com,2022-06-13,Silver,1
1188,1188,Customer1188,LN1188,customer1188@shopmail.com,2023-11-20,Bronze,3
1189,1189,Customer1189,LN1189,customer1189@shopmail.com,2023-10-14,Silver,2
1190,1190,Customer1190,LN1190,customer1190@shopmail.com,2022-01-09,Silver,1
1191,1191,Customer1191,LN1191,customer1191@shopmail.com,2023-04-23,Silver,3
1192,1192,Customer1192,LN1192,customer1192@shopmail.com,2022-11-16,Bronze,2
1193,1193,Customer1193,LN1193,customer1193@shopmail.com,2022-07-15,Bronze,4
1194,1194,Customer1194,LN1194,customer1194@shopmail.com,2024-03-19,Bronze,2
1195,1195,Customer1195,LN1195,customer1195@shopmail.com,2023-08-28,Bronze,4
1196,1196,Customer1196,LN1196,customer1196@shopmail.com,2023-12-30,Bronze,1
1197,1197,Customer1197,LN1197,customer1197@shopmail.com,2024-03-31,Silver,5
1198,1198,Customer1198,LN1198,customer1198@shopmail.com,2025-02-03,Bronze,4
1199,1199,Customer1199,LN1199,customer1199@shopmail.com,2024-07-12,Bronze,2
1200,1200,Customer1200,LN1200,customer1200@shopmail.com,2023-12-15,Gold,4
1201,1201,Customer1201,LN1201,customer1201@shopmail.com,2024-10-07,Silver,3
1202,1202,Customer1202,LN1202,customer1202@shopmail.com,2023-07-04,Bronze,3
1203,1203,Customer1203,LN1203,customer1203@shopmail.com,2025-02-06,Silver,4
1204,1204,Customer1204,LN1204,customer1204@shopmail.com,2024-05-25,Bronze,4
1205,1205,Customer1205,LN1205,customer1205@shopmail.com,2024-01-19,Bronze,2
1206,1206,Customer1206,LN1206,customer1206@shopmail.com,2024-11-04,Silver,3
1207,1207,Customer1207,LN1207,customer1207@shopmail.com,2023-08-16,Bronze,7
1208,1208,Customer1208,LN1208,customer1208@shopmail.com,2024-04-08,Bronze,7
1209,1209,Customer1209,LN1209,customer1209@shopmail.com,2022-11-24,Bronze,4
1210,1210,Customer1210,LN1210,customer1210@shopmail.com,2025-01-12,Silver,5
1211,1211,Customer1211,LN1211,customer1211@shopmail.com,2023-12-18,Bronze,2
1212,1212,Customer1212,LN1212,customer1212@shopmail.com,2024-06-18,Silver,7
1213,1213,Customer1213,LN1213,customer1213@shopmail.com,2023-06-14,Bronze,5
1214,1214,Customer1214,LN1214,customer1214@shopmail.com,2024-09-23,Silver,4
1215,1215,Customer1215,LN1215,customer1215@shopmail.com,2022-03-27,Bronze,7
1216,1216,Customer1216,LN1216,customer1216@shopmail.com,2022-05-12,Bronze,5
1217,1217,Customer1217,LN1217,customer1217@shopmail.com,2023-08-07,Silver,1
1218,1218,Customer1218,LN1218,customer1218@shopmail.com,2024-04-22,Silver,4
1219,1219,Customer1219,LN1219,customer1219@shopmail.com,2024-07-19,Bronze,2
1220,1220,Customer1220,LN1220,customer1220@shopmail.com,2023-05-22,Bronze,3
1221,1221,Customer1221,LN1221,customer1221@shopmail.com,2024-01-18,Bronze,4
1222,1222,Customer1222,LN1222,customer1222@shopmail.com,2023-09-29,Bronze,4
1223,1223,Customer1223,LN1223,customer1223@shopmail.com,2025-01-10,Silver,7
1224,1224,Customer1224,LN1224,customer1224@shopmail.com,2024-01-23,Bronze,4
1225,1225,Customer1225,LN1225,customer1225@shopmail.com,2023-04-25,Silver,1
1226,1226,Customer1226,LN1226,customer1226@shopmail.com,2025-01-20,Bronze,7
1227,1227,Customer1227,LN1227,customer1227@shopmail.com,2022-05-04,Bronze,5
1228,1228,Customer1228,LN1228,customer1228@shopmail.com,2025-02-06,Bronze,5
1229,1229,Customer1229,LN1229,customer1229@shopmail.com,2022-06-27,Bronze,2
1230,1230,Customer1230,LN1230,customer1230@shopmail.com,2022-11-28,Bronze,1
1231,1231,Customer1231,LN1231,customer1231@shopmail.com,2024-08-02,Gold,1
1232,1232,Customer1232,LN1232,customer1232@shopmail.com,2024-04-23,Bronze,5
1233,1233,Customer1233,LN1233,customer1233@shopmail.com,2025-01-20,Silver,2
1234,1234,Customer1234,LN1234,customer1234@shopmail.com,2024-05-12,Bronze,2
1235,1235,Customer1235,LN1235,customer1235@shopmail.com,2024-01-03,Bronze,7
1236,1236,Customer1236,LN1236,customer1236@shopmail.com,2023-02-03,Bronze,7
1237,1237,Customer1237,LN1237,customer1237@shopmail.com,2022-01-06,Bronze,7
1238,1238,Customer1238,LN1238,customer1238@shopmail.com,2022-05-23,Silver,4
1239,1239,Customer1239,LN1239,customer1239@shopmail.com,2022-12-09,Silver,3
1240,1240,Customer1240,LN1240,customer1240@shopmail.com,2022-02-17,Silver,4
1241,1241,Customer1241,LN1241,customer1241@shopmail.com,2023-08-08,Silver,5
1242,1242,Customer1242,LN1242,customer1242@shopmail.com,2024-06-12,Bronze,2
1243,1243,Customer1243,LN1243,customer1243@shopmail.com,2025-01-12,Bronze,3
1244,1244,Customer1244,LN1244,customer1244@shopmail.com,2023-07-18,Silver,4
1245,1245,Customer1245,LN1245,customer1245@shopmail.com,2024-10-03,Bronze,7
1246,1246,Customer1246,LN1246,customer1246@shopmail.com,2025-02-07,Bronze,4
1247,1247,Customer1247,LN1247,customer1247@shopmail.com,2024-09-15,Gold,7
1248,1248,Customer1248,LN1248,customer1248@shopmail.com,2023-06-19,Gold,1
1249,1249,Customer1249,LN1249,customer1249@shopmail.com,2023-01-10,Silver,2
1250,1250,Customer1250,LN1250,customer1250@shopmail.com,2025-01-29,Bronze,4
1251,1251,Customer1251,LN1251,customer1251@shopmail.com,2022-10-06,Silver,7
1252,1252,Customer1252,LN1252,customer1252@shopmail.com,2023-04-19,Bronze,4
1253,1253,Customer1253,LN1253,customer1253@shopmail.com,2022-03-27,Bronze,4
1254,1254,Customer1254,LN1254,customer1254@shopmail.com,2024-07-01,Bronze,5
1255,1255,Customer1255,LN1255,customer1255@shopmail.com,2024-01-18,Gold,4
1256,1256,Customer1256,LN1256,customer1256@shopmail.com,2022-04-08,Gold,2
1257,1257,Customer1257,LN1257,customer1257@shopmail.com,2022-09-13,Silver,5
1258,1258,Customer1258,LN1258,customer1258@shopmail.com,2023-10-01,Bronze,7
1259,1259,Customer1259,LN1259,customer1259@shopmail.com,2023-09-14,Bronze,7
1260,1260,Customer1260,LN1260,customer1260@shopmail.com,2024-07-11,Bronze,3
1261,1261,Customer1261,LN1261,customer1261@shopmail.com,2022-11-03,Gold,2
1262,1262,Customer1262,LN1262,customer1262@shopmail.com,2024-11-29,Bronze,1
1263,1263,Customer1263,LN1263,customer1263@shopmail.com,2023-05-27,Bronze,4
1264,1264,Customer1264,LN1264,customer1264@shopmail.com,2024-08-03,Silver,3
1265,1265,Customer1265,LN1265,customer1265@shopmail.com,2022-10-02,Bronze,5
1266,1266,Customer1266,LN1266,customer1266@shopmail.com,2022-02-12,Silver,2
1267,1267,Customer1267,LN1267,customer1267@shopmail.com,2022-03-05,Bronze,7
1268,1268,Customer1268,LN1268,customer1268@shopmail.com,2023-03-05,Silver,2
1269,1269,Customer1269,LN1269,customer1269@shopmail.com,2025-01-01,Bronze,4
1270,1270,Customer1270,LN1270,customer1270@shopmail.com,2022-02-26,Bronze,7
1271,1271,Customer1271,LN1271,customer1271@shopmail.com,2023-03-01,Bronze,5
1272,1272,Customer1272,LN1272,customer1272@shopmail.com,2022-05-06,Bronze,7
1273,1273,Customer1273,LN1273,customer1273@shopmail.com,2024-12-07,Silver,5
1274,1274,Customer1274,LN1274,customer1274@shopmail.com,2024-02-16,Bronze,3
1275,1275,Customer1275,LN1275,customer1275@shopmail.com,2024-05-27,Bronze,5
1276,1276,Customer1276,LN1276,customer1276@shopmail.com,2024-03-31,Silver,2
1277,1277,Customer1277,LN1277,customer1277@shopmail.com,2024-01-26,Bronze,2
1278,1278,Customer1278,LN1278,customer1278@shopmail.com,2024-06-08,Silver,7
1279,1279,Customer1279,LN1279,customer1279@shopmail.com,2022-01-10,Silver,2
1280,1280,Customer1280,LN1280,customer1280@shopmail.com,2024-09-22,Bronze,1
1281,1281,Customer1281,LN1281,customer1281@shopmail.com,2024-04-30,Silver,2
1282,1282,Customer1282,LN1282,customer1282@shopmail.com,2024-04-30,Bronze,4
1283,1283,Customer1283,LN1283,customer1283@shopmail.com,2023-03-29,Bronze,5
1284,1284,Customer1284,LN1284,customer1284@shopmail.com,2024-07-10,Bronze,4
1285,1285,Customer1285,LN1285,customer1285@shopmail.com,2023-03-16,Silver,1
1286,1286,Customer1286,LN1286,customer1286@shopmail.com,2022-02-26,Silver,3
1287,1287,Customer1287,LN1287,customer1287@shopmail.com,2024-11-09,Silver,2
1288,1288,Customer1288,LN1288,customer1288@shopmail.com,2022-09-27,Gold,2
1289,1289,Customer1289,LN1289,customer1289@shopmail.com,2022-04-28,Bronze,4
1290,1290,Customer1290,LN1290,customer1290@shopmail.com,2023-12-17,Gold,7
1291,1291,Customer1291,LN1291,customer1291@shopmail.com,2022-09-26,Silver,1
1292,1292,Customer1292,LN1292,customer1292@shopmail.com,2024-09-13,Gold,5
1293,1293,Customer1293,LN1293,customer1293@shopmail.com,2023-05-26,Gold,2
1294,1294,Customer1294,LN1294,customer1294@shopmail.com,2022-01-06,Gold,7
1295,1295,Customer1295,LN1295,customer1295@shopmail.com,2024-12-30,Bronze,2
1296,1296,Customer1296,LN1296,customer1296@shopmail.com,2023-08-15,Silver,7
1297,1297,Customer1297,LN1297,customer1297@shopmail.com,2022-10-30,Silver,2
1298,1298,Customer1298,LN1298,customer1298@shopmail.com,2024-02-18,Silver,3
1299,1299,Customer1299,LN1299,customer1299@shopmail.com,2023-09-03,Bronze,4
1300,1300,Customer1300,LN1300,customer1300@shopmail.com,2022-02-04,Gold,4
1301,1301,Customer1301,LN1301,customer1301@shopmail.com,2024-05-23,Bronze,1
1302,1302,Customer1302,LN1302,customer1302@shopmail.com,2023-04-07,Bronze,2
1303,1303,Customer1303,LN1303,customer1303@shopmail.com,2024-03-15,Silver,2
1304,1304,Customer1304,LN1304,customer1304@shopmail.com,2024-10-26,Bronze,5
1305,1305,Customer1305,LN1305,customer1305@shopmail.com,2023-12-04,Silver,4
1306,1306,Customer1306,LN1306,customer1306@shopmail.com,2024-02-12,Bronze,1
1307,1307,Customer1307,LN1307,customer1307@shopmail.com,2022-10-20,Silver,7
1308,1308,Customer1308,LN1308,customer1308@shopmail.com,2022-10-01,Silver,2
1309,1309,Customer1309,LN1309,customer1309@shopmail.com,2023-04-23,Bronze,1
1310,1310,Customer1310,LN1310,customer1310@shopmail.com,2024-09-07,Silver,4
1311,1311,Customer1311,LN1311,customer1311@shopmail.com,2023-08-26,Bronze,1
1312,1312,Customer1312,LN1312,customer1312@shopmail.com,2023-02-05,Silver,4
1313,1313,Customer1313,LN1313,customer1313@shopmail.com,2024-06-15,Gold,2
1314,1314,Customer1314,LN1314,customer1314@shopmail.com,2024-09-08,Bronze,2
1315,1315,Customer1315,LN1315,customer1315@shopmail.com,2024-11-03,Silver,3
1316,1316,Customer1316,LN1316,customer1316@shopmail.com,2022-12-10,Silver,2
1317,1317,Customer1317,LN1317,customer1317@shopmail.com,2024-03-27,Silver,7
1318,1318,Customer1318,LN1318,customer1318@shopmail.com,2023-11-10,Silver,3
1319,1319,Customer1319,LN1319,customer1319@shopmail.com,2023-06-01,Bronze,1
1320,1320,Customer1320,LN1320,customer1320@shopmail.com,2023-04-02,Silver,4
1321,1321,Customer1321,LN1321,customer1321@shopmail.com,2022-05-12,Bronze,7
1322,1322,Customer1322,LN1322,customer1322@shopmail.com,2022-11-13,Bronze,3
1323,1323,Customer1323,LN1323,customer1323@shopmail.com,2023-09-25,Gold,2
1324,1324,Customer1324,LN1324,customer1324@shopmail.com,2024-10-16,Bronze,3
1325,1325,Customer1325,LN1325,customer1325@shopmail.com,2024-09-23,Silver,3
1326,1326,Customer1326,LN1326,customer1326@shopmail.com,2022-08-04,Bronze,2
1327,1327,Customer1327,LN1327,customer1327@shopmail.com,2024-02-21,Silver,6
1328,1328,Customer1328,LN1328,customer1328@shopmail.com,2022-04-08,Silver,7
1329,1329,Customer1329,LN1329,customer1329@shopmail.com,2024-02-16,Bronze,2
1330,1330,Customer1330,LN1330,customer1330@shopmail.com,2023-01-29,Bronze,5
1331,1331,Customer1331,LN1331,customer1331@shopmail.com,2023-06-02,Bronze,2
1332,1332,Customer1332,LN1332,customer1332@shopmail.com,2024-04-05,Gold,7
1333,1333,Customer1333,LN1333,customer1333@shopmail.com,2023-05-04,Silver,4
1334,1334,Customer1334,LN1334,customer1334@shopmail.com,2024-07-17,Bronze,2
1335,1335,Customer1335,LN1335,customer1335@shopmail.com,2023-09-06,Silver,2
1336,1336,Customer1336,LN1336,customer1336@shopmail.com,2025-02-22,Bronze,4
1337,1337,Customer1337,LN1337,customer1337@shopmail.com,2024-01-04,Bronze,5
1338,1338,Customer1338,LN1338,customer1338@shopmail.com,2022-12-07,Bronze,2
1339,1339,Customer1339,LN1339,customer1339@shopmail.com,2024-06-10,Bronze,7
1340,1340,Customer1340,LN1340,customer1340@shopmail.com,2023-04-15,Silver,5
1341,1341,Customer1341,LN1341,customer1341@shopmail.com,2023-09-07,Gold,4
1342,1342,Customer1342,LN1342,customer1342@shopmail.com,2022-06-07,Gold,3
1343,1343,Customer1343,LN1343,customer1343@shopmail.com,2022-05-18,Gold,5
1344,1344,Customer1344,LN1344,customer1344@shopmail.com,2023-10-24,Bronze,7
1345,1345,Customer1345,LN1345,customer1345@shopmail.com,2022-08-03,Bronze,4
1346,1346,Customer1346,LN1346,customer1346@shopmail.com,2025-02-21,Silver,7
1347,1347,Customer1347,LN1347,customer1347@shopmail.com,2024-09-11,Gold,5
1348,1348,Customer1348,LN1348,customer1348@shopmail.com,2024-03-17,Silver,3
1349,1349,Customer1349,LN1349,customer1349@shopmail.com,2024-04-24,Bronze,1
1350,1350,Customer1350,LN1350,customer1350@shopmail.com,2023-11-16,Silver,7
1351,1351,Customer1351,LN1351,customer1351@shopmail.com,2022-03-11,Silver,1
1352,1352,Customer1352,LN1352,customer1352@shopmail.com,2023-03-28,Gold,2
1353,1353,Customer1353,LN1353,customer1353@shopmail.com,2023-07-25,Silver,2
1354,1354,Customer1354,LN1354,customer1354@shopmail.com,2024-11-18,Bronze,3
1355,1355,Customer1355,LN1355,customer1355@shopmail.com,2022-09-10,Bronze,7
1356,1356,Customer1356,LN1356,customer1356@shopmail.com,2023-07-26,Bronze,1
1357,1357,Customer1357,LN1357,customer1357@shopmail.com,2023-01-31,Bronze,7
1358,1358,Customer1358,LN1358,customer1358@shopmail.com,2022-06-04,Gold,2
1359,1359,Customer1359,LN1359,customer1359@shopmail.com,2022-04-29,Silver,2
1360,1360,Customer1360,LN1360,customer1360@shopmail.com,2023-02-25,Bronze,5
1361,1361,Customer1361,LN1361,customer1361@shopmail.com,2022-04-05,Bronze,5
1362,1362,Customer1362,LN1362,customer1362@shopmail.com,2022-03-19,Silver,3
1363,1363,Customer1363,LN1363,customer1363@shopmail.com,2023-02-08,Silver,7
1364,1364,Customer1364,LN1364,customer1364@shopmail.com,2022-08-21,Bronze,4
1365,1365,Customer1365,LN1365,customer1365@shopmail.com,2023-10-01,Gold,7
1366,1366,Customer1366,LN1366,customer1366@shopmail.com,2022-01-21,Bronze,1
1367,1367,Customer1367,LN1367,customer1367@shopmail.com,2022-12-14,Bronze,7
1368,1368,Customer1368,LN1368,customer1368@shopmail.com,2023-06-06,Bronze,4
1369,1369,Customer1369,LN1369,customer1369@shopmail.com,2025-01-12,Silver,2
1370,1370,Customer1370,LN1370,customer1370@shopmail.com,2023-12-31,Silver,2
1371,1371,Customer1371,LN1371,customer1371@shopmail.com,2024-10-09,Gold,3
1372,1372,Customer1372,LN1372,customer1372@shopmail.com,2023-01-30,Bronze,2
1373,1373,Customer1373,LN1373,customer1373@shopmail.com,2023-06-02,Gold,3
1374,1374,Customer1374,LN1374,customer1374@shopmail.com,2023-04-29,Silver,7
1375,1375,Customer1375,LN1375,customer1375@shopmail.com,2024-10-17,Bronze,2
1376,1376,Customer1376,LN1376,customer1376@shopmail.com,2025-01-08,Bronze,3
1377,1377,Customer1377,LN1377,customer1377@shopmail.com,2025-01-11,Bronze,2
1378,1378,Customer1378,LN1378,customer1378@shopmail.com,2024-05-14,Gold,2
1379,1379,Customer1379,LN1379,customer1379@shopmail.com,2023-08-02,Bronze,5
1380,1380,Customer1380,LN1380,customer1380@shopmail.com,2023-09-14,Bronze,4
1381,1381,Customer1381,LN1381,customer1381@shopmail.com,2025-02-01,Silver,4
1382,1382,Customer1382,LN1382,customer1382@shopmail.com,2022-11-24,Gold,4
1383,1383,Customer1383,LN1383,customer1383@shopmail.com,2023-02-03,Silver,5
1384,1384,Customer1384,LN1384,customer1384@shopmail.com,2024-10-28,Silver,2
1385,1385,Customer1385,LN1385,customer1385@shopmail.com,2023-03-21,Bronze,4
1386,1386,Customer1386,LN1386,customer1386@shopmail.com,2022-09-28,Gold,5
1387,1387,Customer1387,LN1387,customer1387@shopmail.com,2023-10-07,Bronze,1
1388,1388,Customer1388,LN1388,customer1388@shopmail.com,2023-01-10,Bronze,7
1389,1389,Customer1389,LN1389,customer1389@shopmail.com,2024-10-21,Gold,4
1390,1390,Customer1390,LN1390,customer1390@shopmail.com,2024-11-11,Bronze,5
1391,1391,Customer1391,LN1391,customer1391@shopmail.com,2022-12-18,Bronze,7
1392,1392,Customer1392,LN1392,customer1392@shopmail.com,2023-09-01,Silver,1
1393,1393,Customer1393,LN1393,customer1393@shopmail.com,2025-02-05,Bronze,6
1394,1394,Customer1394,LN1394,customer1394@shopmail.com,2024-05-03,Bronze,5
1395,1395,Customer1395,LN1395,customer1395@shopmail.com,2022-09-05,Silver,5
1396,1396,Customer1396,LN1396,customer1396@shopmail.com,2023-11-11,Silver,2
1397,1397,Customer1397,LN1397,customer1397@shopmail.com,2023-12-14,Silver,5
1398,1398,Customer1398,LN1398,customer1398@shopmail.com,2024-01-22,Bronze,2
1399,1399,Customer1399,LN1399,customer1399@shopmail.com,2022-01-29,Silver,5
1400,1400,Customer1400,LN1400,customer1400@shopmail.com,2022-12-11,Silver,3
1401,1401,Customer1401,LN1401,customer1401@shopmail.com,2024-09-09,Bronze,5
1402,1402,Customer1402,LN1402,customer1402@shopmail.com,2022-10-05,Bronze,7
1403,1403,Customer1403,LN1403,customer1403@shopmail.com,2022-12-11,Bronze,4
1404,1404,Customer1404,LN1404,customer1404@shopmail.com,2023-01-06,Silver,3
1405,1405,Customer1405,LN1405,customer1405@shopmail.com,2022-07-23,Bronze,7
1406,1406,Customer1406,LN1406,customer1406@shopmail.com,2022-06-28,Silver,3
1407,1407,Customer1407,LN1407,customer1407@shopmail.com,2023-02-04,Gold,7
1408,1408,Customer1408,LN1408,customer1408@shopmail.com,2024-10-02,Bronze,5
1409,1409,Customer1409,LN1409,customer1409@shopmail.com,2022-01-02,Silver,5
1410,1410,Customer1410,LN1410,customer1410@shopmail.com,2022-11-22,Bronze,3
1411,1411,Customer1411,LN1411,customer1411@shopmail.com,2022-03-11,Bronze,3
1412,1412,Customer1412,LN1412,customer1412@shopmail.com,2023-10-08,Silver,1
1413,1413,Customer1413,LN1413,customer1413@shopmail.com,2022-10-16,Bronze,2
1414,1414,Customer1414,LN1414,customer1414@shopmail.com,2024-06-29,Gold,2
1415,1415,Customer1415,LN1415,customer1415@shopmail.com,2023-11-04,Silver,4
1416,1416,Customer1416,LN1416,customer1416@shopmail.com,2024-06-20,Bronze,2
1417,1417,Customer1417,LN1417,customer1417@shopmail.com,2024-01-01,Bronze,4
1418,1418,Customer1418,LN1418,customer1418@shopmail.com,2023-05-20,Bronze,2
1419,1419,Customer1419,LN1419,customer1419@shopmail.com,2024-09-17,Gold,3
1420,1420,Customer1420,LN1420,customer1420@shopmail.com,2023-07-02,Silver,2
1421,1421,Customer1421,LN1421,customer1421@shopmail.com,2024-12-28,Bronze,5
1422,1422,Customer1422,LN1422,customer1422@shopmail.com,2025-02-17,Silver,1
1423,1423,Customer1423,LN1423,customer1423@shopmail.com,2023-11-09,Silver,4
1424,1424,Customer1424,LN1424,customer1424@shopmail.com,2024-02-15,Silver,7
1425,1425,Customer1425,LN1425,customer1425@shopmail.com,2022-10-22,Bronze,3
1426,1426,Customer1426,LN1426,customer1426@shopmail.com,2024-07-25,Bronze,7
1427,1427,Customer1427,LN1427,customer1427@shopmail.com,2024-02-12,Bronze,3
1428,1428,Customer1428,LN1428,customer1428@shopmail.com,2024-11-03,Bronze,5
1429,1429,Customer1429,LN1429,customer1429@shopmail.com,2022-11-04,Bronze,7
1430,1430,Customer1430,LN1430,customer1430@shopmail.com,2024-06-24,Bronze,2
1431,1431,Customer1431,LN1431,customer1431@shopmail.com,2023-06-25,Bronze,3
1432,1432,Customer1432,LN1432,customer1432@shopmail.com,2022-08-01,Bronze,7
1433,1433,Customer1433,LN1433,customer1433@shopmail.com,2022-07-16,Bronze,4
1434,1434,Customer1434,LN1434,customer1434@shopmail.com,2023-10-09,Gold,1
1435,1435,Customer1435,LN1435,customer1435@shopmail.com,2023-01-03,Silver,5
1436,1436,Customer1436,LN1436,customer1436@shopmail.com,2022-04-28,Bronze,2
1437,1437,Customer1437,LN1437,customer1437@shopmail.com,2023-05-07,Silver,7
1438,1438,Customer1438,LN1438,customer1438@shopmail.com,2024-01-21,Bronze,4
1439,1439,Customer1439,LN1439,customer1439@shopmail.com,2023-01-02,Gold,2
1440,1440,Customer1440,LN1440,customer1440@shopmail.com,2025-01-03,Silver,4
1441,1441,Customer1441,LN1441,customer1441@shopmail.com,2024-06-15,Bronze,3
1442,1442,Customer1442,LN1442,customer1442@shopmail.com,2023-08-13,Gold,4
1443,1443,Customer1443,LN1443,customer1443@shopmail.com,2024-12-10,Silver,5
1444,1444,Customer1444,LN1444,customer1444@shopmail.com,2023-05-13,Silver,7
1445,1445,Customer1445,LN1445,customer1445@shopmail.com,2022-06-10,Bronze,2
1446,1446,Customer1446,LN1446,customer1446@shopmail.com,2022-02-11,Bronze,7
1447,1447,Customer1447,LN1447,customer1447@shopmail.com,2024-12-14,Silver,4
1448,1448,Customer1448,LN1448,customer1448@shopmail.com,2025-01-08,Bronze,7
1449,1449,Customer1449,LN1449,customer1449@shopmail.com,2024-04-30,Silver,4
1450,1450,Customer1450,LN1450,customer1450@shopmail.com,2022-04-29,Silver,2
1451,1451,Customer1451,LN1451,customer1451@shopmail.com,2022-12-04,Bronze,7
1452,1452,Customer1452,LN1452,customer1452@shopmail.com,2022-02-17,Bronze,7
1453,1453,Customer1453,LN1453,customer1453@shopmail.com,2022-02-28,Bronze,3
1454,1454,Customer1454,LN1454,customer1454@shopmail.com,2022-10-10,Bronze,7
1455,1455,Customer1455,LN1455,customer1455@shopmail.com,2023-10-20,Silver,1
1456,1456,Customer1456,LN1456,customer1456@shopmail.com,2022-03-17,Silver,4
1457,1457,Customer1457,LN1457,customer1457@shopmail.com,2025-02-06,Bronze,4
1458,1458,Customer1458,LN1458,customer1458@shopmail.com,2023-06-08,Silver,5
1459,1459,Customer1459,LN1459,customer1459@shopmail.com,2022-10-31,Silver,1
1460,1460,Customer1460,LN1460,customer1460@shopmail.com,2023-08-17,Silver,1
1461,1461,Customer1461,LN1461,customer1461@shopmail.com,2024-06-27,Bronze,4
1462,1462,Customer1462,LN1462,customer1462@shopmail.com,2022-12-26,Silver,1
1463,1463,Customer1463,LN1463,customer1463@shopmail.com,2022-02-24,Silver,4
1464,1464,Customer1464,LN1464,customer1464@shopmail.com,2022-02-28,Bronze,2
1465,1465,Customer1465,LN1465,customer1465@shopmail.com,2024-09-06,Silver,2
1466,1466,Customer1466,LN1466,customer1466@shopmail.com,2022-05-09,Gold,5
1467,1467,Customer1467,LN1467,customer1467@shopmail.com,2024-01-01,Bronze,1
1468,1468,Customer1468,LN1468,customer1468@shopmail.com,2023-03-19,Silver,2
1469,1469,Customer1469,LN1469,customer1469@shopmail.com,2024-06-13,Gold,5
1470,1470,Customer1470,LN1470,customer1470@shopmail.com,2022-03-11,Gold,2
1471,1471,Customer1471,LN1471,customer1471@shopmail.com,2024-10-29,Bronze,2
1472,1472,Customer1472,LN1472,customer1472@shopmail.com,2024-03-13,Silver,2
1473,1473,Customer1473,LN1473,customer1473@shopmail.com,2023-06-01,Gold,1
1474,1474,Customer1474,LN1474,customer1474@shopmail.com,2022-08-27,Silver,3
1475,1475,Customer1475,LN1475,customer1475@shopmail.com,2025-01-28,Bronze,4
1476,1476,Customer1476,LN1476,customer1476@shopmail.com,2022-12-14,Bronze,4
1477,1477,Customer1477,LN1477,customer1477@shopmail.com,2023-07-19,Silver,4
1478,1478,Customer1478,LN1478,customer1478@shopmail.com,2023-03-30,Bronze,1
1479,1479,Customer1479,LN1479,customer1479@shopmail.com,2022-09-23,Bronze,7
1480,1480,Customer1480,LN1480,customer1480@shopmail.com,2023-04-25,Bronze,4
1481,1481,Customer1481,LN1481,customer1481@shopmail.com,2022-06-24,Silver,5
1482,1482,Customer1482,LN1482,customer1482@shopmail.com,2022-01-02,Bronze,3
1483,1483,Customer1483,LN1483,customer1483@shopmail.com,2022-11-30,Gold,3
1484,1484,Customer1484,LN1484,customer1484@shopmail.com,2022-05-09,Silver,5
1485,1485,Customer1485,LN1485,customer1485@shopmail.com,2023-04-22,Gold,7
1486,1486,Customer1486,LN1486,customer1486@shopmail.com,2024-09-19,Gold,3
1487,1487,Customer1487,LN1487,customer1487@shopmail.com,2022-07-06,Bronze,7
1488,1488,Customer1488,LN1488,customer1488@shopmail.com,2022-01-02,Silver,4
1489,1489,Customer1489,LN1489,customer1489@shopmail.com,2022-05-08,Bronze,2
1490,1490,Customer1490,LN1490,customer1490@shopmail.com,2023-08-08,Gold,2
1491,1491,Customer1491,LN1491,customer1491@shopmail.com,2022-11-13,Bronze,3
1492,1492,Customer1492,LN1492,customer1492@shopmail.com,2023-07-17,Silver,5
1493,1493,Customer1493,LN1493,customer1493@shopmail.com,2022-02-03,Silver,4
1494,1494,Customer1494,LN1494,customer1494@shopmail.com,2023-01-19,Bronze,1
1495,1495,Customer1495,LN1495,customer1495@shopmail.com,2023-04-17,Silver,4
1496,1496,Customer1496,LN1496,customer1496@shopmail.com,2023-05-12,Bronze,7
1497,1497,Customer1497,LN1497,customer1497@shopmail.com,2023-09-26,Bronze,5
1498,1498,Customer1498,LN1498,customer1498@shopmail.com,2024-06-16,Bronze,3
1499,1499,Customer1499,LN1499,customer1499@shopmail.com,2023-06-22,Bronze,4
1500,1500,Customer1500,LN1500,customer1500@shopmail.com,2024-08-25,Silver,1
1501,1501,Customer1501,LN1501,customer1501@shopmail.com,2023-09-02,Gold,2
1502,1502,Customer1502,LN1502,customer1502@shopmail.com,2022-10-27,Bronze,3
1503,1503,Customer1503,LN1503,customer1503@shopmail.com,2022-09-21,Silver,5
1504,1504,Customer1504,LN1504,customer1504@shopmail.com,2023-01-06,Gold,5
1505,1505,Customer1505,LN1505,customer1505@shopmail.com,2023-11-19,Silver,1
1506,1506,Customer1506,LN1506,customer1506@shopmail.com,2022-10-06,Bronze,4
1507,1507,Customer1507,LN1507,customer1507@shopmail.com,2024-11-17,Gold,3
1508,1508,Customer1508,LN1508,customer1508@shopmail.com,2023-07-06,Bronze,1
1509,1509,Customer1509,LN1509,customer1509@shopmail.com,2024-09-19,Silver,7
1510,1510,Customer1510,LN1510,customer1510@shopmail.com,2024-02-25,Silver,6
1511,1511,Customer1511,LN1511,customer1511@shopmail.com,2023-01-19,Silver,4
1512,1512,Customer1512,LN1512,customer1512@shopmail.com,2022-09-20,Bronze,7
1513,1513,Customer1513,LN1513,customer1513@shopmail.com,2024-05-05,Bronze,2
1514,1514,Customer1514,LN1514,customer1514@shopmail.com,2023-01-16,Silver,2
1515,1515,Customer1515,LN1515,customer1515@shopmail.com,2022-10-11,Bronze,7
1516,1516,Customer1516,LN1516,customer1516@shopmail.com,2024-12-05,Bronze,4
1517,1517,Customer1517,LN1517,customer1517@shopmail.com,2023-07-10,Silver,4
1518,1518,Customer1518,LN1518,customer1518@shopmail.com,2022-02-25,Silver,5
1519,1519,Customer1519,LN1519,customer1519@shopmail.com,2023-07-23,Bronze,4
1520,1520,Customer1520,LN1520,customer1520@shopmail.com,2023-06-14,Bronze,2
1521,1521,Customer1521,LN1521,customer1521@shopmail.com,2024-09-20,Gold,2
1522,1522,Customer1522,LN1522,customer1522@shopmail.com,2024-03-29,Bronze,2
1523,1523,Customer1523,LN1523,customer1523@shopmail.com,2022-08-09,Bronze,2
1524,1524,Customer1524,LN1524,customer1524@shopmail.com,2022-06-23,Bronze,7
1525,1525,Customer1525,LN1525,customer1525@shopmail.com,2023-11-26,Bronze,4
1526,1526,Customer1526,LN1526,customer1526@shopmail.com,2022-02-24,Gold,2
1527,1527,Customer1527,LN1527,customer1527@shopmail.com,2023-01-02,Bronze,2
1528,1528,Customer1528,LN1528,customer1528@shopmail.com,2022-06-08,Bronze,1
1529,1529,Customer1529,LN1529,customer1529@shopmail.com,2022-01-24,Silver,3
1530,1530,Customer1530,LN1530,customer1530@shopmail.com,2024-11-22,Bronze,1
1531,1531,Customer1531,LN1531,customer1531@shopmail.com,2022-04-14,Bronze,2
1532,1532,Customer1532,LN1532,customer1532@shopmail.com,2022-01-11,Gold,4
1533,1533,Customer1533,LN1533,customer1533@shopmail.com,2024-12-08,Silver,1
1534,1534,Customer1534,LN1534,customer1534@shopmail.com,2022-08-05,Bronze,4
1535,1535,Customer1535,LN1535,customer1535@shopmail.com,2024-07-28,Bronze,3
1536,1536,Customer1536,LN1536,customer1536@shopmail.com,2022-02-05,Bronze,7
1537,1537,Customer1537,LN1537,customer1537@shopmail.com,2022-06-26,Bronze,1
1538,1538,Customer1538,LN1538,customer1538@shopmail.com,2022-05-08,Silver,3
1539,1539,Customer1539,LN1539,customer1539@shopmail.com,2024-03-23,Silver,4
1540,1540,Customer1540,LN1540,customer1540@shopmail.com,2023-12-15,Silver,2
1541,1541,Customer1541,LN1541,customer1541@shopmail.com,2023-07-01,Gold,3
1542,1542,Customer1542,LN1542,customer1542@shopmail.com,2022-10-05,Bronze,3
1543,1543,Customer1543,LN1543,customer1543@shopmail.com,2022-04-13,Gold,4
1544,1544,Customer1544,LN1544,customer1544@shopmail.com,2023-10-17,Silver,5
1545,1545,Customer1545,LN1545,customer1545@shopmail.com,2022-09-23,Bronze,4
1546,1546,Customer1546,LN1546,customer1546@shopmail.com,2023-11-10,Silver,5
1547,1547,Customer1547,LN1547,customer1547@shopmail.com,2024-03-01,Bronze,7
1548,1548,Customer1548,LN1548,customer1548@shopmail.com,2024-09-03,Silver,7
1549,1549,Customer1549,LN1549,customer1549@shopmail.com,2023-07-23,Silver,5
1550,1550,Customer1550,LN1550,customer1550@shopmail.com,2022-01-06,Bronze,7
1551,1551,Customer1551,LN1551,customer1551@shopmail.com,2022-11-19,Gold,5
1552,1552,Customer1552,LN1552,customer1552@shopmail.com,2024-09-08,Bronze,7
1553,1553,Customer1553,LN1553,customer1553@shopmail.com,2023-09-06,Silver,4
1554,1554,Customer1554,LN1554,customer1554@shopmail.com,2023-12-13,Bronze,1
1555,1555,Customer1555,LN1555,customer1555@shopmail.com,2023-06-11,Bronze,1
1556,1556,Customer1556,LN1556,customer1556@shopmail.com,2022-07-07,Bronze,5
1557,1557,Customer1557,LN1557,customer1557@shopmail.com,2024-10-28,Gold,2
1558,1558,Customer1558,LN1558,customer1558@shopmail.com,2024-06-07,Bronze,4
1559,1559,Customer1559,LN1559,customer1559@shopmail.com,2025-02-18,Gold,3
1560,1560,Customer1560,LN1560,customer1560@shopmail.com,2024-09-10,Bronze,2
1561,1561,Customer1561,LN1561,customer1561@shopmail.com,2022-12-01,Bronze,5
1562,1562,Customer1562,LN1562,customer1562@shopmail.com,2022-10-20,Bronze,5
1563,1563,Customer1563,LN1563,customer1563@shopmail.com,2022-10-13,Bronze,1
1564,1564,Customer1564,LN1564,customer1564@shopmail.com,2024-11-22,Gold,2
1565,1565,Customer1565,LN1565,customer1565@shopmail.com,2023-10-03,Bronze,2
1566,1566,Customer1566,LN1566,customer1566@shopmail.com,2023-06-07,Silver,4
1567,1567,Customer1567,LN1567,customer1567@shopmail.com,2025-01-18,Silver,2
1568,1568,Customer1568,LN1568,customer1568@shopmail.com,2023-11-25,Silver,2
1569,1569,Customer1569,LN1569,customer1569@shopmail.com,2024-11-11,Silver,2
1570,1570,Customer1570,LN1570,customer1570@shopmail.com,2025-02-06,Gold,4
1571,1571,Customer1571,LN1571,customer1571@shopmail.com,2022-04-02,Silver,3
1572,1572,Customer1572,LN1572,customer1572@shopmail.com,2023-02-20,Silver,5
1573,1573,Customer1573,LN1573,customer1573@shopmail.com,2024-04-24,Silver,2
1574,1574,Customer1574,LN1574,customer1574@shopmail.com,2024-07-24,Silver,5
1575,1575,Customer1575,LN1575,customer1575@shopmail.com,2022-06-20,Bronze,2
1576,1576,Customer1576,LN1576,customer1576@shopmail.com,2023-01-02,Silver,1
1577,1577,Customer1577,LN1577,customer1577@shopmail.com,2023-09-23,Bronze,2
1578,1578,Customer1578,LN1578,customer1578@shopmail.com,2024-07-08,Silver,2
1579,1579,Customer1579,LN1579,customer1579@shopmail.com,2022-05-10,Gold,2
1580,1580,Customer1580,LN1580,customer1580@shopmail.com,2023-11-22,Gold,1
1581,1581,Customer1581,LN1581,customer1581@shopmail.com,2022-12-07,Silver,1
1582,1582,Customer1582,LN1582,customer1582@shopmail.com,2022-09-06,Silver,1
1583,1583,Customer1583,LN1583,customer1583@shopmail.com,2023-08-16,Silver,5
1584,1584,Customer1584,LN1584,customer1584@shopmail.com,2023-04-22,Bronze,7
1585,1585,Customer1585,LN1585,customer1585@shopmail.com,2024-01-02,Bronze,7
1586,1586,Customer1586,LN1586,customer1586@shopmail.com,2023-01-01,Bronze,5
1587,1587,Customer1587,LN1587,customer1587@shopmail.com,2024-08-04,Bronze,5
1588,1588,Customer1588,LN1588,customer1588@shopmail.com,2022-03-31,Gold,6
1589,1589,Customer1589,LN1589,customer1589@shopmail.com,2024-09-18,Gold,4
1590,1590,Customer1590,LN1590,customer1590@shopmail.com,2022-02-04,Silver,1
1591,1591,Customer1591,LN1591,customer1591@shopmail.com,2024-04-26,Bronze,2
1592,1592,Customer1592,LN1592,missing_1592@shopmail.com,2023-02-03,Silver,3
1593,1593,Customer1593,LN1593,customer1593@shopmail.com,2023-03-17,Bronze,1
1594,1594,Customer1594,LN1594,customer1594@shopmail.com,2022-01-22,Silver,7
1595,1595,Customer1595,LN1595,customer1595@shopmail.com,2024-03-18,Gold,3
1596,1596,Customer1596,LN1596,customer1596@shopmail.com,2022-07-10,Bronze,1
1597,1597,Customer1597,LN1597,customer1597@shopmail.com,2024-01-29,Bronze,3
1598,1598,Customer1598,LN1598,customer1598@shopmail.com,2024-04-13,Bronze,1
1599,1599,Customer1599,LN1599,customer1599@shopmail.com,2024-08-30,Bronze,2
1600,1600,Customer1600,LN1600,customer1600@shopmail.com,2024-03-25,Bronze,2
1601,1601,Customer1601,LN1601,customer1601@shopmail.com,2022-12-13,Bronze,2
1602,1602,Customer1602,LN1602,customer1602@shopmail.com,2024-04-29,Bronze,3
1603,1603,Customer1603,LN1603,customer1603@shopmail.com,2024-08-07,Bronze,1
1604,1604,Customer1604,LN1604,customer1604@shopmail.com,2022-12-31,Bronze,4
1605,1605,Customer1605,LN1605,customer1605@shopmail.com,2022-05-23,Silver,1
1606,1606,Customer1606,LN1606,customer1606@shopmail.com,2024-10-20,Bronze,4
1607,1607,Customer1607,LN1607,customer1607@shopmail.com,2022-06-20,Gold,3
1608,1608,Customer1608,LN1608,customer1608@shopmail.com,2023-11-14,Bronze,3
1609,1609,Customer1609,LN1609,customer1609@shopmail.com,2022-09-29,Bronze,2
1610,1610,Customer1610,LN1610,customer1610@shopmail.com,2022-05-25,Bronze,7
1611,1611,Customer1611,LN1611,customer1611@shopmail.com,2024-06-11,Silver,1
1612,1612,Customer1612,LN1612,customer1612@shopmail.com,2022-06-15,Bronze,2
1613,1613,Customer1613,LN1613,customer1613@shopmail.com,2024-02-10,Silver,3
1614,1614,Customer1614,LN1614,customer1614@shopmail.com,2024-03-08,Bronze,2
1615,1615,Customer1615,LN1615,customer1615@shopmail.com,2022-03-11,Gold,4
1616,1616,Customer1616,LN1616,customer1616@shopmail.com,2022-07-18,Bronze,2
1617,1617,Customer1617,LN1617,customer1617@shopmail.com,2024-07-02,Bronze,1
1618,1618,Customer1618,LN1618,customer1618@shopmail.com,2023-08-07,Gold,5
1619,1619,Customer1619,LN1619,customer1619@shopmail.com,2022-05-20,Bronze,4
1620,1620,Customer1620,LN1620,customer1620@shopmail.com,2025-02-14,Bronze,2
1621,1621,Customer1621,LN1621,customer1621@shopmail.com,2022-11-01,Silver,2
1622,1622,Customer1622,LN1622,customer1622@shopmail.com,2022-01-05,Bronze,3
1623,1623,Customer1623,LN1623,customer1623@shopmail.com,2024-11-28,Bronze,7
1624,1624,Customer1624,LN1624,customer1624@shopmail.com,2022-01-20,Bronze,3
1625,1625,Customer1625,LN1625,customer1625@shopmail.com,2023-09-29,Bronze,5
1626,1626,Customer1626,LN1626,customer1626@shopmail.com,2025-02-16,Gold,5
1627,1627,Customer1627,LN1627,customer1627@shopmail.com,2023-10-27,Silver,7
1628,1628,Customer1628,LN1628,customer1628@shopmail.com,2023-11-04,Silver,5
1629,1629,Customer1629,LN1629,customer1629@shopmail.com,2023-03-23,Bronze,1
1630,1630,Customer1630,LN1630,customer1630@shopmail.com,2022-05-26,Silver,4
1631,1631,Customer1631,LN1631,customer1631@shopmail.com,2023-10-21,Silver,1
1632,1632,Customer1632,LN1632,customer1632@shopmail.com,2024-10-28,Bronze,2
1633,1633,Customer1633,LN1633,customer1633@shopmail.com,2022-04-15,Gold,4
1634,1634,Customer1634,LN1634,customer1634@shopmail.com,2024-10-09,Silver,7
1635,1635,Customer1635,LN1635,customer1635@shopmail.com,2023-04-23,Silver,3
1636,1636,Customer1636,LN1636,customer1636@shopmail.com,2023-09-09,Bronze,2
1637,1637,Customer1637,LN1637,missing_1637@shopmail.com,2022-07-10,Bronze,2
1638,1638,Customer1638,LN1638,customer1638@shopmail.com,2023-12-17,Silver,2
1639,1639,Customer1639,LN1639,customer1639@shopmail.com,2022-07-29,Silver,7
1640,1640,Customer1640,LN1640,customer1640@shopmail.com,2022-11-11,Bronze,4
1641,1641,Customer1641,LN1641,customer1641@shopmail.com,2024-04-09,Bronze,4
1642,1642,Customer1642,LN1642,customer1642@shopmail.com,2022-02-28,Silver,2
1643,1643,Customer1643,LN1643,customer1643@shopmail.com,2023-05-30,Bronze,3
1644,1644,Customer1644,LN1644,customer1644@shopmail.com,2023-11-15,Bronze,1
1645,1645,Customer1645,LN1645,customer1645@shopmail.com,2022-06-01,Silver,7
1646,1646,Customer1646,LN1646,customer1646@shopmail.com,2022-12-05,Bronze,7
1647,1647,Customer1647,LN1647,customer1647@shopmail.com,2023-01-31,Bronze,2
1648,1648,Customer1648,LN1648,customer1648@shopmail.com,2024-02-03,Bronze,7
1649,1649,Customer1649,LN1649,customer1649@shopmail.com,2025-01-28,Gold,5
1650,1650,Customer1650,LN1650,customer1650@shopmail.com,2024-08-19,Bronze,5
1651,1651,Customer1651,LN1651,customer1651@shopmail.com,2022-08-07,Silver,4
1652,1652,Customer1652,LN1652,customer1652@shopmail.com,2022-01-21,Gold,3
1653,1653,Customer1653,LN1653,missing_1653@shopmail.com,2022-03-01,Silver,3
1654,1654,Customer1654,LN1654,customer1654@shopmail.com,2023-11-17,Silver,1
1655,1655,Customer1655,LN1655,customer1655@shopmail.com,2022-06-29,Silver,2
1656,1656,Customer1656,LN1656,customer1656@shopmail.com,2022-09-23,Bronze,3
1657,1657,Customer1657,LN1657,customer1657@shopmail.com,2024-09-01,Silver,3
1658,1658,Customer1658,LN1658,customer1658@shopmail.com,2024-10-01,Gold,5
1659,1659,Customer1659,LN1659,customer1659@shopmail.com,2024-08-22,Silver,5
1660,1660,Customer1660,LN1660,customer1660@shopmail.com,2022-10-19,Bronze,4
1661,1661,Customer1661,LN1661,customer1661@shopmail.com,2023-12-14,Bronze,2
1662,1662,Customer1662,LN1662,customer1662@shopmail.com,2023-12-04,Gold,3
1663,1663,Customer1663,LN1663,customer1663@shopmail.com,2022-08-02,Bronze,1
1664,1664,Customer1664,LN1664,customer1664@shopmail.com,2023-09-29,Silver,4
1665,1665,Customer1665,LN1665,customer1665@shopmail.com,2023-08-28,Bronze,7
1666,1666,Customer1666,LN1666,customer1666@shopmail.com,2023-04-01,Silver,2
1667,1667,Customer1667,LN1667,customer1667@shopmail.com,2024-05-14,Silver,2
1668,1668,Customer1668,LN1668,customer1668@shopmail.com,2024-02-19,Bronze,4
1669,1669,Customer1669,LN1669,customer1669@shopmail.com,2023-09-05,Bronze,1
1670,1670,Customer1670,LN1670,customer1670@shopmail.com,2024-04-14,Silver,1
1671,1671,Customer1671,LN1671,customer1671@shopmail.com,2024-05-27,Bronze,4
1672,1672,Customer1672,LN1672,customer1672@shopmail.com,2023-10-14,Bronze,1
1673,1673,Customer1673,LN1673,customer1673@shopmail.com,2022-11-04,Silver,1
1674,1674,Customer1674,LN1674,customer1674@shopmail.com,2024-05-22,Bronze,5
1675,1675,Customer1675,LN1675,customer1675@shopmail.com,2024-04-05,Silver,5
1676,1676,Customer1676,LN1676,customer1676@shopmail.com,2025-02-04,Bronze,3
1677,1677,Customer1677,LN1677,customer1677@shopmail.com,2022-06-22,Bronze,7
1678,1678,Customer1678,LN1678,customer1678@shopmail.com,2023-04-28,Gold,4
1679,1679,Customer1679,LN1679,customer1679@shopmail.com,2024-11-28,Bronze,3
1680,1680,Customer1680,LN1680,customer1680@shopmail.com,2023-08-15,Bronze,5
1681,1681,Customer1681,LN1681,customer1681@shopmail.com,2024-12-20,Silver,4
1682,1682,Customer1682,LN1682,customer1682@shopmail.com,2022-01-15,Gold,1
1683,1683,Customer1683,LN1683,customer1683@shopmail.com,2022-02-10,Silver,7
1684,1684,Customer1684,LN1684,customer1684@shopmail.com,2024-07-04,Silver,7
1685,1685,Customer1685,LN1685,customer1685@shopmail.com,2023-02-17,Bronze,1
1686,1686,Customer1686,LN1686,customer1686@shopmail.com,2023-08-22,Bronze,2
1687,1687,Customer1687,LN1687,customer1687@shopmail.com,2023-05-08,Gold,4
1688,1688,Customer1688,LN1688,missing_1688@shopmail.com,2023-04-15,Gold,2
1689,1689,Customer1689,LN1689,customer1689@shopmail.com,2024-12-16,Silver,7
1690,1690,Customer1690,LN1690,customer1690@shopmail.com,2022-04-19,Bronze,5
1691,1691,Customer1691,LN1691,customer1691@shopmail.com,2024-06-07,Bronze,1
1692,1692,Customer1692,LN1692,customer1692@shopmail.com,2024-10-20,Bronze,7
1693,1693,Customer1693,LN1693,customer1693@shopmail.com,2024-01-27,Gold,7
1694,1694,Customer1694,LN1694,customer1694@shopmail.com,2023-03-31,Silver,7
1695,1695,Customer1695,LN1695,customer1695@shopmail.com,2022-07-04,Bronze,2
1696,1696,Customer1696,LN1696,customer1696@shopmail.com,2024-02-24,Bronze,5
1697,1697,Customer1697,LN1697,customer1697@shopmail.com,2023-06-24,Bronze,3
1698,1698,Customer1698,LN1698,customer1698@shopmail.com,2022-06-21,Bronze,7
1699,1699,Customer1699,LN1699,customer1699@shopmail.com,2023-02-18,Silver,4
1700,1700,Customer1700,LN1700,customer1700@shopmail.com,2025-01-10,Silver,1
1701,1701,Customer1701,LN1701,customer1701@shopmail.com,2022-11-02,Bronze,3
1702,1702,Customer1702,LN1702,customer1702@shopmail.com,2022-07-25,Silver,2
1703,1703,Customer1703,LN1703,customer1703@shopmail.com,2024-02-24,Gold,5
1704,1704,Customer1704,LN1704,customer1704@shopmail.com,2022-08-18,Bronze,2
1705,1705,Customer1705,LN1705,customer1705@shopmail.com,2024-11-23,Bronze,3
1706,1706,Customer1706,LN1706,customer1706@shopmail.com,2024-09-14,Bronze,2
1707,1707,Customer1707,LN1707,customer1707@shopmail.com,2025-02-05,Bronze,2
1708,1708,Customer1708,LN1708,customer1708@shopmail.com,2024-11-15,Silver,4
1709,1709,Customer1709,LN1709,customer1709@shopmail.com,2022-10-08,Silver,4
1710,1710,Customer1710,LN1710,customer1710@shopmail.com,2022-09-01,Bronze,1
1711,1711,Customer1711,LN1711,customer1711@shopmail.com,2023-01-30,Bronze,4
1712,1712,Customer1712,LN1712,customer1712@shopmail.com,2023-06-25,Gold,1
1713,1713,Customer1713,LN1713,customer1713@shopmail.com,2024-10-08,Bronze,5
1714,1714,Customer1714,LN1714,customer1714@shopmail.com,2024-04-23,Silver,5
1715,1715,Customer1715,LN1715,customer1715@shopmail.com,2024-01-12,Silver,3
1716,1716,Customer1716,LN1716,customer1716@shopmail.com,2024-10-07,Silver,1
1717,1717,Customer1717,LN1717,customer1717@shopmail.com,2024-01-13,Silver,5
1718,1718,Customer1718,LN1718,customer1718@shopmail.com,2023-03-12,Silver,7
1719,1719,Customer1719,LN1719,customer1719@shopmail.com,2023-04-20,Silver,4
1720,1720,Customer1720,LN1720,customer1720@shopmail.com,2023-08-18,Bronze,7
1721,1721,Customer1721,LN1721,customer1721@shopmail.com,2022-04-13,Bronze,3
1722,1722,Customer1722,LN1722,customer1722@shopmail.com,2024-05-02,Bronze,4
1723,1723,Customer1723,LN1723,customer1723@shopmail.com,2024-01-21,Bronze,4
1724,1724,Customer1724,LN1724,customer1724@shopmail.com,2024-04-20,Bronze,1
1725,1725,Customer1725,LN1725,customer1725@shopmail.com,2023-09-07,Bronze,4
1726,1726,Customer1726,LN1726,customer1726@shopmail.com,2024-06-19,Bronze,5
1727,1727,Customer1727,LN1727,customer1727@shopmail.com,2024-12-28,Bronze,3
1728,1728,Customer1728,LN1728,customer1728@shopmail.com,2023-10-18,Bronze,5
1729,1729,Customer1729,LN1729,customer1729@shopmail.com,2023-05-27,Silver,2
1730,1730,Customer1730,LN1730,customer1730@shopmail.com,2022-05-01,Silver,4
1731,1731,Customer1731,LN1731,customer1731@shopmail.com,2024-06-14,Silver,7
1732,1732,Customer1732,LN1732,customer1732@shopmail.com,2024-11-05,Silver,4
1733,1733,Customer1733,LN1733,customer1733@shopmail.com,2024-03-15,Gold,5
1734,1734,Customer1734,LN1734,customer1734@shopmail.com,2024-09-22,Silver,7
1735,1735,Customer1735,LN1735,customer1735@shopmail.com,2024-09-17,Bronze,4
1736,1736,Customer1736,LN1736,customer1736@shopmail.com,2024-07-06,Gold,5
1737,1737,Customer1737,LN1737,customer1737@shopmail.com,2023-08-02,Bronze,1
1738,1738,Customer1738,LN1738,customer1738@shopmail.com,2022-04-25,Silver,2
1739,1739,Customer1739,LN1739,customer1739@shopmail.com,2022-01-04,Silver,1
1740,1740,Customer1740,LN1740,customer1740@shopmail.com,2022-08-24,Bronze,1
1741,1741,Customer1741,LN1741,customer1741@shopmail.com,2023-05-11,Silver,2
1742,1742,Customer1742,LN1742,customer1742@shopmail.com,2024-05-05,Bronze,3
1743,1743,Customer1743,LN1743,customer1743@shopmail.com,2023-06-09,Bronze,5
1744,1744,Customer1744,LN1744,customer1744@shopmail.com,2022-01-27,Bronze,6
1745,1745,Customer1745,LN1745,customer1745@shopmail.com,2022-08-30,Bronze,3
1746,1746,Customer1746,LN1746,customer1746@shopmail.com,2025-01-31,Bronze,3
1747,1747,Customer1747,LN1747,customer1747@shopmail.com,2025-02-10,Silver,2
1748,1748,Customer1748,LN1748,customer1748@shopmail.com,2023-03-10,Silver,2
1749,1749,Customer1749,LN1749,customer1749@shopmail.com,2024-07-14,Bronze,1
1750,1750,Customer1750,LN1750,customer1750@shopmail.com,2024-04-07,Silver,5
1751,1751,Customer1751,LN1751,customer1751@shopmail.com,2024-12-06,Bronze,7
1752,1752,Customer1752,LN1752,customer1752@shopmail.com,2024-10-17,Bronze,1
1753,1753,Customer1753,LN1753,customer1753@shopmail.com,2023-12-25,Silver,5
1754,1754,Customer1754,LN1754,customer1754@shopmail.com,2023-03-30,Gold,2
1755,1755,Customer1755,LN1755,customer1755@shopmail.com,2023-12-22,Bronze,5
1756,1756,Customer1756,LN1756,customer1756@shopmail.com,2023-01-03,Bronze,3
1757,1757,Customer1757,LN1757,customer1757@shopmail.com,2023-02-05,Silver,5
1758,1758,Customer1758,LN1758,customer1758@shopmail.com,2023-12-02,Gold,1
1759,1759,Customer1759,LN1759,customer1759@shopmail.com,2023-10-20,Bronze,4
1760,1760,Customer1760,LN1760,customer1760@shopmail.com,2023-10-31,Bronze,3
1761,1761,Customer1761,LN1761,customer1761@shopmail.com,2023-03-19,Bronze,2
1762,1762,Customer1762,LN1762,customer1762@shopmail.com,2023-04-16,Silver,4
1763,1763,Customer1763,LN1763,customer1763@shopmail.com,2022-01-12,Gold,2
1764,1764,Customer1764,LN1764,customer1764@shopmail.com,2023-11-24,Silver,3
1765,1765,Customer1765,LN1765,customer1765@shopmail.com,2023-10-25,Bronze,1
1766,1766,Customer1766,LN1766,customer1766@shopmail.com,2024-12-11,Silver,3
1767,1767,Customer1767,LN1767,customer1767@shopmail.com,2023-08-03,Silver,5
1768,1768,Customer1768,LN1768,customer1768@shopmail.com,2023-06-22,Bronze,5
1769,1769,Customer1769,LN1769,customer1769@shopmail.com,2022-03-19,Silver,5
1770,1770,Customer1770,LN1770,customer1770@shopmail.com,2022-08-15,Bronze,4
1771,1771,Customer1771,LN1771,customer1771@shopmail.com,2023-01-24,Bronze,5
1772,1772,Customer1772,LN1772,customer1772@shopmail.com,2023-03-10,Silver,7
1773,1773,Customer1773,LN1773,customer1773@shopmail.com,2023-02-22,Bronze,3
1774,1774,Customer1774,LN1774,customer1774@shopmail.com,2023-03-30,Gold,5
1775,1775,Customer1775,LN1775,customer1775@shopmail.com,2024-06-03,Silver,3
1776,1776,Customer1776,LN1776,customer1776@shopmail.com,2022-05-31,Bronze,3
1777,1777,Customer1777,LN1777,customer1777@shopmail.com,2023-01-18,Bronze,5
1778,1778,Customer1778,LN1778,customer1778@shopmail.com,2022-07-07,Silver,1
1779,1779,Customer1779,LN1779,customer1779@shopmail.com,2022-12-20,Bronze,2
1780,1780,Customer1780,LN1780,customer1780@shopmail.com,2024-02-27,Silver,4
1781,1781,Customer1781,LN1781,customer1781@shopmail.com,2022-02-23,Bronze,3
1782,1782,Customer1782,LN1782,customer1782@shopmail.com,2023-01-26,Bronze,2
1783,1783,Customer1783,LN1783,customer1783@shopmail.com,2022-01-28,Silver,1
1784,1784,Customer1784,LN1784,customer1784@shopmail.com,2025-01-03,Bronze,7
1785,1785,Customer1785,LN1785,customer1785@shopmail.com,2024-04-16,Silver,4
1786,1786,Customer1786,LN1786,customer1786@shopmail.com,2022-10-08,Silver,3
1787,1787,Customer1787,LN1787,customer1787@shopmail.com,2022-08-16,Bronze,5
1788,1788,Customer1788,LN1788,customer1788@shopmail.com,2022-04-24,Silver,2
1789,1789,Customer1789,LN1789,customer1789@shopmail.com,2023-06-28,Silver,4
1790,1790,Customer1790,LN1790,customer1790@shopmail.com,2024-05-16,Silver,7
1791,1791,Customer1791,LN1791,customer1791@shopmail.com,2023-11-03,Bronze,3
1792,1792,Customer1792,LN1792,customer1792@shopmail.com,2024-10-10,Bronze,3
1793,1793,Customer1793,LN1793,customer1793@shopmail.com,2023-01-31,Silver,3
1794,1794,Customer1794,LN1794,missing_1794@shopmail.com,2022-11-16,Silver,2
1795,1795,Customer1795,LN1795,customer1795@shopmail.com,2023-07-04,Silver,7
1796,1796,Customer1796,LN1796,customer1796@shopmail.com,2022-08-21,Silver,2
1797,1797,Customer1797,LN1797,customer1797@shopmail.com,2025-01-26,Silver,2
1798,1798,Customer1798,LN1798,customer1798@shopmail.com,2022-08-02,Bronze,7
1799,1799,Customer1799,LN1799,customer1799@shopmail.com,2023-07-05,Silver,1
1800,1800,Customer1800,LN1800,customer1800@shopmail.com,2023-08-24,Bronze,5
1801,1801,Customer1801,LN1801,customer1801@shopmail.com,2022-03-07,Bronze,3
1802,1802,Customer1802,LN1802,customer1802@shopmail.com,2023-06-23,Silver,2
1803,1803,Customer1803,LN1803,customer1803@shopmail.com,2023-06-07,Bronze,5
1804,1804,Customer1804,LN1804,customer1804@shopmail.com,2022-10-26,Bronze,3
1805,1805,Customer1805,LN1805,customer1805@shopmail.com,2022-05-28,Gold,1
1806,1806,Customer1806,LN1806,customer1806@shopmail.com,2022-02-21,Silver,5
1807,1807,Customer1807,LN1807,customer1807@shopmail.com,2022-01-10,Silver,1
1808,1808,Customer1808,LN1808,customer1808@shopmail.com,2023-07-08,Gold,3
1809,1809,Customer1809,LN1809,customer1809@shopmail.com,2022-04-14,Bronze,2
1810,1810,Customer1810,LN1810,customer1810@shopmail.com,2025-01-08,Silver,3
1811,1811,Customer1811,LN1811,customer1811@shopmail.com,2022-10-09,Bronze,7
1812,1812,Customer1812,LN1812,customer1812@shopmail.com,2024-01-21,Bronze,7
1813,1813,Customer1813,LN1813,customer1813@shopmail.com,2024-02-14,Bronze,1
1814,1814,Customer1814,LN1814,customer1814@shopmail.com,2023-07-24,Bronze,5
1815,1815,Customer1815,LN1815,customer1815@shopmail.com,2024-10-13,Silver,1
1816,1816,Customer1816,LN1816,customer1816@shopmail.com,2022-05-08,Bronze,6
1817,1817,Customer1817,LN1817,customer1817@shopmail.com,2022-09-27,Silver,3
1818,1818,Customer1818,LN1818,customer1818@shopmail.com,2022-10-18,Bronze,5
1819,1819,Customer1819,LN1819,customer1819@shopmail.com,2022-06-05,Bronze,7
1820,1820,Customer1820,LN1820,customer1820@shopmail.com,2022-12-05,Gold,2
1821,1821,Customer1821,LN1821,customer1821@shopmail.com,2022-12-26,Silver,7
1822,1822,Customer1822,LN1822,customer1822@shopmail.com,2024-05-29,Gold,5
1823,1823,Customer1823,LN1823,customer1823@shopmail.com,2022-12-13,Bronze,3
1824,1824,Customer1824,LN1824,customer1824@shopmail.com,2024-10-05,Bronze,2
1825,1825,Customer1825,LN1825,customer1825@shopmail.com,2024-06-07,Silver,5
1826,1826,Customer1826,LN1826,customer1826@shopmail.com,2024-11-02,Silver,5
1827,1827,Customer1827,LN1827,customer1827@shopmail.com,2022-05-02,Bronze,5
1828,1828,Customer1828,LN1828,customer1828@shopmail.com,2025-02-06,Gold,2
1829,1829,Customer1829,LN1829,customer1829@shopmail.com,2023-12-08,Silver,1
1830,1830,Customer1830,LN1830,customer1830@shopmail.com,2025-02-03,Silver,4
1831,1831,Customer1831,LN1831,customer1831@shopmail.com,2023-02-13,Bronze,5
1832,1832,Customer1832,LN1832,customer1832@shopmail.com,2024-12-31,Silver,4
1833,1833,Customer1833,LN1833,customer1833@shopmail.com,2023-11-08,Bronze,1
1834,1834,Customer1834,LN1834,customer1834@shopmail.com,2022-03-24,Gold,5
1835,1835,Customer1835,LN1835,customer1835@shopmail.com,2023-04-17,Bronze,2
1836,1836,Customer1836,LN1836,customer1836@shopmail.com,2022-06-08,Bronze,7
1837,1837,Customer1837,LN1837,customer1837@shopmail.com,2024-12-18,Bronze,7
1838,1838,Customer1838,LN1838,customer1838@shopmail.com,2022-12-17,Silver,2
1839,1839,Customer1839,LN1839,customer1839@shopmail.com,2022-09-13,Gold,2
1840,1840,Customer1840,LN1840,customer1840@shopmail.com,2023-09-28,Gold,3
1841,1841,Customer1841,LN1841,customer1841@shopmail.com,2023-05-04,Silver,4
1842,1842,Customer1842,LN1842,customer1842@shopmail.com,2022-04-22,Gold,3
1843,1843,Customer1843,LN1843,customer1843@shopmail.com,2024-07-27,Silver,1
1844,1844,Customer1844,LN1844,customer1844@shopmail.com,2024-08-30,Bronze,1
1845,1845,Customer1845,LN1845,customer1845@shopmail.com,2024-05-04,Silver,4
1846,1846,Customer1846,LN1846,customer1846@shopmail.com,2023-12-11,Bronze,5
1847,1847,Customer1847,LN1847,customer1847@shopmail.com,2023-04-08,Bronze,2
1848,1848,Customer1848,LN1848,customer1848@shopmail.com,2023-09-16,Bronze,1
1849,1849,Customer1849,LN1849,customer1849@shopmail.com,2023-08-23,Bronze,1
1850,1850,Customer1850,LN1850,customer1850@shopmail.com,2022-07-10,Gold,2
1851,1851,Customer1851,LN1851,customer1851@shopmail.com,2022-04-05,Gold,1
1852,1852,Customer1852,LN1852,customer1852@shopmail.com,2022-10-19,Bronze,5
1853,1853,Customer1853,LN1853,customer1853@shopmail.com,2023-06-07,Silver,7
1854,1854,Customer1854,LN1854,customer1854@shopmail.com,2022-07-04,Bronze,2
1855,1855,Customer1855,LN1855,customer1855@shopmail.com,2022-05-03,Bronze,3
1856,1856,Customer1856,LN1856,customer1856@shopmail.com,2024-09-06,Bronze,3
1857,1857,Customer1857,LN1857,customer1857@shopmail.com,2023-03-08,Bronze,7
1858,1858,Customer1858,LN1858,customer1858@shopmail.com,2023-11-03,Bronze,3
1859,1859,Customer1859,LN1859,customer1859@shopmail.com,2023-08-26,Bronze,1
1860,1860,Customer1860,LN1860,customer1860@shopmail.com,2024-04-25,Bronze,7
1861,1861,Customer1861,LN1861,customer1861@shopmail.com,2024-04-30,Bronze,7
1862,1862,Customer1862,LN1862,customer1862@shopmail.com,2022-12-07,Gold,5
1863,1863,Customer1863,LN1863,customer1863@shopmail.com,2024-09-02,Bronze,4
1864,1864,Customer1864,LN1864,customer1864@shopmail.com,2023-03-03,Bronze,5
1865,1865,Customer1865,LN1865,customer1865@shopmail.com,2024-08-18,Silver,3
1866,1866,Customer1866,LN1866,customer1866@shopmail.com,2023-04-11,Bronze,3
1867,1867,Customer1867,LN1867,customer1867@shopmail.com,2022-05-08,Silver,1
1868,1868,Customer1868,LN1868,customer1868@shopmail.com,2024-05-24,Bronze,4
1869,1869,Customer1869,LN1869,customer1869@shopmail.com,2022-02-04,Silver,7
1870,1870,Customer1870,LN1870,customer1870@shopmail.com,2024-06-07,Silver,2
1871,1871,Customer1871,LN1871,customer1871@shopmail.com,2022-02-19,Silver,2
1872,1872,Customer1872,LN1872,customer1872@shopmail.com,2022-08-26,Silver,5
1873,1873,Customer1873,LN1873,customer1873@shopmail.com,2023-11-25,Bronze,3
1874,1874,Customer1874,LN1874,customer1874@shopmail.com,2024-12-18,Bronze,4
1875,1875,Customer1875,LN1875,customer1875@shopmail.com,2023-04-15,Bronze,1
1876,1876,Customer1876,LN1876,customer1876@shopmail.com,2022-05-19,Silver,4
1877,1877,Customer1877,LN1877,customer1877@shopmail.com,2022-09-25,Bronze,1
1878,1878,Customer1878,LN1878,customer1878@shopmail.com,2024-10-27,Bronze,2
1879,1879,Customer1879,LN1879,customer1879@shopmail.com,2024-04-15,Silver,5
1880,1880,Customer1880,LN1880,customer1880@shopmail.com,2022-04-26,Bronze,5
1881,1881,Customer1881,LN1881,customer1881@shopmail.com,2023-03-19,Bronze,4
1882,1882,Customer1882,LN1882,customer1882@shopmail.com,2022-11-01,Silver,4
1883,1883,Customer1883,LN1883,customer1883@shopmail.com,2022-07-24,Bronze,7
1884,1884,Customer1884,LN1884,customer1884@shopmail.com,2024-08-31,Silver,4
1885,1885,Customer1885,LN1885,customer1885@shopmail.com,2023-12-12,Gold,2
1886,1886,Customer1886,LN1886,customer1886@shopmail.com,2022-07-26,Gold,2
1887,1887,Customer1887,LN1887,customer1887@shopmail.com,2024-01-19,Bronze,3
1888,1888,Customer1888,LN1888,customer1888@shopmail.com,2023-04-21,Bronze,1
1889,1889,Customer1889,LN1889,customer1889@shopmail.com,2022-03-12,Silver,2
1890,1890,Customer1890,LN1890,customer1890@shopmail.com,2023-06-02,Silver,3
1891,1891,Customer1891,LN1891,customer1891@shopmail.com,2022-08-02,Silver,2
1892,1892,Customer1892,LN1892,customer1892@shopmail.com,2022-10-10,Bronze,1
1893,1893,Customer1893,LN1893,customer1893@shopmail.com,2024-10-07,Bronze,2
1894,1894,Customer1894,LN1894,customer1894@shopmail.com,2024-03-27,Bronze,7
1895,1895,Customer1895,LN1895,customer1895@shopmail.com,2022-06-04,Bronze,7
1896,1896,Customer1896,LN1896,customer1896@shopmail.com,2024-09-06,Bronze,7
1897,1897,Customer1897,LN1897,customer1897@shopmail.com,2023-10-23,Gold,4
1898,1898,Customer1898,LN1898,customer1898@shopmail.com,2024-10-02,Bronze,4
1899,1899,Customer1899,LN1899,customer1899@shopmail.com,2024-05-09,Silver,3
1900,1900,Customer1900,LN1900,customer1900@shopmail.com,2023-01-26,Gold,7
1901,1901,Customer1901,LN1901,customer1901@shopmail.com,2023-09-08,Bronze,2
1902,1902,Customer1902,LN1902,customer1902@shopmail.com,2023-09-03,Silver,7
1903,1903,Customer1903,LN1903,customer1903@shopmail.com,2024-04-07,Silver,7
1904,1904,Customer1904,LN1904,customer1904@shopmail.com,2022-10-13,Bronze,5
1905,1905,Customer1905,LN1905,customer1905@shopmail.com,2023-01-19,Bronze,5
1906,1906,Customer1906,LN1906,customer1906@shopmail.com,2022-10-09,Silver,2
1907,1907,Customer1907,LN1907,customer1907@shopmail.com,2022-12-07,Silver,6
1908,1908,Customer1908,LN1908,customer1908@shopmail.com,2022-07-05,Silver,2
1909,1909,Customer1909,LN1909,customer1909@shopmail.com,2022-02-12,Gold,2
1910,1910,Customer1910,LN1910,customer1910@shopmail.com,2024-12-17,Bronze,3
1911,1911,Customer1911,LN1911,customer1911@shopmail.com,2022-03-27,Silver,5
1912,1912,Customer1912,LN1912,customer1912@shopmail.com,2024-10-18,Silver,7
1913,1913,Customer1913,LN1913,customer1913@shopmail.com,2022-01-04,Silver,4
1914,1914,Customer1914,LN1914,customer1914@shopmail.com,2024-06-12,Silver,3
1915,1915,Customer1915,LN1915,customer1915@shopmail.com,2023-01-13,Silver,4
1916,1916,Customer1916,LN1916,customer1916@shopmail.com,2023-08-19,Gold,3
1917,1917,Customer1917,LN1917,customer1917@shopmail.com,2022-11-21,Bronze,2
1918,1918,Customer1918,LN1918,customer1918@shopmail.com,2023-07-19,Silver,2
1919,1919,Customer1919,LN1919,customer1919@shopmail.com,2023-06-04,Bronze,2
1920,1920,Customer1920,LN1920,customer1920@shopmail.com,2023-09-02,Silver,7
1921,1921,Customer1921,LN1921,customer1921@shopmail.com,2023-03-29,Silver,4
1922,1922,Customer1922,LN1922,customer1922@shopmail.com,2023-09-10,Silver,1
1923,1923,Customer1923,LN1923,customer1923@shopmail.com,2024-08-07,Bronze,1
1924,1924,Customer1924,LN1924,customer1924@shopmail.com,2023-05-15,Silver,7
1925,1925,Customer1925,LN1925,customer1925@shopmail.com,2023-02-20,Bronze,1
1926,1926,Customer1926,LN1926,customer1926@shopmail.com,2022-06-01,Bronze,2
1927,1927,Customer1927,LN1927,customer1927@shopmail.com,2023-02-18,Bronze,1
1928,1928,Customer1928,LN1928,customer1928@shopmail.com,2022-05-25,Gold,4
1929,1929,Customer1929,LN1929,customer1929@shopmail.com,2022-07-29,Bronze,7
1930,1930,Customer1930,LN1930,customer1930@shopmail.com,2024-12-31,Gold,7
1931,1931,Customer1931,LN1931,customer1931@shopmail.com,2022-04-13,Bronze,2
1932,1932,Customer1932,LN1932,customer1932@shopmail.com,2023-07-09,Silver,7
1933,1933,Customer1933,LN1933,customer1933@shopmail.com,2024-08-17,Silver,2
1934,1934,Customer1934,LN1934,customer1934@shopmail.com,2025-01-01,Silver,5
1935,1935,Customer1935,LN1935,customer1935@shopmail.com,2022-06-18,Silver,1
1936,1936,Customer1936,LN1936,customer1936@shopmail.com,2022-07-08,Silver,4
1937,1937,Customer1937,LN1937,customer1937@shopmail.com,2023-03-05,Gold,1
1938,1938,Customer1938,LN1938,customer1938@shopmail.com,2023-09-30,Silver,4
1939,1939,Customer1939,LN1939,customer1939@shopmail.com,2025-01-08,Bronze,7
1940,1940,Customer1940,LN1940,customer1940@shopmail.com,2022-08-27,Bronze,3
1941,1941,Customer1941,LN1941,customer1941@shopmail.com,2022-07-09,Silver,7
1942,1942,Customer1942,LN1942,customer1942@shopmail.com,2022-10-19,Bronze,1
1943,1943,Customer1943,LN1943,customer1943@shopmail.com,2024-10-02,Silver,5
1944,1944,Customer1944,LN1944,customer1944@shopmail.com,2022-02-04,Silver,1
1945,1945,Customer1945,LN1945,customer1945@shopmail.com,2023-03-14,Bronze,7
1946,1946,Customer1946,LN1946,customer1946@shopmail.com,2022-05-17,Silver,5
1947,1947,Customer1947,LN1947,customer1947@shopmail.com,2022-06-30,Silver,1
1948,1948,Customer1948,LN1948,customer1948@shopmail.com,2024-11-20,Silver,1
1949,1949,Customer1949,LN1949,customer1949@shopmail.com,2022-01-02,Silver,1
1950,1950,Customer1950,LN1950,customer1950@shopmail.com,2023-01-05,Gold,5
1951,1951,Customer1951,LN1951,customer1951@shopmail.com,2024-11-18,Silver,7
1952,1952,Customer1952,LN1952,customer1952@shopmail.com,2023-12-01,Gold,1
1953,1953,Customer1953,LN1953,customer1953@shopmail.com,2022-03-24,Bronze,7
1954,1954,Customer1954,LN1954,customer1954@shopmail.com,2023-06-19,Silver,7
1955,1955,Customer1955,LN1955,customer1955@shopmail.com,2025-01-21,Silver,1
1956,1956,Customer1956,LN1956,customer1956@shopmail.com,2023-04-06,Bronze,3
1957,1957,Customer1957,LN1957,customer1957@shopmail.com,2023-08-31,Bronze,4
1958,1958,Customer1958,LN1958,customer1958@shopmail.com,2023-09-04,Silver,3
1959,1959,Customer1959,LN1959,customer1959@shopmail.com,2024-01-30,Bronze,4
1960,1960,Customer1960,LN1960,customer1960@shopmail.com,2022-08-04,Gold,5
1961,1961,Customer1961,LN1961,customer1961@shopmail.com,2024-08-23,Bronze,4
1962,1962,Customer1962,LN1962,customer1962@shopmail.com,2025-02-10,Bronze,1
1963,1963,Customer1963,LN1963,customer1963@shopmail.com,2022-06-13,Silver,1
1964,1964,Customer1964,LN1964,customer1964@shopmail.com,2024-07-30,Bronze,7
1965,1965,Customer1965,LN1965,customer1965@shopmail.com,2024-07-28,Bronze,2
1966,1966,Customer1966,LN1966,customer1966@shopmail.com,2024-05-02,Silver,3
1967,1967,Customer1967,LN1967,customer1967@shopmail.com,2023-03-03,Silver,3
1968,1968,Customer1968,LN1968,customer1968@shopmail.com,2023-06-24,Bronze,5
1969,1969,Customer1969,LN1969,customer1969@shopmail.com,2024-08-23,Silver,6
1970,1970,Customer1970,LN1970,customer1970@shopmail.com,2022-06-25,Silver,7
1971,1971,Customer1971,LN1971,customer1971@shopmail.com,2024-08-11,Silver,4
1972,1972,Customer1972,LN1972,customer1972@shopmail.com,2024-11-24,Bronze,7
1973,1973,Customer1973,LN1973,customer1973@shopmail.com,2024-02-24,Bronze,4
1974,1974,Customer1974,LN1974,customer1974@shopmail.com,2023-01-28,Gold,7
1975,1975,Customer1975,LN1975,customer1975@shopmail.com,2023-10-06,Silver,4
1976,1976,Customer1976,LN1976,customer1976@shopmail.com,2022-02-27,Bronze,7
1977,1977,Customer1977,LN1977,customer1977@shopmail.com,2024-12-07,Silver,7
1978,1978,Customer1978,LN1978,customer1978@shopmail.com,2023-01-29,Bronze,4
1979,1979,Customer1979,LN1979,customer1979@shopmail.com,2022-03-07,Silver,5
1980,1980,Customer1980,LN1980,customer1980@shopmail.com,2024-07-02,Silver,1
1981,1981,Customer1981,LN1981,customer1981@shopmail.com,2024-01-27,Gold,4
1982,1982,Customer1982,LN1982,customer1982@shopmail.com,2023-12-18,Gold,5
1983,1983,Customer1983,LN1983,customer1983@shopmail.com,2022-03-04,Bronze,3
1984,1984,Customer1984,LN1984,customer1984@shopmail.com,2024-05-13,Silver,2
1985,1985,Customer1985,LN1985,customer1985@shopmail.com,2024-01-03,Bronze,3
1986,1986,Customer1986,LN1986,customer1986@shopmail.com,2024-07-01,Silver,3
1987,1987,Customer1987,LN1987,customer1987@shopmail.com,2024-08-09,Silver,5
1988,1988,Customer1988,LN1988,customer1988@shopmail.com,2022-09-01,Bronze,5
1989,1989,Customer1989,LN1989,customer1989@shopmail.com,2022-08-31,Bronze,1
1990,1990,Customer1990,LN1990,customer1990@shopmail.com,2024-11-28,Bronze,2
1991,1991,Customer1991,LN1991,customer1991@shopmail.com,2023-09-03,Bronze,5
1992,1992,Customer1992,LN1992,customer1992@shopmail.com,2023-05-19,Bronze,7
1993,1993,Customer1993,LN1993,customer1993@shopmail.com,2022-11-27,Gold,4
1994,1994,Customer1994,LN1994,customer1994@shopmail.com,2024-01-05,Silver,7
1995,1995,Customer1995,LN1995,customer1995@shopmail.com,2024-05-17,Silver,7
1996,1996,Customer1996,LN1996,customer1996@shopmail.com,2022-01-03,Silver,7
1997,1997,Customer1997,LN1997,customer1997@shopmail.com,2023-09-28,Silver,1
1998,1998,Customer1998,LN1998,customer1998@shopmail.com,2025-02-16,Bronze,1
1999,1999,Customer1999,LN1999,customer1999@shopmail.com,2022-11-19,Gold,1
2000,2000,Customer2000,LN2000,customer2000@shopmail.com,2022-11-20,Silver,3
2001,2001,Customer2001,LN2001,customer2001@shopmail.com,2024-10-06,Silver,3
2002,2002,Customer2002,LN2002,customer2002@shopmail.com,2022-03-13,Gold,1
2003,2003,Customer2003,LN2003,customer2003@shopmail.com,2023-04-03,Silver,3
2004,2004,Customer2004,LN2004,customer2004@shopmail.com,2023-06-12,Silver,5
2005,2005,Customer2005,LN2005,customer2005@shopmail.com,2024-07-06,Gold,1
2006,2006,Customer2006,LN2006,customer2006@shopmail.com,2022-05-29,Bronze,2
2007,2007,Customer2007,LN2007,customer2007@shopmail.com,2023-05-15,Silver,5
2008,2008,Customer2008,LN2008,customer2008@shopmail.com,2022-06-25,Bronze,5
2009,2009,Customer2009,LN2009,customer2009@shopmail.com,2024-06-24,Bronze,3
2010,2010,Customer2010,LN2010,customer2010@shopmail.com,2023-12-29,Silver,7
2011,2011,Customer2011,LN2011,customer2011@shopmail.com,2023-07-26,Bronze,2
2012,2012,Customer2012,LN2012,customer2012@shopmail.com,2023-03-28,Gold,5
2013,2013,Customer2013,LN2013,customer2013@shopmail.com,2022-06-26,Bronze,7
2014,2014,Customer2014,LN2014,customer2014@shopmail.com,2024-11-26,Silver,1
2015,2015,Customer2015,LN2015,customer2015@shopmail.com,2024-01-15,Bronze,1
2016,2016,Customer2016,LN2016,customer2016@shopmail.com,2023-01-03,Gold,7
2017,2017,Customer2017,LN2017,customer2017@shopmail.com,2023-04-22,Bronze,5
2018,2018,Customer2018,LN2018,customer2018@shopmail.com,2024-04-15,Bronze,7
2019,2019,Customer2019,LN2019,customer2019@shopmail.com,2024-04-07,Bronze,1
2020,2020,Customer2020,LN2020,customer2020@shopmail.com,2023-06-15,Silver,4
2021,2021,Customer2021,LN2021,customer2021@shopmail.com,2022-12-15,Gold,5
2022,2022,Customer2022,LN2022,customer2022@shopmail.com,2024-01-29,Gold,3
2023,2023,Customer2023,LN2023,customer2023@shopmail.com,2024-01-27,Bronze,5
2024,2024,Customer2024,LN2024,customer2024@shopmail.com,2023-11-21,Bronze,7
2025,2025,Customer2025,LN2025,customer2025@shopmail.com,2022-03-25,Bronze,2
2026,2026,Customer2026,LN2026,customer2026@shopmail.com,2023-06-28,Silver,3
2027,2027,Customer2027,LN2027,customer2027@shopmail.com,2023-12-08,Silver,4
2028,2028,Customer2028,LN2028,customer2028@shopmail.com,2024-12-28,Bronze,3
2029,2029,Customer2029,LN2029,customer2029@shopmail.com,2023-08-28,Silver,1
2030,2030,Customer2030,LN2030,customer2030@shopmail.com,2023-01-30,Gold,3
2031,2031,Customer2031,LN2031,customer2031@shopmail.com,2023-10-02,Bronze,3
2032,2032,Customer2032,LN2032,customer2032@shopmail.com,2022-07-23,Bronze,7
2033,2033,Customer2033,LN2033,customer2033@shopmail.com,2022-04-15,Bronze,3
2034,2034,Customer2034,LN2034,customer2034@shopmail.com,2024-02-19,Bronze,5
2035,2035,Customer2035,LN2035,customer2035@shopmail.com,2025-02-08,Bronze,3
2036,2036,Customer2036,LN2036,customer2036@shopmail.com,2024-08-30,Silver,4
2037,2037,Customer2037,LN2037,customer2037@shopmail.com,2023-11-03,Bronze,2
2038,2038,Customer2038,LN2038,customer2038@shopmail.com,2022-02-16,Silver,5
2039,2039,Customer2039,LN2039,customer2039@shopmail.com,2025-02-10,Gold,7
2040,2040,Customer2040,LN2040,customer2040@shopmail.com,2023-06-02,Gold,7
2041,2041,Customer2041,LN2041,customer2041@shopmail.com,2022-11-30,Silver,5
2042,2042,Customer2042,LN2042,customer2042@shopmail.com,2024-10-23,Bronze,5
2043,2043,Customer2043,LN2043,customer2043@shopmail.com,2024-05-08,Bronze,5
2044,2044,Customer2044,LN2044,customer2044@shopmail.com,2024-05-12,Bronze,3
2045,2045,Customer2045,LN2045,customer2045@shopmail.com,2022-11-16,Gold,3
2046,2046,Customer2046,LN2046,customer2046@shopmail.com,2025-02-14,Gold,2
2047,2047,Customer2047,LN2047,customer2047@shopmail.com,2023-06-05,Bronze,5
2048,2048,Customer2048,LN2048,customer2048@shopmail.com,2023-09-04,Bronze,1
2049,2049,Customer2049,LN2049,customer2049@shopmail.com,2024-05-13,Silver,7
2050,2050,Customer2050,LN2050,customer2050@shopmail.com,2024-01-29,Bronze,5
2051,2051,Customer2051,LN2051,customer2051@shopmail.com,2022-07-18,Gold,3
2052,2052,Customer2052,LN2052,customer2052@shopmail.com,2022-12-14,Bronze,1
2053,2053,Customer2053,LN2053,customer2053@shopmail.com,2023-02-20,Bronze,7
2054,2054,Customer2054,LN2054,customer2054@shopmail.com,2024-12-25,Bronze,2
2055,2055,Customer2055,LN2055,customer2055@shopmail.com,2024-04-01,Bronze,3
2056,2056,Customer2056,LN2056,customer2056@shopmail.com,2023-02-26,Bronze,2
2057,2057,Customer2057,LN2057,customer2057@shopmail.com,2024-04-24,Gold,1
2058,2058,Customer2058,LN2058,customer2058@shopmail.com,2024-04-29,Bronze,3
2059,2059,Customer2059,LN2059,customer2059@shopmail.com,2023-03-30,Silver,3
2060,2060,Customer2060,LN2060,customer2060@shopmail.com,2023-04-09,Bronze,1
2061,2061,Customer2061,LN2061,missing_2061@shopmail.com,2024-10-25,Bronze,1
2062,2062,Customer2062,LN2062,customer2062@shopmail.com,2023-10-09,Bronze,2
2063,2063,Customer2063,LN2063,customer2063@shopmail.com,2022-06-21,Bronze,3
2064,2064,Customer2064,LN2064,customer2064@shopmail.com,2024-04-07,Bronze,2
2065,2065,Customer2065,LN2065,customer2065@shopmail.com,2023-11-10,Bronze,2
2066,2066,Customer2066,LN2066,customer2066@shopmail.com,2023-08-09,Silver,1
2067,2067,Customer2067,LN2067,customer2067@shopmail.com,2024-04-13,Silver,2
2068,2068,Customer2068,LN2068,customer2068@shopmail.com,2024-11-09,Gold,2
2069,2069,Customer2069,LN2069,customer2069@shopmail.com,2023-01-16,Bronze,5
2070,2070,Customer2070,LN2070,customer2070@shopmail.com,2023-04-28,Silver,7
2071,2071,Customer2071,LN2071,customer2071@shopmail.com,2022-08-06,Silver,4
2072,2072,Customer2072,LN2072,customer2072@shopmail.com,2024-01-15,Bronze,7
2073,2073,Customer2073,LN2073,customer2073@shopmail.com,2023-04-09,Bronze,5
2074,2074,Customer2074,LN2074,customer2074@shopmail.com,2023-01-29,Silver,4
2075,2075,Customer2075,LN2075,customer2075@shopmail.com,2024-03-12,Silver,7
2076,2076,Customer2076,LN2076,customer2076@shopmail.com,2023-04-15,Bronze,5
2077,2077,Customer2077,LN2077,customer2077@shopmail.com,2023-06-19,Bronze,7
2078,2078,Customer2078,LN2078,customer2078@shopmail.com,2023-05-22,Gold,2
2079,2079,Customer2079,LN2079,customer2079@shopmail.com,2022-10-25,Bronze,4
2080,2080,Customer2080,LN2080,customer2080@shopmail.com,2022-05-25,Gold,4
2081,2081,Customer2081,LN2081,customer2081@shopmail.com,2024-08-09,Silver,1
2082,2082,Customer2082,LN2082,customer2082@shopmail.com,2022-04-16,Silver,3
2083,2083,Customer2083,LN2083,customer2083@shopmail.com,2023-01-09,Silver,7
2084,2084,Customer2084,LN2084,customer2084@shopmail.com,2024-02-07,Bronze,5
2085,2085,Customer2085,LN2085,customer2085@shopmail.com,2022-05-31,Silver,5
2086,2086,Customer2086,LN2086,customer2086@shopmail.com,2024-01-24,Silver,3
2087,2087,Customer2087,LN2087,customer2087@shopmail.com,2024-04-23,Silver,1
2088,2088,Customer2088,LN2088,customer2088@shopmail.com,2024-02-02,Bronze,4
2089,2089,Customer2089,LN2089,customer2089@shopmail.com,2022-12-17,Bronze,2
2090,2090,Customer2090,LN2090,customer2090@shopmail.com,2022-01-23,Bronze,4
2091,2091,Customer2091,LN2091,customer2091@shopmail.com,2024-10-17,Bronze,5
2092,2092,Customer2092,LN2092,customer2092@shopmail.com,2023-01-11,Silver,1
2093,2093,Customer2093,LN2093,customer2093@shopmail.com,2024-07-14,Silver,1
2094,2094,Customer2094,LN2094,customer2094@shopmail.com,2022-08-16,Silver,1
2095,2095,Customer2095,LN2095,customer2095@shopmail.com,2022-07-06,Silver,3
2096,2096,Customer2096,LN2096,customer2096@shopmail.com,2024-06-13,Bronze,3
2097,2097,Customer2097,LN2097,customer2097@shopmail.com,2024-12-16,Bronze,2
2098,2098,Customer2098,LN2098,customer2098@shopmail.com,2024-09-16,Bronze,2
2099,2099,Customer2099,LN2099,customer2099@shopmail.com,2024-05-13,Bronze,4
2100,2100,Customer2100,LN2100,customer2100@shopmail.com,2022-10-11,Bronze,3
2101,2101,Customer2101,LN2101,customer2101@shopmail.com,2024-11-16,Bronze,1
2102,2102,Customer2102,LN2102,customer2102@shopmail.com,2024-02-08,Bronze,3
2103,2103,Customer2103,LN2103,customer2103@shopmail.com,2022-07-17,Silver,5
2104,2104,Customer2104,LN2104,customer2104@shopmail.com,2022-05-29,Bronze,5
2105,2105,Customer2105,LN2105,customer2105@shopmail.com,2024-09-28,Bronze,4
2106,2106,Customer2106,LN2106,customer2106@shopmail.com,2022-11-13,Bronze,1
2107,2107,Customer2107,LN2107,customer2107@shopmail.com,2024-05-30,Silver,2
2108,2108,Customer2108,LN2108,customer2108@shopmail.com,2022-06-09,Silver,5
2109,2109,Customer2109,LN2109,customer2109@shopmail.com,2022-11-19,Bronze,4
2110,2110,Customer2110,LN2110,customer2110@shopmail.com,2022-11-23,Bronze,4
2111,2111,Customer2111,LN2111,customer2111@shopmail.com,2022-11-20,Gold,2
2112,2112,Customer2112,LN2112,customer2112@shopmail.com,2024-02-15,Silver,7
2113,2113,Customer2113,LN2113,customer2113@shopmail.com,2024-11-17,Silver,3
2114,2114,Customer2114,LN2114,customer2114@shopmail.com,2024-11-12,Silver,1
2115,2115,Customer2115,LN2115,customer2115@shopmail.com,2024-05-02,Silver,5
2116,2116,Customer2116,LN2116,customer2116@shopmail.com,2022-08-21,Gold,3
2117,2117,Customer2117,LN2117,customer2117@shopmail.com,2025-01-09,Bronze,5
2118,2118,Customer2118,LN2118,customer2118@shopmail.com,2023-09-16,Silver,5
2119,2119,Customer2119,LN2119,customer2119@shopmail.com,2023-09-20,Bronze,1
2120,2120,Customer2120,LN2120,customer2120@shopmail.com,2024-03-17,Silver,5
2121,2121,Customer2121,LN2121,customer2121@shopmail.com,2024-06-03,Bronze,5
2122,2122,Customer2122,LN2122,customer2122@shopmail.com,2024-12-31,Bronze,7
2123,2123,Customer2123,LN2123,customer2123@shopmail.com,2023-11-01,Gold,5
2124,2124,Customer2124,LN2124,customer2124@shopmail.com,2023-12-03,Gold,5
2125,2125,Customer2125,LN2125,customer2125@shopmail.com,2024-05-07,Bronze,2
2126,2126,Customer2126,LN2126,customer2126@shopmail.com,2022-10-21,Gold,3
2127,2127,Customer2127,LN2127,customer2127@shopmail.com,2022-12-20,Bronze,3
2128,2128,Customer2128,LN2128,customer2128@shopmail.com,2023-12-21,Bronze,4
2129,2129,Customer2129,LN2129,customer2129@shopmail.com,2022-03-15,Gold,4
2130,2130,Customer2130,LN2130,customer2130@shopmail.com,2023-01-04,Bronze,3
2131,2131,Customer2131,LN2131,customer2131@shopmail.com,2024-04-05,Bronze,4
2132,2132,Customer2132,LN2132,customer2132@shopmail.com,2025-01-27,Silver,7
2133,2133,Customer2133,LN2133,customer2133@shopmail.com,2023-08-21,Bronze,7
2134,2134,Customer2134,LN2134,missing_2134@shopmail.com,2023-04-05,Bronze,3
2135,2135,Customer2135,LN2135,customer2135@shopmail.com,2023-05-22,Bronze,2
2136,2136,Customer2136,LN2136,customer2136@shopmail.com,2024-02-28,Silver,1
2137,2137,Customer2137,LN2137,customer2137@shopmail.com,2023-09-19,Bronze,5
2138,2138,Customer2138,LN2138,customer2138@shopmail.com,2022-01-27,Bronze,3
2139,2139,Customer2139,LN2139,customer2139@shopmail.com,2023-09-13,Silver,4
2140,2140,Customer2140,LN2140,customer2140@shopmail.com,2023-04-06,Bronze,4
2141,2141,Customer2141,LN2141,customer2141@shopmail.com,2024-03-16,Bronze,4
2142,2142,Customer2142,LN2142,customer2142@shopmail.com,2024-10-03,Silver,7
2143,2143,Customer2143,LN2143,customer2143@shopmail.com,2025-01-11,Silver,3
2144,2144,Customer2144,LN2144,customer2144@shopmail.com,2023-12-03,Bronze,2
2145,2145,Customer2145,LN2145,customer2145@shopmail.com,2023-02-21,Gold,4
2146,2146,Customer2146,LN2146,customer2146@shopmail.com,2023-05-26,Silver,4
2147,2147,Customer2147,LN2147,customer2147@shopmail.com,2022-07-22,Bronze,3
2148,2148,Customer2148,LN2148,customer2148@shopmail.com,2024-12-12,Silver,1
2149,2149,Customer2149,LN2149,customer2149@shopmail.com,2024-09-01,Silver,4
2150,2150,Customer2150,LN2150,customer2150@shopmail.com,2024-09-09,Silver,4
2151,2151,Customer2151,LN2151,customer2151@shopmail.com,2023-01-13,Silver,5
2152,2152,Customer2152,LN2152,customer2152@shopmail.com,2023-01-06,Silver,1
2153,2153,Customer2153,LN2153,customer2153@shopmail.com,2024-09-12,Gold,2
2154,2154,Customer2154,LN2154,customer2154@shopmail.com,2023-09-19,Silver,7
2155,2155,Customer2155,LN2155,customer2155@shopmail.com,2024-03-21,Silver,1
2156,2156,Customer2156,LN2156,customer2156@shopmail.com,2023-07-18,Silver,4
2157,2157,Customer2157,LN2157,customer2157@shopmail.com,2023-05-25,Gold,7
2158,2158,Customer2158,LN2158,customer2158@shopmail.com,2023-12-29,Gold,7
2159,2159,Customer2159,LN2159,customer2159@shopmail.com,2024-07-23,Bronze,2
2160,2160,Customer2160,LN2160,customer2160@shopmail.com,2023-01-20,Bronze,2
2161,2161,Customer2161,LN2161,customer2161@shopmail.com,2024-07-19,Silver,2
2162,2162,Customer2162,LN2162,customer2162@shopmail.com,2022-10-08,Bronze,7
2163,2163,Customer2163,LN2163,customer2163@shopmail.com,2023-04-09,Silver,5
2164,2164,Customer2164,LN2164,customer2164@shopmail.com,2024-11-15,Silver,7
2165,2165,Customer2165,LN2165,customer2165@shopmail.com,2025-01-02,Gold,5
2166,2166,Customer2166,LN2166,customer2166@shopmail.com,2024-11-28,Bronze,1
2167,2167,Customer2167,LN2167,customer2167@shopmail.com,2022-12-30,Silver,5
2168,2168,Customer2168,LN2168,customer2168@shopmail.com,2024-08-27,Bronze,7
2169,2169,Customer2169,LN2169,customer2169@shopmail.com,2024-12-12,Silver,1
2170,2170,Customer2170,LN2170,customer2170@shopmail.com,2025-01-29,Bronze,3
2171,2171,Customer2171,LN2171,customer2171@shopmail.com,2022-01-25,Silver,3
2172,2172,Customer2172,LN2172,customer2172@shopmail.com,2024-05-06,Silver,7
2173,2173,Customer2173,LN2173,customer2173@shopmail.com,2025-02-20,Silver,3
2174,2174,Customer2174,LN2174,customer2174@shopmail.com,2024-05-29,Silver,1
2175,2175,Customer2175,LN2175,customer2175@shopmail.com,2022-09-26,Bronze,2
2176,2176,Customer2176,LN2176,customer2176@shopmail.com,2024-05-26,Bronze,1
2177,2177,Customer2177,LN2177,customer2177@shopmail.com,2022-05-02,Bronze,7
2178,2178,Customer2178,LN2178,customer2178@shopmail.com,2023-07-07,Gold,7
2179,2179,Customer2179,LN2179,customer2179@shopmail.com,2023-12-22,Gold,1
2180,2180,Customer2180,LN2180,customer2180@shopmail.com,2023-06-09,Bronze,4
2181,2181,Customer2181,LN2181,customer2181@shopmail.com,2024-03-15,Bronze,1
2182,2182,Customer2182,LN2182,customer2182@shopmail.com,2022-10-04,Bronze,7
2183,2183,Customer2183,LN2183,customer2183@shopmail.com,2023-11-29,Silver,2
2184,2184,Customer2184,LN2184,customer2184@shopmail.com,2024-01-12,Bronze,4
2185,2185,Customer2185,LN2185,customer2185@shopmail.com,2023-12-30,Bronze,4
2186,2186,Customer2186,LN2186,customer2186@shopmail.com,2022-11-29,Bronze,7
2187,2187,Customer2187,LN2187,customer2187@shopmail.com,2022-12-18,Bronze,1
2188,2188,Customer2188,LN2188,customer2188@shopmail.com,2022-10-24,Bronze,2
2189,2189,Customer2189,LN2189,customer2189@shopmail.com,2023-06-16,Bronze,4
2190,2190,Customer2190,LN2190,customer2190@shopmail.com,2023-11-05,Silver,2
2191,2191,Customer2191,LN2191,customer2191@shopmail.com,2023-02-21,Silver,1
2192,2192,Customer2192,LN2192,customer2192@shopmail.com,2023-04-17,Bronze,3
2193,2193,Customer2193,LN2193,customer2193@shopmail.com,2022-11-26,Silver,5
2194,2194,Customer2194,LN2194,customer2194@shopmail.com,2022-09-09,Bronze,3
2195,2195,Customer2195,LN2195,customer2195@shopmail.com,2024-01-27,Silver,7
2196,2196,Customer2196,LN2196,customer2196@shopmail.com,2024-07-27,Gold,3
2197,2197,Customer2197,LN2197,customer2197@shopmail.com,2022-12-01,Bronze,4
2198,2198,Customer2198,LN2198,customer2198@shopmail.com,2024-09-16,Gold,3
2199,2199,Customer2199,LN2199,customer2199@shopmail.com,2023-10-19,Silver,4
2200,2200,Customer2200,LN2200,customer2200@shopmail.com,2022-07-12,Silver,1
2201,2201,Customer2201,LN2201,customer2201@shopmail.com,2023-02-25,Bronze,7
2202,2202,Customer2202,LN2202,customer2202@shopmail.com,2022-01-09,Bronze,4
2203,2203,Customer2203,LN2203,customer2203@shopmail.com,2022-02-15,Bronze,4
2204,2204,Customer2204,LN2204,customer2204@shopmail.com,2023-01-22,Gold,2
2205,2205,Customer2205,LN2205,customer2205@shopmail.com,2023-06-07,Silver,2
2206,2206,Customer2206,LN2206,customer2206@shopmail.com,2024-07-06,Bronze,5
2207,2207,Customer2207,LN2207,customer2207@shopmail.com,2022-06-04,Silver,3
2208,2208,Customer2208,LN2208,customer2208@shopmail.com,2024-08-23,Bronze,4
2209,2209,Customer2209,LN2209,customer2209@shopmail.com,2022-09-27,Bronze,1
2210,2210,Customer2210,LN2210,customer2210@shopmail.com,2022-06-09,Silver,3
2211,2211,Customer2211,LN2211,customer2211@shopmail.com,2024-03-15,Silver,7
2212,2212,Customer2212,LN2212,customer2212@shopmail.com,2024-06-09,Silver,2
2213,2213,Customer2213,LN2213,customer2213@shopmail.com,2023-11-27,Silver,5
2214,2214,Customer2214,LN2214,customer2214@shopmail.com,2022-05-14,Silver,2
2215,2215,Customer2215,LN2215,customer2215@shopmail.com,2022-05-13,Silver,4
2216,2216,Customer2216,LN2216,customer2216@shopmail.com,2023-03-25,Bronze,4
2217,2217,Customer2217,LN2217,customer2217@shopmail.com,2023-06-03,Silver,5
2218,2218,Customer2218,LN2218,customer2218@shopmail.com,2025-02-22,Silver,4
2219,2219,Customer2219,LN2219,customer2219@shopmail.com,2022-11-26,Bronze,4
2220,2220,Customer2220,LN2220,customer2220@shopmail.com,2022-08-10,Bronze,4
2221,2221,Customer2221,LN2221,customer2221@shopmail.com,2024-12-23,Bronze,1
2222,2222,Customer2222,LN2222,customer2222@shopmail.com,2022-06-27,Bronze,5
2223,2223,Customer2223,LN2223,customer2223@shopmail.com,2022-01-31,Silver,1
2224,2224,Customer2224,LN2224,customer2224@shopmail.com,2023-05-02,Bronze,4
2225,2225,Customer2225,LN2225,customer2225@shopmail.com,2023-04-07,Silver,5
2226,2226,Customer2226,LN2226,customer2226@shopmail.com,2023-12-14,Bronze,5
2227,2227,Customer2227,LN2227,customer2227@shopmail.com,2024-10-06,Bronze,2
2228,2228,Customer2228,LN2228,customer2228@shopmail.com,2024-12-08,Bronze,3
2229,2229,Customer2229,LN2229,customer2229@shopmail.com,2022-11-30,Bronze,3
2230,2230,Customer2230,LN2230,customer2230@shopmail.com,2025-02-01,Gold,5
2231,2231,Customer2231,LN2231,customer2231@shopmail.com,2023-12-29,Bronze,5
2232,2232,Customer2232,LN2232,customer2232@shopmail.com,2022-03-22,Bronze,7
2233,2233,Customer2233,LN2233,customer2233@shopmail.com,2024-12-15,Bronze,1
2234,2234,Customer2234,LN2234,customer2234@shopmail.com,2022-06-08,Bronze,1
2235,2235,Customer2235,LN2235,customer2235@shopmail.com,2023-11-08,Silver,1
2236,2236,Customer2236,LN2236,customer2236@shopmail.com,2024-06-28,Silver,2
2237,2237,Customer2237,LN2237,missing_2237@shopmail.com,2022-10-14,Bronze,3
2238,2238,Customer2238,LN2238,customer2238@shopmail.com,2022-11-08,Silver,4
2239,2239,Customer2239,LN2239,customer2239@shopmail.com,2023-07-02,Bronze,4
2240,2240,Customer2240,LN2240,customer2240@shopmail.com,2024-10-14,Silver,3
2241,2241,Customer2241,LN2241,customer2241@shopmail.com,2022-09-15,Silver,5
2242,2242,Customer2242,LN2242,customer2242@shopmail.com,2024-02-02,Bronze,5
2243,2243,Customer2243,LN2243,customer2243@shopmail.com,2023-06-05,Silver,4
2244,2244,Customer2244,LN2244,customer2244@shopmail.com,2022-05-09,Silver,4
2245,2245,Customer2245,LN2245,customer2245@shopmail.com,2024-03-28,Bronze,7
2246,2246,Customer2246,LN2246,customer2246@shopmail.com,2024-08-15,Gold,1
2247,2247,Customer2247,LN2247,customer2247@shopmail.com,2023-10-24,Gold,2
2248,2248,Customer2248,LN2248,customer2248@shopmail.com,2022-07-22,Bronze,3
2249,2249,Customer2249,LN2249,customer2249@shopmail.com,2022-06-29,Silver,1
2250,2250,Customer2250,LN2250,customer2250@shopmail.com,2023-05-03,Silver,7
2251,2251,Customer2251,LN2251,customer2251@shopmail.com,2023-08-06,Silver,1
2252,2252,Customer2252,LN2252,customer2252@shopmail.com,2023-09-28,Silver,5
2253,2253,Customer2253,LN2253,customer2253@shopmail.com,2022-10-08,Gold,7
2254,2254,Customer2254,LN2254,customer2254@shopmail.com,2023-07-30,Silver,3
2255,2255,Customer2255,LN2255,customer2255@shopmail.com,2022-12-06,Silver,4
2256,2256,Customer2256,LN2256,customer2256@shopmail.com,2024-02-29,Bronze,7
2257,2257,Customer2257,LN2257,customer2257@shopmail.com,2024-07-04,Bronze,3
2258,2258,Customer2258,LN2258,customer2258@shopmail.com,2024-01-21,Gold,5
2259,2259,Customer2259,LN2259,customer2259@shopmail.com,2022-01-02,Silver,2
2260,2260,Customer2260,LN2260,customer2260@shopmail.com,2025-02-14,Bronze,4
2261,2261,Customer2261,LN2261,customer2261@shopmail.com,2022-01-28,Gold,4
2262,2262,Customer2262,LN2262,customer2262@shopmail.com,2025-02-23,Silver,6
2263,2263,Customer2263,LN2263,customer2263@shopmail.com,2022-02-06,Silver,7
2264,2264,Customer2264,LN2264,customer2264@shopmail.com,2023-08-17,Bronze,3
2265,2265,Customer2265,LN2265,customer2265@shopmail.com,2022-05-02,Silver,5
2266,2266,Customer2266,LN2266,customer2266@shopmail.com,2022-04-20,Bronze,5
2267,2267,Customer2267,LN2267,customer2267@shopmail.com,2024-02-25,Bronze,7
2268,2268,Customer2268,LN2268,customer2268@shopmail.com,2024-04-17,Silver,1
2269,2269,Customer2269,LN2269,customer2269@shopmail.com,2022-05-16,Gold,1
2270,2270,Customer2270,LN2270,customer2270@shopmail.com,2025-01-28,Bronze,5
2271,2271,Customer2271,LN2271,customer2271@shopmail.com,2023-01-04,Gold,4
2272,2272,Customer2272,LN2272,customer2272@shopmail.com,2023-01-02,Gold,2
2273,2273,Customer2273,LN2273,customer2273@shopmail.com,2022-12-08,Bronze,5
2274,2274,Customer2274,LN2274,customer2274@shopmail.com,2023-06-15,Bronze,7
2275,2275,Customer2275,LN2275,customer2275@shopmail.com,2022-07-24,Silver,2
2276,2276,Customer2276,LN2276,customer2276@shopmail.com,2023-05-04,Silver,4
2277,2277,Customer2277,LN2277,customer2277@shopmail.com,2022-08-30,Bronze,4
2278,2278,Customer2278,LN2278,customer2278@shopmail.com,2022-03-01,Silver,7
2279,2279,Customer2279,LN2279,customer2279@shopmail.com,2023-03-01,Silver,5
2280,2280,Customer2280,LN2280,customer2280@shopmail.com,2024-02-13,Silver,5
2281,2281,Customer2281,LN2281,customer2281@shopmail.com,2024-05-27,Silver,5
2282,2282,Customer2282,LN2282,customer2282@shopmail.com,2023-02-11,Bronze,4
2283,2283,Customer2283,LN2283,customer2283@shopmail.com,2023-01-08,Bronze,7
2284,2284,Customer2284,LN2284,customer2284@shopmail.com,2024-06-24,Bronze,2
2285,2285,Customer2285,LN2285,customer2285@shopmail.com,2024-02-23,Gold,2
2286,2286,Customer2286,LN2286,customer2286@shopmail.com,2024-08-14,Gold,7
2287,2287,Customer2287,LN2287,customer2287@shopmail.com,2024-11-08,Silver,5
2288,2288,Customer2288,LN2288,customer2288@shopmail.com,2024-08-02,Bronze,4
2289,2289,Customer2289,LN2289,customer2289@shopmail.com,2024-12-12,Silver,1
2290,2290,Customer2290,LN2290,customer2290@shopmail.com,2023-04-25,Bronze,2
2291,2291,Customer2291,LN2291,customer2291@shopmail.com,2023-03-30,Bronze,7
2292,2292,Customer2292,LN2292,customer2292@shopmail.com,2023-01-05,Bronze,7
2293,2293,Customer2293,LN2293,customer2293@shopmail.com,2022-09-28,Silver,4
2294,2294,Customer2294,LN2294,customer2294@shopmail.com,2024-05-11,Bronze,1
2295,2295,Customer2295,LN2295,customer2295@shopmail.com,2024-04-01,Silver,4
2296,2296,Customer2296,LN2296,customer2296@shopmail.com,2024-07-10,Gold,1
2297,2297,Customer2297,LN2297,customer2297@shopmail.com,2022-07-12,Silver,4
2298,2298,Customer2298,LN2298,customer2298@shopmail.com,2023-07-19,Bronze,4
2299,2299,Customer2299,LN2299,customer2299@shopmail.com,2022-09-13,Gold,1
2300,2300,Customer2300,LN2300,customer2300@shopmail.com,2024-10-23,Silver,3
2301,2301,Customer2301,LN2301,customer2301@shopmail.com,2022-11-04,Bronze,7
2302,2302,Customer2302,LN2302,customer2302@shopmail.com,2022-06-15,Silver,4
2303,2303,Customer2303,LN2303,customer2303@shopmail.com,2023-10-18,Gold,3
2304,2304,Customer2304,LN2304,customer2304@shopmail.com,2024-10-07,Bronze,4
2305,2305,Customer2305,LN2305,customer2305@shopmail.com,2024-11-19,Silver,3
2306,2306,Customer2306,LN2306,customer2306@shopmail.com,2022-04-21,Bronze,4
2307,2307,Customer2307,LN2307,customer2307@shopmail.com,2023-01-10,Bronze,5
2308,2308,Customer2308,LN2308,customer2308@shopmail.com,2022-06-26,Silver,4
2309,2309,Customer2309,LN2309,customer2309@shopmail.com,2022-12-21,Bronze,7
2310,2310,Customer2310,LN2310,customer2310@shopmail.com,2023-09-06,Bronze,4
2311,2311,Customer2311,LN2311,customer2311@shopmail.com,2022-11-19,Bronze,3
2312,2312,Customer2312,LN2312,customer2312@shopmail.com,2022-03-19,Bronze,2
2313,2313,Customer2313,LN2313,customer2313@shopmail.com,2023-08-10,Bronze,5
2314,2314,Customer2314,LN2314,customer2314@shopmail.com,2022-03-02,Silver,2
2315,2315,Customer2315,LN2315,customer2315@shopmail.com,2022-09-18,Bronze,3
2316,2316,Customer2316,LN2316,customer2316@shopmail.com,2022-01-01,Bronze,1
2317,2317,Customer2317,LN2317,customer2317@shopmail.com,2022-04-10,Gold,7
2318,2318,Customer2318,LN2318,customer2318@shopmail.com,2023-05-17,Gold,3
2319,2319,Customer2319,LN2319,customer2319@shopmail.com,2024-09-05,Bronze,5
2320,2320,Customer2320,LN2320,customer2320@shopmail.com,2024-06-09,Bronze,2
2321,2321,Customer2321,LN2321,customer2321@shopmail.com,2022-04-24,Bronze,4
2322,2322,Customer2322,LN2322,customer2322@shopmail.com,2022-02-10,Bronze,4
2323,2323,Customer2323,LN2323,customer2323@shopmail.com,2023-01-24,Bronze,3
2324,2324,Customer2324,LN2324,customer2324@shopmail.com,2024-01-21,Gold,3
2325,2325,Customer2325,LN2325,customer2325@shopmail.com,2024-05-08,Silver,1
2326,2326,Customer2326,LN2326,customer2326@shopmail.com,2024-08-04,Bronze,3
2327,2327,Customer2327,LN2327,customer2327@shopmail.com,2023-01-29,Gold,4
2328,2328,Customer2328,LN2328,customer2328@shopmail.com,2022-07-13,Bronze,7
2329,2329,Customer2329,LN2329,customer2329@shopmail.com,2022-01-31,Bronze,1
2330,2330,Customer2330,LN2330,customer2330@shopmail.com,2022-06-18,Bronze,4
2331,2331,Customer2331,LN2331,customer2331@shopmail.com,2022-03-16,Bronze,4
2332,2332,Customer2332,LN2332,customer2332@shopmail.com,2024-09-16,Gold,1
2333,2333,Customer2333,LN2333,customer2333@shopmail.com,2022-11-05,Bronze,6
2334,2334,Customer2334,LN2334,customer2334@shopmail.com,2024-08-04,Silver,4
2335,2335,Customer2335,LN2335,customer2335@shopmail.com,2023-09-29,Bronze,1
2336,2336,Customer2336,LN2336,customer2336@shopmail.com,2023-09-12,Gold,2
2337,2337,Customer2337,LN2337,customer2337@shopmail.com,2023-06-08,Silver,3
2338,2338,Customer2338,LN2338,customer2338@shopmail.com,2024-07-31,Bronze,1
2339,2339,Customer2339,LN2339,customer2339@shopmail.com,2022-02-19,Bronze,2
2340,2340,Customer2340,LN2340,customer2340@shopmail.com,2022-04-17,Gold,5
2341,2341,Customer2341,LN2341,customer2341@shopmail.com,2023-05-02,Silver,3
2342,2342,Customer2342,LN2342,customer2342@shopmail.com,2023-03-30,Bronze,1
2343,2343,Customer2343,LN2343,customer2343@shopmail.com,2023-09-20,Gold,3
2344,2344,Customer2344,LN2344,customer2344@shopmail.com,2024-04-28,Bronze,5
2345,2345,Customer2345,LN2345,customer2345@shopmail.com,2023-11-07,Bronze,7
2346,2346,Customer2346,LN2346,customer2346@shopmail.com,2022-10-24,Silver,4
2347,2347,Customer2347,LN2347,missing_2347@shopmail.com,2023-01-12,Bronze,2
2348,2348,Customer2348,LN2348,customer2348@shopmail.com,2024-05-15,Bronze,1
2349,2349,Customer2349,LN2349,customer2349@shopmail.com,2022-08-20,Bronze,3
2350,2350,Customer2350,LN2350,customer2350@shopmail.com,2023-08-03,Bronze,7
2351,2351,Customer2351,LN2351,customer2351@shopmail.com,2023-09-12,Bronze,7
2352,2352,Customer2352,LN2352,customer2352@shopmail.com,2024-05-12,Bronze,3
2353,2353,Customer2353,LN2353,customer2353@shopmail.com,2024-04-01,Gold,1
2354,2354,Customer2354,LN2354,customer2354@shopmail.com,2023-06-19,Silver,4
2355,2355,Customer2355,LN2355,customer2355@shopmail.com,2022-12-22,Bronze,3
2356,2356,Customer2356,LN2356,customer2356@shopmail.com,2023-02-28,Bronze,5
2357,2357,Customer2357,LN2357,customer2357@shopmail.com,2023-04-19,Silver,4
2358,2358,Customer2358,LN2358,customer2358@shopmail.com,2022-09-10,Bronze,4
2359,2359,Customer2359,LN2359,customer2359@shopmail.com,2023-12-21,Bronze,3
2360,2360,Customer2360,LN2360,customer2360@shopmail.com,2022-08-28,Silver,2
2361,2361,Customer2361,LN2361,customer2361@shopmail.com,2024-01-16,Bronze,2
2362,2362,Customer2362,LN2362,customer2362@shopmail.com,2024-05-14,Silver,7
2363,2363,Customer2363,LN2363,customer2363@shopmail.com,2025-01-11,Gold,2
2364,2364,Customer2364,LN2364,customer2364@shopmail.com,2022-05-17,Silver,4
2365,2365,Customer2365,LN2365,customer2365@shopmail.com,2024-05-23,Bronze,3
2366,2366,Customer2366,LN2366,customer2366@shopmail.com,2022-04-09,Bronze,1
2367,2367,Customer2367,LN2367,customer2367@shopmail.com,2023-01-23,Bronze,7
2368,2368,Customer2368,LN2368,customer2368@shopmail.com,2022-07-22,Silver,1
2369,2369,Customer2369,LN2369,customer2369@shopmail.com,2022-07-06,Gold,2
2370,2370,Customer2370,LN2370,customer2370@shopmail.com,2022-07-21,Gold,4
2371,2371,Customer2371,LN2371,customer2371@shopmail.com,2022-02-20,Bronze,7
2372,2372,Customer2372,LN2372,customer2372@shopmail.com,2024-08-04,Silver,2
2373,2373,Customer2373,LN2373,customer2373@shopmail.com,2022-03-12,Silver,5
2374,2374,Customer2374,LN2374,customer2374@shopmail.com,2023-04-04,Silver,1
2375,2375,Customer2375,LN2375,customer2375@shopmail.com,2024-03-15,Silver,1
2376,2376,Customer2376,LN2376,customer2376@shopmail.com,2025-02-12,Bronze,3
2377,2377,Customer2377,LN2377,customer2377@shopmail.com,2024-09-08,Bronze,5
2378,2378,Customer2378,LN2378,customer2378@shopmail.com,2022-06-07,Gold,5
2379,2379,Customer2379,LN2379,customer2379@shopmail.com,2025-02-09,Bronze,1
2380,2380,Customer2380,LN2380,customer2380@shopmail.com,2024-01-22,Bronze,1
2381,2381,Customer2381,LN2381,customer2381@shopmail.com,2022-07-26,Bronze,7
2382,2382,Customer2382,LN2382,customer2382@shopmail.com,2023-06-01,Bronze,2
2383,2383,Customer2383,LN2383,customer2383@shopmail.com,2024-11-21,Gold,4
2384,2384,Customer2384,LN2384,customer2384@shopmail.com,2023-03-28,Bronze,5
2385,2385,Customer2385,LN2385,customer2385@shopmail.com,2022-07-31,Bronze,5
2386,2386,Customer2386,LN2386,customer2386@shopmail.com,2024-10-03,Silver,2
2387,2387,Customer2387,LN2387,customer2387@shopmail.com,2024-12-31,Silver,7
2388,2388,Customer2388,LN2388,customer2388@shopmail.com,2025-01-26,Bronze,5
2389,2389,Customer2389,LN2389,customer2389@shopmail.com,2025-01-04,Bronze,4
2390,2390,Customer2390,LN2390,customer2390@shopmail.com,2024-09-30,Bronze,7
2391,2391,Customer2391,LN2391,customer2391@shopmail.com,2023-06-07,Bronze,3
2392,2392,Customer2392,LN2392,customer2392@shopmail.com,2022-08-10,Bronze,1
2393,2393,Customer2393,LN2393,customer2393@shopmail.com,2023-12-11,Bronze,4
2394,2394,Customer2394,LN2394,customer2394@shopmail.com,2022-09-11,Silver,4
2395,2395,Customer2395,LN2395,customer2395@shopmail.com,2023-06-29,Gold,5
2396,2396,Customer2396,LN2396,customer2396@shopmail.com,2024-01-25,Gold,2
2397,2397,Customer2397,LN2397,customer2397@shopmail.com,2024-12-24,Bronze,1
2398,2398,Customer2398,LN2398,customer2398@shopmail.com,2022-11-29,Bronze,2
2399,2399,Customer2399,LN2399,customer2399@shopmail.com,2022-10-17,Gold,2
2400,2400,Customer2400,LN2400,customer2400@shopmail.com,2024-04-24,Silver,1
2401,2401,Customer2401,LN2401,customer2401@shopmail.com,2022-01-08,Silver,7
2402,2402,Customer2402,LN2402,customer2402@shopmail.com,2023-10-14,Bronze,3
2403,2403,Customer2403,LN2403,customer2403@shopmail.com,2024-05-07,Bronze,2
2404,2404,Customer2404,LN2404,customer2404@shopmail.com,2023-09-26,Silver,4
2405,2405,Customer2405,LN2405,customer2405@shopmail.com,2023-03-18,Silver,1
2406,2406,Customer2406,LN2406,customer2406@shopmail.com,2024-08-10,Bronze,5
2407,2407,Customer2407,LN2407,customer2407@shopmail.com,2023-03-03,Gold,3
2408,2408,Customer2408,LN2408,customer2408@shopmail.com,2024-03-28,Silver,7
2409,2409,Customer2409,LN2409,customer2409@shopmail.com,2023-06-18,Silver,5
2410,2410,Customer2410,LN2410,customer2410@shopmail.com,2022-01-31,Bronze,2
2411,2411,Customer2411,LN2411,customer2411@shopmail.com,2023-09-03,Silver,2
2412,2412,Customer2412,LN2412,customer2412@shopmail.com,2022-02-26,Silver,2
2413,2413,Customer2413,LN2413,customer2413@shopmail.com,2024-12-06,Bronze,5
2414,2414,Customer2414,LN2414,customer2414@shopmail.com,2023-11-23,Silver,4
2415,2415,Customer2415,LN2415,customer2415@shopmail.com,2023-03-04,Silver,4
2416,2416,Customer2416,LN2416,customer2416@shopmail.com,2023-07-14,Silver,7
2417,2417,Customer2417,LN2417,customer2417@shopmail.com,2023-12-14,Bronze,7
2418,2418,Customer2418,LN2418,customer2418@shopmail.com,2022-10-27,Gold,1
2419,2419,Customer2419,LN2419,customer2419@shopmail.com,2022-11-28,Bronze,3
2420,2420,Customer2420,LN2420,customer2420@shopmail.com,2023-04-27,Bronze,7
2421,2421,Customer2421,LN2421,customer2421@shopmail.com,2022-10-25,Bronze,6
2422,2422,Customer2422,LN2422,customer2422@shopmail.com,2024-05-21,Bronze,3
2423,2423,Customer2423,LN2423,customer2423@shopmail.com,2022-04-30,Bronze,4
2424,2424,Customer2424,LN2424,customer2424@shopmail.com,2024-08-08,Bronze,7
2425,2425,Customer2425,LN2425,customer2425@shopmail.com,2023-02-05,Silver,3
2426,2426,Customer2426,LN2426,customer2426@shopmail.com,2023-10-08,Bronze,3
2427,2427,Customer2427,LN2427,customer2427@shopmail.com,2022-07-01,Gold,5
2428,2428,Customer2428,LN2428,customer2428@shopmail.com,2023-03-20,Bronze,7
2429,2429,Customer2429,LN2429,customer2429@shopmail.com,2024-05-17,Silver,3
2430,2430,Customer2430,LN2430,customer2430@shopmail.com,2022-11-08,Gold,3
2431,2431,Customer2431,LN2431,customer2431@shopmail.com,2022-06-02,Silver,3
2432,2432,Customer2432,LN2432,customer2432@shopmail.com,2023-08-24,Silver,7
2433,2433,Customer2433,LN2433,customer2433@shopmail.com,2022-07-06,Silver,1
2434,2434,Customer2434,LN2434,customer2434@shopmail.com,2022-12-28,Bronze,7
2435,2435,Customer2435,LN2435,customer2435@shopmail.com,2023-06-03,Bronze,1
2436,2436,Customer2436,LN2436,customer2436@shopmail.com,2023-10-11,Bronze,7
2437,2437,Customer2437,LN2437,customer2437@shopmail.com,2024-01-06,Bronze,7
2438,2438,Customer2438,LN2438,customer2438@shopmail.com,2024-02-18,Bronze,3
2439,2439,Customer2439,LN2439,customer2439@shopmail.com,2024-08-28,Bronze,5
2440,2440,Customer2440,LN2440,customer2440@shopmail.com,2022-03-17,Gold,1
2441,2441,Customer2441,LN2441,customer2441@shopmail.com,2023-02-21,Gold,2
2442,2442,Customer2442,LN2442,customer2442@shopmail.com,2022-01-02,Silver,5
2443,2443,Customer2443,LN2443,customer2443@shopmail.com,2022-01-11,Silver,5
2444,2444,Customer2444,LN2444,customer2444@shopmail.com,2022-09-02,Bronze,5
2445,2445,Customer2445,LN2445,customer2445@shopmail.com,2023-11-19,Bronze,7
2446,2446,Customer2446,LN2446,customer2446@shopmail.com,2024-10-25,Silver,3
2447,2447,Customer2447,LN2447,customer2447@shopmail.com,2024-06-08,Silver,2
2448,2448,Customer2448,LN2448,customer2448@shopmail.com,2024-01-14,Bronze,1
2449,2449,Customer2449,LN2449,missing_2449@shopmail.com,2024-06-13,Bronze,7
2450,2450,Customer2450,LN2450,customer2450@shopmail.com,2022-07-17,Bronze,7
2451,2451,Customer2451,LN2451,customer2451@shopmail.com,2024-08-23,Bronze,7
2452,2452,Customer2452,LN2452,customer2452@shopmail.com,2024-10-20,Bronze,7
2453,2453,Customer2453,LN2453,customer2453@shopmail.com,2022-04-20,Bronze,3
2454,2454,Customer2454,LN2454,customer2454@shopmail.com,2023-06-25,Silver,3
2455,2455,Customer2455,LN2455,customer2455@shopmail.com,2024-08-12,Gold,5
2456,2456,Customer2456,LN2456,customer2456@shopmail.com,2023-07-02,Silver,4
2457,2457,Customer2457,LN2457,customer2457@shopmail.com,2024-08-24,Silver,5
2458,2458,Customer2458,LN2458,customer2458@shopmail.com,2024-12-11,Silver,7
2459,2459,Customer2459,LN2459,customer2459@shopmail.com,2023-06-30,Bronze,2
2460,2460,Customer2460,LN2460,customer2460@shopmail.com,2022-03-10,Silver,7
2461,2461,Customer2461,LN2461,customer2461@shopmail.com,2023-01-27,Bronze,5
2462,2462,Customer2462,LN2462,customer2462@shopmail.com,2022-09-05,Silver,3
2463,2463,Customer2463,LN2463,customer2463@shopmail.com,2023-06-30,Bronze,4
2464,2464,Customer2464,LN2464,customer2464@shopmail.com,2023-11-05,Gold,3
2465,2465,Customer2465,LN2465,customer2465@shopmail.com,2023-06-18,Gold,1
2466,2466,Customer2466,LN2466,customer2466@shopmail.com,2022-08-13,Bronze,5
2467,2467,Customer2467,LN2467,customer2467@shopmail.com,2022-12-13,Bronze,5
2468,2468,Customer2468,LN2468,customer2468@shopmail.com,2024-02-21,Bronze,5
2469,2469,Customer2469,LN2469,customer2469@shopmail.com,2022-02-01,Silver,3
2470,2470,Customer2470,LN2470,customer2470@shopmail.com,2022-09-04,Silver,4
2471,2471,Customer2471,LN2471,customer2471@shopmail.com,2024-10-23,Bronze,7
2472,2472,Customer2472,LN2472,customer2472@shopmail.com,2022-04-25,Silver,3
2473,2473,Customer2473,LN2473,customer2473@shopmail.com,2023-04-22,Bronze,4
2474,2474,Customer2474,LN2474,customer2474@shopmail.com,2022-08-27,Bronze,4
2475,2475,Customer2475,LN2475,customer2475@shopmail.com,2022-05-01,Bronze,1
2476,2476,Customer2476,LN2476,customer2476@shopmail.com,2023-05-02,Silver,7
2477,2477,Customer2477,LN2477,customer2477@shopmail.com,2023-08-23,Bronze,3
2478,2478,Customer2478,LN2478,customer2478@shopmail.com,2022-07-22,Bronze,7
2479,2479,Customer2479,LN2479,customer2479@shopmail.com,2022-03-31,Bronze,7
2480,2480,Customer2480,LN2480,customer2480@shopmail.com,2022-06-04,Gold,1
2481,2481,Customer2481,LN2481,customer2481@shopmail.com,2024-01-20,Silver,5
2482,2482,Customer2482,LN2482,customer2482@shopmail.com,2024-09-16,Gold,4
2483,2483,Customer2483,LN2483,missing_2483@shopmail.com,2022-07-27,Silver,1
2484,2484,Customer2484,LN2484,customer2484@shopmail.com,2023-01-04,Silver,4
2485,2485,Customer2485,LN2485,customer2485@shopmail.com,2023-01-31,Bronze,2
2486,2486,Customer2486,LN2486,customer2486@shopmail.com,2023-02-19,Silver,3
2487,2487,Customer2487,LN2487,customer2487@shopmail.com,2022-10-08,Bronze,7
2488,2488,Customer2488,LN2488,customer2488@shopmail.com,2022-03-05,Bronze,5
2489,2489,Customer2489,LN2489,customer2489@shopmail.com,2023-08-27,Bronze,2
2490,2490,Customer2490,LN2490,customer2490@shopmail.com,2023-02-15,Bronze,2
2491,2491,Customer2491,LN2491,customer2491@shopmail.com,2023-01-29,Gold,2
2492,2492,Customer2492,LN2492,customer2492@shopmail.com,2022-11-01,Gold,7
2493,2493,Customer2493,LN2493,customer2493@shopmail.com,2024-12-04,Silver,4
2494,2494,Customer2494,LN2494,customer2494@shopmail.com,2023-12-04,Bronze,4
2495,2495,Customer2495,LN2495,customer2495@shopmail.com,2023-04-27,Gold,3
2496,2496,Customer2496,LN2496,customer2496@shopmail.com,2022-08-25,Silver,3
2497,2497,Customer2497,LN2497,customer2497@shopmail.com,2024-07-10,Bronze,7
2498,2498,Customer2498,LN2498,customer2498@shopmail.com,2024-10-18,Silver,4
2499,2499,Customer2499,LN2499,customer2499@shopmail.com,2022-02-07,Silver,5
2500,2500,Customer2500,LN2500,customer2500@shopmail.com,2024-12-05,Bronze,4
2501,2501,Customer2501,LN2501,customer2501@shopmail.com,2024-03-15,Silver,3
2502,2502,Customer2502,LN2502,customer2502@shopmail.com,2022-04-25,Silver,2
2503,2503,Customer2503,LN2503,customer2503@shopmail.com,2024-05-16,Bronze,7
2504,2504,Customer2504,LN2504,customer2504@shopmail.com,2022-05-04,Bronze,5
2505,2505,Customer2505,LN2505,customer2505@shopmail.com,2022-02-28,Silver,7
2506,2506,Customer2506,LN2506,customer2506@shopmail.com,2022-05-13,Silver,1
2507,2507,Customer2507,LN2507,customer2507@shopmail.com,2023-06-13,Gold,2
2508,2508,Customer2508,LN2508,customer2508@shopmail.com,2023-12-14,Silver,7
2509,2509,Customer2509,LN2509,customer2509@shopmail.com,2023-04-14,Silver,5
2510,2510,Customer2510,LN2510,customer2510@shopmail.com,2022-05-21,Silver,1
2511,2511,Customer2511,LN2511,customer2511@shopmail.com,2022-08-18,Silver,1
2512,2512,Customer2512,LN2512,customer2512@shopmail.com,2024-09-07,Silver,1
2513,2513,Customer2513,LN2513,customer2513@shopmail.com,2025-01-12,Bronze,1
2514,2514,Customer2514,LN2514,customer2514@shopmail.com,2024-05-17,Silver,4
2515,2515,Customer2515,LN2515,customer2515@shopmail.com,2022-04-29,Silver,4
2516,2516,Customer2516,LN2516,customer2516@shopmail.com,2024-07-31,Silver,4
2517,2517,Customer2517,LN2517,customer2517@shopmail.com,2024-03-06,Gold,2
2518,2518,Customer2518,LN2518,customer2518@shopmail.com,2023-08-28,Silver,3
2519,2519,Customer2519,LN2519,customer2519@shopmail.com,2022-06-14,Bronze,4
2520,2520,Customer2520,LN2520,customer2520@shopmail.com,2025-02-20,Bronze,2
2521,2521,Customer2521,LN2521,customer2521@shopmail.com,2023-05-24,Bronze,2
2522,2522,Customer2522,LN2522,customer2522@shopmail.com,2022-02-20,Bronze,3
2523,2523,Customer2523,LN2523,customer2523@shopmail.com,2022-08-30,Bronze,1
2524,2524,Customer2524,LN2524,customer2524@shopmail.com,2023-04-07,Bronze,4
2525,2525,Customer2525,LN2525,customer2525@shopmail.com,2022-03-13,Bronze,1
2526,2526,Customer2526,LN2526,customer2526@shopmail.com,2023-01-08,Bronze,2
2527,2527,Customer2527,LN2527,customer2527@shopmail.com,2023-06-23,Silver,4
2528,2528,Customer2528,LN2528,customer2528@shopmail.com,2024-12-26,Silver,4
2529,2529,Customer2529,LN2529,customer2529@shopmail.com,2022-04-10,Bronze,7
2530,2530,Customer2530,LN2530,customer2530@shopmail.com,2023-10-26,Bronze,2
2531,2531,Customer2531,LN2531,customer2531@shopmail.com,2024-11-19,Bronze,1
2532,2532,Customer2532,LN2532,customer2532@shopmail.com,2024-07-16,Bronze,7
2533,2533,Customer2533,LN2533,customer2533@shopmail.com,2024-11-29,Bronze,3
2534,2534,Customer2534,LN2534,customer2534@shopmail.com,2022-07-15,Bronze,5
2535,2535,Customer2535,LN2535,customer2535@shopmail.com,2024-07-10,Bronze,4
2536,2536,Customer2536,LN2536,customer2536@shopmail.com,2025-01-30,Gold,1
2537,2537,Customer2537,LN2537,customer2537@shopmail.com,2023-01-10,Silver,4
2538,2538,Customer2538,LN2538,customer2538@shopmail.com,2023-07-28,Silver,6
2539,2539,Customer2539,LN2539,customer2539@shopmail.com,2023-09-03,Bronze,4
2540,2540,Customer2540,LN2540,customer2540@shopmail.com,2023-07-22,Bronze,5
2541,2541,Customer2541,LN2541,customer2541@shopmail.com,2022-11-30,Gold,5
2542,2542,Customer2542,LN2542,customer2542@shopmail.com,2025-01-21,Bronze,3
2543,2543,Customer2543,LN2543,customer2543@shopmail.com,2025-01-04,Silver,1
2544,2544,Customer2544,LN2544,customer2544@shopmail.com,2023-03-14,Gold,3
2545,2545,Customer2545,LN2545,customer2545@shopmail.com,2024-07-15,Silver,1
2546,2546,Customer2546,LN2546,customer2546@shopmail.com,2023-04-03,Bronze,7
2547,2547,Customer2547,LN2547,customer2547@shopmail.com,2024-07-03,Silver,5
2548,2548,Customer2548,LN2548,customer2548@shopmail.com,2023-11-04,Bronze,7
2549,2549,Customer2549,LN2549,customer2549@shopmail.com,2023-06-25,Bronze,1
2550,2550,Customer2550,LN2550,customer2550@shopmail.com,2022-05-28,Bronze,7
2551,2551,Customer2551,LN2551,customer2551@shopmail.com,2024-01-23,Gold,1
2552,2552,Customer2552,LN2552,customer2552@shopmail.com,2023-01-05,Silver,1
2553,2553,Customer2553,LN2553,customer2553@shopmail.com,2022-09-07,Bronze,1
2554,2554,Customer2554,LN2554,customer2554@shopmail.com,2022-08-11,Bronze,7
2555,2555,Customer2555,LN2555,customer2555@shopmail.com,2025-02-03,Silver,5
2556,2556,Customer2556,LN2556,customer2556@shopmail.com,2022-04-29,Gold,2
2557,2557,Customer2557,LN2557,customer2557@shopmail.com,2024-07-07,Bronze,7
2558,2558,Customer2558,LN2558,customer2558@shopmail.com,2024-09-23,Bronze,7
2559,2559,Customer2559,LN2559,customer2559@shopmail.com,2022-02-05,Gold,2
2560,2560,Customer2560,LN2560,customer2560@shopmail.com,2023-11-09,Gold,3
2561,2561,Customer2561,LN2561,customer2561@shopmail.com,2023-10-27,Gold,5
2562,2562,Customer2562,LN2562,customer2562@shopmail.com,2023-02-17,Bronze,2
2563,2563,Customer2563,LN2563,customer2563@shopmail.com,2024-02-06,Bronze,1
2564,2564,Customer2564,LN2564,customer2564@shopmail.com,2023-04-15,Bronze,3
2565,2565,Customer2565,LN2565,customer2565@shopmail.com,2023-05-21,Bronze,4
2566,2566,Customer2566,LN2566,customer2566@shopmail.com,2023-05-12,Gold,3
2567,2567,Customer2567,LN2567,customer2567@shopmail.com,2024-07-09,Bronze,1
2568,2568,Customer2568,LN2568,customer2568@shopmail.com,2023-12-30,Silver,4
2569,2569,Customer2569,LN2569,customer2569@shopmail.com,2023-03-12,Gold,1
2570,2570,Customer2570,LN2570,customer2570@shopmail.com,2024-12-01,Gold,5
2571,2571,Customer2571,LN2571,customer2571@shopmail.com,2024-07-11,Silver,7
2572,2572,Customer2572,LN2572,customer2572@shopmail.com,2024-12-08,Gold,3
2573,2573,Customer2573,LN2573,customer2573@shopmail.com,2024-04-20,Bronze,4
2574,2574,Customer2574,LN2574,customer2574@shopmail.com,2023-03-27,Bronze,3
2575,2575,Customer2575,LN2575,customer2575@shopmail.com,2024-06-07,Bronze,5
2576,2576,Customer2576,LN2576,customer2576@shopmail.com,2023-01-14,Gold,2
2577,2577,Customer2577,LN2577,customer2577@shopmail.com,2022-11-08,Gold,3
2578,2578,Customer2578,LN2578,customer2578@shopmail.com,2023-06-03,Bronze,1
2579,2579,Customer2579,LN2579,customer2579@shopmail.com,2025-01-19,Bronze,5
2580,2580,Customer2580,LN2580,customer2580@shopmail.com,2023-10-16,Bronze,7
2581,2581,Customer2581,LN2581,customer2581@shopmail.com,2023-03-18,Bronze,2
2582,2582,Customer2582,LN2582,customer2582@shopmail.com,2023-06-16,Silver,4
2583,2583,Customer2583,LN2583,customer2583@shopmail.com,2022-12-01,Bronze,7
2584,2584,Customer2584,LN2584,customer2584@shopmail.com,2024-01-28,Silver,4
2585,2585,Customer2585,LN2585,customer2585@shopmail.com,2023-02-07,Silver,2
2586,2586,Customer2586,LN2586,customer2586@shopmail.com,2023-09-30,Bronze,2
2587,2587,Customer2587,LN2587,customer2587@shopmail.com,2023-03-02,Bronze,7
2588,2588,Customer2588,LN2588,customer2588@shopmail.com,2023-01-04,Gold,2
2589,2589,Customer2589,LN2589,customer2589@shopmail.com,2025-01-20,Silver,2
2590,2590,Customer2590,LN2590,customer2590@shopmail.com,2023-02-02,Bronze,5
2591,2591,Customer2591,LN2591,customer2591@shopmail.com,2022-03-23,Bronze,2
2592,2592,Customer2592,LN2592,customer2592@shopmail.com,2023-03-12,Gold,5
2593,2593,Customer2593,LN2593,customer2593@shopmail.com,2023-09-04,Silver,5
2594,2594,Customer2594,LN2594,customer2594@shopmail.com,2022-04-19,Silver,5
2595,2595,Customer2595,LN2595,customer2595@shopmail.com,2022-12-18,Silver,1
2596,2596,Customer2596,LN2596,customer2596@shopmail.com,2022-07-10,Gold,7
2597,2597,Customer2597,LN2597,customer2597@shopmail.com,2023-07-30,Bronze,5
2598,2598,Customer2598,LN2598,customer2598@shopmail.com,2024-04-11,Silver,1
2599,2599,Customer2599,LN2599,customer2599@shopmail.com,2025-01-18,Bronze,2
2600,2600,Customer2600,LN2600,customer2600@shopmail.com,2023-03-24,Silver,4
2601,2601,Customer2601,LN2601,customer2601@shopmail.com,2024-09-19,Gold,2
2602,2602,Customer2602,LN2602,customer2602@shopmail.com,2022-09-04,Gold,2
2603,2603,Customer2603,LN2603,customer2603@shopmail.com,2024-06-16,Silver,4
2604,2604,Customer2604,LN2604,customer2604@shopmail.com,2023-10-10,Silver,4
2605,2605,Customer2605,LN2605,customer2605@shopmail.com,2024-05-21,Gold,2
2606,2606,Customer2606,LN2606,customer2606@shopmail.com,2024-05-18,Gold,4
2607,2607,Customer2607,LN2607,customer2607@shopmail.com,2023-09-05,Silver,5
2608,2608,Customer2608,LN2608,customer2608@shopmail.com,2022-10-24,Bronze,4
2609,2609,Customer2609,LN2609,customer2609@shopmail.com,2023-08-29,Bronze,4
2610,2610,Customer2610,LN2610,customer2610@shopmail.com,2024-08-08,Gold,2
2611,2611,Customer2611,LN2611,customer2611@shopmail.com,2025-01-21,Silver,2
2612,2612,Customer2612,LN2612,customer2612@shopmail.com,2024-12-02,Silver,2
2613,2613,Customer2613,LN2613,customer2613@shopmail.com,2022-07-28,Silver,1
2614,2614,Customer2614,LN2614,customer2614@shopmail.com,2023-11-19,Bronze,5
2615,2615,Customer2615,LN2615,customer2615@shopmail.com,2022-05-01,Bronze,7
2616,2616,Customer2616,LN2616,customer2616@shopmail.com,2024-02-09,Silver,5
2617,2617,Customer2617,LN2617,customer2617@shopmail.com,2025-02-15,Bronze,5
2618,2618,Customer2618,LN2618,customer2618@shopmail.com,2022-03-02,Silver,3
2619,2619,Customer2619,LN2619,customer2619@shopmail.com,2024-01-26,Silver,4
2620,2620,Customer2620,LN2620,customer2620@shopmail.com,2024-12-23,Silver,7
2621,2621,Customer2621,LN2621,customer2621@shopmail.com,2024-09-01,Bronze,3
2622,2622,Customer2622,LN2622,customer2622@shopmail.com,2023-03-28,Silver,5
2623,2623,Customer2623,LN2623,customer2623@shopmail.com,2022-04-30,Bronze,3
2624,2624,Customer2624,LN2624,customer2624@shopmail.com,2024-11-28,Bronze,2
2625,2625,Customer2625,LN2625,customer2625@shopmail.com,2024-11-25,Bronze,3
2626,2626,Customer2626,LN2626,customer2626@shopmail.com,2023-10-28,Bronze,5
2627,2627,Customer2627,LN2627,customer2627@shopmail.com,2025-01-30,Gold,4
2628,2628,Customer2628,LN2628,customer2628@shopmail.com,2022-01-06,Gold,2
2629,2629,Customer2629,LN2629,customer2629@shopmail.com,2023-12-11,Bronze,7
2630,2630,Customer2630,LN2630,customer2630@shopmail.com,2022-02-14,Silver,1
2631,2631,Customer2631,LN2631,customer2631@shopmail.com,2024-12-12,Silver,4
2632,2632,Customer2632,LN2632,customer2632@shopmail.com,2024-02-22,Silver,1
2633,2633,Customer2633,LN2633,customer2633@shopmail.com,2024-11-16,Gold,3
2634,2634,Customer2634,LN2634,customer2634@shopmail.com,2023-10-10,Silver,1
2635,2635,Customer2635,LN2635,customer2635@shopmail.com,2022-04-06,Bronze,2
2636,2636,Customer2636,LN2636,customer2636@shopmail.com,2022-01-31,Bronze,4
2637,2637,Customer2637,LN2637,customer2637@shopmail.com,2023-01-21,Bronze,2
2638,2638,Customer2638,LN2638,customer2638@shopmail.com,2024-05-04,Gold,7
2639,2639,Customer2639,LN2639,customer2639@shopmail.com,2022-06-23,Silver,7
2640,2640,Customer2640,LN2640,customer2640@shopmail.com,2024-09-06,Bronze,3
2641,2641,Customer2641,LN2641,customer2641@shopmail.com,2022-10-03,Bronze,5
2642,2642,Customer2642,LN2642,customer2642@shopmail.com,2023-07-25,Gold,7
2643,2643,Customer2643,LN2643,customer2643@shopmail.com,2022-08-22,Bronze,1
2644,2644,Customer2644,LN2644,customer2644@shopmail.com,2023-06-20,Silver,5
2645,2645,Customer2645,LN2645,customer2645@shopmail.com,2023-06-05,Silver,2
2646,2646,Customer2646,LN2646,customer2646@shopmail.com,2022-01-07,Bronze,5
2647,2647,Customer2647,LN2647,customer2647@shopmail.com,2023-10-15,Bronze,5
2648,2648,Customer2648,LN2648,customer2648@shopmail.com,2024-06-23,Bronze,6
2649,2649,Customer2649,LN2649,customer2649@shopmail.com,2024-12-12,Bronze,5
2650,2650,Customer2650,LN2650,customer2650@shopmail.com,2023-01-16,Silver,7
2651,2651,Customer2651,LN2651,customer2651@shopmail.com,2024-10-09,Silver,1
2652,2652,Customer2652,LN2652,customer2652@shopmail.com,2024-10-07,Bronze,5
2653,2653,Customer2653,LN2653,customer2653@shopmail.com,2025-02-10,Silver,4
2654,2654,Customer2654,LN2654,customer2654@shopmail.com,2023-03-06,Bronze,4
2655,2655,Customer2655,LN2655,customer2655@shopmail.com,2024-09-05,Bronze,2
2656,2656,Customer2656,LN2656,customer2656@shopmail.com,2023-10-12,Silver,4
2657,2657,Customer2657,LN2657,customer2657@shopmail.com,2022-03-09,Silver,7
2658,2658,Customer2658,LN2658,customer2658@shopmail.com,2022-11-07,Silver,3
2659,2659,Customer2659,LN2659,customer2659@shopmail.com,2024-02-12,Bronze,5
2660,2660,Customer2660,LN2660,customer2660@shopmail.com,2022-07-04,Silver,5
2661,2661,Customer2661,LN2661,customer2661@shopmail.com,2023-05-15,Bronze,5
2662,2662,Customer2662,LN2662,customer2662@shopmail.com,2024-06-10,Gold,1
2663,2663,Customer2663,LN2663,customer2663@shopmail.com,2022-06-22,Silver,1
2664,2664,Customer2664,LN2664,missing_2664@shopmail.com,2023-07-26,Gold,5
2665,2665,Customer2665,LN2665,customer2665@shopmail.com,2022-09-05,Bronze,7
2666,2666,Customer2666,LN2666,customer2666@shopmail.com,2023-09-09,Bronze,1
2667,2667,Customer2667,LN2667,customer2667@shopmail.com,2022-10-04,Silver,5
2668,2668,Customer2668,LN2668,customer2668@shopmail.com,2025-01-15,Bronze,1
2669,2669,Customer2669,LN2669,customer2669@shopmail.com,2022-03-30,Silver,4
2670,2670,Customer2670,LN2670,customer2670@shopmail.com,2025-01-13,Silver,4
2671,2671,Customer2671,LN2671,customer2671@shopmail.com,2024-06-29,Gold,2
2672,2672,Customer2672,LN2672,customer2672@shopmail.com,2024-09-10,Bronze,1
2673,2673,Customer2673,LN2673,customer2673@shopmail.com,2024-09-06,Gold,7
2674,2674,Customer2674,LN2674,customer2674@shopmail.com,2022-08-04,Bronze,7
2675,2675,Customer2675,LN2675,customer2675@shopmail.com,2024-12-06,Bronze,3
2676,2676,Customer2676,LN2676,customer2676@shopmail.com,2023-11-15,Silver,2
2677,2677,Customer2677,LN2677,customer2677@shopmail.com,2025-01-11,Bronze,7
2678,2678,Customer2678,LN2678,customer2678@shopmail.com,2024-10-06,Gold,7
2679,2679,Customer2679,LN2679,customer2679@shopmail.com,2023-10-29,Gold,1
2680,2680,Customer2680,LN2680,customer2680@shopmail.com,2023-03-07,Gold,4
2681,2681,Customer2681,LN2681,customer2681@shopmail.com,2022-05-15,Gold,1
2682,2682,Customer2682,LN2682,customer2682@shopmail.com,2022-04-27,Silver,7
2683,2683,Customer2683,LN2683,customer2683@shopmail.com,2023-03-25,Bronze,3
2684,2684,Customer2684,LN2684,customer2684@shopmail.com,2024-07-21,Gold,5
2685,2685,Customer2685,LN2685,customer2685@shopmail.com,2023-08-05,Bronze,5
2686,2686,Customer2686,LN2686,customer2686@shopmail.com,2023-07-09,Silver,5
2687,2687,Customer2687,LN2687,customer2687@shopmail.com,2022-10-09,Bronze,2
2688,2688,Customer2688,LN2688,customer2688@shopmail.com,2023-10-12,Silver,5
2689,2689,Customer2689,LN2689,customer2689@shopmail.com,2024-01-04,Bronze,2
2690,2690,Customer2690,LN2690,customer2690@shopmail.com,2025-02-03,Bronze,3
2691,2691,Customer2691,LN2691,customer2691@shopmail.com,2024-04-18,Bronze,3
2692,2692,Customer2692,LN2692,customer2692@shopmail.com,2023-11-30,Bronze,5
2693,2693,Customer2693,LN2693,customer2693@shopmail.com,2024-11-12,Bronze,1
2694,2694,Customer2694,LN2694,customer2694@shopmail.com,2023-05-04,Bronze,7
2695,2695,Customer2695,LN2695,customer2695@shopmail.com,2024-12-11,Bronze,5
2696,2696,Customer2696,LN2696,customer2696@shopmail.com,2023-03-02,Silver,7
2697,2697,Customer2697,LN2697,customer2697@shopmail.com,2022-05-27,Bronze,5
2698,2698,Customer2698,LN2698,customer2698@shopmail.com,2023-04-26,Silver,4
2699,2699,Customer2699,LN2699,customer2699@shopmail.com,2022-05-29,Bronze,2
2700,2700,Customer2700,LN2700,customer2700@shopmail.com,2022-05-17,Silver,4
2701,2701,Customer2701,LN2701,customer2701@shopmail.com,2024-10-10,Bronze,5
2702,2702,Customer2702,LN2702,customer2702@shopmail.com,2024-07-02,Silver,1
2703,2703,Customer2703,LN2703,customer2703@shopmail.com,2022-09-12,Silver,5
2704,2704,Customer2704,LN2704,customer2704@shopmail.com,2024-08-21,Silver,4
2705,2705,Customer2705,LN2705,customer2705@shopmail.com,2022-03-21,Bronze,3
2706,2706,Customer2706,LN2706,customer2706@shopmail.com,2022-11-24,Silver,1
2707,2707,Customer2707,LN2707,customer2707@shopmail.com,2024-03-23,Bronze,3
2708,2708,Customer2708,LN2708,customer2708@shopmail.com,2022-12-16,Bronze,1
2709,2709,Customer2709,LN2709,customer2709@shopmail.com,2024-04-20,Bronze,1
2710,2710,Customer2710,LN2710,customer2710@shopmail.com,2024-10-02,Silver,5
2711,2711,Customer2711,LN2711,customer2711@shopmail.com,2022-03-17,Bronze,4
2712,2712,Customer2712,LN2712,customer2712@shopmail.com,2022-01-28,Silver,4
2713,2713,Customer2713,LN2713,customer2713@shopmail.com,2024-12-17,Bronze,1
2714,2714,Customer2714,LN2714,customer2714@shopmail.com,2023-08-22,Bronze,7
2715,2715,Customer2715,LN2715,customer2715@shopmail.com,2023-08-06,Bronze,2
2716,2716,Customer2716,LN2716,customer2716@shopmail.com,2023-06-18,Bronze,1
2717,2717,Customer2717,LN2717,customer2717@shopmail.com,2023-05-14,Silver,7
2718,2718,Customer2718,LN2718,customer2718@shopmail.com,2024-03-04,Silver,7
2719,2719,Customer2719,LN2719,customer2719@shopmail.com,2023-10-29,Silver,1
2720,2720,Customer2720,LN2720,customer2720@shopmail.com,2022-07-07,Bronze,2
2721,2721,Customer2721,LN2721,customer2721@shopmail.com,2023-12-22,Bronze,2
2722,2722,Customer2722,LN2722,customer2722@shopmail.com,2024-02-08,Gold,1
2723,2723,Customer2723,LN2723,customer2723@shopmail.com,2022-05-11,Bronze,7
2724,2724,Customer2724,LN2724,customer2724@shopmail.com,2023-03-10,Bronze,2
2725,2725,Customer2725,LN2725,customer2725@shopmail.com,2024-06-28,Gold,3
2726,2726,Customer2726,LN2726,customer2726@shopmail.com,2023-12-13,Bronze,7
2727,2727,Customer2727,LN2727,customer2727@shopmail.com,2022-06-06,Bronze,2
2728,2728,Customer2728,LN2728,customer2728@shopmail.com,2022-02-16,Bronze,1
2729,2729,Customer2729,LN2729,customer2729@shopmail.com,2023-10-31,Silver,4
2730,2730,Customer2730,LN2730,customer2730@shopmail.com,2023-06-15,Bronze,6
2731,2731,Customer2731,LN2731,customer2731@shopmail.com,2025-01-10,Silver,5
2732,2732,Customer2732,LN2732,customer2732@shopmail.com,2023-08-24,Bronze,4
2733,2733,Customer2733,LN2733,customer2733@shopmail.com,2024-12-07,Bronze,4
2734,2734,Customer2734,LN2734,customer2734@shopmail.com,2022-09-04,Bronze,5
2735,2735,Customer2735,LN2735,customer2735@shopmail.com,2023-05-30,Silver,2
2736,2736,Customer2736,LN2736,customer2736@shopmail.com,2022-06-10,Bronze,4
2737,2737,Customer2737,LN2737,customer2737@shopmail.com,2023-10-23,Silver,2
2738,2738,Customer2738,LN2738,customer2738@shopmail.com,2022-08-05,Bronze,5
2739,2739,Customer2739,LN2739,customer2739@shopmail.com,2023-07-21,Bronze,7
2740,2740,Customer2740,LN2740,customer2740@shopmail.com,2023-01-31,Bronze,1
2741,2741,Customer2741,LN2741,customer2741@shopmail.com,2022-08-02,Silver,2
2742,2742,Customer2742,LN2742,customer2742@shopmail.com,2022-04-22,Bronze,1
2743,2743,Customer2743,LN2743,customer2743@shopmail.com,2023-08-12,Silver,3
2744,2744,Customer2744,LN2744,customer2744@shopmail.com,2024-12-25,Gold,4
2745,2745,Customer2745,LN2745,customer2745@shopmail.com,2022-08-17,Silver,2
2746,2746,Customer2746,LN2746,customer2746@shopmail.com,2023-04-11,Silver,2
2747,2747,Customer2747,LN2747,customer2747@shopmail.com,2022-09-16,Silver,7
2748,2748,Customer2748,LN2748,customer2748@shopmail.com,2024-07-19,Silver,2
2749,2749,Customer2749,LN2749,customer2749@shopmail.com,2023-04-23,Bronze,5
2750,2750,Customer2750,LN2750,customer2750@shopmail.com,2025-01-25,Silver,3
2751,2751,Customer2751,LN2751,customer2751@shopmail.com,2022-10-09,Gold,5
2752,2752,Customer2752,LN2752,customer2752@shopmail.com,2022-04-03,Bronze,1
2753,2753,Customer2753,LN2753,customer2753@shopmail.com,2023-11-01,Gold,4
2754,2754,Customer2754,LN2754,customer2754@shopmail.com,2024-01-20,Silver,2
2755,2755,Customer2755,LN2755,customer2755@shopmail.com,2025-02-13,Bronze,2
2756,2756,Customer2756,LN2756,customer2756@shopmail.com,2024-09-29,Gold,3
2757,2757,Customer2757,LN2757,customer2757@shopmail.com,2024-10-13,Bronze,2
2758,2758,Customer2758,LN2758,customer2758@shopmail.com,2023-12-31,Bronze,2
2759,2759,Customer2759,LN2759,customer2759@shopmail.com,2023-02-18,Bronze,7
2760,2760,Customer2760,LN2760,customer2760@shopmail.com,2023-05-09,Silver,1
2761,2761,Customer2761,LN2761,customer2761@shopmail.com,2022-06-03,Bronze,1
2762,2762,Customer2762,LN2762,customer2762@shopmail.com,2023-05-11,Gold,7
2763,2763,Customer2763,LN2763,customer2763@shopmail.com,2023-02-24,Bronze,5
2764,2764,Customer2764,LN2764,customer2764@shopmail.com,2022-02-11,Bronze,3
2765,2765,Customer2765,LN2765,customer2765@shopmail.com,2022-08-24,Silver,1
2766,2766,Customer2766,LN2766,customer2766@shopmail.com,2023-09-07,Bronze,6
2767,2767,Customer2767,LN2767,customer2767@shopmail.com,2023-03-01,Silver,3
2768,2768,Customer2768,LN2768,customer2768@shopmail.com,2025-02-16,Bronze,1
2769,2769,Customer2769,LN2769,customer2769@shopmail.com,2023-07-05,Gold,4
2770,2770,Customer2770,LN2770,customer2770@shopmail.com,2025-01-07,Silver,3
2771,2771,Customer2771,LN2771,customer2771@shopmail.com,2024-01-30,Bronze,4
2772,2772,Customer2772,LN2772,customer2772@shopmail.com,2022-02-16,Bronze,2
2773,2773,Customer2773,LN2773,customer2773@shopmail.com,2022-08-22,Bronze,5
2774,2774,Customer2774,LN2774,customer2774@shopmail.com,2024-03-22,Gold,3
2775,2775,Customer2775,LN2775,customer2775@shopmail.com,2023-09-19,Silver,2
2776,2776,Customer2776,LN2776,customer2776@shopmail.com,2022-12-14,Bronze,3
2777,2777,Customer2777,LN2777,customer2777@shopmail.com,2023-08-24,Bronze,7
2778,2778,Customer2778,LN2778,customer2778@shopmail.com,2024-11-04,Gold,3
2779,2779,Customer2779,LN2779,customer2779@shopmail.com,2023-03-24,Bronze,1
2780,2780,Customer2780,LN2780,customer2780@shopmail.com,2022-02-21,Silver,4
2781,2781,Customer2781,LN2781,customer2781@shopmail.com,2022-12-24,Silver,5
2782,2782,Customer2782,LN2782,customer2782@shopmail.com,2024-12-12,Bronze,2
2783,2783,Customer2783,LN2783,customer2783@shopmail.com,2024-05-26,Silver,3
2784,2784,Customer2784,LN2784,customer2784@shopmail.com,2024-08-21,Bronze,5
2785,2785,Customer2785,LN2785,customer2785@shopmail.com,2024-11-14,Bronze,1
2786,2786,Customer2786,LN2786,customer2786@shopmail.com,2022-05-16,Gold,5
2787,2787,Customer2787,LN2787,customer2787@shopmail.com,2022-11-22,Silver,7
2788,2788,Customer2788,LN2788,customer2788@shopmail.com,2022-03-10,Silver,5
2789,2789,Customer2789,LN2789,customer2789@shopmail.com,2022-01-06,Silver,3
2790,2790,Customer2790,LN2790,customer2790@shopmail.com,2024-08-17,Bronze,3
2791,2791,Customer2791,LN2791,customer2791@shopmail.com,2024-12-13,Silver,3
2792,2792,Customer2792,LN2792,customer2792@shopmail.com,2022-06-29,Silver,5
2793,2793,Customer2793,LN2793,customer2793@shopmail.com,2024-04-10,Bronze,7
2794,2794,Customer2794,LN2794,customer2794@shopmail.com,2023-09-08,Bronze,4
2795,2795,Customer2795,LN2795,customer2795@shopmail.com,2022-03-21,Silver,2
2796,2796,Customer2796,LN2796,customer2796@shopmail.com,2024-11-19,Silver,1
2797,2797,Customer2797,LN2797,customer2797@shopmail.com,2024-09-28,Bronze,3
2798,2798,Customer2798,LN2798,customer2798@shopmail.com,2023-10-15,Gold,2
2799,2799,Customer2799,LN2799,customer2799@shopmail.com,2024-03-25,Bronze,5
2800,2800,Customer2800,LN2800,customer2800@shopmail.com,2023-04-02,Bronze,4
2801,2801,Customer2801,LN2801,customer2801@shopmail.com,2024-06-30,Bronze,1
2802,2802,Customer2802,LN2802,customer2802@shopmail.com,2023-05-27,Silver,2
2803,2803,Customer2803,LN2803,customer2803@shopmail.com,2025-02-11,Bronze,7
2804,2804,Customer2804,LN2804,customer2804@shopmail.com,2022-03-14,Bronze,6
2805,2805,Customer2805,LN2805,customer2805@shopmail.com,2022-07-17,Bronze,7
2806,2806,Customer2806,LN2806,customer2806@shopmail.com,2025-01-19,Silver,7
2807,2807,Customer2807,LN2807,customer2807@shopmail.com,2022-11-29,Silver,4
2808,2808,Customer2808,LN2808,customer2808@shopmail.com,2022-12-24,Bronze,5
2809,2809,Customer2809,LN2809,customer2809@shopmail.com,2024-06-28,Gold,2
2810,2810,Customer2810,LN2810,customer2810@shopmail.com,2022-08-06,Bronze,1
2811,2811,Customer2811,LN2811,customer2811@shopmail.com,2023-08-14,Bronze,5
2812,2812,Customer2812,LN2812,customer2812@shopmail.com,2022-11-25,Silver,7
2813,2813,Customer2813,LN2813,customer2813@shopmail.com,2022-08-16,Silver,2
2814,2814,Customer2814,LN2814,customer2814@shopmail.com,2025-01-14,Bronze,7
2815,2815,Customer2815,LN2815,customer2815@shopmail.com,2022-08-18,Silver,1
2816,2816,Customer2816,LN2816,customer2816@shopmail.com,2022-04-19,Bronze,3
2817,2817,Customer2817,LN2817,customer2817@shopmail.com,2024-02-15,Silver,5
2818,2818,Customer2818,LN2818,customer2818@shopmail.com,2024-09-24,Silver,5
2819,2819,Customer2819,LN2819,customer2819@shopmail.com,2022-05-27,Gold,7
2820,2820,Customer2820,LN2820,customer2820@shopmail.com,2024-03-25,Bronze,7
2821,2821,Customer2821,LN2821,customer2821@shopmail.com,2023-09-14,Silver,2
2822,2822,Customer2822,LN2822,customer2822@shopmail.com,2024-08-12,Silver,5
2823,2823,Customer2823,LN2823,customer2823@shopmail.com,2022-05-26,Bronze,2
2824,2824,Customer2824,LN2824,customer2824@shopmail.com,2025-01-27,Bronze,1
2825,2825,Customer2825,LN2825,customer2825@shopmail.com,2023-12-13,Gold,7
2826,2826,Customer2826,LN2826,customer2826@shopmail.com,2024-08-26,Bronze,3
2827,2827,Customer2827,LN2827,customer2827@shopmail.com,2023-02-21,Silver,4
2828,2828,Customer2828,LN2828,customer2828@shopmail.com,2024-12-20,Bronze,1
2829,2829,Customer2829,LN2829,customer2829@shopmail.com,2023-12-22,Silver,5
2830,2830,Customer2830,LN2830,customer2830@shopmail.com,2022-05-26,Bronze,1
2831,2831,Customer2831,LN2831,customer2831@shopmail.com,2024-11-27,Gold,4
2832,2832,Customer2832,LN2832,customer2832@shopmail.com,2024-07-04,Silver,4
2833,2833,Customer2833,LN2833,customer2833@shopmail.com,2022-12-12,Bronze,1
2834,2834,Customer2834,LN2834,customer2834@shopmail.com,2023-09-20,Silver,5
2835,2835,Customer2835,LN2835,customer2835@shopmail.com,2023-03-23,Silver,3
2836,2836,Customer2836,LN2836,customer2836@shopmail.com,2023-09-18,Bronze,5
2837,2837,Customer2837,LN2837,customer2837@shopmail.com,2025-01-15,Bronze,1
2838,2838,Customer2838,LN2838,customer2838@shopmail.com,2024-10-30,Silver,5
2839,2839,Customer2839,LN2839,customer2839@shopmail.com,2022-09-05,Silver,7
2840,2840,Customer2840,LN2840,customer2840@shopmail.com,2025-01-22,Bronze,1
2841,2841,Customer2841,LN2841,customer2841@shopmail.com,2023-05-19,Gold,1
2842,2842,Customer2842,LN2842,customer2842@shopmail.com,2024-03-21,Bronze,4
2843,2843,Customer2843,LN2843,customer2843@shopmail.com,2024-05-28,Bronze,3
2844,2844,Customer2844,LN2844,customer2844@shopmail.com,2023-07-10,Silver,3
2845,2845,Customer2845,LN2845,customer2845@shopmail.com,2023-06-10,Bronze,4
2846,2846,Customer2846,LN2846,customer2846@shopmail.com,2023-06-09,Bronze,1
2847,2847,Customer2847,LN2847,customer2847@shopmail.com,2024-09-18,Silver,4
2848,2848,Customer2848,LN2848,customer2848@shopmail.com,2023-03-21,Bronze,3
2849,2849,Customer2849,LN2849,customer2849@shopmail.com,2022-11-18,Bronze,2
2850,2850,Customer2850,LN2850,customer2850@shopmail.com,2023-02-20,Silver,4
2851,2851,Customer2851,LN2851,customer2851@shopmail.com,2022-08-13,Silver,4
2852,2852,Customer2852,LN2852,customer2852@shopmail.com,2023-03-27,Silver,5
2853,2853,Customer2853,LN2853,customer2853@shopmail.com,2022-05-12,Silver,4
2854,2854,Customer2854,LN2854,customer2854@shopmail.com,2022-04-14,Bronze,5
2855,2855,Customer2855,LN2855,customer2855@shopmail.com,2024-04-12,Bronze,7
2856,2856,Customer2856,LN2856,customer2856@shopmail.com,2022-03-31,Silver,7
2857,2857,Customer2857,LN2857,customer2857@shopmail.com,2023-10-16,Bronze,2
2858,2858,Customer2858,LN2858,customer2858@shopmail.com,2024-06-15,Bronze,2
2859,2859,Customer2859,LN2859,customer2859@shopmail.com,2024-04-13,Silver,2
2860,2860,Customer2860,LN2860,customer2860@shopmail.com,2023-05-28,Silver,3
2861,2861,Customer2861,LN2861,customer2861@shopmail.com,2022-08-11,Silver,5
2862,2862,Customer2862,LN2862,customer2862@shopmail.com,2024-12-06,Bronze,5
2863,2863,Customer2863,LN2863,customer2863@shopmail.com,2024-08-18,Bronze,7
2864,2864,Customer2864,LN2864,customer2864@shopmail.com,2023-12-06,Bronze,5
2865,2865,Customer2865,LN2865,customer2865@shopmail.com,2022-04-10,Silver,4
2866,2866,Customer2866,LN2866,customer2866@shopmail.com,2022-02-10,Bronze,5
2867,2867,Customer2867,LN2867,customer2867@shopmail.com,2022-12-29,Bronze,7
2868,2868,Customer2868,LN2868,customer2868@shopmail.com,2022-07-01,Bronze,2
2869,2869,Customer2869,LN2869,customer2869@shopmail.com,2024-09-16,Silver,5
2870,2870,Customer2870,LN2870,customer2870@shopmail.com,2022-08-25,Silver,1
2871,2871,Customer2871,LN2871,customer2871@shopmail.com,2022-11-22,Bronze,2
2872,2872,Customer2872,LN2872,customer2872@shopmail.com,2025-01-27,Bronze,4
2873,2873,Customer2873,LN2873,customer2873@shopmail.com,2024-07-29,Bronze,1
2874,2874,Customer2874,LN2874,customer2874@shopmail.com,2022-09-09,Bronze,1
2875,2875,Customer2875,LN2875,customer2875@shopmail.com,2023-03-18,Silver,4
2876,2876,Customer2876,LN2876,customer2876@shopmail.com,2023-08-17,Bronze,5
2877,2877,Customer2877,LN2877,customer2877@shopmail.com,2024-02-03,Silver,1
2878,2878,Customer2878,LN2878,customer2878@shopmail.com,2024-12-12,Silver,1
2879,2879,Customer2879,LN2879,customer2879@shopmail.com,2024-09-28,Gold,7
2880,2880,Customer2880,LN2880,customer2880@shopmail.com,2025-01-28,Gold,2
2881,2881,Customer2881,LN2881,customer2881@shopmail.com,2022-02-16,Bronze,1
2882,2882,Customer2882,LN2882,customer2882@shopmail.com,2022-09-29,Bronze,2
2883,2883,Customer2883,LN2883,customer2883@shopmail.com,2023-10-10,Bronze,3
2884,2884,Customer2884,LN2884,customer2884@shopmail.com,2022-02-26,Silver,4
2885,2885,Customer2885,LN2885,customer2885@shopmail.com,2023-02-13,Bronze,7
2886,2886,Customer2886,LN2886,customer2886@shopmail.com,2022-06-26,Bronze,4
2887,2887,Customer2887,LN2887,customer2887@shopmail.com,2024-12-08,Bronze,4
2888,2888,Customer2888,LN2888,customer2888@shopmail.com,2022-03-14,Bronze,5
2889,2889,Customer2889,LN2889,customer2889@shopmail.com,2022-06-20,Silver,7
2890,2890,Customer2890,LN2890,customer2890@shopmail.com,2022-08-13,Silver,4
2891,2891,Customer2891,LN2891,customer2891@shopmail.com,2022-06-20,Silver,4
2892,2892,Customer2892,LN2892,customer2892@shopmail.com,2023-10-16,Gold,3
2893,2893,Customer2893,LN2893,customer2893@shopmail.com,2023-02-23,Bronze,4
2894,2894,Customer2894,LN2894,customer2894@shopmail.com,2024-11-15,Bronze,4
2895,2895,Customer2895,LN2895,customer2895@shopmail.com,2022-10-27,Bronze,7
2896,2896,Customer2896,LN2896,customer2896@shopmail.com,2023-09-10,Silver,2
2897,2897,Customer2897,LN2897,customer2897@shopmail.com,2024-01-30,Silver,3
2898,2898,Customer2898,LN2898,customer2898@shopmail.com,2023-12-21,Bronze,3
2899,2899,Customer2899,LN2899,customer2899@shopmail.com,2024-07-04,Gold,3
2900,2900,Customer2900,LN2900,customer2900@shopmail.com,2022-08-21,Bronze,4
2901,2901,Customer2901,LN2901,customer2901@shopmail.com,2023-08-07,Bronze,2
2902,2902,Customer2902,LN2902,customer2902@shopmail.com,2024-07-09,Silver,1
2903,2903,Customer2903,LN2903,customer2903@shopmail.com,2024-09-19,Gold,1
2904,2904,Customer2904,LN2904,customer2904@shopmail.com,2023-12-12,Silver,3
2905,2905,Customer2905,LN2905,customer2905@shopmail.com,2024-01-20,Gold,5
2906,2906,Customer2906,LN2906,customer2906@shopmail.com,2024-09-20,Bronze,3
2907,2907,Customer2907,LN2907,customer2907@shopmail.com,2023-12-20,Silver,7
2908,2908,Customer2908,LN2908,customer2908@shopmail.com,2024-12-27,Silver,7
2909,2909,Customer2909,LN2909,customer2909@shopmail.com,2022-05-27,Silver,2
2910,2910,Customer2910,LN2910,customer2910@shopmail.com,2023-02-05,Bronze,2
2911,2911,Customer2911,LN2911,customer2911@shopmail.com,2022-05-10,Gold,2
2912,2912,Customer2912,LN2912,customer2912@shopmail.com,2022-04-15,Bronze,5
2913,2913,Customer2913,LN2913,customer2913@shopmail.com,2023-06-27,Bronze,4
2914,2914,Customer2914,LN2914,customer2914@shopmail.com,2022-09-17,Gold,3
2915,2915,Customer2915,LN2915,customer2915@shopmail.com,2023-04-14,Gold,2
2916,2916,Customer2916,LN2916,customer2916@shopmail.com,2023-05-19,Gold,3
2917,2917,Customer2917,LN2917,customer2917@shopmail.com,2023-12-16,Gold,7
2918,2918,Customer2918,LN2918,customer2918@shopmail.com,2024-12-23,Bronze,2
2919,2919,Customer2919,LN2919,customer2919@shopmail.com,2024-09-03,Gold,2
2920,2920,Customer2920,LN2920,customer2920@shopmail.com,2023-03-12,Bronze,1
2921,2921,Customer2921,LN2921,customer2921@shopmail.com,2023-01-10,Silver,1
2922,2922,Customer2922,LN2922,customer2922@shopmail.com,2024-06-05,Bronze,4
2923,2923,Customer2923,LN2923,customer2923@shopmail.com,2022-05-23,Silver,5
2924,2924,Customer2924,LN2924,customer2924@shopmail.com,2023-09-14,Silver,2
2925,2925,Customer2925,LN2925,customer2925@shopmail.com,2023-05-02,Silver,2
2926,2926,Customer2926,LN2926,customer2926@shopmail.com,2022-07-30,Bronze,7
2927,2927,Customer2927,LN2927,customer2927@shopmail.com,2023-12-10,Bronze,3
2928,2928,Customer2928,LN2928,customer2928@shopmail.com,2023-01-04,Bronze,4
2929,2929,Customer2929,LN2929,customer2929@shopmail.com,2022-08-02,Bronze,3
2930,2930,Customer2930,LN2930,customer2930@shopmail.com,2024-01-22,Silver,1
2931,2931,Customer2931,LN2931,customer2931@shopmail.com,2022-07-20,Bronze,1
2932,2932,Customer2932,LN2932,customer2932@shopmail.com,2024-02-13,Silver,2
2933,2933,Customer2933,LN2933,customer2933@shopmail.com,2022-07-06,Bronze,1
2934,2934,Customer2934,LN2934,customer2934@shopmail.com,2023-05-15,Bronze,1
2935,2935,Customer2935,LN2935,customer2935@shopmail.com,2024-07-18,Silver,5
2936,2936,Customer2936,LN2936,customer2936@shopmail.com,2022-09-20,Bronze,2
2937,2937,Customer2937,LN2937,customer2937@shopmail.com,2024-06-01,Bronze,4
2938,2938,Customer2938,LN2938,customer2938@shopmail.com,2024-04-10,Bronze,1
2939,2939,Customer2939,LN2939,customer2939@shopmail.com,2024-11-04,Bronze,2
2940,2940,Customer2940,LN2940,customer2940@shopmail.com,2022-07-14,Silver,2
2941,2941,Customer2941,LN2941,customer2941@shopmail.com,2024-04-02,Bronze,5
2942,2942,Customer2942,LN2942,customer2942@shopmail.com,2024-12-13,Bronze,3
2943,2943,Customer2943,LN2943,customer2943@shopmail.com,2024-05-27,Silver,5
2944,2944,Customer2944,LN2944,customer2944@shopmail.com,2022-08-05,Silver,2
2945,2945,Customer2945,LN2945,customer2945@shopmail.com,2024-08-03,Silver,3
2946,2946,Customer2946,LN2946,customer2946@shopmail.com,2022-05-04,Bronze,5
2947,2947,Customer2947,LN2947,customer2947@shopmail.com,2023-11-09,Gold,7
2948,2948,Customer2948,LN2948,customer2948@shopmail.com,2023-07-27,Bronze,4
2949,2949,Customer2949,LN2949,customer2949@shopmail.com,2023-09-03,Bronze,5
2950,2950,Customer2950,LN2950,customer2950@shopmail.com,2023-08-21,Gold,2
2951,2951,Customer2951,LN2951,customer2951@shopmail.com,2022-02-06,Silver,5
2952,2952,Customer2952,LN2952,customer2952@shopmail.com,2023-08-08,Silver,4
2953,2953,Customer2953,LN2953,customer2953@shopmail.com,2024-12-13,Gold,3
2954,2954,Customer2954,LN2954,customer2954@shopmail.com,2023-05-18,Bronze,2
2955,2955,Customer2955,LN2955,customer2955@shopmail.com,2022-11-15,Silver,5
2956,2956,Customer2956,LN2956,customer2956@shopmail.com,2025-02-18,Silver,2
2957,2957,Customer2957,LN2957,customer2957@shopmail.com,2022-04-24,Bronze,7
2958,2958,Customer2958,LN2958,customer2958@shopmail.com,2023-07-14,Bronze,1
2959,2959,Customer2959,LN2959,customer2959@shopmail.com,2023-08-13,Bronze,3
2960,2960,Customer2960,LN2960,customer2960@shopmail.com,2023-07-04,Gold,5
2961,2961,Customer2961,LN2961,customer2961@shopmail.com,2024-11-25,Bronze,1
2962,2962,Customer2962,LN2962,customer2962@shopmail.com,2023-05-01,Bronze,2
2963,2963,Customer2963,LN2963,customer2963@shopmail.com,2025-01-24,Silver,5
2964,2964,Customer2964,LN2964,customer2964@shopmail.com,2022-03-18,Silver,1
2965,2965,Customer2965,LN2965,customer2965@shopmail.com,2024-04-24,Bronze,2
2966,2966,Customer2966,LN2966,customer2966@shopmail.com,2023-11-13,Silver,5
2967,2967,Customer2967,LN2967,customer2967@shopmail.com,2022-10-04,Silver,4
2968,2968,Customer2968,LN2968,customer2968@shopmail.com,2022-09-20,Silver,4
2969,2969,Customer2969,LN2969,customer2969@shopmail.com,2024-04-07,Bronze,2
2970,2970,Customer2970,LN2970,customer2970@shopmail.com,2024-01-04,Bronze,1
2971,2971,Customer2971,LN2971,customer2971@shopmail.com,2023-12-04,Silver,4
2972,2972,Customer2972,LN2972,customer2972@shopmail.com,2022-02-28,Bronze,2
2973,2973,Customer2973,LN2973,customer2973@shopmail.com,2023-11-19,Silver,1
2974,2974,Customer2974,LN2974,customer2974@shopmail.com,2025-02-02,Bronze,4
2975,2975,Customer2975,LN2975,customer2975@shopmail.com,2022-01-20,Silver,2
2976,2976,Customer2976,LN2976,customer2976@shopmail.com,2023-06-24,Gold,1
2977,2977,Customer2977,LN2977,customer2977@shopmail.com,2023-07-23,Silver,2
2978,2978,Customer2978,LN2978,customer2978@shopmail.com,2024-10-28,Gold,3
2979,2979,Customer2979,LN2979,customer2979@shopmail.com,2022-11-22,Gold,1
2980,2980,Customer2980,LN2980,customer2980@shopmail.com,2023-07-01,Bronze,3
2981,2981,Customer2981,LN2981,customer2981@shopmail.com,2024-04-04,Bronze,3
2982,2982,Customer2982,LN2982,customer2982@shopmail.com,2022-03-11,Gold,3
2983,2983,Customer2983,LN2983,customer2983@shopmail.com,2024-07-10,Gold,5
2984,2984,Customer2984,LN2984,customer2984@shopmail.com,2024-08-03,Gold,1
2985,2985,Customer2985,LN2985,customer2985@shopmail.com,2024-04-07,Silver,7
2986,2986,Customer2986,LN2986,customer2986@shopmail.com,2024-01-16,Bronze,2
2987,2987,Customer2987,LN2987,customer2987@shopmail.com,2024-05-09,Gold,3
2988,2988,Customer2988,LN2988,customer2988@shopmail.com,2024-06-18,Gold,4
2989,2989,Customer2989,LN2989,customer2989@shopmail.com,2024-11-04,Silver,2
2990,2990,Customer2990,LN2990,customer2990@shopmail.com,2023-05-08,Gold,4
2991,2991,Customer2991,LN2991,customer2991@shopmail.com,2023-06-09,Silver,4
2992,2992,Customer2992,LN2992,customer2992@shopmail.com,2024-01-04,Gold,2
2993,2993,Customer2993,LN2993,customer2993@shopmail.com,2022-08-11,Bronze,7
2994,2994,Customer2994,LN2994,customer2994@shopmail.com,2024-09-11,Gold,2
2995,2995,Customer2995,LN2995,customer2995@shopmail.com,2024-06-05,Bronze,3
2996,2996,Customer2996,LN2996,customer2996@shopmail.com,2023-12-27,Bronze,1
2997,2997,Customer2997,LN2997,customer2997@shopmail.com,2022-12-13,Bronze,7
2998,2998,Customer2998,LN2998,customer2998@shopmail.com,2023-02-04,Bronze,1
2999,2999,Customer2999,LN2999,customer2999@shopmail.com,2023-05-16,Bronze,2
3000,3000,Customer3000,LN3000,customer3000@shopmail.com,2024-02-01,Gold,4
3001,3001,Customer3001,LN3001,customer3001@shopmail.com,2024-06-13,Silver,5
3002,3002,Customer3002,LN3002,customer3002@shopmail.com,2024-02-12,Gold,7
3003,3003,Customer3003,LN3003,customer3003@shopmail.com,2024-12-05,Bronze,4
3004,3004,Customer3004,LN3004,customer3004@shopmail.com,2025-01-09,Bronze,1
3005,3005,Customer3005,LN3005,customer3005@shopmail.com,2024-03-21,Silver,3
3006,3006,Customer3006,LN3006,customer3006@shopmail.com,2023-03-03,Silver,3
3007,3007,Customer3007,LN3007,customer3007@shopmail.com,2023-11-20,Silver,1
3008,3008,Customer3008,LN3008,customer3008@shopmail.com,2023-05-04,Silver,4
3009,3009,Customer3009,LN3009,customer3009@shopmail.com,2023-12-25,Silver,4
3010,3010,Customer3010,LN3010,customer3010@shopmail.com,2024-07-22,Silver,5
3011,3011,Customer3011,LN3011,customer3011@shopmail.com,2023-03-01,Gold,5
3012,3012,Customer3012,LN3012,customer3012@shopmail.com,2023-08-05,Silver,4
3013,3013,Customer3013,LN3013,customer3013@shopmail.com,2022-02-22,Silver,2
3014,3014,Customer3014,LN3014,customer3014@shopmail.com,2024-04-27,Bronze,1
3015,3015,Customer3015,LN3015,customer3015@shopmail.com,2023-07-18,Bronze,7
3016,3016,Customer3016,LN3016,customer3016@shopmail.com,2023-06-13,Bronze,2
3017,3017,Customer3017,LN3017,customer3017@shopmail.com,2023-09-05,Silver,1
3018,3018,Customer3018,LN3018,customer3018@shopmail.com,2022-09-05,Silver,2
3019,3019,Customer3019,LN3019,customer3019@shopmail.com,2023-11-19,Bronze,4
3020,3020,Customer3020,LN3020,customer3020@shopmail.com,2024-05-06,Silver,5
3021,3021,Customer3021,LN3021,customer3021@shopmail.com,2023-02-07,Bronze,4
3022,3022,Customer3022,LN3022,customer3022@shopmail.com,2022-05-31,Bronze,4
3023,3023,Customer3023,LN3023,customer3023@shopmail.com,2023-03-21,Gold,3
3024,3024,Customer3024,LN3024,customer3024@shopmail.com,2022-08-17,Bronze,4
3025,3025,Customer3025,LN3025,customer3025@shopmail.com,2023-03-07,Bronze,4
3026,3026,Customer3026,LN3026,customer3026@shopmail.com,2023-12-22,Bronze,3
3027,3027,Customer3027,LN3027,customer3027@shopmail.com,2022-05-11,Bronze,5
3028,3028,Customer3028,LN3028,customer3028@shopmail.com,2024-05-09,Silver,2
3029,3029,Customer3029,LN3029,customer3029@shopmail.com,2022-09-16,Gold,1
3030,3030,Customer3030,LN3030,customer3030@shopmail.com,2024-10-25,Silver,5
3031,3031,Customer3031,LN3031,customer3031@shopmail.com,2024-04-22,Silver,4
3032,3032,Customer3032,LN3032,customer3032@shopmail.com,2022-11-10,Bronze,5
3033,3033,Customer3033,LN3033,customer3033@shopmail.com,2023-10-10,Silver,5
3034,3034,Customer3034,LN3034,customer3034@shopmail.com,2022-05-08,Bronze,4
3035,3035,Customer3035,LN3035,customer3035@shopmail.com,2022-04-25,Bronze,7
3036,3036,Customer3036,LN3036,customer3036@shopmail.com,2025-01-04,Gold,1
3037,3037,Customer3037,LN3037,customer3037@shopmail.com,2024-07-11,Bronze,3
3038,3038,Customer3038,LN3038,customer3038@shopmail.com,2022-06-27,Bronze,2
3039,3039,Customer3039,LN3039,customer3039@shopmail.com,2022-11-22,Bronze,4
3040,3040,Customer3040,LN3040,customer3040@shopmail.com,2022-08-16,Silver,7
3041,3041,Customer3041,LN3041,customer3041@shopmail.com,2023-03-31,Bronze,3
3042,3042,Customer3042,LN3042,customer3042@shopmail.com,2022-12-02,Bronze,4
3043,3043,Customer3043,LN3043,customer3043@shopmail.com,2023-01-13,Silver,3
3044,3044,Customer3044,LN3044,customer3044@shopmail.com,2023-09-01,Bronze,4
3045,3045,Customer3045,LN3045,customer3045@shopmail.com,2022-08-06,Gold,1
3046,3046,Customer3046,LN3046,customer3046@shopmail.com,2024-10-12,Bronze,4
3047,3047,Customer3047,LN3047,customer3047@shopmail.com,2024-04-16,Silver,1
3048,3048,Customer3048,LN3048,customer3048@shopmail.com,2024-05-24,Gold,3
3049,3049,Customer3049,LN3049,customer3049@shopmail.com,2022-07-14,Silver,7
3050,3050,Customer3050,LN3050,customer3050@shopmail.com,2024-03-25,Silver,7
3051,3051,Customer3051,LN3051,customer3051@shopmail.com,2024-08-19,Bronze,4
3052,3052,Customer3052,LN3052,customer3052@shopmail.com,2022-07-21,Silver,3
3053,3053,Customer3053,LN3053,customer3053@shopmail.com,2024-05-13,Gold,1
3054,3054,Customer3054,LN3054,customer3054@shopmail.com,2023-02-16,Silver,5
3055,3055,Customer3055,LN3055,customer3055@shopmail.com,2024-06-24,Gold,7
3056,3056,Customer3056,LN3056,customer3056@shopmail.com,2023-07-05,Silver,5
3057,3057,Customer3057,LN3057,customer3057@shopmail.com,2024-07-11,Silver,5
3058,3058,Customer3058,LN3058,customer3058@shopmail.com,2022-06-19,Bronze,1
3059,3059,Customer3059,LN3059,customer3059@shopmail.com,2023-03-24,Silver,5
3060,3060,Customer3060,LN3060,customer3060@shopmail.com,2022-11-11,Gold,3
3061,3061,Customer3061,LN3061,customer3061@shopmail.com,2022-10-13,Silver,1
3062,3062,Customer3062,LN3062,customer3062@shopmail.com,2022-12-21,Bronze,5
3063,3063,Customer3063,LN3063,customer3063@shopmail.com,2023-03-16,Silver,4
3064,3064,Customer3064,LN3064,customer3064@shopmail.com,2022-05-27,Silver,1
3065,3065,Customer3065,LN3065,customer3065@shopmail.com,2024-03-24,Gold,7
3066,3066,Customer3066,LN3066,customer3066@shopmail.com,2023-09-25,Bronze,5
3067,3067,Customer3067,LN3067,customer3067@shopmail.com,2024-08-11,Bronze,4
3068,3068,Customer3068,LN3068,customer3068@shopmail.com,2024-03-21,Bronze,5
3069,3069,Customer3069,LN3069,customer3069@shopmail.com,2022-06-21,Bronze,7
3070,3070,Customer3070,LN3070,customer3070@shopmail.com,2022-03-22,Gold,2
3071,3071,Customer3071,LN3071,customer3071@shopmail.com,2023-05-02,Bronze,2
3072,3072,Customer3072,LN3072,customer3072@shopmail.com,2023-07-08,Silver,1
3073,3073,Customer3073,LN3073,customer3073@shopmail.com,2022-10-04,Bronze,5
3074,3074,Customer3074,LN3074,customer3074@shopmail.com,2024-06-18,Bronze,4
3075,3075,Customer3075,LN3075,customer3075@shopmail.com,2023-10-31,Gold,7
3076,3076,Customer3076,LN3076,customer3076@shopmail.com,2024-05-10,Bronze,3
3077,3077,Customer3077,LN3077,customer3077@shopmail.com,2022-05-06,Bronze,5
3078,3078,Customer3078,LN3078,customer3078@shopmail.com,2024-07-26,Bronze,1
3079,3079,Customer3079,LN3079,customer3079@shopmail.com,2022-08-26,Gold,2
3080,3080,Customer3080,LN3080,customer3080@shopmail.com,2023-05-31,Gold,7
3081,3081,Customer3081,LN3081,customer3081@shopmail.com,2023-05-21,Bronze,3
3082,3082,Customer3082,LN3082,customer3082@shopmail.com,2024-08-01,Silver,1
3083,3083,Customer3083,LN3083,customer3083@shopmail.com,2022-11-15,Bronze,5
3084,3084,Customer3084,LN3084,customer3084@shopmail.com,2022-10-04,Silver,7
3085,3085,Customer3085,LN3085,customer3085@shopmail.com,2023-01-26,Bronze,7
3086,3086,Customer3086,LN3086,customer3086@shopmail.com,2023-02-19,Silver,2
3087,3087,Customer3087,LN3087,customer3087@shopmail.com,2022-07-28,Gold,7
3088,3088,Customer3088,LN3088,customer3088@shopmail.com,2022-07-22,Bronze,3
3089,3089,Customer3089,LN3089,customer3089@shopmail.com,2022-09-24,Bronze,7
3090,3090,Customer3090,LN3090,customer3090@shopmail.com,2023-06-22,Bronze,1
3091,3091,Customer3091,LN3091,customer3091@shopmail.com,2023-01-30,Bronze,5
3092,3092,Customer3092,LN3092,customer3092@shopmail.com,2023-03-27,Bronze,4
3093,3093,Customer3093,LN3093,customer3093@shopmail.com,2024-04-06,Bronze,5
3094,3094,Customer3094,LN3094,customer3094@shopmail.com,2022-10-05,Gold,4
3095,3095,Customer3095,LN3095,customer3095@shopmail.com,2024-11-12,Bronze,1
3096,3096,Customer3096,LN3096,customer3096@shopmail.com,2024-05-14,Gold,4
3097,3097,Customer3097,LN3097,customer3097@shopmail.com,2022-07-20,Bronze,1
3098,3098,Customer3098,LN3098,customer3098@shopmail.com,2022-12-27,Silver,1
3099,3099,Customer3099,LN3099,customer3099@shopmail.com,2022-07-31,Bronze,2
3100,3100,Customer3100,LN3100,customer3100@shopmail.com,2022-11-10,Gold,7
3101,3101,Customer3101,LN3101,customer3101@shopmail.com,2023-02-25,Bronze,1
3102,3102,Customer3102,LN3102,missing_3102@shopmail.com,2022-05-31,Bronze,3
3103,3103,Customer3103,LN3103,customer3103@shopmail.com,2022-01-17,Silver,4
3104,3104,Customer3104,LN3104,customer3104@shopmail.com,2023-05-20,Silver,7
3105,3105,Customer3105,LN3105,customer3105@shopmail.com,2024-03-17,Silver,4
3106,3106,Customer3106,LN3106,customer3106@shopmail.com,2022-12-15,Bronze,5
3107,3107,Customer3107,LN3107,customer3107@shopmail.com,2024-09-16,Bronze,1
3108,3108,Customer3108,LN3108,customer3108@shopmail.com,2023-03-01,Silver,1
3109,3109,Customer3109,LN3109,customer3109@shopmail.com,2024-11-01,Silver,5
3110,3110,Customer3110,LN3110,customer3110@shopmail.com,2022-09-29,Silver,7
3111,3111,Customer3111,LN3111,customer3111@shopmail.com,2023-09-13,Bronze,4
3112,3112,Customer3112,LN3112,customer3112@shopmail.com,2024-05-27,Bronze,3
3113,3113,Customer3113,LN3113,customer3113@shopmail.com,2022-03-09,Gold,4
3114,3114,Customer3114,LN3114,customer3114@shopmail.com,2024-12-05,Silver,4
3115,3115,Customer3115,LN3115,customer3115@shopmail.com,2023-02-24,Bronze,4
3116,3116,Customer3116,LN3116,customer3116@shopmail.com,2023-07-27,Gold,3
3117,3117,Customer3117,LN3117,customer3117@shopmail.com,2023-12-24,Silver,2
3118,3118,Customer3118,LN3118,customer3118@shopmail.com,2024-01-10,Bronze,1
3119,3119,Customer3119,LN3119,customer3119@shopmail.com,2022-01-28,Bronze,1
3120,3120,Customer3120,LN3120,customer3120@shopmail.com,2024-09-24,Silver,7
3121,3121,Customer3121,LN3121,customer3121@shopmail.com,2023-12-19,Bronze,1
3122,3122,Customer3122,LN3122,customer3122@shopmail.com,2025-02-22,Silver,3
3123,3123,Customer3123,LN3123,customer3123@shopmail.com,2023-06-27,Silver,7
3124,3124,Customer3124,LN3124,customer3124@shopmail.com,2023-12-07,Bronze,7
3125,3125,Customer3125,LN3125,customer3125@shopmail.com,2023-05-23,Gold,7
3126,3126,Customer3126,LN3126,customer3126@shopmail.com,2024-10-20,Bronze,2
3127,3127,Customer3127,LN3127,customer3127@shopmail.com,2024-08-15,Bronze,1
3128,3128,Customer3128,LN3128,customer3128@shopmail.com,2024-11-10,Silver,5
3129,3129,Customer3129,LN3129,customer3129@shopmail.com,2023-08-03,Silver,4
3130,3130,Customer3130,LN3130,customer3130@shopmail.com,2024-06-29,Bronze,2
3131,3131,Customer3131,LN3131,customer3131@shopmail.com,2023-02-17,Silver,2
3132,3132,Customer3132,LN3132,customer3132@shopmail.com,2023-06-15,Gold,7
3133,3133,Customer3133,LN3133,customer3133@shopmail.com,2024-05-24,Silver,5
3134,3134,Customer3134,LN3134,customer3134@shopmail.com,2022-04-04,Silver,4
3135,3135,Customer3135,LN3135,customer3135@shopmail.com,2024-03-28,Bronze,7
3136,3136,Customer3136,LN3136,customer3136@shopmail.com,2022-01-19,Bronze,7
3137,3137,Customer3137,LN3137,customer3137@shopmail.com,2023-10-30,Silver,7
3138,3138,Customer3138,LN3138,customer3138@shopmail.com,2023-07-03,Bronze,3
3139,3139,Customer3139,LN3139,customer3139@shopmail.com,2023-06-23,Silver,3
3140,3140,Customer3140,LN3140,customer3140@shopmail.com,2023-07-23,Bronze,4
3141,3141,Customer3141,LN3141,customer3141@shopmail.com,2023-07-20,Bronze,7
3142,3142,Customer3142,LN3142,customer3142@shopmail.com,2023-04-14,Bronze,1
3143,3143,Customer3143,LN3143,customer3143@shopmail.com,2023-06-04,Bronze,1
3144,3144,Customer3144,LN3144,customer3144@shopmail.com,2023-10-16,Bronze,5
3145,3145,Customer3145,LN3145,customer3145@shopmail.com,2024-05-27,Silver,5
3146,3146,Customer3146,LN3146,customer3146@shopmail.com,2023-09-27,Silver,1
3147,3147,Customer3147,LN3147,customer3147@shopmail.com,2024-01-09,Bronze,3
3148,3148,Customer3148,LN3148,customer3148@shopmail.com,2024-08-20,Bronze,4
3149,3149,Customer3149,LN3149,customer3149@shopmail.com,2025-02-11,Silver,2
3150,3150,Customer3150,LN3150,customer3150@shopmail.com,2022-05-05,Bronze,2
3151,3151,Customer3151,LN3151,customer3151@shopmail.com,2024-03-30,Silver,7
3152,3152,Customer3152,LN3152,customer3152@shopmail.com,2022-09-16,Silver,1
3153,3153,Customer3153,LN3153,customer3153@shopmail.com,2022-08-15,Silver,1
3154,3154,Customer3154,LN3154,customer3154@shopmail.com,2024-06-30,Gold,5
3155,3155,Customer3155,LN3155,customer3155@shopmail.com,2022-03-20,Silver,1
3156,3156,Customer3156,LN3156,customer3156@shopmail.com,2024-09-02,Gold,5
3157,3157,Customer3157,LN3157,customer3157@shopmail.com,2024-06-05,Gold,2
3158,3158,Customer3158,LN3158,customer3158@shopmail.com,2025-02-18,Bronze,2
3159,3159,Customer3159,LN3159,customer3159@shopmail.com,2024-02-08,Bronze,3
3160,3160,Customer3160,LN3160,customer3160@shopmail.com,2024-09-30,Bronze,1
3161,3161,Customer3161,LN3161,customer3161@shopmail.com,2022-05-17,Bronze,4
3162,3162,Customer3162,LN3162,customer3162@shopmail.com,2024-10-20,Silver,1
3163,3163,Customer3163,LN3163,customer3163@shopmail.com,2022-07-04,Bronze,1
3164,3164,Customer3164,LN3164,missing_3164@shopmail.com,2022-12-28,Bronze,4
3165,3165,Customer3165,LN3165,customer3165@shopmail.com,2022-05-28,Bronze,4
3166,3166,Customer3166,LN3166,customer3166@shopmail.com,2023-04-07,Silver,7
3167,3167,Customer3167,LN3167,customer3167@shopmail.com,2024-05-11,Silver,2
3168,3168,Customer3168,LN3168,customer3168@shopmail.com,2022-11-05,Gold,4
3169,3169,Customer3169,LN3169,missing_3169@shopmail.com,2024-08-03,Bronze,1
3170,3170,Customer3170,LN3170,customer3170@shopmail.com,2023-11-29,Bronze,5
3171,3171,Customer3171,LN3171,customer3171@shopmail.com,2023-12-25,Gold,3
3172,3172,Customer3172,LN3172,customer3172@shopmail.com,2024-12-15,Silver,6
3173,3173,Customer3173,LN3173,customer3173@shopmail.com,2023-05-12,Silver,4
3174,3174,Customer3174,LN3174,customer3174@shopmail.com,2023-02-01,Silver,5
3175,3175,Customer3175,LN3175,customer3175@shopmail.com,2025-02-17,Bronze,2
3176,3176,Customer3176,LN3176,customer3176@shopmail.com,2023-10-03,Gold,5
3177,3177,Customer3177,LN3177,customer3177@shopmail.com,2023-12-08,Silver,2
3178,3178,Customer3178,LN3178,customer3178@shopmail.com,2022-12-07,Silver,2
3179,3179,Customer3179,LN3179,customer3179@shopmail.com,2022-09-05,Silver,7
3180,3180,Customer3180,LN3180,customer3180@shopmail.com,2022-07-15,Bronze,4
3181,3181,Customer3181,LN3181,customer3181@shopmail.com,2022-09-15,Bronze,1
3182,3182,Customer3182,LN3182,customer3182@shopmail.com,2022-08-13,Silver,2
3183,3183,Customer3183,LN3183,customer3183@shopmail.com,2024-05-08,Silver,7
3184,3184,Customer3184,LN3184,customer3184@shopmail.com,2022-03-08,Bronze,7
3185,3185,Customer3185,LN3185,customer3185@shopmail.com,2023-12-25,Bronze,5
3186,3186,Customer3186,LN3186,customer3186@shopmail.com,2024-12-27,Gold,3
3187,3187,Customer3187,LN3187,customer3187@shopmail.com,2024-05-30,Bronze,1
3188,3188,Customer3188,LN3188,customer3188@shopmail.com,2023-04-09,Bronze,4
3189,3189,Customer3189,LN3189,customer3189@shopmail.com,2022-03-10,Silver,2
3190,3190,Customer3190,LN3190,customer3190@shopmail.com,2024-08-17,Silver,4
3191,3191,Customer3191,LN3191,customer3191@shopmail.com,2022-01-04,Silver,4
3192,3192,Customer3192,LN3192,customer3192@shopmail.com,2024-02-23,Gold,4
3193,3193,Customer3193,LN3193,customer3193@shopmail.com,2024-02-11,Bronze,4
3194,3194,Customer3194,LN3194,customer3194@shopmail.com,2022-08-09,Gold,5
3195,3195,Customer3195,LN3195,customer3195@shopmail.com,2024-04-30,Gold,2
3196,3196,Customer3196,LN3196,customer3196@shopmail.com,2022-07-21,Silver,5
3197,3197,Customer3197,LN3197,customer3197@shopmail.com,2022-09-17,Silver,1
3198,3198,Customer3198,LN3198,customer3198@shopmail.com,2024-07-22,Bronze,7
3199,3199,Customer3199,LN3199,customer3199@shopmail.com,2025-01-30,Bronze,5
3200,3200,Customer3200,LN3200,customer3200@shopmail.com,2022-11-01,Bronze,3
3201,3201,Customer3201,LN3201,customer3201@shopmail.com,2024-11-25,Bronze,1
3202,3202,Customer3202,LN3202,customer3202@shopmail.com,2024-11-16,Gold,4
3203,3203,Customer3203,LN3203,customer3203@shopmail.com,2024-06-03,Bronze,5
3204,3204,Customer3204,LN3204,customer3204@shopmail.com,2022-06-11,Silver,5
3205,3205,Customer3205,LN3205,customer3205@shopmail.com,2022-12-11,Bronze,1
3206,3206,Customer3206,LN3206,customer3206@shopmail.com,2024-02-19,Bronze,5
3207,3207,Customer3207,LN3207,customer3207@shopmail.com,2025-02-23,Bronze,1
3208,3208,Customer3208,LN3208,customer3208@shopmail.com,2024-07-25,Bronze,4
3209,3209,Customer3209,LN3209,customer3209@shopmail.com,2023-04-29,Silver,4
3210,3210,Customer3210,LN3210,customer3210@shopmail.com,2022-09-28,Gold,3
3211,3211,Customer3211,LN3211,customer3211@shopmail.com,2025-01-09,Bronze,7
3212,3212,Customer3212,LN3212,customer3212@shopmail.com,2022-11-14,Gold,2
3213,3213,Customer3213,LN3213,customer3213@shopmail.com,2023-01-29,Silver,3
3214,3214,Customer3214,LN3214,customer3214@shopmail.com,2025-01-14,Silver,7
3215,3215,Customer3215,LN3215,customer3215@shopmail.com,2023-10-08,Bronze,2
3216,3216,Customer3216,LN3216,customer3216@shopmail.com,2022-11-01,Bronze,7
3217,3217,Customer3217,LN3217,customer3217@shopmail.com,2022-01-07,Gold,5
3218,3218,Customer3218,LN3218,customer3218@shopmail.com,2023-05-10,Silver,3
3219,3219,Customer3219,LN3219,customer3219@shopmail.com,2025-02-07,Bronze,1
3220,3220,Customer3220,LN3220,customer3220@shopmail.com,2023-05-13,Silver,5
3221,3221,Customer3221,LN3221,customer3221@shopmail.com,2024-03-15,Bronze,4
3222,3222,Customer3222,LN3222,customer3222@shopmail.com,2022-10-18,Silver,4
3223,3223,Customer3223,LN3223,customer3223@shopmail.com,2024-06-10,Bronze,5
3224,3224,Customer3224,LN3224,customer3224@shopmail.com,2024-06-11,Gold,7
3225,3225,Customer3225,LN3225,customer3225@shopmail.com,2023-12-01,Bronze,3
3226,3226,Customer3226,LN3226,customer3226@shopmail.com,2024-06-06,Bronze,7
3227,3227,Customer3227,LN3227,customer3227@shopmail.com,2023-10-28,Silver,5
3228,3228,Customer3228,LN3228,customer3228@shopmail.com,2023-03-12,Bronze,5
3229,3229,Customer3229,LN3229,customer3229@shopmail.com,2024-04-28,Gold,1
3230,3230,Customer3230,LN3230,customer3230@shopmail.com,2024-08-18,Silver,7
3231,3231,Customer3231,LN3231,customer3231@shopmail.com,2024-08-25,Bronze,4
3232,3232,Customer3232,LN3232,customer3232@shopmail.com,2022-09-03,Bronze,4
3233,3233,Customer3233,LN3233,customer3233@shopmail.com,2024-02-18,Gold,3
3234,3234,Customer3234,LN3234,customer3234@shopmail.com,2022-01-05,Silver,5
3235,3235,Customer3235,LN3235,customer3235@shopmail.com,2023-10-20,Gold,1
3236,3236,Customer3236,LN3236,customer3236@shopmail.com,2023-10-19,Bronze,3
3237,3237,Customer3237,LN3237,customer3237@shopmail.com,2023-02-23,Gold,3
3238,3238,Customer3238,LN3238,customer3238@shopmail.com,2025-02-17,Silver,4
3239,3239,Customer3239,LN3239,customer3239@shopmail.com,2024-10-12,Silver,5
3240,3240,Customer3240,LN3240,customer3240@shopmail.com,2022-02-14,Bronze,1
3241,3241,Customer3241,LN3241,customer3241@shopmail.com,2022-08-29,Bronze,7
3242,3242,Customer3242,LN3242,customer3242@shopmail.com,2022-08-28,Gold,3
3243,3243,Customer3243,LN3243,customer3243@shopmail.com,2024-10-29,Gold,5
3244,3244,Customer3244,LN3244,customer3244@shopmail.com,2023-08-20,Bronze,7
3245,3245,Customer3245,LN3245,customer3245@shopmail.com,2024-04-18,Gold,5
3246,3246,Customer3246,LN3246,customer3246@shopmail.com,2024-07-20,Bronze,3
3247,3247,Customer3247,LN3247,customer3247@shopmail.com,2024-06-01,Bronze,1
3248,3248,Customer3248,LN3248,customer3248@shopmail.com,2022-04-13,Bronze,1
3249,3249,Customer3249,LN3249,customer3249@shopmail.com,2022-06-11,Bronze,1
3250,3250,Customer3250,LN3250,customer3250@shopmail.com,2023-03-31,Bronze,3
3251,3251,Customer3251,LN3251,customer3251@shopmail.com,2023-01-25,Bronze,5
3252,3252,Customer3252,LN3252,customer3252@shopmail.com,2024-05-09,Bronze,2
3253,3253,Customer3253,LN3253,customer3253@shopmail.com,2022-06-29,Silver,2
3254,3254,Customer3254,LN3254,customer3254@shopmail.com,2023-03-04,Silver,5
3255,3255,Customer3255,LN3255,customer3255@shopmail.com,2022-09-30,Silver,7
3256,3256,Customer3256,LN3256,customer3256@shopmail.com,2022-08-06,Bronze,1
3257,3257,Customer3257,LN3257,customer3257@shopmail.com,2022-07-18,Silver,5
3258,3258,Customer3258,LN3258,customer3258@shopmail.com,2022-08-13,Bronze,7
3259,3259,Customer3259,LN3259,customer3259@shopmail.com,2023-10-12,Silver,5
3260,3260,Customer3260,LN3260,customer3260@shopmail.com,2023-04-17,Silver,3
3261,3261,Customer3261,LN3261,customer3261@shopmail.com,2023-05-16,Bronze,5
3262,3262,Customer3262,LN3262,customer3262@shopmail.com,2023-07-06,Bronze,7
3263,3263,Customer3263,LN3263,customer3263@shopmail.com,2024-05-02,Silver,7
3264,3264,Customer3264,LN3264,customer3264@shopmail.com,2024-09-18,Gold,5
3265,3265,Customer3265,LN3265,customer3265@shopmail.com,2023-08-29,Silver,2
3266,3266,Customer3266,LN3266,customer3266@shopmail.com,2024-01-09,Gold,1
3267,3267,Customer3267,LN3267,customer3267@shopmail.com,2024-04-29,Gold,2
3268,3268,Customer3268,LN3268,customer3268@shopmail.com,2024-03-04,Bronze,5
3269,3269,Customer3269,LN3269,customer3269@shopmail.com,2022-06-04,Silver,2
3270,3270,Customer3270,LN3270,customer3270@shopmail.com,2025-02-04,Bronze,5
3271,3271,Customer3271,LN3271,customer3271@shopmail.com,2022-07-09,Bronze,1
3272,3272,Customer3272,LN3272,customer3272@shopmail.com,2023-04-19,Bronze,2
3273,3273,Customer3273,LN3273,customer3273@shopmail.com,2024-01-21,Gold,2
3274,3274,Customer3274,LN3274,customer3274@shopmail.com,2023-04-09,Silver,5
3275,3275,Customer3275,LN3275,customer3275@shopmail.com,2022-10-07,Bronze,2
3276,3276,Customer3276,LN3276,customer3276@shopmail.com,2024-11-27,Bronze,3
3277,3277,Customer3277,LN3277,missing_3277@shopmail.com,2022-03-24,Bronze,7
3278,3278,Customer3278,LN3278,customer3278@shopmail.com,2022-10-10,Silver,7
3279,3279,Customer3279,LN3279,customer3279@shopmail.com,2025-02-15,Gold,4
3280,3280,Customer3280,LN3280,customer3280@shopmail.com,2024-04-19,Bronze,7
3281,3281,Customer3281,LN3281,customer3281@shopmail.com,2022-04-11,Bronze,5
3282,3282,Customer3282,LN3282,customer3282@shopmail.com,2024-05-17,Silver,1
3283,3283,Customer3283,LN3283,customer3283@shopmail.com,2025-01-19,Bronze,2
3284,3284,Customer3284,LN3284,customer3284@shopmail.com,2022-04-23,Silver,5
3285,3285,Customer3285,LN3285,customer3285@shopmail.com,2023-04-22,Bronze,7
3286,3286,Customer3286,LN3286,customer3286@shopmail.com,2023-06-23,Bronze,2
3287,3287,Customer3287,LN3287,customer3287@shopmail.com,2022-05-31,Bronze,2
3288,3288,Customer3288,LN3288,customer3288@shopmail.com,2022-08-19,Gold,1
3289,3289,Customer3289,LN3289,customer3289@shopmail.com,2022-07-19,Bronze,5
3290,3290,Customer3290,LN3290,customer3290@shopmail.com,2022-08-02,Bronze,1
3291,3291,Customer3291,LN3291,customer3291@shopmail.com,2023-04-10,Silver,1
3292,3292,Customer3292,LN3292,customer3292@shopmail.com,2023-06-18,Gold,4
3293,3293,Customer3293,LN3293,customer3293@shopmail.com,2022-10-01,Bronze,2
3294,3294,Customer3294,LN3294,customer3294@shopmail.com,2022-11-29,Bronze,2
3295,3295,Customer3295,LN3295,customer3295@shopmail.com,2022-08-10,Silver,2
3296,3296,Customer3296,LN3296,missing_3296@shopmail.com,2024-07-04,Bronze,7
3297,3297,Customer3297,LN3297,customer3297@shopmail.com,2022-09-01,Silver,7
3298,3298,Customer3298,LN3298,customer3298@shopmail.com,2024-11-09,Bronze,1
3299,3299,Customer3299,LN3299,customer3299@shopmail.com,2023-09-12,Bronze,2
3300,3300,Customer3300,LN3300,customer3300@shopmail.com,2024-07-12,Bronze,1
3301,3301,Customer3301,LN3301,customer3301@shopmail.com,2024-01-02,Silver,3
3302,3302,Customer3302,LN3302,customer3302@shopmail.com,2022-11-02,Bronze,4
3303,3303,Customer3303,LN3303,customer3303@shopmail.com,2023-11-23,Bronze,1
3304,3304,Customer3304,LN3304,customer3304@shopmail.com,2022-11-12,Bronze,5
3305,3305,Customer3305,LN3305,customer3305@shopmail.com,2022-05-17,Silver,4
3306,3306,Customer3306,LN3306,customer3306@shopmail.com,2022-10-20,Bronze,1
3307,3307,Customer3307,LN3307,customer3307@shopmail.com,2022-11-13,Silver,1
3308,3308,Customer3308,LN3308,customer3308@shopmail.com,2022-06-05,Silver,1
3309,3309,Customer3309,LN3309,customer3309@shopmail.com,2022-01-28,Bronze,7
3310,3310,Customer3310,LN3310,customer3310@shopmail.com,2024-12-21,Gold,5
3311,3311,Customer3311,LN3311,customer3311@shopmail.com,2023-08-14,Gold,2
3312,3312,Customer3312,LN3312,customer3312@shopmail.com,2023-04-08,Bronze,2
3313,3313,Customer3313,LN3313,customer3313@shopmail.com,2024-12-05,Bronze,1
3314,3314,Customer3314,LN3314,customer3314@shopmail.com,2022-09-16,Bronze,3
3315,3315,Customer3315,LN3315,customer3315@shopmail.com,2023-04-09,Bronze,2
3316,3316,Customer3316,LN3316,customer3316@shopmail.com,2024-08-31,Silver,2
3317,3317,Customer3317,LN3317,customer3317@shopmail.com,2023-12-28,Gold,7
3318,3318,Customer3318,LN3318,customer3318@shopmail.com,2023-04-05,Gold,1
3319,3319,Customer3319,LN3319,customer3319@shopmail.com,2022-10-22,Bronze,4
3320,3320,Customer3320,LN3320,customer3320@shopmail.com,2022-02-10,Bronze,4
3321,3321,Customer3321,LN3321,customer3321@shopmail.com,2022-04-08,Bronze,5
3322,3322,Customer3322,LN3322,customer3322@shopmail.com,2022-07-06,Silver,5
3323,3323,Customer3323,LN3323,customer3323@shopmail.com,2024-06-23,Bronze,5
3324,3324,Customer3324,LN3324,customer3324@shopmail.com,2024-01-06,Gold,4
3325,3325,Customer3325,LN3325,customer3325@shopmail.com,2023-05-14,Gold,5
3326,3326,Customer3326,LN3326,customer3326@shopmail.com,2024-06-19,Bronze,3
3327,3327,Customer3327,LN3327,customer3327@shopmail.com,2022-07-04,Silver,4
3328,3328,Customer3328,LN3328,customer3328@shopmail.com,2022-08-31,Silver,1
3329,3329,Customer3329,LN3329,customer3329@shopmail.com,2023-03-28,Silver,2
3330,3330,Customer3330,LN3330,customer3330@shopmail.com,2024-11-21,Bronze,5
3331,3331,Customer3331,LN3331,customer3331@shopmail.com,2023-12-08,Bronze,2
3332,3332,Customer3332,LN3332,customer3332@shopmail.com,2024-09-05,Silver,4
3333,3333,Customer3333,LN3333,customer3333@shopmail.com,2022-10-13,Bronze,7
3334,3334,Customer3334,LN3334,customer3334@shopmail.com,2024-09-02,Silver,2
3335,3335,Customer3335,LN3335,customer3335@shopmail.com,2022-03-25,Bronze,3
3336,3336,Customer3336,LN3336,customer3336@shopmail.com,2022-09-19,Silver,1
3337,3337,Customer3337,LN3337,customer3337@shopmail.com,2023-08-25,Silver,1
3338,3338,Customer3338,LN3338,customer3338@shopmail.com,2022-02-28,Bronze,5
3339,3339,Customer3339,LN3339,customer3339@shopmail.com,2024-09-14,Bronze,5
3340,3340,Customer3340,LN3340,customer3340@shopmail.com,2024-09-24,Silver,1
3341,3341,Customer3341,LN3341,customer3341@shopmail.com,2023-09-15,Bronze,3
3342,3342,Customer3342,LN3342,customer3342@shopmail.com,2022-12-18,Silver,3
3343,3343,Customer3343,LN3343,customer3343@shopmail.com,2022-04-24,Silver,4
3344,3344,Customer3344,LN3344,customer3344@shopmail.com,2023-12-13,Bronze,7
3345,3345,Customer3345,LN3345,customer3345@shopmail.com,2023-09-11,Silver,4
3346,3346,Customer3346,LN3346,customer3346@shopmail.com,2024-05-23,Silver,3
3347,3347,Customer3347,LN3347,customer3347@shopmail.com,2023-11-24,Silver,4
3348,3348,Customer3348,LN3348,customer3348@shopmail.com,2022-05-28,Bronze,4
3349,3349,Customer3349,LN3349,customer3349@shopmail.com,2022-05-21,Bronze,7
3350,3350,Customer3350,LN3350,customer3350@shopmail.com,2024-06-16,Bronze,7
3351,3351,Customer3351,LN3351,customer3351@shopmail.com,2022-07-02,Gold,2
3352,3352,Customer3352,LN3352,customer3352@shopmail.com,2024-12-15,Gold,5
3353,3353,Customer3353,LN3353,customer3353@shopmail.com,2022-05-02,Silver,1
3354,3354,Customer3354,LN3354,customer3354@shopmail.com,2024-04-17,Bronze,5
3355,3355,Customer3355,LN3355,customer3355@shopmail.com,2025-01-26,Silver,5
3356,3356,Customer3356,LN3356,customer3356@shopmail.com,2023-05-23,Silver,3
3357,3357,Customer3357,LN3357,customer3357@shopmail.com,2022-03-07,Silver,3
3358,3358,Customer3358,LN3358,customer3358@shopmail.com,2024-10-05,Bronze,5
3359,3359,Customer3359,LN3359,customer3359@shopmail.com,2022-08-04,Gold,7
3360,3360,Customer3360,LN3360,customer3360@shopmail.com,2023-08-30,Bronze,3
3361,3361,Customer3361,LN3361,customer3361@shopmail.com,2025-02-06,Bronze,4
3362,3362,Customer3362,LN3362,customer3362@shopmail.com,2024-05-06,Gold,7
3363,3363,Customer3363,LN3363,customer3363@shopmail.com,2022-02-23,Bronze,7
3364,3364,Customer3364,LN3364,customer3364@shopmail.com,2024-08-01,Bronze,2
3365,3365,Customer3365,LN3365,customer3365@shopmail.com,2022-07-05,Silver,3
3366,3366,Customer3366,LN3366,customer3366@shopmail.com,2024-05-11,Gold,7
3367,3367,Customer3367,LN3367,customer3367@shopmail.com,2023-12-16,Bronze,1
3368,3368,Customer3368,LN3368,customer3368@shopmail.com,2022-11-28,Silver,1
3369,3369,Customer3369,LN3369,customer3369@shopmail.com,2023-05-03,Bronze,1
3370,3370,Customer3370,LN3370,customer3370@shopmail.com,2022-05-16,Bronze,3
3371,3371,Customer3371,LN3371,customer3371@shopmail.com,2025-02-08,Bronze,3
3372,3372,Customer3372,LN3372,customer3372@shopmail.com,2022-10-02,Silver,7
3373,3373,Customer3373,LN3373,customer3373@shopmail.com,2022-12-21,Bronze,5
3374,3374,Customer3374,LN3374,customer3374@shopmail.com,2023-08-02,Bronze,2
3375,3375,Customer3375,LN3375,customer3375@shopmail.com,2024-02-13,Silver,3
3376,3376,Customer3376,LN3376,customer3376@shopmail.com,2023-08-05,Silver,2
3377,3377,Customer3377,LN3377,customer3377@shopmail.com,2023-08-04,Silver,4
3378,3378,Customer3378,LN3378,customer3378@shopmail.com,2023-11-02,Silver,2
3379,3379,Customer3379,LN3379,customer3379@shopmail.com,2024-09-13,Bronze,3
3380,3380,Customer3380,LN3380,customer3380@shopmail.com,2023-03-31,Bronze,1
3381,3381,Customer3381,LN3381,customer3381@shopmail.com,2024-08-14,Bronze,4
3382,3382,Customer3382,LN3382,customer3382@shopmail.com,2024-06-23,Silver,2
3383,3383,Customer3383,LN3383,customer3383@shopmail.com,2025-01-10,Bronze,1
3384,3384,Customer3384,LN3384,customer3384@shopmail.com,2024-11-16,Bronze,7
3385,3385,Customer3385,LN3385,customer3385@shopmail.com,2024-07-06,Bronze,3
3386,3386,Customer3386,LN3386,customer3386@shopmail.com,2022-10-11,Bronze,5
3387,3387,Customer3387,LN3387,customer3387@shopmail.com,2024-06-09,Gold,5
3388,3388,Customer3388,LN3388,customer3388@shopmail.com,2024-04-27,Silver,3
3389,3389,Customer3389,LN3389,customer3389@shopmail.com,2022-11-29,Bronze,3
3390,3390,Customer3390,LN3390,customer3390@shopmail.com,2024-02-19,Silver,4
3391,3391,Customer3391,LN3391,customer3391@shopmail.com,2022-10-18,Silver,3
3392,3392,Customer3392,LN3392,customer3392@shopmail.com,2023-08-25,Bronze,5
3393,3393,Customer3393,LN3393,customer3393@shopmail.com,2024-07-05,Bronze,3
3394,3394,Customer3394,LN3394,customer3394@shopmail.com,2022-08-05,Silver,2
3395,3395,Customer3395,LN3395,customer3395@shopmail.com,2023-01-23,Bronze,2
3396,3396,Customer3396,LN3396,customer3396@shopmail.com,2024-07-03,Silver,3
3397,3397,Customer3397,LN3397,customer3397@shopmail.com,2023-06-06,Silver,7
3398,3398,Customer3398,LN3398,customer3398@shopmail.com,2025-01-09,Silver,4
3399,3399,Customer3399,LN3399,customer3399@shopmail.com,2022-01-10,Gold,3
3400,3400,Customer3400,LN3400,customer3400@shopmail.com,2024-04-10,Silver,2
3401,3401,Customer3401,LN3401,customer3401@shopmail.com,2024-07-25,Silver,7
3402,3402,Customer3402,LN3402,customer3402@shopmail.com,2024-11-21,Bronze,4
3403,3403,Customer3403,LN3403,customer3403@shopmail.com,2022-06-30,Silver,2
3404,3404,Customer3404,LN3404,customer3404@shopmail.com,2025-02-05,Silver,7
3405,3405,Customer3405,LN3405,customer3405@shopmail.com,2023-03-28,Gold,3
3406,3406,Customer3406,LN3406,customer3406@shopmail.com,2023-02-09,Silver,2
3407,3407,Customer3407,LN3407,customer3407@shopmail.com,2023-02-13,Bronze,2
3408,3408,Customer3408,LN3408,customer3408@shopmail.com,2024-01-04,Silver,5
3409,3409,Customer3409,LN3409,customer3409@shopmail.com,2024-01-29,Gold,2
3410,3410,Customer3410,LN3410,customer3410@shopmail.com,2023-06-30,Silver,7
3411,3411,Customer3411,LN3411,customer3411@shopmail.com,2022-03-23,Silver,3
3412,3412,Customer3412,LN3412,customer3412@shopmail.com,2025-02-08,Silver,7
3413,3413,Customer3413,LN3413,customer3413@shopmail.com,2022-09-13,Silver,4
3414,3414,Customer3414,LN3414,customer3414@shopmail.com,2022-04-18,Bronze,4
3415,3415,Customer3415,LN3415,customer3415@shopmail.com,2023-11-18,Bronze,7
3416,3416,Customer3416,LN3416,customer3416@shopmail.com,2023-04-20,Silver,2
3417,3417,Customer3417,LN3417,customer3417@shopmail.com,2023-12-09,Gold,5
3418,3418,Customer3418,LN3418,customer3418@shopmail.com,2024-10-03,Gold,1
3419,3419,Customer3419,LN3419,customer3419@shopmail.com,2022-04-22,Bronze,7
3420,3420,Customer3420,LN3420,customer3420@shopmail.com,2022-11-23,Bronze,4
3421,3421,Customer3421,LN3421,customer3421@shopmail.com,2023-08-18,Bronze,7
3422,3422,Customer3422,LN3422,customer3422@shopmail.com,2024-06-24,Silver,7
3423,3423,Customer3423,LN3423,customer3423@shopmail.com,2023-11-22,Silver,4
3424,3424,Customer3424,LN3424,customer3424@shopmail.com,2023-03-17,Gold,1
3425,3425,Customer3425,LN3425,customer3425@shopmail.com,2023-12-03,Bronze,2
3426,3426,Customer3426,LN3426,customer3426@shopmail.com,2025-01-31,Silver,1
3427,3427,Customer3427,LN3427,customer3427@shopmail.com,2023-07-07,Silver,4
3428,3428,Customer3428,LN3428,customer3428@shopmail.com,2024-10-13,Bronze,2
3429,3429,Customer3429,LN3429,customer3429@shopmail.com,2024-06-15,Gold,5
3430,3430,Customer3430,LN3430,customer3430@shopmail.com,2022-12-13,Silver,5
3431,3431,Customer3431,LN3431,customer3431@shopmail.com,2022-10-14,Bronze,2
3432,3432,Customer3432,LN3432,customer3432@shopmail.com,2024-06-04,Bronze,4
3433,3433,Customer3433,LN3433,customer3433@shopmail.com,2022-08-27,Gold,2
3434,3434,Customer3434,LN3434,customer3434@shopmail.com,2023-01-23,Silver,7
3435,3435,Customer3435,LN3435,customer3435@shopmail.com,2022-09-28,Silver,1
3436,3436,Customer3436,LN3436,customer3436@shopmail.com,2023-11-29,Silver,2
3437,3437,Customer3437,LN3437,customer3437@shopmail.com,2022-12-05,Bronze,4
3438,3438,Customer3438,LN3438,customer3438@shopmail.com,2024-01-28,Silver,3
3439,3439,Customer3439,LN3439,customer3439@shopmail.com,2024-12-11,Gold,4
3440,3440,Customer3440,LN3440,customer3440@shopmail.com,2024-08-12,Bronze,7
3441,3441,Customer3441,LN3441,customer3441@shopmail.com,2024-12-26,Silver,1
3442,3442,Customer3442,LN3442,customer3442@shopmail.com,2022-01-29,Bronze,4
3443,3443,Customer3443,LN3443,customer3443@shopmail.com,2023-06-08,Bronze,4
3444,3444,Customer3444,LN3444,customer3444@shopmail.com,2022-09-11,Bronze,2
3445,3445,Customer3445,LN3445,customer3445@shopmail.com,2024-11-21,Gold,7
3446,3446,Customer3446,LN3446,missing_3446@shopmail.com,2024-03-29,Bronze,1
3447,3447,Customer3447,LN3447,customer3447@shopmail.com,2023-01-04,Bronze,1
3448,3448,Customer3448,LN3448,customer3448@shopmail.com,2023-10-11,Silver,2
3449,3449,Customer3449,LN3449,missing_3449@shopmail.com,2023-11-28,Bronze,7
3450,3450,Customer3450,LN3450,customer3450@shopmail.com,2023-07-24,Silver,4
3451,3451,Customer3451,LN3451,customer3451@shopmail.com,2023-06-30,Gold,5
3452,3452,Customer3452,LN3452,customer3452@shopmail.com,2022-03-05,Bronze,3
3453,3453,Customer3453,LN3453,customer3453@shopmail.com,2023-06-05,Bronze,7
3454,3454,Customer3454,LN3454,customer3454@shopmail.com,2023-02-05,Gold,5
3455,3455,Customer3455,LN3455,customer3455@shopmail.com,2024-07-29,Bronze,3
3456,3456,Customer3456,LN3456,customer3456@shopmail.com,2024-09-21,Bronze,4
3457,3457,Customer3457,LN3457,customer3457@shopmail.com,2024-05-12,Gold,3
3458,3458,Customer3458,LN3458,customer3458@shopmail.com,2022-02-05,Gold,5
3459,3459,Customer3459,LN3459,customer3459@shopmail.com,2024-08-25,Silver,1
3460,3460,Customer3460,LN3460,customer3460@shopmail.com,2023-04-01,Silver,4
3461,3461,Customer3461,LN3461,customer3461@shopmail.com,2023-04-24,Gold,7
3462,3462,Customer3462,LN3462,customer3462@shopmail.com,2024-12-22,Silver,3
3463,3463,Customer3463,LN3463,customer3463@shopmail.com,2024-09-24,Silver,7
3464,3464,Customer3464,LN3464,customer3464@shopmail.com,2022-02-28,Silver,2
3465,3465,Customer3465,LN3465,customer3465@shopmail.com,2023-02-18,Silver,1
3466,3466,Customer3466,LN3466,customer3466@shopmail.com,2024-05-12,Silver,7
3467,3467,Customer3467,LN3467,customer3467@shopmail.com,2023-09-12,Bronze,1
3468,3468,Customer3468,LN3468,customer3468@shopmail.com,2022-10-24,Silver,7
3469,3469,Customer3469,LN3469,customer3469@shopmail.com,2023-08-27,Silver,7
3470,3470,Customer3470,LN3470,customer3470@shopmail.com,2024-09-23,Bronze,2
3471,3471,Customer3471,LN3471,customer3471@shopmail.com,2022-09-14,Bronze,5
3472,3472,Customer3472,LN3472,customer3472@shopmail.com,2024-05-07,Silver,4
3473,3473,Customer3473,LN3473,customer3473@shopmail.com,2024-04-24,Bronze,1
3474,3474,Customer3474,LN3474,customer3474@shopmail.com,2024-10-15,Bronze,1
3475,3475,Customer3475,LN3475,customer3475@shopmail.com,2022-12-09,Bronze,7
3476,3476,Customer3476,LN3476,customer3476@shopmail.com,2022-09-06,Bronze,3
3477,3477,Customer3477,LN3477,customer3477@shopmail.com,2023-09-22,Silver,1
3478,3478,Customer3478,LN3478,customer3478@shopmail.com,2023-09-03,Bronze,5
3479,3479,Customer3479,LN3479,customer3479@shopmail.com,2023-04-16,Bronze,5
3480,3480,Customer3480,LN3480,customer3480@shopmail.com,2024-06-15,Silver,5
3481,3481,Customer3481,LN3481,customer3481@shopmail.com,2024-07-07,Bronze,5
3482,3482,Customer3482,LN3482,customer3482@shopmail.com,2022-10-10,Bronze,7
3483,3483,Customer3483,LN3483,customer3483@shopmail.com,2024-07-03,Silver,3
3484,3484,Customer3484,LN3484,customer3484@shopmail.com,2022-09-23,Silver,7
3485,3485,Customer3485,LN3485,customer3485@shopmail.com,2023-04-14,Silver,2
3486,3486,Customer3486,LN3486,customer3486@shopmail.com,2022-02-01,Silver,1
3487,3487,Customer3487,LN3487,customer3487@shopmail.com,2023-01-27,Gold,1
3488,3488,Customer3488,LN3488,customer3488@shopmail.com,2025-01-07,Bronze,6
3489,3489,Customer3489,LN3489,customer3489@shopmail.com,2023-05-24,Silver,5
3490,3490,Customer3490,LN3490,customer3490@shopmail.com,2024-03-27,Silver,7
3491,3491,Customer3491,LN3491,customer3491@shopmail.com,2022-05-05,Bronze,1
3492,3492,Customer3492,LN3492,customer3492@shopmail.com,2024-01-01,Gold,4
3493,3493,Customer3493,LN3493,customer3493@shopmail.com,2023-03-04,Bronze,1
3494,3494,Customer3494,LN3494,customer3494@shopmail.com,2024-05-05,Gold,3
3495,3495,Customer3495,LN3495,customer3495@shopmail.com,2024-12-03,Silver,4
3496,3496,Customer3496,LN3496,customer3496@shopmail.com,2023-09-04,Silver,2
3497,3497,Customer3497,LN3497,customer3497@shopmail.com,2022-04-29,Bronze,3
3498,3498,Customer3498,LN3498,customer3498@shopmail.com,2023-07-02,Gold,4
3499,3499,Customer3499,LN3499,customer3499@shopmail.com,2022-05-22,Silver,5
3500,3500,Customer3500,LN3500,customer3500@shopmail.com,2023-06-01,Bronze,7
3501,3501,Customer3501,LN3501,customer3501@shopmail.com,2022-03-12,Bronze,4
3502,3502,Customer3502,LN3502,customer3502@shopmail.com,2024-01-07,Silver,1
3503,3503,Customer3503,LN3503,customer3503@shopmail.com,2022-12-24,Bronze,4
3504,3504,Customer3504,LN3504,customer3504@shopmail.com,2022-08-20,Silver,2
3505,3505,Customer3505,LN3505,customer3505@shopmail.com,2022-01-20,Silver,2
3506,3506,Customer3506,LN3506,customer3506@shopmail.com,2024-10-18,Bronze,4
3507,3507,Customer3507,LN3507,customer3507@shopmail.com,2024-08-20,Silver,1
3508,3508,Customer3508,LN3508,customer3508@shopmail.com,2024-07-22,Bronze,5
3509,3509,Customer3509,LN3509,customer3509@shopmail.com,2022-03-08,Gold,2
3510,3510,Customer3510,LN3510,customer3510@shopmail.com,2023-02-06,Gold,3
3511,3511,Customer3511,LN3511,customer3511@shopmail.com,2025-01-22,Bronze,7
3512,3512,Customer3512,LN3512,customer3512@shopmail.com,2023-10-28,Silver,2
3513,3513,Customer3513,LN3513,customer3513@shopmail.com,2022-05-28,Silver,3
3514,3514,Customer3514,LN3514,customer3514@shopmail.com,2022-06-12,Gold,2
3515,3515,Customer3515,LN3515,customer3515@shopmail.com,2022-10-30,Bronze,5
3516,3516,Customer3516,LN3516,customer3516@shopmail.com,2025-01-23,Silver,1
3517,3517,Customer3517,LN3517,customer3517@shopmail.com,2022-07-15,Gold,5
3518,3518,Customer3518,LN3518,missing_3518@shopmail.com,2024-11-04,Bronze,3
3519,3519,Customer3519,LN3519,customer3519@shopmail.com,2024-02-19,Silver,3
3520,3520,Customer3520,LN3520,customer3520@shopmail.com,2024-11-26,Bronze,4
3521,3521,Customer3521,LN3521,customer3521@shopmail.com,2024-08-07,Silver,5
3522,3522,Customer3522,LN3522,customer3522@shopmail.com,2023-01-17,Bronze,3
3523,3523,Customer3523,LN3523,customer3523@shopmail.com,2024-08-10,Gold,7
3524,3524,Customer3524,LN3524,customer3524@shopmail.com,2022-07-14,Bronze,3
3525,3525,Customer3525,LN3525,customer3525@shopmail.com,2022-12-01,Bronze,1
3526,3526,Customer3526,LN3526,customer3526@shopmail.com,2022-09-01,Silver,4
3527,3527,Customer3527,LN3527,customer3527@shopmail.com,2022-06-03,Silver,5
3528,3528,Customer3528,LN3528,customer3528@shopmail.com,2022-04-14,Silver,7
3529,3529,Customer3529,LN3529,customer3529@shopmail.com,2022-08-04,Silver,3
3530,3530,Customer3530,LN3530,customer3530@shopmail.com,2022-05-19,Bronze,7
3531,3531,Customer3531,LN3531,customer3531@shopmail.com,2023-03-14,Silver,6
3532,3532,Customer3532,LN3532,customer3532@shopmail.com,2022-03-24,Bronze,5
3533,3533,Customer3533,LN3533,customer3533@shopmail.com,2022-03-12,Bronze,4
3534,3534,Customer3534,LN3534,customer3534@shopmail.com,2025-02-12,Gold,1
3535,3535,Customer3535,LN3535,customer3535@shopmail.com,2022-04-11,Silver,1
3536,3536,Customer3536,LN3536,customer3536@shopmail.com,2022-03-27,Bronze,7
3537,3537,Customer3537,LN3537,customer3537@shopmail.com,2022-02-04,Bronze,5
3538,3538,Customer3538,LN3538,customer3538@shopmail.com,2022-06-02,Gold,7
3539,3539,Customer3539,LN3539,customer3539@shopmail.com,2023-08-31,Bronze,2
3540,3540,Customer3540,LN3540,customer3540@shopmail.com,2024-08-09,Bronze,7
3541,3541,Customer3541,LN3541,customer3541@shopmail.com,2024-04-25,Bronze,5
3542,3542,Customer3542,LN3542,customer3542@shopmail.com,2023-10-30,Bronze,3
3543,3543,Customer3543,LN3543,customer3543@shopmail.com,2022-04-08,Bronze,1
3544,3544,Customer3544,LN3544,customer3544@shopmail.com,2024-06-09,Gold,1
3545,3545,Customer3545,LN3545,customer3545@shopmail.com,2022-02-12,Bronze,2
3546,3546,Customer3546,LN3546,customer3546@shopmail.com,2023-12-27,Silver,7
3547,3547,Customer3547,LN3547,customer3547@shopmail.com,2023-04-16,Silver,7
3548,3548,Customer3548,LN3548,customer3548@shopmail.com,2024-10-11,Silver,3
3549,3549,Customer3549,LN3549,customer3549@shopmail.com,2022-12-20,Silver,2
3550,3550,Customer3550,LN3550,customer3550@shopmail.com,2024-01-05,Silver,4
3551,3551,Customer3551,LN3551,customer3551@shopmail.com,2023-05-21,Silver,3
3552,3552,Customer3552,LN3552,customer3552@shopmail.com,2023-08-24,Silver,2
3553,3553,Customer3553,LN3553,customer3553@shopmail.com,2024-12-15,Silver,5
3554,3554,Customer3554,LN3554,missing_3554@shopmail.com,2024-03-30,Silver,1
3555,3555,Customer3555,LN3555,customer3555@shopmail.com,2023-04-22,Silver,3
3556,3556,Customer3556,LN3556,customer3556@shopmail.com,2023-05-30,Bronze,3
3557,3557,Customer3557,LN3557,customer3557@shopmail.com,2024-03-21,Silver,3
3558,3558,Customer3558,LN3558,customer3558@shopmail.com,2023-02-02,Silver,4
3559,3559,Customer3559,LN3559,customer3559@shopmail.com,2022-07-13,Bronze,5
3560,3560,Customer3560,LN3560,customer3560@shopmail.com,2023-06-22,Gold,7
3561,3561,Customer3561,LN3561,customer3561@shopmail.com,2022-03-20,Bronze,3
3562,3562,Customer3562,LN3562,customer3562@shopmail.com,2022-07-15,Bronze,2
3563,3563,Customer3563,LN3563,customer3563@shopmail.com,2023-04-29,Gold,3
3564,3564,Customer3564,LN3564,customer3564@shopmail.com,2024-07-05,Bronze,1
3565,3565,Customer3565,LN3565,customer3565@shopmail.com,2024-06-17,Bronze,2
3566,3566,Customer3566,LN3566,customer3566@shopmail.com,2022-10-27,Bronze,5
3567,3567,Customer3567,LN3567,customer3567@shopmail.com,2023-05-01,Gold,7
3568,3568,Customer3568,LN3568,customer3568@shopmail.com,2022-06-26,Bronze,2
3569,3569,Customer3569,LN3569,customer3569@shopmail.com,2024-05-18,Silver,2
3570,3570,Customer3570,LN3570,customer3570@shopmail.com,2022-10-11,Silver,3
3571,3571,Customer3571,LN3571,customer3571@shopmail.com,2024-07-08,Silver,3
3572,3572,Customer3572,LN3572,customer3572@shopmail.com,2024-08-26,Gold,2
3573,3573,Customer3573,LN3573,customer3573@shopmail.com,2024-03-03,Silver,3
3574,3574,Customer3574,LN3574,customer3574@shopmail.com,2023-01-15,Bronze,3
3575,3575,Customer3575,LN3575,customer3575@shopmail.com,2024-12-31,Gold,3
3576,3576,Customer3576,LN3576,customer3576@shopmail.com,2024-02-28,Silver,4
3577,3577,Customer3577,LN3577,customer3577@shopmail.com,2024-01-13,Bronze,6
3578,3578,Customer3578,LN3578,customer3578@shopmail.com,2024-09-11,Bronze,3
3579,3579,Customer3579,LN3579,customer3579@shopmail.com,2024-10-10,Silver,3
3580,3580,Customer3580,LN3580,customer3580@shopmail.com,2022-03-31,Bronze,5
3581,3581,Customer3581,LN3581,customer3581@shopmail.com,2024-10-10,Silver,4
3582,3582,Customer3582,LN3582,customer3582@shopmail.com,2024-05-29,Bronze,2
3583,3583,Customer3583,LN3583,customer3583@shopmail.com,2022-08-26,Silver,4
3584,3584,Customer3584,LN3584,customer3584@shopmail.com,2022-12-20,Bronze,2
3585,3585,Customer3585,LN3585,customer3585@shopmail.com,2024-05-15,Silver,4
3586,3586,Customer3586,LN3586,customer3586@shopmail.com,2022-09-07,Bronze,2
3587,3587,Customer3587,LN3587,customer3587@shopmail.com,2023-06-05,Bronze,7
3588,3588,Customer3588,LN3588,customer3588@shopmail.com,2024-03-03,Bronze,5
3589,3589,Customer3589,LN3589,customer3589@shopmail.com,2024-01-19,Bronze,5
3590,3590,Customer3590,LN3590,customer3590@shopmail.com,2024-11-12,Silver,7
3591,3591,Customer3591,LN3591,customer3591@shopmail.com,2022-05-09,Silver,1
3592,3592,Customer3592,LN3592,customer3592@shopmail.com,2022-12-06,Bronze,1
3593,3593,Customer3593,LN3593,customer3593@shopmail.com,2025-02-06,Gold,4
3594,3594,Customer3594,LN3594,customer3594@shopmail.com,2023-10-17,Bronze,1
3595,3595,Customer3595,LN3595,customer3595@shopmail.com,2022-10-14,Bronze,4
3596,3596,Customer3596,LN3596,customer3596@shopmail.com,2022-11-30,Silver,5
3597,3597,Customer3597,LN3597,customer3597@shopmail.com,2023-01-26,Silver,3
3598,3598,Customer3598,LN3598,customer3598@shopmail.com,2023-09-30,Silver,5
3599,3599,Customer3599,LN3599,customer3599@shopmail.com,2022-11-24,Bronze,4
3600,3600,Customer3600,LN3600,customer3600@shopmail.com,2023-12-17,Bronze,7
3601,3601,Customer3601,LN3601,customer3601@shopmail.com,2023-05-28,Silver,7
3602,3602,Customer3602,LN3602,customer3602@shopmail.com,2023-12-03,Bronze,1
3603,3603,Customer3603,LN3603,customer3603@shopmail.com,2022-06-28,Bronze,4
3604,3604,Customer3604,LN3604,customer3604@shopmail.com,2023-12-19,Gold,7
3605,3605,Customer3605,LN3605,customer3605@shopmail.com,2024-11-29,Silver,4
3606,3606,Customer3606,LN3606,customer3606@shopmail.com,2022-06-05,Bronze,3
3607,3607,Customer3607,LN3607,customer3607@shopmail.com,2023-01-12,Bronze,4
3608,3608,Customer3608,LN3608,customer3608@shopmail.com,2024-03-08,Silver,1
3609,3609,Customer3609,LN3609,customer3609@shopmail.com,2023-12-12,Bronze,7
3610,3610,Customer3610,LN3610,customer3610@shopmail.com,2024-02-15,Bronze,2
3611,3611,Customer3611,LN3611,customer3611@shopmail.com,2023-10-06,Bronze,4
3612,3612,Customer3612,LN3612,customer3612@shopmail.com,2024-02-24,Silver,2
3613,3613,Customer3613,LN3613,customer3613@shopmail.com,2023-12-02,Silver,6
3614,3614,Customer3614,LN3614,customer3614@shopmail.com,2022-03-27,Bronze,5
3615,3615,Customer3615,LN3615,customer3615@shopmail.com,2024-05-13,Bronze,4
3616,3616,Customer3616,LN3616,customer3616@shopmail.com,2023-05-29,Silver,1
3617,3617,Customer3617,LN3617,customer3617@shopmail.com,2022-03-01,Silver,7
3618,3618,Customer3618,LN3618,customer3618@shopmail.com,2023-04-16,Silver,3
3619,3619,Customer3619,LN3619,customer3619@shopmail.com,2023-05-16,Bronze,2
3620,3620,Customer3620,LN3620,customer3620@shopmail.com,2022-04-10,Silver,5
3621,3621,Customer3621,LN3621,customer3621@shopmail.com,2025-02-19,Gold,2
3622,3622,Customer3622,LN3622,customer3622@shopmail.com,2022-09-13,Silver,5
3623,3623,Customer3623,LN3623,customer3623@shopmail.com,2023-01-16,Bronze,3
3624,3624,Customer3624,LN3624,customer3624@shopmail.com,2023-05-23,Silver,7
3625,3625,Customer3625,LN3625,customer3625@shopmail.com,2024-08-15,Bronze,4
3626,3626,Customer3626,LN3626,customer3626@shopmail.com,2024-05-04,Bronze,6
3627,3627,Customer3627,LN3627,customer3627@shopmail.com,2024-06-05,Bronze,7
3628,3628,Customer3628,LN3628,customer3628@shopmail.com,2022-09-30,Gold,7
3629,3629,Customer3629,LN3629,customer3629@shopmail.com,2024-08-30,Bronze,4
3630,3630,Customer3630,LN3630,customer3630@shopmail.com,2024-08-12,Gold,2
3631,3631,Customer3631,LN3631,customer3631@shopmail.com,2023-06-18,Silver,1
3632,3632,Customer3632,LN3632,customer3632@shopmail.com,2023-09-20,Silver,5
3633,3633,Customer3633,LN3633,customer3633@shopmail.com,2022-02-12,Bronze,1
3634,3634,Customer3634,LN3634,customer3634@shopmail.com,2024-05-24,Silver,3
3635,3635,Customer3635,LN3635,customer3635@shopmail.com,2025-01-10,Bronze,7
3636,3636,Customer3636,LN3636,customer3636@shopmail.com,2023-06-28,Bronze,7
3637,3637,Customer3637,LN3637,customer3637@shopmail.com,2023-09-14,Bronze,2
3638,3638,Customer3638,LN3638,customer3638@shopmail.com,2023-07-29,Bronze,3
3639,3639,Customer3639,LN3639,customer3639@shopmail.com,2022-04-06,Silver,7
3640,3640,Customer3640,LN3640,customer3640@shopmail.com,2023-12-14,Bronze,1
3641,3641,Customer3641,LN3641,customer3641@shopmail.com,2024-04-09,Bronze,5
3642,3642,Customer3642,LN3642,customer3642@shopmail.com,2024-12-03,Gold,7
3643,3643,Customer3643,LN3643,customer3643@shopmail.com,2024-12-05,Bronze,3
3644,3644,Customer3644,LN3644,customer3644@shopmail.com,2023-07-20,Bronze,5
3645,3645,Customer3645,LN3645,customer3645@shopmail.com,2025-01-07,Bronze,2
3646,3646,Customer3646,LN3646,customer3646@shopmail.com,2023-08-31,Bronze,5
3647,3647,Customer3647,LN3647,customer3647@shopmail.com,2024-01-09,Silver,7
3648,3648,Customer3648,LN3648,customer3648@shopmail.com,2023-11-24,Bronze,2
3649,3649,Customer3649,LN3649,customer3649@shopmail.com,2025-02-22,Bronze,7
3650,3650,Customer3650,LN3650,customer3650@shopmail.com,2024-04-28,Silver,4
3651,3651,Customer3651,LN3651,customer3651@shopmail.com,2022-05-19,Bronze,3
3652,3652,Customer3652,LN3652,customer3652@shopmail.com,2022-03-24,Gold,5
3653,3653,Customer3653,LN3653,customer3653@shopmail.com,2023-04-17,Gold,4
3654,3654,Customer3654,LN3654,customer3654@shopmail.com,2023-08-17,Bronze,2
3655,3655,Customer3655,LN3655,customer3655@shopmail.com,2024-02-08,Bronze,2
3656,3656,Customer3656,LN3656,customer3656@shopmail.com,2023-07-08,Bronze,7
3657,3657,Customer3657,LN3657,customer3657@shopmail.com,2023-08-15,Bronze,1
3658,3658,Customer3658,LN3658,customer3658@shopmail.com,2024-11-25,Bronze,3
3659,3659,Customer3659,LN3659,customer3659@shopmail.com,2023-01-21,Silver,4
3660,3660,Customer3660,LN3660,customer3660@shopmail.com,2023-07-22,Bronze,3
3661,3661,Customer3661,LN3661,customer3661@shopmail.com,2023-10-03,Bronze,3
3662,3662,Customer3662,LN3662,customer3662@shopmail.com,2023-06-23,Bronze,2
3663,3663,Customer3663,LN3663,customer3663@shopmail.com,2025-01-18,Gold,5
3664,3664,Customer3664,LN3664,customer3664@shopmail.com,2025-01-11,Gold,3
3665,3665,Customer3665,LN3665,customer3665@shopmail.com,2023-08-14,Bronze,4
3666,3666,Customer3666,LN3666,customer3666@shopmail.com,2023-06-03,Silver,2
3667,3667,Customer3667,LN3667,customer3667@shopmail.com,2023-11-09,Bronze,3
3668,3668,Customer3668,LN3668,customer3668@shopmail.com,2022-07-28,Silver,1
3669,3669,Customer3669,LN3669,customer3669@shopmail.com,2023-05-05,Silver,2
3670,3670,Customer3670,LN3670,customer3670@shopmail.com,2022-09-07,Gold,3
3671,3671,Customer3671,LN3671,customer3671@shopmail.com,2022-06-15,Bronze,7
3672,3672,Customer3672,LN3672,customer3672@shopmail.com,2022-04-20,Bronze,2
3673,3673,Customer3673,LN3673,customer3673@shopmail.com,2023-11-07,Gold,4
3674,3674,Customer3674,LN3674,customer3674@shopmail.com,2022-01-01,Bronze,2
3675,3675,Customer3675,LN3675,customer3675@shopmail.com,2024-01-14,Bronze,3
3676,3676,Customer3676,LN3676,customer3676@shopmail.com,2023-05-12,Silver,2
3677,3677,Customer3677,LN3677,customer3677@shopmail.com,2023-02-26,Silver,7
3678,3678,Customer3678,LN3678,customer3678@shopmail.com,2024-06-03,Silver,5
3679,3679,Customer3679,LN3679,customer3679@shopmail.com,2023-09-12,Silver,5
3680,3680,Customer3680,LN3680,customer3680@shopmail.com,2024-04-23,Silver,7
3681,3681,Customer3681,LN3681,customer3681@shopmail.com,2024-03-26,Bronze,3
3682,3682,Customer3682,LN3682,customer3682@shopmail.com,2022-02-06,Silver,2
3683,3683,Customer3683,LN3683,customer3683@shopmail.com,2022-09-05,Silver,2
3684,3684,Customer3684,LN3684,customer3684@shopmail.com,2023-10-18,Gold,2
3685,3685,Customer3685,LN3685,customer3685@shopmail.com,2025-01-26,Bronze,7
3686,3686,Customer3686,LN3686,customer3686@shopmail.com,2022-06-27,Bronze,5
3687,3687,Customer3687,LN3687,customer3687@shopmail.com,2022-05-02,Silver,2
3688,3688,Customer3688,LN3688,customer3688@shopmail.com,2024-12-18,Bronze,4
3689,3689,Customer3689,LN3689,customer3689@shopmail.com,2025-01-16,Bronze,5
3690,3690,Customer3690,LN3690,customer3690@shopmail.com,2022-07-12,Silver,7
3691,3691,Customer3691,LN3691,customer3691@shopmail.com,2023-04-07,Silver,1
3692,3692,Customer3692,LN3692,customer3692@shopmail.com,2023-12-22,Bronze,3
3693,3693,Customer3693,LN3693,customer3693@shopmail.com,2022-08-13,Bronze,3
3694,3694,Customer3694,LN3694,customer3694@shopmail.com,2023-01-11,Bronze,7
3695,3695,Customer3695,LN3695,customer3695@shopmail.com,2023-03-31,Silver,1
3696,3696,Customer3696,LN3696,customer3696@shopmail.com,2024-01-08,Bronze,3
3697,3697,Customer3697,LN3697,customer3697@shopmail.com,2022-12-21,Bronze,7
3698,3698,Customer3698,LN3698,customer3698@shopmail.com,2023-04-20,Bronze,5
3699,3699,Customer3699,LN3699,customer3699@shopmail.com,2022-11-30,Bronze,1
3700,3700,Customer3700,LN3700,customer3700@shopmail.com,2024-05-23,Bronze,7
3701,3701,Customer3701,LN3701,customer3701@shopmail.com,2022-06-25,Bronze,5
3702,3702,Customer3702,LN3702,customer3702@shopmail.com,2022-09-23,Silver,4
3703,3703,Customer3703,LN3703,customer3703@shopmail.com,2022-10-15,Bronze,3
3704,3704,Customer3704,LN3704,customer3704@shopmail.com,2024-11-07,Bronze,2
3705,3705,Customer3705,LN3705,customer3705@shopmail.com,2024-12-22,Bronze,7
3706,3706,Customer3706,LN3706,customer3706@shopmail.com,2023-07-30,Bronze,5
3707,3707,Customer3707,LN3707,customer3707@shopmail.com,2022-06-29,Bronze,5
3708,3708,Customer3708,LN3708,customer3708@shopmail.com,2024-05-19,Bronze,2
3709,3709,Customer3709,LN3709,customer3709@shopmail.com,2023-07-20,Bronze,1
3710,3710,Customer3710,LN3710,customer3710@shopmail.com,2024-09-04,Bronze,3
3711,3711,Customer3711,LN3711,customer3711@shopmail.com,2023-02-18,Silver,4
3712,3712,Customer3712,LN3712,customer3712@shopmail.com,2025-02-22,Bronze,7
3713,3713,Customer3713,LN3713,customer3713@shopmail.com,2024-07-17,Silver,3
3714,3714,Customer3714,LN3714,customer3714@shopmail.com,2022-09-15,Silver,3
3715,3715,Customer3715,LN3715,customer3715@shopmail.com,2024-04-14,Bronze,5
3716,3716,Customer3716,LN3716,customer3716@shopmail.com,2022-11-26,Bronze,4
3717,3717,Customer3717,LN3717,customer3717@shopmail.com,2023-02-07,Bronze,7
3718,3718,Customer3718,LN3718,customer3718@shopmail.com,2022-10-15,Bronze,1
3719,3719,Customer3719,LN3719,customer3719@shopmail.com,2024-02-24,Silver,5
3720,3720,Customer3720,LN3720,customer3720@shopmail.com,2022-10-30,Bronze,7
3721,3721,Customer3721,LN3721,customer3721@shopmail.com,2024-01-05,Silver,7
3722,3722,Customer3722,LN3722,customer3722@shopmail.com,2023-11-01,Bronze,4
3723,3723,Customer3723,LN3723,customer3723@shopmail.com,2024-05-13,Silver,7
3724,3724,Customer3724,LN3724,customer3724@shopmail.com,2025-02-16,Silver,5
3725,3725,Customer3725,LN3725,customer3725@shopmail.com,2022-01-11,Silver,3
3726,3726,Customer3726,LN3726,customer3726@shopmail.com,2025-02-12,Gold,5
3727,3727,Customer3727,LN3727,customer3727@shopmail.com,2022-05-06,Gold,3
3728,3728,Customer3728,LN3728,customer3728@shopmail.com,2023-08-29,Bronze,3
3729,3729,Customer3729,LN3729,customer3729@shopmail.com,2023-01-28,Bronze,3
3730,3730,Customer3730,LN3730,customer3730@shopmail.com,2024-01-05,Bronze,7
3731,3731,Customer3731,LN3731,customer3731@shopmail.com,2024-04-09,Bronze,5
3732,3732,Customer3732,LN3732,customer3732@shopmail.com,2024-09-15,Silver,2
3733,3733,Customer3733,LN3733,customer3733@shopmail.com,2023-04-08,Bronze,1
3734,3734,Customer3734,LN3734,customer3734@shopmail.com,2024-12-08,Bronze,1
3735,3735,Customer3735,LN3735,customer3735@shopmail.com,2023-01-06,Silver,7
3736,3736,Customer3736,LN3736,customer3736@shopmail.com,2022-08-23,Bronze,5
3737,3737,Customer3737,LN3737,customer3737@shopmail.com,2023-03-13,Silver,1
3738,3738,Customer3738,LN3738,customer3738@shopmail.com,2023-08-31,Bronze,2
3739,3739,Customer3739,LN3739,customer3739@shopmail.com,2024-02-08,Silver,7
3740,3740,Customer3740,LN3740,customer3740@shopmail.com,2024-08-15,Silver,1
3741,3741,Customer3741,LN3741,customer3741@shopmail.com,2022-09-16,Bronze,2
3742,3742,Customer3742,LN3742,customer3742@shopmail.com,2022-12-15,Silver,4
3743,3743,Customer3743,LN3743,customer3743@shopmail.com,2024-12-15,Bronze,3
3744,3744,Customer3744,LN3744,customer3744@shopmail.com,2023-05-21,Silver,2
3745,3745,Customer3745,LN3745,customer3745@shopmail.com,2022-10-05,Silver,1
3746,3746,Customer3746,LN3746,customer3746@shopmail.com,2025-02-07,Bronze,5
3747,3747,Customer3747,LN3747,customer3747@shopmail.com,2023-06-01,Silver,2
3748,3748,Customer3748,LN3748,customer3748@shopmail.com,2025-02-06,Gold,2
3749,3749,Customer3749,LN3749,customer3749@shopmail.com,2024-11-23,Silver,3
3750,3750,Customer3750,LN3750,customer3750@shopmail.com,2024-11-08,Silver,5
3751,3751,Customer3751,LN3751,customer3751@shopmail.com,2023-11-01,Silver,4
3752,3752,Customer3752,LN3752,customer3752@shopmail.com,2024-07-07,Bronze,4
3753,3753,Customer3753,LN3753,customer3753@shopmail.com,2025-01-09,Silver,1
3754,3754,Customer3754,LN3754,customer3754@shopmail.com,2022-11-06,Silver,7
3755,3755,Customer3755,LN3755,customer3755@shopmail.com,2022-02-13,Bronze,7
3756,3756,Customer3756,LN3756,customer3756@shopmail.com,2023-01-04,Bronze,4
3757,3757,Customer3757,LN3757,customer3757@shopmail.com,2024-01-03,Bronze,7
3758,3758,Customer3758,LN3758,customer3758@shopmail.com,2023-09-22,Bronze,3
3759,3759,Customer3759,LN3759,customer3759@shopmail.com,2022-04-03,Bronze,4
3760,3760,Customer3760,LN3760,customer3760@shopmail.com,2023-10-07,Bronze,2
3761,3761,Customer3761,LN3761,customer3761@shopmail.com,2022-07-20,Silver,3
3762,3762,Customer3762,LN3762,customer3762@shopmail.com,2023-08-05,Bronze,5
3763,3763,Customer3763,LN3763,customer3763@shopmail.com,2023-10-25,Bronze,7
3764,3764,Customer3764,LN3764,customer3764@shopmail.com,2024-01-03,Silver,4
3765,3765,Customer3765,LN3765,customer3765@shopmail.com,2023-04-20,Bronze,4
3766,3766,Customer3766,LN3766,customer3766@shopmail.com,2023-04-15,Bronze,4
3767,3767,Customer3767,LN3767,customer3767@shopmail.com,2024-02-20,Silver,4
3768,3768,Customer3768,LN3768,customer3768@shopmail.com,2024-05-11,Gold,1
3769,3769,Customer3769,LN3769,customer3769@shopmail.com,2024-07-17,Silver,2
3770,3770,Customer3770,LN3770,customer3770@shopmail.com,2023-01-19,Bronze,3
3771,3771,Customer3771,LN3771,customer3771@shopmail.com,2023-05-03,Bronze,5
3772,3772,Customer3772,LN3772,customer3772@shopmail.com,2023-01-16,Gold,3
3773,3773,Customer3773,LN3773,customer3773@shopmail.com,2023-08-30,Silver,5
3774,3774,Customer3774,LN3774,customer3774@shopmail.com,2022-05-27,Silver,4
3775,3775,Customer3775,LN3775,customer3775@shopmail.com,2023-05-10,Silver,5
3776,3776,Customer3776,LN3776,customer3776@shopmail.com,2022-08-06,Bronze,2
3777,3777,Customer3777,LN3777,customer3777@shopmail.com,2023-09-05,Bronze,7
3778,3778,Customer3778,LN3778,customer3778@shopmail.com,2024-09-05,Silver,7
3779,3779,Customer3779,LN3779,customer3779@shopmail.com,2025-02-07,Gold,2
3780,3780,Customer3780,LN3780,customer3780@shopmail.com,2023-05-29,Bronze,5
3781,3781,Customer3781,LN3781,customer3781@shopmail.com,2022-03-06,Silver,5
3782,3782,Customer3782,LN3782,customer3782@shopmail.com,2022-09-20,Bronze,4
3783,3783,Customer3783,LN3783,customer3783@shopmail.com,2022-05-01,Gold,2
3784,3784,Customer3784,LN3784,customer3784@shopmail.com,2024-05-23,Bronze,7
3785,3785,Customer3785,LN3785,customer3785@shopmail.com,2025-02-06,Silver,4
3786,3786,Customer3786,LN3786,customer3786@shopmail.com,2023-09-30,Bronze,5
3787,3787,Customer3787,LN3787,customer3787@shopmail.com,2022-07-23,Silver,4
3788,3788,Customer3788,LN3788,customer3788@shopmail.com,2022-01-25,Silver,5
3789,3789,Customer3789,LN3789,customer3789@shopmail.com,2025-01-27,Bronze,2
3790,3790,Customer3790,LN3790,customer3790@shopmail.com,2022-12-30,Silver,1
3791,3791,Customer3791,LN3791,customer3791@shopmail.com,2022-05-09,Gold,5
3792,3792,Customer3792,LN3792,customer3792@shopmail.com,2022-07-23,Gold,1
3793,3793,Customer3793,LN3793,customer3793@shopmail.com,2022-10-21,Bronze,5
3794,3794,Customer3794,LN3794,customer3794@shopmail.com,2024-01-25,Silver,4
3795,3795,Customer3795,LN3795,customer3795@shopmail.com,2024-10-22,Silver,1
3796,3796,Customer3796,LN3796,customer3796@shopmail.com,2022-11-13,Silver,7
3797,3797,Customer3797,LN3797,customer3797@shopmail.com,2024-03-01,Bronze,1
3798,3798,Customer3798,LN3798,customer3798@shopmail.com,2022-03-16,Silver,2
3799,3799,Customer3799,LN3799,customer3799@shopmail.com,2022-01-12,Bronze,3
3800,3800,Customer3800,LN3800,customer3800@shopmail.com,2022-03-05,Bronze,7
3801,3801,Customer3801,LN3801,customer3801@shopmail.com,2024-11-27,Bronze,7
3802,3802,Customer3802,LN3802,customer3802@shopmail.com,2023-10-31,Bronze,7
3803,3803,Customer3803,LN3803,customer3803@shopmail.com,2024-07-14,Bronze,7
3804,3804,Customer3804,LN3804,customer3804@shopmail.com,2022-01-25,Bronze,7
3805,3805,Customer3805,LN3805,customer3805@shopmail.com,2022-01-26,Silver,5
3806,3806,Customer3806,LN3806,customer3806@shopmail.com,2024-09-03,Silver,2
3807,3807,Customer3807,LN3807,customer3807@shopmail.com,2022-04-29,Bronze,5
3808,3808,Customer3808,LN3808,customer3808@shopmail.com,2022-06-28,Silver,4
3809,3809,Customer3809,LN3809,customer3809@shopmail.com,2023-08-20,Gold,7
3810,3810,Customer3810,LN3810,customer3810@shopmail.com,2023-11-29,Gold,1
3811,3811,Customer3811,LN3811,customer3811@shopmail.com,2022-09-21,Silver,3
3812,3812,Customer3812,LN3812,customer3812@shopmail.com,2023-05-27,Gold,5
3813,3813,Customer3813,LN3813,customer3813@shopmail.com,2024-02-16,Silver,5
3814,3814,Customer3814,LN3814,customer3814@shopmail.com,2023-05-25,Gold,3
3815,3815,Customer3815,LN3815,customer3815@shopmail.com,2023-03-17,Gold,1
3816,3816,Customer3816,LN3816,customer3816@shopmail.com,2022-03-24,Bronze,1
3817,3817,Customer3817,LN3817,customer3817@shopmail.com,2023-06-04,Gold,1
3818,3818,Customer3818,LN3818,customer3818@shopmail.com,2024-07-12,Silver,3
3819,3819,Customer3819,LN3819,customer3819@shopmail.com,2023-12-22,Silver,7
3820,3820,Customer3820,LN3820,customer3820@shopmail.com,2024-10-24,Gold,2
3821,3821,Customer3821,LN3821,customer3821@shopmail.com,2022-05-26,Bronze,1
3822,3822,Customer3822,LN3822,customer3822@shopmail.com,2022-01-13,Bronze,1
3823,3823,Customer3823,LN3823,customer3823@shopmail.com,2023-09-23,Silver,5
3824,3824,Customer3824,LN3824,customer3824@shopmail.com,2022-07-25,Silver,2
3825,3825,Customer3825,LN3825,customer3825@shopmail.com,2023-11-15,Gold,7
3826,3826,Customer3826,LN3826,customer3826@shopmail.com,2024-11-05,Gold,7
3827,3827,Customer3827,LN3827,customer3827@shopmail.com,2023-01-23,Silver,4
3828,3828,Customer3828,LN3828,customer3828@shopmail.com,2023-09-24,Gold,2
3829,3829,Customer3829,LN3829,customer3829@shopmail.com,2024-02-23,Bronze,5
3830,3830,Customer3830,LN3830,customer3830@shopmail.com,2022-06-22,Gold,4
3831,3831,Customer3831,LN3831,customer3831@shopmail.com,2024-10-28,Bronze,3
3832,3832,Customer3832,LN3832,customer3832@shopmail.com,2022-08-22,Silver,7
3833,3833,Customer3833,LN3833,customer3833@shopmail.com,2024-07-18,Bronze,3
3834,3834,Customer3834,LN3834,customer3834@shopmail.com,2024-01-29,Silver,5
3835,3835,Customer3835,LN3835,customer3835@shopmail.com,2022-06-12,Bronze,3
3836,3836,Customer3836,LN3836,customer3836@shopmail.com,2024-04-13,Bronze,2
3837,3837,Customer3837,LN3837,customer3837@shopmail.com,2022-08-14,Silver,4
3838,3838,Customer3838,LN3838,customer3838@shopmail.com,2023-11-21,Silver,2
3839,3839,Customer3839,LN3839,customer3839@shopmail.com,2025-01-08,Bronze,7
3840,3840,Customer3840,LN3840,customer3840@shopmail.com,2025-01-01,Silver,5
3841,3841,Customer3841,LN3841,customer3841@shopmail.com,2024-09-28,Bronze,4
3842,3842,Customer3842,LN3842,customer3842@shopmail.com,2023-07-23,Bronze,4
3843,3843,Customer3843,LN3843,customer3843@shopmail.com,2023-10-06,Bronze,5
3844,3844,Customer3844,LN3844,customer3844@shopmail.com,2022-12-12,Silver,4
3845,3845,Customer3845,LN3845,customer3845@shopmail.com,2024-11-25,Silver,5
3846,3846,Customer3846,LN3846,customer3846@shopmail.com,2023-07-03,Silver,5
3847,3847,Customer3847,LN3847,customer3847@shopmail.com,2024-06-06,Silver,4
3848,3848,Customer3848,LN3848,customer3848@shopmail.com,2023-02-18,Silver,4
3849,3849,Customer3849,LN3849,customer3849@shopmail.com,2024-05-01,Silver,1
3850,3850,Customer3850,LN3850,customer3850@shopmail.com,2022-09-16,Gold,5
3851,3851,Customer3851,LN3851,customer3851@shopmail.com,2024-04-23,Bronze,4
3852,3852,Customer3852,LN3852,customer3852@shopmail.com,2022-02-22,Bronze,1
3853,3853,Customer3853,LN3853,customer3853@shopmail.com,2022-05-01,Bronze,5
3854,3854,Customer3854,LN3854,customer3854@shopmail.com,2023-02-10,Silver,4
3855,3855,Customer3855,LN3855,customer3855@shopmail.com,2023-07-09,Silver,5
3856,3856,Customer3856,LN3856,customer3856@shopmail.com,2024-03-29,Bronze,2
3857,3857,Customer3857,LN3857,customer3857@shopmail.com,2023-02-17,Gold,2
3858,3858,Customer3858,LN3858,customer3858@shopmail.com,2022-01-22,Gold,4
3859,3859,Customer3859,LN3859,customer3859@shopmail.com,2023-01-10,Bronze,4
3860,3860,Customer3860,LN3860,customer3860@shopmail.com,2023-05-21,Bronze,2
3861,3861,Customer3861,LN3861,customer3861@shopmail.com,2023-09-18,Bronze,3
3862,3862,Customer3862,LN3862,customer3862@shopmail.com,2024-01-11,Bronze,4
3863,3863,Customer3863,LN3863,customer3863@shopmail.com,2022-10-12,Gold,7
3864,3864,Customer3864,LN3864,customer3864@shopmail.com,2023-12-03,Silver,3
3865,3865,Customer3865,LN3865,customer3865@shopmail.com,2023-12-28,Bronze,7
3866,3866,Customer3866,LN3866,customer3866@shopmail.com,2024-06-12,Bronze,7
3867,3867,Customer3867,LN3867,customer3867@shopmail.com,2023-08-24,Bronze,2
3868,3868,Customer3868,LN3868,customer3868@shopmail.com,2024-07-21,Bronze,1
3869,3869,Customer3869,LN3869,customer3869@shopmail.com,2022-09-12,Bronze,7
3870,3870,Customer3870,LN3870,customer3870@shopmail.com,2024-03-29,Silver,5
3871,3871,Customer3871,LN3871,customer3871@shopmail.com,2022-02-22,Silver,2
3872,3872,Customer3872,LN3872,customer3872@shopmail.com,2022-04-29,Gold,5
3873,3873,Customer3873,LN3873,customer3873@shopmail.com,2024-09-21,Bronze,7
3874,3874,Customer3874,LN3874,customer3874@shopmail.com,2023-07-01,Silver,7
3875,3875,Customer3875,LN3875,customer3875@shopmail.com,2023-12-15,Bronze,1
3876,3876,Customer3876,LN3876,customer3876@shopmail.com,2023-11-25,Bronze,4
3877,3877,Customer3877,LN3877,customer3877@shopmail.com,2024-03-10,Gold,4
3878,3878,Customer3878,LN3878,customer3878@shopmail.com,2022-10-10,Silver,4
3879,3879,Customer3879,LN3879,customer3879@shopmail.com,2022-07-25,Bronze,1
3880,3880,Customer3880,LN3880,customer3880@shopmail.com,2022-02-18,Bronze,4
3881,3881,Customer3881,LN3881,customer3881@shopmail.com,2024-09-21,Silver,1
3882,3882,Customer3882,LN3882,customer3882@shopmail.com,2022-09-15,Gold,2
3883,3883,Customer3883,LN3883,customer3883@shopmail.com,2023-10-24,Silver,4
3884,3884,Customer3884,LN3884,customer3884@shopmail.com,2023-06-08,Bronze,4
3885,3885,Customer3885,LN3885,customer3885@shopmail.com,2022-07-06,Bronze,2
3886,3886,Customer3886,LN3886,customer3886@shopmail.com,2023-04-22,Bronze,3
3887,3887,Customer3887,LN3887,customer3887@shopmail.com,2022-04-06,Bronze,7
3888,3888,Customer3888,LN3888,customer3888@shopmail.com,2022-07-23,Silver,3
3889,3889,Customer3889,LN3889,customer3889@shopmail.com,2022-06-10,Silver,5
3890,3890,Customer3890,LN3890,customer3890@shopmail.com,2024-08-06,Bronze,2
3891,3891,Customer3891,LN3891,customer3891@shopmail.com,2023-10-15,Silver,3
3892,3892,Customer3892,LN3892,customer3892@shopmail.com,2024-11-30,Silver,1
3893,3893,Customer3893,LN3893,customer3893@shopmail.com,2023-05-17,Silver,7
3894,3894,Customer3894,LN3894,customer3894@shopmail.com,2022-08-20,Bronze,1
3895,3895,Customer3895,LN3895,customer3895@shopmail.com,2023-12-01,Bronze,1
3896,3896,Customer3896,LN3896,customer3896@shopmail.com,2024-12-05,Bronze,1
3897,3897,Customer3897,LN3897,customer3897@shopmail.com,2023-09-05,Bronze,4
3898,3898,Customer3898,LN3898,customer3898@shopmail.com,2022-01-21,Bronze,5
3899,3899,Customer3899,LN3899,customer3899@shopmail.com,2022-12-16,Bronze,7
3900,3900,Customer3900,LN3900,customer3900@shopmail.com,2024-11-29,Bronze,2
3901,3901,Customer3901,LN3901,customer3901@shopmail.com,2023-08-20,Bronze,2
3902,3902,Customer3902,LN3902,customer3902@shopmail.com,2024-12-30,Gold,3
3903,3903,Customer3903,LN3903,customer3903@shopmail.com,2023-08-09,Silver,5
3904,3904,Customer3904,LN3904,customer3904@shopmail.com,2022-01-14,Bronze,3
3905,3905,Customer3905,LN3905,customer3905@shopmail.com,2024-10-01,Gold,5
3906,3906,Customer3906,LN3906,customer3906@shopmail.com,2024-05-27,Bronze,5
3907,3907,Customer3907,LN3907,customer3907@shopmail.com,2024-04-02,Bronze,3
3908,3908,Customer3908,LN3908,customer3908@shopmail.com,2025-01-20,Silver,5
3909,3909,Customer3909,LN3909,customer3909@shopmail.com,2022-08-14,Bronze,4
3910,3910,Customer3910,LN3910,customer3910@shopmail.com,2024-11-07,Bronze,5
3911,3911,Customer3911,LN3911,customer3911@shopmail.com,2022-09-25,Bronze,4
3912,3912,Customer3912,LN3912,customer3912@shopmail.com,2025-01-21,Silver,1
3913,3913,Customer3913,LN3913,customer3913@shopmail.com,2022-08-09,Silver,7
3914,3914,Customer3914,LN3914,customer3914@shopmail.com,2023-09-25,Bronze,2
3915,3915,Customer3915,LN3915,customer3915@shopmail.com,2024-06-26,Bronze,7
3916,3916,Customer3916,LN3916,customer3916@shopmail.com,2022-03-31,Bronze,5
3917,3917,Customer3917,LN3917,customer3917@shopmail.com,2022-03-18,Silver,4
3918,3918,Customer3918,LN3918,customer3918@shopmail.com,2024-09-04,Bronze,2
3919,3919,Customer3919,LN3919,customer3919@shopmail.com,2022-03-11,Gold,7
3920,3920,Customer3920,LN3920,customer3920@shopmail.com,2023-12-07,Silver,7
3921,3921,Customer3921,LN3921,customer3921@shopmail.com,2024-12-14,Bronze,7
3922,3922,Customer3922,LN3922,customer3922@shopmail.com,2023-12-08,Silver,1
3923,3923,Customer3923,LN3923,customer3923@shopmail.com,2023-07-08,Bronze,5
3924,3924,Customer3924,LN3924,customer3924@shopmail.com,2023-04-25,Bronze,1
3925,3925,Customer3925,LN3925,customer3925@shopmail.com,2024-01-04,Bronze,1
3926,3926,Customer3926,LN3926,customer3926@shopmail.com,2023-10-20,Bronze,4
3927,3927,Customer3927,LN3927,customer3927@shopmail.com,2023-08-01,Silver,4
3928,3928,Customer3928,LN3928,customer3928@shopmail.com,2022-06-26,Gold,3
3929,3929,Customer3929,LN3929,customer3929@shopmail.com,2024-02-02,Bronze,5
3930,3930,Customer3930,LN3930,customer3930@shopmail.com,2024-04-30,Bronze,4
3931,3931,Customer3931,LN3931,customer3931@shopmail.com,2024-03-26,Silver,3
3932,3932,Customer3932,LN3932,customer3932@shopmail.com,2022-03-28,Bronze,2
3933,3933,Customer3933,LN3933,customer3933@shopmail.com,2024-03-19,Bronze,5
3934,3934,Customer3934,LN3934,customer3934@shopmail.com,2024-04-19,Gold,2
3935,3935,Customer3935,LN3935,customer3935@shopmail.com,2022-07-30,Silver,1
3936,3936,Customer3936,LN3936,customer3936@shopmail.com,2024-09-03,Gold,5
3937,3937,Customer3937,LN3937,customer3937@shopmail.com,2023-08-26,Bronze,3
3938,3938,Customer3938,LN3938,customer3938@shopmail.com,2023-06-28,Bronze,3
3939,3939,Customer3939,LN3939,customer3939@shopmail.com,2024-04-11,Bronze,3
3940,3940,Customer3940,LN3940,customer3940@shopmail.com,2023-08-10,Gold,4
3941,3941,Customer3941,LN3941,customer3941@shopmail.com,2023-09-19,Bronze,2
3942,3942,Customer3942,LN3942,customer3942@shopmail.com,2022-12-26,Bronze,3
3943,3943,Customer3943,LN3943,customer3943@shopmail.com,2024-12-03,Bronze,3
3944,3944,Customer3944,LN3944,customer3944@shopmail.com,2025-01-19,Silver,4
3945,3945,Customer3945,LN3945,customer3945@shopmail.com,2022-05-30,Silver,2
3946,3946,Customer3946,LN3946,customer3946@shopmail.com,2024-04-23,Silver,5
3947,3947,Customer3947,LN3947,customer3947@shopmail.com,2022-01-27,Bronze,2
3948,3948,Customer3948,LN3948,customer3948@shopmail.com,2023-03-01,Silver,2
3949,3949,Customer3949,LN3949,customer3949@shopmail.com,2025-01-20,Bronze,3
3950,3950,Customer3950,LN3950,customer3950@shopmail.com,2022-07-21,Bronze,1
3951,3951,Customer3951,LN3951,customer3951@shopmail.com,2023-03-10,Bronze,2
3952,3952,Customer3952,LN3952,customer3952@shopmail.com,2022-09-10,Silver,5
3953,3953,Customer3953,LN3953,customer3953@shopmail.com,2024-04-17,Bronze,1
3954,3954,Customer3954,LN3954,customer3954@shopmail.com,2023-06-18,Gold,5
3955,3955,Customer3955,LN3955,customer3955@shopmail.com,2023-11-14,Bronze,3
3956,3956,Customer3956,LN3956,customer3956@shopmail.com,2024-12-19,Bronze,4
3957,3957,Customer3957,LN3957,customer3957@shopmail.com,2023-08-23,Silver,5
3958,3958,Customer3958,LN3958,customer3958@shopmail.com,2024-04-24,Silver,7
3959,3959,Customer3959,LN3959,customer3959@shopmail.com,2022-04-23,Bronze,6
3960,3960,Customer3960,LN3960,customer3960@shopmail.com,2022-09-05,Silver,3
3961,3961,Customer3961,LN3961,customer3961@shopmail.com,2024-12-24,Bronze,1
3962,3962,Customer3962,LN3962,customer3962@shopmail.com,2024-09-15,Bronze,1
3963,3963,Customer3963,LN3963,customer3963@shopmail.com,2024-01-26,Silver,3
3964,3964,Customer3964,LN3964,customer3964@shopmail.com,2023-03-11,Silver,5
3965,3965,Customer3965,LN3965,customer3965@shopmail.com,2022-08-18,Bronze,3
3966,3966,Customer3966,LN3966,customer3966@shopmail.com,2024-09-06,Bronze,7
3967,3967,Customer3967,LN3967,customer3967@shopmail.com,2024-06-22,Silver,7
3968,3968,Customer3968,LN3968,customer3968@shopmail.com,2022-10-05,Bronze,4
3969,3969,Customer3969,LN3969,customer3969@shopmail.com,2023-11-10,Gold,1
3970,3970,Customer3970,LN3970,customer3970@shopmail.com,2023-12-13,Silver,3
3971,3971,Customer3971,LN3971,customer3971@shopmail.com,2023-07-04,Gold,5
3972,3972,Customer3972,LN3972,customer3972@shopmail.com,2024-12-01,Bronze,4
3973,3973,Customer3973,LN3973,customer3973@shopmail.com,2022-05-23,Silver,4
3974,3974,Customer3974,LN3974,customer3974@shopmail.com,2022-10-24,Bronze,7
3975,3975,Customer3975,LN3975,customer3975@shopmail.com,2022-04-20,Bronze,4
3976,3976,Customer3976,LN3976,customer3976@shopmail.com,2024-03-07,Bronze,2
3977,3977,Customer3977,LN3977,customer3977@shopmail.com,2024-01-11,Bronze,7
3978,3978,Customer3978,LN3978,customer3978@shopmail.com,2025-02-09,Gold,4
3979,3979,Customer3979,LN3979,customer3979@shopmail.com,2023-09-16,Silver,7
3980,3980,Customer3980,LN3980,customer3980@shopmail.com,2022-06-23,Silver,5
3981,3981,Customer3981,LN3981,customer3981@shopmail.com,2023-06-03,Silver,3
3982,3982,Customer3982,LN3982,customer3982@shopmail.com,2022-04-12,Silver,5
3983,3983,Customer3983,LN3983,customer3983@shopmail.com,2024-02-11,Silver,3
3984,3984,Customer3984,LN3984,customer3984@shopmail.com,2024-02-15,Silver,3
3985,3985,Customer3985,LN3985,customer3985@shopmail.com,2024-09-13,Silver,4
3986,3986,Customer3986,LN3986,customer3986@shopmail.com,2023-01-26,Silver,3
3987,3987,Customer3987,LN3987,customer3987@shopmail.com,2022-12-23,Bronze,7
3988,3988,Customer3988,LN3988,customer3988@shopmail.com,2022-03-23,Gold,2
3989,3989,Customer3989,LN3989,customer3989@shopmail.com,2023-04-23,Bronze,2
3990,3990,Customer3990,LN3990,customer3990@shopmail.com,2023-07-01,Bronze,4
3991,3991,Customer3991,LN3991,customer3991@shopmail.com,2024-05-17,Gold,2
3992,3992,Customer3992,LN3992,customer3992@shopmail.com,2024-05-16,Bronze,1
3993,3993,Customer3993,LN3993,customer3993@shopmail.com,2022-06-11,Bronze,3
3994,3994,Customer3994,LN3994,customer3994@shopmail.com,2022-11-24,Bronze,1
3995,3995,Customer3995,LN3995,customer3995@shopmail.com,2023-08-12,Bronze,2
3996,3996,Customer3996,LN3996,customer3996@shopmail.com,2023-01-21,Gold,1
3997,3997,Customer3997,LN3997,customer3997@shopmail.com,2022-01-30,Silver,4
3998,3998,Customer3998,LN3998,customer3998@shopmail.com,2024-08-30,Bronze,3
3999,3999,Customer3999,LN3999,customer3999@shopmail.com,2024-04-20,Gold,2
4000,4000,Customer4000,LN4000,customer4000@shopmail.com,2023-08-22,Silver,7
4001,4001,Customer4001,LN4001,customer4001@shopmail.com,2023-01-01,Gold,1
4002,4002,Customer4002,LN4002,customer4002@shopmail.com,2024-08-27,Bronze,2
4003,4003,Customer4003,LN4003,customer4003@shopmail.com,2022-02-10,Bronze,7
4004,4004,Customer4004,LN4004,customer4004@shopmail.com,2023-05-29,Bronze,1
4005,4005,Customer4005,LN4005,customer4005@shopmail.com,2024-07-10,Bronze,7
4006,4006,Customer4006,LN4006,customer4006@shopmail.com,2024-12-31,Silver,5
4007,4007,Customer4007,LN4007,customer4007@shopmail.com,2022-10-17,Bronze,7
4008,4008,Customer4008,LN4008,customer4008@shopmail.com,2024-01-19,Silver,1
4009,4009,Customer4009,LN4009,customer4009@shopmail.com,2022-08-07,Silver,2
4010,4010,Customer4010,LN4010,customer4010@shopmail.com,2022-05-14,Bronze,2
4011,4011,Customer4011,LN4011,customer4011@shopmail.com,2023-02-10,Bronze,1
4012,4012,Customer4012,LN4012,customer4012@shopmail.com,2024-10-14,Silver,1
4013,4013,Customer4013,LN4013,customer4013@shopmail.com,2024-03-03,Gold,7
4014,4014,Customer4014,LN4014,customer4014@shopmail.com,2023-07-17,Bronze,1
4015,4015,Customer4015,LN4015,customer4015@shopmail.com,2022-11-22,Gold,3
4016,4016,Customer4016,LN4016,customer4016@shopmail.com,2022-06-12,Silver,4
4017,4017,Customer4017,LN4017,customer4017@shopmail.com,2022-11-08,Silver,1
4018,4018,Customer4018,LN4018,customer4018@shopmail.com,2022-06-25,Bronze,7
4019,4019,Customer4019,LN4019,customer4019@shopmail.com,2022-08-04,Silver,2
4020,4020,Customer4020,LN4020,customer4020@shopmail.com,2024-03-01,Silver,4
4021,4021,Customer4021,LN4021,customer4021@shopmail.com,2022-06-02,Bronze,7
4022,4022,Customer4022,LN4022,customer4022@shopmail.com,2022-02-24,Gold,5
4023,4023,Customer4023,LN4023,customer4023@shopmail.com,2023-09-16,Gold,7
4024,4024,Customer4024,LN4024,customer4024@shopmail.com,2022-11-26,Bronze,5
4025,4025,Customer4025,LN4025,customer4025@shopmail.com,2023-06-07,Silver,3
4026,4026,Customer4026,LN4026,customer4026@shopmail.com,2022-06-10,Silver,3
4027,4027,Customer4027,LN4027,customer4027@shopmail.com,2022-08-30,Silver,3
4028,4028,Customer4028,LN4028,customer4028@shopmail.com,2023-05-23,Silver,2
4029,4029,Customer4029,LN4029,customer4029@shopmail.com,2024-03-04,Bronze,5
4030,4030,Customer4030,LN4030,customer4030@shopmail.com,2023-04-22,Bronze,2
4031,4031,Customer4031,LN4031,customer4031@shopmail.com,2023-09-15,Bronze,4
4032,4032,Customer4032,LN4032,customer4032@shopmail.com,2023-08-24,Gold,4
4033,4033,Customer4033,LN4033,customer4033@shopmail.com,2022-11-06,Bronze,5
4034,4034,Customer4034,LN4034,customer4034@shopmail.com,2022-11-18,Gold,1
4035,4035,Customer4035,LN4035,customer4035@shopmail.com,2023-05-05,Bronze,3
4036,4036,Customer4036,LN4036,customer4036@shopmail.com,2022-02-06,Bronze,4
4037,4037,Customer4037,LN4037,customer4037@shopmail.com,2024-02-28,Gold,5
4038,4038,Customer4038,LN4038,customer4038@shopmail.com,2023-12-08,Silver,7
4039,4039,Customer4039,LN4039,customer4039@shopmail.com,2022-12-19,Bronze,3
4040,4040,Customer4040,LN4040,missing_4040@shopmail.com,2023-03-06,Bronze,4
4041,4041,Customer4041,LN4041,customer4041@shopmail.com,2023-01-14,Bronze,7
4042,4042,Customer4042,LN4042,customer4042@shopmail.com,2024-01-20,Bronze,2
4043,4043,Customer4043,LN4043,customer4043@shopmail.com,2024-05-23,Bronze,5
4044,4044,Customer4044,LN4044,customer4044@shopmail.com,2022-05-05,Silver,1
4045,4045,Customer4045,LN4045,customer4045@shopmail.com,2023-04-21,Bronze,3
4046,4046,Customer4046,LN4046,customer4046@shopmail.com,2022-01-16,Bronze,7
4047,4047,Customer4047,LN4047,customer4047@shopmail.com,2023-06-05,Bronze,3
4048,4048,Customer4048,LN4048,customer4048@shopmail.com,2022-10-13,Bronze,3
4049,4049,Customer4049,LN4049,customer4049@shopmail.com,2023-01-22,Gold,1
4050,4050,Customer4050,LN4050,customer4050@shopmail.com,2023-06-10,Bronze,7
4051,4051,Customer4051,LN4051,customer4051@shopmail.com,2023-01-08,Bronze,2
4052,4052,Customer4052,LN4052,customer4052@shopmail.com,2023-03-30,Silver,5
4053,4053,Customer4053,LN4053,customer4053@shopmail.com,2024-05-29,Gold,2
4054,4054,Customer4054,LN4054,customer4054@shopmail.com,2024-07-20,Silver,7
4055,4055,Customer4055,LN4055,customer4055@shopmail.com,2022-01-07,Silver,3
4056,4056,Customer4056,LN4056,customer4056@shopmail.com,2023-03-11,Gold,7
4057,4057,Customer4057,LN4057,customer4057@shopmail.com,2024-08-31,Silver,3
4058,4058,Customer4058,LN4058,missing_4058@shopmail.com,2023-09-03,Gold,4
4059,4059,Customer4059,LN4059,customer4059@shopmail.com,2022-08-25,Bronze,3
4060,4060,Customer4060,LN4060,customer4060@shopmail.com,2023-11-14,Silver,5
4061,4061,Customer4061,LN4061,customer4061@shopmail.com,2022-06-16,Gold,7
4062,4062,Customer4062,LN4062,customer4062@shopmail.com,2022-01-26,Gold,7
4063,4063,Customer4063,LN4063,customer4063@shopmail.com,2023-12-29,Bronze,5
4064,4064,Customer4064,LN4064,customer4064@shopmail.com,2023-08-16,Silver,4
4065,4065,Customer4065,LN4065,customer4065@shopmail.com,2024-05-19,Bronze,5
4066,4066,Customer4066,LN4066,customer4066@shopmail.com,2023-02-01,Silver,5
4067,4067,Customer4067,LN4067,customer4067@shopmail.com,2024-09-09,Bronze,3
4068,4068,Customer4068,LN4068,customer4068@shopmail.com,2023-04-30,Silver,1
4069,4069,Customer4069,LN4069,customer4069@shopmail.com,2024-04-28,Silver,5
4070,4070,Customer4070,LN4070,customer4070@shopmail.com,2022-04-26,Bronze,5
4071,4071,Customer4071,LN4071,customer4071@shopmail.com,2022-04-22,Bronze,2
4072,4072,Customer4072,LN4072,customer4072@shopmail.com,2024-06-19,Bronze,2
4073,4073,Customer4073,LN4073,customer4073@shopmail.com,2024-08-17,Silver,2
4074,4074,Customer4074,LN4074,customer4074@shopmail.com,2024-12-19,Silver,5
4075,4075,Customer4075,LN4075,customer4075@shopmail.com,2023-01-09,Silver,1
4076,4076,Customer4076,LN4076,customer4076@shopmail.com,2022-01-26,Bronze,3
4077,4077,Customer4077,LN4077,customer4077@shopmail.com,2025-01-31,Silver,7
4078,4078,Customer4078,LN4078,customer4078@shopmail.com,2023-11-23,Silver,2
4079,4079,Customer4079,LN4079,customer4079@shopmail.com,2022-10-12,Bronze,2
4080,4080,Customer4080,LN4080,customer4080@shopmail.com,2024-05-28,Bronze,1
4081,4081,Customer4081,LN4081,customer4081@shopmail.com,2024-11-05,Bronze,3
4082,4082,Customer4082,LN4082,customer4082@shopmail.com,2022-11-24,Bronze,2
4083,4083,Customer4083,LN4083,customer4083@shopmail.com,2024-06-04,Bronze,4
4084,4084,Customer4084,LN4084,customer4084@shopmail.com,2024-06-24,Bronze,2
4085,4085,Customer4085,LN4085,customer4085@shopmail.com,2023-07-31,Bronze,1
4086,4086,Customer4086,LN4086,customer4086@shopmail.com,2023-12-29,Bronze,3
4087,4087,Customer4087,LN4087,customer4087@shopmail.com,2022-11-06,Bronze,7
4088,4088,Customer4088,LN4088,customer4088@shopmail.com,2024-12-04,Silver,1
4089,4089,Customer4089,LN4089,customer4089@shopmail.com,2025-02-04,Silver,2
4090,4090,Customer4090,LN4090,customer4090@shopmail.com,2025-02-02,Bronze,1
4091,4091,Customer4091,LN4091,customer4091@shopmail.com,2024-04-27,Silver,5
4092,4092,Customer4092,LN4092,customer4092@shopmail.com,2022-02-18,Silver,4
4093,4093,Customer4093,LN4093,customer4093@shopmail.com,2023-02-26,Bronze,7
4094,4094,Customer4094,LN4094,customer4094@shopmail.com,2023-05-27,Bronze,3
4095,4095,Customer4095,LN4095,customer4095@shopmail.com,2025-01-08,Bronze,4
4096,4096,Customer4096,LN4096,customer4096@shopmail.com,2023-09-22,Silver,4
4097,4097,Customer4097,LN4097,customer4097@shopmail.com,2023-09-09,Bronze,2
4098,4098,Customer4098,LN4098,customer4098@shopmail.com,2022-06-18,Bronze,7
4099,4099,Customer4099,LN4099,customer4099@shopmail.com,2024-07-01,Silver,1
4100,4100,Customer4100,LN4100,customer4100@shopmail.com,2023-01-22,Gold,4
4101,4101,Customer4101,LN4101,customer4101@shopmail.com,2022-04-16,Bronze,4
4102,4102,Customer4102,LN4102,customer4102@shopmail.com,2025-02-09,Silver,2
4103,4103,Customer4103,LN4103,customer4103@shopmail.com,2022-08-07,Bronze,1
4104,4104,Customer4104,LN4104,customer4104@shopmail.com,2022-01-19,Silver,7
4105,4105,Customer4105,LN4105,customer4105@shopmail.com,2022-03-31,Silver,4
4106,4106,Customer4106,LN4106,customer4106@shopmail.com,2023-06-05,Silver,2
4107,4107,Customer4107,LN4107,customer4107@shopmail.com,2022-04-29,Bronze,1
4108,4108,Customer4108,LN4108,customer4108@shopmail.com,2024-08-27,Bronze,7
4109,4109,Customer4109,LN4109,customer4109@shopmail.com,2023-08-13,Silver,1
4110,4110,Customer4110,LN4110,customer4110@shopmail.com,2023-01-08,Bronze,4
4111,4111,Customer4111,LN4111,customer4111@shopmail.com,2022-01-04,Gold,2
4112,4112,Customer4112,LN4112,customer4112@shopmail.com,2023-07-06,Bronze,7
4113,4113,Customer4113,LN4113,customer4113@shopmail.com,2022-06-23,Bronze,3
4114,4114,Customer4114,LN4114,customer4114@shopmail.com,2025-01-29,Bronze,7
4115,4115,Customer4115,LN4115,customer4115@shopmail.com,2022-12-01,Bronze,5
4116,4116,Customer4116,LN4116,customer4116@shopmail.com,2023-07-01,Silver,7
4117,4117,Customer4117,LN4117,customer4117@shopmail.com,2022-01-22,Bronze,1
4118,4118,Customer4118,LN4118,customer4118@shopmail.com,2022-05-31,Silver,2
4119,4119,Customer4119,LN4119,customer4119@shopmail.com,2022-08-27,Silver,1
4120,4120,Customer4120,LN4120,customer4120@shopmail.com,2022-03-01,Gold,7
4121,4121,Customer4121,LN4121,customer4121@shopmail.com,2024-04-14,Silver,5
4122,4122,Customer4122,LN4122,customer4122@shopmail.com,2024-12-23,Gold,3
4123,4123,Customer4123,LN4123,customer4123@shopmail.com,2025-02-07,Gold,3
4124,4124,Customer4124,LN4124,customer4124@shopmail.com,2022-11-02,Bronze,4
4125,4125,Customer4125,LN4125,customer4125@shopmail.com,2024-06-26,Gold,2
4126,4126,Customer4126,LN4126,customer4126@shopmail.com,2023-08-03,Gold,4
4127,4127,Customer4127,LN4127,customer4127@shopmail.com,2022-02-22,Bronze,3
4128,4128,Customer4128,LN4128,customer4128@shopmail.com,2022-04-15,Silver,7
4129,4129,Customer4129,LN4129,customer4129@shopmail.com,2023-09-22,Bronze,2
4130,4130,Customer4130,LN4130,customer4130@shopmail.com,2023-05-03,Silver,2
4131,4131,Customer4131,LN4131,customer4131@shopmail.com,2022-01-10,Bronze,5
4132,4132,Customer4132,LN4132,customer4132@shopmail.com,2024-12-05,Silver,5
4133,4133,Customer4133,LN4133,customer4133@shopmail.com,2024-04-19,Bronze,3
4134,4134,Customer4134,LN4134,customer4134@shopmail.com,2023-08-01,Silver,7
4135,4135,Customer4135,LN4135,customer4135@shopmail.com,2025-02-09,Bronze,4
4136,4136,Customer4136,LN4136,customer4136@shopmail.com,2025-01-21,Silver,2
4137,4137,Customer4137,LN4137,customer4137@shopmail.com,2025-01-25,Bronze,5
4138,4138,Customer4138,LN4138,customer4138@shopmail.com,2022-10-25,Silver,5
4139,4139,Customer4139,LN4139,customer4139@shopmail.com,2024-10-10,Bronze,3
4140,4140,Customer4140,LN4140,customer4140@shopmail.com,2023-08-04,Bronze,5
4141,4141,Customer4141,LN4141,customer4141@shopmail.com,2024-04-14,Bronze,5
4142,4142,Customer4142,LN4142,customer4142@shopmail.com,2024-09-15,Gold,4
4143,4143,Customer4143,LN4143,customer4143@shopmail.com,2022-07-07,Bronze,2
4144,4144,Customer4144,LN4144,customer4144@shopmail.com,2023-05-31,Silver,3
4145,4145,Customer4145,LN4145,customer4145@shopmail.com,2022-05-29,Bronze,7
4146,4146,Customer4146,LN4146,customer4146@shopmail.com,2022-11-18,Silver,2
4147,4147,Customer4147,LN4147,customer4147@shopmail.com,2023-04-21,Bronze,7
4148,4148,Customer4148,LN4148,customer4148@shopmail.com,2024-09-10,Bronze,1
4149,4149,Customer4149,LN4149,customer4149@shopmail.com,2024-09-19,Bronze,1
4150,4150,Customer4150,LN4150,customer4150@shopmail.com,2023-03-25,Bronze,3
4151,4151,Customer4151,LN4151,customer4151@shopmail.com,2023-01-14,Bronze,3
4152,4152,Customer4152,LN4152,customer4152@shopmail.com,2023-09-03,Bronze,4
4153,4153,Customer4153,LN4153,customer4153@shopmail.com,2024-11-14,Silver,4
4154,4154,Customer4154,LN4154,customer4154@shopmail.com,2025-01-28,Gold,7
4155,4155,Customer4155,LN4155,customer4155@shopmail.com,2022-09-18,Bronze,3
4156,4156,Customer4156,LN4156,customer4156@shopmail.com,2022-08-03,Gold,2
4157,4157,Customer4157,LN4157,customer4157@shopmail.com,2024-03-23,Bronze,3
4158,4158,Customer4158,LN4158,customer4158@shopmail.com,2022-12-13,Bronze,1
4159,4159,Customer4159,LN4159,customer4159@shopmail.com,2022-08-18,Bronze,5
4160,4160,Customer4160,LN4160,customer4160@shopmail.com,2022-02-05,Bronze,2
4161,4161,Customer4161,LN4161,customer4161@shopmail.com,2023-04-09,Bronze,7
4162,4162,Customer4162,LN4162,customer4162@shopmail.com,2023-03-27,Gold,7
4163,4163,Customer4163,LN4163,customer4163@shopmail.com,2023-10-10,Silver,5
4164,4164,Customer4164,LN4164,customer4164@shopmail.com,2022-08-19,Silver,7
4165,4165,Customer4165,LN4165,customer4165@shopmail.com,2024-04-01,Bronze,3
4166,4166,Customer4166,LN4166,customer4166@shopmail.com,2024-02-22,Bronze,3
4167,4167,Customer4167,LN4167,customer4167@shopmail.com,2023-06-16,Silver,7
4168,4168,Customer4168,LN4168,customer4168@shopmail.com,2022-07-28,Bronze,3
4169,4169,Customer4169,LN4169,customer4169@shopmail.com,2023-08-06,Bronze,7
4170,4170,Customer4170,LN4170,customer4170@shopmail.com,2024-02-16,Bronze,7
4171,4171,Customer4171,LN4171,customer4171@shopmail.com,2023-03-05,Bronze,5
4172,4172,Customer4172,LN4172,customer4172@shopmail.com,2022-10-30,Silver,7
4173,4173,Customer4173,LN4173,customer4173@shopmail.com,2023-08-06,Bronze,2
4174,4174,Customer4174,LN4174,customer4174@shopmail.com,2023-02-13,Bronze,5
4175,4175,Customer4175,LN4175,customer4175@shopmail.com,2023-04-06,Gold,1
4176,4176,Customer4176,LN4176,customer4176@shopmail.com,2023-02-06,Gold,3
4177,4177,Customer4177,LN4177,customer4177@shopmail.com,2022-12-15,Bronze,2
4178,4178,Customer4178,LN4178,customer4178@shopmail.com,2024-04-04,Bronze,5
4179,4179,Customer4179,LN4179,customer4179@shopmail.com,2023-06-14,Silver,4
4180,4180,Customer4180,LN4180,customer4180@shopmail.com,2023-06-21,Bronze,3
4181,4181,Customer4181,LN4181,customer4181@shopmail.com,2024-01-22,Bronze,3
4182,4182,Customer4182,LN4182,customer4182@shopmail.com,2023-02-20,Bronze,4
4183,4183,Customer4183,LN4183,customer4183@shopmail.com,2022-04-27,Bronze,3
4184,4184,Customer4184,LN4184,customer4184@shopmail.com,2024-09-07,Gold,1
4185,4185,Customer4185,LN4185,customer4185@shopmail.com,2022-03-06,Silver,3
4186,4186,Customer4186,LN4186,customer4186@shopmail.com,2023-10-20,Gold,7
4187,4187,Customer4187,LN4187,customer4187@shopmail.com,2022-11-02,Silver,2
4188,4188,Customer4188,LN4188,customer4188@shopmail.com,2022-09-03,Silver,4
4189,4189,Customer4189,LN4189,customer4189@shopmail.com,2022-02-18,Silver,1
4190,4190,Customer4190,LN4190,customer4190@shopmail.com,2024-11-01,Silver,4
4191,4191,Customer4191,LN4191,customer4191@shopmail.com,2023-05-09,Bronze,2
4192,4192,Customer4192,LN4192,customer4192@shopmail.com,2023-01-30,Bronze,3
4193,4193,Customer4193,LN4193,customer4193@shopmail.com,2024-05-02,Silver,3
4194,4194,Customer4194,LN4194,missing_4194@shopmail.com,2022-02-14,Bronze,1
4195,4195,Customer4195,LN4195,customer4195@shopmail.com,2023-10-12,Bronze,4
4196,4196,Customer4196,LN4196,customer4196@shopmail.com,2023-07-23,Bronze,4
4197,4197,Customer4197,LN4197,customer4197@shopmail.com,2023-09-29,Silver,3
4198,4198,Customer4198,LN4198,customer4198@shopmail.com,2022-05-23,Bronze,4
4199,4199,Customer4199,LN4199,customer4199@shopmail.com,2024-12-31,Bronze,2
4200,4200,Customer4200,LN4200,customer4200@shopmail.com,2022-10-02,Bronze,1
4201,4201,Customer4201,LN4201,customer4201@shopmail.com,2024-02-20,Bronze,1
4202,4202,Customer4202,LN4202,customer4202@shopmail.com,2024-05-09,Gold,5
4203,4203,Customer4203,LN4203,customer4203@shopmail.com,2023-01-31,Bronze,1
4204,4204,Customer4204,LN4204,customer4204@shopmail.com,2022-05-31,Bronze,3
4205,4205,Customer4205,LN4205,customer4205@shopmail.com,2022-12-08,Bronze,5
4206,4206,Customer4206,LN4206,customer4206@shopmail.com,2024-07-16,Silver,3
4207,4207,Customer4207,LN4207,customer4207@shopmail.com,2024-11-08,Silver,1
4208,4208,Customer4208,LN4208,customer4208@shopmail.com,2024-12-13,Bronze,5
4209,4209,Customer4209,LN4209,customer4209@shopmail.com,2022-09-18,Bronze,1
4210,4210,Customer4210,LN4210,customer4210@shopmail.com,2023-11-29,Silver,7
4211,4211,Customer4211,LN4211,customer4211@shopmail.com,2022-06-23,Gold,7
4212,4212,Customer4212,LN4212,customer4212@shopmail.com,2024-03-27,Bronze,4
4213,4213,Customer4213,LN4213,customer4213@shopmail.com,2023-04-24,Bronze,3
4214,4214,Customer4214,LN4214,customer4214@shopmail.com,2024-03-31,Bronze,3
4215,4215,Customer4215,LN4215,customer4215@shopmail.com,2024-02-27,Bronze,3
4216,4216,Customer4216,LN4216,customer4216@shopmail.com,2025-02-15,Silver,4
4217,4217,Customer4217,LN4217,customer4217@shopmail.com,2023-07-16,Gold,7
4218,4218,Customer4218,LN4218,customer4218@shopmail.com,2023-01-28,Gold,2
4219,4219,Customer4219,LN4219,customer4219@shopmail.com,2023-08-29,Silver,2
4220,4220,Customer4220,LN4220,customer4220@shopmail.com,2022-07-07,Bronze,3
4221,4221,Customer4221,LN4221,customer4221@shopmail.com,2022-05-09,Gold,2
4222,4222,Customer4222,LN4222,customer4222@shopmail.com,2023-08-21,Bronze,3
4223,4223,Customer4223,LN4223,customer4223@shopmail.com,2024-08-07,Bronze,1
4224,4224,Customer4224,LN4224,customer4224@shopmail.com,2023-09-06,Silver,4
4225,4225,Customer4225,LN4225,customer4225@shopmail.com,2024-06-18,Bronze,2
4226,4226,Customer4226,LN4226,customer4226@shopmail.com,2022-07-24,Silver,7
4227,4227,Customer4227,LN4227,customer4227@shopmail.com,2023-06-01,Gold,7
4228,4228,Customer4228,LN4228,customer4228@shopmail.com,2023-12-07,Silver,1
4229,4229,Customer4229,LN4229,customer4229@shopmail.com,2023-02-04,Silver,7
4230,4230,Customer4230,LN4230,customer4230@shopmail.com,2022-01-17,Bronze,4
4231,4231,Customer4231,LN4231,customer4231@shopmail.com,2022-03-26,Bronze,5
4232,4232,Customer4232,LN4232,customer4232@shopmail.com,2024-12-02,Silver,4
4233,4233,Customer4233,LN4233,customer4233@shopmail.com,2023-11-27,Silver,5
4234,4234,Customer4234,LN4234,customer4234@shopmail.com,2022-11-01,Gold,2
4235,4235,Customer4235,LN4235,customer4235@shopmail.com,2022-10-25,Bronze,1
4236,4236,Customer4236,LN4236,customer4236@shopmail.com,2022-02-15,Bronze,5
4237,4237,Customer4237,LN4237,customer4237@shopmail.com,2024-12-22,Bronze,5
4238,4238,Customer4238,LN4238,customer4238@shopmail.com,2022-05-05,Silver,1
4239,4239,Customer4239,LN4239,customer4239@shopmail.com,2024-05-23,Silver,5
4240,4240,Customer4240,LN4240,customer4240@shopmail.com,2022-10-04,Gold,5
4241,4241,Customer4241,LN4241,customer4241@shopmail.com,2023-01-21,Bronze,4
4242,4242,Customer4242,LN4242,customer4242@shopmail.com,2022-11-11,Bronze,4
4243,4243,Customer4243,LN4243,customer4243@shopmail.com,2024-08-06,Bronze,5
4244,4244,Customer4244,LN4244,customer4244@shopmail.com,2022-02-07,Bronze,3
4245,4245,Customer4245,LN4245,customer4245@shopmail.com,2023-02-10,Bronze,7
4246,4246,Customer4246,LN4246,customer4246@shopmail.com,2022-11-18,Silver,5
4247,4247,Customer4247,LN4247,customer4247@shopmail.com,2022-11-10,Bronze,3
4248,4248,Customer4248,LN4248,customer4248@shopmail.com,2022-08-10,Bronze,3
4249,4249,Customer4249,LN4249,customer4249@shopmail.com,2024-11-15,Silver,5
4250,4250,Customer4250,LN4250,customer4250@shopmail.com,2023-03-12,Silver,2
4251,4251,Customer4251,LN4251,customer4251@shopmail.com,2023-04-26,Bronze,5
4252,4252,Customer4252,LN4252,customer4252@shopmail.com,2023-03-19,Bronze,5
4253,4253,Customer4253,LN4253,customer4253@shopmail.com,2025-02-01,Silver,4
4254,4254,Customer4254,LN4254,customer4254@shopmail.com,2023-01-25,Silver,3
4255,4255,Customer4255,LN4255,customer4255@shopmail.com,2023-01-28,Silver,3
4256,4256,Customer4256,LN4256,customer4256@shopmail.com,2023-01-13,Bronze,4
4257,4257,Customer4257,LN4257,customer4257@shopmail.com,2023-01-12,Silver,1
4258,4258,Customer4258,LN4258,customer4258@shopmail.com,2022-04-14,Gold,4
4259,4259,Customer4259,LN4259,customer4259@shopmail.com,2023-11-26,Bronze,4
4260,4260,Customer4260,LN4260,customer4260@shopmail.com,2022-01-29,Bronze,4
4261,4261,Customer4261,LN4261,customer4261@shopmail.com,2022-09-17,Gold,1
4262,4262,Customer4262,LN4262,customer4262@shopmail.com,2022-08-21,Bronze,4
4263,4263,Customer4263,LN4263,customer4263@shopmail.com,2022-12-02,Silver,2
4264,4264,Customer4264,LN4264,customer4264@shopmail.com,2024-05-20,Gold,1
4265,4265,Customer4265,LN4265,customer4265@shopmail.com,2023-11-21,Bronze,5
4266,4266,Customer4266,LN4266,customer4266@shopmail.com,2025-02-13,Silver,4
4267,4267,Customer4267,LN4267,customer4267@shopmail.com,2023-02-08,Bronze,5
4268,4268,Customer4268,LN4268,customer4268@shopmail.com,2024-12-03,Gold,4
4269,4269,Customer4269,LN4269,customer4269@shopmail.com,2022-02-21,Gold,7
4270,4270,Customer4270,LN4270,customer4270@shopmail.com,2023-08-03,Gold,5
4271,4271,Customer4271,LN4271,customer4271@shopmail.com,2024-07-07,Bronze,3
4272,4272,Customer4272,LN4272,customer4272@shopmail.com,2023-09-04,Silver,2
4273,4273,Customer4273,LN4273,customer4273@shopmail.com,2024-12-09,Gold,3
4274,4274,Customer4274,LN4274,customer4274@shopmail.com,2022-12-28,Silver,1
4275,4275,Customer4275,LN4275,customer4275@shopmail.com,2022-02-08,Silver,2
4276,4276,Customer4276,LN4276,customer4276@shopmail.com,2024-06-09,Bronze,7
4277,4277,Customer4277,LN4277,customer4277@shopmail.com,2022-03-20,Gold,4
4278,4278,Customer4278,LN4278,customer4278@shopmail.com,2024-05-29,Bronze,4
4279,4279,Customer4279,LN4279,customer4279@shopmail.com,2024-04-23,Bronze,3
4280,4280,Customer4280,LN4280,customer4280@shopmail.com,2024-08-28,Gold,4
4281,4281,Customer4281,LN4281,customer4281@shopmail.com,2023-07-05,Gold,5
4282,4282,Customer4282,LN4282,customer4282@shopmail.com,2024-10-26,Gold,4
4283,4283,Customer4283,LN4283,customer4283@shopmail.com,2022-07-15,Bronze,2
4284,4284,Customer4284,LN4284,customer4284@shopmail.com,2023-05-15,Bronze,2
4285,4285,Customer4285,LN4285,customer4285@shopmail.com,2022-05-21,Bronze,2
4286,4286,Customer4286,LN4286,customer4286@shopmail.com,2024-05-31,Bronze,1
4287,4287,Customer4287,LN4287,customer4287@shopmail.com,2024-04-01,Gold,1
4288,4288,Customer4288,LN4288,customer4288@shopmail.com,2024-07-16,Silver,2
4289,4289,Customer4289,LN4289,customer4289@shopmail.com,2024-05-28,Bronze,1
4290,4290,Customer4290,LN4290,customer4290@shopmail.com,2022-12-21,Bronze,4
4291,4291,Customer4291,LN4291,customer4291@shopmail.com,2022-03-20,Bronze,5
4292,4292,Customer4292,LN4292,customer4292@shopmail.com,2024-12-04,Gold,3
4293,4293,Customer4293,LN4293,customer4293@shopmail.com,2023-07-21,Silver,7
4294,4294,Customer4294,LN4294,customer4294@shopmail.com,2022-04-19,Bronze,3
4295,4295,Customer4295,LN4295,customer4295@shopmail.com,2024-12-02,Bronze,4
4296,4296,Customer4296,LN4296,customer4296@shopmail.com,2025-02-17,Bronze,4
4297,4297,Customer4297,LN4297,customer4297@shopmail.com,2023-05-28,Bronze,7
4298,4298,Customer4298,LN4298,customer4298@shopmail.com,2024-06-04,Gold,4
4299,4299,Customer4299,LN4299,customer4299@shopmail.com,2022-02-11,Silver,3
4300,4300,Customer4300,LN4300,customer4300@shopmail.com,2022-04-18,Bronze,1
4301,4301,Customer4301,LN4301,customer4301@shopmail.com,2022-11-15,Silver,4
4302,4302,Customer4302,LN4302,customer4302@shopmail.com,2024-01-25,Bronze,3
4303,4303,Customer4303,LN4303,customer4303@shopmail.com,2022-06-03,Bronze,5
4304,4304,Customer4304,LN4304,customer4304@shopmail.com,2022-02-09,Silver,7
4305,4305,Customer4305,LN4305,customer4305@shopmail.com,2024-02-09,Bronze,1
4306,4306,Customer4306,LN4306,customer4306@shopmail.com,2024-06-04,Bronze,2
4307,4307,Customer4307,LN4307,customer4307@shopmail.com,2024-04-30,Silver,7
4308,4308,Customer4308,LN4308,customer4308@shopmail.com,2024-07-08,Gold,2
4309,4309,Customer4309,LN4309,customer4309@shopmail.com,2024-07-12,Bronze,5
4310,4310,Customer4310,LN4310,customer4310@shopmail.com,2023-11-24,Silver,1
4311,4311,Customer4311,LN4311,customer4311@shopmail.com,2023-08-21,Bronze,7
4312,4312,Customer4312,LN4312,customer4312@shopmail.com,2024-09-12,Silver,3
4313,4313,Customer4313,LN4313,customer4313@shopmail.com,2023-02-05,Bronze,1
4314,4314,Customer4314,LN4314,customer4314@shopmail.com,2022-04-23,Silver,3
4315,4315,Customer4315,LN4315,customer4315@shopmail.com,2024-05-14,Bronze,2
4316,4316,Customer4316,LN4316,customer4316@shopmail.com,2022-11-14,Gold,2
4317,4317,Customer4317,LN4317,customer4317@shopmail.com,2025-01-30,Gold,3
4318,4318,Customer4318,LN4318,customer4318@shopmail.com,2023-04-22,Bronze,5
4319,4319,Customer4319,LN4319,customer4319@shopmail.com,2024-09-06,Silver,1
4320,4320,Customer4320,LN4320,customer4320@shopmail.com,2022-02-18,Bronze,2
4321,4321,Customer4321,LN4321,customer4321@shopmail.com,2024-01-29,Silver,4
4322,4322,Customer4322,LN4322,customer4322@shopmail.com,2023-05-31,Bronze,7
4323,4323,Customer4323,LN4323,customer4323@shopmail.com,2023-06-16,Bronze,7
4324,4324,Customer4324,LN4324,customer4324@shopmail.com,2022-11-01,Silver,3
4325,4325,Customer4325,LN4325,customer4325@shopmail.com,2025-01-21,Bronze,1
4326,4326,Customer4326,LN4326,customer4326@shopmail.com,2023-03-28,Silver,1
4327,4327,Customer4327,LN4327,customer4327@shopmail.com,2024-09-05,Silver,2
4328,4328,Customer4328,LN4328,customer4328@shopmail.com,2023-05-04,Bronze,2
4329,4329,Customer4329,LN4329,customer4329@shopmail.com,2022-02-25,Bronze,1
4330,4330,Customer4330,LN4330,customer4330@shopmail.com,2024-10-08,Silver,5
4331,4331,Customer4331,LN4331,customer4331@shopmail.com,2022-08-01,Silver,2
4332,4332,Customer4332,LN4332,customer4332@shopmail.com,2022-11-07,Bronze,1
4333,4333,Customer4333,LN4333,customer4333@shopmail.com,2024-09-17,Bronze,5
4334,4334,Customer4334,LN4334,customer4334@shopmail.com,2024-10-24,Silver,7
4335,4335,Customer4335,LN4335,customer4335@shopmail.com,2024-11-20,Silver,3
4336,4336,Customer4336,LN4336,customer4336@shopmail.com,2023-05-05,Silver,1
4337,4337,Customer4337,LN4337,customer4337@shopmail.com,2024-05-20,Bronze,1
4338,4338,Customer4338,LN4338,customer4338@shopmail.com,2023-01-12,Silver,3
4339,4339,Customer4339,LN4339,customer4339@shopmail.com,2024-05-01,Silver,7
4340,4340,Customer4340,LN4340,customer4340@shopmail.com,2023-08-01,Bronze,4
4341,4341,Customer4341,LN4341,customer4341@shopmail.com,2022-03-01,Bronze,7
4342,4342,Customer4342,LN4342,customer4342@shopmail.com,2023-04-26,Bronze,2
4343,4343,Customer4343,LN4343,customer4343@shopmail.com,2023-06-22,Silver,1
4344,4344,Customer4344,LN4344,customer4344@shopmail.com,2022-10-23,Bronze,4
4345,4345,Customer4345,LN4345,customer4345@shopmail.com,2023-03-07,Silver,3
4346,4346,Customer4346,LN4346,customer4346@shopmail.com,2023-08-02,Silver,2
4347,4347,Customer4347,LN4347,customer4347@shopmail.com,2022-02-27,Bronze,3
4348,4348,Customer4348,LN4348,customer4348@shopmail.com,2022-06-24,Silver,4
4349,4349,Customer4349,LN4349,customer4349@shopmail.com,2024-05-31,Silver,2
4350,4350,Customer4350,LN4350,customer4350@shopmail.com,2023-02-09,Bronze,5
4351,4351,Customer4351,LN4351,customer4351@shopmail.com,2023-12-01,Silver,7
4352,4352,Customer4352,LN4352,customer4352@shopmail.com,2023-10-13,Silver,2
4353,4353,Customer4353,LN4353,customer4353@shopmail.com,2023-09-26,Bronze,2
4354,4354,Customer4354,LN4354,customer4354@shopmail.com,2023-04-21,Silver,2
4355,4355,Customer4355,LN4355,customer4355@shopmail.com,2023-07-10,Silver,1
4356,4356,Customer4356,LN4356,customer4356@shopmail.com,2024-08-05,Bronze,2
4357,4357,Customer4357,LN4357,customer4357@shopmail.com,2025-01-14,Gold,7
4358,4358,Customer4358,LN4358,customer4358@shopmail.com,2022-10-23,Silver,2
4359,4359,Customer4359,LN4359,customer4359@shopmail.com,2024-02-09,Silver,7
4360,4360,Customer4360,LN4360,customer4360@shopmail.com,2025-01-20,Bronze,3
4361,4361,Customer4361,LN4361,customer4361@shopmail.com,2022-01-09,Bronze,7
4362,4362,Customer4362,LN4362,customer4362@shopmail.com,2024-06-21,Bronze,3
4363,4363,Customer4363,LN4363,customer4363@shopmail.com,2023-07-26,Silver,3
4364,4364,Customer4364,LN4364,customer4364@shopmail.com,2025-01-17,Silver,2
4365,4365,Customer4365,LN4365,customer4365@shopmail.com,2023-10-28,Silver,1
4366,4366,Customer4366,LN4366,customer4366@shopmail.com,2024-08-21,Bronze,7
4367,4367,Customer4367,LN4367,customer4367@shopmail.com,2022-07-10,Silver,1
4368,4368,Customer4368,LN4368,customer4368@shopmail.com,2022-06-13,Silver,7
4369,4369,Customer4369,LN4369,customer4369@shopmail.com,2024-12-01,Silver,7
4370,4370,Customer4370,LN4370,customer4370@shopmail.com,2023-08-29,Silver,3
4371,4371,Customer4371,LN4371,customer4371@shopmail.com,2023-10-05,Gold,4
4372,4372,Customer4372,LN4372,customer4372@shopmail.com,2022-07-15,Bronze,1
4373,4373,Customer4373,LN4373,customer4373@shopmail.com,2022-09-18,Silver,2
4374,4374,Customer4374,LN4374,customer4374@shopmail.com,2024-07-29,Gold,4
4375,4375,Customer4375,LN4375,customer4375@shopmail.com,2022-12-15,Silver,4
4376,4376,Customer4376,LN4376,customer4376@shopmail.com,2023-11-03,Bronze,1
4377,4377,Customer4377,LN4377,customer4377@shopmail.com,2022-12-31,Gold,1
4378,4378,Customer4378,LN4378,customer4378@shopmail.com,2022-10-30,Bronze,3
4379,4379,Customer4379,LN4379,customer4379@shopmail.com,2022-07-10,Bronze,7
4380,4380,Customer4380,LN4380,customer4380@shopmail.com,2024-12-05,Bronze,7
4381,4381,Customer4381,LN4381,customer4381@shopmail.com,2024-12-17,Bronze,2
4382,4382,Customer4382,LN4382,customer4382@shopmail.com,2022-05-13,Bronze,1
4383,4383,Customer4383,LN4383,customer4383@shopmail.com,2023-02-11,Bronze,7
4384,4384,Customer4384,LN4384,customer4384@shopmail.com,2023-10-11,Gold,4
4385,4385,Customer4385,LN4385,customer4385@shopmail.com,2023-03-17,Bronze,1
4386,4386,Customer4386,LN4386,customer4386@shopmail.com,2024-04-09,Silver,7
4387,4387,Customer4387,LN4387,customer4387@shopmail.com,2022-10-27,Gold,7
4388,4388,Customer4388,LN4388,customer4388@shopmail.com,2022-03-09,Silver,3
4389,4389,Customer4389,LN4389,customer4389@shopmail.com,2023-01-23,Bronze,1
4390,4390,Customer4390,LN4390,customer4390@shopmail.com,2023-11-19,Bronze,1
4391,4391,Customer4391,LN4391,customer4391@shopmail.com,2022-07-27,Silver,1
4392,4392,Customer4392,LN4392,customer4392@shopmail.com,2024-07-27,Silver,7
4393,4393,Customer4393,LN4393,customer4393@shopmail.com,2022-01-15,Silver,1
4394,4394,Customer4394,LN4394,customer4394@shopmail.com,2022-03-19,Bronze,1
4395,4395,Customer4395,LN4395,customer4395@shopmail.com,2023-08-09,Silver,4
4396,4396,Customer4396,LN4396,customer4396@shopmail.com,2023-08-13,Silver,1
4397,4397,Customer4397,LN4397,customer4397@shopmail.com,2022-12-06,Silver,4
4398,4398,Customer4398,LN4398,customer4398@shopmail.com,2022-10-25,Gold,5
4399,4399,Customer4399,LN4399,customer4399@shopmail.com,2022-03-22,Silver,3
4400,4400,Customer4400,LN4400,customer4400@shopmail.com,2024-02-02,Silver,7
4401,4401,Customer4401,LN4401,customer4401@shopmail.com,2023-03-12,Silver,1
4402,4402,Customer4402,LN4402,customer4402@shopmail.com,2022-05-17,Silver,3
4403,4403,Customer4403,LN4403,customer4403@shopmail.com,2023-04-05,Silver,3
4404,4404,Customer4404,LN4404,customer4404@shopmail.com,2024-12-13,Bronze,1
4405,4405,Customer4405,LN4405,customer4405@shopmail.com,2022-10-28,Silver,7
4406,4406,Customer4406,LN4406,customer4406@shopmail.com,2024-10-25,Silver,1
4407,4407,Customer4407,LN4407,customer4407@shopmail.com,2022-10-25,Bronze,3
4408,4408,Customer4408,LN4408,customer4408@shopmail.com,2022-08-02,Bronze,1
4409,4409,Customer4409,LN4409,customer4409@shopmail.com,2022-10-27,Silver,4
4410,4410,Customer4410,LN4410,customer4410@shopmail.com,2023-01-07,Silver,2
4411,4411,Customer4411,LN4411,customer4411@shopmail.com,2022-05-19,Bronze,3
4412,4412,Customer4412,LN4412,customer4412@shopmail.com,2023-11-07,Bronze,4
4413,4413,Customer4413,LN4413,customer4413@shopmail.com,2023-01-19,Bronze,7
4414,4414,Customer4414,LN4414,customer4414@shopmail.com,2024-04-05,Gold,2
4415,4415,Customer4415,LN4415,customer4415@shopmail.com,2023-07-19,Gold,5
4416,4416,Customer4416,LN4416,customer4416@shopmail.com,2023-05-25,Silver,1
4417,4417,Customer4417,LN4417,customer4417@shopmail.com,2023-06-26,Bronze,1
4418,4418,Customer4418,LN4418,customer4418@shopmail.com,2022-06-29,Silver,4
4419,4419,Customer4419,LN4419,customer4419@shopmail.com,2024-03-30,Silver,2
4420,4420,Customer4420,LN4420,customer4420@shopmail.com,2022-04-30,Gold,1
4421,4421,Customer4421,LN4421,customer4421@shopmail.com,2024-04-09,Bronze,1
4422,4422,Customer4422,LN4422,customer4422@shopmail.com,2025-02-23,Bronze,7
4423,4423,Customer4423,LN4423,customer4423@shopmail.com,2024-05-28,Silver,1
4424,4424,Customer4424,LN4424,customer4424@shopmail.com,2023-06-08,Bronze,4
4425,4425,Customer4425,LN4425,customer4425@shopmail.com,2022-12-28,Silver,4
4426,4426,Customer4426,LN4426,customer4426@shopmail.com,2024-09-30,Silver,5
4427,4427,Customer4427,LN4427,customer4427@shopmail.com,2022-10-23,Bronze,1
4428,4428,Customer4428,LN4428,customer4428@shopmail.com,2023-07-09,Bronze,3
4429,4429,Customer4429,LN4429,customer4429@shopmail.com,2024-06-05,Silver,1
4430,4430,Customer4430,LN4430,customer4430@shopmail.com,2024-11-26,Silver,5
4431,4431,Customer4431,LN4431,customer4431@shopmail.com,2024-11-25,Bronze,2
4432,4432,Customer4432,LN4432,customer4432@shopmail.com,2022-04-11,Bronze,4
4433,4433,Customer4433,LN4433,customer4433@shopmail.com,2024-10-30,Silver,3
4434,4434,Customer4434,LN4434,customer4434@shopmail.com,2022-05-12,Bronze,1
4435,4435,Customer4435,LN4435,customer4435@shopmail.com,2023-11-04,Silver,1
4436,4436,Customer4436,LN4436,customer4436@shopmail.com,2024-12-05,Silver,5
4437,4437,Customer4437,LN4437,customer4437@shopmail.com,2024-01-24,Bronze,2
4438,4438,Customer4438,LN4438,customer4438@shopmail.com,2024-12-25,Silver,5
4439,4439,Customer4439,LN4439,customer4439@shopmail.com,2023-01-31,Silver,1
4440,4440,Customer4440,LN4440,customer4440@shopmail.com,2022-12-28,Bronze,2
4441,4441,Customer4441,LN4441,customer4441@shopmail.com,2023-01-11,Silver,1
4442,4442,Customer4442,LN4442,customer4442@shopmail.com,2023-02-13,Gold,1
4443,4443,Customer4443,LN4443,customer4443@shopmail.com,2024-02-25,Silver,4
4444,4444,Customer4444,LN4444,customer4444@shopmail.com,2023-06-05,Bronze,5
4445,4445,Customer4445,LN4445,customer4445@shopmail.com,2024-04-28,Silver,7
4446,4446,Customer4446,LN4446,customer4446@shopmail.com,2023-04-24,Bronze,4
4447,4447,Customer4447,LN4447,customer4447@shopmail.com,2022-12-20,Silver,3
4448,4448,Customer4448,LN4448,customer4448@shopmail.com,2022-08-07,Silver,5
4449,4449,Customer4449,LN4449,customer4449@shopmail.com,2023-09-26,Bronze,7
4450,4450,Customer4450,LN4450,customer4450@shopmail.com,2024-10-30,Bronze,2
4451,4451,Customer4451,LN4451,customer4451@shopmail.com,2024-09-14,Gold,7
4452,4452,Customer4452,LN4452,customer4452@shopmail.com,2022-10-19,Bronze,1
4453,4453,Customer4453,LN4453,customer4453@shopmail.com,2023-07-04,Silver,7
4454,4454,Customer4454,LN4454,customer4454@shopmail.com,2024-03-22,Silver,7
4455,4455,Customer4455,LN4455,customer4455@shopmail.com,2023-12-06,Silver,4
4456,4456,Customer4456,LN4456,customer4456@shopmail.com,2022-03-19,Bronze,4
4457,4457,Customer4457,LN4457,customer4457@shopmail.com,2023-11-11,Bronze,2
4458,4458,Customer4458,LN4458,customer4458@shopmail.com,2022-02-14,Bronze,5
4459,4459,Customer4459,LN4459,customer4459@shopmail.com,2022-05-14,Silver,7
4460,4460,Customer4460,LN4460,customer4460@shopmail.com,2024-01-22,Gold,1
4461,4461,Customer4461,LN4461,customer4461@shopmail.com,2022-04-28,Gold,2
4462,4462,Customer4462,LN4462,customer4462@shopmail.com,2023-01-25,Bronze,4
4463,4463,Customer4463,LN4463,customer4463@shopmail.com,2023-11-08,Bronze,1
4464,4464,Customer4464,LN4464,customer4464@shopmail.com,2024-01-24,Bronze,3
4465,4465,Customer4465,LN4465,customer4465@shopmail.com,2023-05-28,Gold,2
4466,4466,Customer4466,LN4466,customer4466@shopmail.com,2022-04-19,Bronze,1
4467,4467,Customer4467,LN4467,customer4467@shopmail.com,2024-07-07,Bronze,5
4468,4468,Customer4468,LN4468,customer4468@shopmail.com,2024-12-28,Silver,4
4469,4469,Customer4469,LN4469,customer4469@shopmail.com,2024-10-19,Silver,3
4470,4470,Customer4470,LN4470,customer4470@shopmail.com,2024-05-10,Bronze,3
4471,4471,Customer4471,LN4471,customer4471@shopmail.com,2023-04-08,Silver,1
4472,4472,Customer4472,LN4472,customer4472@shopmail.com,2024-10-04,Bronze,7
4473,4473,Customer4473,LN4473,customer4473@shopmail.com,2023-07-16,Bronze,7
4474,4474,Customer4474,LN4474,customer4474@shopmail.com,2022-06-06,Bronze,7
4475,4475,Customer4475,LN4475,customer4475@shopmail.com,2024-09-05,Bronze,4
4476,4476,Customer4476,LN4476,customer4476@shopmail.com,2023-01-04,Gold,2
4477,4477,Customer4477,LN4477,customer4477@shopmail.com,2024-12-15,Silver,1
4478,4478,Customer4478,LN4478,customer4478@shopmail.com,2023-02-28,Silver,2
4479,4479,Customer4479,LN4479,customer4479@shopmail.com,2024-09-26,Bronze,4
4480,4480,Customer4480,LN4480,customer4480@shopmail.com,2023-09-10,Silver,5
4481,4481,Customer4481,LN4481,customer4481@shopmail.com,2023-06-22,Gold,5
4482,4482,Customer4482,LN4482,customer4482@shopmail.com,2022-12-08,Bronze,4
4483,4483,Customer4483,LN4483,customer4483@shopmail.com,2024-08-19,Gold,2
4484,4484,Customer4484,LN4484,customer4484@shopmail.com,2022-03-11,Silver,4
4485,4485,Customer4485,LN4485,customer4485@shopmail.com,2023-06-24,Silver,1
4486,4486,Customer4486,LN4486,customer4486@shopmail.com,2023-03-01,Bronze,7
4487,4487,Customer4487,LN4487,customer4487@shopmail.com,2023-09-17,Silver,1
4488,4488,Customer4488,LN4488,customer4488@shopmail.com,2022-10-20,Silver,4
4489,4489,Customer4489,LN4489,customer4489@shopmail.com,2024-02-04,Gold,5
4490,4490,Customer4490,LN4490,customer4490@shopmail.com,2023-03-20,Gold,2
4491,4491,Customer4491,LN4491,customer4491@shopmail.com,2022-08-05,Bronze,4
4492,4492,Customer4492,LN4492,customer4492@shopmail.com,2022-08-15,Gold,2
4493,4493,Customer4493,LN4493,customer4493@shopmail.com,2024-03-11,Gold,5
4494,4494,Customer4494,LN4494,customer4494@shopmail.com,2022-10-29,Silver,1
4495,4495,Customer4495,LN4495,customer4495@shopmail.com,2022-12-20,Bronze,5
4496,4496,Customer4496,LN4496,customer4496@shopmail.com,2023-12-22,Bronze,5
4497,4497,Customer4497,LN4497,customer4497@shopmail.com,2023-01-15,Bronze,1
4498,4498,Customer4498,LN4498,customer4498@shopmail.com,2023-03-23,Bronze,3
4499,4499,Customer4499,LN4499,customer4499@shopmail.com,2022-10-09,Gold,3
4500,4500,Customer4500,LN4500,customer4500@shopmail.com,2023-02-02,Bronze,2
4501,4501,Customer4501,LN4501,customer4501@shopmail.com,2024-03-07,Silver,3
4502,4502,Customer4502,LN4502,customer4502@shopmail.com,2023-09-06,Silver,4
4503,4503,Customer4503,LN4503,customer4503@shopmail.com,2025-02-21,Silver,4
4504,4504,Customer4504,LN4504,customer4504@shopmail.com,2024-06-06,Bronze,5
4505,4505,Customer4505,LN4505,customer4505@shopmail.com,2022-01-20,Silver,2
4506,4506,Customer4506,LN4506,customer4506@shopmail.com,2023-03-12,Silver,1
4507,4507,Customer4507,LN4507,customer4507@shopmail.com,2022-11-30,Silver,4
4508,4508,Customer4508,LN4508,customer4508@shopmail.com,2023-11-07,Bronze,1
4509,4509,Customer4509,LN4509,customer4509@shopmail.com,2022-11-02,Silver,7
4510,4510,Customer4510,LN4510,customer4510@shopmail.com,2025-01-16,Bronze,3
4511,4511,Customer4511,LN4511,customer4511@shopmail.com,2022-12-11,Silver,4
4512,4512,Customer4512,LN4512,customer4512@shopmail.com,2023-08-24,Bronze,5
4513,4513,Customer4513,LN4513,customer4513@shopmail.com,2022-05-22,Bronze,1
4514,4514,Customer4514,LN4514,customer4514@shopmail.com,2024-11-12,Silver,1
4515,4515,Customer4515,LN4515,customer4515@shopmail.com,2024-11-14,Bronze,5
4516,4516,Customer4516,LN4516,customer4516@shopmail.com,2024-07-01,Gold,3
4517,4517,Customer4517,LN4517,customer4517@shopmail.com,2023-02-09,Gold,1
4518,4518,Customer4518,LN4518,customer4518@shopmail.com,2022-03-09,Bronze,2
4519,4519,Customer4519,LN4519,customer4519@shopmail.com,2024-03-28,Bronze,3
4520,4520,Customer4520,LN4520,customer4520@shopmail.com,2023-05-09,Bronze,3
4521,4521,Customer4521,LN4521,customer4521@shopmail.com,2025-02-12,Gold,4
4522,4522,Customer4522,LN4522,customer4522@shopmail.com,2024-03-14,Silver,5
4523,4523,Customer4523,LN4523,customer4523@shopmail.com,2023-09-12,Bronze,6
4524,4524,Customer4524,LN4524,customer4524@shopmail.com,2025-02-08,Silver,5
4525,4525,Customer4525,LN4525,customer4525@shopmail.com,2024-07-09,Bronze,1
4526,4526,Customer4526,LN4526,customer4526@shopmail.com,2023-06-12,Silver,3
4527,4527,Customer4527,LN4527,customer4527@shopmail.com,2022-01-22,Silver,7
4528,4528,Customer4528,LN4528,customer4528@shopmail.com,2022-04-17,Bronze,5
4529,4529,Customer4529,LN4529,customer4529@shopmail.com,2023-05-26,Silver,2
4530,4530,Customer4530,LN4530,customer4530@shopmail.com,2023-10-09,Bronze,1
4531,4531,Customer4531,LN4531,customer4531@shopmail.com,2022-02-04,Silver,7
4532,4532,Customer4532,LN4532,customer4532@shopmail.com,2022-05-26,Silver,4
4533,4533,Customer4533,LN4533,customer4533@shopmail.com,2024-03-20,Gold,5
4534,4534,Customer4534,LN4534,customer4534@shopmail.com,2024-05-14,Bronze,5
4535,4535,Customer4535,LN4535,customer4535@shopmail.com,2022-02-04,Gold,2
4536,4536,Customer4536,LN4536,customer4536@shopmail.com,2023-08-07,Bronze,5
4537,4537,Customer4537,LN4537,customer4537@shopmail.com,2022-04-04,Gold,7
4538,4538,Customer4538,LN4538,customer4538@shopmail.com,2024-04-11,Bronze,4
4539,4539,Customer4539,LN4539,customer4539@shopmail.com,2024-08-17,Silver,5
4540,4540,Customer4540,LN4540,customer4540@shopmail.com,2024-09-26,Bronze,7
4541,4541,Customer4541,LN4541,customer4541@shopmail.com,2023-11-19,Gold,2
4542,4542,Customer4542,LN4542,customer4542@shopmail.com,2023-12-25,Gold,5
4543,4543,Customer4543,LN4543,customer4543@shopmail.com,2024-12-01,Bronze,4
4544,4544,Customer4544,LN4544,customer4544@shopmail.com,2023-12-06,Silver,1
4545,4545,Customer4545,LN4545,customer4545@shopmail.com,2023-05-29,Silver,5
4546,4546,Customer4546,LN4546,customer4546@shopmail.com,2024-05-17,Bronze,2
4547,4547,Customer4547,LN4547,customer4547@shopmail.com,2023-11-11,Silver,2
4548,4548,Customer4548,LN4548,customer4548@shopmail.com,2024-08-26,Silver,1
4549,4549,Customer4549,LN4549,customer4549@shopmail.com,2023-08-27,Silver,3
4550,4550,Customer4550,LN4550,customer4550@shopmail.com,2024-09-26,Bronze,2
4551,4551,Customer4551,LN4551,customer4551@shopmail.com,2022-02-21,Gold,7
4552,4552,Customer4552,LN4552,customer4552@shopmail.com,2022-02-11,Bronze,2
4553,4553,Customer4553,LN4553,customer4553@shopmail.com,2022-04-24,Silver,1
4554,4554,Customer4554,LN4554,customer4554@shopmail.com,2023-10-02,Bronze,1
4555,4555,Customer4555,LN4555,customer4555@shopmail.com,2024-03-26,Bronze,1
4556,4556,Customer4556,LN4556,customer4556@shopmail.com,2022-09-06,Bronze,2
4557,4557,Customer4557,LN4557,customer4557@shopmail.com,2022-06-29,Bronze,7
4558,4558,Customer4558,LN4558,customer4558@shopmail.com,2024-09-16,Silver,4
4559,4559,Customer4559,LN4559,customer4559@shopmail.com,2024-05-13,Silver,7
4560,4560,Customer4560,LN4560,customer4560@shopmail.com,2024-01-16,Silver,5
4561,4561,Customer4561,LN4561,customer4561@shopmail.com,2023-07-16,Silver,5
4562,4562,Customer4562,LN4562,customer4562@shopmail.com,2023-04-29,Bronze,4
4563,4563,Customer4563,LN4563,customer4563@shopmail.com,2022-01-24,Bronze,5
4564,4564,Customer4564,LN4564,customer4564@shopmail.com,2022-08-05,Silver,3
4565,4565,Customer4565,LN4565,customer4565@shopmail.com,2024-10-28,Silver,3
4566,4566,Customer4566,LN4566,customer4566@shopmail.com,2023-01-25,Silver,3
4567,4567,Customer4567,LN4567,customer4567@shopmail.com,2024-03-21,Bronze,4
4568,4568,Customer4568,LN4568,customer4568@shopmail.com,2024-03-20,Silver,5
4569,4569,Customer4569,LN4569,customer4569@shopmail.com,2022-12-22,Bronze,1
4570,4570,Customer4570,LN4570,customer4570@shopmail.com,2022-08-24,Silver,3
4571,4571,Customer4571,LN4571,customer4571@shopmail.com,2024-03-06,Bronze,3
4572,4572,Customer4572,LN4572,customer4572@shopmail.com,2022-04-18,Silver,3
4573,4573,Customer4573,LN4573,customer4573@shopmail.com,2023-07-24,Bronze,2
4574,4574,Customer4574,LN4574,customer4574@shopmail.com,2024-10-18,Silver,4
4575,4575,Customer4575,LN4575,customer4575@shopmail.com,2024-03-29,Bronze,7
4576,4576,Customer4576,LN4576,customer4576@shopmail.com,2024-05-28,Silver,7
4577,4577,Customer4577,LN4577,customer4577@shopmail.com,2022-04-06,Bronze,1
4578,4578,Customer4578,LN4578,customer4578@shopmail.com,2022-08-18,Silver,2
4579,4579,Customer4579,LN4579,customer4579@shopmail.com,2022-11-13,Bronze,2
4580,4580,Customer4580,LN4580,customer4580@shopmail.com,2022-12-03,Bronze,7
4581,4581,Customer4581,LN4581,customer4581@shopmail.com,2022-08-12,Silver,1
4582,4582,Customer4582,LN4582,customer4582@shopmail.com,2025-01-22,Bronze,1
4583,4583,Customer4583,LN4583,customer4583@shopmail.com,2022-07-09,Bronze,7
4584,4584,Customer4584,LN4584,customer4584@shopmail.com,2024-03-25,Silver,2
4585,4585,Customer4585,LN4585,customer4585@shopmail.com,2023-11-06,Silver,7
4586,4586,Customer4586,LN4586,customer4586@shopmail.com,2023-12-04,Gold,4
4587,4587,Customer4587,LN4587,customer4587@shopmail.com,2022-09-04,Bronze,3
4588,4588,Customer4588,LN4588,customer4588@shopmail.com,2022-12-20,Silver,3
4589,4589,Customer4589,LN4589,customer4589@shopmail.com,2023-11-29,Silver,5
4590,4590,Customer4590,LN4590,customer4590@shopmail.com,2022-12-10,Bronze,4
4591,4591,Customer4591,LN4591,customer4591@shopmail.com,2024-03-09,Silver,4
4592,4592,Customer4592,LN4592,customer4592@shopmail.com,2022-02-15,Bronze,4
4593,4593,Customer4593,LN4593,customer4593@shopmail.com,2022-03-25,Gold,3
4594,4594,Customer4594,LN4594,customer4594@shopmail.com,2024-04-17,Silver,4
4595,4595,Customer4595,LN4595,customer4595@shopmail.com,2023-12-11,Bronze,1
4596,4596,Customer4596,LN4596,customer4596@shopmail.com,2022-02-19,Bronze,1
4597,4597,Customer4597,LN4597,customer4597@shopmail.com,2024-10-30,Bronze,7
4598,4598,Customer4598,LN4598,customer4598@shopmail.com,2022-01-06,Bronze,3
4599,4599,Customer4599,LN4599,customer4599@shopmail.com,2025-01-03,Silver,5
4600,4600,Customer4600,LN4600,customer4600@shopmail.com,2024-04-18,Silver,7
4601,4601,Customer4601,LN4601,customer4601@shopmail.com,2025-02-10,Silver,5
4602,4602,Customer4602,LN4602,customer4602@shopmail.com,2024-12-27,Bronze,1
4603,4603,Customer4603,LN4603,customer4603@shopmail.com,2022-12-27,Silver,2
4604,4604,Customer4604,LN4604,customer4604@shopmail.com,2024-05-19,Bronze,4
4605,4605,Customer4605,LN4605,customer4605@shopmail.com,2022-08-31,Bronze,1
4606,4606,Customer4606,LN4606,customer4606@shopmail.com,2023-06-27,Gold,2
4607,4607,Customer4607,LN4607,customer4607@shopmail.com,2022-10-04,Silver,4
4608,4608,Customer4608,LN4608,customer4608@shopmail.com,2023-07-13,Silver,1
4609,4609,Customer4609,LN4609,customer4609@shopmail.com,2024-09-30,Gold,1
4610,4610,Customer4610,LN4610,customer4610@shopmail.com,2023-05-17,Bronze,7
4611,4611,Customer4611,LN4611,customer4611@shopmail.com,2022-04-17,Gold,3
4612,4612,Customer4612,LN4612,customer4612@shopmail.com,2023-01-09,Silver,7
4613,4613,Customer4613,LN4613,customer4613@shopmail.com,2024-06-23,Silver,2
4614,4614,Customer4614,LN4614,customer4614@shopmail.com,2023-08-23,Bronze,1
4615,4615,Customer4615,LN4615,customer4615@shopmail.com,2023-10-07,Bronze,7
4616,4616,Customer4616,LN4616,customer4616@shopmail.com,2023-05-11,Bronze,5
4617,4617,Customer4617,LN4617,customer4617@shopmail.com,2022-12-03,Bronze,1
4618,4618,Customer4618,LN4618,customer4618@shopmail.com,2023-11-19,Bronze,1
4619,4619,Customer4619,LN4619,customer4619@shopmail.com,2023-12-30,Silver,1
4620,4620,Customer4620,LN4620,customer4620@shopmail.com,2024-10-29,Silver,5
4621,4621,Customer4621,LN4621,customer4621@shopmail.com,2023-12-12,Bronze,4
4622,4622,Customer4622,LN4622,customer4622@shopmail.com,2025-02-18,Silver,5
4623,4623,Customer4623,LN4623,customer4623@shopmail.com,2024-08-08,Gold,4
4624,4624,Customer4624,LN4624,customer4624@shopmail.com,2022-04-01,Silver,7
4625,4625,Customer4625,LN4625,customer4625@shopmail.com,2023-03-27,Silver,3
4626,4626,Customer4626,LN4626,customer4626@shopmail.com,2023-03-19,Silver,5
4627,4627,Customer4627,LN4627,customer4627@shopmail.com,2022-01-04,Bronze,1
4628,4628,Customer4628,LN4628,customer4628@shopmail.com,2022-07-27,Bronze,3
4629,4629,Customer4629,LN4629,customer4629@shopmail.com,2024-05-26,Gold,5
4630,4630,Customer4630,LN4630,customer4630@shopmail.com,2023-02-09,Silver,1
4631,4631,Customer4631,LN4631,customer4631@shopmail.com,2022-06-20,Silver,2
4632,4632,Customer4632,LN4632,customer4632@shopmail.com,2022-11-27,Gold,2
4633,4633,Customer4633,LN4633,customer4633@shopmail.com,2022-11-12,Bronze,4
4634,4634,Customer4634,LN4634,customer4634@shopmail.com,2022-07-20,Bronze,4
4635,4635,Customer4635,LN4635,customer4635@shopmail.com,2022-04-27,Silver,7
4636,4636,Customer4636,LN4636,customer4636@shopmail.com,2024-05-28,Bronze,5
4637,4637,Customer4637,LN4637,customer4637@shopmail.com,2024-08-06,Silver,3
4638,4638,Customer4638,LN4638,customer4638@shopmail.com,2023-07-25,Silver,5
4639,4639,Customer4639,LN4639,customer4639@shopmail.com,2023-12-09,Silver,3
4640,4640,Customer4640,LN4640,customer4640@shopmail.com,2024-11-23,Bronze,5
4641,4641,Customer4641,LN4641,customer4641@shopmail.com,2024-08-27,Silver,1
4642,4642,Customer4642,LN4642,customer4642@shopmail.com,2022-02-07,Bronze,7
4643,4643,Customer4643,LN4643,customer4643@shopmail.com,2024-12-31,Gold,1
4644,4644,Customer4644,LN4644,customer4644@shopmail.com,2022-03-19,Bronze,4
4645,4645,Customer4645,LN4645,customer4645@shopmail.com,2022-01-31,Gold,1
4646,4646,Customer4646,LN4646,customer4646@shopmail.com,2023-04-09,Bronze,5
4647,4647,Customer4647,LN4647,customer4647@shopmail.com,2024-05-07,Bronze,1
4648,4648,Customer4648,LN4648,customer4648@shopmail.com,2022-04-03,Silver,7
4649,4649,Customer4649,LN4649,customer4649@shopmail.com,2022-12-03,Bronze,3
4650,4650,Customer4650,LN4650,customer4650@shopmail.com,2022-10-30,Bronze,1
4651,4651,Customer4651,LN4651,customer4651@shopmail.com,2023-04-02,Silver,4
4652,4652,Customer4652,LN4652,customer4652@shopmail.com,2025-02-07,Silver,1
4653,4653,Customer4653,LN4653,customer4653@shopmail.com,2023-01-17,Bronze,3
4654,4654,Customer4654,LN4654,customer4654@shopmail.com,2022-08-29,Silver,4
4655,4655,Customer4655,LN4655,customer4655@shopmail.com,2022-05-21,Gold,3
4656,4656,Customer4656,LN4656,customer4656@shopmail.com,2022-08-16,Silver,1
4657,4657,Customer4657,LN4657,customer4657@shopmail.com,2022-06-03,Bronze,3
4658,4658,Customer4658,LN4658,customer4658@shopmail.com,2023-10-22,Bronze,7
4659,4659,Customer4659,LN4659,customer4659@shopmail.com,2023-04-29,Gold,7
4660,4660,Customer4660,LN4660,customer4660@shopmail.com,2023-07-27,Bronze,3
4661,4661,Customer4661,LN4661,customer4661@shopmail.com,2024-08-14,Bronze,4
4662,4662,Customer4662,LN4662,customer4662@shopmail.com,2023-10-30,Silver,5
4663,4663,Customer4663,LN4663,customer4663@shopmail.com,2022-06-28,Bronze,2
4664,4664,Customer4664,LN4664,customer4664@shopmail.com,2023-03-10,Silver,4
4665,4665,Customer4665,LN4665,customer4665@shopmail.com,2022-12-26,Bronze,2
4666,4666,Customer4666,LN4666,customer4666@shopmail.com,2024-08-08,Silver,7
4667,4667,Customer4667,LN4667,customer4667@shopmail.com,2022-12-20,Gold,6
4668,4668,Customer4668,LN4668,customer4668@shopmail.com,2022-06-09,Gold,7
4669,4669,Customer4669,LN4669,customer4669@shopmail.com,2024-04-26,Gold,4
4670,4670,Customer4670,LN4670,customer4670@shopmail.com,2023-05-08,Gold,4
4671,4671,Customer4671,LN4671,customer4671@shopmail.com,2022-04-21,Bronze,7
4672,4672,Customer4672,LN4672,customer4672@shopmail.com,2024-03-04,Gold,7
4673,4673,Customer4673,LN4673,customer4673@shopmail.com,2022-08-31,Gold,3
4674,4674,Customer4674,LN4674,customer4674@shopmail.com,2024-09-25,Silver,2
4675,4675,Customer4675,LN4675,customer4675@shopmail.com,2024-08-15,Bronze,1
4676,4676,Customer4676,LN4676,customer4676@shopmail.com,2023-03-02,Bronze,2
4677,4677,Customer4677,LN4677,customer4677@shopmail.com,2023-10-01,Silver,7
4678,4678,Customer4678,LN4678,customer4678@shopmail.com,2023-10-15,Silver,2
4679,4679,Customer4679,LN4679,customer4679@shopmail.com,2024-01-22,Bronze,7
4680,4680,Customer4680,LN4680,customer4680@shopmail.com,2022-03-21,Bronze,2
4681,4681,Customer4681,LN4681,customer4681@shopmail.com,2023-01-09,Silver,2
4682,4682,Customer4682,LN4682,customer4682@shopmail.com,2022-07-15,Bronze,3
4683,4683,Customer4683,LN4683,customer4683@shopmail.com,2024-03-13,Gold,1
4684,4684,Customer4684,LN4684,customer4684@shopmail.com,2022-03-21,Bronze,1
4685,4685,Customer4685,LN4685,customer4685@shopmail.com,2023-08-18,Bronze,5
4686,4686,Customer4686,LN4686,customer4686@shopmail.com,2024-04-17,Bronze,4
4687,4687,Customer4687,LN4687,customer4687@shopmail.com,2024-12-26,Gold,7
4688,4688,Customer4688,LN4688,customer4688@shopmail.com,2022-11-28,Gold,1
4689,4689,Customer4689,LN4689,customer4689@shopmail.com,2022-01-10,Bronze,4
4690,4690,Customer4690,LN4690,customer4690@shopmail.com,2024-04-12,Bronze,1
4691,4691,Customer4691,LN4691,customer4691@shopmail.com,2022-01-02,Bronze,2
4692,4692,Customer4692,LN4692,customer4692@shopmail.com,2022-03-18,Bronze,4
4693,4693,Customer4693,LN4693,customer4693@shopmail.com,2025-02-13,Silver,5
4694,4694,Customer4694,LN4694,customer4694@shopmail.com,2024-09-18,Bronze,2
4695,4695,Customer4695,LN4695,customer4695@shopmail.com,2024-03-24,Silver,2
4696,4696,Customer4696,LN4696,customer4696@shopmail.com,2024-08-18,Bronze,5
4697,4697,Customer4697,LN4697,customer4697@shopmail.com,2022-03-28,Bronze,1
4698,4698,Customer4698,LN4698,customer4698@shopmail.com,2022-04-13,Bronze,2
4699,4699,Customer4699,LN4699,customer4699@shopmail.com,2022-12-12,Bronze,7
4700,4700,Customer4700,LN4700,customer4700@shopmail.com,2022-01-28,Bronze,7
4701,4701,Customer4701,LN4701,customer4701@shopmail.com,2024-10-18,Bronze,2
4702,4702,Customer4702,LN4702,customer4702@shopmail.com,2022-03-06,Bronze,4
4703,4703,Customer4703,LN4703,customer4703@shopmail.com,2023-09-18,Gold,1
4704,4704,Customer4704,LN4704,customer4704@shopmail.com,2024-09-08,Bronze,7
4705,4705,Customer4705,LN4705,customer4705@shopmail.com,2024-04-25,Bronze,2
4706,4706,Customer4706,LN4706,customer4706@shopmail.com,2022-09-27,Bronze,7
4707,4707,Customer4707,LN4707,customer4707@shopmail.com,2023-06-25,Silver,4
4708,4708,Customer4708,LN4708,customer4708@shopmail.com,2023-09-23,Gold,2
4709,4709,Customer4709,LN4709,customer4709@shopmail.com,2024-06-02,Silver,3
4710,4710,Customer4710,LN4710,customer4710@shopmail.com,2023-05-06,Silver,2
4711,4711,Customer4711,LN4711,customer4711@shopmail.com,2022-11-24,Silver,2
4712,4712,Customer4712,LN4712,customer4712@shopmail.com,2024-07-03,Bronze,3
4713,4713,Customer4713,LN4713,customer4713@shopmail.com,2024-10-16,Gold,5
4714,4714,Customer4714,LN4714,customer4714@shopmail.com,2023-07-17,Silver,1
4715,4715,Customer4715,LN4715,customer4715@shopmail.com,2022-02-02,Bronze,7
4716,4716,Customer4716,LN4716,customer4716@shopmail.com,2023-07-30,Bronze,5
4717,4717,Customer4717,LN4717,customer4717@shopmail.com,2024-10-19,Bronze,5
4718,4718,Customer4718,LN4718,customer4718@shopmail.com,2025-02-11,Bronze,2
4719,4719,Customer4719,LN4719,customer4719@shopmail.com,2023-04-07,Silver,5
4720,4720,Customer4720,LN4720,customer4720@shopmail.com,2022-06-22,Bronze,4
4721,4721,Customer4721,LN4721,customer4721@shopmail.com,2023-10-20,Silver,7
4722,4722,Customer4722,LN4722,customer4722@shopmail.com,2024-08-13,Gold,5
4723,4723,Customer4723,LN4723,customer4723@shopmail.com,2024-12-22,Bronze,2
4724,4724,Customer4724,LN4724,customer4724@shopmail.com,2022-03-01,Bronze,3
4725,4725,Customer4725,LN4725,customer4725@shopmail.com,2022-12-01,Silver,4
4726,4726,Customer4726,LN4726,customer4726@shopmail.com,2023-07-04,Silver,4
4727,4727,Customer4727,LN4727,customer4727@shopmail.com,2022-04-23,Bronze,3
4728,4728,Customer4728,LN4728,customer4728@shopmail.com,2024-10-16,Bronze,7
4729,4729,Customer4729,LN4729,customer4729@shopmail.com,2022-05-09,Silver,3
4730,4730,Customer4730,LN4730,customer4730@shopmail.com,2024-02-04,Gold,5
4731,4731,Customer4731,LN4731,customer4731@shopmail.com,2024-11-22,Bronze,3
4732,4732,Customer4732,LN4732,customer4732@shopmail.com,2024-02-27,Bronze,2
4733,4733,Customer4733,LN4733,customer4733@shopmail.com,2024-05-27,Gold,5
4734,4734,Customer4734,LN4734,customer4734@shopmail.com,2022-10-30,Bronze,4
4735,4735,Customer4735,LN4735,customer4735@shopmail.com,2024-08-09,Bronze,1
4736,4736,Customer4736,LN4736,customer4736@shopmail.com,2023-04-27,Silver,4
4737,4737,Customer4737,LN4737,customer4737@shopmail.com,2022-03-12,Bronze,4
4738,4738,Customer4738,LN4738,customer4738@shopmail.com,2023-02-26,Bronze,1
4739,4739,Customer4739,LN4739,customer4739@shopmail.com,2023-02-07,Silver,3
4740,4740,Customer4740,LN4740,customer4740@shopmail.com,2023-08-23,Silver,5
4741,4741,Customer4741,LN4741,customer4741@shopmail.com,2022-11-01,Silver,1
4742,4742,Customer4742,LN4742,customer4742@shopmail.com,2023-06-16,Bronze,1
4743,4743,Customer4743,LN4743,customer4743@shopmail.com,2023-05-08,Silver,5
4744,4744,Customer4744,LN4744,customer4744@shopmail.com,2023-01-11,Silver,4
4745,4745,Customer4745,LN4745,customer4745@shopmail.com,2024-03-11,Silver,5
4746,4746,Customer4746,LN4746,customer4746@shopmail.com,2022-12-18,Silver,7
4747,4747,Customer4747,LN4747,customer4747@shopmail.com,2024-05-30,Silver,4
4748,4748,Customer4748,LN4748,customer4748@shopmail.com,2022-10-16,Gold,5
4749,4749,Customer4749,LN4749,customer4749@shopmail.com,2024-09-21,Silver,7
4750,4750,Customer4750,LN4750,customer4750@shopmail.com,2023-02-24,Bronze,5
4751,4751,Customer4751,LN4751,customer4751@shopmail.com,2022-02-16,Gold,4
4752,4752,Customer4752,LN4752,customer4752@shopmail.com,2022-06-22,Gold,5
4753,4753,Customer4753,LN4753,customer4753@shopmail.com,2024-07-16,Bronze,7
4754,4754,Customer4754,LN4754,customer4754@shopmail.com,2024-09-29,Bronze,4
4755,4755,Customer4755,LN4755,customer4755@shopmail.com,2022-09-01,Silver,5
4756,4756,Customer4756,LN4756,customer4756@shopmail.com,2023-11-24,Bronze,7
4757,4757,Customer4757,LN4757,customer4757@shopmail.com,2023-10-23,Silver,4
4758,4758,Customer4758,LN4758,customer4758@shopmail.com,2022-06-03,Silver,1
4759,4759,Customer4759,LN4759,customer4759@shopmail.com,2023-06-04,Bronze,3
4760,4760,Customer4760,LN4760,customer4760@shopmail.com,2024-03-08,Bronze,1
4761,4761,Customer4761,LN4761,customer4761@shopmail.com,2025-01-17,Gold,5
4762,4762,Customer4762,LN4762,customer4762@shopmail.com,2024-09-01,Bronze,2
4763,4763,Customer4763,LN4763,customer4763@shopmail.com,2022-04-23,Silver,3
4764,4764,Customer4764,LN4764,customer4764@shopmail.com,2022-10-01,Bronze,5
4765,4765,Customer4765,LN4765,customer4765@shopmail.com,2023-05-18,Bronze,7
4766,4766,Customer4766,LN4766,customer4766@shopmail.com,2022-06-23,Silver,5
4767,4767,Customer4767,LN4767,customer4767@shopmail.com,2023-10-19,Bronze,1
4768,4768,Customer4768,LN4768,customer4768@shopmail.com,2022-01-10,Silver,1
4769,4769,Customer4769,LN4769,customer4769@shopmail.com,2022-05-11,Silver,7
4770,4770,Customer4770,LN4770,customer4770@shopmail.com,2022-02-24,Bronze,3
4771,4771,Customer4771,LN4771,customer4771@shopmail.com,2022-12-06,Bronze,2
4772,4772,Customer4772,LN4772,customer4772@shopmail.com,2024-05-26,Silver,3
4773,4773,Customer4773,LN4773,customer4773@shopmail.com,2022-07-23,Silver,7
4774,4774,Customer4774,LN4774,customer4774@shopmail.com,2025-02-09,Silver,2
4775,4775,Customer4775,LN4775,customer4775@shopmail.com,2022-11-06,Silver,2
4776,4776,Customer4776,LN4776,customer4776@shopmail.com,2022-02-21,Bronze,7
4777,4777,Customer4777,LN4777,customer4777@shopmail.com,2023-01-21,Bronze,3
4778,4778,Customer4778,LN4778,customer4778@shopmail.com,2024-05-10,Silver,1
4779,4779,Customer4779,LN4779,customer4779@shopmail.com,2022-05-03,Silver,5
4780,4780,Customer4780,LN4780,customer4780@shopmail.com,2022-03-24,Silver,3
4781,4781,Customer4781,LN4781,missing_4781@shopmail.com,2024-09-03,Bronze,4
4782,4782,Customer4782,LN4782,customer4782@shopmail.com,2023-11-12,Silver,4
4783,4783,Customer4783,LN4783,customer4783@shopmail.com,2023-01-30,Silver,3
4784,4784,Customer4784,LN4784,customer4784@shopmail.com,2024-05-19,Bronze,4
4785,4785,Customer4785,LN4785,customer4785@shopmail.com,2024-08-28,Silver,1
4786,4786,Customer4786,LN4786,customer4786@shopmail.com,2023-02-18,Silver,1
4787,4787,Customer4787,LN4787,customer4787@shopmail.com,2023-10-08,Bronze,5
4788,4788,Customer4788,LN4788,customer4788@shopmail.com,2022-01-13,Bronze,4
4789,4789,Customer4789,LN4789,customer4789@shopmail.com,2022-12-19,Bronze,7
4790,4790,Customer4790,LN4790,customer4790@shopmail.com,2023-11-16,Gold,7
4791,4791,Customer4791,LN4791,customer4791@shopmail.com,2022-08-15,Bronze,4
4792,4792,Customer4792,LN4792,customer4792@shopmail.com,2025-02-13,Bronze,1
4793,4793,Customer4793,LN4793,customer4793@shopmail.com,2025-01-21,Bronze,2
4794,4794,Customer4794,LN4794,customer4794@shopmail.com,2022-10-24,Bronze,4
4795,4795,Customer4795,LN4795,customer4795@shopmail.com,2023-04-01,Bronze,3
4796,4796,Customer4796,LN4796,missing_4796@shopmail.com,2022-08-06,Silver,5
4797,4797,Customer4797,LN4797,customer4797@shopmail.com,2023-08-03,Bronze,5
4798,4798,Customer4798,LN4798,customer4798@shopmail.com,2022-05-23,Bronze,3
4799,4799,Customer4799,LN4799,customer4799@shopmail.com,2023-03-26,Bronze,7
4800,4800,Customer4800,LN4800,customer4800@shopmail.com,2023-10-01,Bronze,7
4801,4801,Customer4801,LN4801,customer4801@shopmail.com,2023-12-05,Bronze,7
4802,4802,Customer4802,LN4802,customer4802@shopmail.com,2023-11-17,Silver,1
4803,4803,Customer4803,LN4803,customer4803@shopmail.com,2022-09-12,Silver,5
4804,4804,Customer4804,LN4804,customer4804@shopmail.com,2024-06-30,Silver,4
4805,4805,Customer4805,LN4805,customer4805@shopmail.com,2024-03-06,Bronze,3
4806,4806,Customer4806,LN4806,customer4806@shopmail.com,2024-05-16,Gold,4
4807,4807,Customer4807,LN4807,customer4807@shopmail.com,2023-06-23,Silver,3
4808,4808,Customer4808,LN4808,missing_4808@shopmail.com,2024-10-23,Bronze,3
4809,4809,Customer4809,LN4809,customer4809@shopmail.com,2023-03-25,Bronze,2
4810,4810,Customer4810,LN4810,customer4810@shopmail.com,2024-07-15,Silver,7
4811,4811,Customer4811,LN4811,customer4811@shopmail.com,2022-08-23,Bronze,3
4812,4812,Customer4812,LN4812,customer4812@shopmail.com,2022-10-12,Bronze,5
4813,4813,Customer4813,LN4813,customer4813@shopmail.com,2023-08-29,Silver,1
4814,4814,Customer4814,LN4814,customer4814@shopmail.com,2023-10-02,Bronze,3
4815,4815,Customer4815,LN4815,customer4815@shopmail.com,2024-05-08,Gold,5
4816,4816,Customer4816,LN4816,customer4816@shopmail.com,2022-12-09,Bronze,2
4817,4817,Customer4817,LN4817,customer4817@shopmail.com,2024-09-30,Bronze,4
4818,4818,Customer4818,LN4818,customer4818@shopmail.com,2023-01-15,Bronze,7
4819,4819,Customer4819,LN4819,customer4819@shopmail.com,2023-09-07,Bronze,1
4820,4820,Customer4820,LN4820,customer4820@shopmail.com,2024-12-07,Gold,4
4821,4821,Customer4821,LN4821,customer4821@shopmail.com,2023-09-13,Silver,7
4822,4822,Customer4822,LN4822,customer4822@shopmail.com,2024-02-24,Gold,2
4823,4823,Customer4823,LN4823,customer4823@shopmail.com,2024-11-10,Silver,4
4824,4824,Customer4824,LN4824,customer4824@shopmail.com,2025-01-25,Bronze,1
4825,4825,Customer4825,LN4825,customer4825@shopmail.com,2023-07-29,Bronze,2
4826,4826,Customer4826,LN4826,customer4826@shopmail.com,2023-04-25,Bronze,1
4827,4827,Customer4827,LN4827,customer4827@shopmail.com,2022-08-15,Gold,3
4828,4828,Customer4828,LN4828,customer4828@shopmail.com,2023-09-11,Bronze,3
4829,4829,Customer4829,LN4829,customer4829@shopmail.com,2024-11-22,Bronze,3
4830,4830,Customer4830,LN4830,customer4830@shopmail.com,2023-07-15,Silver,4
4831,4831,Customer4831,LN4831,customer4831@shopmail.com,2023-02-05,Silver,2
4832,4832,Customer4832,LN4832,customer4832@shopmail.com,2022-05-04,Bronze,7
4833,4833,Customer4833,LN4833,customer4833@shopmail.com,2023-03-25,Silver,1
4834,4834,Customer4834,LN4834,customer4834@shopmail.com,2022-09-30,Silver,7
4835,4835,Customer4835,LN4835,customer4835@shopmail.com,2025-01-28,Silver,2
4836,4836,Customer4836,LN4836,customer4836@shopmail.com,2023-08-30,Bronze,7
4837,4837,Customer4837,LN4837,customer4837@shopmail.com,2022-06-07,Bronze,5
4838,4838,Customer4838,LN4838,customer4838@shopmail.com,2022-03-19,Bronze,3
4839,4839,Customer4839,LN4839,customer4839@shopmail.com,2024-09-05,Gold,2
4840,4840,Customer4840,LN4840,customer4840@shopmail.com,2024-12-07,Gold,1
4841,4841,Customer4841,LN4841,customer4841@shopmail.com,2024-05-27,Silver,3
4842,4842,Customer4842,LN4842,customer4842@shopmail.com,2022-05-23,Bronze,1
4843,4843,Customer4843,LN4843,customer4843@shopmail.com,2022-04-24,Bronze,5
4844,4844,Customer4844,LN4844,customer4844@shopmail.com,2022-08-16,Silver,2
4845,4845,Customer4845,LN4845,customer4845@shopmail.com,2024-05-13,Bronze,7
4846,4846,Customer4846,LN4846,customer4846@shopmail.com,2024-05-30,Silver,4
4847,4847,Customer4847,LN4847,customer4847@shopmail.com,2024-08-21,Silver,5
4848,4848,Customer4848,LN4848,customer4848@shopmail.com,2022-04-22,Bronze,3
4849,4849,Customer4849,LN4849,customer4849@shopmail.com,2022-06-26,Bronze,5
4850,4850,Customer4850,LN4850,customer4850@shopmail.com,2024-11-01,Bronze,1
4851,4851,Customer4851,LN4851,customer4851@shopmail.com,2024-12-04,Bronze,4
4852,4852,Customer4852,LN4852,customer4852@shopmail.com,2024-04-14,Silver,1
4853,4853,Customer4853,LN4853,customer4853@shopmail.com,2022-05-02,Bronze,3
4854,4854,Customer4854,LN4854,customer4854@shopmail.com,2022-03-20,Bronze,4
4855,4855,Customer4855,LN4855,customer4855@shopmail.com,2022-03-05,Bronze,5
4856,4856,Customer4856,LN4856,customer4856@shopmail.com,2024-03-06,Bronze,1
4857,4857,Customer4857,LN4857,customer4857@shopmail.com,2024-08-30,Silver,4
4858,4858,Customer4858,LN4858,customer4858@shopmail.com,2023-12-28,Silver,7
4859,4859,Customer4859,LN4859,customer4859@shopmail.com,2022-10-29,Silver,1
4860,4860,Customer4860,LN4860,customer4860@shopmail.com,2024-05-20,Silver,4
4861,4861,Customer4861,LN4861,customer4861@shopmail.com,2022-03-09,Bronze,5
4862,4862,Customer4862,LN4862,customer4862@shopmail.com,2024-08-10,Silver,7
4863,4863,Customer4863,LN4863,customer4863@shopmail.com,2024-10-22,Bronze,3
4864,4864,Customer4864,LN4864,customer4864@shopmail.com,2024-04-06,Gold,5
4865,4865,Customer4865,LN4865,customer4865@shopmail.com,2024-10-08,Bronze,5
4866,4866,Customer4866,LN4866,customer4866@shopmail.com,2023-11-06,Bronze,7
4867,4867,Customer4867,LN4867,customer4867@shopmail.com,2023-06-23,Bronze,4
4868,4868,Customer4868,LN4868,customer4868@shopmail.com,2023-01-06,Silver,4
4869,4869,Customer4869,LN4869,customer4869@shopmail.com,2024-11-25,Bronze,1
4870,4870,Customer4870,LN4870,customer4870@shopmail.com,2024-03-12,Gold,5
4871,4871,Customer4871,LN4871,customer4871@shopmail.com,2022-08-08,Bronze,5
4872,4872,Customer4872,LN4872,customer4872@shopmail.com,2025-01-05,Silver,2
4873,4873,Customer4873,LN4873,customer4873@shopmail.com,2022-03-10,Silver,7
4874,4874,Customer4874,LN4874,customer4874@shopmail.com,2023-11-07,Bronze,6
4875,4875,Customer4875,LN4875,customer4875@shopmail.com,2022-08-08,Bronze,3
4876,4876,Customer4876,LN4876,customer4876@shopmail.com,2024-02-03,Bronze,7
4877,4877,Customer4877,LN4877,customer4877@shopmail.com,2023-04-20,Silver,3
4878,4878,Customer4878,LN4878,customer4878@shopmail.com,2023-05-18,Gold,5
4879,4879,Customer4879,LN4879,customer4879@shopmail.com,2024-02-12,Bronze,5
4880,4880,Customer4880,LN4880,customer4880@shopmail.com,2024-05-19,Bronze,4
4881,4881,Customer4881,LN4881,customer4881@shopmail.com,2023-03-14,Bronze,1
4882,4882,Customer4882,LN4882,customer4882@shopmail.com,2025-02-21,Bronze,3
4883,4883,Customer4883,LN4883,customer4883@shopmail.com,2023-07-28,Silver,1
4884,4884,Customer4884,LN4884,customer4884@shopmail.com,2022-07-04,Bronze,2
4885,4885,Customer4885,LN4885,customer4885@shopmail.com,2022-01-08,Bronze,4
4886,4886,Customer4886,LN4886,customer4886@shopmail.com,2022-08-21,Gold,5
4887,4887,Customer4887,LN4887,customer4887@shopmail.com,2024-03-05,Silver,5
4888,4888,Customer4888,LN4888,customer4888@shopmail.com,2023-09-13,Silver,3
4889,4889,Customer4889,LN4889,customer4889@shopmail.com,2023-01-24,Bronze,3
4890,4890,Customer4890,LN4890,customer4890@shopmail.com,2023-07-08,Gold,5
4891,4891,Customer4891,LN4891,customer4891@shopmail.com,2024-08-21,Silver,5
4892,4892,Customer4892,LN4892,customer4892@shopmail.com,2023-10-20,Silver,7
4893,4893,Customer4893,LN4893,customer4893@shopmail.com,2022-03-08,Bronze,2
4894,4894,Customer4894,LN4894,customer4894@shopmail.com,2022-02-26,Gold,5
4895,4895,Customer4895,LN4895,customer4895@shopmail.com,2023-07-09,Silver,1
4896,4896,Customer4896,LN4896,customer4896@shopmail.com,2023-04-10,Silver,7
4897,4897,Customer4897,LN4897,customer4897@shopmail.com,2024-09-05,Silver,7
4898,4898,Customer4898,LN4898,customer4898@shopmail.com,2023-11-02,Silver,5
4899,4899,Customer4899,LN4899,customer4899@shopmail.com,2024-05-20,Silver,5
4900,4900,Customer4900,LN4900,customer4900@shopmail.com,2023-11-04,Gold,7
4901,4901,Customer4901,LN4901,customer4901@shopmail.com,2023-02-02,Bronze,5
4902,4902,Customer4902,LN4902,customer4902@shopmail.com,2024-01-26,Bronze,4
4903,4903,Customer4903,LN4903,customer4903@shopmail.com,2023-12-16,Silver,4
4904,4904,Customer4904,LN4904,customer4904@shopmail.com,2024-04-08,Silver,7
4905,4905,Customer4905,LN4905,customer4905@shopmail.com,2022-08-06,Silver,5
4906,4906,Customer4906,LN4906,customer4906@shopmail.com,2024-01-08,Silver,4
4907,4907,Customer4907,LN4907,customer4907@shopmail.com,2022-11-25,Silver,3
4908,4908,Customer4908,LN4908,customer4908@shopmail.com,2024-06-27,Silver,3
4909,4909,Customer4909,LN4909,customer4909@shopmail.com,2024-07-07,Bronze,5
4910,4910,Customer4910,LN4910,customer4910@shopmail.com,2023-12-20,Gold,4
4911,4911,Customer4911,LN4911,customer4911@shopmail.com,2024-12-24,Bronze,3
4912,4912,Customer4912,LN4912,customer4912@shopmail.com,2023-09-11,Silver,4
4913,4913,Customer4913,LN4913,customer4913@shopmail.com,2022-01-29,Gold,1
4914,4914,Customer4914,LN4914,customer4914@shopmail.com,2023-11-29,Bronze,3
4915,4915,Customer4915,LN4915,customer4915@shopmail.com,2024-06-13,Bronze,5
4916,4916,Customer4916,LN4916,customer4916@shopmail.com,2022-04-27,Bronze,4
4917,4917,Customer4917,LN4917,customer4917@shopmail.com,2022-05-01,Silver,2
4918,4918,Customer4918,LN4918,customer4918@shopmail.com,2022-11-11,Bronze,1
4919,4919,Customer4919,LN4919,customer4919@shopmail.com,2024-08-28,Bronze,7
4920,4920,Customer4920,LN4920,customer4920@shopmail.com,2023-08-30,Gold,7
4921,4921,Customer4921,LN4921,customer4921@shopmail.com,2025-01-27,Bronze,4
4922,4922,Customer4922,LN4922,customer4922@shopmail.com,2024-09-30,Silver,2
4923,4923,Customer4923,LN4923,customer4923@shopmail.com,2023-10-01,Silver,7
4924,4924,Customer4924,LN4924,customer4924@shopmail.com,2024-02-20,Bronze,2
4925,4925,Customer4925,LN4925,customer4925@shopmail.com,2023-01-16,Bronze,2
4926,4926,Customer4926,LN4926,customer4926@shopmail.com,2022-04-14,Gold,1
4927,4927,Customer4927,LN4927,customer4927@shopmail.com,2023-04-04,Silver,5
4928,4928,Customer4928,LN4928,customer4928@shopmail.com,2023-11-13,Bronze,4
4929,4929,Customer4929,LN4929,customer4929@shopmail.com,2022-07-29,Silver,4
4930,4930,Customer4930,LN4930,customer4930@shopmail.com,2022-09-12,Silver,4
4931,4931,Customer4931,LN4931,customer4931@shopmail.com,2022-01-18,Bronze,1
4932,4932,Customer4932,LN4932,customer4932@shopmail.com,2024-04-24,Silver,2
4933,4933,Customer4933,LN4933,customer4933@shopmail.com,2024-10-31,Bronze,2
4934,4934,Customer4934,LN4934,customer4934@shopmail.com,2024-08-09,Bronze,1
4935,4935,Customer4935,LN4935,customer4935@shopmail.com,2023-03-13,Gold,2
4936,4936,Customer4936,LN4936,customer4936@shopmail.com,2023-11-14,Bronze,4
4937,4937,Customer4937,LN4937,customer4937@shopmail.com,2025-01-09,Bronze,5
4938,4938,Customer4938,LN4938,customer4938@shopmail.com,2023-11-12,Bronze,2
4939,4939,Customer4939,LN4939,customer4939@shopmail.com,2022-12-07,Silver,5
4940,4940,Customer4940,LN4940,customer4940@shopmail.com,2023-01-25,Silver,5
4941,4941,Customer4941,LN4941,customer4941@shopmail.com,2024-04-16,Gold,5
4942,4942,Customer4942,LN4942,customer4942@shopmail.com,2023-05-29,Bronze,5
4943,4943,Customer4943,LN4943,customer4943@shopmail.com,2024-08-20,Silver,7
4944,4944,Customer4944,LN4944,customer4944@shopmail.com,2024-09-20,Silver,2
4945,4945,Customer4945,LN4945,customer4945@shopmail.com,2022-02-11,Bronze,4
4946,4946,Customer4946,LN4946,customer4946@shopmail.com,2024-04-11,Bronze,4
4947,4947,Customer4947,LN4947,customer4947@shopmail.com,2023-03-02,Silver,7
4948,4948,Customer4948,LN4948,customer4948@shopmail.com,2023-08-21,Bronze,3
4949,4949,Customer4949,LN4949,customer4949@shopmail.com,2022-11-01,Silver,6
4950,4950,Customer4950,LN4950,customer4950@shopmail.com,2023-02-28,Silver,5
4951,4951,Customer4951,LN4951,customer4951@shopmail.com,2023-01-15,Bronze,1
4952,4952,Customer4952,LN4952,customer4952@shopmail.com,2022-02-27,Gold,1
4953,4953,Customer4953,LN4953,customer4953@shopmail.com,2024-06-19,Silver,2
4954,4954,Customer4954,LN4954,customer4954@shopmail.com,2022-06-14,Bronze,1
4955,4955,Customer4955,LN4955,customer4955@shopmail.com,2023-03-09,Silver,5
4956,4956,Customer4956,LN4956,customer4956@shopmail.com,2022-08-10,Bronze,4
4957,4957,Customer4957,LN4957,customer4957@shopmail.com,2022-07-04,Silver,7
4958,4958,Customer4958,LN4958,customer4958@shopmail.com,2023-03-06,Bronze,7
4959,4959,Customer4959,LN4959,customer4959@shopmail.com,2024-11-22,Bronze,4
4960,4960,Customer4960,LN4960,customer4960@shopmail.com,2024-12-21,Bronze,3
4961,4961,Customer4961,LN4961,customer4961@shopmail.com,2023-03-15,Bronze,2
4962,4962,Customer4962,LN4962,customer4962@shopmail.com,2023-08-04,Bronze,3
4963,4963,Customer4963,LN4963,customer4963@shopmail.com,2025-02-07,Bronze,7
4964,4964,Customer4964,LN4964,customer4964@shopmail.com,2022-09-28,Gold,4
4965,4965,Customer4965,LN4965,customer4965@shopmail.com,2024-12-22,Bronze,5
4966,4966,Customer4966,LN4966,customer4966@shopmail.com,2022-05-02,Bronze,4
4967,4967,Customer4967,LN4967,customer4967@shopmail.com,2022-09-17,Bronze,7
4968,4968,Customer4968,LN4968,customer4968@shopmail.com,2023-01-25,Silver,2
4969,4969,Customer4969,LN4969,customer4969@shopmail.com,2022-02-12,Bronze,4
4970,4970,Customer4970,LN4970,customer4970@shopmail.com,2024-07-27,Silver,4
4971,4971,Customer4971,LN4971,customer4971@shopmail.com,2024-09-10,Silver,4
4972,4972,Customer4972,LN4972,customer4972@shopmail.com,2023-03-17,Bronze,4
4973,4973,Customer4973,LN4973,customer4973@shopmail.com,2024-08-19,Gold,5
4974,4974,Customer4974,LN4974,customer4974@shopmail.com,2024-06-07,Bronze,5
4975,4975,Customer4975,LN4975,customer4975@shopmail.com,2024-07-10,Silver,5
4976,4976,Customer4976,LN4976,customer4976@shopmail.com,2024-07-12,Bronze,4
4977,4977,Customer4977,LN4977,customer4977@shopmail.com,2023-10-22,Silver,4
4978,4978,Customer4978,LN4978,customer4978@shopmail.com,2022-05-08,Silver,3
4979,4979,Customer4979,LN4979,customer4979@shopmail.com,2024-11-28,Bronze,4
4980,4980,Customer4980,LN4980,customer4980@shopmail.com,2023-12-01,Bronze,2
4981,4981,Customer4981,LN4981,customer4981@shopmail.com,2024-11-02,Bronze,1
4982,4982,Customer4982,LN4982,customer4982@shopmail.com,2025-01-07,Bronze,2
4983,4983,Customer4983,LN4983,customer4983@shopmail.com,2022-08-04,Gold,1
4984,4984,Customer4984,LN4984,customer4984@shopmail.com,2023-04-08,Silver,3
4985,4985,Customer4985,LN4985,customer4985@shopmail.com,2022-08-10,Silver,4
4986,4986,Customer4986,LN4986,customer4986@shopmail.com,2022-02-28,Gold,7
4987,4987,Customer4987,LN4987,customer4987@shopmail.com,2025-01-16,Silver,1
4988,4988,Customer4988,LN4988,customer4988@shopmail.com,2024-11-27,Silver,1
4989,4989,Customer4989,LN4989,customer4989@shopmail.com,2024-12-07,Bronze,5
4990,4990,Customer4990,LN4990,customer4990@shopmail.com,2024-10-13,Bronze,5
4991,4991,Customer4991,LN4991,customer4991@shopmail.com,2024-01-17,Bronze,4
4992,4992,Customer4992,LN4992,customer4992@shopmail.com,2023-08-24,Bronze,4
4993,4993,Customer4993,LN4993,customer4993@shopmail.com,2025-02-14,Bronze,3
4994,4994,Customer4994,LN4994,customer4994@shopmail.com,2023-09-28,Bronze,4
4995,4995,Customer4995,LN4995,customer4995@shopmail.com,2024-01-09,Bronze,3
4996,4996,Customer4996,LN4996,customer4996@shopmail.com,2022-09-01,Bronze,1
4997,4997,Customer4997,LN4997,customer4997@shopmail.com,2024-05-08,Bronze,3
4998,4998,Customer4998,LN4998,customer4998@shopmail.com,2024-07-31,Bronze,1
4999,4999,Customer4999,LN4999,customer4999@shopmail.com,2024-02-20,Bronze,5
5000,5000,Customer5000,LN5000,customer5000@shopmail.com,2023-07-28,Bronze,5
