order_id,customer_id,order_date,order_status,payment_method
1,2313,2024-11-17,Delivered,Credit Card
2,229,2025-03-10,Delivered,Debit Card
3,2059,2025-10-24,Delivered,Credit Card
4,2923,2025-01-22,Delivered,Debit Card
5,225,2025-02-26,Delivered,PayPal
6,2345,2025-12-21,Delivered,Debit Card
7,2688,2024-12-28,Delivered,Credit Card
8,4906,2024-05-06,Delivered,Credit Card
9,944,2025-05-13,Delivered,PayPal
10,918,2025-05-20,Delivered,Credit Card
11,2156,2024-06-22,Delivered,Wallet
12,1598,2025-06-15,Delivered,PayPal
13,4598,2024-02-16,Delivered,Credit Card
14,3936,2024-08-21,Delivered,PayPal
15,1263,2025-09-16,Cancelled,Credit Card
16,1675,2025-03-26,Delivered,Credit Card
17,3175,2025-03-19,Delivered,Wallet
18,4358,2025-03-29,Delivered,PayPal
19,1010,2024-04-30,Delivered,Debit Card
20,1481,2025-12-02,Delivered,PayPal
21,3050,2024-08-05,Delivered,Credit Card
22,4300,2025-07-28,Delivered,PayPal
23,1446,2025-12-23,Delivered,Wallet
24,2338,2024-06-24,Delivered,PayPal
25,3408,2025-04-08,Delivered,Credit Card
26,2127,2024-01-31,Delivered,Credit Card
27,3854,2025-04-09,Delivered,PayPal
28,2576,2024-11-17,Cancelled,Credit Card
29,4404,2024-02-22,Delivered,Wallet
30,3037,2025-05-05,Delivered,Credit Card
31,4593,2025-12-08,Delivered,Credit Card
32,4299,2024-03-01,Delivered,Credit Card
33,1207,2025-10-13,Delivered,Debit Card
34,4487,2025-09-07,Delivered,Credit Card
35,645,2025-02-03,Delivered,Credit Card
36,1414,2025-10-20,Delivered,Wallet
37,243,2024-08-13,Delivered,Credit Card
38,522,2025-06-09,Delivered,Debit Card
39,3602,2025-05-24,Delivered,Credit Card
40,556,2025-02-27,Cancelled,Debit Card
41,935,2025-08-31,Delivered,Debit Card
42,2042,2025-10-01,Delivered,PayPal
43,4001,2025-07-27,Delivered,Credit Card
44,4055,2025-03-05,Delivered,Debit Card
45,4825,2025-12-14,Delivered,Credit Card
46,276,2025-02-09,Delivered,Debit Card
47,740,2025-04-09,Delivered,Credit Card
48,1995,2024-05-17,Delivered,Debit Card
49,1417,2024-08-22,Cancelled,Credit Card
50,486,2025-10-22,Delivered,PayPal
51,2621,2024-12-29,Delivered,Credit Card
52,2344,2025-01-08,Delivered,Debit Card
53,2153,2025-08-18,Delivered,Credit Card
54,113,2024-08-26,Delivered,Debit Card
55,2130,2024-07-12,Delivered,Wallet
56,2291,2024-01-07,Delivered,Credit Card
57,1086,2024-06-17,Delivered,Credit Card
58,3975,2025-01-08,Delivered,Debit Card
59,4447,2025-06-13,Delivered,Credit Card
60,4645,2024-08-28,Delivered,Debit Card
61,3408,2024-11-20,Delivered,Credit Card
62,3381,2024-06-10,Delivered,Credit Card
63,770,2025-08-19,Delivered,PayPal
64,1971,2025-01-18,Delivered,Credit Card
65,23,2024-04-14,Cancelled,Debit Card
66,2797,2025-03-20,Delivered,Credit Card
67,3814,2024-09-02,Delivered,Credit Card
68,3346,2025-09-23,Delivered,Debit Card
69,80,2024-07-14,Delivered,PayPal
70,2782,2025-09-23,Delivered,PayPal
71,4403,2025-05-24,Delivered,Credit Card
72,511,2024-04-08,Delivered,Credit Card
73,2648,2025-07-08,Delivered,Credit Card
74,1252,2025-06-10,Delivered,Debit Card
75,4651,2024-11-28,Delivered,PayPal
76,2754,2024-04-27,Delivered,PayPal
77,3860,2024-12-14,Delivered,PayPal
78,2623,2025-03-20,Cancelled,Credit Card
79,4472,2024-04-06,Delivered,Wallet
80,1438,2024-09-05,Delivered,Wallet
81,3720,2025-05-27,Delivered,Credit Card
82,2147,2025-02-07,Delivered,Credit Card
83,2884,2025-12-25,Delivered,PayPal
84,3430,2024-06-07,Delivered,Debit Card
85,866,2025-07-21,Delivered,Credit Card
86,4340,2024-11-06,Delivered,Credit Card
87,3639,2024-06-11,Delivered,Debit Card
88,2047,2025-11-25,Delivered,PayPal
89,2962,2025-03-30,Delivered,PayPal
90,3318,2025-01-25,Delivered,Wallet
91,2274,2024-08-03,Delivered,Debit Card
92,3176,2025-10-05,Delivered,PayPal
93,2793,2024-01-23,Delivered,Credit Card
94,3898,2024-03-25,Delivered,Debit Card
95,1162,2024-05-11,Delivered,Wallet
96,21,2025-04-21,Delivered,PayPal
97,2023,2024-03-15,Delivered,Debit Card
98,4123,2025-08-04,Delivered,Credit Card
99,621,2024-05-23,Delivered,Credit Card
100,4306,2025-05-08,Delivered,Debit Card
101,2049,2025-08-03,Delivered,Credit Card
102,1044,2025-10-03,Delivered,Credit Card
103,2335,2024-08-01,Delivered,PayPal
104,4059,2024-02-24,Delivered,Credit Card
105,4289,2025-07-06,Delivered,Credit Card
106,3066,2024-11-23,Delivered,Credit Card
107,2636,2025-11-23,Delivered,Credit Card
108,4033,2024-05-17,Delivered,Credit Card
109,4545,2025-02-23,Delivered,Credit Card
110,3978,2024-03-27,Delivered,Debit Card
111,4840,2024-12-20,Delivered,Credit Card
112,4156,2024-01-01,Delivered,Debit Card
113,245,2025-07-01,Delivered,PayPal
114,99,2025-03-17,Cancelled,Debit Card
115,2986,2024-03-11,Delivered,Debit Card
116,4786,2024-12-30,Cancelled,Debit Card
117,1497,2024-11-08,Delivered,Debit Card
118,4832,2025-05-06,Delivered,Credit Card
119,4257,2024-12-30,Delivered,Wallet
120,704,2024-12-01,Delivered,Credit Card
121,2471,2025-08-29,Delivered,Debit Card
122,1106,2025-01-13,Delivered,Debit Card
123,391,2025-08-17,Delivered,PayPal
124,3455,2025-10-08,Delivered,Debit Card
125,1076,2025-09-11,Delivered,Debit Card
126,2799,2025-11-28,Cancelled,Debit Card
127,3370,2025-05-24,Delivered,PayPal
128,2161,2025-02-14,Delivered,Credit Card
129,399,2025-01-22,Delivered,Wallet
130,346,2024-05-29,Delivered,PayPal
131,1896,2025-08-27,Delivered,Credit Card
132,214,2025-05-21,Delivered,Credit Card
133,4359,2025-09-29,Delivered,Wallet
134,832,2025-05-27,Delivered,Credit Card
135,147,2024-12-16,Delivered,Credit Card
136,701,2024-08-03,Delivered,Credit Card
137,3482,2025-12-20,Delivered,Credit Card
138,2944,2025-06-19,Delivered,Debit Card
139,3378,2025-09-30,Delivered,PayPal
140,1735,2025-03-03,Delivered,Debit Card
141,1604,2025-01-07,Delivered,Credit Card
142,3359,2024-01-26,Delivered,Debit Card
143,564,2024-02-20,Delivered,Credit Card
144,1972,2025-05-30,Cancelled,Debit Card
145,513,2024-06-12,Delivered,Credit Card
146,2121,2024-02-29,Delivered,Wallet
147,4847,2025-07-20,Delivered,PayPal
148,4251,2025-03-28,Delivered,Debit Card
149,3385,2024-03-22,Cancelled,Debit Card
150,3287,2024-12-30,Cancelled,Debit Card
151,1880,2024-12-08,Cancelled,Credit Card
152,3527,2024-01-03,Delivered,PayPal
153,4168,2025-03-17,Delivered,Wallet
154,2797,2024-10-16,Delivered,Wallet
155,517,2025-10-03,Delivered,Debit Card
156,3472,2024-03-25,Delivered,Debit Card
157,635,2025-09-10,Delivered,Credit Card
158,1620,2024-01-05,Delivered,Credit Card
159,988,2025-07-11,Delivered,Debit Card
160,251,2025-07-25,Delivered,Wallet
161,3818,2024-10-24,Delivered,PayPal
162,3226,2024-07-23,Delivered,PayPal
163,2045,2024-04-13,Delivered,Credit Card
164,1908,2024-09-05,Delivered,Debit Card
165,3213,2025-05-03,Delivered,Debit Card
166,2658,2025-06-13,Delivered,Debit Card
167,1163,2024-05-12,Delivered,Credit Card
168,2403,2024-01-09,Delivered,Debit Card
169,3887,2025-02-13,Delivered,Credit Card
170,2762,2025-02-27,Delivered,Debit Card
171,4009,2025-12-16,Delivered,Wallet
172,2541,2025-07-09,Delivered,PayPal
173,2067,2025-02-05,Delivered,Credit Card
174,3712,2025-03-08,Delivered,Debit Card
175,1047,2025-04-16,Delivered,Debit Card
176,3134,2024-11-25,Delivered,PayPal
177,3151,2025-05-09,Delivered,Credit Card
178,1385,2024-05-22,Delivered,Debit Card
179,1281,2025-08-29,Delivered,PayPal
180,419,2025-09-21,Delivered,Credit Card
181,742,2024-11-13,Delivered,PayPal
182,478,2024-11-29,Delivered,PayPal
183,3079,2024-12-29,Delivered,PayPal
184,609,2025-08-19,Delivered,Wallet
185,2565,2024-05-08,Delivered,PayPal
186,558,2024-09-06,Delivered,Debit Card
187,3918,2025-03-24,Delivered,Debit Card
188,3389,2025-05-21,Delivered,Credit Card
189,1462,2024-08-03,Delivered,Credit Card
190,3677,2024-03-26,Cancelled,Debit Card
191,1127,2025-01-05,Delivered,Credit Card
192,3177,2025-04-11,Delivered,Credit Card
193,3203,2025-07-13,Delivered,PayPal
194,2182,2024-01-03,Delivered,Credit Card
195,3506,2024-01-13,Delivered,Credit Card
196,4740,2024-10-09,Delivered,Debit Card
197,2067,2025-02-15,Delivered,Credit Card
198,1418,2024-01-03,Delivered,Debit Card
199,2212,2024-05-06,Delivered,Credit Card
200,2840,2024-11-01,Cancelled,PayPal
201,618,2024-07-22,Delivered,Debit Card
202,4800,2025-06-02,Delivered,Debit Card
203,2348,2024-01-26,Delivered,Credit Card
204,4820,2025-10-10,Delivered,PayPal
205,4807,2024-05-03,Delivered,Credit Card
206,320,2024-11-17,Delivered,Debit Card
207,569,2025-12-21,Delivered,Credit Card
208,908,2025-04-28,Delivered,Credit Card
209,2840,2025-12-29,Delivered,Credit Card
210,1769,2024-01-15,Delivered,Credit Card
211,92,2025-06-09,Delivered,Credit Card
212,2822,2024-02-25,Delivered,Credit Card
213,1627,2025-03-22,Delivered,PayPal
214,4218,2024-08-25,Delivered,Debit Card
215,3806,2025-07-21,Delivered,Debit Card
216,4224,2024-03-31,Delivered,Credit Card
217,2836,2025-10-16,Delivered,Credit Card
218,3480,2024-12-16,Delivered,Wallet
219,406,2025-01-14,Delivered,Credit Card
220,3799,2025-02-20,Delivered,PayPal
221,2260,2024-01-26,Delivered,Debit Card
222,22,2024-08-14,Delivered,Credit Card
223,396,2025-06-01,Delivered,PayPal
224,1542,2025-12-02,Delivered,PayPal
225,1868,2025-12-19,Delivered,PayPal
226,1044,2025-01-26,Delivered,Debit Card
227,3845,2024-07-07,Delivered,Credit Card
228,2235,2024-12-14,Delivered,Debit Card
229,1292,2024-12-04,Delivered,Credit Card
230,3369,2024-10-16,Delivered,Credit Card
231,2267,2024-09-20,Delivered,Debit Card
232,3894,2025-09-25,Delivered,Credit Card
233,2502,2024-10-12,Delivered,PayPal
234,3748,2024-01-22,Delivered,Wallet
235,4267,2025-06-10,Delivered,Credit Card
236,397,2025-04-30,Delivered,Credit Card
237,608,2024-10-03,Delivered,Debit Card
238,3654,2025-04-04,Delivered,Credit Card
239,2753,2025-11-17,Delivered,Credit Card
240,1204,2025-11-05,Delivered,Wallet
241,154,2025-07-30,Delivered,Credit Card
242,4778,2025-03-01,Delivered,Credit Card
243,467,2024-01-21,Delivered,Credit Card
244,2314,2025-01-08,Delivered,Credit Card
245,1104,2025-08-20,Delivered,PayPal
246,1978,2025-09-08,Delivered,PayPal
247,3599,2025-07-18,Delivered,Credit Card
248,2546,2025-12-21,Delivered,Credit Card
249,206,2025-01-12,Cancelled,PayPal
250,437,2024-03-21,Delivered,Debit Card
251,4726,2024-12-28,Delivered,Debit Card
252,1260,2024-08-20,Cancelled,Credit Card
253,2139,2025-09-01,Delivered,Debit Card
254,3928,2025-07-21,Delivered,Credit Card
255,4194,2024-11-06,Delivered,Credit Card
256,1421,2024-10-10,Delivered,Debit Card
257,1110,2024-04-26,Delivered,Credit Card
258,2188,2024-02-01,Delivered,Debit Card
259,1690,2024-08-16,Delivered,PayPal
260,3506,2024-06-24,Delivered,PayPal
261,3636,2024-07-12,Delivered,Debit Card
262,1301,2025-12-29,Delivered,Credit Card
263,1896,2025-05-12,Delivered,Debit Card
264,3654,2025-02-06,Delivered,PayPal
265,2538,2024-05-10,Delivered,Credit Card
266,2756,2025-09-06,Delivered,PayPal
267,4047,2025-04-15,Delivered,Wallet
268,3259,2025-01-10,Delivered,Debit Card
269,3256,2024-12-06,Delivered,Credit Card
270,2409,2025-02-07,Delivered,Debit Card
271,4180,2025-09-04,Delivered,Credit Card
272,115,2025-06-09,Delivered,Credit Card
273,433,2024-12-20,Delivered,Credit Card
274,3383,2025-05-02,Delivered,PayPal
275,3041,2025-11-09,Delivered,Debit Card
276,1399,2024-08-26,Cancelled,Debit Card
277,3007,2025-10-19,Cancelled,Credit Card
278,536,2025-03-18,Delivered,Credit Card
279,3036,2024-05-15,Delivered,Debit Card
280,1807,2025-12-06,Delivered,Debit Card
281,2945,2025-05-15,Delivered,Credit Card
282,1705,2024-10-08,Delivered,Credit Card
283,3620,2024-06-05,Delivered,Credit Card
284,559,2025-10-30,Delivered,PayPal
285,4221,2025-08-24,Delivered,Debit Card
286,2474,2024-02-02,Delivered,PayPal
287,1148,2025-04-09,Delivered,Credit Card
288,4811,2024-03-24,Delivered,Credit Card
289,523,2024-08-02,Delivered,Credit Card
290,2686,2025-02-18,Delivered,Credit Card
291,370,2024-06-30,Delivered,Credit Card
292,4498,2025-01-09,Delivered,PayPal
293,793,2024-11-09,Delivered,Credit Card
294,1260,2025-02-28,Delivered,Credit Card
295,3280,2025-08-07,Delivered,Credit Card
296,4424,2024-04-23,Delivered,Credit Card
297,2083,2025-08-04,Delivered,Debit Card
298,1302,2024-06-11,Delivered,Credit Card
299,1748,2024-01-25,Delivered,Credit Card
300,4588,2024-11-21,Delivered,PayPal
301,4550,2024-08-08,Delivered,Credit Card
302,613,2024-05-14,Delivered,Credit Card
303,4501,2024-11-04,Delivered,Debit Card
304,4205,2025-09-26,Cancelled,Credit Card
305,2695,2025-03-03,Cancelled,PayPal
306,1278,2025-06-15,Delivered,PayPal
307,2293,2024-04-19,Delivered,Credit Card
308,3877,2024-02-25,Delivered,Debit Card
309,1353,2024-09-01,Delivered,Credit Card
310,1720,2025-07-19,Delivered,PayPal
311,2300,2025-10-08,Delivered,Credit Card
312,337,2024-03-15,Delivered,Debit Card
313,2055,2024-12-13,Delivered,Credit Card
314,670,2024-10-16,Delivered,PayPal
315,35,2025-06-27,Delivered,Wallet
316,1936,2024-05-30,Delivered,Credit Card
317,3793,2024-12-19,Delivered,Credit Card
318,4914,2025-09-12,Delivered,Debit Card
319,2193,2024-12-05,Delivered,Debit Card
320,3770,2025-07-24,Delivered,Credit Card
321,1115,2025-03-30,Delivered,Debit Card
322,3183,2025-03-12,Cancelled,PayPal
323,3332,2024-07-08,Cancelled,Wallet
324,1662,2025-12-25,Delivered,PayPal
325,2239,2024-07-01,Delivered,Debit Card
326,3351,2025-11-10,Delivered,Credit Card
327,1569,2025-12-23,Delivered,Credit Card
328,3019,2025-01-08,Delivered,Debit Card
329,1155,2025-09-26,Delivered,Debit Card
330,2678,2025-06-06,Delivered,PayPal
331,296,2025-06-22,Cancelled,Credit Card
332,2233,2024-02-20,Delivered,Credit Card
333,2516,2024-04-10,Delivered,Credit Card
334,4137,2024-02-20,Delivered,Debit Card
335,1878,2024-01-23,Delivered,Credit Card
336,31,2025-09-02,Delivered,Credit Card
337,202,2024-05-08,Delivered,Credit Card
338,2697,2024-01-05,Delivered,Credit Card
339,4063,2025-11-15,Delivered,Credit Card
340,4453,2024-07-22,Delivered,Wallet
341,4042,2025-08-18,Delivered,PayPal
342,1700,2025-12-02,Delivered,Credit Card
343,2451,2025-01-16,Delivered,PayPal
344,4442,2025-11-07,Delivered,Debit Card
345,4195,2025-12-08,Delivered,Wallet
346,2270,2024-04-15,Delivered,Debit Card
347,2406,2024-04-17,Delivered,Credit Card
348,347,2024-09-27,Delivered,Credit Card
349,845,2025-02-12,Delivered,Wallet
350,2647,2025-07-27,Cancelled,Wallet
351,2588,2024-05-13,Delivered,Debit Card
352,2875,2024-05-21,Delivered,Debit Card
353,1563,2024-08-11,Cancelled,Debit Card
354,1135,2024-07-17,Delivered,PayPal
355,2262,2025-11-17,Delivered,Debit Card
356,4394,2024-10-16,Delivered,Credit Card
357,4854,2025-09-25,Delivered,Credit Card
358,263,2024-02-10,Cancelled,Debit Card
359,1778,2024-03-15,Delivered,Credit Card
360,2607,2025-08-09,Delivered,PayPal
361,1080,2024-07-01,Delivered,Wallet
362,1767,2024-03-01,Delivered,Credit Card
363,643,2025-03-09,Delivered,PayPal
364,2320,2024-04-17,Delivered,Debit Card
365,4420,2024-02-14,Delivered,Debit Card
366,4644,2024-10-23,Delivered,Credit Card
367,75,2025-02-05,Delivered,Credit Card
368,3184,2025-01-19,Delivered,Wallet
369,4538,2025-03-02,Delivered,Debit Card
370,3841,2024-01-18,Delivered,Debit Card
371,309,2024-07-31,Delivered,Credit Card
372,1949,2024-09-07,Delivered,Credit Card
373,3764,2024-08-01,Delivered,Debit Card
374,4899,2025-02-12,Delivered,Debit Card
375,1469,2024-06-16,Cancelled,PayPal
376,1416,2025-04-06,Delivered,Debit Card
377,1250,2025-11-14,Delivered,Credit Card
378,4475,2025-04-27,Delivered,Credit Card
379,900,2024-10-10,Delivered,Credit Card
380,1831,2024-11-13,Delivered,Credit Card
381,673,2025-03-03,Delivered,Credit Card
382,4699,2025-06-12,Cancelled,PayPal
383,332,2024-08-08,Delivered,Credit Card
384,2537,2024-01-29,Delivered,PayPal
385,776,2025-05-27,Delivered,Wallet
386,2036,2025-04-27,Delivered,Credit Card
387,2943,2024-03-15,Delivered,Debit Card
388,3492,2025-04-02,Delivered,Credit Card
389,2849,2024-02-22,Delivered,Credit Card
390,2137,2025-04-14,Delivered,Credit Card
391,1406,2025-06-27,Cancelled,Credit Card
392,4014,2024-01-12,Delivered,Debit Card
393,3400,2025-06-14,Delivered,Debit Card
394,3360,2024-03-28,Delivered,Debit Card
395,3849,2024-07-12,Delivered,Debit Card
396,1102,2025-05-29,Delivered,PayPal
397,4901,2024-09-16,Delivered,PayPal
398,4598,2025-12-14,Delivered,PayPal
399,2199,2025-11-29,Delivered,Debit Card
400,1020,2025-12-21,Delivered,Credit Card
401,1873,2024-03-17,Delivered,Debit Card
402,1944,2024-05-08,Delivered,Debit Card
403,4866,2024-05-13,Delivered,Credit Card
404,1444,2025-03-03,Delivered,PayPal
405,4711,2024-11-09,Delivered,Wallet
406,1156,2025-06-28,Delivered,Wallet
407,4635,2024-07-24,Delivered,Credit Card
408,4651,2024-05-25,Delivered,Credit Card
409,3044,2025-04-18,Delivered,Credit Card
410,539,2025-03-26,Delivered,PayPal
411,3089,2025-05-19,Delivered,Debit Card
412,4557,2024-08-15,Delivered,PayPal
413,4640,2025-01-19,Delivered,Wallet
414,2288,2025-11-08,Delivered,Credit Card
415,2400,2025-03-22,Cancelled,Credit Card
416,1921,2025-11-11,Delivered,PayPal
417,1068,2024-11-12,Delivered,Credit Card
418,3268,2024-02-02,Delivered,Debit Card
419,4927,2025-07-09,Delivered,Credit Card
420,1337,2024-12-02,Delivered,Debit Card
421,4211,2024-01-31,Delivered,Wallet
422,480,2024-04-11,Delivered,Credit Card
423,281,2024-08-16,Delivered,Debit Card
424,4504,2024-05-19,Cancelled,Wallet
425,563,2025-05-14,Delivered,Credit Card
426,2070,2025-03-22,Delivered,PayPal
427,4411,2024-08-28,Delivered,Wallet
428,1745,2024-03-02,Delivered,Credit Card
429,1506,2024-02-27,Delivered,Credit Card
430,204,2025-11-21,Delivered,Credit Card
431,3482,2024-09-08,Delivered,Credit Card
432,1601,2024-03-19,Delivered,Credit Card
433,590,2025-06-03,Delivered,Credit Card
434,2374,2025-09-27,Delivered,Credit Card
435,853,2024-03-30,Delivered,PayPal
436,4244,2025-11-20,Delivered,Credit Card
437,3737,2025-06-12,Delivered,Debit Card
438,4899,2024-07-02,Delivered,Credit Card
439,4897,2025-07-20,Cancelled,Debit Card
440,4186,2024-11-02,Delivered,Credit Card
441,2511,2025-04-08,Delivered,Credit Card
442,852,2024-04-02,Delivered,Wallet
443,215,2024-06-27,Delivered,PayPal
444,458,2025-07-18,Delivered,Debit Card
445,1172,2025-08-10,Delivered,PayPal
446,4415,2024-01-08,Delivered,Credit Card
447,1064,2024-06-05,Delivered,Credit Card
448,464,2025-03-19,Delivered,Debit Card
449,4677,2025-10-23,Cancelled,PayPal
450,2178,2025-05-07,Delivered,Wallet
451,2096,2025-05-30,Delivered,Debit Card
452,1509,2024-10-10,Delivered,Credit Card
453,4739,2024-02-09,Delivered,Debit Card
454,1741,2025-07-13,Delivered,Debit Card
455,4298,2025-08-06,Delivered,Credit Card
456,4961,2024-11-19,Delivered,Credit Card
457,2255,2025-01-04,Delivered,Credit Card
458,3504,2024-06-20,Delivered,Credit Card
459,125,2024-11-26,Delivered,PayPal
460,3909,2024-06-25,Delivered,Credit Card
461,4865,2024-11-02,Delivered,Debit Card
462,976,2024-04-07,Cancelled,Credit Card
463,51,2025-03-18,Delivered,Credit Card
464,220,2024-06-29,Delivered,PayPal
465,4281,2025-06-12,Delivered,Debit Card
466,1220,2025-01-12,Delivered,PayPal
467,2067,2025-10-16,Delivered,Debit Card
468,1681,2024-06-10,Delivered,PayPal
469,1507,2024-07-18,Delivered,Credit Card
470,828,2024-06-26,Delivered,Debit Card
471,2042,2025-04-05,Delivered,Credit Card
472,4622,2024-03-19,Delivered,PayPal
473,1785,2025-05-16,Delivered,Debit Card
474,4008,2025-08-20,Delivered,Credit Card
475,3446,2025-05-07,Delivered,Debit Card
476,3987,2024-04-08,Delivered,PayPal
477,2864,2024-12-25,Delivered,Credit Card
478,1857,2025-01-24,Cancelled,Debit Card
479,1285,2024-10-12,Delivered,PayPal
480,1401,2024-12-06,Delivered,Credit Card
481,2638,2025-07-10,Delivered,Debit Card
482,2021,2025-09-01,Cancelled,PayPal
483,2025,2024-08-07,Delivered,Credit Card
484,1845,2024-08-28,Delivered,Credit Card
485,4604,2024-05-31,Delivered,Debit Card
486,3217,2024-10-20,Delivered,Debit Card
487,4462,2025-02-02,Delivered,PayPal
488,4641,2025-06-04,Delivered,Debit Card
489,3087,2024-07-14,Delivered,Debit Card
490,459,2024-06-06,Delivered,Debit Card
491,4827,2024-01-25,Delivered,Credit Card
492,2392,2024-03-09,Delivered,Debit Card
493,1876,2024-02-07,Delivered,Credit Card
494,2068,2024-05-31,Delivered,Wallet
495,440,2025-05-22,Delivered,Credit Card
496,3322,2025-07-19,Delivered,Credit Card
497,239,2025-12-11,Cancelled,PayPal
498,3604,2025-02-01,Delivered,Credit Card
499,4168,2024-11-27,Delivered,Credit Card
500,2111,2025-10-18,Delivered,Wallet
501,1918,2024-04-17,Delivered,PayPal
502,3366,2025-04-05,Cancelled,Credit Card
503,4302,2025-08-20,Delivered,Credit Card
504,479,2025-01-01,Cancelled,Debit Card
505,2294,2024-07-09,Delivered,Debit Card
506,1615,2025-03-29,Delivered,Credit Card
507,56,2025-12-27,Delivered,Credit Card
508,43,2024-06-21,Delivered,PayPal
509,2644,2025-02-15,Cancelled,Credit Card
510,3819,2024-02-07,Delivered,PayPal
511,2973,2024-06-18,Cancelled,Credit Card
512,1244,2025-07-13,Delivered,Debit Card
513,2258,2024-12-28,Delivered,Debit Card
514,4829,2024-05-25,Delivered,Credit Card
515,4191,2024-09-01,Delivered,Debit Card
516,600,2024-03-29,Delivered,Credit Card
517,3221,2025-07-23,Delivered,PayPal
518,3124,2025-11-19,Delivered,PayPal
519,1824,2024-03-18,Delivered,Credit Card
520,1823,2024-06-22,Delivered,Debit Card
521,3596,2025-09-17,Delivered,Wallet
522,4675,2025-10-03,Delivered,Credit Card
523,1599,2025-07-14,Delivered,Credit Card
524,4636,2025-06-05,Cancelled,PayPal
525,4193,2025-09-20,Delivered,Credit Card
526,264,2024-09-29,Delivered,Debit Card
527,1401,2025-10-15,Delivered,Credit Card
528,2205,2025-10-09,Delivered,Debit Card
529,3334,2024-06-16,Delivered,Credit Card
530,1134,2024-02-23,Delivered,Credit Card
531,2076,2025-01-15,Delivered,PayPal
532,464,2025-07-07,Delivered,Debit Card
533,506,2025-09-12,Cancelled,Credit Card
534,2175,2024-04-13,Delivered,Debit Card
535,3149,2024-10-02,Delivered,Debit Card
536,2262,2025-07-14,Delivered,Credit Card
537,1916,2024-02-14,Cancelled,Debit Card
538,2490,2025-06-11,Delivered,Wallet
539,3172,2024-07-31,Delivered,Credit Card
540,3571,2024-01-17,Delivered,PayPal
541,2700,2024-06-25,Delivered,Debit Card
542,460,2025-06-25,Delivered,Credit Card
543,208,2025-09-27,Delivered,PayPal
544,1715,2024-02-29,Delivered,Credit Card
545,1025,2024-12-04,Delivered,PayPal
546,2685,2024-05-26,Delivered,Debit Card
547,3503,2025-05-13,Delivered,Credit Card
548,1261,2025-07-23,Delivered,Credit Card
549,2339,2025-12-03,Delivered,Credit Card
550,1093,2024-09-16,Delivered,Debit Card
551,2333,2024-08-06,Delivered,Wallet
552,1891,2024-08-14,Delivered,PayPal
553,12,2025-07-09,Delivered,PayPal
554,3327,2024-11-20,Delivered,Debit Card
555,1514,2024-01-17,Delivered,Credit Card
556,3740,2025-11-22,Delivered,PayPal
557,3348,2024-03-17,Delivered,Credit Card
558,976,2025-11-08,Delivered,Credit Card
559,4435,2024-04-28,Delivered,Credit Card
560,112,2025-01-27,Delivered,Wallet
561,2871,2024-08-16,Delivered,PayPal
562,4013,2025-05-16,Delivered,Credit Card
563,2704,2024-10-21,Delivered,Wallet
564,2788,2024-09-25,Delivered,PayPal
565,2352,2024-12-14,Delivered,Debit Card
566,301,2025-12-09,Cancelled,Credit Card
567,3393,2024-06-28,Delivered,Credit Card
568,4765,2024-06-09,Delivered,Credit Card
569,3991,2024-02-18,Delivered,Debit Card
570,294,2025-06-23,Delivered,Debit Card
571,1104,2025-05-09,Delivered,Credit Card
572,4164,2025-03-20,Delivered,Credit Card
573,3570,2024-01-18,Delivered,Debit Card
574,1833,2025-07-31,Delivered,PayPal
575,1220,2025-08-13,Delivered,Credit Card
576,2312,2025-11-20,Delivered,PayPal
577,159,2025-11-09,Delivered,Wallet
578,448,2024-07-11,Delivered,PayPal
579,374,2025-06-02,Delivered,Credit Card
580,4126,2024-10-20,Delivered,PayPal
581,233,2025-03-11,Delivered,PayPal
582,2764,2024-08-30,Delivered,PayPal
583,1401,2025-04-24,Delivered,Credit Card
584,3783,2025-11-26,Delivered,Credit Card
585,636,2025-04-21,Delivered,Credit Card
586,4552,2025-11-03,Delivered,Credit Card
587,427,2025-11-11,Delivered,Debit Card
588,4233,2024-03-27,Delivered,Credit Card
589,738,2025-12-04,Delivered,PayPal
590,149,2025-08-20,Delivered,Debit Card
591,191,2024-11-07,Delivered,Debit Card
592,3905,2025-03-14,Cancelled,Credit Card
593,1718,2025-03-26,Delivered,Credit Card
594,2084,2025-07-28,Delivered,Credit Card
595,4115,2025-08-09,Delivered,Wallet
596,1309,2024-03-15,Delivered,Credit Card
597,2769,2024-01-01,Delivered,Credit Card
598,1493,2024-06-28,Delivered,Credit Card
599,325,2025-01-19,Delivered,Debit Card
600,4969,2025-09-11,Delivered,Debit Card
601,1875,2025-04-21,Delivered,Wallet
602,4237,2024-04-09,Delivered,Credit Card
603,2150,2025-06-07,Delivered,Credit Card
604,4336,2024-12-07,Delivered,PayPal
605,863,2024-09-26,Delivered,Credit Card
606,2701,2025-07-17,Delivered,Credit Card
607,1866,2024-08-03,Cancelled,Wallet
608,4963,2025-03-27,Delivered,Debit Card
609,1684,2024-05-12,Delivered,Credit Card
610,3858,2024-10-05,Delivered,Wallet
611,2470,2025-02-11,Delivered,Credit Card
612,2004,2025-03-31,Delivered,Credit Card
613,3487,2025-11-02,Delivered,Credit Card
614,3224,2024-07-30,Delivered,Credit Card
615,2395,2025-10-16,Delivered,Credit Card
616,277,2025-08-19,Delivered,PayPal
617,370,2024-09-19,Delivered,Wallet
618,2994,2024-04-12,Delivered,Debit Card
619,277,2024-07-07,Delivered,Wallet
620,3029,2025-04-25,Delivered,Credit Card
621,4440,2025-07-29,Delivered,Credit Card
622,3947,2025-03-22,Delivered,Credit Card
623,3474,2025-06-13,Delivered,Debit Card
624,1369,2024-03-15,Delivered,Credit Card
625,3286,2025-01-03,Delivered,Credit Card
626,917,2025-09-29,Delivered,Wallet
627,4567,2024-10-10,Delivered,Credit Card
628,451,2025-10-18,Delivered,PayPal
629,2708,2024-03-31,Delivered,Credit Card
630,2432,2025-12-15,Delivered,Debit Card
631,369,2025-07-27,Cancelled,Debit Card
632,933,2025-04-02,Delivered,Credit Card
633,3572,2025-03-26,Delivered,Credit Card
634,2979,2025-11-14,Delivered,Debit Card
635,812,2024-10-02,Delivered,Debit Card
636,703,2024-04-30,Delivered,Credit Card
637,3331,2025-11-01,Delivered,Credit Card
638,3304,2024-03-16,Delivered,Credit Card
639,2004,2025-04-26,Delivered,Credit Card
640,102,2024-07-13,Delivered,PayPal
641,142,2025-11-09,Delivered,Credit Card
642,755,2025-12-11,Delivered,Debit Card
643,278,2024-12-12,Delivered,Debit Card
644,2784,2025-01-24,Delivered,PayPal
645,1964,2024-11-27,Delivered,Credit Card
646,1087,2024-11-06,Delivered,Debit Card
647,2973,2025-11-15,Delivered,Debit Card
648,3523,2024-07-28,Delivered,Credit Card
649,855,2025-12-01,Delivered,Credit Card
650,3126,2025-04-19,Delivered,PayPal
651,534,2025-12-02,Delivered,Credit Card
652,3000,2025-03-22,Delivered,Credit Card
653,1882,2025-08-20,Delivered,Debit Card
654,549,2024-12-23,Delivered,Credit Card
655,4021,2024-12-03,Cancelled,Credit Card
656,914,2024-07-06,Delivered,Credit Card
657,3921,2024-06-02,Delivered,Credit Card
658,1827,2024-01-28,Delivered,Debit Card
659,3421,2024-10-06,Delivered,Credit Card
660,3536,2025-12-22,Cancelled,Credit Card
661,2127,2025-11-15,Cancelled,Debit Card
662,3335,2025-05-18,Delivered,PayPal
663,2210,2024-09-22,Delivered,Debit Card
664,3032,2025-01-14,Delivered,Credit Card
665,1130,2025-07-06,Delivered,Credit Card
666,2127,2024-01-02,Delivered,Wallet
667,686,2025-11-04,Delivered,Credit Card
668,2079,2025-09-27,Delivered,Credit Card
669,80,2025-12-09,Delivered,Debit Card
670,2049,2024-03-09,Delivered,PayPal
671,4301,2025-11-22,Cancelled,Wallet
672,1807,2025-03-23,Delivered,Credit Card
673,2481,2025-02-09,Delivered,Wallet
674,4281,2024-05-11,Cancelled,Credit Card
675,16,2024-12-25,Delivered,PayPal
676,3354,2024-09-22,Delivered,Credit Card
677,2646,2025-12-21,Delivered,Wallet
678,1716,2024-09-04,Delivered,PayPal
679,1292,2024-06-08,Delivered,PayPal
680,2964,2025-11-21,Delivered,Debit Card
681,2137,2024-05-16,Delivered,Credit Card
682,1977,2025-10-22,Delivered,Debit Card
683,3363,2025-12-04,Delivered,Credit Card
684,1998,2024-08-12,Delivered,Debit Card
685,4049,2025-05-18,Delivered,Credit Card
686,1425,2025-08-04,Cancelled,Credit Card
687,3503,2025-01-26,Delivered,Credit Card
688,2817,2025-05-23,Delivered,PayPal
689,4482,2024-04-06,Delivered,Credit Card
690,2002,2025-01-11,Delivered,Debit Card
691,1174,2025-01-09,Delivered,Credit Card
692,1993,2025-02-17,Delivered,Credit Card
693,3307,2025-11-20,Delivered,Debit Card
694,2150,2025-08-25,Delivered,Credit Card
695,4450,2025-03-16,Delivered,Debit Card
696,780,2024-10-21,Delivered,Credit Card
697,1543,2024-10-22,Delivered,Wallet
698,4917,2024-01-15,Cancelled,Credit Card
699,3998,2025-02-06,Delivered,Credit Card
700,385,2024-07-03,Delivered,Wallet
701,4702,2025-10-08,Cancelled,PayPal
702,2130,2025-07-18,Delivered,Debit Card
703,3220,2025-10-28,Delivered,Credit Card
704,84,2025-12-27,Delivered,Credit Card
705,822,2024-10-19,Delivered,Debit Card
706,3493,2024-11-08,Delivered,Credit Card
707,1305,2025-03-19,Delivered,Credit Card
708,589,2024-11-10,Delivered,Debit Card
709,3400,2024-07-22,Delivered,Credit Card
710,1087,2025-05-31,Delivered,PayPal
711,4331,2024-11-25,Delivered,Credit Card
712,894,2025-11-18,Delivered,Wallet
713,119,2024-06-09,Delivered,Debit Card
714,1953,2024-11-19,Delivered,Wallet
715,1632,2025-01-22,Delivered,PayPal
716,3193,2025-10-24,Delivered,Credit Card
717,1168,2025-02-26,Delivered,Credit Card
718,4904,2024-02-20,Delivered,Credit Card
719,2111,2024-09-03,Delivered,PayPal
720,3546,2025-10-08,Delivered,Credit Card
721,3843,2024-07-17,Delivered,Debit Card
722,4421,2024-09-05,Delivered,PayPal
723,2515,2024-04-20,Delivered,Credit Card
724,1138,2025-06-09,Delivered,Debit Card
725,2592,2024-04-11,Delivered,PayPal
726,2129,2024-09-25,Delivered,PayPal
727,3046,2025-06-03,Delivered,Credit Card
728,1182,2025-10-15,Delivered,Credit Card
729,2579,2024-06-10,Delivered,Debit Card
730,4789,2024-08-30,Delivered,Credit Card
731,3442,2024-03-27,Delivered,Debit Card
732,4788,2024-11-15,Delivered,Wallet
733,536,2025-12-30,Delivered,Debit Card
734,3269,2024-08-10,Cancelled,Credit Card
735,115,2024-07-08,Delivered,Credit Card
736,1016,2024-10-18,Delivered,Wallet
737,4134,2025-10-16,Delivered,Credit Card
738,506,2025-02-03,Delivered,Credit Card
739,2395,2025-03-20,Cancelled,Debit Card
740,350,2025-07-23,Delivered,Debit Card
741,1493,2025-06-06,Delivered,Credit Card
742,618,2025-03-13,Delivered,Debit Card
743,2272,2025-02-13,Delivered,Debit Card
744,3215,2025-01-24,Delivered,Credit Card
745,3251,2024-05-11,Delivered,Credit Card
746,4663,2024-10-29,Delivered,PayPal
747,609,2025-09-10,Delivered,Credit Card
748,2003,2024-01-29,Delivered,Wallet
749,2619,2025-08-27,Delivered,Credit Card
750,431,2025-02-17,Delivered,Debit Card
751,554,2024-09-12,Delivered,Debit Card
752,1552,2024-03-24,Delivered,Debit Card
753,4298,2025-07-11,Delivered,Credit Card
754,2932,2024-01-01,Delivered,Debit Card
755,2812,2025-01-31,Delivered,Wallet
756,2756,2024-04-28,Delivered,Credit Card
757,4055,2025-10-25,Delivered,Credit Card
758,2725,2024-05-13,Delivered,Credit Card
759,3606,2025-08-09,Delivered,Credit Card
760,1548,2025-02-23,Delivered,Credit Card
761,4077,2024-01-30,Cancelled,PayPal
762,162,2025-06-09,Delivered,Wallet
763,1710,2025-10-03,Delivered,Wallet
764,1251,2024-06-10,Delivered,Credit Card
765,698,2025-12-08,Delivered,Debit Card
766,2685,2025-08-05,Delivered,Credit Card
767,4459,2025-06-25,Delivered,Credit Card
768,813,2024-09-02,Cancelled,Debit Card
769,4424,2024-03-28,Delivered,Credit Card
770,4286,2024-11-09,Delivered,Credit Card
771,4417,2025-08-12,Delivered,PayPal
772,31,2025-03-04,Delivered,PayPal
773,4947,2025-04-17,Delivered,Wallet
774,2138,2025-07-24,Delivered,Credit Card
775,2981,2024-09-04,Delivered,PayPal
776,1525,2024-01-28,Delivered,Credit Card
777,2563,2025-10-07,Delivered,Credit Card
778,2751,2025-03-23,Delivered,Debit Card
779,3987,2025-02-16,Delivered,Debit Card
780,1708,2025-02-22,Delivered,Credit Card
781,551,2025-09-14,Delivered,PayPal
782,2933,2025-07-15,Delivered,Credit Card
783,3916,2025-05-04,Delivered,Wallet
784,79,2025-07-24,Delivered,Credit Card
785,4062,2024-07-29,Delivered,PayPal
786,4018,2025-06-03,Delivered,Wallet
787,2886,2025-12-12,Cancelled,Debit Card
788,4741,2024-06-20,Delivered,PayPal
789,1940,2025-02-20,Delivered,Debit Card
790,668,2025-05-12,Cancelled,Credit Card
791,3282,2025-01-12,Delivered,Debit Card
792,3050,2025-12-08,Delivered,Debit Card
793,4576,2024-10-21,Delivered,Credit Card
794,1122,2024-06-08,Delivered,Credit Card
795,790,2024-04-09,Delivered,Credit Card
796,3396,2025-09-11,Delivered,Credit Card
797,1556,2025-05-15,Delivered,Wallet
798,925,2025-02-25,Delivered,Wallet
799,3358,2024-11-10,Delivered,Debit Card
800,927,2024-10-26,Delivered,Credit Card
801,4167,2025-11-13,Delivered,Credit Card
802,1556,2025-05-11,Delivered,Credit Card
803,3261,2025-12-05,Delivered,Credit Card
804,2887,2025-08-08,Delivered,PayPal
805,2955,2025-07-14,Delivered,Debit Card
806,1521,2025-02-08,Delivered,Debit Card
807,429,2024-06-26,Delivered,Credit Card
808,3198,2025-04-22,Delivered,Wallet
809,2169,2025-06-06,Delivered,Credit Card
810,4885,2025-01-16,Delivered,Credit Card
811,4451,2024-01-15,Delivered,Credit Card
812,373,2025-12-01,Delivered,Credit Card
813,1809,2025-08-26,Delivered,Debit Card
814,2079,2024-09-14,Delivered,Debit Card
815,1906,2024-12-26,Delivered,Debit Card
816,3617,2024-03-31,Delivered,Credit Card
817,1788,2025-11-14,Delivered,Wallet
818,765,2024-06-17,Delivered,Debit Card
819,1814,2024-10-02,Delivered,PayPal
820,3936,2024-11-08,Delivered,Credit Card
821,2024,2024-07-11,Delivered,Wallet
822,1428,2025-04-08,Delivered,PayPal
823,3867,2025-12-27,Delivered,Debit Card
824,330,2025-09-16,Delivered,Credit Card
825,2276,2025-01-22,Delivered,Credit Card
826,516,2024-04-05,Delivered,PayPal
827,3036,2025-09-22,Delivered,Credit Card
828,4500,2024-07-06,Delivered,Debit Card
829,2213,2025-10-27,Delivered,PayPal
830,4909,2024-10-15,Delivered,PayPal
831,4370,2025-01-13,Cancelled,Credit Card
832,3639,2024-11-14,Delivered,Wallet
833,894,2024-11-28,Delivered,Credit Card
834,165,2024-04-30,Delivered,PayPal
835,615,2025-02-07,Delivered,Credit Card
836,1741,2024-10-21,Delivered,Credit Card
837,2039,2025-09-10,Delivered,Credit Card
838,1051,2024-12-14,Delivered,PayPal
839,4872,2025-12-05,Delivered,Debit Card
840,3715,2024-08-04,Delivered,Credit Card
841,3499,2024-08-27,Cancelled,Credit Card
842,3256,2024-01-27,Delivered,Debit Card
843,3082,2025-06-23,Delivered,Credit Card
844,4410,2024-02-23,Delivered,Credit Card
845,1952,2024-07-27,Delivered,PayPal
846,703,2025-10-26,Delivered,Credit Card
847,1476,2025-03-21,Delivered,Credit Card
848,1145,2025-02-11,Delivered,Credit Card
849,4783,2025-08-10,Cancelled,Debit Card
850,2836,2025-07-17,Delivered,Debit Card
851,2135,2025-10-09,Delivered,Credit Card
852,129,2025-04-30,Delivered,Debit Card
853,3556,2024-11-23,Delivered,Credit Card
854,3234,2024-04-05,Delivered,Credit Card
855,4053,2024-09-26,Delivered,Credit Card
856,656,2025-05-29,Delivered,Credit Card
857,3288,2024-07-04,Delivered,Debit Card
858,1810,2025-05-04,Delivered,Credit Card
859,1164,2024-04-07,Delivered,Wallet
860,1120,2024-02-14,Delivered,Wallet
861,1440,2024-09-23,Delivered,Credit Card
862,3666,2024-06-16,Delivered,Debit Card
863,115,2025-09-28,Delivered,Debit Card
864,4737,2024-10-03,Delivered,Credit Card
865,4847,2024-11-01,Delivered,Credit Card
866,4840,2024-10-21,Delivered,Wallet
867,4174,2024-08-19,Delivered,Credit Card
868,1619,2025-10-31,Delivered,Debit Card
869,2021,2025-06-23,Delivered,Debit Card
870,634,2024-04-25,Delivered,Credit Card
871,4463,2024-06-06,Delivered,Debit Card
872,3853,2024-02-29,Delivered,Wallet
873,769,2024-07-06,Delivered,Credit Card
874,4951,2025-04-24,Delivered,Credit Card
875,211,2025-11-14,Delivered,Credit Card
876,3838,2024-12-17,Delivered,PayPal
877,677,2024-02-29,Delivered,Debit Card
878,3749,2024-02-04,Delivered,Debit Card
879,4418,2024-10-29,Delivered,PayPal
880,4752,2024-07-12,Cancelled,Wallet
881,803,2025-02-25,Delivered,Credit Card
882,823,2024-03-27,Delivered,PayPal
883,341,2024-06-17,Delivered,Credit Card
884,4111,2025-02-09,Delivered,Credit Card
885,928,2024-07-24,Delivered,Credit Card
886,1954,2024-09-23,Delivered,Credit Card
887,2076,2024-06-10,Delivered,PayPal
888,1754,2024-02-07,Delivered,Debit Card
889,2483,2024-09-08,Delivered,Debit Card
890,1745,2024-08-28,Delivered,Credit Card
891,1180,2025-10-17,Delivered,Credit Card
892,1940,2025-10-13,Delivered,Wallet
893,4029,2024-11-11,Delivered,PayPal
894,590,2024-07-29,Delivered,Debit Card
895,4800,2024-11-01,Delivered,Credit Card
896,2050,2025-03-19,Delivered,Credit Card
897,1455,2024-10-09,Delivered,Wallet
898,2225,2025-07-05,Delivered,Credit Card
899,4656,2025-12-04,Delivered,Credit Card
900,4046,2024-10-21,Delivered,Debit Card
901,4090,2024-03-26,Delivered,Wallet
902,1102,2024-03-29,Delivered,Credit Card
903,4431,2025-09-28,Delivered,PayPal
904,3531,2024-10-30,Delivered,Credit Card
905,299,2024-08-26,Cancelled,Debit Card
906,2136,2025-03-28,Delivered,Credit Card
907,4171,2025-11-29,Delivered,PayPal
908,2663,2024-11-05,Delivered,Debit Card
909,2930,2024-08-18,Delivered,Wallet
910,1874,2025-09-21,Delivered,Debit Card
911,192,2024-03-01,Delivered,PayPal
912,4428,2025-09-08,Delivered,Debit Card
913,3769,2025-01-14,Delivered,Debit Card
914,1359,2024-01-15,Delivered,Credit Card
915,1209,2024-06-15,Delivered,PayPal
916,2591,2025-05-10,Delivered,Credit Card
917,3986,2025-07-03,Delivered,Debit Card
918,435,2024-05-22,Delivered,Debit Card
919,3130,2025-04-24,Cancelled,PayPal
920,4235,2025-12-23,Delivered,Debit Card
921,2462,2025-05-16,Delivered,Debit Card
922,265,2025-05-27,Delivered,Debit Card
923,117,2024-05-21,Delivered,Debit Card
924,811,2025-04-10,Delivered,Credit Card
925,4449,2025-06-01,Delivered,PayPal
926,2290,2024-03-21,Delivered,PayPal
927,738,2024-08-15,Delivered,Debit Card
928,4525,2025-10-06,Delivered,Credit Card
929,4149,2025-12-30,Delivered,Credit Card
930,735,2024-05-06,Delivered,PayPal
931,3441,2025-06-18,Delivered,Wallet
932,1654,2025-01-01,Delivered,Credit Card
933,348,2025-03-07,Delivered,Wallet
934,311,2025-01-07,Delivered,Credit Card
935,2712,2025-09-24,Delivered,Wallet
936,4218,2024-11-20,Delivered,Wallet
937,4809,2025-03-06,Delivered,Debit Card
938,3528,2025-05-03,Delivered,Wallet
939,4615,2025-02-07,Delivered,Debit Card
940,1179,2025-10-04,Delivered,Credit Card
941,732,2024-06-22,Delivered,PayPal
942,554,2025-11-23,Delivered,Credit Card
943,866,2025-05-10,Delivered,Credit Card
944,3770,2025-12-01,Delivered,Credit Card
945,769,2024-09-30,Delivered,Debit Card
946,2163,2024-12-15,Delivered,Debit Card
947,3781,2024-02-01,Delivered,PayPal
948,4635,2025-11-05,Delivered,PayPal
949,804,2025-08-18,Delivered,PayPal
950,934,2024-08-04,Delivered,Debit Card
951,323,2024-02-07,Delivered,Wallet
952,562,2025-05-23,Delivered,Credit Card
953,1952,2025-05-05,Delivered,PayPal
954,1573,2025-01-20,Delivered,Credit Card
955,4835,2024-04-24,Delivered,Credit Card
956,2222,2025-11-01,Delivered,Credit Card
957,1542,2024-11-11,Delivered,Credit Card
958,2347,2025-06-12,Delivered,Wallet
959,3622,2025-09-19,Delivered,Debit Card
960,1688,2025-02-04,Cancelled,Wallet
961,720,2024-03-09,Delivered,Debit Card
962,2104,2025-10-10,Delivered,Debit Card
963,3106,2025-05-02,Delivered,Credit Card
964,1582,2025-10-14,Cancelled,Wallet
965,2906,2025-03-23,Delivered,Credit Card
966,1623,2025-10-24,Delivered,Debit Card
967,4521,2025-09-25,Delivered,Wallet
968,4439,2024-06-06,Delivered,PayPal
969,3583,2024-05-06,Delivered,PayPal
970,4188,2024-04-26,Delivered,Credit Card
971,604,2025-08-06,Delivered,Debit Card
972,3267,2024-06-24,Delivered,Credit Card
973,2024,2024-11-24,Delivered,Credit Card
974,3888,2025-07-29,Delivered,Credit Card
975,3,2024-11-08,Delivered,PayPal
976,939,2024-02-15,Cancelled,Wallet
977,1205,2024-09-21,Delivered,Debit Card
978,2786,2024-03-10,Delivered,PayPal
979,4857,2024-10-08,Delivered,Debit Card
980,4482,2025-06-21,Delivered,Credit Card
981,2279,2025-01-14,Delivered,PayPal
982,6,2025-05-07,Delivered,Credit Card
983,4338,2024-03-18,Delivered,Debit Card
984,2863,2025-07-01,Delivered,Wallet
985,119,2024-11-06,Delivered,Credit Card
986,3226,2024-07-28,Delivered,Credit Card
987,4401,2025-04-20,Delivered,Credit Card
988,4355,2024-04-08,Delivered,Debit Card
989,4447,2024-12-29,Delivered,Credit Card
990,4878,2024-11-04,Delivered,Debit Card
991,3268,2024-05-01,Delivered,Credit Card
992,3063,2025-11-26,Delivered,PayPal
993,582,2024-09-22,Delivered,PayPal
994,3162,2024-01-30,Delivered,Credit Card
995,4381,2024-11-19,Delivered,PayPal
996,4065,2025-12-06,Delivered,Credit Card
997,4500,2025-05-03,Cancelled,Credit Card
998,851,2025-04-09,Delivered,Credit Card
999,1006,2025-10-19,Delivered,Credit Card
1000,4292,2024-03-02,Delivered,Wallet
1001,4701,2025-02-05,Delivered,PayPal
1002,2631,2024-08-22,Delivered,PayPal
1003,4406,2025-05-08,Cancelled,Credit Card
1004,3411,2025-09-14,Delivered,Debit Card
1005,1025,2024-02-26,Delivered,Debit Card
1006,2534,2024-04-25,Delivered,Credit Card
1007,1970,2025-11-27,Cancelled,PayPal
1008,3950,2024-12-25,Delivered,PayPal
1009,1684,2024-08-18,Delivered,Wallet
1010,878,2024-04-21,Delivered,Wallet
1011,2492,2024-09-15,Delivered,Credit Card
1012,2474,2024-01-04,Delivered,PayPal
1013,4446,2024-06-11,Cancelled,Wallet
1014,41,2024-05-13,Delivered,Debit Card
1015,4372,2024-03-02,Delivered,Credit Card
1016,1056,2025-12-08,Delivered,Credit Card
1017,879,2025-07-30,Cancelled,Credit Card
1018,2092,2025-11-17,Delivered,Credit Card
1019,2756,2024-06-24,Delivered,Wallet
1020,4649,2024-07-29,Cancelled,Wallet
1021,2671,2024-07-25,Delivered,Wallet
1022,728,2025-02-11,Delivered,Credit Card
1023,2252,2024-05-12,Delivered,Debit Card
1024,4603,2024-06-20,Delivered,Debit Card
1025,3574,2025-12-12,Delivered,Debit Card
1026,1089,2024-09-14,Delivered,Credit Card
1027,3230,2025-07-24,Delivered,Wallet
1028,3669,2024-06-16,Delivered,PayPal
1029,1376,2025-11-09,Delivered,PayPal
1030,2640,2025-05-21,Delivered,Credit Card
1031,1741,2025-09-21,Delivered,Credit Card
1032,906,2025-01-11,Delivered,Debit Card
1033,4442,2025-10-23,Delivered,Debit Card
1034,1603,2024-09-21,Delivered,PayPal
1035,1629,2024-12-15,Delivered,Credit Card
1036,508,2024-02-14,Delivered,Credit Card
1037,2221,2024-05-04,Delivered,PayPal
1038,3219,2025-07-16,Delivered,Debit Card
1039,4865,2024-08-26,Delivered,Debit Card
1040,3879,2024-03-15,Delivered,PayPal
1041,4287,2024-08-01,Delivered,PayPal
1042,4937,2024-09-14,Delivered,PayPal
1043,3495,2025-06-07,Delivered,Credit Card
1044,4287,2024-03-07,Delivered,Debit Card
1045,1521,2024-01-19,Delivered,Debit Card
1046,3576,2025-06-12,Delivered,Debit Card
1047,3144,2024-04-13,Delivered,Debit Card
1048,2258,2024-11-02,Delivered,Credit Card
1049,3211,2025-05-13,Delivered,Credit Card
1050,3605,2025-01-10,Delivered,Debit Card
1051,2058,2024-03-31,Delivered,Debit Card
1052,4213,2025-06-11,Delivered,Credit Card
1053,181,2024-02-05,Delivered,PayPal
1054,1621,2024-06-18,Delivered,Credit Card
1055,1833,2024-03-20,Delivered,Debit Card
1056,4153,2025-01-09,Delivered,Debit Card
1057,2541,2025-05-19,Delivered,Debit Card
1058,4665,2025-04-19,Delivered,Credit Card
1059,4751,2024-04-11,Delivered,Credit Card
1060,2293,2024-09-07,Delivered,Credit Card
1061,3638,2024-04-16,Delivered,Credit Card
1062,1232,2024-09-07,Delivered,Credit Card
1063,540,2024-06-17,Delivered,Debit Card
1064,2456,2025-06-24,Delivered,Debit Card
1065,1508,2025-07-02,Delivered,Credit Card
1066,3655,2025-08-20,Delivered,Debit Card
1067,2609,2024-05-26,Delivered,Credit Card
1068,678,2024-01-10,Delivered,Wallet
1069,2256,2024-01-26,Delivered,Debit Card
1070,2009,2025-09-07,Delivered,Debit Card
1071,26,2025-10-23,Cancelled,Credit Card
1072,2725,2024-06-03,Delivered,Debit Card
1073,4676,2025-10-01,Delivered,Credit Card
1074,4484,2025-01-21,Delivered,Wallet
1075,4521,2024-05-14,Delivered,Credit Card
1076,4470,2024-08-16,Delivered,Debit Card
1077,4619,2024-07-12,Delivered,PayPal
1078,488,2025-07-11,Delivered,Debit Card
1079,2143,2024-05-17,Delivered,Debit Card
1080,2726,2024-05-13,Cancelled,Wallet
1081,4167,2025-06-09,Delivered,Credit Card
1082,1866,2024-08-08,Delivered,Credit Card
1083,3543,2024-07-01,Delivered,Wallet
1084,3906,2025-08-12,Delivered,Credit Card
1085,2559,2025-11-10,Delivered,PayPal
1086,1206,2025-02-09,Delivered,Credit Card
1087,386,2025-08-27,Delivered,Credit Card
1088,2225,2025-09-06,Delivered,Credit Card
1089,840,2025-03-05,Cancelled,PayPal
1090,3221,2025-08-28,Delivered,Credit Card
1091,1192,2024-01-07,Cancelled,Credit Card
1092,4384,2024-01-26,Delivered,Credit Card
1093,4480,2025-10-07,Delivered,Credit Card
1094,4182,2024-04-12,Delivered,Credit Card
1095,3327,2025-06-15,Delivered,Wallet
1096,579,2024-11-02,Delivered,Debit Card
1097,4916,2025-07-29,Delivered,Credit Card
1098,330,2025-04-30,Delivered,Credit Card
1099,2833,2024-02-22,Delivered,Credit Card
1100,4022,2024-09-02,Delivered,Credit Card
1101,424,2025-06-01,Delivered,Credit Card
1102,2485,2025-11-03,Delivered,Wallet
1103,2389,2025-08-10,Delivered,Credit Card
1104,986,2025-10-13,Delivered,Credit Card
1105,559,2025-11-29,Delivered,Debit Card
1106,4550,2025-10-14,Cancelled,Credit Card
1107,4507,2025-02-27,Cancelled,PayPal
1108,469,2024-09-02,Delivered,PayPal
1109,1393,2025-01-05,Delivered,Credit Card
1110,1962,2025-08-03,Delivered,PayPal
1111,987,2024-11-06,Delivered,Credit Card
1112,333,2025-08-29,Delivered,Credit Card
1113,2559,2025-05-26,Cancelled,Debit Card
1114,2211,2024-06-01,Cancelled,PayPal
1115,4036,2025-11-03,Delivered,Credit Card
1116,1483,2025-09-09,Delivered,Credit Card
1117,2552,2025-03-13,Delivered,PayPal
1118,1570,2024-05-21,Delivered,Debit Card
1119,192,2024-06-14,Delivered,Debit Card
1120,3639,2025-09-04,Delivered,Debit Card
1121,3715,2024-01-13,Delivered,Debit Card
1122,3320,2024-12-19,Delivered,Debit Card
1123,171,2025-03-27,Delivered,Credit Card
1124,3483,2024-06-18,Delivered,Credit Card
1125,3022,2025-09-23,Delivered,Debit Card
1126,2206,2025-01-16,Delivered,PayPal
1127,3085,2024-02-18,Delivered,PayPal
1128,554,2024-08-21,Delivered,Debit Card
1129,1043,2024-10-17,Delivered,Debit Card
1130,646,2024-06-11,Delivered,Credit Card
1131,2233,2025-11-17,Cancelled,PayPal
1132,4477,2024-09-20,Delivered,Wallet
1133,31,2025-01-01,Delivered,PayPal
1134,2231,2025-01-25,Delivered,PayPal
1135,1419,2024-06-10,Delivered,Wallet
1136,4688,2025-02-18,Delivered,Credit Card
1137,3097,2024-09-15,Delivered,Debit Card
1138,1110,2024-01-08,Delivered,Debit Card
1139,1421,2024-10-24,Delivered,Debit Card
1140,2904,2025-03-02,Delivered,PayPal
1141,239,2024-03-26,Cancelled,Credit Card
1142,336,2025-07-22,Delivered,Credit Card
1143,3372,2025-04-27,Delivered,Credit Card
1144,4012,2024-08-14,Delivered,Credit Card
1145,3712,2025-03-08,Delivered,Credit Card
1146,859,2024-08-09,Delivered,Credit Card
1147,4315,2025-04-17,Delivered,Credit Card
1148,1125,2024-04-22,Delivered,Debit Card
1149,4378,2025-03-21,Delivered,Debit Card
1150,1480,2024-02-10,Delivered,Debit Card
1151,2482,2024-01-13,Delivered,Credit Card
1152,4786,2024-07-04,Delivered,Wallet
1153,2037,2024-05-07,Delivered,Credit Card
1154,3339,2024-12-24,Delivered,Debit Card
1155,2930,2024-04-30,Delivered,PayPal
1156,375,2024-06-27,Delivered,PayPal
1157,3964,2024-03-12,Delivered,Debit Card
1158,1792,2025-10-09,Delivered,Credit Card
1159,2377,2025-06-20,Delivered,PayPal
1160,1523,2024-06-07,Delivered,Debit Card
1161,4976,2024-03-28,Delivered,PayPal
1162,2754,2025-09-12,Cancelled,Credit Card
1163,3188,2025-05-02,Delivered,Wallet
1164,2615,2025-10-08,Delivered,Wallet
1165,1541,2024-05-10,Delivered,PayPal
1166,2931,2024-09-18,Delivered,Wallet
1167,3969,2024-03-27,Delivered,Debit Card
1168,476,2024-11-05,Delivered,Credit Card
1169,754,2024-04-28,Delivered,Debit Card
1170,823,2024-01-04,Delivered,Debit Card
1171,4679,2025-01-06,Delivered,Debit Card
1172,2884,2025-12-15,Delivered,Credit Card
1173,1702,2025-04-16,Delivered,Debit Card
1174,995,2025-07-06,Delivered,Credit Card
1175,3426,2025-08-15,Cancelled,PayPal
1176,2624,2025-12-10,Delivered,Wallet
1177,3127,2024-04-03,Delivered,Credit Card
1178,3578,2024-07-02,Delivered,PayPal
1179,480,2025-03-25,Delivered,Credit Card
1180,3398,2025-08-22,Delivered,Debit Card
1181,3609,2025-07-18,Delivered,Wallet
1182,1386,2025-06-15,Delivered,Credit Card
1183,1560,2024-08-16,Delivered,Credit Card
1184,2961,2024-09-23,Cancelled,Wallet
1185,1906,2024-02-28,Delivered,Credit Card
1186,4655,2024-08-17,Delivered,Credit Card
1187,483,2024-04-23,Delivered,Debit Card
1188,845,2025-11-15,Delivered,Credit Card
1189,4051,2024-03-07,Delivered,Credit Card
1190,3406,2024-09-22,Delivered,PayPal
1191,4302,2025-10-09,Delivered,Debit Card
1192,120,2025-11-28,Delivered,Credit Card
1193,672,2024-10-01,Delivered,Debit Card
1194,4185,2024-12-05,Delivered,Credit Card
1195,4064,2025-01-17,Delivered,Credit Card
1196,4130,2025-08-23,Delivered,Wallet
1197,4490,2025-07-15,Delivered,PayPal
1198,1153,2025-01-17,Delivered,Debit Card
1199,487,2024-09-28,Delivered,Debit Card
1200,1482,2024-09-28,Delivered,PayPal
1201,4988,2025-04-18,Delivered,Debit Card
1202,2584,2025-09-01,Delivered,Credit Card
1203,23,2024-02-25,Delivered,Credit Card
1204,3718,2025-07-15,Delivered,Credit Card
1205,4213,2024-12-17,Delivered,Wallet
1206,612,2024-04-15,Delivered,Debit Card
1207,2792,2024-03-11,Delivered,Credit Card
1208,3725,2024-09-03,Delivered,Credit Card
1209,4787,2024-06-30,Delivered,Wallet
1210,3036,2024-03-17,Delivered,Credit Card
1211,1691,2024-08-02,Delivered,PayPal
1212,4551,2025-08-31,Delivered,PayPal
1213,1805,2025-06-07,Delivered,Wallet
1214,3167,2024-06-01,Delivered,Credit Card
1215,4202,2025-05-07,Delivered,PayPal
1216,2652,2024-11-25,Delivered,Credit Card
1217,3554,2025-06-29,Delivered,Wallet
1218,4209,2024-06-29,Delivered,Credit Card
1219,3003,2024-02-15,Delivered,Debit Card
1220,2101,2024-08-16,Delivered,Debit Card
1221,3222,2025-12-26,Delivered,PayPal
1222,2006,2025-02-09,Delivered,Credit Card
1223,3414,2024-02-09,Delivered,Credit Card
1224,408,2025-12-13,Delivered,PayPal
1225,240,2025-08-25,Delivered,Credit Card
1226,2375,2025-01-31,Delivered,Credit Card
1227,589,2025-06-24,Delivered,Credit Card
1228,3654,2024-05-14,Delivered,Wallet
1229,907,2025-03-07,Delivered,Debit Card
1230,2498,2025-10-28,Delivered,Debit Card
1231,884,2024-11-16,Delivered,PayPal
1232,4610,2024-01-29,Delivered,PayPal
1233,4215,2025-07-06,Delivered,Debit Card
1234,9,2025-06-16,Delivered,Credit Card
1235,1973,2025-06-24,Delivered,Debit Card
1236,4711,2025-04-18,Delivered,Debit Card
1237,2448,2024-04-10,Delivered,Credit Card
1238,4221,2024-03-24,Delivered,PayPal
1239,447,2025-08-01,Delivered,Credit Card
1240,2146,2025-09-16,Delivered,Credit Card
1241,4353,2024-02-27,Delivered,Debit Card
1242,974,2025-02-28,Delivered,Wallet
1243,52,2024-12-31,Delivered,Credit Card
1244,3673,2024-09-12,Delivered,Credit Card
1245,417,2025-04-15,Delivered,Debit Card
1246,1504,2025-10-29,Delivered,Wallet
1247,4061,2025-08-22,Delivered,Credit Card
1248,4460,2024-04-21,Delivered,Credit Card
1249,653,2024-12-04,Delivered,Wallet
1250,2485,2025-11-14,Delivered,Debit Card
1251,3967,2024-06-21,Delivered,Credit Card
1252,1957,2025-09-15,Delivered,Credit Card
1253,1753,2024-12-24,Delivered,Debit Card
1254,2717,2025-01-15,Delivered,Debit Card
1255,3881,2024-07-01,Delivered,Credit Card
1256,202,2025-11-02,Delivered,Credit Card
1257,252,2025-01-20,Delivered,Wallet
1258,534,2025-02-23,Delivered,PayPal
1259,1707,2024-12-03,Delivered,Debit Card
1260,1391,2024-03-06,Delivered,Credit Card
1261,2407,2025-07-23,Delivered,Credit Card
1262,1505,2024-08-27,Delivered,Wallet
1263,3129,2024-06-24,Delivered,Debit Card
1264,1609,2025-07-24,Delivered,Credit Card
1265,4182,2024-05-25,Delivered,PayPal
1266,1549,2025-05-13,Delivered,Credit Card
1267,1223,2024-12-12,Delivered,Credit Card
1268,4302,2025-08-06,Delivered,Credit Card
1269,3295,2024-02-06,Delivered,PayPal
1270,240,2025-07-19,Delivered,PayPal
1271,759,2024-06-16,Cancelled,Debit Card
1272,244,2025-09-27,Delivered,Credit Card
1273,3976,2024-09-15,Delivered,PayPal
1274,3138,2024-01-06,Cancelled,Credit Card
1275,4667,2024-12-21,Cancelled,Credit Card
1276,1641,2024-02-09,Delivered,PayPal
1277,237,2024-07-15,Delivered,PayPal
1278,2295,2025-06-07,Delivered,Credit Card
1279,400,2025-02-13,Delivered,Credit Card
1280,723,2025-06-01,Delivered,PayPal
1281,3938,2025-10-03,Cancelled,Credit Card
1282,1895,2024-12-07,Delivered,Debit Card
1283,4402,2025-01-31,Delivered,Debit Card
1284,2569,2024-02-12,Delivered,Debit Card
1285,3242,2024-07-28,Delivered,Credit Card
1286,4171,2025-06-12,Delivered,PayPal
1287,2306,2024-02-15,Delivered,Wallet
1288,1600,2024-09-19,Delivered,Debit Card
1289,3846,2024-04-09,Delivered,Credit Card
1290,4154,2025-09-17,Delivered,Wallet
1291,1499,2025-02-13,Delivered,Credit Card
1292,4116,2025-04-15,Cancelled,Credit Card
1293,4959,2025-05-14,Delivered,Credit Card
1294,969,2024-06-12,Delivered,Credit Card
1295,4240,2024-02-06,Delivered,Credit Card
1296,435,2024-10-17,Delivered,PayPal
1297,4436,2024-05-15,Delivered,Credit Card
1298,4455,2024-08-23,Delivered,Credit Card
1299,4275,2024-08-20,Delivered,PayPal
1300,1744,2025-07-24,Delivered,Credit Card
1301,4665,2024-08-21,Delivered,Debit Card
1302,2770,2024-04-20,Delivered,Wallet
1303,323,2025-11-30,Cancelled,Credit Card
1304,4247,2024-02-05,Delivered,Credit Card
1305,4544,2024-05-28,Delivered,Credit Card
1306,1516,2024-09-10,Delivered,Debit Card
1307,1244,2024-02-15,Delivered,Credit Card
1308,2846,2025-10-18,Delivered,Wallet
1309,1796,2024-09-14,Delivered,Debit Card
1310,3196,2025-07-25,Delivered,Debit Card
1311,1853,2024-04-08,Delivered,Wallet
1312,1089,2025-01-15,Cancelled,Credit Card
1313,1163,2024-04-02,Delivered,PayPal
1314,3289,2024-06-18,Delivered,PayPal
1315,2193,2024-10-24,Delivered,Debit Card
1316,77,2025-09-21,Delivered,Debit Card
1317,2528,2024-08-11,Delivered,Credit Card
1318,3940,2025-07-04,Delivered,PayPal
1319,744,2024-03-07,Delivered,Debit Card
1320,1221,2024-07-02,Delivered,PayPal
1321,1798,2025-03-17,Delivered,PayPal
1322,4636,2024-12-07,Delivered,Debit Card
1323,1741,2025-01-01,Delivered,Wallet
1324,4189,2025-05-10,Delivered,Credit Card
1325,3374,2024-02-26,Delivered,Credit Card
1326,4961,2025-05-22,Delivered,Credit Card
1327,2904,2025-09-21,Delivered,Credit Card
1328,1585,2025-07-13,Delivered,Debit Card
1329,3581,2024-07-26,Cancelled,Credit Card
1330,452,2024-09-13,Delivered,Debit Card
1331,3920,2025-12-02,Delivered,Wallet
1332,1171,2025-07-30,Delivered,PayPal
1333,3336,2025-11-11,Cancelled,Credit Card
1334,2901,2025-10-28,Delivered,Wallet
1335,1207,2024-11-12,Delivered,PayPal
1336,2407,2024-04-04,Cancelled,PayPal
1337,2511,2024-06-15,Delivered,Credit Card
1338,3836,2024-08-02,Delivered,Debit Card
1339,2333,2025-09-01,Delivered,Credit Card
1340,291,2024-07-20,Delivered,Credit Card
1341,371,2024-09-20,Delivered,Credit Card
1342,3323,2025-09-13,Delivered,Debit Card
1343,4473,2024-04-29,Delivered,Credit Card
1344,2177,2025-04-29,Delivered,Credit Card
1345,458,2025-02-06,Delivered,Debit Card
1346,855,2025-12-19,Delivered,Credit Card
1347,4883,2024-12-23,Delivered,Credit Card
1348,3517,2025-01-15,Delivered,PayPal
1349,159,2025-09-12,Delivered,Wallet
1350,1298,2025-12-24,Delivered,PayPal
1351,3649,2025-06-16,Delivered,PayPal
1352,3158,2025-05-24,Delivered,Credit Card
1353,1438,2025-10-01,Delivered,Credit Card
1354,3480,2025-12-16,Delivered,Debit Card
1355,4524,2025-06-20,Delivered,Wallet
1356,4501,2024-08-01,Cancelled,Credit Card
1357,4121,2025-04-13,Delivered,Credit Card
1358,1772,2024-06-21,Delivered,PayPal
1359,126,2024-12-31,Cancelled,Debit Card
1360,1954,2024-11-20,Delivered,Credit Card
1361,110,2025-12-21,Delivered,PayPal
1362,2851,2025-02-08,Delivered,Debit Card
1363,3016,2025-12-01,Delivered,Wallet
1364,1709,2025-08-12,Delivered,Credit Card
1365,748,2025-09-11,Delivered,Credit Card
1366,2624,2024-05-03,Delivered,Credit Card
1367,71,2025-07-19,Delivered,Credit Card
1368,1382,2024-07-02,Delivered,Credit Card
1369,4839,2025-02-25,Delivered,Credit Card
1370,4571,2024-12-20,Delivered,Credit Card
1371,3165,2024-07-08,Delivered,Debit Card
1372,1871,2025-12-19,Delivered,Credit Card
1373,55,2025-10-01,Delivered,Credit Card
1374,3251,2025-02-23,Delivered,Debit Card
1375,2453,2024-01-08,Delivered,Credit Card
1376,3568,2024-05-13,Delivered,Credit Card
1377,788,2024-06-15,Delivered,Wallet
1378,4152,2025-12-10,Delivered,Debit Card
1379,4026,2024-10-21,Delivered,PayPal
1380,2141,2024-02-04,Delivered,Credit Card
1381,144,2025-03-03,Cancelled,Debit Card
1382,2332,2025-11-24,Delivered,Credit Card
1383,1855,2025-02-13,Delivered,Credit Card
1384,3805,2024-11-20,Delivered,PayPal
1385,1191,2024-05-08,Delivered,PayPal
1386,91,2025-10-03,Delivered,Debit Card
1387,4905,2024-03-17,Delivered,Credit Card
1388,1207,2025-11-12,Delivered,PayPal
1389,391,2024-06-11,Delivered,Debit Card
1390,4286,2024-04-10,Delivered,Debit Card
1391,3600,2024-09-11,Delivered,Debit Card
1392,1344,2024-01-04,Delivered,Debit Card
1393,2391,2024-01-11,Delivered,Credit Card
1394,3442,2024-05-16,Delivered,Debit Card
1395,4083,2025-05-20,Delivered,Credit Card
1396,1865,2025-08-17,Delivered,Debit Card
1397,1072,2024-06-29,Delivered,Debit Card
1398,74,2025-04-15,Delivered,Credit Card
1399,4277,2024-09-13,Delivered,Credit Card
1400,4072,2024-11-12,Delivered,Debit Card
1401,4752,2024-09-01,Delivered,Debit Card
1402,3739,2025-10-12,Delivered,Credit Card
1403,1066,2025-01-08,Delivered,Credit Card
1404,1202,2025-01-04,Cancelled,Credit Card
1405,1214,2025-09-19,Delivered,Credit Card
1406,2292,2025-04-24,Delivered,Debit Card
1407,4819,2024-04-19,Delivered,Credit Card
1408,3455,2024-05-17,Delivered,Credit Card
1409,2171,2024-09-05,Delivered,Credit Card
1410,3688,2024-03-12,Cancelled,Credit Card
1411,4177,2025-05-20,Delivered,Credit Card
1412,2018,2024-12-27,Delivered,Wallet
1413,4213,2024-02-02,Delivered,Debit Card
1414,92,2024-10-19,Delivered,Debit Card
1415,1555,2025-08-28,Delivered,Credit Card
1416,850,2025-10-24,Delivered,Wallet
1417,894,2025-12-03,Delivered,Debit Card
1418,1014,2025-11-04,Delivered,Credit Card
1419,1833,2025-03-19,Delivered,Debit Card
1420,3625,2025-11-07,Delivered,Credit Card
1421,2960,2025-11-29,Delivered,Wallet
1422,2206,2025-04-08,Delivered,Credit Card
1423,2486,2024-10-28,Delivered,PayPal
1424,917,2025-12-06,Delivered,Wallet
1425,3684,2024-10-29,Delivered,Debit Card
1426,3776,2024-05-01,Delivered,PayPal
1427,2745,2024-03-18,Delivered,Credit Card
1428,4072,2025-02-18,Delivered,Debit Card
1429,4028,2024-01-26,Delivered,Credit Card
1430,4022,2024-03-27,Delivered,Credit Card
1431,520,2024-06-27,Cancelled,Debit Card
1432,431,2025-01-21,Delivered,Debit Card
1433,2196,2024-12-15,Delivered,Debit Card
1434,285,2025-01-08,Delivered,Credit Card
1435,81,2025-01-05,Delivered,Credit Card
1436,655,2025-12-26,Delivered,Credit Card
1437,605,2024-06-07,Delivered,Debit Card
1438,1630,2024-12-12,Delivered,Credit Card
1439,1658,2025-03-23,Delivered,Credit Card
1440,4098,2024-07-18,Delivered,Wallet
1441,4508,2024-05-12,Delivered,Wallet
1442,852,2024-02-04,Delivered,Debit Card
1443,1901,2024-08-26,Delivered,Credit Card
1444,2542,2024-07-04,Delivered,Debit Card
1445,1368,2024-05-22,Delivered,Debit Card
1446,1655,2024-07-17,Delivered,Credit Card
1447,3354,2025-05-23,Delivered,Wallet
1448,2128,2025-08-27,Delivered,Credit Card
1449,3518,2025-01-12,Delivered,Credit Card
1450,375,2024-02-18,Cancelled,Debit Card
1451,2407,2025-06-21,Delivered,PayPal
1452,1553,2024-04-20,Delivered,PayPal
1453,1443,2024-02-11,Delivered,Credit Card
1454,2342,2025-02-18,Delivered,Debit Card
1455,1510,2024-11-06,Delivered,PayPal
1456,3792,2024-08-15,Delivered,Debit Card
1457,928,2025-12-06,Delivered,Credit Card
1458,4466,2024-03-07,Cancelled,Debit Card
1459,1813,2024-02-09,Delivered,PayPal
1460,2635,2025-03-04,Delivered,Credit Card
1461,842,2024-11-01,Cancelled,Debit Card
1462,4597,2025-08-08,Delivered,Debit Card
1463,3215,2024-01-30,Cancelled,Debit Card
1464,3849,2024-11-02,Delivered,Credit Card
1465,4474,2024-04-17,Delivered,Credit Card
1466,4979,2024-01-31,Delivered,Debit Card
1467,1272,2024-12-03,Delivered,Credit Card
1468,1645,2025-06-20,Delivered,Credit Card
1469,1212,2024-04-24,Delivered,Credit Card
1470,2508,2025-09-06,Delivered,Credit Card
1471,4491,2025-01-13,Delivered,Debit Card
1472,3692,2024-12-16,Delivered,Wallet
1473,2841,2025-11-04,Delivered,Credit Card
1474,2368,2024-08-28,Delivered,Credit Card
1475,3649,2024-05-26,Delivered,Credit Card
1476,2337,2025-07-27,Delivered,Debit Card
1477,4446,2024-03-19,Delivered,Debit Card
1478,2797,2025-09-28,Delivered,PayPal
1479,3325,2025-08-25,Delivered,Debit Card
1480,3397,2025-12-14,Delivered,Credit Card
1481,3713,2024-12-01,Delivered,Credit Card
1482,2391,2025-03-30,Delivered,Debit Card
1483,1935,2025-10-06,Delivered,Credit Card
1484,2075,2024-04-06,Delivered,Credit Card
1485,4691,2024-08-11,Delivered,Credit Card
1486,549,2024-12-10,Delivered,Debit Card
1487,3520,2025-04-03,Delivered,Debit Card
1488,4803,2025-05-10,Delivered,PayPal
1489,359,2025-11-05,Delivered,Credit Card
1490,3090,2024-12-23,Cancelled,Wallet
1491,2977,2024-05-05,Delivered,Debit Card
1492,1672,2024-05-18,Delivered,PayPal
1493,474,2025-08-07,Delivered,Debit Card
1494,3389,2024-12-02,Delivered,PayPal
1495,2611,2025-04-06,Delivered,Debit Card
1496,3759,2025-02-14,Delivered,Credit Card
1497,443,2025-08-16,Delivered,Credit Card
1498,4674,2024-06-08,Delivered,Wallet
1499,3137,2024-05-04,Delivered,Debit Card
1500,2214,2025-06-19,Delivered,PayPal
1501,2282,2024-11-12,Delivered,PayPal
1502,4760,2025-08-18,Delivered,Credit Card
1503,2766,2024-04-04,Delivered,PayPal
1504,2902,2024-07-17,Delivered,Credit Card
1505,3245,2025-12-01,Delivered,Credit Card
1506,1563,2025-09-07,Delivered,Debit Card
1507,1252,2024-02-15,Cancelled,PayPal
1508,3756,2025-08-19,Delivered,Debit Card
1509,1598,2024-02-17,Delivered,Credit Card
1510,172,2024-03-28,Delivered,Debit Card
1511,2411,2025-10-17,Delivered,PayPal
1512,51,2024-04-01,Delivered,Debit Card
1513,2832,2024-08-07,Cancelled,Credit Card
1514,3222,2024-04-08,Delivered,Credit Card
1515,4619,2025-03-11,Delivered,Debit Card
1516,3035,2024-02-11,Cancelled,Credit Card
1517,1760,2024-07-28,Delivered,PayPal
1518,3212,2024-08-26,Delivered,Credit Card
1519,2959,2025-04-18,Delivered,Debit Card
1520,3706,2024-12-28,Delivered,PayPal
1521,4613,2024-05-20,Cancelled,Debit Card
1522,485,2024-12-04,Delivered,PayPal
1523,3590,2024-11-30,Delivered,Credit Card
1524,4025,2024-09-15,Delivered,Credit Card
1525,1642,2025-01-24,Delivered,Debit Card
1526,2018,2024-08-26,Delivered,PayPal
1527,2074,2024-08-31,Delivered,Debit Card
1528,1868,2025-07-25,Delivered,Credit Card
1529,4394,2024-07-02,Delivered,Credit Card
1530,1631,2024-08-28,Delivered,PayPal
1531,2189,2024-04-12,Delivered,Debit Card
1532,2925,2025-05-24,Delivered,Credit Card
1533,1261,2025-05-30,Delivered,Debit Card
1534,3490,2025-05-10,Delivered,Credit Card
1535,2616,2024-05-02,Delivered,Credit Card
1536,851,2024-11-25,Delivered,Wallet
1537,930,2024-08-01,Cancelled,Debit Card
1538,136,2025-07-11,Delivered,Credit Card
1539,2911,2024-09-02,Delivered,PayPal
1540,4005,2024-10-30,Delivered,Wallet
1541,4958,2024-11-27,Cancelled,PayPal
1542,3300,2025-07-09,Delivered,PayPal
1543,4847,2025-05-27,Delivered,Wallet
1544,4941,2025-08-21,Delivered,Credit Card
1545,3069,2024-11-08,Cancelled,PayPal
1546,1876,2025-08-21,Delivered,Credit Card
1547,4432,2025-09-27,Delivered,Credit Card
1548,3163,2025-01-17,Delivered,Credit Card
1549,4076,2025-05-11,Delivered,Credit Card
1550,1132,2025-10-25,Delivered,PayPal
1551,4754,2025-09-04,Delivered,PayPal
1552,2146,2024-07-20,Delivered,Credit Card
1553,4366,2025-06-06,Delivered,PayPal
1554,1877,2024-11-21,Delivered,PayPal
1555,4500,2024-04-18,Delivered,Credit Card
1556,3365,2024-09-28,Delivered,PayPal
1557,1148,2025-12-14,Delivered,Credit Card
1558,743,2025-11-30,Delivered,Credit Card
1559,791,2025-07-28,Delivered,Debit Card
1560,1873,2025-12-23,Delivered,Wallet
1561,220,2025-02-22,Delivered,Credit Card
1562,2743,2025-07-07,Delivered,Credit Card
1563,3297,2024-04-30,Delivered,Debit Card
1564,3723,2024-08-06,Delivered,PayPal
1565,4668,2024-05-06,Delivered,Wallet
1566,4003,2025-11-15,Delivered,Debit Card
1567,4970,2025-03-24,Delivered,PayPal
1568,3019,2025-11-11,Delivered,Debit Card
1569,4262,2024-10-30,Cancelled,Credit Card
1570,3873,2024-10-21,Delivered,Debit Card
1571,4156,2025-05-08,Delivered,Credit Card
1572,2054,2025-02-18,Delivered,Debit Card
1573,2595,2024-09-28,Delivered,Credit Card
1574,4570,2024-08-19,Delivered,Credit Card
1575,2260,2025-01-09,Delivered,Wallet
1576,3032,2024-02-25,Delivered,Wallet
1577,3202,2024-05-17,Delivered,Debit Card
1578,925,2024-02-01,Delivered,PayPal
1579,114,2024-04-23,Delivered,Wallet
1580,3477,2024-05-25,Delivered,Credit Card
1581,3972,2024-02-25,Delivered,Debit Card
1582,2913,2024-02-10,Delivered,Credit Card
1583,3288,2025-08-21,Delivered,PayPal
1584,335,2024-05-13,Delivered,Credit Card
1585,851,2025-02-09,Delivered,PayPal
1586,3689,2024-03-12,Delivered,Credit Card
1587,3179,2025-11-22,Delivered,Debit Card
1588,990,2024-06-23,Delivered,PayPal
1589,2998,2025-07-01,Delivered,Credit Card
1590,176,2025-04-13,Delivered,Wallet
1591,3940,2025-07-15,Delivered,Credit Card
1592,135,2025-04-04,Delivered,Debit Card
1593,4188,2025-01-06,Delivered,PayPal
1594,1119,2025-07-17,Delivered,Credit Card
1595,1268,2025-08-18,Delivered,Debit Card
1596,4630,2024-10-04,Delivered,Debit Card
1597,4073,2025-11-18,Delivered,Debit Card
1598,1683,2025-12-21,Delivered,Debit Card
1599,911,2025-06-10,Delivered,Credit Card
1600,549,2025-11-09,Delivered,Credit Card
1601,1972,2024-03-18,Delivered,Credit Card
1602,2905,2025-01-29,Delivered,Wallet
1603,2464,2025-04-20,Delivered,Credit Card
1604,4484,2025-11-08,Delivered,Credit Card
1605,4025,2024-03-28,Delivered,Credit Card
1606,1302,2025-08-11,Delivered,PayPal
1607,4506,2024-02-26,Delivered,Debit Card
1608,2310,2024-09-18,Delivered,Credit Card
1609,87,2025-05-20,Delivered,PayPal
1610,4258,2024-07-31,Delivered,Wallet
1611,3687,2025-09-01,Delivered,PayPal
1612,1777,2025-11-10,Delivered,Debit Card
1613,4388,2024-04-25,Delivered,Credit Card
1614,4529,2024-07-07,Delivered,Credit Card
1615,4772,2024-02-24,Delivered,Credit Card
1616,4563,2025-06-02,Delivered,Debit Card
1617,1340,2025-10-09,Delivered,Credit Card
1618,2789,2025-03-15,Delivered,Debit Card
1619,865,2024-04-06,Delivered,Debit Card
1620,3409,2024-05-06,Delivered,PayPal
1621,2495,2024-01-26,Delivered,Credit Card
1622,4397,2024-12-23,Delivered,PayPal
1623,4506,2025-06-10,Delivered,Debit Card
1624,1590,2024-04-19,Delivered,Debit Card
1625,1579,2025-09-10,Delivered,Wallet
1626,160,2024-07-03,Delivered,Credit Card
1627,2526,2025-01-10,Delivered,PayPal
1628,1924,2025-05-02,Delivered,PayPal
1629,4978,2025-01-29,Delivered,Wallet
1630,4089,2024-12-14,Delivered,Credit Card
1631,2281,2024-09-02,Delivered,Credit Card
1632,2840,2024-11-09,Delivered,Credit Card
1633,3142,2024-06-23,Delivered,PayPal
1634,4516,2024-08-02,Delivered,Credit Card
1635,4978,2025-07-05,Delivered,Credit Card
1636,2092,2025-10-06,Delivered,Wallet
1637,1837,2025-09-11,Delivered,Credit Card
1638,3566,2024-08-29,Delivered,Credit Card
1639,1365,2024-08-22,Delivered,PayPal
1640,703,2024-02-12,Delivered,Credit Card
1641,1414,2024-07-18,Delivered,Debit Card
1642,1582,2025-03-03,Delivered,Credit Card
1643,3086,2024-07-14,Delivered,Debit Card
1644,3679,2025-06-19,Delivered,Credit Card
1645,814,2024-02-06,Delivered,PayPal
1646,225,2024-10-27,Delivered,Credit Card
1647,823,2024-07-24,Delivered,Credit Card
1648,4557,2024-12-26,Delivered,Wallet
1649,1301,2024-01-19,Delivered,PayPal
1650,2642,2024-11-01,Cancelled,Debit Card
1651,2705,2025-07-29,Delivered,Wallet
1652,1391,2025-09-17,Delivered,Credit Card
1653,4221,2024-07-05,Delivered,Debit Card
1654,326,2024-11-09,Delivered,Wallet
1655,2647,2025-05-18,Delivered,Debit Card
1656,2069,2024-12-04,Delivered,Credit Card
1657,3914,2025-01-31,Delivered,PayPal
1658,987,2024-09-06,Delivered,Credit Card
1659,4788,2025-09-03,Delivered,Credit Card
1660,3963,2025-04-05,Delivered,PayPal
1661,3701,2025-12-02,Cancelled,Credit Card
1662,2473,2025-07-23,Delivered,Credit Card
1663,3214,2024-09-25,Delivered,Credit Card
1664,1039,2024-08-27,Delivered,Credit Card
1665,41,2024-03-05,Delivered,Debit Card
1666,3729,2025-03-30,Delivered,PayPal
1667,2243,2025-07-01,Delivered,Debit Card
1668,1763,2024-09-15,Delivered,Debit Card
1669,1341,2024-01-16,Delivered,Credit Card
1670,3103,2025-08-25,Delivered,Credit Card
1671,2563,2024-06-11,Delivered,Wallet
1672,3376,2025-03-01,Delivered,Credit Card
1673,4756,2024-02-08,Cancelled,Credit Card
1674,4178,2024-02-15,Cancelled,Wallet
1675,1603,2025-10-17,Delivered,Credit Card
1676,1210,2025-05-05,Delivered,Debit Card
1677,804,2024-01-04,Delivered,Credit Card
1678,2846,2024-03-14,Delivered,Debit Card
1679,4130,2024-12-25,Delivered,Credit Card
1680,1266,2025-05-11,Delivered,Debit Card
1681,4953,2024-11-05,Delivered,PayPal
1682,2147,2025-09-29,Delivered,Debit Card
1683,3901,2025-04-21,Delivered,Credit Card
1684,1492,2025-03-24,Delivered,Credit Card
1685,692,2024-07-30,Delivered,PayPal
1686,2564,2025-05-12,Delivered,Wallet
1687,2754,2025-09-29,Delivered,Credit Card
1688,2392,2024-02-05,Delivered,Credit Card
1689,2026,2025-06-20,Delivered,Debit Card
1690,3250,2025-10-04,Delivered,PayPal
1691,3168,2024-11-11,Delivered,Wallet
1692,757,2025-07-13,Delivered,Debit Card
1693,3344,2024-09-18,Delivered,Credit Card
1694,1664,2024-05-20,Delivered,PayPal
1695,4036,2025-08-18,Delivered,PayPal
1696,2489,2024-08-15,Cancelled,Credit Card
1697,1201,2025-07-06,Delivered,Debit Card
1698,901,2024-08-18,Delivered,Credit Card
1699,4824,2024-10-18,Delivered,Credit Card
1700,3594,2025-05-15,Delivered,PayPal
1701,1074,2024-09-06,Delivered,Credit Card
1702,2509,2025-08-12,Delivered,PayPal
1703,621,2024-01-29,Delivered,Credit Card
1704,4172,2024-01-09,Delivered,Credit Card
1705,4145,2024-02-29,Delivered,Debit Card
1706,4017,2024-07-06,Delivered,Credit Card
1707,2317,2024-02-09,Delivered,Debit Card
1708,830,2024-10-04,Delivered,Credit Card
1709,2452,2024-01-18,Delivered,PayPal
1710,2553,2025-07-06,Delivered,Wallet
1711,1594,2024-04-21,Delivered,Credit Card
1712,1889,2025-12-10,Cancelled,Credit Card
1713,233,2025-09-17,Delivered,PayPal
1714,2617,2025-05-21,Delivered,Credit Card
1715,969,2025-08-05,Delivered,Credit Card
1716,4205,2025-07-19,Delivered,PayPal
1717,3809,2025-09-09,Delivered,Credit Card
1718,3019,2025-02-09,Delivered,Debit Card
1719,1123,2025-03-31,Delivered,Credit Card
1720,3340,2024-12-08,Delivered,Debit Card
1721,4964,2025-03-31,Delivered,Debit Card
1722,3154,2024-10-05,Delivered,Debit Card
1723,3932,2024-03-31,Delivered,Debit Card
1724,4503,2025-11-10,Delivered,Credit Card
1725,4243,2025-05-25,Delivered,Credit Card
1726,812,2025-05-29,Delivered,PayPal
1727,4367,2024-07-23,Delivered,PayPal
1728,3828,2025-07-16,Delivered,PayPal
1729,3595,2025-01-14,Delivered,Debit Card
1730,1140,2024-02-25,Delivered,Debit Card
1731,2331,2025-11-27,Delivered,Debit Card
1732,4520,2025-12-25,Delivered,Debit Card
1733,4586,2025-09-27,Delivered,Credit Card
1734,577,2024-12-12,Delivered,Credit Card
1735,2133,2024-06-19,Delivered,Credit Card
1736,3031,2024-01-09,Delivered,Credit Card
1737,480,2025-06-21,Delivered,PayPal
1738,1231,2025-10-12,Delivered,Credit Card
1739,2983,2024-03-16,Delivered,PayPal
1740,3281,2025-05-14,Delivered,Wallet
1741,528,2024-01-20,Delivered,Wallet
1742,2118,2025-07-20,Delivered,PayPal
1743,3277,2024-01-21,Delivered,PayPal
1744,4953,2025-12-13,Delivered,Credit Card
1745,4988,2024-05-04,Cancelled,PayPal
1746,1554,2024-10-19,Delivered,Debit Card
1747,3377,2025-05-22,Delivered,Wallet
1748,2764,2025-09-09,Delivered,Debit Card
1749,1053,2024-09-22,Delivered,Credit Card
1750,2538,2025-12-16,Delivered,PayPal
1751,690,2024-01-12,Cancelled,PayPal
1752,601,2024-12-10,Delivered,Credit Card
1753,1782,2025-12-22,Delivered,Debit Card
1754,1308,2024-07-19,Delivered,Debit Card
1755,729,2025-01-24,Delivered,Debit Card
1756,260,2024-11-20,Delivered,Wallet
1757,2849,2024-10-14,Delivered,Debit Card
1758,30,2025-07-14,Delivered,PayPal
1759,3916,2025-01-13,Delivered,Credit Card
1760,364,2025-06-05,Delivered,Credit Card
1761,3291,2025-01-14,Delivered,Credit Card
1762,743,2025-12-29,Delivered,Debit Card
1763,3086,2024-12-09,Delivered,PayPal
1764,714,2025-08-04,Delivered,Debit Card
1765,2179,2025-03-23,Cancelled,Credit Card
1766,3298,2025-08-08,Delivered,Debit Card
1767,864,2025-10-08,Delivered,Wallet
1768,664,2024-06-14,Delivered,Credit Card
1769,3189,2024-08-08,Delivered,Credit Card
1770,3205,2024-08-08,Delivered,Debit Card
1771,2097,2024-12-21,Delivered,Debit Card
1772,613,2024-12-25,Delivered,Credit Card
1773,1528,2024-01-03,Delivered,Credit Card
1774,1088,2025-10-15,Delivered,Debit Card
1775,3297,2025-09-19,Delivered,Credit Card
1776,1503,2025-03-14,Delivered,Credit Card
1777,1893,2024-08-11,Delivered,Credit Card
1778,1307,2025-08-26,Delivered,Credit Card
1779,842,2024-07-17,Delivered,Credit Card
1780,4059,2024-08-11,Delivered,PayPal
1781,2418,2025-12-29,Delivered,Credit Card
1782,2857,2025-11-05,Delivered,Debit Card
1783,1446,2025-03-02,Delivered,Debit Card
1784,438,2024-05-03,Delivered,Credit Card
1785,3668,2024-03-30,Delivered,PayPal
1786,3611,2025-12-04,Delivered,Credit Card
1787,236,2024-07-12,Delivered,Wallet
1788,4432,2025-05-12,Delivered,Debit Card
1789,4265,2024-09-14,Delivered,Credit Card
1790,4244,2024-12-28,Delivered,Wallet
1791,2307,2025-12-20,Cancelled,Credit Card
1792,3470,2025-03-08,Delivered,Credit Card
1793,80,2024-11-10,Delivered,Credit Card
1794,2993,2024-10-30,Delivered,Debit Card
1795,667,2024-06-16,Delivered,PayPal
1796,4547,2025-02-10,Delivered,Debit Card
1797,4728,2025-02-19,Delivered,Wallet
1798,753,2024-03-10,Delivered,Wallet
1799,2686,2024-10-22,Delivered,Credit Card
1800,2962,2025-04-15,Delivered,Wallet
1801,3843,2024-02-10,Delivered,Credit Card
1802,2444,2025-12-13,Delivered,Wallet
1803,4414,2025-09-20,Delivered,Credit Card
1804,1728,2025-04-09,Delivered,Credit Card
1805,1602,2024-01-12,Cancelled,Credit Card
1806,3646,2025-01-13,Cancelled,Credit Card
1807,2735,2025-10-17,Delivered,PayPal
1808,410,2024-01-17,Delivered,Credit Card
1809,3252,2025-08-01,Delivered,Credit Card
1810,1397,2025-09-04,Delivered,Wallet
1811,4208,2024-02-25,Delivered,Debit Card
1812,4183,2024-06-17,Delivered,Debit Card
1813,2101,2025-06-12,Delivered,Wallet
1814,4267,2025-10-27,Delivered,Credit Card
1815,4759,2025-07-16,Delivered,Credit Card
1816,3648,2025-01-18,Delivered,Credit Card
1817,3036,2025-03-15,Delivered,Credit Card
1818,4666,2025-01-18,Delivered,Credit Card
1819,4370,2025-02-25,Cancelled,Debit Card
1820,2391,2025-07-16,Delivered,Credit Card
1821,417,2024-02-06,Delivered,Debit Card
1822,3004,2024-06-01,Delivered,PayPal
1823,2317,2024-02-13,Delivered,Credit Card
1824,1829,2025-08-04,Delivered,Debit Card
1825,896,2025-06-14,Delivered,Credit Card
1826,3583,2024-02-08,Delivered,PayPal
1827,4560,2024-03-18,Delivered,Credit Card
1828,2988,2024-07-12,Delivered,PayPal
1829,1175,2024-06-25,Delivered,Debit Card
1830,7,2025-01-14,Cancelled,Debit Card
1831,3565,2024-12-30,Delivered,Credit Card
1832,789,2024-09-18,Delivered,Credit Card
1833,315,2024-04-29,Delivered,Credit Card
1834,987,2025-04-19,Cancelled,Debit Card
1835,1005,2025-07-30,Delivered,Debit Card
1836,1698,2025-04-12,Delivered,PayPal
1837,1600,2025-08-12,Delivered,Credit Card
1838,988,2025-10-29,Delivered,Wallet
1839,3910,2025-09-06,Delivered,Wallet
1840,4131,2025-04-20,Delivered,Credit Card
1841,1256,2024-02-06,Delivered,Credit Card
1842,1842,2024-09-01,Delivered,Debit Card
1843,4085,2024-11-08,Delivered,Credit Card
1844,4765,2025-06-04,Delivered,Credit Card
1845,3944,2025-09-10,Delivered,Debit Card
1846,2766,2025-04-12,Delivered,Debit Card
1847,4962,2024-09-22,Delivered,Credit Card
1848,3636,2025-07-29,Delivered,Wallet
1849,3386,2025-05-22,Delivered,Credit Card
1850,149,2025-08-05,Delivered,Credit Card
1851,3188,2025-03-06,Delivered,Credit Card
1852,1440,2025-04-17,Delivered,Wallet
1853,3008,2024-09-10,Delivered,PayPal
1854,2866,2024-10-18,Delivered,Credit Card
1855,549,2024-07-20,Cancelled,PayPal
1856,2307,2024-07-06,Delivered,Credit Card
1857,2567,2025-04-21,Delivered,Credit Card
1858,238,2024-10-07,Delivered,Credit Card
1859,4258,2024-04-07,Delivered,PayPal
1860,4688,2024-01-26,Delivered,Credit Card
1861,105,2025-09-19,Delivered,Debit Card
1862,602,2024-11-13,Delivered,Credit Card
1863,634,2025-02-24,Delivered,Wallet
1864,2207,2025-10-22,Delivered,Wallet
1865,3003,2024-03-22,Delivered,Credit Card
1866,1208,2025-11-15,Delivered,Debit Card
1867,4236,2025-05-28,Delivered,Debit Card
1868,1553,2025-04-12,Delivered,Wallet
1869,1537,2024-11-10,Delivered,Debit Card
1870,2941,2025-05-30,Delivered,Credit Card
1871,4358,2024-05-28,Delivered,Credit Card
1872,1245,2024-08-08,Delivered,Debit Card
1873,1688,2025-12-02,Delivered,Debit Card
1874,1694,2024-07-20,Delivered,Credit Card
1875,2328,2025-06-09,Delivered,PayPal
1876,2145,2025-11-10,Delivered,PayPal
1877,4766,2025-03-08,Delivered,Debit Card
1878,733,2024-08-05,Delivered,Debit Card
1879,2088,2025-09-11,Delivered,Debit Card
1880,1269,2025-08-26,Delivered,Debit Card
1881,2998,2025-02-01,Delivered,Credit Card
1882,3906,2024-03-24,Delivered,Credit Card
1883,4678,2024-11-18,Delivered,Credit Card
1884,2189,2024-11-11,Delivered,Wallet
1885,1322,2024-05-18,Delivered,Credit Card
1886,4820,2024-10-20,Delivered,Credit Card
1887,460,2024-04-21,Delivered,Debit Card
1888,657,2025-05-20,Cancelled,PayPal
1889,4791,2024-11-11,Delivered,Debit Card
1890,4433,2025-06-17,Delivered,Credit Card
1891,2800,2024-11-28,Cancelled,Debit Card
1892,1644,2025-06-05,Delivered,Credit Card
1893,4830,2025-06-19,Delivered,Debit Card
1894,4792,2024-04-26,Delivered,Debit Card
1895,4334,2024-11-18,Delivered,Debit Card
1896,3860,2025-07-01,Cancelled,Debit Card
1897,2974,2025-03-09,Delivered,Credit Card
1898,1859,2024-06-10,Delivered,Debit Card
1899,2357,2025-08-30,Delivered,Wallet
1900,2713,2024-05-25,Delivered,Debit Card
1901,2402,2025-12-26,Delivered,PayPal
1902,4307,2025-05-31,Delivered,Debit Card
1903,831,2024-08-23,Delivered,Debit Card
1904,415,2024-05-22,Delivered,Credit Card
1905,2268,2025-10-20,Delivered,Wallet
1906,1035,2025-01-17,Delivered,Credit Card
1907,4109,2025-08-11,Delivered,Credit Card
1908,4242,2025-08-30,Delivered,Credit Card
1909,4944,2024-02-19,Cancelled,Debit Card
1910,1931,2025-05-14,Delivered,Debit Card
1911,4802,2024-08-31,Delivered,Debit Card
1912,507,2025-10-24,Delivered,Credit Card
1913,4811,2024-06-08,Delivered,Debit Card
1914,1231,2024-01-25,Delivered,Credit Card
1915,96,2025-04-30,Delivered,PayPal
1916,4128,2025-02-06,Delivered,Credit Card
1917,2579,2025-02-09,Delivered,Credit Card
1918,2065,2024-07-11,Delivered,Credit Card
1919,1001,2024-12-27,Delivered,Credit Card
1920,2079,2025-12-04,Delivered,PayPal
1921,3077,2025-07-11,Delivered,Wallet
1922,719,2025-12-19,Delivered,Debit Card
1923,4730,2024-08-31,Delivered,Credit Card
1924,3619,2025-09-27,Delivered,Credit Card
1925,4384,2024-10-06,Delivered,Debit Card
1926,223,2025-11-14,Delivered,Debit Card
1927,4333,2025-09-23,Delivered,PayPal
1928,4329,2024-04-30,Delivered,Debit Card
1929,1829,2025-12-10,Delivered,Credit Card
1930,2849,2025-03-19,Delivered,Wallet
1931,2506,2025-07-20,Delivered,Credit Card
1932,4131,2025-02-26,Delivered,Debit Card
1933,1410,2024-06-07,Delivered,Credit Card
1934,4598,2025-12-19,Delivered,Credit Card
1935,2770,2024-03-23,Delivered,Credit Card
1936,1,2025-08-13,Delivered,Debit Card
1937,1517,2024-06-01,Delivered,Credit Card
1938,713,2025-07-27,Delivered,PayPal
1939,4044,2024-11-04,Delivered,Credit Card
1940,2046,2024-06-21,Delivered,Credit Card
1941,2323,2024-06-21,Delivered,Debit Card
1942,1751,2024-08-21,Delivered,Credit Card
1943,3502,2025-10-19,Delivered,Credit Card
1944,4968,2025-07-15,Delivered,Credit Card
1945,4364,2025-05-04,Delivered,Debit Card
1946,4948,2025-04-04,Delivered,Credit Card
1947,1499,2024-10-31,Delivered,Debit Card
1948,3322,2025-10-20,Delivered,Debit Card
1949,3111,2024-07-18,Delivered,PayPal
1950,1513,2025-11-19,Delivered,Credit Card
1951,4230,2024-10-04,Delivered,PayPal
1952,4599,2024-09-06,Delivered,Credit Card
1953,4754,2024-12-13,Delivered,Debit Card
1954,4940,2025-06-30,Delivered,Credit Card
1955,816,2025-06-05,Delivered,Debit Card
1956,737,2025-07-13,Delivered,Credit Card
1957,3408,2024-03-06,Delivered,Credit Card
1958,3629,2024-04-27,Delivered,Credit Card
1959,2177,2025-09-11,Delivered,Credit Card
1960,817,2025-12-17,Delivered,Credit Card
1961,1428,2024-04-03,Delivered,Debit Card
1962,642,2025-10-22,Cancelled,Credit Card
1963,789,2024-07-10,Delivered,Debit Card
1964,940,2025-12-15,Delivered,Credit Card
1965,2927,2025-12-26,Delivered,Credit Card
1966,2567,2025-04-09,Delivered,Credit Card
1967,1671,2024-05-18,Delivered,Debit Card
1968,2715,2025-07-29,Delivered,Debit Card
1969,3340,2024-03-14,Delivered,PayPal
1970,488,2024-08-31,Delivered,Credit Card
1971,1405,2025-04-11,Delivered,Debit Card
1972,1006,2024-02-19,Delivered,Debit Card
1973,3,2024-10-13,Delivered,PayPal
1974,581,2025-08-04,Delivered,PayPal
1975,3837,2024-03-08,Delivered,Credit Card
1976,4378,2024-09-24,Delivered,Wallet
1977,807,2024-01-03,Delivered,Credit Card
1978,3837,2025-04-25,Delivered,Wallet
1979,1263,2024-02-27,Delivered,Credit Card
1980,700,2024-07-24,Delivered,Debit Card
1981,1177,2025-01-16,Delivered,Debit Card
1982,4597,2024-06-05,Delivered,Credit Card
1983,1712,2024-06-17,Delivered,Debit Card
1984,3704,2025-09-01,Delivered,Credit Card
1985,2427,2025-07-21,Delivered,Credit Card
1986,2179,2024-02-28,Delivered,Credit Card
1987,4063,2025-09-17,Cancelled,Wallet
1988,4958,2024-12-07,Cancelled,Wallet
1989,3252,2024-04-15,Delivered,Debit Card
1990,4248,2025-10-23,Delivered,Debit Card
1991,730,2024-09-03,Delivered,Credit Card
1992,4504,2024-08-25,Delivered,Credit Card
1993,919,2024-04-16,Delivered,Wallet
1994,953,2025-10-08,Delivered,PayPal
1995,4236,2024-07-28,Delivered,Debit Card
1996,2415,2025-03-08,Delivered,Credit Card
1997,1250,2024-06-23,Delivered,PayPal
1998,137,2025-10-15,Delivered,Wallet
1999,1094,2025-07-28,Delivered,Wallet
2000,4122,2025-01-02,Delivered,Debit Card
2001,18,2024-09-09,Delivered,Credit Card
2002,4602,2025-04-23,Delivered,Wallet
2003,3871,2024-12-27,Delivered,Debit Card
2004,1024,2025-11-17,Delivered,Credit Card
2005,3693,2025-05-06,Delivered,Credit Card
2006,2593,2024-01-20,Delivered,Debit Card
2007,1739,2025-08-23,Delivered,PayPal
2008,2527,2024-05-20,Delivered,Wallet
2009,37,2024-08-07,Delivered,Wallet
2010,4403,2024-11-14,Delivered,Debit Card
2011,3928,2024-06-01,Delivered,Wallet
2012,898,2025-11-18,Delivered,Credit Card
2013,497,2025-12-15,Delivered,Credit Card
2014,2118,2024-04-23,Delivered,Credit Card
2015,2303,2024-08-21,Delivered,PayPal
2016,3863,2024-09-27,Delivered,Wallet
2017,4201,2025-05-04,Delivered,PayPal
2018,319,2025-03-12,Cancelled,Wallet
2019,1222,2025-05-09,Delivered,Debit Card
2020,2932,2024-01-23,Delivered,PayPal
2021,1899,2025-01-10,Delivered,Credit Card
2022,4954,2024-06-02,Delivered,PayPal
2023,3305,2024-06-15,Delivered,PayPal
2024,1613,2025-07-19,Delivered,Credit Card
2025,3366,2024-04-13,Delivered,Credit Card
2026,2153,2024-01-23,Delivered,Credit Card
2027,2314,2024-12-21,Delivered,PayPal
2028,3574,2025-06-21,Delivered,Debit Card
2029,2169,2025-01-07,Delivered,Credit Card
2030,3483,2024-04-27,Delivered,Wallet
2031,2098,2025-07-18,Delivered,Credit Card
2032,2972,2024-10-05,Delivered,Credit Card
2033,2431,2025-06-02,Delivered,PayPal
2034,2870,2024-05-27,Delivered,Credit Card
2035,1734,2025-10-27,Delivered,Credit Card
2036,600,2024-07-26,Delivered,PayPal
2037,1283,2025-12-09,Delivered,Credit Card
2038,1781,2024-10-02,Delivered,Credit Card
2039,1581,2025-06-15,Delivered,Credit Card
2040,2108,2025-01-01,Delivered,PayPal
2041,2389,2024-02-25,Delivered,Debit Card
2042,1260,2024-03-12,Delivered,PayPal
2043,1911,2024-10-22,Delivered,Debit Card
2044,1412,2024-05-20,Delivered,Credit Card
2045,2928,2025-03-20,Delivered,Credit Card
2046,2381,2024-04-10,Delivered,Credit Card
2047,3156,2025-03-06,Delivered,PayPal
2048,2160,2024-05-29,Delivered,Debit Card
2049,4981,2024-05-12,Cancelled,Debit Card
2050,2424,2024-09-24,Delivered,PayPal
2051,3076,2025-03-01,Delivered,Credit Card
2052,2211,2024-10-18,Delivered,PayPal
2053,3674,2024-09-12,Cancelled,Debit Card
2054,2794,2024-09-05,Delivered,Debit Card
2055,491,2024-09-04,Delivered,Credit Card
2056,3647,2024-10-21,Delivered,Credit Card
2057,3803,2025-08-31,Delivered,PayPal
2058,2013,2025-02-25,Delivered,Credit Card
2059,2545,2024-11-04,Cancelled,PayPal
2060,55,2025-07-01,Delivered,Debit Card
2061,4333,2025-01-19,Delivered,Debit Card
2062,3893,2025-11-23,Delivered,Credit Card
2063,4855,2025-02-14,Delivered,Wallet
2064,2998,2024-06-06,Delivered,Wallet
2065,1152,2025-02-14,Delivered,Credit Card
2066,1450,2025-07-18,Delivered,Debit Card
2067,4644,2024-06-04,Delivered,Wallet
2068,216,2024-05-27,Delivered,Credit Card
2069,3359,2025-03-13,Delivered,Credit Card
2070,341,2025-10-07,Delivered,Wallet
2071,3696,2024-09-01,Delivered,Debit Card
2072,2907,2025-01-04,Delivered,Wallet
2073,2362,2025-04-23,Delivered,Credit Card
2074,3503,2025-04-29,Delivered,Debit Card
2075,1774,2024-04-16,Delivered,Debit Card
2076,2867,2024-10-15,Delivered,Debit Card
2077,4001,2025-12-26,Delivered,Wallet
2078,2292,2025-10-10,Delivered,Debit Card
2079,110,2025-07-17,Delivered,Wallet
2080,4970,2024-01-18,Delivered,Credit Card
2081,2703,2024-10-31,Cancelled,Wallet
2082,2149,2024-02-07,Delivered,Debit Card
2083,370,2024-08-07,Delivered,Credit Card
2084,453,2025-09-23,Delivered,Credit Card
2085,1274,2024-10-10,Delivered,Credit Card
2086,4617,2024-05-02,Delivered,Credit Card
2087,3626,2025-06-10,Delivered,Wallet
2088,2067,2025-07-08,Delivered,Wallet
2089,3774,2025-04-23,Delivered,Credit Card
2090,1960,2025-08-13,Delivered,Credit Card
2091,4446,2025-05-27,Delivered,Credit Card
2092,1636,2025-04-08,Delivered,PayPal
2093,3578,2025-10-10,Delivered,Debit Card
2094,2183,2024-08-24,Delivered,Debit Card
2095,3374,2024-11-29,Delivered,Debit Card
2096,933,2025-02-15,Delivered,Wallet
2097,4726,2025-05-03,Delivered,Credit Card
2098,1432,2024-12-13,Delivered,Credit Card
2099,2688,2024-11-18,Cancelled,Debit Card
2100,3437,2024-04-30,Delivered,Wallet
2101,3270,2025-04-10,Delivered,Debit Card
2102,2774,2024-03-31,Delivered,PayPal
2103,4341,2024-12-12,Delivered,PayPal
2104,4849,2024-10-25,Delivered,Credit Card
2105,3819,2025-07-20,Delivered,Debit Card
2106,923,2024-12-13,Delivered,PayPal
2107,3850,2024-01-04,Delivered,Credit Card
2108,2517,2025-01-04,Delivered,Debit Card
2109,2684,2024-06-06,Delivered,Credit Card
2110,4708,2024-10-04,Delivered,PayPal
2111,2640,2024-08-04,Delivered,Credit Card
2112,4254,2024-05-01,Delivered,Credit Card
2113,3244,2025-11-21,Delivered,Debit Card
2114,437,2024-07-04,Delivered,Debit Card
2115,3503,2025-01-05,Delivered,Credit Card
2116,2475,2025-08-27,Delivered,Credit Card
2117,2731,2024-09-22,Delivered,PayPal
2118,1514,2025-11-15,Delivered,Wallet
2119,928,2024-10-22,Delivered,Debit Card
2120,3720,2025-11-22,Delivered,Credit Card
2121,1243,2024-11-25,Delivered,PayPal
2122,466,2024-01-11,Cancelled,Debit Card
2123,2466,2025-09-25,Delivered,Credit Card
2124,3559,2025-09-22,Delivered,Credit Card
2125,1021,2025-12-03,Delivered,Credit Card
2126,1810,2024-03-31,Delivered,Credit Card
2127,2118,2025-09-08,Delivered,Debit Card
2128,4618,2024-09-06,Delivered,Credit Card
2129,736,2025-09-06,Delivered,Debit Card
2130,4591,2025-12-04,Delivered,Debit Card
2131,732,2024-05-25,Delivered,Debit Card
2132,2891,2024-09-27,Delivered,Debit Card
2133,4217,2024-07-15,Delivered,Debit Card
2134,4522,2024-08-10,Delivered,Credit Card
2135,2712,2025-03-11,Delivered,Credit Card
2136,2466,2024-10-28,Delivered,Debit Card
2137,3903,2025-04-23,Delivered,Credit Card
2138,4548,2025-05-07,Delivered,Credit Card
2139,58,2024-05-27,Delivered,Credit Card
2140,1311,2024-02-02,Delivered,Credit Card
2141,1429,2025-06-28,Delivered,Credit Card
2142,4167,2024-05-12,Delivered,Debit Card
2143,89,2024-05-25,Delivered,Debit Card
2144,628,2025-03-14,Delivered,Debit Card
2145,17,2024-07-10,Delivered,Credit Card
2146,4765,2024-05-18,Delivered,PayPal
2147,161,2024-08-11,Delivered,Credit Card
2148,1328,2025-01-16,Delivered,Debit Card
2149,2608,2025-09-09,Delivered,Debit Card
2150,1744,2025-12-22,Delivered,Debit Card
2151,455,2025-06-18,Delivered,PayPal
2152,2065,2025-10-18,Delivered,Credit Card
2153,3992,2025-01-22,Delivered,Credit Card
2154,1445,2024-10-25,Delivered,Credit Card
2155,2581,2025-08-21,Delivered,Wallet
2156,2349,2024-08-08,Delivered,Wallet
2157,1227,2025-08-16,Delivered,Debit Card
2158,13,2025-12-29,Delivered,Credit Card
2159,4194,2024-10-11,Delivered,Credit Card
2160,4969,2025-04-07,Cancelled,PayPal
2161,2549,2025-07-24,Delivered,Credit Card
2162,4152,2025-07-25,Delivered,Credit Card
2163,1754,2024-05-30,Delivered,PayPal
2164,4716,2025-12-03,Delivered,Credit Card
2165,2840,2025-01-02,Delivered,PayPal
2166,4001,2024-01-31,Delivered,PayPal
2167,3364,2024-03-27,Cancelled,PayPal
2168,4619,2025-06-15,Delivered,Debit Card
2169,2795,2024-11-07,Delivered,Credit Card
2170,4237,2024-03-19,Delivered,Debit Card
2171,4664,2025-01-14,Delivered,PayPal
2172,3801,2025-03-13,Cancelled,PayPal
2173,1770,2024-02-28,Delivered,PayPal
2174,456,2024-09-12,Cancelled,Wallet
2175,2050,2024-12-03,Delivered,Debit Card
2176,3463,2025-07-23,Delivered,Wallet
2177,4295,2025-04-20,Cancelled,Credit Card
2178,3845,2024-03-04,Delivered,Wallet
2179,3188,2025-03-24,Delivered,Wallet
2180,2682,2025-10-20,Delivered,Credit Card
2181,4832,2024-02-09,Delivered,Debit Card
2182,1220,2025-12-21,Delivered,Debit Card
2183,3961,2024-03-10,Delivered,PayPal
2184,2757,2025-03-30,Delivered,Credit Card
2185,2565,2024-09-13,Delivered,Debit Card
2186,1997,2025-06-17,Delivered,Debit Card
2187,3174,2025-09-07,Delivered,Credit Card
2188,5000,2025-09-13,Delivered,Wallet
2189,2031,2025-09-26,Delivered,Debit Card
2190,565,2025-08-18,Delivered,Credit Card
2191,639,2024-08-14,Delivered,PayPal
2192,885,2024-12-05,Delivered,Credit Card
2193,2036,2025-06-08,Delivered,Credit Card
2194,21,2024-05-02,Delivered,Credit Card
2195,1408,2025-02-25,Delivered,Wallet
2196,3476,2025-01-22,Delivered,PayPal
2197,3391,2025-12-18,Delivered,Debit Card
2198,3345,2024-02-06,Delivered,Credit Card
2199,3346,2024-03-10,Delivered,Debit Card
2200,380,2024-01-22,Delivered,Debit Card
2201,4687,2025-02-03,Delivered,Debit Card
2202,1489,2025-02-06,Delivered,Credit Card
2203,398,2025-03-08,Delivered,Credit Card
2204,4059,2024-06-25,Delivered,Wallet
2205,2338,2024-08-12,Delivered,Debit Card
2206,1733,2024-10-31,Delivered,Credit Card
2207,1994,2024-02-04,Delivered,Wallet
2208,2916,2025-07-03,Delivered,Credit Card
2209,2638,2024-02-08,Delivered,PayPal
2210,69,2025-05-01,Delivered,Credit Card
2211,598,2024-11-27,Delivered,Wallet
2212,4737,2025-12-30,Delivered,Credit Card
2213,2458,2025-05-20,Delivered,Wallet
2214,4943,2024-12-13,Delivered,PayPal
2215,3286,2025-05-26,Delivered,Credit Card
2216,3688,2024-03-26,Delivered,Credit Card
2217,1569,2024-05-12,Delivered,PayPal
2218,4190,2024-12-30,Delivered,Credit Card
2219,3253,2025-09-18,Delivered,Credit Card
2220,3759,2025-08-21,Delivered,Debit Card
2221,1329,2024-10-02,Delivered,Credit Card
2222,2934,2024-07-26,Delivered,Debit Card
2223,1847,2025-12-04,Delivered,Debit Card
2224,4545,2025-02-16,Delivered,Credit Card
2225,4537,2024-03-27,Delivered,Credit Card
2226,1765,2024-06-13,Delivered,Credit Card
2227,126,2025-09-02,Cancelled,Wallet
2228,1248,2025-10-17,Delivered,Credit Card
2229,1365,2025-10-25,Delivered,Debit Card
2230,97,2024-01-06,Delivered,Debit Card
2231,4679,2025-08-23,Delivered,PayPal
2232,2331,2024-03-22,Delivered,Credit Card
2233,736,2025-08-13,Delivered,Credit Card
2234,3049,2025-10-05,Delivered,Debit Card
2235,1988,2024-09-20,Delivered,Debit Card
2236,874,2024-05-21,Cancelled,PayPal
2237,2271,2025-06-04,Delivered,Credit Card
2238,2994,2024-02-19,Delivered,PayPal
2239,3264,2025-02-26,Delivered,Credit Card
2240,1126,2024-08-30,Delivered,Debit Card
2241,3059,2024-11-05,Delivered,Debit Card
2242,3964,2025-08-25,Delivered,Credit Card
2243,3134,2025-12-25,Delivered,Wallet
2244,4758,2024-10-20,Delivered,Debit Card
2245,4703,2024-07-31,Delivered,Credit Card
2246,2477,2025-09-01,Delivered,Credit Card
2247,1964,2024-10-28,Delivered,PayPal
2248,2287,2024-05-25,Delivered,PayPal
2249,2450,2025-10-21,Delivered,Credit Card
2250,867,2025-12-24,Delivered,Credit Card
2251,4820,2024-07-29,Delivered,Debit Card
2252,2842,2024-04-25,Delivered,Credit Card
2253,641,2024-04-21,Delivered,Credit Card
2254,4515,2025-03-12,Delivered,Credit Card
2255,4742,2024-08-14,Delivered,Debit Card
2256,2806,2025-03-30,Delivered,Credit Card
2257,4742,2025-07-08,Delivered,Credit Card
2258,4854,2024-01-05,Delivered,Credit Card
2259,4768,2025-09-19,Delivered,Credit Card
2260,4820,2024-01-22,Delivered,Wallet
2261,336,2024-03-24,Delivered,Credit Card
2262,155,2025-06-13,Delivered,Credit Card
2263,2888,2025-03-29,Delivered,PayPal
2264,3741,2025-12-15,Delivered,Wallet
2265,4191,2025-02-18,Delivered,PayPal
2266,3209,2024-10-31,Delivered,Credit Card
2267,1569,2025-05-03,Delivered,Debit Card
2268,4665,2025-07-10,Delivered,Debit Card
2269,2953,2025-05-04,Delivered,PayPal
2270,3408,2024-09-27,Delivered,Credit Card
2271,1283,2025-12-01,Delivered,Credit Card
2272,3794,2024-08-08,Delivered,Credit Card
2273,649,2024-09-09,Delivered,Debit Card
2274,4353,2024-07-21,Delivered,Credit Card
2275,4262,2024-08-06,Delivered,Debit Card
2276,3414,2024-06-04,Delivered,Debit Card
2277,4907,2025-02-28,Cancelled,PayPal
2278,4551,2025-06-15,Delivered,Wallet
2279,349,2024-11-09,Delivered,Debit Card
2280,1105,2025-11-04,Delivered,Credit Card
2281,607,2024-12-11,Delivered,PayPal
2282,1604,2024-12-06,Delivered,Credit Card
2283,2944,2024-02-20,Delivered,Credit Card
2284,719,2025-10-21,Delivered,Credit Card
2285,432,2024-04-18,Delivered,Debit Card
2286,3222,2024-04-30,Delivered,Credit Card
2287,3156,2025-11-13,Delivered,Credit Card
2288,1832,2025-01-14,Delivered,Credit Card
2289,3598,2024-02-19,Delivered,Debit Card
2290,2960,2024-11-18,Delivered,Debit Card
2291,2074,2025-03-06,Cancelled,Debit Card
2292,342,2024-01-08,Delivered,Credit Card
2293,3782,2025-07-04,Delivered,PayPal
2294,3124,2025-05-03,Delivered,Credit Card
2295,569,2024-01-09,Delivered,Credit Card
2296,940,2025-03-27,Delivered,Debit Card
2297,1507,2024-06-11,Delivered,Debit Card
2298,896,2025-06-20,Delivered,PayPal
2299,4039,2024-10-02,Delivered,Credit Card
2300,4668,2024-05-27,Delivered,PayPal
2301,442,2025-01-04,Delivered,Debit Card
2302,1197,2024-11-19,Delivered,Wallet
2303,1426,2024-09-06,Delivered,Debit Card
2304,4959,2025-10-03,Delivered,Debit Card
2305,3106,2025-04-18,Cancelled,Credit Card
2306,4771,2024-12-21,Delivered,Debit Card
2307,1237,2024-06-14,Delivered,Debit Card
2308,339,2025-02-19,Delivered,PayPal
2309,2405,2024-01-19,Delivered,PayPal
2310,4086,2025-10-07,Delivered,Debit Card
2311,4186,2024-01-02,Delivered,PayPal
2312,2362,2025-05-25,Delivered,PayPal
2313,1349,2024-09-09,Delivered,Wallet
2314,236,2025-06-08,Delivered,Credit Card
2315,2180,2024-09-21,Delivered,Credit Card
2316,2680,2024-01-20,Delivered,Wallet
2317,92,2025-11-23,Delivered,Debit Card
2318,4674,2025-07-13,Cancelled,Debit Card
2319,3542,2024-02-02,Delivered,Credit Card
2320,1635,2024-01-24,Delivered,Credit Card
2321,1776,2025-01-21,Delivered,Credit Card
2322,1786,2025-11-29,Delivered,Credit Card
2323,4301,2025-02-25,Delivered,Debit Card
2324,3619,2024-01-08,Delivered,Debit Card
2325,443,2025-05-25,Delivered,Debit Card
2326,1532,2024-11-08,Delivered,Credit Card
2327,3912,2025-04-11,Delivered,Credit Card
2328,1783,2024-09-12,Delivered,Debit Card
2329,4069,2024-01-06,Delivered,Credit Card
2330,2537,2024-01-14,Delivered,PayPal
2331,3881,2025-04-06,Delivered,Credit Card
2332,2639,2025-04-08,Delivered,Credit Card
2333,3672,2024-08-23,Delivered,Debit Card
2334,2158,2024-03-01,Delivered,Debit Card
2335,1189,2025-07-18,Delivered,Credit Card
2336,4411,2024-04-20,Delivered,PayPal
2337,2084,2024-05-17,Delivered,Credit Card
2338,47,2024-11-26,Delivered,Credit Card
2339,1930,2025-06-06,Delivered,Credit Card
2340,2055,2025-12-27,Delivered,Debit Card
2341,1206,2025-04-01,Delivered,Debit Card
2342,4389,2025-12-02,Delivered,PayPal
2343,2459,2025-04-21,Delivered,Debit Card
2344,1852,2025-09-10,Cancelled,Credit Card
2345,3488,2024-05-08,Delivered,Debit Card
2346,3200,2024-02-11,Delivered,Debit Card
2347,2394,2025-05-03,Delivered,Debit Card
2348,4875,2025-12-12,Delivered,Credit Card
2349,4873,2025-06-21,Delivered,Credit Card
2350,2381,2024-09-07,Delivered,Debit Card
2351,3544,2024-12-23,Delivered,Debit Card
2352,261,2024-03-22,Delivered,PayPal
2353,2214,2024-09-05,Delivered,PayPal
2354,2209,2025-05-13,Delivered,Debit Card
2355,2020,2024-05-01,Delivered,Credit Card
2356,4205,2024-12-17,Delivered,Credit Card
2357,2919,2024-07-30,Delivered,Credit Card
2358,2357,2024-12-24,Delivered,Credit Card
2359,2159,2025-07-11,Delivered,Credit Card
2360,3094,2025-10-07,Delivered,Debit Card
2361,1110,2024-10-25,Delivered,Credit Card
2362,1230,2025-08-26,Delivered,Credit Card
2363,2606,2025-05-27,Delivered,Credit Card
2364,1596,2025-11-03,Delivered,PayPal
2365,3364,2025-06-24,Delivered,Credit Card
2366,4508,2025-02-06,Delivered,Wallet
2367,1793,2025-05-07,Delivered,PayPal
2368,2889,2024-08-19,Delivered,PayPal
2369,1417,2025-05-06,Delivered,Debit Card
2370,3968,2025-06-01,Delivered,PayPal
2371,1087,2025-03-21,Delivered,Credit Card
2372,2611,2024-03-16,Delivered,Debit Card
2373,1815,2025-01-13,Delivered,Credit Card
2374,3825,2025-06-02,Delivered,Credit Card
2375,1222,2024-05-24,Delivered,Wallet
2376,1006,2025-07-28,Delivered,Debit Card
2377,3816,2025-09-07,Delivered,Credit Card
2378,2785,2025-01-28,Delivered,Credit Card
2379,3194,2025-12-04,Delivered,Debit Card
2380,3971,2025-09-18,Cancelled,PayPal
2381,1435,2024-12-06,Cancelled,PayPal
2382,1207,2025-10-07,Delivered,Credit Card
2383,4960,2025-11-12,Delivered,Credit Card
2384,558,2024-03-19,Delivered,Credit Card
2385,3229,2025-12-29,Delivered,Debit Card
2386,1945,2024-01-04,Delivered,Debit Card
2387,713,2024-12-20,Delivered,PayPal
2388,4767,2025-11-15,Delivered,Debit Card
2389,4147,2025-06-12,Delivered,Credit Card
2390,1111,2024-07-13,Delivered,Credit Card
2391,3769,2025-04-14,Delivered,Credit Card
2392,3839,2024-06-05,Delivered,Debit Card
2393,2501,2024-06-22,Delivered,Debit Card
2394,4781,2025-10-27,Delivered,Wallet
2395,1168,2024-02-04,Delivered,Credit Card
2396,364,2025-12-03,Delivered,Wallet
2397,4055,2024-11-26,Delivered,Credit Card
2398,1788,2024-02-17,Delivered,Credit Card
2399,623,2025-07-28,Delivered,Credit Card
2400,4844,2024-02-05,Delivered,Credit Card
2401,2091,2024-08-25,Delivered,Credit Card
2402,4328,2024-06-24,Delivered,Credit Card
2403,4087,2025-07-26,Delivered,Debit Card
2404,1518,2024-10-16,Delivered,PayPal
2405,4008,2025-04-23,Delivered,PayPal
2406,2348,2024-02-22,Delivered,PayPal
2407,3150,2025-05-22,Delivered,PayPal
2408,1433,2025-06-02,Delivered,Wallet
2409,39,2024-07-27,Delivered,Credit Card
2410,953,2025-10-05,Delivered,Wallet
2411,1666,2024-12-09,Delivered,Credit Card
2412,2736,2025-05-02,Delivered,Debit Card
2413,4266,2024-05-12,Cancelled,Debit Card
2414,885,2025-11-11,Delivered,Credit Card
2415,3607,2024-06-29,Delivered,Credit Card
2416,3747,2025-04-02,Delivered,Credit Card
2417,4053,2024-03-06,Delivered,PayPal
2418,4074,2024-02-02,Delivered,PayPal
2419,315,2024-04-02,Delivered,Credit Card
2420,1089,2025-11-19,Delivered,Credit Card
2421,4704,2024-06-02,Delivered,Debit Card
2422,3162,2025-10-04,Delivered,Credit Card
2423,1146,2025-02-27,Delivered,Credit Card
2424,4981,2024-03-05,Delivered,Credit Card
2425,1662,2024-11-18,Delivered,Debit Card
2426,1443,2024-12-15,Delivered,Credit Card
2427,4203,2024-07-13,Delivered,Credit Card
2428,4803,2025-03-17,Delivered,Credit Card
2429,2032,2025-09-20,Delivered,Debit Card
2430,3228,2025-10-07,Delivered,Credit Card
2431,3216,2025-01-18,Delivered,Debit Card
2432,1130,2025-10-14,Delivered,PayPal
2433,2762,2025-11-04,Delivered,Credit Card
2434,279,2024-03-05,Delivered,Credit Card
2435,4331,2025-04-08,Delivered,Credit Card
2436,4141,2025-07-18,Delivered,Wallet
2437,781,2024-01-12,Delivered,Debit Card
2438,3044,2025-03-16,Delivered,PayPal
2439,489,2025-10-28,Delivered,PayPal
2440,439,2024-07-14,Delivered,Wallet
2441,3162,2025-09-17,Delivered,PayPal
2442,3985,2025-11-12,Cancelled,Credit Card
2443,4224,2025-04-08,Delivered,Debit Card
2444,1659,2025-04-04,Delivered,Wallet
2445,4616,2025-01-25,Delivered,Debit Card
2446,2699,2024-10-25,Delivered,PayPal
2447,2000,2024-11-26,Delivered,Wallet
2448,1725,2025-01-16,Delivered,Debit Card
2449,3675,2024-12-17,Delivered,Debit Card
2450,1853,2025-08-26,Cancelled,Debit Card
2451,1954,2025-07-15,Cancelled,Credit Card
2452,1940,2024-09-10,Cancelled,Credit Card
2453,1595,2025-01-09,Delivered,Debit Card
2454,1988,2024-06-06,Delivered,Wallet
2455,122,2024-05-08,Delivered,Wallet
2456,4373,2024-09-26,Delivered,Credit Card
2457,1251,2024-02-12,Delivered,PayPal
2458,2237,2025-09-15,Delivered,Credit Card
2459,851,2024-04-02,Delivered,Debit Card
2460,2683,2024-08-26,Delivered,Wallet
2461,1344,2024-07-02,Delivered,Wallet
2462,849,2024-05-30,Delivered,Debit Card
2463,1444,2024-09-25,Delivered,Debit Card
2464,4524,2025-06-09,Delivered,Credit Card
2465,4295,2025-10-13,Delivered,PayPal
2466,3950,2024-05-17,Delivered,Credit Card
2467,1017,2024-06-23,Delivered,Credit Card
2468,3250,2024-12-08,Delivered,PayPal
2469,4097,2024-08-21,Delivered,Credit Card
2470,3250,2025-08-06,Delivered,Debit Card
2471,4297,2024-06-11,Delivered,Credit Card
2472,1006,2024-10-20,Delivered,Credit Card
2473,2319,2025-02-02,Delivered,Credit Card
2474,1653,2024-10-05,Delivered,Credit Card
2475,3623,2025-03-26,Delivered,Credit Card
2476,640,2025-08-06,Delivered,Debit Card
2477,1594,2025-01-23,Delivered,Debit Card
2478,3513,2024-11-29,Delivered,Credit Card
2479,89,2025-11-25,Delivered,PayPal
2480,1279,2025-12-17,Delivered,PayPal
2481,3549,2025-12-27,Delivered,Debit Card
2482,1198,2024-01-13,Delivered,Debit Card
2483,3033,2025-09-03,Delivered,Debit Card
2484,2003,2025-10-18,Delivered,Credit Card
2485,2307,2025-08-10,Delivered,Credit Card
2486,1791,2025-07-01,Delivered,Credit Card
2487,4494,2024-09-24,Delivered,PayPal
2488,3605,2025-06-13,Delivered,Credit Card
2489,3637,2025-02-27,Delivered,Wallet
2490,3958,2025-08-29,Delivered,Credit Card
2491,2128,2024-09-13,Delivered,Credit Card
2492,517,2025-06-26,Delivered,Credit Card
2493,267,2025-07-26,Delivered,PayPal
2494,2411,2025-08-31,Delivered,Debit Card
2495,4381,2024-05-05,Delivered,Debit Card
2496,2415,2025-09-22,Delivered,Debit Card
2497,4924,2024-06-07,Delivered,Credit Card
2498,2618,2025-11-15,Delivered,PayPal
2499,3173,2024-01-29,Delivered,PayPal
2500,389,2024-06-12,Delivered,Debit Card
2501,3842,2025-03-20,Cancelled,Credit Card
2502,4446,2025-01-31,Delivered,PayPal
2503,2531,2025-05-17,Delivered,Debit Card
2504,4523,2024-10-21,Delivered,Wallet
2505,1184,2024-01-03,Delivered,Credit Card
2506,2447,2025-03-26,Delivered,Wallet
2507,4561,2025-01-07,Delivered,PayPal
2508,3019,2025-01-06,Delivered,Credit Card
2509,3442,2024-10-02,Delivered,Debit Card
2510,2017,2025-10-12,Delivered,Credit Card
2511,2743,2025-08-01,Delivered,Credit Card
2512,1858,2024-05-12,Delivered,Debit Card
2513,3411,2024-01-29,Delivered,Credit Card
2514,279,2024-05-12,Delivered,Credit Card
2515,2560,2024-02-05,Delivered,Debit Card
2516,4650,2025-06-01,Delivered,Wallet
2517,292,2025-03-28,Delivered,Credit Card
2518,2256,2024-12-03,Delivered,Credit Card
2519,3303,2025-03-07,Delivered,Credit Card
2520,423,2025-08-13,Cancelled,Credit Card
2521,27,2025-08-29,Delivered,Wallet
2522,826,2024-11-13,Delivered,Debit Card
2523,1102,2025-03-08,Delivered,Debit Card
2524,4394,2025-02-25,Delivered,Credit Card
2525,780,2025-11-24,Delivered,Wallet
2526,3203,2025-07-09,Delivered,Debit Card
2527,1701,2024-08-17,Delivered,Wallet
2528,2678,2025-10-09,Delivered,Debit Card
2529,4542,2024-10-17,Delivered,Wallet
2530,4292,2025-07-07,Delivered,Debit Card
2531,399,2025-12-14,Delivered,PayPal
2532,446,2025-08-13,Delivered,Credit Card
2533,1788,2024-03-19,Cancelled,Debit Card
2534,4044,2024-05-30,Delivered,Debit Card
2535,3798,2025-08-04,Delivered,Debit Card
2536,3093,2024-03-31,Delivered,Debit Card
2537,4316,2024-01-09,Delivered,Credit Card
2538,912,2024-07-07,Delivered,Wallet
2539,3681,2024-12-21,Delivered,Debit Card
2540,4847,2024-04-03,Delivered,Credit Card
2541,4827,2024-04-21,Delivered,Debit Card
2542,3557,2024-09-04,Delivered,PayPal
2543,3480,2025-03-13,Delivered,Credit Card
2544,1119,2025-02-01,Delivered,Credit Card
2545,3725,2025-08-05,Delivered,Debit Card
2546,1237,2025-12-16,Delivered,PayPal
2547,2111,2024-01-25,Delivered,Credit Card
2548,585,2025-05-17,Delivered,Credit Card
2549,1511,2024-04-29,Delivered,PayPal
2550,380,2024-09-20,Delivered,Credit Card
2551,2310,2024-09-07,Delivered,PayPal
2552,362,2025-05-26,Delivered,PayPal
2553,3840,2024-07-05,Delivered,PayPal
2554,3279,2025-10-15,Delivered,Credit Card
2555,3252,2024-10-06,Delivered,Credit Card
2556,3517,2025-08-18,Delivered,Debit Card
2557,3860,2025-11-25,Delivered,Credit Card
2558,3379,2025-01-07,Delivered,Credit Card
2559,3138,2024-03-14,Delivered,Credit Card
2560,914,2025-05-27,Delivered,Debit Card
2561,3666,2024-11-04,Delivered,Credit Card
2562,2436,2024-09-03,Delivered,Credit Card
2563,779,2024-11-29,Delivered,Credit Card
2564,2404,2024-08-06,Delivered,Debit Card
2565,1619,2024-07-23,Cancelled,Credit Card
2566,995,2025-12-23,Delivered,Debit Card
2567,2806,2024-07-22,Delivered,PayPal
2568,4474,2024-11-30,Delivered,Debit Card
2569,83,2025-06-05,Cancelled,Wallet
2570,675,2024-06-10,Delivered,Wallet
2571,4562,2025-03-27,Delivered,Credit Card
2572,3455,2025-10-15,Delivered,Credit Card
2573,1198,2025-08-16,Cancelled,PayPal
2574,1846,2024-01-21,Delivered,PayPal
2575,443,2024-10-22,Delivered,Credit Card
2576,4218,2024-01-01,Delivered,Wallet
2577,3322,2025-03-18,Delivered,PayPal
2578,1161,2024-08-25,Delivered,PayPal
2579,969,2025-10-14,Delivered,Credit Card
2580,3456,2024-05-08,Delivered,Debit Card
2581,2810,2025-09-13,Delivered,Credit Card
2582,3746,2024-09-06,Delivered,Credit Card
2583,1245,2025-11-02,Delivered,Credit Card
2584,4973,2024-05-25,Delivered,Credit Card
2585,830,2024-07-15,Delivered,PayPal
2586,892,2024-09-13,Delivered,Debit Card
2587,3675,2025-12-20,Delivered,Debit Card
2588,2825,2025-06-19,Cancelled,Credit Card
2589,1942,2025-08-18,Delivered,Wallet
2590,3682,2025-02-07,Delivered,Wallet
2591,2873,2025-08-03,Cancelled,Debit Card
2592,2015,2025-04-02,Delivered,Credit Card
2593,1081,2025-05-02,Delivered,Credit Card
2594,3587,2025-09-03,Delivered,Debit Card
2595,2763,2025-12-18,Delivered,PayPal
2596,4472,2025-02-24,Delivered,Wallet
2597,2107,2024-11-18,Cancelled,Credit Card
2598,1328,2025-04-21,Delivered,Credit Card
2599,257,2025-06-25,Delivered,Credit Card
2600,1355,2025-12-21,Delivered,Credit Card
2601,3634,2025-05-25,Delivered,Debit Card
2602,1435,2025-11-27,Delivered,Debit Card
2603,2762,2025-06-18,Delivered,PayPal
2604,1075,2025-11-25,Delivered,Credit Card
2605,4637,2025-07-02,Delivered,Credit Card
2606,4510,2025-10-08,Delivered,Debit Card
2607,4040,2024-05-19,Delivered,PayPal
2608,3667,2025-12-25,Delivered,PayPal
2609,2856,2024-09-11,Delivered,PayPal
2610,42,2025-08-05,Delivered,Debit Card
2611,216,2024-10-13,Delivered,Credit Card
2612,2218,2024-11-30,Delivered,PayPal
2613,3760,2025-06-30,Cancelled,Wallet
2614,651,2025-01-29,Delivered,Credit Card
2615,2746,2025-06-06,Delivered,Credit Card
2616,4773,2024-02-27,Delivered,Credit Card
2617,4176,2025-08-31,Delivered,Debit Card
2618,2759,2024-10-25,Delivered,Debit Card
2619,2889,2025-07-29,Delivered,Credit Card
2620,313,2024-07-27,Delivered,Credit Card
2621,11,2025-03-11,Delivered,Debit Card
2622,1580,2025-03-05,Delivered,Credit Card
2623,4075,2024-04-12,Delivered,Credit Card
2624,30,2024-12-12,Delivered,Debit Card
2625,3997,2025-04-08,Delivered,Credit Card
2626,1288,2025-09-02,Delivered,Credit Card
2627,498,2025-10-09,Delivered,Credit Card
2628,480,2024-10-07,Delivered,Credit Card
2629,3420,2025-04-14,Delivered,Credit Card
2630,225,2024-05-07,Delivered,Credit Card
2631,2631,2025-10-15,Delivered,Credit Card
2632,4675,2025-09-25,Delivered,PayPal
2633,2950,2025-12-30,Delivered,PayPal
2634,1672,2024-12-20,Delivered,Credit Card
2635,4447,2024-09-19,Delivered,Debit Card
2636,365,2025-07-07,Delivered,Credit Card
2637,1248,2025-06-12,Delivered,PayPal
2638,858,2024-06-03,Delivered,Credit Card
2639,66,2025-01-29,Delivered,Credit Card
2640,4773,2025-04-14,Delivered,Credit Card
2641,1043,2024-11-28,Delivered,Credit Card
2642,367,2024-09-27,Delivered,Credit Card
2643,4576,2024-06-24,Delivered,Credit Card
2644,4811,2024-10-27,Delivered,Debit Card
2645,1058,2024-06-28,Cancelled,Credit Card
2646,2010,2024-08-07,Delivered,Credit Card
2647,3373,2024-05-15,Delivered,PayPal
2648,2137,2024-10-01,Delivered,Credit Card
2649,3949,2025-04-05,Delivered,Credit Card
2650,1244,2024-10-02,Delivered,Debit Card
2651,4067,2024-04-13,Delivered,Credit Card
2652,2793,2025-08-07,Delivered,PayPal
2653,53,2024-11-10,Delivered,Credit Card
2654,3104,2025-03-02,Delivered,Credit Card
2655,48,2025-01-17,Delivered,PayPal
2656,4231,2025-01-04,Delivered,PayPal
2657,4946,2024-11-15,Delivered,PayPal
2658,772,2025-07-05,Delivered,Credit Card
2659,2638,2025-09-16,Delivered,Debit Card
2660,1684,2025-10-21,Delivered,Wallet
2661,319,2024-11-19,Delivered,Debit Card
2662,3389,2024-09-05,Delivered,Wallet
2663,135,2024-03-01,Delivered,Debit Card
2664,121,2024-11-19,Delivered,PayPal
2665,4054,2025-12-25,Delivered,Credit Card
2666,1411,2024-07-08,Delivered,Wallet
2667,4525,2025-09-08,Delivered,PayPal
2668,2972,2025-07-06,Delivered,PayPal
2669,2623,2025-04-26,Delivered,Wallet
2670,2047,2025-02-16,Delivered,PayPal
2671,1859,2025-07-06,Delivered,Debit Card
2672,1125,2024-03-12,Delivered,Debit Card
2673,3512,2024-04-03,Delivered,PayPal
2674,3031,2024-05-22,Delivered,PayPal
2675,112,2025-07-13,Delivered,Debit Card
2676,1618,2024-11-11,Delivered,Debit Card
2677,4495,2024-05-31,Delivered,PayPal
2678,2463,2024-02-02,Delivered,Credit Card
2679,1281,2024-12-22,Delivered,Debit Card
2680,1148,2024-10-18,Delivered,Debit Card
2681,955,2024-05-09,Delivered,PayPal
2682,4306,2024-01-18,Delivered,Credit Card
2683,1554,2025-07-04,Cancelled,Debit Card
2684,1489,2025-07-22,Delivered,Credit Card
2685,319,2024-06-28,Delivered,Debit Card
2686,4448,2024-12-26,Delivered,PayPal
2687,1948,2024-07-03,Delivered,Debit Card
2688,3525,2024-10-25,Delivered,Debit Card
2689,3574,2024-03-20,Delivered,Credit Card
2690,1751,2025-11-21,Delivered,Debit Card
2691,2492,2025-06-10,Delivered,PayPal
2692,507,2025-10-19,Delivered,PayPal
2693,3340,2024-08-03,Delivered,Credit Card
2694,3370,2025-09-29,Delivered,Debit Card
2695,1069,2025-01-13,Delivered,PayPal
2696,978,2024-05-24,Delivered,Debit Card
2697,1990,2024-08-30,Delivered,Debit Card
2698,3462,2025-08-15,Delivered,Wallet
2699,2598,2025-07-19,Delivered,PayPal
2700,309,2025-06-09,Delivered,Credit Card
2701,2863,2024-06-14,Delivered,Debit Card
2702,3536,2025-04-17,Delivered,Debit Card
2703,932,2025-11-17,Cancelled,PayPal
2704,2224,2024-02-05,Delivered,Credit Card
2705,4039,2024-08-22,Delivered,Credit Card
2706,1624,2024-02-28,Delivered,Debit Card
2707,452,2024-03-16,Delivered,Debit Card
2708,4627,2025-12-29,Cancelled,Credit Card
2709,492,2024-06-24,Delivered,Wallet
2710,308,2024-05-10,Delivered,Credit Card
2711,1249,2024-02-23,Delivered,Credit Card
2712,3758,2025-12-17,Delivered,Credit Card
2713,3272,2024-12-08,Delivered,Credit Card
2714,1177,2025-07-31,Delivered,Credit Card
2715,386,2024-07-01,Delivered,Credit Card
2716,4772,2025-04-12,Cancelled,Credit Card
2717,39,2025-10-08,Delivered,Debit Card
2718,4623,2025-05-04,Delivered,Credit Card
2719,2361,2025-01-12,Delivered,Debit Card
2720,972,2024-06-02,Delivered,Wallet
2721,1734,2024-06-19,Delivered,Wallet
2722,1553,2025-03-11,Delivered,Credit Card
2723,784,2024-11-25,Delivered,Credit Card
2724,2160,2024-02-03,Delivered,Debit Card
2725,3280,2024-05-23,Delivered,Credit Card
2726,2364,2024-11-11,Delivered,PayPal
2727,3208,2024-05-10,Delivered,Debit Card
2728,4852,2025-02-08,Delivered,Credit Card
2729,610,2024-08-07,Delivered,Credit Card
2730,3695,2024-07-31,Delivered,PayPal
2731,1150,2024-03-20,Delivered,Debit Card
2732,96,2025-01-02,Delivered,Debit Card
2733,1825,2024-05-17,Cancelled,Debit Card
2734,1968,2025-04-05,Delivered,Debit Card
2735,4951,2025-11-15,Delivered,Credit Card
2736,1722,2025-10-27,Delivered,Debit Card
2737,3843,2025-05-01,Delivered,Credit Card
2738,4676,2025-08-12,Delivered,Debit Card
2739,1686,2025-11-03,Delivered,Credit Card
2740,896,2025-05-12,Cancelled,Wallet
2741,4828,2024-07-06,Delivered,PayPal
2742,2291,2024-12-31,Delivered,Credit Card
2743,2275,2025-09-17,Delivered,PayPal
2744,3644,2025-05-02,Delivered,PayPal
2745,1902,2024-09-21,Delivered,PayPal
2746,2708,2024-05-02,Delivered,Credit Card
2747,4722,2024-04-15,Delivered,Debit Card
2748,244,2024-10-02,Delivered,Debit Card
2749,3681,2025-08-10,Delivered,Credit Card
2750,1985,2025-02-07,Cancelled,Debit Card
2751,2740,2024-02-13,Delivered,Credit Card
2752,4551,2025-11-01,Delivered,PayPal
2753,3004,2024-10-22,Delivered,Wallet
2754,2095,2024-10-12,Delivered,Credit Card
2755,4865,2025-08-21,Delivered,Credit Card
2756,3027,2024-10-02,Cancelled,Credit Card
2757,765,2025-03-26,Delivered,PayPal
2758,445,2025-11-03,Delivered,Credit Card
2759,1736,2025-01-13,Delivered,PayPal
2760,3591,2025-03-24,Delivered,PayPal
2761,2106,2024-09-15,Delivered,Credit Card
2762,844,2025-10-12,Delivered,PayPal
2763,4924,2024-02-24,Delivered,Debit Card
2764,991,2024-07-20,Delivered,Credit Card
2765,421,2025-12-24,Delivered,PayPal
2766,1907,2024-12-19,Delivered,Debit Card
2767,559,2024-05-07,Delivered,Credit Card
2768,2962,2024-10-29,Delivered,Debit Card
2769,2177,2024-07-05,Delivered,Debit Card
2770,4633,2025-01-18,Delivered,Debit Card
2771,847,2024-06-21,Delivered,Credit Card
2772,1345,2024-10-18,Delivered,Debit Card
2773,3425,2025-10-24,Delivered,Credit Card
2774,3490,2024-03-01,Delivered,Debit Card
2775,1804,2025-07-11,Delivered,Credit Card
2776,4609,2024-02-27,Delivered,Debit Card
2777,4232,2024-11-29,Delivered,PayPal
2778,3059,2025-05-02,Delivered,Credit Card
2779,3744,2025-11-28,Delivered,Credit Card
2780,2679,2024-07-01,Delivered,PayPal
2781,2355,2024-02-08,Delivered,Credit Card
2782,2729,2025-07-02,Delivered,Credit Card
2783,4225,2025-10-14,Delivered,Debit Card
2784,82,2025-02-16,Delivered,Debit Card
2785,505,2024-02-14,Delivered,Credit Card
2786,2374,2024-12-31,Delivered,PayPal
2787,2906,2024-10-12,Delivered,Credit Card
2788,899,2024-11-25,Delivered,PayPal
2789,3026,2024-02-09,Delivered,PayPal
2790,123,2024-08-19,Delivered,Credit Card
2791,1231,2025-12-30,Delivered,PayPal
2792,2300,2024-02-03,Delivered,Debit Card
2793,249,2025-10-29,Delivered,Wallet
2794,3169,2025-01-12,Delivered,Debit Card
2795,2676,2025-03-02,Delivered,Credit Card
2796,2827,2025-11-12,Delivered,Debit Card
2797,2569,2024-06-08,Delivered,Debit Card
2798,3457,2025-12-19,Delivered,PayPal
2799,3269,2024-07-21,Delivered,Debit Card
2800,3301,2024-09-11,Delivered,PayPal
2801,1065,2024-11-24,Delivered,Credit Card
2802,3437,2025-03-15,Cancelled,Wallet
2803,899,2024-08-23,Delivered,Credit Card
2804,108,2025-08-01,Delivered,Credit Card
2805,4890,2024-01-16,Delivered,Credit Card
2806,894,2025-05-01,Delivered,Wallet
2807,569,2025-04-24,Delivered,PayPal
2808,1516,2025-01-25,Cancelled,Credit Card
2809,4998,2025-03-23,Delivered,Wallet
2810,4322,2025-06-29,Delivered,Credit Card
2811,3600,2025-10-22,Delivered,Credit Card
2812,941,2024-06-08,Delivered,Credit Card
2813,3147,2024-12-14,Delivered,Credit Card
2814,4165,2025-02-14,Delivered,Debit Card
2815,1699,2024-09-08,Delivered,Credit Card
2816,1297,2025-12-11,Delivered,Credit Card
2817,4340,2025-01-08,Delivered,Credit Card
2818,658,2025-03-08,Delivered,Credit Card
2819,4551,2024-05-22,Delivered,Debit Card
2820,2396,2024-10-30,Delivered,Debit Card
2821,3610,2025-04-01,Delivered,Credit Card
2822,1861,2024-11-08,Delivered,Credit Card
2823,3550,2025-07-16,Delivered,Debit Card
2824,4625,2024-04-09,Delivered,PayPal
2825,2466,2024-04-22,Delivered,Debit Card
2826,1061,2024-09-04,Delivered,Debit Card
2827,390,2024-08-20,Cancelled,Wallet
2828,4629,2025-08-18,Cancelled,PayPal
2829,4996,2025-09-25,Delivered,Credit Card
2830,3256,2024-12-10,Delivered,PayPal
2831,78,2025-01-04,Delivered,Debit Card
2832,4425,2024-08-02,Delivered,Debit Card
2833,2477,2025-01-23,Delivered,Debit Card
2834,1169,2025-05-30,Delivered,Credit Card
2835,1836,2025-06-11,Delivered,PayPal
2836,4710,2025-12-08,Delivered,Credit Card
2837,3881,2025-02-25,Delivered,Credit Card
2838,2985,2024-09-05,Delivered,Credit Card
2839,3679,2024-02-20,Delivered,Debit Card
2840,4239,2025-05-17,Delivered,Credit Card
2841,3141,2025-08-09,Delivered,Credit Card
2842,1569,2025-02-07,Delivered,PayPal
2843,374,2025-11-04,Delivered,Credit Card
2844,616,2024-08-19,Cancelled,Credit Card
2845,1185,2024-02-08,Delivered,Debit Card
2846,3843,2025-04-07,Cancelled,Credit Card
2847,471,2024-03-29,Delivered,Credit Card
2848,636,2024-03-02,Delivered,Credit Card
2849,4895,2025-05-27,Delivered,Credit Card
2850,2002,2024-11-13,Delivered,Credit Card
2851,639,2025-03-17,Delivered,PayPal
2852,4363,2025-06-29,Delivered,Credit Card
2853,4836,2024-10-06,Delivered,Debit Card
2854,2521,2025-03-22,Delivered,Credit Card
2855,564,2025-01-28,Delivered,Wallet
2856,3138,2025-02-27,Delivered,PayPal
2857,4312,2025-05-28,Delivered,Credit Card
2858,4828,2024-10-04,Delivered,PayPal
2859,2874,2025-01-03,Delivered,Credit Card
2860,4722,2025-03-07,Delivered,Credit Card
2861,4159,2024-04-12,Cancelled,Credit Card
2862,807,2024-06-03,Delivered,Debit Card
2863,3171,2024-03-06,Delivered,Credit Card
2864,3329,2024-05-24,Delivered,Credit Card
2865,3845,2024-11-16,Delivered,Debit Card
2866,2657,2025-11-15,Delivered,PayPal
2867,3655,2025-11-04,Delivered,PayPal
2868,2922,2025-07-10,Delivered,Debit Card
2869,1301,2025-02-11,Delivered,Debit Card
2870,2421,2024-05-27,Delivered,Debit Card
2871,4676,2024-09-18,Delivered,Credit Card
2872,4214,2025-07-13,Delivered,PayPal
2873,3219,2025-10-25,Cancelled,Credit Card
2874,1610,2025-12-03,Delivered,PayPal
2875,1011,2024-10-10,Delivered,Credit Card
2876,1428,2024-12-21,Delivered,Credit Card
2877,1531,2025-01-06,Delivered,Credit Card
2878,4809,2024-02-11,Delivered,PayPal
2879,2666,2024-03-26,Delivered,Credit Card
2880,1955,2024-02-03,Delivered,Debit Card
2881,4410,2025-06-22,Delivered,Credit Card
2882,1845,2024-06-12,Cancelled,Debit Card
2883,3984,2025-05-26,Cancelled,Debit Card
2884,3208,2024-09-30,Delivered,Wallet
2885,1511,2025-08-02,Delivered,Credit Card
2886,4805,2024-03-25,Delivered,Credit Card
2887,3443,2024-08-25,Delivered,Credit Card
2888,4949,2024-05-29,Delivered,Debit Card
2889,9,2024-11-14,Delivered,PayPal
2890,1405,2025-02-14,Delivered,Credit Card
2891,1664,2024-05-02,Delivered,Wallet
2892,3372,2025-05-01,Delivered,Credit Card
2893,4198,2025-12-05,Delivered,PayPal
2894,608,2024-02-01,Delivered,Debit Card
2895,757,2024-03-03,Delivered,Wallet
2896,3375,2025-11-26,Delivered,Debit Card
2897,1767,2025-04-18,Cancelled,Debit Card
2898,3494,2025-11-02,Delivered,Credit Card
2899,6,2025-05-29,Delivered,Credit Card
2900,2617,2025-06-07,Cancelled,PayPal
2901,116,2024-04-25,Delivered,Credit Card
2902,4757,2025-01-08,Delivered,PayPal
2903,731,2024-09-23,Delivered,Credit Card
2904,890,2025-08-31,Delivered,Credit Card
2905,510,2024-02-01,Delivered,Debit Card
2906,1103,2024-01-14,Delivered,Credit Card
2907,2449,2025-02-10,Delivered,Debit Card
2908,3088,2025-12-09,Delivered,Wallet
2909,4501,2025-12-27,Delivered,Credit Card
2910,4390,2025-03-09,Delivered,Credit Card
2911,424,2024-11-09,Delivered,Credit Card
2912,2139,2024-07-18,Delivered,Debit Card
2913,4350,2025-12-23,Cancelled,PayPal
2914,828,2024-05-13,Delivered,Wallet
2915,3341,2024-04-02,Delivered,Credit Card
2916,2134,2025-01-06,Delivered,Credit Card
2917,845,2024-10-13,Delivered,Credit Card
2918,309,2024-12-27,Delivered,Credit Card
2919,1449,2025-10-20,Delivered,Debit Card
2920,5,2024-07-15,Delivered,Wallet
2921,971,2025-10-01,Delivered,Credit Card
2922,2743,2024-06-03,Delivered,PayPal
2923,3947,2024-08-24,Delivered,Debit Card
2924,2527,2024-01-04,Delivered,PayPal
2925,3626,2025-05-10,Delivered,PayPal
2926,371,2025-09-18,Delivered,PayPal
2927,1523,2025-10-08,Delivered,Credit Card
2928,3294,2024-05-02,Delivered,Credit Card
2929,272,2025-07-13,Delivered,Credit Card
2930,2920,2024-04-13,Delivered,Credit Card
2931,844,2025-04-03,Delivered,Debit Card
2932,2098,2025-05-27,Delivered,Wallet
2933,3150,2024-04-21,Delivered,Debit Card
2934,4933,2024-03-21,Delivered,Credit Card
2935,452,2024-02-23,Delivered,Credit Card
2936,2753,2025-06-01,Delivered,Debit Card
2937,2683,2025-03-24,Delivered,Credit Card
2938,318,2024-03-28,Delivered,Credit Card
2939,3065,2024-12-31,Delivered,Credit Card
2940,378,2025-08-03,Delivered,PayPal
2941,3439,2024-06-22,Delivered,Credit Card
2942,1039,2025-03-18,Delivered,Wallet
2943,627,2024-08-01,Delivered,Debit Card
2944,359,2024-07-09,Delivered,Debit Card
2945,2299,2024-10-13,Cancelled,PayPal
2946,1181,2024-09-14,Delivered,PayPal
2947,2317,2024-12-27,Cancelled,Credit Card
2948,4479,2024-05-29,Delivered,Credit Card
2949,4177,2024-10-11,Cancelled,Credit Card
2950,3753,2025-03-30,Delivered,Credit Card
2951,2344,2024-10-09,Delivered,Credit Card
2952,562,2025-04-24,Delivered,Debit Card
2953,2034,2024-03-25,Delivered,Credit Card
2954,110,2024-04-10,Delivered,Wallet
2955,618,2025-09-23,Delivered,PayPal
2956,1509,2024-12-03,Delivered,PayPal
2957,3473,2025-03-20,Delivered,Debit Card
2958,3942,2025-06-24,Delivered,Credit Card
2959,3099,2024-04-16,Delivered,Credit Card
2960,1290,2025-12-10,Delivered,Credit Card
2961,3585,2024-11-05,Delivered,Wallet
2962,4983,2025-10-11,Delivered,Credit Card
2963,3282,2024-10-31,Delivered,Credit Card
2964,3809,2024-10-23,Delivered,PayPal
2965,4377,2025-03-14,Delivered,Credit Card
2966,3578,2024-05-19,Delivered,Wallet
2967,4387,2025-03-20,Delivered,Wallet
2968,1481,2025-12-18,Delivered,Credit Card
2969,1539,2025-04-16,Delivered,Debit Card
2970,873,2024-02-21,Cancelled,Credit Card
2971,913,2025-05-24,Delivered,Credit Card
2972,2765,2024-01-25,Delivered,PayPal
2973,4633,2024-03-16,Delivered,Credit Card
2974,1109,2024-07-26,Delivered,Wallet
2975,3566,2024-08-10,Delivered,Wallet
2976,389,2024-01-03,Delivered,Debit Card
2977,4855,2024-01-13,Delivered,Credit Card
2978,2630,2025-07-30,Delivered,Credit Card
2979,2485,2024-11-27,Delivered,Credit Card
2980,1800,2024-05-25,Cancelled,Credit Card
2981,4812,2024-11-09,Cancelled,Credit Card
2982,2098,2025-05-20,Delivered,Credit Card
2983,614,2025-06-20,Delivered,Debit Card
2984,2820,2024-07-29,Delivered,Credit Card
2985,2952,2024-05-01,Cancelled,Credit Card
2986,3731,2025-12-01,Delivered,Debit Card
2987,2484,2025-04-05,Delivered,Credit Card
2988,1400,2025-12-18,Delivered,Credit Card
2989,14,2024-08-11,Delivered,Credit Card
2990,4933,2024-03-22,Delivered,Credit Card
2991,965,2024-10-05,Delivered,Credit Card
2992,1755,2024-08-27,Delivered,Credit Card
2993,768,2025-06-09,Delivered,Debit Card
2994,1178,2025-06-06,Delivered,Credit Card
2995,305,2024-02-22,Delivered,Credit Card
2996,1702,2025-03-05,Delivered,PayPal
2997,4741,2024-09-07,Delivered,Debit Card
2998,1119,2025-03-24,Delivered,Credit Card
2999,4827,2024-10-12,Delivered,Wallet
3000,3170,2025-01-27,Delivered,PayPal
3001,4459,2025-06-06,Delivered,Debit Card
3002,3103,2024-08-02,Delivered,Credit Card
3003,4945,2024-05-25,Delivered,Credit Card
3004,2759,2025-05-30,Delivered,Credit Card
3005,4154,2025-11-22,Delivered,Debit Card
3006,186,2024-11-20,Cancelled,Wallet
3007,4661,2025-12-29,Delivered,Wallet
3008,92,2024-05-14,Delivered,Credit Card
3009,989,2025-08-20,Delivered,Wallet
3010,3693,2025-12-22,Cancelled,PayPal
3011,1285,2024-08-06,Delivered,Debit Card
3012,210,2024-04-17,Delivered,Wallet
3013,4311,2025-04-29,Delivered,Credit Card
3014,2564,2025-09-26,Delivered,Credit Card
3015,2398,2024-03-01,Delivered,PayPal
3016,1581,2025-04-12,Delivered,Credit Card
3017,3585,2025-09-28,Delivered,Debit Card
3018,1573,2024-01-24,Delivered,PayPal
3019,2810,2025-01-11,Delivered,PayPal
3020,652,2024-02-26,Delivered,Credit Card
3021,1529,2024-05-08,Delivered,Debit Card
3022,141,2024-12-21,Delivered,Credit Card
3023,1425,2024-08-27,Delivered,PayPal
3024,1905,2024-03-03,Delivered,Debit Card
3025,3741,2025-08-07,Delivered,Debit Card
3026,4112,2024-05-28,Delivered,PayPal
3027,2661,2025-09-27,Delivered,Debit Card
3028,4629,2024-05-09,Delivered,Debit Card
3029,1797,2025-01-14,Delivered,Debit Card
3030,2471,2025-06-14,Delivered,Debit Card
3031,3086,2024-12-16,Delivered,Debit Card
3032,885,2024-10-31,Delivered,PayPal
3033,2100,2025-07-02,Delivered,Credit Card
3034,4500,2024-01-09,Delivered,Credit Card
3035,2376,2025-08-26,Delivered,Credit Card
3036,4656,2025-05-18,Delivered,Credit Card
3037,3390,2025-07-12,Delivered,PayPal
3038,850,2024-11-03,Delivered,Debit Card
3039,2290,2024-10-07,Delivered,Credit Card
3040,1832,2025-02-21,Delivered,Debit Card
3041,4750,2025-04-13,Delivered,Credit Card
3042,1680,2025-11-06,Delivered,PayPal
3043,2426,2025-09-17,Delivered,Credit Card
3044,3452,2024-02-09,Delivered,Credit Card
3045,4810,2024-04-20,Cancelled,Credit Card
3046,2732,2025-11-22,Delivered,Credit Card
3047,4239,2024-10-10,Delivered,PayPal
3048,586,2025-02-27,Delivered,Debit Card
3049,4455,2024-02-11,Delivered,Credit Card
3050,1038,2024-03-17,Delivered,Debit Card
3051,3817,2024-10-25,Delivered,Debit Card
3052,2671,2025-06-07,Delivered,PayPal
3053,3023,2025-07-17,Delivered,Credit Card
3054,464,2025-10-15,Delivered,Debit Card
3055,2664,2024-05-23,Delivered,Debit Card
3056,433,2024-05-27,Delivered,Debit Card
3057,2759,2025-01-30,Delivered,Credit Card
3058,2033,2025-02-03,Delivered,Credit Card
3059,1008,2024-01-27,Delivered,Credit Card
3060,2456,2024-11-22,Delivered,PayPal
3061,1072,2025-10-17,Delivered,Debit Card
3062,414,2024-04-29,Delivered,Debit Card
3063,171,2025-08-21,Delivered,Debit Card
3064,1707,2024-11-22,Delivered,Credit Card
3065,3728,2025-01-17,Delivered,Credit Card
3066,2883,2025-04-13,Delivered,Debit Card
3067,625,2025-05-30,Delivered,Credit Card
3068,2220,2025-04-10,Delivered,Wallet
3069,2911,2024-03-16,Delivered,Credit Card
3070,1170,2024-08-03,Delivered,Debit Card
3071,690,2025-09-09,Delivered,Credit Card
3072,1245,2024-01-30,Delivered,PayPal
3073,333,2025-06-06,Delivered,PayPal
3074,1212,2025-01-14,Delivered,Credit Card
3075,2668,2024-03-28,Delivered,Debit Card
3076,4008,2024-03-30,Delivered,Wallet
3077,4366,2025-12-16,Delivered,Debit Card
3078,3366,2024-01-23,Delivered,Credit Card
3079,1781,2024-01-17,Delivered,PayPal
3080,4670,2024-01-13,Delivered,Credit Card
3081,4597,2025-04-03,Delivered,Credit Card
3082,1790,2025-11-07,Delivered,PayPal
3083,52,2024-05-05,Delivered,Wallet
3084,2169,2025-08-03,Delivered,Credit Card
3085,2329,2025-06-09,Delivered,Credit Card
3086,3385,2024-06-16,Delivered,Credit Card
3087,734,2024-02-21,Delivered,PayPal
3088,2724,2024-12-22,Delivered,PayPal
3089,1579,2024-02-29,Delivered,Wallet
3090,2478,2024-03-23,Delivered,Credit Card
3091,119,2024-12-06,Delivered,Credit Card
3092,2642,2025-08-18,Delivered,Debit Card
3093,177,2025-12-26,Delivered,Credit Card
3094,4267,2025-04-03,Delivered,Credit Card
3095,3565,2024-07-20,Delivered,Credit Card
3096,4604,2024-08-27,Delivered,Debit Card
3097,3273,2025-03-23,Cancelled,Debit Card
3098,4895,2024-05-06,Delivered,PayPal
3099,1042,2025-01-13,Delivered,Credit Card
3100,31,2025-07-15,Delivered,PayPal
3101,4506,2025-09-06,Delivered,Debit Card
3102,3299,2024-02-13,Delivered,Credit Card
3103,3440,2024-07-29,Delivered,Debit Card
3104,1451,2024-07-05,Delivered,PayPal
3105,1681,2025-02-09,Delivered,Credit Card
3106,3395,2024-05-15,Delivered,PayPal
3107,2039,2025-11-24,Delivered,Debit Card
3108,381,2025-10-31,Delivered,Debit Card
3109,1463,2024-08-30,Delivered,PayPal
3110,1922,2024-10-24,Delivered,Debit Card
3111,4153,2024-11-16,Delivered,Debit Card
3112,1720,2024-02-01,Cancelled,Credit Card
3113,2470,2025-10-10,Delivered,Debit Card
3114,2990,2025-07-22,Delivered,PayPal
3115,677,2024-08-30,Delivered,Wallet
3116,2911,2025-02-03,Cancelled,PayPal
3117,1009,2024-10-04,Delivered,PayPal
3118,4391,2024-06-15,Delivered,Debit Card
3119,1483,2024-08-10,Delivered,PayPal
3120,1523,2024-03-19,Delivered,Credit Card
3121,2016,2025-08-13,Delivered,Credit Card
3122,1803,2025-04-22,Delivered,Debit Card
3123,2964,2025-11-10,Delivered,Debit Card
3124,3615,2024-01-05,Delivered,Debit Card
3125,4821,2025-04-05,Delivered,Wallet
3126,4441,2025-02-13,Delivered,PayPal
3127,1310,2025-03-31,Delivered,PayPal
3128,3020,2025-12-23,Delivered,PayPal
3129,1643,2024-10-11,Delivered,PayPal
3130,4028,2024-04-12,Delivered,Debit Card
3131,120,2024-01-10,Delivered,Credit Card
3132,4975,2024-12-25,Delivered,PayPal
3133,1863,2024-05-06,Delivered,Credit Card
3134,3723,2024-04-13,Delivered,PayPal
3135,3376,2024-04-17,Delivered,Credit Card
3136,1836,2024-07-21,Delivered,Debit Card
3137,4816,2024-03-25,Delivered,Credit Card
3138,1336,2024-12-20,Delivered,Debit Card
3139,3701,2025-04-22,Delivered,PayPal
3140,4644,2024-07-30,Delivered,Credit Card
3141,590,2024-04-09,Delivered,Credit Card
3142,4586,2025-02-21,Delivered,Wallet
3143,4451,2024-03-03,Delivered,Credit Card
3144,1899,2025-06-22,Delivered,PayPal
3145,4194,2024-10-06,Delivered,PayPal
3146,32,2024-10-26,Delivered,PayPal
3147,946,2024-06-30,Delivered,Credit Card
3148,3763,2024-07-25,Delivered,PayPal
3149,4672,2024-04-16,Delivered,Wallet
3150,631,2025-02-11,Delivered,Credit Card
3151,3571,2024-04-16,Delivered,Debit Card
3152,515,2025-05-11,Delivered,Credit Card
3153,3915,2024-07-06,Delivered,Wallet
3154,4482,2025-02-16,Delivered,Credit Card
3155,2296,2025-01-26,Delivered,Credit Card
3156,504,2025-04-07,Delivered,Credit Card
3157,1004,2025-07-07,Delivered,Wallet
3158,2536,2025-02-13,Delivered,Debit Card
3159,3996,2025-09-14,Delivered,Credit Card
3160,2598,2024-07-08,Delivered,Credit Card
3161,2388,2025-07-02,Delivered,PayPal
3162,3002,2024-09-07,Delivered,Credit Card
3163,4838,2025-04-03,Delivered,Debit Card
3164,3948,2024-12-25,Delivered,Debit Card
3165,767,2025-10-24,Delivered,PayPal
3166,983,2024-07-16,Delivered,Debit Card
3167,1778,2025-01-14,Delivered,PayPal
3168,1356,2024-04-30,Delivered,Credit Card
3169,3678,2025-04-07,Delivered,Credit Card
3170,4962,2024-01-27,Delivered,Credit Card
3171,2862,2024-10-27,Cancelled,Credit Card
3172,4452,2024-01-08,Delivered,Debit Card
3173,2167,2024-08-26,Delivered,Debit Card
3174,3441,2024-12-19,Delivered,Wallet
3175,3509,2024-08-30,Delivered,Wallet
3176,1469,2024-10-08,Delivered,Credit Card
3177,3667,2024-04-18,Delivered,Debit Card
3178,2677,2025-06-05,Delivered,Debit Card
3179,2887,2025-08-04,Delivered,Wallet
3180,1261,2024-11-27,Delivered,Credit Card
3181,1596,2024-02-10,Delivered,Debit Card
3182,4290,2024-02-15,Delivered,Credit Card
3183,3094,2025-05-07,Delivered,Credit Card
3184,652,2025-11-09,Delivered,Debit Card
3185,2727,2025-09-23,Delivered,Credit Card
3186,3093,2024-10-23,Delivered,Credit Card
3187,3989,2024-12-29,Delivered,PayPal
3188,4265,2024-04-29,Delivered,Credit Card
3189,3268,2024-02-21,Delivered,Credit Card
3190,63,2025-07-13,Cancelled,Debit Card
3191,2484,2024-11-08,Delivered,Debit Card
3192,1034,2024-12-28,Delivered,Debit Card
3193,94,2024-09-07,Delivered,Wallet
3194,4618,2024-08-16,Delivered,Credit Card
3195,835,2025-12-20,Delivered,Credit Card
3196,1229,2025-08-18,Delivered,Credit Card
3197,1683,2025-05-19,Delivered,Debit Card
3198,2328,2024-10-11,Cancelled,Credit Card
3199,3007,2025-06-10,Delivered,Wallet
3200,1552,2024-09-04,Delivered,Debit Card
3201,3962,2025-01-11,Delivered,Debit Card
3202,789,2024-04-15,Delivered,PayPal
3203,4800,2025-06-01,Delivered,PayPal
3204,4280,2024-02-14,Delivered,Debit Card
3205,3000,2025-06-11,Cancelled,Debit Card
3206,244,2025-03-16,Delivered,Credit Card
3207,3645,2024-02-18,Delivered,Debit Card
3208,3522,2025-01-04,Delivered,Credit Card
3209,3108,2024-06-11,Delivered,Debit Card
3210,1401,2024-12-13,Cancelled,PayPal
3211,2152,2024-01-10,Delivered,Debit Card
3212,2076,2025-06-10,Delivered,Credit Card
3213,3049,2025-01-07,Delivered,Credit Card
3214,1656,2024-09-21,Delivered,PayPal
3215,2004,2025-10-01,Cancelled,Credit Card
3216,4540,2025-04-15,Delivered,Debit Card
3217,2269,2025-03-20,Delivered,PayPal
3218,2973,2024-04-17,Delivered,Credit Card
3219,4556,2024-12-31,Delivered,PayPal
3220,4725,2025-05-26,Cancelled,Credit Card
3221,2820,2025-11-06,Cancelled,PayPal
3222,1326,2025-03-17,Delivered,Credit Card
3223,503,2024-05-05,Cancelled,Credit Card
3224,4300,2025-05-09,Delivered,Credit Card
3225,2619,2024-02-24,Delivered,PayPal
3226,2832,2024-08-16,Delivered,Debit Card
3227,4767,2025-10-31,Delivered,PayPal
3228,1857,2025-08-08,Delivered,Debit Card
3229,501,2025-10-21,Delivered,PayPal
3230,3368,2024-09-14,Delivered,Debit Card
3231,4856,2025-05-13,Delivered,Credit Card
3232,850,2025-05-26,Delivered,Debit Card
3233,4939,2024-06-28,Delivered,Credit Card
3234,2706,2025-11-19,Delivered,Wallet
3235,2804,2025-12-08,Delivered,Wallet
3236,4799,2024-03-21,Delivered,Credit Card
3237,1663,2025-07-12,Delivered,Wallet
3238,3727,2024-11-22,Delivered,Credit Card
3239,44,2025-05-06,Delivered,Debit Card
3240,3357,2025-02-08,Delivered,PayPal
3241,78,2024-06-11,Delivered,Credit Card
3242,21,2024-03-11,Cancelled,Credit Card
3243,1941,2025-01-09,Delivered,PayPal
3244,1864,2025-09-03,Delivered,Credit Card
3245,3916,2025-08-23,Delivered,Debit Card
3246,4458,2024-07-19,Delivered,PayPal
3247,4712,2025-09-19,Delivered,Credit Card
3248,3117,2024-09-16,Delivered,Credit Card
3249,774,2025-02-13,Delivered,Wallet
3250,3354,2024-08-24,Delivered,Debit Card
3251,2439,2025-01-16,Delivered,Debit Card
3252,2647,2025-01-21,Delivered,Credit Card
3253,2509,2025-05-24,Delivered,Wallet
3254,4415,2024-12-10,Delivered,Credit Card
3255,1902,2025-01-20,Cancelled,Credit Card
3256,4822,2025-04-20,Delivered,Credit Card
3257,2700,2024-10-31,Delivered,PayPal
3258,3440,2025-01-17,Delivered,Credit Card
3259,4626,2024-03-03,Delivered,Credit Card
3260,4073,2025-09-26,Delivered,Debit Card
3261,2193,2024-04-02,Delivered,Debit Card
3262,1022,2025-09-29,Delivered,Credit Card
3263,689,2025-07-09,Delivered,Debit Card
3264,1819,2025-11-22,Delivered,Credit Card
3265,3328,2024-01-19,Delivered,Credit Card
3266,3993,2024-06-07,Delivered,Credit Card
3267,157,2024-02-08,Delivered,Wallet
3268,2311,2024-10-31,Delivered,Debit Card
3269,4701,2025-10-22,Delivered,Credit Card
3270,4111,2025-07-13,Delivered,Credit Card
3271,4700,2025-05-28,Delivered,Credit Card
3272,4785,2025-09-11,Delivered,Debit Card
3273,461,2024-01-04,Delivered,Debit Card
3274,3406,2025-07-28,Delivered,Credit Card
3275,2755,2024-08-15,Delivered,Wallet
3276,2387,2025-05-19,Delivered,Credit Card
3277,3987,2025-07-11,Delivered,Credit Card
3278,4673,2025-05-15,Delivered,Credit Card
3279,2323,2024-10-31,Delivered,Credit Card
3280,3244,2025-03-22,Delivered,PayPal
3281,2394,2024-12-08,Cancelled,Debit Card
3282,3179,2025-04-03,Delivered,PayPal
3283,4852,2024-11-30,Delivered,Credit Card
3284,4058,2024-10-14,Cancelled,Credit Card
3285,1153,2024-05-27,Delivered,Credit Card
3286,4335,2024-10-09,Delivered,Debit Card
3287,2632,2025-06-10,Cancelled,Credit Card
3288,2922,2025-09-27,Delivered,Credit Card
3289,575,2024-03-16,Delivered,Wallet
3290,2225,2024-05-13,Delivered,Debit Card
3291,1513,2025-01-05,Delivered,Credit Card
3292,440,2025-05-27,Delivered,PayPal
3293,4255,2024-05-04,Delivered,Credit Card
3294,646,2024-08-25,Delivered,PayPal
3295,3583,2024-02-03,Delivered,Wallet
3296,3726,2024-02-08,Delivered,Credit Card
3297,3061,2024-04-14,Delivered,Wallet
3298,4202,2025-06-16,Cancelled,Credit Card
3299,570,2025-09-26,Delivered,Credit Card
3300,81,2024-12-30,Delivered,Debit Card
3301,4254,2024-05-08,Delivered,Debit Card
3302,917,2025-11-03,Delivered,Credit Card
3303,1491,2024-07-22,Delivered,Credit Card
3304,3450,2024-04-22,Delivered,Credit Card
3305,2675,2024-04-10,Delivered,Credit Card
3306,1005,2024-09-14,Delivered,Credit Card
3307,1168,2025-06-20,Delivered,Credit Card
3308,4181,2024-10-16,Cancelled,Wallet
3309,2604,2024-11-21,Cancelled,PayPal
3310,4613,2024-09-05,Delivered,Wallet
3311,2811,2025-11-19,Delivered,Credit Card
3312,3318,2025-05-14,Delivered,Credit Card
3313,1703,2025-04-29,Delivered,Debit Card
3314,150,2024-11-15,Cancelled,Debit Card
3315,2530,2025-01-22,Delivered,Debit Card
3316,3652,2025-10-08,Delivered,Credit Card
3317,2031,2025-04-24,Delivered,PayPal
3318,4301,2025-08-17,Delivered,Debit Card
3319,3488,2024-01-30,Cancelled,Credit Card
3320,2532,2025-09-19,Delivered,Debit Card
3321,2720,2025-11-24,Delivered,Credit Card
3322,1137,2025-05-02,Delivered,Credit Card
3323,4391,2025-11-29,Delivered,Wallet
3324,298,2025-02-18,Delivered,Debit Card
3325,249,2024-07-20,Delivered,Credit Card
3326,3921,2025-03-18,Delivered,Credit Card
3327,134,2025-04-03,Delivered,Credit Card
3328,2547,2024-04-15,Delivered,Wallet
3329,943,2024-05-27,Delivered,PayPal
3330,3406,2024-07-31,Delivered,Debit Card
3331,593,2025-02-03,Delivered,Wallet
3332,1324,2024-04-18,Cancelled,Credit Card
3333,2630,2025-07-16,Delivered,PayPal
3334,1889,2024-03-20,Cancelled,Debit Card
3335,1001,2025-11-17,Delivered,PayPal
3336,312,2025-05-08,Delivered,Wallet
3337,81,2024-09-04,Delivered,Debit Card
3338,960,2024-09-28,Delivered,Credit Card
3339,1414,2025-05-21,Delivered,Credit Card
3340,600,2024-03-05,Delivered,Credit Card
3341,2547,2025-06-06,Cancelled,Credit Card
3342,4429,2025-02-07,Cancelled,Credit Card
3343,3572,2024-06-10,Delivered,Debit Card
3344,1536,2025-10-17,Delivered,Credit Card
3345,2192,2025-04-04,Delivered,Wallet
3346,3848,2024-04-29,Delivered,Credit Card
3347,4814,2025-04-23,Delivered,Credit Card
3348,2757,2024-10-27,Delivered,Credit Card
3349,998,2025-07-11,Delivered,Wallet
3350,4338,2024-12-25,Delivered,Credit Card
3351,2571,2025-12-30,Delivered,Credit Card
3352,149,2025-11-07,Delivered,Credit Card
3353,1266,2024-01-30,Delivered,Credit Card
3354,2664,2024-10-27,Delivered,Wallet
3355,4034,2024-05-27,Delivered,Debit Card
3356,4261,2024-11-24,Delivered,Credit Card
3357,939,2024-04-15,Delivered,Credit Card
3358,3615,2025-01-26,Delivered,Credit Card
3359,4809,2024-04-22,Delivered,Debit Card
3360,3995,2025-03-30,Delivered,Credit Card
3361,3584,2024-11-27,Delivered,PayPal
3362,3980,2025-12-25,Delivered,Credit Card
3363,2785,2025-10-03,Delivered,Credit Card
3364,3033,2025-03-14,Delivered,Debit Card
3365,2662,2024-11-23,Delivered,PayPal
3366,4779,2025-06-06,Delivered,Debit Card
3367,1813,2025-05-02,Delivered,PayPal
3368,3884,2024-04-11,Delivered,PayPal
3369,106,2024-10-01,Delivered,Wallet
3370,2094,2025-12-25,Delivered,Credit Card
3371,4576,2024-08-21,Delivered,Wallet
3372,1217,2024-01-10,Delivered,Debit Card
3373,3975,2025-08-31,Delivered,Debit Card
3374,2513,2025-11-11,Delivered,Debit Card
3375,675,2025-04-23,Delivered,Credit Card
3376,533,2025-04-08,Delivered,Debit Card
3377,611,2024-09-13,Delivered,PayPal
3378,2328,2024-09-19,Delivered,Wallet
3379,1541,2025-10-29,Delivered,Credit Card
3380,4474,2025-09-18,Cancelled,Wallet
3381,3816,2024-12-29,Delivered,Credit Card
3382,716,2024-08-16,Delivered,Wallet
3383,2516,2024-05-17,Delivered,Debit Card
3384,3829,2024-01-08,Delivered,Debit Card
3385,3272,2024-12-18,Delivered,Debit Card
3386,47,2025-02-08,Delivered,Wallet
3387,31,2025-05-07,Delivered,Credit Card
3388,2919,2025-08-10,Delivered,Credit Card
3389,4619,2024-09-24,Delivered,PayPal
3390,253,2024-05-01,Delivered,Credit Card
3391,829,2025-09-07,Delivered,Debit Card
3392,944,2025-07-10,Delivered,Debit Card
3393,1595,2025-01-24,Delivered,PayPal
3394,4452,2024-01-29,Delivered,Wallet
3395,4736,2024-12-07,Delivered,Credit Card
3396,1533,2025-03-28,Delivered,Debit Card
3397,3665,2025-09-18,Delivered,Debit Card
3398,51,2025-01-05,Delivered,Debit Card
3399,2556,2024-12-03,Delivered,Credit Card
3400,3139,2024-10-04,Delivered,Credit Card
3401,4315,2024-10-29,Delivered,Debit Card
3402,4109,2024-01-12,Delivered,Credit Card
3403,307,2024-03-16,Delivered,Debit Card
3404,2066,2025-07-06,Delivered,Credit Card
3405,382,2024-09-21,Delivered,Wallet
3406,48,2025-09-13,Delivered,PayPal
3407,776,2024-10-16,Delivered,Debit Card
3408,4666,2025-12-28,Delivered,PayPal
3409,1323,2024-05-11,Delivered,Wallet
3410,3698,2024-05-17,Delivered,PayPal
3411,3546,2025-03-05,Delivered,Debit Card
3412,4338,2025-08-08,Delivered,Credit Card
3413,2663,2024-04-15,Delivered,PayPal
3414,4876,2025-01-02,Delivered,Debit Card
3415,2131,2024-06-12,Delivered,Debit Card
3416,3938,2025-06-22,Delivered,Debit Card
3417,3913,2025-02-13,Delivered,Credit Card
3418,2718,2025-04-22,Delivered,PayPal
3419,1586,2024-07-15,Delivered,PayPal
3420,795,2024-07-29,Delivered,Credit Card
3421,428,2025-04-11,Cancelled,Credit Card
3422,2497,2024-09-14,Delivered,Wallet
3423,1984,2025-05-19,Delivered,Credit Card
3424,1046,2024-04-22,Delivered,PayPal
3425,3833,2024-08-07,Delivered,Debit Card
3426,813,2024-03-15,Delivered,Debit Card
3427,2371,2024-03-04,Delivered,Credit Card
3428,2144,2024-07-10,Delivered,Credit Card
3429,4886,2024-12-23,Delivered,Debit Card
3430,522,2024-04-15,Delivered,Credit Card
3431,4281,2024-03-08,Delivered,PayPal
3432,3423,2025-10-02,Delivered,Wallet
3433,3955,2025-01-11,Delivered,PayPal
3434,3890,2025-06-06,Delivered,Credit Card
3435,3866,2025-06-14,Delivered,Debit Card
3436,2176,2024-03-15,Cancelled,Credit Card
3437,2906,2025-03-28,Delivered,Debit Card
3438,1825,2025-09-20,Cancelled,Credit Card
3439,4506,2024-11-23,Delivered,PayPal
3440,1129,2025-09-21,Delivered,Debit Card
3441,2950,2025-11-21,Delivered,Credit Card
3442,1056,2025-02-02,Delivered,Credit Card
3443,1863,2024-03-15,Delivered,Debit Card
3444,4817,2025-03-26,Delivered,PayPal
3445,980,2025-10-04,Delivered,Credit Card
3446,4430,2025-02-26,Delivered,Debit Card
3447,4066,2025-08-07,Delivered,Credit Card
3448,1832,2025-01-25,Delivered,Wallet
3449,1856,2024-11-02,Delivered,Debit Card
3450,28,2025-11-21,Cancelled,PayPal
3451,3955,2024-04-21,Delivered,Credit Card
3452,3331,2024-11-22,Delivered,Wallet
3453,4916,2024-04-23,Delivered,PayPal
3454,1458,2025-04-22,Cancelled,Credit Card
3455,1994,2025-11-03,Delivered,Debit Card
3456,3434,2025-12-29,Delivered,Credit Card
3457,1704,2024-06-19,Delivered,PayPal
3458,1594,2025-06-15,Delivered,PayPal
3459,851,2025-09-30,Delivered,Debit Card
3460,4941,2025-08-31,Delivered,Credit Card
3461,2377,2025-01-02,Delivered,PayPal
3462,3848,2024-05-07,Delivered,PayPal
3463,3271,2024-12-03,Cancelled,Debit Card
3464,2998,2025-07-20,Delivered,Debit Card
3465,1564,2025-03-28,Cancelled,Credit Card
3466,1577,2024-10-10,Delivered,Credit Card
3467,2429,2024-06-05,Delivered,Wallet
3468,677,2025-04-20,Delivered,PayPal
3469,2686,2024-11-08,Delivered,Credit Card
3470,455,2024-12-10,Delivered,Debit Card
3471,1377,2025-11-16,Delivered,Credit Card
3472,3166,2024-01-07,Delivered,Credit Card
3473,118,2024-06-22,Delivered,Wallet
3474,225,2025-11-02,Delivered,Credit Card
3475,1079,2025-11-03,Delivered,Credit Card
3476,3780,2024-08-08,Delivered,PayPal
3477,4016,2025-12-26,Delivered,Credit Card
3478,5,2024-06-03,Delivered,Credit Card
3479,1391,2024-02-07,Delivered,Debit Card
3480,284,2024-08-12,Cancelled,Credit Card
3481,70,2025-01-22,Delivered,Credit Card
3482,4711,2024-01-05,Cancelled,Debit Card
3483,2125,2024-05-05,Delivered,Wallet
3484,3977,2025-07-31,Delivered,PayPal
3485,3413,2025-03-29,Delivered,Credit Card
3486,2248,2025-03-17,Delivered,Debit Card
3487,3763,2025-12-23,Delivered,Debit Card
3488,1244,2024-06-15,Delivered,Credit Card
3489,2070,2025-10-16,Delivered,Credit Card
3490,1894,2024-09-16,Delivered,Debit Card
3491,2860,2025-11-06,Delivered,Credit Card
3492,1053,2025-07-25,Delivered,Wallet
3493,3728,2024-06-04,Delivered,Credit Card
3494,4210,2024-06-01,Delivered,Credit Card
3495,4447,2025-01-30,Delivered,PayPal
3496,4471,2025-01-02,Delivered,PayPal
3497,3200,2024-06-20,Delivered,Credit Card
3498,3990,2024-07-09,Delivered,PayPal
3499,3455,2025-10-18,Delivered,PayPal
3500,4767,2025-07-04,Delivered,Credit Card
3501,494,2024-05-19,Cancelled,Debit Card
3502,993,2025-06-13,Delivered,PayPal
3503,2103,2024-04-22,Delivered,Credit Card
3504,3105,2024-11-20,Cancelled,Wallet
3505,4445,2024-01-09,Delivered,Wallet
3506,474,2025-04-18,Delivered,Debit Card
3507,804,2024-05-12,Delivered,Credit Card
3508,4304,2024-06-21,Delivered,Wallet
3509,1550,2024-05-18,Delivered,Debit Card
3510,85,2024-05-13,Delivered,Credit Card
3511,3390,2024-02-26,Delivered,PayPal
3512,4389,2025-02-08,Delivered,Debit Card
3513,4511,2025-09-25,Delivered,Credit Card
3514,4272,2024-08-08,Delivered,Credit Card
3515,296,2025-07-23,Delivered,PayPal
3516,675,2025-01-31,Delivered,Wallet
3517,4353,2024-07-04,Delivered,Credit Card
3518,3465,2024-02-15,Delivered,Credit Card
3519,1102,2025-07-25,Delivered,Credit Card
3520,1939,2024-01-17,Delivered,Debit Card
3521,4305,2024-11-04,Delivered,Credit Card
3522,4645,2024-01-26,Delivered,Debit Card
3523,4447,2025-07-20,Delivered,Credit Card
3524,2303,2025-12-23,Delivered,PayPal
3525,3878,2024-08-23,Delivered,PayPal
3526,226,2024-08-16,Delivered,PayPal
3527,4620,2025-02-16,Delivered,Credit Card
3528,1110,2025-01-01,Delivered,Debit Card
3529,4806,2024-10-05,Delivered,Credit Card
3530,82,2024-09-24,Delivered,Credit Card
3531,4626,2024-05-17,Delivered,Debit Card
3532,2634,2024-07-02,Delivered,PayPal
3533,2566,2025-03-03,Delivered,PayPal
3534,3383,2025-06-20,Delivered,Credit Card
3535,2319,2025-07-02,Delivered,Debit Card
3536,4755,2025-01-12,Delivered,Credit Card
3537,527,2025-07-03,Delivered,Debit Card
3538,3281,2025-03-08,Delivered,Credit Card
3539,1081,2024-09-17,Delivered,PayPal
3540,187,2024-09-14,Delivered,Wallet
3541,3262,2025-01-13,Delivered,Credit Card
3542,3390,2024-08-12,Delivered,PayPal
3543,637,2025-07-11,Delivered,PayPal
3544,3634,2024-05-15,Delivered,Debit Card
3545,4712,2024-02-09,Delivered,Debit Card
3546,3478,2024-12-24,Delivered,Credit Card
3547,1136,2024-02-22,Delivered,Credit Card
3548,424,2024-05-19,Delivered,Credit Card
3549,440,2024-10-01,Delivered,Debit Card
3550,3094,2024-01-04,Cancelled,Credit Card
3551,1177,2024-06-12,Delivered,Debit Card
3552,1857,2025-02-01,Delivered,PayPal
3553,245,2024-09-30,Delivered,Debit Card
3554,2204,2025-10-16,Delivered,Credit Card
3555,831,2024-03-09,Delivered,PayPal
3556,2140,2025-06-09,Delivered,Credit Card
3557,2939,2025-03-08,Delivered,PayPal
3558,4805,2025-04-15,Delivered,Credit Card
3559,1446,2025-05-05,Delivered,Credit Card
3560,1606,2024-02-08,Delivered,Wallet
3561,4006,2025-08-01,Delivered,Credit Card
3562,4765,2024-08-29,Delivered,Credit Card
3563,2024,2025-04-19,Delivered,Credit Card
3564,1729,2024-08-02,Delivered,Credit Card
3565,3570,2024-10-16,Delivered,PayPal
3566,3759,2025-05-26,Delivered,Credit Card
3567,3542,2025-11-13,Delivered,Credit Card
3568,3200,2025-10-02,Delivered,PayPal
3569,679,2025-06-14,Delivered,Credit Card
3570,1312,2025-01-28,Delivered,Credit Card
3571,283,2025-01-20,Delivered,Credit Card
3572,1950,2025-12-05,Delivered,PayPal
3573,4210,2024-05-31,Delivered,Debit Card
3574,1119,2025-11-27,Delivered,Debit Card
3575,3505,2025-04-18,Delivered,Debit Card
3576,2105,2025-03-25,Delivered,Debit Card
3577,875,2025-03-07,Delivered,PayPal
3578,1116,2025-08-16,Delivered,Wallet
3579,3400,2025-05-13,Delivered,Debit Card
3580,3955,2024-03-10,Delivered,PayPal
3581,1648,2025-07-24,Delivered,Credit Card
3582,4589,2025-06-15,Delivered,Debit Card
3583,284,2025-10-29,Delivered,Debit Card
3584,2874,2025-11-14,Delivered,Credit Card
3585,1144,2025-11-23,Cancelled,Credit Card
3586,4460,2024-02-01,Delivered,Credit Card
3587,3780,2025-04-05,Delivered,Credit Card
3588,294,2025-11-13,Delivered,PayPal
3589,1954,2025-12-06,Delivered,Credit Card
3590,3730,2025-02-04,Delivered,Debit Card
3591,2725,2025-10-27,Delivered,Credit Card
3592,2449,2025-10-04,Delivered,Debit Card
3593,683,2024-01-02,Delivered,Credit Card
3594,2854,2025-10-08,Delivered,Credit Card
3595,464,2025-04-10,Cancelled,Debit Card
3596,1594,2025-02-22,Delivered,Credit Card
3597,1197,2024-05-10,Delivered,Credit Card
3598,3285,2025-11-01,Cancelled,Debit Card
3599,2363,2024-08-03,Delivered,Wallet
3600,2127,2024-11-01,Delivered,Debit Card
3601,4235,2024-08-05,Delivered,Debit Card
3602,1949,2025-12-08,Delivered,Debit Card
3603,3817,2024-12-18,Delivered,Debit Card
3604,4441,2024-03-24,Delivered,Debit Card
3605,801,2024-01-08,Delivered,Debit Card
3606,3723,2025-12-16,Delivered,Debit Card
3607,358,2024-06-21,Delivered,PayPal
3608,3206,2025-07-16,Delivered,Credit Card
3609,1128,2024-01-22,Delivered,Credit Card
3610,1280,2025-10-16,Delivered,Debit Card
3611,4262,2025-04-19,Delivered,PayPal
3612,933,2024-06-13,Delivered,PayPal
3613,2580,2025-10-11,Delivered,Credit Card
3614,3906,2024-08-05,Delivered,Debit Card
3615,4035,2025-12-29,Delivered,Wallet
3616,1024,2025-03-13,Cancelled,Credit Card
3617,1848,2024-11-23,Delivered,Debit Card
3618,2810,2024-02-12,Delivered,Credit Card
3619,2953,2024-07-08,Delivered,PayPal
3620,818,2024-02-12,Delivered,Credit Card
3621,2974,2025-09-14,Delivered,PayPal
3622,7,2024-03-14,Delivered,Credit Card
3623,3134,2024-03-23,Delivered,Credit Card
3624,3679,2024-03-31,Delivered,Credit Card
3625,2351,2025-12-12,Delivered,Credit Card
3626,1227,2025-12-09,Delivered,PayPal
3627,1197,2025-06-05,Delivered,Credit Card
3628,3451,2024-02-23,Delivered,Credit Card
3629,2143,2025-01-02,Delivered,PayPal
3630,4645,2025-11-23,Delivered,Credit Card
3631,4874,2024-03-11,Delivered,Debit Card
3632,2172,2025-08-02,Delivered,Credit Card
3633,1361,2024-01-14,Delivered,Wallet
3634,4061,2025-08-09,Delivered,Debit Card
3635,3625,2025-02-01,Delivered,Credit Card
3636,823,2025-10-10,Delivered,Debit Card
3637,4724,2024-10-29,Delivered,Credit Card
3638,1002,2025-07-27,Cancelled,Credit Card
3639,2832,2025-09-07,Delivered,Credit Card
3640,935,2024-08-25,Delivered,Debit Card
3641,2447,2025-04-13,Delivered,Debit Card
3642,3124,2024-12-02,Delivered,Credit Card
3643,605,2024-11-11,Delivered,PayPal
3644,1297,2025-08-06,Cancelled,Credit Card
3645,3767,2024-06-13,Delivered,Debit Card
3646,4780,2024-03-28,Delivered,Credit Card
3647,4558,2024-12-16,Delivered,Credit Card
3648,3760,2025-08-22,Delivered,Debit Card
3649,4904,2024-04-28,Delivered,Debit Card
3650,825,2024-09-05,Delivered,PayPal
3651,1009,2025-05-01,Delivered,Debit Card
3652,2028,2024-12-14,Delivered,PayPal
3653,4601,2025-03-18,Delivered,Wallet
3654,3995,2025-01-20,Delivered,Wallet
3655,1852,2025-08-14,Delivered,Credit Card
3656,82,2025-09-30,Delivered,Credit Card
3657,3096,2024-11-24,Delivered,Debit Card
3658,1545,2024-11-11,Delivered,Credit Card
3659,1119,2024-07-22,Delivered,PayPal
3660,1071,2024-11-19,Delivered,Credit Card
3661,1242,2025-09-02,Delivered,PayPal
3662,1596,2025-01-01,Delivered,Credit Card
3663,3095,2025-05-19,Delivered,PayPal
3664,819,2024-11-01,Delivered,Debit Card
3665,2425,2025-05-30,Delivered,Credit Card
3666,4606,2025-06-04,Delivered,Debit Card
3667,4822,2025-01-20,Delivered,Debit Card
3668,4148,2025-11-13,Delivered,PayPal
3669,1323,2025-10-01,Delivered,Debit Card
3670,732,2024-04-25,Delivered,Debit Card
3671,4391,2024-06-15,Delivered,Credit Card
3672,2020,2025-11-28,Delivered,PayPal
3673,2303,2024-10-20,Delivered,Credit Card
3674,2132,2024-08-14,Delivered,Wallet
3675,673,2025-08-04,Delivered,Debit Card
3676,3607,2025-03-15,Delivered,PayPal
3677,1196,2024-04-07,Cancelled,PayPal
3678,1166,2024-03-08,Delivered,Credit Card
3679,3779,2025-08-12,Cancelled,Credit Card
3680,3565,2025-07-12,Delivered,Credit Card
3681,4134,2024-09-14,Delivered,Credit Card
3682,3531,2025-09-21,Cancelled,Credit Card
3683,198,2024-04-01,Delivered,PayPal
3684,2087,2025-09-26,Delivered,Debit Card
3685,2051,2024-02-27,Delivered,Debit Card
3686,1608,2025-04-09,Delivered,Debit Card
3687,2471,2025-09-07,Delivered,Credit Card
3688,2486,2025-03-28,Delivered,Credit Card
3689,3076,2025-07-22,Delivered,Credit Card
3690,4800,2024-09-07,Delivered,PayPal
3691,3254,2024-07-29,Delivered,Debit Card
3692,4664,2024-07-13,Delivered,Credit Card
3693,4153,2024-03-25,Cancelled,Debit Card
3694,3671,2024-07-21,Delivered,Debit Card
3695,1367,2024-06-29,Delivered,Credit Card
3696,2890,2025-07-06,Delivered,Credit Card
3697,560,2024-06-04,Delivered,Credit Card
3698,4620,2024-05-01,Delivered,PayPal
3699,933,2025-06-19,Delivered,PayPal
3700,1193,2025-01-27,Delivered,Debit Card
3701,4685,2024-06-06,Delivered,Credit Card
3702,609,2025-05-30,Delivered,Credit Card
3703,2734,2024-06-06,Delivered,Credit Card
3704,2873,2025-07-27,Delivered,Credit Card
3705,1096,2024-01-24,Delivered,Debit Card
3706,1949,2025-03-06,Delivered,Credit Card
3707,3930,2025-03-11,Delivered,Credit Card
3708,3558,2024-09-29,Delivered,Debit Card
3709,2936,2025-05-17,Delivered,Credit Card
3710,2720,2024-10-04,Delivered,Debit Card
3711,1837,2025-04-22,Delivered,PayPal
3712,3118,2024-06-12,Delivered,Debit Card
3713,92,2025-02-19,Delivered,Wallet
3714,352,2025-07-06,Delivered,Debit Card
3715,3914,2025-12-06,Delivered,PayPal
3716,872,2024-09-20,Delivered,Debit Card
3717,3588,2024-12-11,Delivered,PayPal
3718,81,2024-12-13,Delivered,Credit Card
3719,1311,2025-09-19,Delivered,Credit Card
3720,4691,2025-12-03,Delivered,Credit Card
3721,1329,2025-04-16,Delivered,Debit Card
3722,4914,2025-08-23,Delivered,Credit Card
3723,1358,2024-03-02,Delivered,Wallet
3724,3181,2025-07-08,Delivered,Debit Card
3725,3353,2025-08-14,Delivered,Credit Card
3726,3169,2025-06-05,Cancelled,Debit Card
3727,1471,2025-03-02,Delivered,PayPal
3728,3795,2025-10-18,Delivered,PayPal
3729,1552,2025-04-22,Delivered,Debit Card
3730,4072,2025-09-09,Delivered,Credit Card
3731,1884,2024-05-11,Delivered,PayPal
3732,4185,2025-04-30,Delivered,Wallet
3733,4902,2024-11-15,Delivered,PayPal
3734,3775,2025-09-25,Delivered,Debit Card
3735,2301,2025-10-04,Delivered,Credit Card
3736,2115,2025-09-08,Cancelled,Wallet
3737,1887,2024-06-06,Delivered,Credit Card
3738,1757,2024-12-25,Delivered,Credit Card
3739,2351,2024-01-01,Delivered,Debit Card
3740,2429,2025-12-16,Delivered,Debit Card
3741,3597,2024-07-06,Delivered,PayPal
3742,4449,2025-03-31,Delivered,Debit Card
3743,4419,2024-12-21,Delivered,Credit Card
3744,3022,2025-10-22,Delivered,Debit Card
3745,4955,2025-08-22,Delivered,PayPal
3746,4469,2025-07-21,Delivered,PayPal
3747,2431,2025-04-14,Cancelled,Credit Card
3748,2062,2024-03-28,Delivered,Credit Card
3749,2301,2025-11-01,Delivered,Credit Card
3750,118,2024-02-15,Delivered,PayPal
3751,1652,2024-11-28,Delivered,Debit Card
3752,1915,2024-10-03,Delivered,Debit Card
3753,3896,2024-10-12,Delivered,Credit Card
3754,1313,2025-12-14,Delivered,PayPal
3755,3278,2024-06-17,Delivered,PayPal
3756,1611,2025-02-27,Delivered,Debit Card
3757,1817,2024-06-08,Delivered,Credit Card
3758,345,2025-10-27,Delivered,Debit Card
3759,2593,2025-06-21,Delivered,PayPal
3760,487,2024-10-29,Delivered,Debit Card
3761,1030,2024-02-28,Delivered,PayPal
3762,2509,2024-04-21,Delivered,Credit Card
3763,3470,2024-06-26,Delivered,Credit Card
3764,2021,2024-10-23,Cancelled,Credit Card
3765,1261,2025-10-08,Cancelled,Credit Card
3766,4487,2024-03-28,Delivered,Credit Card
3767,1748,2025-02-25,Delivered,Debit Card
3768,1605,2024-09-10,Delivered,Credit Card
3769,341,2024-02-04,Delivered,PayPal
3770,1760,2025-03-28,Delivered,Credit Card
3771,1100,2025-05-29,Delivered,Credit Card
3772,1770,2025-12-01,Delivered,Credit Card
3773,975,2025-01-04,Cancelled,Credit Card
3774,984,2024-08-25,Cancelled,Debit Card
3775,3677,2025-09-15,Delivered,Debit Card
3776,2373,2024-06-29,Cancelled,Debit Card
3777,3473,2025-05-13,Delivered,PayPal
3778,2884,2025-11-19,Delivered,Credit Card
3779,2691,2024-01-04,Delivered,Debit Card
3780,2333,2025-11-06,Delivered,Credit Card
3781,1936,2024-05-30,Delivered,Credit Card
3782,1311,2024-12-17,Delivered,Credit Card
3783,4448,2024-07-07,Delivered,Debit Card
3784,2046,2024-04-15,Delivered,PayPal
3785,4421,2025-05-27,Delivered,Credit Card
3786,3841,2024-12-17,Delivered,Credit Card
3787,3015,2025-01-06,Delivered,PayPal
3788,4215,2024-12-19,Delivered,PayPal
3789,3290,2025-06-29,Delivered,Debit Card
3790,4079,2025-12-06,Delivered,Credit Card
3791,3983,2025-01-09,Delivered,Credit Card
3792,3230,2024-04-23,Cancelled,PayPal
3793,3614,2024-08-26,Delivered,Credit Card
3794,4088,2024-12-28,Delivered,Debit Card
3795,1125,2024-03-16,Delivered,Credit Card
3796,4384,2024-06-16,Delivered,Debit Card
3797,2517,2024-05-27,Delivered,Debit Card
3798,612,2025-12-11,Cancelled,Credit Card
3799,760,2024-10-19,Delivered,Credit Card
3800,3752,2025-10-03,Delivered,Credit Card
3801,4047,2025-02-06,Delivered,PayPal
3802,3271,2025-01-04,Delivered,Wallet
3803,3268,2025-11-16,Delivered,Credit Card
3804,4329,2025-05-20,Delivered,Credit Card
3805,4896,2024-06-23,Delivered,PayPal
3806,4160,2024-07-24,Delivered,PayPal
3807,683,2025-05-01,Delivered,PayPal
3808,4012,2024-01-02,Delivered,Credit Card
3809,2551,2024-04-21,Delivered,Credit Card
3810,3993,2024-02-24,Delivered,Wallet
3811,3621,2025-06-05,Delivered,Debit Card
3812,3390,2024-11-18,Delivered,Credit Card
3813,4337,2024-01-09,Delivered,PayPal
3814,757,2025-06-25,Delivered,Debit Card
3815,4267,2025-04-23,Delivered,Credit Card
3816,1738,2025-06-08,Delivered,Wallet
3817,1010,2024-04-29,Delivered,Debit Card
3818,3601,2025-09-30,Delivered,Credit Card
3819,4912,2024-05-11,Delivered,Credit Card
3820,440,2025-02-20,Delivered,Debit Card
3821,4907,2025-02-12,Delivered,Debit Card
3822,1713,2024-06-08,Delivered,Credit Card
3823,4846,2024-10-01,Delivered,Debit Card
3824,247,2024-02-08,Delivered,Credit Card
3825,3069,2024-12-10,Delivered,Credit Card
3826,2673,2025-05-09,Delivered,Wallet
3827,4160,2024-08-13,Delivered,Credit Card
3828,2360,2025-01-27,Delivered,PayPal
3829,381,2025-11-27,Delivered,Credit Card
3830,920,2024-06-20,Delivered,Credit Card
3831,1278,2024-07-31,Delivered,Credit Card
3832,4357,2024-03-28,Delivered,Wallet
3833,460,2025-01-30,Delivered,Credit Card
3834,4196,2024-05-28,Delivered,Credit Card
3835,2528,2025-09-15,Delivered,Credit Card
3836,2827,2024-07-31,Delivered,Debit Card
3837,4824,2025-04-29,Delivered,Credit Card
3838,3836,2024-05-18,Delivered,Credit Card
3839,3246,2024-08-23,Delivered,Debit Card
3840,4122,2024-05-04,Delivered,PayPal
3841,2307,2025-02-07,Delivered,PayPal
3842,4656,2024-01-21,Delivered,Wallet
3843,3965,2024-03-01,Delivered,Credit Card
3844,4885,2025-01-01,Delivered,Credit Card
3845,2752,2025-02-02,Delivered,Credit Card
3846,3214,2024-08-28,Delivered,PayPal
3847,2289,2024-11-10,Cancelled,PayPal
3848,4626,2024-10-31,Delivered,Debit Card
3849,3147,2025-07-07,Delivered,Debit Card
3850,793,2024-11-21,Cancelled,Debit Card
3851,2560,2025-09-10,Delivered,Debit Card
3852,666,2024-06-07,Delivered,Credit Card
3853,3208,2024-05-25,Delivered,Debit Card
3854,3498,2024-10-21,Delivered,Credit Card
3855,4014,2024-02-29,Cancelled,Credit Card
3856,768,2025-05-04,Delivered,Credit Card
3857,2313,2024-10-12,Delivered,Wallet
3858,1772,2024-09-24,Delivered,Wallet
3859,2076,2025-01-24,Delivered,PayPal
3860,4699,2024-02-29,Delivered,PayPal
3861,2794,2024-10-02,Delivered,Credit Card
3862,2217,2025-12-10,Delivered,Credit Card
3863,4524,2025-04-03,Delivered,Credit Card
3864,2660,2025-02-23,Cancelled,Credit Card
3865,2115,2025-01-04,Cancelled,PayPal
3866,2702,2024-12-08,Delivered,Credit Card
3867,4239,2025-11-14,Delivered,Wallet
3868,2264,2025-11-10,Delivered,Debit Card
3869,3086,2024-10-25,Delivered,Credit Card
3870,894,2025-11-06,Delivered,PayPal
3871,62,2024-03-01,Delivered,PayPal
3872,337,2024-08-21,Cancelled,Debit Card
3873,2382,2024-08-08,Delivered,Credit Card
3874,3593,2025-05-24,Delivered,Credit Card
3875,1053,2025-03-18,Delivered,Debit Card
3876,4716,2024-12-11,Delivered,PayPal
3877,752,2024-07-05,Delivered,Credit Card
3878,3482,2025-01-05,Delivered,PayPal
3879,1173,2024-07-15,Cancelled,Credit Card
3880,296,2024-12-29,Delivered,Wallet
3881,3563,2024-09-04,Delivered,Credit Card
3882,2591,2025-10-10,Cancelled,PayPal
3883,3137,2025-06-28,Delivered,Credit Card
3884,4708,2024-05-07,Delivered,PayPal
3885,2685,2025-11-17,Delivered,PayPal
3886,4207,2025-04-25,Delivered,Credit Card
3887,2477,2024-09-12,Delivered,Credit Card
3888,1746,2025-01-22,Delivered,Wallet
3889,1946,2024-05-22,Delivered,Wallet
3890,1725,2024-02-04,Delivered,PayPal
3891,4433,2024-11-03,Delivered,Credit Card
3892,2557,2025-07-24,Delivered,Credit Card
3893,4663,2024-09-13,Delivered,Credit Card
3894,1257,2024-10-07,Delivered,PayPal
3895,3823,2025-12-23,Delivered,Credit Card
3896,578,2025-12-21,Cancelled,Credit Card
3897,1442,2024-12-04,Cancelled,Wallet
3898,167,2024-02-02,Delivered,Debit Card
3899,4570,2025-05-10,Delivered,Debit Card
3900,1492,2025-06-05,Delivered,Wallet
3901,4096,2025-10-29,Delivered,Debit Card
3902,2129,2025-11-23,Delivered,Credit Card
3903,621,2025-04-04,Delivered,Wallet
3904,1719,2024-03-19,Delivered,Wallet
3905,1709,2024-07-01,Delivered,Credit Card
3906,2545,2025-06-07,Delivered,Credit Card
3907,1639,2025-03-19,Delivered,Credit Card
3908,3381,2024-11-14,Cancelled,Credit Card
3909,3651,2024-10-20,Delivered,Credit Card
3910,777,2025-06-01,Delivered,Credit Card
3911,2620,2024-11-04,Delivered,Debit Card
3912,2894,2024-04-22,Delivered,Credit Card
3913,1335,2025-12-15,Delivered,PayPal
3914,3859,2024-09-12,Delivered,Debit Card
3915,1154,2024-07-22,Delivered,Credit Card
3916,4358,2024-02-20,Delivered,PayPal
3917,2288,2024-12-08,Delivered,Debit Card
3918,1831,2025-12-20,Delivered,PayPal
3919,3330,2024-04-26,Delivered,PayPal
3920,3099,2024-06-27,Delivered,PayPal
3921,2544,2024-05-10,Delivered,PayPal
3922,3434,2024-03-09,Delivered,PayPal
3923,1306,2025-03-16,Delivered,Credit Card
3924,4045,2024-08-05,Delivered,Debit Card
3925,3100,2025-07-02,Delivered,Debit Card
3926,1065,2024-10-19,Delivered,Wallet
3927,4995,2025-04-09,Delivered,Debit Card
3928,4328,2024-03-06,Cancelled,Credit Card
3929,884,2024-08-28,Delivered,Debit Card
3930,3923,2024-10-29,Delivered,Credit Card
3931,2642,2024-02-13,Delivered,Debit Card
3932,3848,2024-11-02,Delivered,Debit Card
3933,1879,2024-12-09,Delivered,Wallet
3934,1222,2024-10-21,Delivered,Credit Card
3935,1093,2025-01-03,Delivered,Wallet
3936,331,2025-08-04,Delivered,PayPal
3937,4378,2025-07-16,Delivered,Credit Card
3938,1563,2024-01-11,Delivered,Credit Card
3939,4789,2025-04-12,Cancelled,Wallet
3940,1130,2025-10-21,Delivered,PayPal
3941,1751,2025-09-28,Delivered,Credit Card
3942,4395,2024-08-24,Cancelled,Debit Card
3943,1737,2025-07-25,Delivered,Credit Card
3944,3793,2025-08-07,Delivered,Debit Card
3945,459,2024-09-24,Delivered,Credit Card
3946,4771,2025-09-26,Delivered,Credit Card
3947,3089,2025-04-06,Delivered,Credit Card
3948,3752,2025-07-02,Cancelled,Debit Card
3949,133,2025-06-29,Delivered,Credit Card
3950,4823,2025-07-24,Delivered,PayPal
3951,2482,2025-11-29,Delivered,PayPal
3952,1060,2025-09-17,Delivered,Debit Card
3953,765,2024-11-04,Delivered,Wallet
3954,436,2025-02-14,Delivered,PayPal
3955,3362,2025-04-18,Delivered,Credit Card
3956,1065,2025-09-17,Delivered,Credit Card
3957,4645,2024-10-13,Delivered,Debit Card
3958,1139,2024-08-16,Delivered,PayPal
3959,444,2025-06-22,Delivered,Wallet
3960,4264,2025-11-27,Delivered,Credit Card
3961,3889,2025-10-27,Delivered,Credit Card
3962,2595,2024-04-18,Delivered,PayPal
3963,4153,2025-11-02,Delivered,PayPal
3964,3630,2025-07-30,Delivered,Debit Card
3965,882,2024-04-24,Delivered,Debit Card
3966,2079,2024-01-05,Delivered,PayPal
3967,4614,2024-05-28,Delivered,Debit Card
3968,3391,2025-11-09,Delivered,PayPal
3969,3105,2025-07-05,Delivered,Wallet
3970,887,2025-02-23,Delivered,Credit Card
3971,2675,2025-04-05,Delivered,Credit Card
3972,829,2024-10-28,Cancelled,Wallet
3973,3358,2025-10-22,Delivered,Credit Card
3974,1111,2024-04-24,Delivered,Credit Card
3975,1441,2024-08-17,Delivered,Debit Card
3976,2869,2024-05-26,Delivered,Debit Card
3977,128,2025-09-11,Delivered,Credit Card
3978,3498,2025-01-29,Delivered,PayPal
3979,2211,2025-05-14,Delivered,Credit Card
3980,2562,2025-11-02,Cancelled,Credit Card
3981,3717,2024-05-22,Delivered,Credit Card
3982,3852,2025-12-05,Delivered,Debit Card
3983,4594,2024-04-02,Delivered,PayPal
3984,900,2025-07-04,Delivered,Debit Card
3985,2151,2025-05-27,Delivered,PayPal
3986,477,2025-08-25,Delivered,Credit Card
3987,1319,2024-04-25,Delivered,Credit Card
3988,2759,2025-12-01,Cancelled,Credit Card
3989,657,2025-08-02,Delivered,PayPal
3990,2229,2024-03-21,Delivered,Debit Card
3991,4678,2025-02-10,Delivered,PayPal
3992,355,2025-08-19,Delivered,Credit Card
3993,1155,2024-12-14,Delivered,Wallet
3994,1414,2024-10-05,Delivered,PayPal
3995,4556,2024-07-20,Delivered,Wallet
3996,3673,2025-01-11,Cancelled,Credit Card
3997,919,2025-12-19,Delivered,Credit Card
3998,3504,2025-03-19,Delivered,Debit Card
3999,91,2025-06-11,Delivered,Debit Card
4000,3991,2025-07-23,Delivered,PayPal
4001,1122,2025-07-21,Delivered,Credit Card
4002,3560,2024-10-19,Delivered,Debit Card
4003,2464,2025-07-15,Delivered,Credit Card
4004,3668,2024-08-27,Delivered,Debit Card
4005,1744,2025-03-02,Delivered,Credit Card
4006,2655,2024-08-08,Cancelled,Wallet
4007,4539,2025-11-16,Delivered,Credit Card
4008,4014,2025-06-17,Cancelled,Debit Card
4009,2726,2025-03-02,Delivered,Credit Card
4010,4614,2024-11-25,Delivered,Credit Card
4011,589,2025-01-14,Delivered,Debit Card
4012,3502,2025-07-23,Delivered,Credit Card
4013,3127,2024-07-18,Delivered,Debit Card
4014,1284,2025-08-27,Delivered,Credit Card
4015,1945,2024-07-24,Delivered,PayPal
4016,2029,2024-04-13,Delivered,PayPal
4017,3395,2025-06-21,Delivered,PayPal
4018,3124,2025-06-01,Delivered,Credit Card
4019,3931,2024-09-01,Delivered,Debit Card
4020,3287,2025-04-18,Cancelled,Credit Card
4021,4928,2025-06-15,Delivered,Credit Card
4022,4150,2025-07-29,Delivered,PayPal
4023,2884,2025-11-26,Delivered,Credit Card
4024,93,2025-09-15,Delivered,Credit Card
4025,1834,2024-11-16,Delivered,PayPal
4026,639,2024-06-17,Delivered,Credit Card
4027,2169,2024-03-12,Delivered,Credit Card
4028,4967,2025-02-22,Delivered,Wallet
4029,2014,2025-05-01,Delivered,Credit Card
4030,4087,2025-05-19,Delivered,PayPal
4031,2253,2024-01-07,Cancelled,Credit Card
4032,2884,2025-05-26,Delivered,Wallet
4033,151,2025-07-28,Delivered,PayPal
4034,3439,2025-06-10,Delivered,Credit Card
4035,1237,2025-01-18,Delivered,Wallet
4036,2301,2024-01-12,Delivered,Credit Card
4037,4939,2024-12-23,Delivered,PayPal
4038,1117,2025-04-15,Delivered,Debit Card
4039,4641,2025-02-19,Delivered,Credit Card
4040,4145,2025-02-23,Delivered,Debit Card
4041,242,2025-01-11,Delivered,Credit Card
4042,1847,2025-02-06,Delivered,Debit Card
4043,4898,2024-08-24,Delivered,Debit Card
4044,2271,2025-03-17,Delivered,Credit Card
4045,3960,2024-07-24,Cancelled,PayPal
4046,4595,2024-12-24,Cancelled,Wallet
4047,14,2024-10-30,Delivered,Debit Card
4048,3657,2025-06-05,Delivered,Debit Card
4049,4568,2025-10-15,Delivered,Credit Card
4050,2889,2025-04-07,Delivered,Wallet
4051,4802,2024-04-08,Cancelled,PayPal
4052,3497,2025-05-02,Delivered,Wallet
4053,3144,2024-08-25,Delivered,PayPal
4054,619,2024-02-06,Delivered,Credit Card
4055,3942,2024-05-20,Delivered,Credit Card
4056,4278,2025-12-30,Delivered,Debit Card
4057,1663,2024-11-07,Delivered,Credit Card
4058,791,2024-05-27,Delivered,Debit Card
4059,2862,2024-04-07,Delivered,Credit Card
4060,4694,2025-04-19,Delivered,PayPal
4061,3658,2025-07-09,Delivered,Debit Card
4062,4053,2024-09-14,Delivered,Credit Card
4063,2807,2024-03-16,Delivered,PayPal
4064,2089,2024-09-15,Delivered,Credit Card
4065,1524,2025-04-30,Cancelled,Credit Card
4066,4038,2024-03-24,Delivered,Credit Card
4067,3247,2024-07-14,Delivered,Credit Card
4068,3740,2024-01-02,Delivered,Credit Card
4069,4193,2024-12-10,Cancelled,Credit Card
4070,4897,2024-05-04,Delivered,Credit Card
4071,4181,2024-05-25,Delivered,Credit Card
4072,2233,2024-03-23,Delivered,Debit Card
4073,661,2025-06-17,Delivered,PayPal
4074,2797,2024-12-23,Delivered,Credit Card
4075,2228,2025-11-23,Delivered,Credit Card
4076,4676,2024-10-15,Delivered,Credit Card
4077,194,2024-06-10,Cancelled,Credit Card
4078,4281,2024-05-28,Delivered,Credit Card
4079,3164,2025-11-26,Delivered,Debit Card
4080,352,2025-03-06,Cancelled,PayPal
4081,1211,2024-08-25,Delivered,PayPal
4082,312,2025-04-22,Delivered,Wallet
4083,4652,2025-02-11,Delivered,Wallet
4084,3225,2024-03-24,Delivered,Credit Card
4085,3092,2025-05-27,Delivered,Credit Card
4086,2601,2024-03-28,Delivered,Debit Card
4087,2004,2024-05-25,Cancelled,Debit Card
4088,857,2025-06-04,Delivered,Debit Card
4089,3658,2024-11-20,Delivered,Debit Card
4090,660,2024-06-11,Delivered,Wallet
4091,1037,2024-02-19,Delivered,Debit Card
4092,4885,2025-03-09,Delivered,Wallet
4093,458,2025-05-23,Delivered,Wallet
4094,4755,2024-05-28,Delivered,Credit Card
4095,437,2024-10-31,Delivered,Credit Card
4096,2433,2024-09-08,Delivered,Credit Card
4097,2915,2025-10-12,Cancelled,Credit Card
4098,568,2025-07-31,Delivered,PayPal
4099,4445,2024-07-19,Delivered,Wallet
4100,4787,2025-01-09,Delivered,Credit Card
4101,1114,2025-11-05,Delivered,Credit Card
4102,1109,2024-09-09,Delivered,PayPal
4103,3801,2024-04-12,Delivered,Debit Card
4104,1859,2024-08-05,Delivered,PayPal
4105,189,2025-03-19,Delivered,Credit Card
4106,3751,2025-12-25,Delivered,Credit Card
4107,1767,2024-08-12,Cancelled,Credit Card
4108,2036,2024-02-12,Delivered,Credit Card
4109,3269,2024-05-12,Delivered,Credit Card
4110,2886,2024-10-28,Delivered,Credit Card
4111,4132,2024-03-09,Delivered,Debit Card
4112,3990,2024-01-26,Delivered,PayPal
4113,4716,2025-04-23,Delivered,Credit Card
4114,4591,2025-08-24,Delivered,PayPal
4115,3163,2024-06-19,Delivered,Credit Card
4116,2783,2025-01-16,Delivered,Debit Card
4117,2314,2025-02-22,Delivered,Credit Card
4118,3323,2025-05-02,Delivered,PayPal
4119,304,2025-12-15,Delivered,Credit Card
4120,2012,2025-10-08,Cancelled,Credit Card
4121,1379,2024-08-18,Delivered,Wallet
4122,2783,2025-12-13,Delivered,Credit Card
4123,4616,2024-01-26,Delivered,PayPal
4124,2405,2025-12-03,Cancelled,PayPal
4125,2915,2024-04-14,Delivered,Credit Card
4126,2014,2024-03-24,Delivered,Credit Card
4127,1714,2024-03-28,Delivered,PayPal
4128,3406,2024-03-30,Delivered,Wallet
4129,1245,2024-12-04,Delivered,Credit Card
4130,4396,2025-04-12,Cancelled,PayPal
4131,569,2025-06-27,Delivered,PayPal
4132,1112,2024-01-12,Delivered,Debit Card
4133,3759,2024-08-04,Delivered,PayPal
4134,415,2024-04-06,Delivered,Credit Card
4135,2062,2024-04-16,Delivered,Debit Card
4136,1889,2025-06-28,Delivered,Wallet
4137,4683,2025-04-12,Delivered,PayPal
4138,795,2024-06-02,Delivered,Credit Card
4139,2272,2024-08-07,Delivered,Debit Card
4140,2299,2025-11-06,Delivered,Credit Card
4141,4092,2025-02-23,Delivered,Credit Card
4142,2705,2024-06-23,Delivered,Credit Card
4143,652,2025-11-12,Delivered,Credit Card
4144,4353,2024-05-24,Cancelled,Debit Card
4145,755,2024-07-31,Delivered,Credit Card
4146,3475,2025-05-20,Delivered,PayPal
4147,1367,2025-01-09,Delivered,PayPal
4148,610,2024-02-20,Delivered,Debit Card
4149,957,2025-08-11,Delivered,Credit Card
4150,4721,2024-06-15,Delivered,Wallet
4151,4884,2025-05-19,Delivered,Credit Card
4152,3002,2024-09-01,Delivered,Debit Card
4153,4041,2025-07-02,Delivered,Credit Card
4154,4515,2025-10-17,Delivered,Wallet
4155,1743,2025-07-17,Delivered,Credit Card
4156,3788,2025-11-03,Delivered,Wallet
4157,2600,2025-01-29,Delivered,Wallet
4158,866,2024-02-17,Delivered,Wallet
4159,2667,2025-01-26,Delivered,PayPal
4160,230,2024-12-02,Delivered,PayPal
4161,3037,2025-06-08,Cancelled,Wallet
4162,1301,2024-06-30,Delivered,Credit Card
4163,519,2025-05-24,Delivered,PayPal
4164,3527,2024-11-18,Delivered,Credit Card
4165,1745,2025-05-04,Delivered,Credit Card
4166,2236,2024-11-02,Delivered,Credit Card
4167,430,2024-10-05,Cancelled,Wallet
4168,400,2024-06-05,Delivered,Credit Card
4169,4596,2025-08-27,Delivered,Debit Card
4170,3000,2024-02-20,Delivered,Debit Card
4171,2018,2024-06-21,Delivered,Debit Card
4172,3330,2024-11-07,Delivered,Credit Card
4173,3636,2024-04-23,Delivered,Debit Card
4174,569,2025-10-31,Delivered,Debit Card
4175,4605,2024-09-08,Delivered,Wallet
4176,3278,2024-06-25,Delivered,Wallet
4177,1548,2024-07-04,Delivered,Credit Card
4178,1344,2024-05-19,Delivered,Credit Card
4179,440,2025-04-29,Delivered,Debit Card
4180,1283,2024-12-17,Cancelled,Debit Card
4181,1682,2024-06-17,Delivered,PayPal
4182,1066,2025-09-29,Delivered,PayPal
4183,3355,2025-04-24,Delivered,Credit Card
4184,1263,2024-10-21,Cancelled,PayPal
4185,2499,2025-01-09,Delivered,Credit Card
4186,2794,2025-04-24,Cancelled,Wallet
4187,375,2024-04-21,Delivered,Credit Card
4188,844,2025-08-13,Delivered,PayPal
4189,351,2024-07-07,Delivered,Credit Card
4190,3455,2024-01-22,Delivered,Debit Card
4191,3498,2025-01-15,Delivered,Credit Card
4192,647,2025-10-01,Delivered,PayPal
4193,3683,2025-06-19,Delivered,Wallet
4194,4057,2024-08-13,Cancelled,PayPal
4195,548,2024-10-17,Delivered,Debit Card
4196,585,2025-03-11,Delivered,Credit Card
4197,3974,2024-06-18,Delivered,Wallet
4198,1544,2025-08-21,Delivered,Credit Card
4199,1728,2024-08-03,Delivered,Debit Card
4200,2943,2024-06-07,Delivered,Credit Card
4201,342,2024-03-10,Delivered,PayPal
4202,2190,2025-05-21,Delivered,Credit Card
4203,1670,2024-01-19,Delivered,Credit Card
4204,4114,2025-08-10,Delivered,Credit Card
4205,3653,2025-12-11,Delivered,Debit Card
4206,1434,2024-03-22,Delivered,Credit Card
4207,3279,2024-03-11,Delivered,Wallet
4208,2014,2025-11-13,Delivered,PayPal
4209,2408,2024-04-01,Delivered,Wallet
4210,3677,2024-10-24,Delivered,Credit Card
4211,1399,2025-09-27,Delivered,Debit Card
4212,2891,2024-04-11,Delivered,Debit Card
4213,2090,2025-04-29,Delivered,Wallet
4214,3251,2024-10-06,Delivered,Credit Card
4215,1909,2024-11-14,Delivered,Credit Card
4216,4677,2025-11-10,Delivered,Credit Card
4217,1951,2025-04-18,Delivered,Debit Card
4218,548,2024-08-21,Cancelled,PayPal
4219,2449,2025-11-13,Delivered,Credit Card
4220,1194,2025-02-27,Delivered,Debit Card
4221,2277,2024-03-13,Delivered,Credit Card
4222,4604,2024-10-13,Delivered,Credit Card
4223,513,2024-06-26,Delivered,Wallet
4224,213,2025-04-13,Delivered,PayPal
4225,1451,2025-09-20,Delivered,Wallet
4226,2180,2024-01-29,Delivered,Credit Card
4227,646,2025-07-23,Delivered,PayPal
4228,3480,2025-10-30,Delivered,Debit Card
4229,3011,2025-12-26,Delivered,Debit Card
4230,3509,2025-04-27,Delivered,Credit Card
4231,2115,2024-08-17,Delivered,Credit Card
4232,4654,2024-04-16,Delivered,Credit Card
4233,3360,2025-11-20,Delivered,PayPal
4234,4604,2024-10-28,Delivered,PayPal
4235,439,2024-09-07,Delivered,Debit Card
4236,3337,2025-06-19,Delivered,Credit Card
4237,1725,2025-06-06,Delivered,PayPal
4238,965,2025-08-13,Delivered,Credit Card
4239,902,2025-10-06,Delivered,PayPal
4240,983,2025-10-02,Delivered,Credit Card
4241,461,2024-05-04,Delivered,PayPal
4242,2273,2024-05-03,Delivered,Credit Card
4243,3868,2024-05-30,Delivered,Credit Card
4244,2318,2025-04-02,Delivered,Debit Card
4245,655,2025-02-28,Delivered,Debit Card
4246,3536,2025-09-17,Delivered,Credit Card
4247,875,2025-09-07,Delivered,Debit Card
4248,4345,2025-08-16,Cancelled,Credit Card
4249,1834,2024-02-27,Delivered,Wallet
4250,7,2025-05-22,Delivered,Credit Card
4251,1464,2025-09-13,Delivered,Credit Card
4252,4163,2025-12-18,Delivered,Debit Card
4253,4600,2024-09-07,Delivered,PayPal
4254,2110,2025-07-20,Delivered,Credit Card
4255,4944,2024-10-23,Delivered,Debit Card
4256,1159,2024-04-27,Delivered,Wallet
4257,2113,2024-09-05,Delivered,Credit Card
4258,2293,2024-07-02,Delivered,Credit Card
4259,1006,2025-10-27,Delivered,Credit Card
4260,1916,2024-05-08,Delivered,Wallet
4261,2491,2024-04-05,Delivered,Credit Card
4262,3498,2025-02-27,Delivered,Credit Card
4263,2479,2025-02-23,Delivered,Wallet
4264,518,2025-02-13,Delivered,PayPal
4265,2331,2024-04-18,Delivered,Debit Card
4266,4243,2024-12-29,Delivered,Credit Card
4267,102,2025-11-08,Delivered,Debit Card
4268,4991,2024-03-06,Delivered,PayPal
4269,642,2025-08-05,Delivered,Credit Card
4270,46,2024-04-01,Delivered,Credit Card
4271,706,2024-06-19,Delivered,Wallet
4272,1252,2025-10-17,Delivered,PayPal
4273,1759,2024-08-05,Delivered,Credit Card
4274,4149,2025-01-16,Delivered,Wallet
4275,2904,2024-10-05,Delivered,Debit Card
4276,3194,2025-03-24,Delivered,Wallet
4277,4390,2024-10-22,Delivered,Credit Card
4278,658,2024-11-19,Delivered,Credit Card
4279,1117,2025-08-19,Delivered,Debit Card
4280,4841,2025-02-08,Delivered,Credit Card
4281,3857,2025-02-16,Delivered,Credit Card
4282,297,2025-08-11,Delivered,Debit Card
4283,1132,2024-11-08,Delivered,Debit Card
4284,1868,2025-08-24,Delivered,Credit Card
4285,164,2025-06-09,Delivered,Credit Card
4286,2915,2025-10-07,Delivered,Debit Card
4287,3250,2024-11-30,Delivered,Debit Card
4288,1680,2025-02-11,Delivered,Debit Card
4289,1074,2024-04-03,Delivered,Credit Card
4290,2128,2024-03-22,Delivered,Credit Card
4291,4599,2024-03-19,Delivered,PayPal
4292,3593,2025-04-07,Delivered,PayPal
4293,4668,2024-08-25,Delivered,Debit Card
4294,2765,2024-07-29,Delivered,Debit Card
4295,526,2025-03-16,Delivered,Credit Card
4296,300,2024-10-17,Delivered,Credit Card
4297,974,2024-04-08,Delivered,Debit Card
4298,2606,2025-02-10,Delivered,Debit Card
4299,1053,2025-02-05,Delivered,Credit Card
4300,1587,2024-04-11,Delivered,Credit Card
4301,4558,2024-07-15,Delivered,Wallet
4302,218,2024-06-22,Delivered,Debit Card
4303,391,2025-05-22,Delivered,PayPal
4304,1949,2024-06-30,Delivered,Debit Card
4305,3756,2024-01-21,Delivered,PayPal
4306,4119,2024-07-13,Delivered,Credit Card
4307,1439,2024-12-08,Delivered,Credit Card
4308,1454,2025-07-15,Delivered,Debit Card
4309,2913,2024-02-08,Delivered,Debit Card
4310,4330,2025-10-05,Delivered,Credit Card
4311,887,2024-08-29,Delivered,Debit Card
4312,4462,2024-09-07,Cancelled,Credit Card
4313,4033,2024-01-12,Delivered,Credit Card
4314,1339,2024-07-20,Delivered,Wallet
4315,3354,2024-12-08,Delivered,Debit Card
4316,3145,2025-04-02,Cancelled,Credit Card
4317,106,2025-07-13,Delivered,Credit Card
4318,2009,2025-01-16,Delivered,Wallet
4319,1186,2024-03-14,Delivered,Wallet
4320,341,2024-10-12,Delivered,Credit Card
4321,2332,2025-06-20,Cancelled,Credit Card
4322,3514,2025-04-11,Delivered,Debit Card
4323,2656,2025-03-02,Delivered,Credit Card
4324,444,2025-01-06,Delivered,Debit Card
4325,4137,2025-01-03,Delivered,Credit Card
4326,353,2025-12-25,Delivered,Credit Card
4327,1935,2025-03-13,Delivered,Debit Card
4328,2842,2025-03-11,Delivered,Credit Card
4329,4635,2024-09-02,Cancelled,Debit Card
4330,3770,2024-12-23,Delivered,Credit Card
4331,970,2025-06-02,Cancelled,Debit Card
4332,2139,2025-09-18,Delivered,Wallet
4333,4289,2025-07-23,Delivered,Debit Card
4334,1239,2025-04-28,Delivered,Debit Card
4335,4522,2025-07-22,Delivered,Debit Card
4336,2668,2024-01-25,Delivered,PayPal
4337,3134,2024-07-15,Delivered,Debit Card
4338,3315,2024-06-26,Delivered,Credit Card
4339,4838,2025-04-22,Delivered,Credit Card
4340,3439,2025-07-03,Delivered,Debit Card
4341,2053,2024-04-18,Delivered,PayPal
4342,2951,2024-05-20,Delivered,Credit Card
4343,3497,2024-12-27,Delivered,Debit Card
4344,2991,2025-12-07,Delivered,Debit Card
4345,51,2024-01-02,Delivered,Credit Card
4346,4510,2025-10-04,Delivered,Debit Card
4347,1374,2024-05-21,Delivered,Credit Card
4348,3255,2024-07-15,Delivered,Debit Card
4349,2832,2025-04-06,Cancelled,PayPal
4350,601,2025-06-16,Delivered,Wallet
4351,4380,2025-09-30,Delivered,Debit Card
4352,417,2024-01-05,Delivered,Credit Card
4353,4765,2024-02-05,Cancelled,PayPal
4354,4609,2024-12-15,Delivered,PayPal
4355,2898,2025-02-11,Delivered,Credit Card
4356,4772,2024-07-09,Delivered,Credit Card
4357,4280,2025-04-09,Delivered,Credit Card
4358,4500,2024-07-12,Delivered,Debit Card
4359,3997,2025-11-11,Cancelled,Credit Card
4360,4646,2024-05-09,Delivered,Credit Card
4361,3869,2025-04-23,Delivered,Debit Card
4362,4402,2025-01-22,Delivered,Wallet
4363,558,2024-03-16,Delivered,Credit Card
4364,2135,2025-03-17,Delivered,Debit Card
4365,2394,2024-04-17,Delivered,Wallet
4366,4548,2025-01-28,Delivered,Wallet
4367,2432,2025-04-09,Delivered,Credit Card
4368,2200,2024-02-22,Delivered,Credit Card
4369,3938,2024-06-06,Delivered,Credit Card
4370,3251,2024-08-03,Delivered,Credit Card
4371,2931,2025-11-08,Delivered,Debit Card
4372,4569,2024-06-10,Delivered,Debit Card
4373,4100,2025-11-03,Delivered,PayPal
4374,3557,2025-01-24,Delivered,Debit Card
4375,4783,2025-11-23,Delivered,PayPal
4376,242,2025-08-29,Delivered,PayPal
4377,2774,2024-08-01,Delivered,Debit Card
4378,156,2025-02-12,Delivered,Credit Card
4379,3959,2025-06-07,Delivered,PayPal
4380,636,2024-02-27,Delivered,Debit Card
4381,2803,2025-04-29,Delivered,Credit Card
4382,3913,2024-12-01,Delivered,Credit Card
4383,3129,2024-01-26,Delivered,Debit Card
4384,294,2025-09-24,Delivered,Credit Card
4385,2381,2024-07-12,Delivered,PayPal
4386,3899,2025-09-30,Cancelled,Credit Card
4387,4798,2024-05-30,Delivered,Debit Card
4388,4491,2025-01-30,Delivered,Credit Card
4389,4088,2024-09-27,Delivered,Debit Card
4390,1535,2025-10-13,Delivered,PayPal
4391,3760,2025-11-26,Delivered,Credit Card
4392,835,2025-07-16,Delivered,Credit Card
4393,1648,2025-09-09,Delivered,Credit Card
4394,1418,2025-07-15,Delivered,Credit Card
4395,2428,2024-08-02,Delivered,Debit Card
4396,4377,2025-11-02,Delivered,Credit Card
4397,4315,2025-01-21,Delivered,Credit Card
4398,4464,2024-09-07,Delivered,Debit Card
4399,4682,2024-05-20,Delivered,PayPal
4400,141,2025-06-02,Cancelled,Credit Card
4401,4988,2024-07-21,Delivered,PayPal
4402,4388,2025-04-21,Delivered,Wallet
4403,3673,2024-02-17,Delivered,Debit Card
4404,403,2025-04-08,Delivered,PayPal
4405,3655,2025-04-14,Delivered,Debit Card
4406,3378,2025-01-18,Delivered,Credit Card
4407,470,2025-04-24,Delivered,Wallet
4408,1010,2025-12-26,Delivered,Wallet
4409,3758,2025-09-04,Cancelled,Credit Card
4410,836,2024-11-16,Delivered,Credit Card
4411,1734,2025-09-28,Delivered,Credit Card
4412,3041,2025-11-27,Delivered,Debit Card
4413,4324,2024-04-26,Delivered,Wallet
4414,1423,2024-09-19,Delivered,Credit Card
4415,57,2025-06-26,Delivered,Debit Card
4416,4257,2025-01-10,Delivered,PayPal
4417,4672,2024-04-08,Delivered,Credit Card
4418,4273,2024-12-10,Delivered,Debit Card
4419,2420,2024-09-29,Delivered,Credit Card
4420,3601,2025-06-23,Delivered,Credit Card
4421,640,2025-01-11,Delivered,Debit Card
4422,3187,2024-04-12,Delivered,Credit Card
4423,3005,2024-02-06,Delivered,Debit Card
4424,3178,2024-07-28,Delivered,Credit Card
4425,3461,2024-04-24,Delivered,PayPal
4426,4448,2025-10-01,Delivered,Debit Card
4427,3899,2024-07-16,Delivered,Wallet
4428,184,2025-04-08,Delivered,PayPal
4429,3510,2024-04-03,Delivered,PayPal
4430,3648,2024-11-18,Delivered,Credit Card
4431,2767,2025-11-12,Delivered,Credit Card
4432,3119,2025-04-14,Delivered,PayPal
4433,410,2024-07-29,Delivered,PayPal
4434,1309,2025-06-29,Delivered,Debit Card
4435,4315,2024-12-31,Delivered,Credit Card
4436,12,2024-06-20,Delivered,Credit Card
4437,4918,2025-12-28,Delivered,Credit Card
4438,1114,2025-11-15,Delivered,Credit Card
4439,3891,2025-02-17,Cancelled,PayPal
4440,1100,2024-01-25,Delivered,Debit Card
4441,174,2024-10-27,Delivered,Debit Card
4442,3024,2025-01-10,Delivered,Credit Card
4443,3779,2025-11-09,Delivered,PayPal
4444,427,2025-06-19,Delivered,Credit Card
4445,1349,2024-06-11,Delivered,Credit Card
4446,1523,2025-01-07,Delivered,PayPal
4447,4811,2024-05-11,Delivered,Debit Card
4448,1552,2024-12-11,Delivered,Credit Card
4449,318,2025-01-25,Delivered,Credit Card
4450,4926,2025-01-07,Delivered,Credit Card
4451,462,2024-11-07,Delivered,Debit Card
4452,2437,2024-11-15,Delivered,Credit Card
4453,907,2025-08-04,Delivered,Debit Card
4454,1262,2025-01-04,Delivered,Credit Card
4455,3766,2024-01-31,Delivered,Debit Card
4456,681,2025-06-24,Delivered,PayPal
4457,3258,2025-03-26,Delivered,PayPal
4458,2832,2025-05-22,Delivered,Credit Card
4459,3637,2025-06-02,Delivered,Credit Card
4460,801,2024-05-06,Delivered,Credit Card
4461,1770,2025-12-10,Delivered,Credit Card
4462,18,2025-12-23,Delivered,Credit Card
4463,4398,2024-04-16,Delivered,Credit Card
4464,4946,2024-06-08,Delivered,PayPal
4465,2232,2024-06-28,Delivered,PayPal
4466,2650,2025-12-06,Delivered,Debit Card
4467,671,2025-11-11,Cancelled,Credit Card
4468,4381,2024-07-12,Delivered,Debit Card
4469,3838,2025-04-05,Delivered,Debit Card
4470,575,2024-06-26,Cancelled,Debit Card
4471,2648,2024-01-28,Delivered,Credit Card
4472,859,2024-06-17,Delivered,PayPal
4473,2968,2024-02-26,Delivered,Credit Card
4474,3284,2025-09-10,Delivered,Credit Card
4475,1926,2025-07-27,Cancelled,Credit Card
4476,2208,2024-05-14,Delivered,Credit Card
4477,3554,2025-02-18,Delivered,Wallet
4478,780,2024-05-29,Delivered,Debit Card
4479,178,2025-02-16,Delivered,PayPal
4480,2083,2025-10-16,Delivered,Wallet
4481,2456,2025-10-04,Delivered,Debit Card
4482,1432,2025-08-31,Delivered,PayPal
4483,2136,2024-06-25,Delivered,Wallet
4484,512,2024-05-19,Delivered,Credit Card
4485,3733,2024-04-27,Cancelled,Credit Card
4486,3833,2024-04-02,Delivered,Credit Card
4487,1330,2025-03-24,Delivered,Debit Card
4488,3259,2025-04-25,Delivered,PayPal
4489,1169,2025-10-06,Delivered,Credit Card
4490,1977,2024-03-06,Delivered,PayPal
4491,1600,2024-07-12,Delivered,Debit Card
4492,4855,2025-06-15,Delivered,Credit Card
4493,2403,2025-05-12,Delivered,Debit Card
4494,3165,2024-11-08,Delivered,PayPal
4495,1050,2024-04-21,Delivered,Credit Card
4496,4637,2024-12-19,Delivered,Credit Card
4497,3422,2024-05-05,Delivered,Debit Card
4498,529,2025-01-25,Delivered,Credit Card
4499,1659,2025-10-20,Delivered,Credit Card
4500,2530,2024-05-22,Delivered,PayPal
4501,2108,2024-03-27,Delivered,Credit Card
4502,4004,2025-06-22,Delivered,Credit Card
4503,2788,2024-01-18,Cancelled,PayPal
4504,2786,2025-12-18,Delivered,Debit Card
4505,1885,2025-07-19,Delivered,Credit Card
4506,4222,2024-10-21,Delivered,Credit Card
4507,3507,2024-09-21,Delivered,Credit Card
4508,3530,2024-10-09,Delivered,Credit Card
4509,3281,2024-10-16,Delivered,Wallet
4510,3325,2025-09-04,Delivered,Credit Card
4511,3785,2025-08-06,Delivered,Credit Card
4512,1171,2024-05-29,Delivered,PayPal
4513,2616,2024-05-11,Delivered,PayPal
4514,657,2025-01-29,Delivered,Debit Card
4515,1838,2025-04-19,Delivered,Credit Card
4516,1457,2025-06-14,Delivered,Credit Card
4517,1006,2024-08-16,Delivered,Wallet
4518,2737,2024-12-18,Cancelled,Debit Card
4519,2185,2024-03-17,Delivered,PayPal
4520,2271,2024-11-28,Cancelled,Credit Card
4521,4366,2025-05-16,Delivered,PayPal
4522,1810,2024-08-10,Delivered,Wallet
4523,606,2024-08-20,Delivered,Credit Card
4524,3956,2024-12-03,Delivered,Credit Card
4525,1078,2025-09-24,Delivered,Credit Card
4526,4868,2025-03-16,Delivered,PayPal
4527,3327,2025-11-01,Delivered,Credit Card
4528,1279,2024-02-15,Delivered,Credit Card
4529,2875,2025-09-11,Delivered,Debit Card
4530,4663,2024-02-01,Cancelled,PayPal
4531,4581,2024-08-23,Delivered,Credit Card
4532,1985,2024-11-07,Delivered,Wallet
4533,146,2024-06-21,Delivered,Credit Card
4534,399,2025-12-23,Delivered,Debit Card
4535,4393,2025-10-13,Delivered,Debit Card
4536,3306,2025-02-21,Delivered,Debit Card
4537,3628,2024-11-26,Cancelled,Debit Card
4538,3608,2025-07-10,Delivered,Debit Card
4539,3878,2025-05-31,Delivered,PayPal
4540,2544,2024-12-16,Delivered,PayPal
4541,1894,2025-08-26,Delivered,Wallet
4542,1176,2024-05-20,Delivered,Wallet
4543,1537,2024-07-21,Delivered,Debit Card
4544,3752,2024-01-13,Delivered,Debit Card
4545,72,2024-03-27,Delivered,Credit Card
4546,728,2024-05-25,Delivered,Debit Card
4547,3938,2025-04-01,Delivered,Credit Card
4548,3243,2025-09-16,Delivered,Credit Card
4549,808,2025-03-06,Delivered,Wallet
4550,182,2024-11-21,Delivered,Debit Card
4551,1131,2024-07-16,Delivered,Credit Card
4552,593,2024-03-15,Delivered,Debit Card
4553,1383,2025-03-02,Delivered,Credit Card
4554,4166,2024-04-12,Delivered,PayPal
4555,4349,2025-07-30,Delivered,Credit Card
4556,1434,2024-10-25,Delivered,Debit Card
4557,1440,2024-09-12,Delivered,Debit Card
4558,4133,2024-01-20,Delivered,Debit Card
4559,2129,2024-06-25,Delivered,Credit Card
4560,1068,2024-01-10,Delivered,PayPal
4561,3737,2025-06-13,Delivered,PayPal
4562,2454,2024-12-23,Delivered,Credit Card
4563,4462,2025-07-27,Delivered,Credit Card
4564,4386,2025-02-16,Delivered,Debit Card
4565,3956,2025-11-27,Delivered,Credit Card
4566,4862,2025-07-26,Delivered,Credit Card
4567,2678,2024-04-17,Delivered,Debit Card
4568,2737,2024-03-26,Delivered,Debit Card
4569,11,2025-10-11,Delivered,PayPal
4570,842,2024-07-15,Delivered,Wallet
4571,790,2025-07-12,Delivered,Debit Card
4572,4608,2025-04-03,Delivered,Credit Card
4573,1269,2025-05-27,Delivered,Credit Card
4574,3111,2024-07-13,Delivered,Credit Card
4575,2069,2024-08-16,Delivered,Debit Card
4576,3825,2025-02-09,Delivered,Debit Card
4577,1811,2024-01-17,Delivered,Wallet
4578,4690,2024-08-15,Delivered,Credit Card
4579,2573,2025-01-05,Delivered,Credit Card
4580,1220,2024-05-29,Delivered,Debit Card
4581,2061,2024-07-27,Delivered,Credit Card
4582,1826,2025-12-18,Delivered,Credit Card
4583,3631,2024-07-30,Cancelled,Credit Card
4584,1620,2025-10-20,Delivered,Credit Card
4585,262,2025-11-07,Delivered,Credit Card
4586,3920,2025-05-06,Delivered,Debit Card
4587,4974,2024-04-21,Delivered,PayPal
4588,1255,2024-05-30,Delivered,PayPal
4589,4216,2025-11-12,Delivered,Credit Card
4590,197,2024-01-02,Delivered,Credit Card
4591,1675,2025-01-02,Delivered,PayPal
4592,59,2025-03-11,Delivered,Wallet
4593,1985,2025-09-03,Delivered,PayPal
4594,3047,2025-10-15,Delivered,Debit Card
4595,4819,2024-07-26,Delivered,PayPal
4596,4204,2025-01-01,Delivered,Debit Card
4597,4680,2025-04-07,Delivered,Credit Card
4598,3262,2025-12-05,Delivered,Credit Card
4599,1966,2025-02-10,Delivered,Wallet
4600,4533,2024-03-29,Delivered,Wallet
4601,299,2025-11-05,Delivered,Debit Card
4602,4076,2025-01-09,Cancelled,Debit Card
4603,4940,2024-05-10,Delivered,Credit Card
4604,111,2024-05-18,Delivered,Debit Card
4605,3269,2024-05-29,Delivered,Credit Card
4606,4380,2025-06-10,Delivered,Credit Card
4607,3466,2025-11-23,Delivered,Credit Card
4608,4879,2024-11-18,Delivered,Debit Card
4609,1373,2024-03-12,Delivered,Wallet
4610,3194,2025-10-10,Delivered,PayPal
4611,4094,2025-04-08,Delivered,Credit Card
4612,348,2025-02-20,Delivered,Credit Card
4613,2788,2024-02-14,Delivered,Credit Card
4614,4802,2025-12-09,Delivered,Credit Card
4615,2352,2024-02-26,Delivered,Debit Card
4616,4080,2025-03-21,Delivered,Debit Card
4617,3707,2025-03-11,Delivered,Credit Card
4618,1348,2025-01-10,Cancelled,Wallet
4619,1860,2025-02-06,Delivered,PayPal
4620,2454,2024-10-17,Delivered,Credit Card
4621,2148,2025-02-22,Delivered,Debit Card
4622,2977,2024-09-22,Delivered,Credit Card
4623,3262,2024-12-11,Delivered,Debit Card
4624,2066,2025-05-10,Delivered,Debit Card
4625,3198,2025-06-25,Cancelled,Credit Card
4626,3296,2024-04-21,Delivered,Debit Card
4627,4856,2025-12-25,Delivered,Wallet
4628,4082,2024-03-11,Delivered,PayPal
4629,2815,2024-07-20,Delivered,Debit Card
4630,885,2024-09-10,Delivered,PayPal
4631,1605,2024-08-24,Delivered,PayPal
4632,1658,2024-09-13,Delivered,PayPal
4633,1438,2024-08-23,Delivered,Credit Card
4634,4732,2024-11-14,Delivered,Credit Card
4635,2671,2025-07-11,Delivered,PayPal
4636,4947,2025-08-27,Cancelled,Wallet
4637,598,2024-09-11,Delivered,Debit Card
4638,3565,2024-07-07,Delivered,Wallet
4639,2941,2025-05-09,Delivered,Debit Card
4640,3815,2024-02-13,Delivered,Credit Card
4641,1952,2024-11-21,Delivered,Wallet
4642,2597,2024-06-09,Delivered,PayPal
4643,1760,2025-03-19,Delivered,Debit Card
4644,3485,2024-02-27,Delivered,PayPal
4645,963,2025-08-28,Delivered,Credit Card
4646,3301,2024-07-16,Delivered,Debit Card
4647,2478,2025-01-10,Cancelled,Credit Card
4648,3987,2025-02-21,Delivered,Debit Card
4649,189,2024-12-12,Delivered,Debit Card
4650,912,2024-11-23,Cancelled,Credit Card
4651,3036,2024-07-13,Delivered,Credit Card
4652,1870,2025-07-17,Delivered,Credit Card
4653,1428,2025-01-11,Delivered,Debit Card
4654,4665,2024-06-06,Delivered,Credit Card
4655,4526,2024-07-10,Delivered,Debit Card
4656,460,2024-11-16,Delivered,Debit Card
4657,2632,2025-09-07,Delivered,Credit Card
4658,3335,2025-12-02,Delivered,PayPal
4659,3903,2024-10-10,Delivered,Debit Card
4660,1014,2024-10-15,Delivered,Debit Card
4661,4256,2024-04-04,Cancelled,Credit Card
4662,3277,2025-02-02,Delivered,Debit Card
4663,4395,2024-06-24,Delivered,Debit Card
4664,3403,2025-08-21,Delivered,PayPal
4665,4354,2025-01-25,Delivered,Credit Card
4666,149,2024-06-10,Delivered,PayPal
4667,1128,2025-10-30,Delivered,Wallet
4668,2661,2025-08-18,Delivered,PayPal
4669,1517,2024-08-07,Delivered,PayPal
4670,990,2024-03-28,Delivered,Credit Card
4671,3540,2024-07-12,Delivered,Debit Card
4672,4965,2024-10-01,Delivered,Credit Card
4673,2689,2024-10-23,Delivered,Debit Card
4674,3043,2025-08-23,Delivered,Debit Card
4675,3047,2025-12-07,Delivered,PayPal
4676,2085,2025-06-29,Delivered,Wallet
4677,3389,2025-09-09,Delivered,Wallet
4678,4033,2024-04-01,Delivered,Credit Card
4679,572,2024-04-19,Delivered,Wallet
4680,1378,2025-10-24,Delivered,PayPal
4681,842,2025-03-24,Delivered,PayPal
4682,3963,2024-06-21,Cancelled,Credit Card
4683,3190,2025-08-01,Delivered,Credit Card
4684,3359,2024-05-07,Delivered,Credit Card
4685,3127,2025-07-14,Delivered,Credit Card
4686,2662,2025-10-06,Delivered,Credit Card
4687,4088,2024-12-22,Cancelled,Credit Card
4688,787,2025-04-24,Delivered,Debit Card
4689,3469,2025-06-18,Delivered,Debit Card
4690,4173,2025-10-04,Delivered,Credit Card
4691,1039,2025-03-02,Delivered,PayPal
4692,3548,2024-08-02,Delivered,Credit Card
4693,351,2024-05-27,Delivered,Credit Card
4694,818,2024-09-16,Delivered,Debit Card
4695,1956,2024-02-10,Delivered,Debit Card
4696,5000,2025-05-25,Delivered,Credit Card
4697,1857,2024-09-26,Delivered,Debit Card
4698,2145,2025-06-03,Cancelled,Credit Card
4699,3838,2024-02-15,Delivered,Credit Card
4700,3992,2024-08-22,Delivered,Debit Card
4701,3358,2024-10-15,Delivered,Credit Card
4702,152,2024-03-04,Delivered,Wallet
4703,4362,2025-08-28,Delivered,Debit Card
4704,1305,2025-03-12,Delivered,Credit Card
4705,2522,2025-09-08,Delivered,PayPal
4706,3659,2025-08-08,Delivered,PayPal
4707,1444,2024-01-25,Delivered,Credit Card
4708,3428,2025-09-23,Delivered,Wallet
4709,2522,2024-02-20,Delivered,Debit Card
4710,782,2025-09-27,Delivered,Credit Card
4711,1078,2025-05-04,Cancelled,PayPal
4712,3815,2025-08-21,Cancelled,Wallet
4713,303,2024-12-30,Delivered,Credit Card
4714,1909,2024-04-26,Delivered,Credit Card
4715,2499,2024-04-19,Delivered,Debit Card
4716,1920,2024-03-27,Delivered,PayPal
4717,2069,2025-08-11,Delivered,Credit Card
4718,4860,2025-01-24,Delivered,Wallet
4719,162,2024-06-07,Delivered,Credit Card
4720,4908,2024-04-01,Delivered,PayPal
4721,3607,2024-02-27,Delivered,PayPal
4722,4590,2024-07-07,Delivered,Credit Card
4723,3222,2025-07-01,Delivered,Debit Card
4724,4720,2025-10-13,Delivered,Credit Card
4725,370,2025-03-19,Delivered,Debit Card
4726,3593,2025-12-27,Delivered,Debit Card
4727,3551,2024-10-14,Delivered,PayPal
4728,4659,2024-08-30,Delivered,Debit Card
4729,415,2025-05-20,Delivered,Credit Card
4730,2541,2024-04-08,Delivered,Credit Card
4731,2589,2025-10-27,Delivered,Credit Card
4732,472,2025-07-23,Delivered,Debit Card
4733,3112,2024-01-25,Delivered,Wallet
4734,2405,2024-05-16,Delivered,PayPal
4735,2495,2025-04-03,Delivered,Credit Card
4736,3412,2025-06-23,Delivered,Wallet
4737,3738,2024-06-08,Delivered,Credit Card
4738,3312,2025-06-29,Delivered,Wallet
4739,1928,2024-12-12,Delivered,Credit Card
4740,4818,2025-05-07,Delivered,Credit Card
4741,1065,2024-11-05,Delivered,PayPal
4742,1700,2024-11-27,Delivered,Debit Card
4743,2433,2024-10-11,Delivered,PayPal
4744,1563,2024-04-24,Delivered,PayPal
4745,1712,2024-05-18,Delivered,Credit Card
4746,4636,2024-05-02,Delivered,Credit Card
4747,757,2025-08-08,Delivered,Credit Card
4748,2559,2024-11-04,Cancelled,Debit Card
4749,2356,2024-10-04,Delivered,Credit Card
4750,435,2025-09-16,Delivered,Credit Card
4751,1008,2025-10-09,Delivered,Credit Card
4752,1364,2024-06-19,Delivered,Debit Card
4753,2352,2024-09-15,Delivered,Credit Card
4754,2082,2024-10-27,Delivered,Credit Card
4755,2963,2025-09-04,Cancelled,Credit Card
4756,1883,2025-05-05,Delivered,PayPal
4757,3911,2025-02-01,Delivered,Debit Card
4758,1834,2024-06-20,Delivered,Credit Card
4759,4266,2024-10-08,Delivered,PayPal
4760,5000,2024-01-22,Delivered,Debit Card
4761,3341,2025-05-28,Delivered,Debit Card
4762,510,2025-11-01,Delivered,Credit Card
4763,4468,2025-07-28,Delivered,Credit Card
4764,4084,2024-08-13,Delivered,PayPal
4765,2789,2024-12-18,Delivered,Credit Card
4766,1700,2025-11-30,Delivered,Debit Card
4767,3553,2024-11-06,Delivered,Credit Card
4768,3078,2025-09-04,Delivered,Credit Card
4769,3852,2025-02-25,Delivered,Debit Card
4770,3227,2024-12-30,Delivered,Credit Card
4771,4125,2025-03-03,Delivered,Credit Card
4772,4837,2024-06-12,Delivered,Debit Card
4773,3760,2024-11-06,Delivered,Credit Card
4774,1590,2024-08-10,Delivered,Wallet
4775,4513,2025-07-07,Delivered,Debit Card
4776,4134,2025-03-23,Delivered,PayPal
4777,2365,2024-10-18,Delivered,Wallet
4778,300,2025-08-23,Delivered,Credit Card
4779,4768,2024-11-26,Delivered,PayPal
4780,2703,2025-11-26,Delivered,Wallet
4781,2002,2025-03-17,Delivered,Debit Card
4782,3036,2025-10-08,Delivered,Debit Card
4783,351,2025-12-21,Delivered,Credit Card
4784,4129,2024-08-26,Delivered,Credit Card
4785,911,2024-07-09,Delivered,Credit Card
4786,1289,2025-09-02,Cancelled,Credit Card
4787,2792,2024-06-18,Delivered,Debit Card
4788,3322,2025-07-03,Delivered,Debit Card
4789,73,2024-05-09,Cancelled,Credit Card
4790,2906,2025-09-26,Delivered,Credit Card
4791,787,2025-05-18,Delivered,Credit Card
4792,4771,2025-01-15,Delivered,Wallet
4793,1871,2024-11-23,Delivered,PayPal
4794,2453,2025-04-10,Delivered,Credit Card
4795,3122,2024-10-10,Delivered,PayPal
4796,784,2024-10-17,Delivered,PayPal
4797,828,2024-05-28,Delivered,PayPal
4798,4796,2024-04-25,Cancelled,PayPal
4799,2875,2025-10-12,Cancelled,Debit Card
4800,1135,2025-06-30,Delivered,Credit Card
4801,3316,2024-11-19,Delivered,PayPal
4802,4465,2025-08-30,Delivered,PayPal
4803,3819,2025-03-19,Delivered,Credit Card
4804,2002,2025-03-13,Delivered,Debit Card
4805,3303,2024-03-23,Delivered,Debit Card
4806,4479,2025-01-27,Delivered,Debit Card
4807,1251,2024-03-19,Cancelled,Debit Card
4808,3952,2025-05-14,Delivered,Credit Card
4809,4987,2024-02-19,Delivered,Debit Card
4810,1726,2025-01-10,Delivered,Credit Card
4811,4442,2024-09-25,Delivered,Credit Card
4812,111,2024-04-05,Delivered,Debit Card
4813,1868,2024-12-11,Delivered,Credit Card
4814,1383,2024-05-26,Delivered,Credit Card
4815,146,2024-06-27,Delivered,Credit Card
4816,3014,2025-10-11,Delivered,Debit Card
4817,2644,2024-09-12,Delivered,Credit Card
4818,1897,2024-10-21,Delivered,Credit Card
4819,4326,2024-01-05,Delivered,PayPal
4820,1242,2024-08-07,Delivered,Debit Card
4821,4110,2024-09-13,Delivered,Debit Card
4822,3179,2025-06-08,Delivered,Debit Card
4823,4488,2024-03-27,Delivered,Credit Card
4824,35,2025-11-09,Delivered,Credit Card
4825,4848,2024-04-03,Delivered,Credit Card
4826,12,2025-04-21,Delivered,PayPal
4827,3566,2024-01-04,Delivered,Debit Card
4828,3763,2025-08-21,Delivered,PayPal
4829,812,2025-05-23,Delivered,Wallet
4830,177,2025-09-03,Delivered,Credit Card
4831,183,2025-11-10,Delivered,Wallet
4832,648,2025-08-31,Delivered,Debit Card
4833,758,2025-03-29,Delivered,Debit Card
4834,4836,2025-09-04,Delivered,Debit Card
4835,1006,2024-03-11,Delivered,Debit Card
4836,4027,2025-04-16,Cancelled,Credit Card
4837,307,2025-12-23,Delivered,Credit Card
4838,3272,2024-10-02,Delivered,Credit Card
4839,2268,2025-12-13,Delivered,Credit Card
4840,2702,2025-01-04,Delivered,Credit Card
4841,3920,2024-12-07,Delivered,Credit Card
4842,1049,2024-08-07,Delivered,Wallet
4843,22,2024-03-19,Delivered,Credit Card
4844,1105,2025-10-01,Delivered,Wallet
4845,4019,2025-06-10,Delivered,Debit Card
4846,2958,2024-10-19,Delivered,Credit Card
4847,4627,2025-12-02,Delivered,Credit Card
4848,4173,2024-05-14,Delivered,Credit Card
4849,760,2025-07-22,Delivered,Credit Card
4850,289,2024-11-26,Delivered,Credit Card
4851,107,2025-03-31,Delivered,PayPal
4852,946,2024-01-28,Delivered,Credit Card
4853,2397,2025-03-21,Delivered,Debit Card
4854,83,2025-05-10,Delivered,Debit Card
4855,4343,2025-12-14,Delivered,Debit Card
4856,2393,2024-09-09,Delivered,Wallet
4857,3685,2024-02-23,Cancelled,Credit Card
4858,4365,2024-02-15,Delivered,Credit Card
4859,174,2024-04-19,Delivered,Wallet
4860,2170,2024-08-06,Delivered,Wallet
4861,3367,2025-08-29,Delivered,PayPal
4862,4984,2024-05-22,Delivered,PayPal
4863,4089,2024-04-15,Delivered,Credit Card
4864,1085,2024-01-24,Delivered,Debit Card
4865,1356,2024-10-06,Delivered,Credit Card
4866,3998,2025-03-16,Delivered,Debit Card
4867,3268,2024-07-24,Delivered,PayPal
4868,1249,2024-12-27,Delivered,Credit Card
4869,2470,2024-06-26,Delivered,Debit Card
4870,4645,2025-08-07,Delivered,PayPal
4871,1029,2024-01-19,Delivered,Credit Card
4872,1649,2024-05-26,Delivered,Debit Card
4873,4508,2025-02-17,Delivered,PayPal
4874,3365,2025-09-06,Delivered,Credit Card
4875,1116,2024-10-19,Delivered,Credit Card
4876,1436,2024-02-20,Delivered,Credit Card
4877,4203,2025-02-06,Delivered,Credit Card
4878,1402,2024-07-16,Delivered,Debit Card
4879,3509,2024-08-10,Delivered,Debit Card
4880,2479,2025-11-04,Delivered,Credit Card
4881,1105,2025-11-18,Delivered,Debit Card
4882,1842,2024-07-07,Delivered,Credit Card
4883,3557,2025-03-07,Delivered,PayPal
4884,4011,2025-01-29,Delivered,Credit Card
4885,131,2025-12-02,Delivered,Debit Card
4886,4529,2025-11-21,Delivered,Credit Card
4887,1182,2024-09-12,Delivered,PayPal
4888,3244,2024-01-19,Delivered,Debit Card
4889,1428,2024-01-02,Cancelled,Wallet
4890,1339,2024-01-04,Delivered,Credit Card
4891,4446,2025-07-24,Delivered,PayPal
4892,3505,2025-06-24,Delivered,Credit Card
4893,4577,2025-08-26,Delivered,Credit Card
4894,105,2024-04-11,Delivered,Debit Card
4895,1355,2024-02-12,Delivered,Credit Card
4896,243,2024-05-04,Delivered,PayPal
4897,2374,2025-04-01,Delivered,Credit Card
4898,2309,2024-01-07,Delivered,PayPal
4899,4909,2025-04-27,Delivered,Debit Card
4900,1155,2025-10-10,Cancelled,Debit Card
4901,3330,2024-04-16,Delivered,PayPal
4902,4972,2025-06-23,Cancelled,Debit Card
4903,349,2025-02-07,Delivered,Debit Card
4904,2227,2025-11-20,Delivered,Debit Card
4905,1958,2024-06-26,Delivered,Debit Card
4906,132,2024-06-14,Delivered,PayPal
4907,2108,2024-01-13,Delivered,Credit Card
4908,1268,2025-05-29,Delivered,Credit Card
4909,1532,2025-09-24,Cancelled,PayPal
4910,1064,2024-01-14,Delivered,Debit Card
4911,2600,2024-12-24,Delivered,Wallet
4912,1993,2025-06-12,Delivered,Wallet
4913,3681,2025-07-24,Delivered,PayPal
4914,1768,2025-11-10,Delivered,Debit Card
4915,3458,2025-06-11,Delivered,PayPal
4916,2638,2025-11-02,Delivered,Credit Card
4917,1758,2025-12-26,Delivered,Credit Card
4918,4118,2025-11-08,Delivered,PayPal
4919,3684,2024-11-15,Delivered,PayPal
4920,2630,2024-10-24,Delivered,Credit Card
4921,2671,2024-11-08,Delivered,PayPal
4922,3819,2025-11-25,Delivered,PayPal
4923,3848,2024-07-24,Delivered,Credit Card
4924,3562,2025-07-03,Delivered,Credit Card
4925,570,2025-04-01,Cancelled,PayPal
4926,1151,2024-02-15,Delivered,Credit Card
4927,2024,2024-12-20,Delivered,Credit Card
4928,2877,2024-05-22,Delivered,Debit Card
4929,1974,2025-06-15,Delivered,PayPal
4930,4144,2024-11-22,Delivered,PayPal
4931,1760,2024-09-17,Cancelled,Debit Card
4932,2721,2024-02-17,Delivered,PayPal
4933,3491,2024-04-05,Delivered,Debit Card
4934,1888,2025-07-11,Delivered,Debit Card
4935,2786,2025-09-21,Delivered,Credit Card
4936,3634,2024-07-31,Delivered,Credit Card
4937,1930,2025-08-27,Delivered,Debit Card
4938,4855,2025-02-06,Delivered,Credit Card
4939,2682,2024-09-13,Delivered,Credit Card
4940,3933,2024-11-25,Delivered,Credit Card
4941,3522,2025-05-18,Delivered,Credit Card
4942,4072,2025-10-25,Delivered,Debit Card
4943,3376,2024-12-25,Delivered,Credit Card
4944,2694,2024-09-10,Delivered,Credit Card
4945,3804,2025-07-09,Delivered,PayPal
4946,2333,2025-01-18,Delivered,PayPal
4947,4258,2024-10-11,Delivered,Debit Card
4948,2509,2024-12-01,Delivered,Credit Card
4949,3697,2025-01-26,Delivered,Debit Card
4950,1034,2024-04-12,Delivered,Debit Card
4951,901,2024-02-12,Delivered,Credit Card
4952,2824,2025-04-30,Delivered,Credit Card
4953,4233,2024-05-07,Delivered,Credit Card
4954,3670,2025-01-23,Delivered,Credit Card
4955,1661,2025-07-24,Delivered,Credit Card
4956,4280,2024-06-05,Delivered,Credit Card
4957,3330,2024-10-05,Delivered,Debit Card
4958,2783,2025-12-15,Delivered,Debit Card
4959,4955,2024-01-26,Delivered,Debit Card
4960,3896,2025-07-05,Delivered,Wallet
4961,1474,2024-05-02,Cancelled,Credit Card
4962,326,2025-10-23,Delivered,PayPal
4963,1352,2024-10-27,Delivered,Credit Card
4964,884,2024-01-05,Delivered,PayPal
4965,911,2025-06-08,Delivered,PayPal
4966,2614,2024-04-17,Delivered,Debit Card
4967,4921,2024-09-22,Delivered,Debit Card
4968,3246,2025-01-01,Delivered,Debit Card
4969,2135,2025-06-27,Delivered,PayPal
4970,1242,2024-11-01,Delivered,Credit Card
4971,3920,2025-09-18,Delivered,Credit Card
4972,2744,2024-12-17,Delivered,PayPal
4973,247,2024-09-06,Delivered,Debit Card
4974,2331,2024-09-03,Delivered,Credit Card
4975,903,2025-08-07,Delivered,Wallet
4976,2491,2025-04-30,Delivered,Wallet
4977,316,2024-04-02,Delivered,Debit Card
4978,1068,2025-07-01,Delivered,Debit Card
4979,4079,2024-10-30,Delivered,Credit Card
4980,846,2024-09-11,Delivered,Debit Card
4981,533,2024-03-12,Delivered,Wallet
4982,1105,2025-12-29,Delivered,Credit Card
4983,4616,2024-02-08,Delivered,Credit Card
4984,4741,2025-12-28,Delivered,PayPal
4985,3319,2024-02-17,Delivered,Credit Card
4986,3903,2025-01-03,Cancelled,Wallet
4987,4548,2024-03-17,Delivered,Credit Card
4988,1480,2024-12-25,Delivered,Credit Card
4989,2045,2025-09-02,Delivered,Wallet
4990,140,2025-03-06,Delivered,Credit Card
4991,2629,2025-01-31,Delivered,Debit Card
4992,4630,2024-03-27,Delivered,Credit Card
4993,138,2025-11-22,Delivered,PayPal
4994,3558,2024-10-01,Delivered,Credit Card
4995,2330,2025-01-27,Delivered,PayPal
4996,4826,2025-10-17,Delivered,Wallet
4997,2954,2025-04-03,Delivered,Credit Card
4998,2027,2025-06-20,Delivered,Credit Card
4999,503,2024-05-14,Delivered,Debit Card
5000,2805,2024-12-01,Delivered,Wallet
5001,4907,2025-01-29,Delivered,Credit Card
5002,65,2024-05-08,Cancelled,Wallet
5003,22,2024-10-08,Delivered,PayPal
5004,4452,2025-08-29,Delivered,Debit Card
5005,1338,2025-11-10,Delivered,Credit Card
5006,3040,2025-08-24,Delivered,Debit Card
5007,3079,2025-11-12,Delivered,PayPal
5008,2401,2025-12-29,Delivered,Debit Card
5009,2489,2024-05-24,Delivered,Credit Card
5010,3440,2025-09-16,Delivered,Debit Card
5011,1196,2025-03-28,Delivered,PayPal
5012,899,2025-09-18,Delivered,Debit Card
5013,4934,2025-04-10,Delivered,Debit Card
5014,44,2024-04-01,Delivered,Credit Card
5015,945,2025-02-14,Delivered,Credit Card
5016,3648,2025-07-09,Delivered,Credit Card
5017,2842,2024-03-31,Delivered,Credit Card
5018,1612,2025-01-03,Delivered,Debit Card
5019,580,2025-04-22,Delivered,PayPal
5020,1835,2024-12-04,Delivered,Credit Card
5021,281,2025-08-06,Delivered,Credit Card
5022,2769,2024-04-02,Delivered,PayPal
5023,2440,2024-09-09,Delivered,Credit Card
5024,4599,2025-11-25,Delivered,Wallet
5025,4024,2025-01-10,Delivered,Debit Card
5026,2349,2024-05-12,Delivered,Wallet
5027,2657,2024-03-25,Delivered,PayPal
5028,3447,2025-03-09,Delivered,Wallet
5029,1469,2025-11-10,Delivered,Debit Card
5030,3005,2024-02-05,Delivered,Credit Card
5031,84,2024-03-20,Delivered,PayPal
5032,4694,2024-09-30,Delivered,Credit Card
5033,4703,2024-06-01,Delivered,Debit Card
5034,4448,2024-03-29,Delivered,Credit Card
5035,1060,2024-08-05,Delivered,PayPal
5036,3942,2025-04-14,Delivered,PayPal
5037,2873,2025-08-25,Delivered,PayPal
5038,4917,2024-08-11,Delivered,Credit Card
5039,78,2025-05-26,Delivered,Wallet
5040,1987,2025-08-23,Cancelled,PayPal
5041,487,2024-01-06,Delivered,Credit Card
5042,4731,2025-09-14,Delivered,Credit Card
5043,851,2024-05-13,Delivered,Credit Card
5044,194,2025-05-15,Delivered,Credit Card
5045,562,2025-07-01,Delivered,Debit Card
5046,4826,2025-09-09,Delivered,Credit Card
5047,2654,2024-10-21,Delivered,Credit Card
5048,539,2025-04-26,Delivered,Debit Card
5049,1986,2024-01-20,Delivered,Debit Card
5050,2129,2024-11-22,Delivered,PayPal
5051,4007,2025-12-04,Delivered,Credit Card
5052,1099,2024-04-25,Delivered,Debit Card
5053,582,2024-04-20,Delivered,Wallet
5054,3749,2025-05-26,Delivered,Credit Card
5055,2156,2025-01-07,Delivered,Debit Card
5056,621,2024-11-28,Delivered,Wallet
5057,2142,2024-06-30,Delivered,Debit Card
5058,2131,2024-05-05,Delivered,PayPal
5059,1155,2025-06-22,Delivered,Wallet
5060,1003,2024-09-18,Delivered,Credit Card
5061,480,2025-07-21,Delivered,PayPal
5062,4203,2024-11-19,Delivered,Debit Card
5063,54,2024-10-16,Delivered,Wallet
5064,2541,2024-06-16,Cancelled,Debit Card
5065,95,2025-04-25,Delivered,PayPal
5066,4021,2024-07-26,Delivered,Credit Card
5067,1994,2025-10-25,Cancelled,Debit Card
5068,4907,2024-10-25,Delivered,PayPal
5069,272,2025-08-17,Delivered,Wallet
5070,1661,2024-12-09,Delivered,Credit Card
5071,1973,2024-10-29,Delivered,Credit Card
5072,344,2024-11-26,Delivered,Wallet
5073,2188,2024-11-18,Delivered,Debit Card
5074,2296,2024-12-15,Delivered,Credit Card
5075,2227,2025-10-09,Delivered,Debit Card
5076,2668,2025-05-28,Delivered,Wallet
5077,959,2024-01-26,Delivered,Wallet
5078,1194,2024-02-12,Delivered,Credit Card
5079,2494,2024-01-17,Delivered,PayPal
5080,3221,2025-05-19,Delivered,Debit Card
5081,1962,2024-05-30,Delivered,Credit Card
5082,2285,2024-10-08,Delivered,PayPal
5083,4948,2025-08-27,Delivered,Credit Card
5084,3230,2024-04-06,Delivered,Credit Card
5085,227,2024-04-21,Delivered,Credit Card
5086,1804,2024-02-27,Delivered,Credit Card
5087,270,2024-07-27,Delivered,Credit Card
5088,4377,2024-03-06,Delivered,Wallet
5089,4123,2025-04-04,Delivered,Credit Card
5090,2329,2025-06-21,Delivered,Debit Card
5091,1331,2024-05-14,Delivered,Credit Card
5092,3596,2025-01-17,Delivered,PayPal
5093,919,2024-08-09,Delivered,Debit Card
5094,3851,2024-02-28,Delivered,Wallet
5095,4373,2024-12-06,Delivered,Credit Card
5096,899,2025-05-24,Delivered,Debit Card
5097,2664,2024-06-15,Delivered,Credit Card
5098,773,2025-07-29,Delivered,Credit Card
5099,3079,2025-12-25,Delivered,Debit Card
5100,3375,2024-02-11,Delivered,PayPal
5101,40,2024-04-29,Delivered,Credit Card
5102,4725,2024-07-30,Cancelled,Debit Card
5103,1304,2025-09-12,Delivered,Debit Card
5104,2318,2024-04-13,Delivered,Debit Card
5105,1297,2024-12-09,Delivered,PayPal
5106,4527,2025-01-27,Cancelled,Debit Card
5107,3805,2024-04-04,Delivered,Wallet
5108,4949,2024-01-31,Delivered,PayPal
5109,1928,2024-03-27,Delivered,PayPal
5110,2813,2024-02-11,Delivered,Credit Card
5111,2888,2024-12-31,Delivered,PayPal
5112,1151,2025-11-14,Delivered,Wallet
5113,4660,2024-09-15,Delivered,Credit Card
5114,4322,2024-07-06,Delivered,Debit Card
5115,4924,2024-06-20,Delivered,PayPal
5116,2286,2025-12-17,Delivered,Credit Card
5117,637,2025-12-01,Delivered,Debit Card
5118,795,2025-04-18,Cancelled,PayPal
5119,2780,2024-12-04,Delivered,PayPal
5120,4093,2024-04-26,Delivered,Credit Card
5121,3496,2025-11-09,Delivered,Credit Card
5122,3663,2024-01-01,Delivered,Credit Card
5123,3911,2024-04-29,Delivered,Credit Card
5124,4214,2025-05-10,Delivered,Credit Card
5125,4601,2024-05-13,Delivered,PayPal
5126,1816,2024-03-20,Delivered,PayPal
5127,3642,2025-03-11,Delivered,Wallet
5128,1393,2024-01-20,Delivered,Wallet
5129,3450,2024-07-16,Cancelled,Wallet
5130,278,2025-04-14,Delivered,Credit Card
5131,271,2024-05-15,Delivered,Credit Card
5132,999,2025-07-08,Delivered,Credit Card
5133,2725,2024-03-10,Delivered,Debit Card
5134,4553,2025-03-23,Delivered,Wallet
5135,2994,2024-02-25,Delivered,Credit Card
5136,2807,2025-06-18,Delivered,Debit Card
5137,3483,2025-07-03,Delivered,Debit Card
5138,4432,2025-08-03,Delivered,Credit Card
5139,2917,2024-07-24,Delivered,PayPal
5140,3690,2024-06-21,Cancelled,Credit Card
5141,2048,2025-12-15,Delivered,Credit Card
5142,4976,2025-06-16,Delivered,Wallet
5143,2438,2024-05-13,Delivered,Credit Card
5144,4465,2024-01-22,Delivered,Credit Card
5145,4837,2024-09-15,Delivered,PayPal
5146,4414,2025-04-30,Delivered,Debit Card
5147,1646,2024-09-30,Cancelled,Debit Card
5148,1867,2025-08-12,Delivered,Debit Card
5149,3923,2024-12-31,Cancelled,Credit Card
5150,4644,2025-12-24,Delivered,Credit Card
5151,3038,2025-09-27,Delivered,PayPal
5152,3887,2024-12-10,Delivered,Credit Card
5153,2220,2025-09-01,Delivered,Wallet
5154,4286,2024-11-23,Delivered,Credit Card
5155,2072,2024-01-08,Delivered,PayPal
5156,3110,2024-08-12,Delivered,Wallet
5157,2687,2024-10-25,Delivered,Credit Card
5158,4182,2025-12-13,Delivered,Debit Card
5159,3999,2025-08-27,Delivered,PayPal
5160,4197,2024-04-17,Delivered,Debit Card
5161,611,2024-01-01,Delivered,PayPal
5162,1228,2025-01-21,Delivered,Credit Card
5163,4554,2025-01-24,Delivered,Wallet
5164,652,2025-06-20,Delivered,Debit Card
5165,3871,2024-07-08,Delivered,Credit Card
5166,3172,2025-08-15,Delivered,Debit Card
5167,1746,2024-10-28,Delivered,Credit Card
5168,190,2024-09-01,Cancelled,Debit Card
5169,51,2024-11-02,Delivered,Credit Card
5170,4462,2025-11-20,Delivered,PayPal
5171,527,2024-10-12,Delivered,Credit Card
5172,3725,2025-02-13,Cancelled,Debit Card
5173,722,2025-10-13,Delivered,Wallet
5174,1985,2024-01-14,Delivered,Wallet
5175,518,2025-01-26,Delivered,PayPal
5176,3185,2025-06-01,Delivered,Credit Card
5177,514,2025-10-21,Delivered,Wallet
5178,3132,2024-02-14,Delivered,Credit Card
5179,4801,2025-06-14,Delivered,Credit Card
5180,3710,2025-08-08,Delivered,Wallet
5181,3293,2024-09-13,Delivered,Credit Card
5182,4531,2025-06-28,Delivered,Credit Card
5183,4104,2024-12-26,Delivered,Debit Card
5184,3665,2025-04-25,Delivered,Debit Card
5185,2815,2024-10-11,Delivered,Credit Card
5186,1951,2024-05-09,Delivered,PayPal
5187,3098,2025-08-27,Delivered,PayPal
5188,533,2024-06-07,Delivered,Wallet
5189,4405,2024-05-16,Delivered,Credit Card
5190,4426,2025-10-08,Delivered,Debit Card
5191,1310,2025-11-14,Delivered,PayPal
5192,3786,2025-03-20,Delivered,Credit Card
5193,3473,2025-02-27,Delivered,Debit Card
5194,4270,2024-09-20,Delivered,Credit Card
5195,4497,2025-03-22,Delivered,Credit Card
5196,3719,2025-03-20,Delivered,Credit Card
5197,4682,2025-01-12,Delivered,Debit Card
5198,1626,2025-04-23,Cancelled,Debit Card
5199,2221,2025-02-08,Delivered,Credit Card
5200,746,2025-10-03,Delivered,Debit Card
5201,4284,2025-05-02,Delivered,Credit Card
5202,1388,2024-10-08,Delivered,Credit Card
5203,2520,2025-04-23,Delivered,Wallet
5204,814,2024-06-16,Delivered,Credit Card
5205,1290,2024-06-05,Delivered,PayPal
5206,3376,2025-08-26,Delivered,Credit Card
5207,1255,2025-03-01,Delivered,Credit Card
5208,2578,2024-02-09,Delivered,PayPal
5209,2259,2024-09-15,Delivered,Credit Card
5210,3074,2025-12-19,Cancelled,Credit Card
5211,1290,2025-04-10,Delivered,Debit Card
5212,2424,2025-09-26,Delivered,Debit Card
5213,150,2025-02-03,Delivered,Wallet
5214,2592,2024-02-01,Delivered,Wallet
5215,528,2024-05-11,Delivered,Credit Card
5216,3642,2024-03-08,Delivered,Credit Card
5217,4247,2025-06-20,Delivered,Debit Card
5218,2008,2025-07-06,Cancelled,Credit Card
5219,4413,2024-11-29,Delivered,Debit Card
5220,1962,2025-06-12,Cancelled,Credit Card
5221,4366,2025-02-06,Delivered,PayPal
5222,2599,2025-06-24,Delivered,Wallet
5223,2769,2025-05-06,Delivered,Credit Card
5224,2043,2024-11-28,Delivered,Credit Card
5225,4677,2025-04-21,Delivered,Wallet
5226,3532,2024-08-20,Delivered,Credit Card
5227,2496,2025-06-30,Delivered,Credit Card
5228,3979,2025-10-28,Delivered,Credit Card
5229,2313,2024-05-30,Delivered,Credit Card
5230,4382,2025-05-01,Delivered,Credit Card
5231,2372,2024-03-21,Delivered,Credit Card
5232,4050,2024-10-02,Delivered,Credit Card
5233,1271,2025-05-03,Delivered,PayPal
5234,2832,2024-07-21,Delivered,Credit Card
5235,3068,2024-06-21,Delivered,PayPal
5236,2637,2024-10-07,Delivered,Debit Card
5237,2245,2024-03-24,Delivered,Debit Card
5238,7,2025-04-01,Cancelled,Wallet
5239,4874,2024-04-05,Delivered,Credit Card
5240,1080,2024-08-31,Delivered,Credit Card
5241,860,2024-08-16,Delivered,Debit Card
5242,4057,2025-12-07,Delivered,Credit Card
5243,384,2025-12-25,Delivered,Credit Card
5244,3818,2024-02-27,Delivered,Wallet
5245,1756,2024-04-24,Delivered,PayPal
5246,3601,2025-06-18,Delivered,Debit Card
5247,1078,2024-08-05,Delivered,Debit Card
5248,3515,2025-04-15,Delivered,Debit Card
5249,4960,2025-11-03,Delivered,Credit Card
5250,2522,2024-04-28,Cancelled,Credit Card
5251,2793,2025-12-04,Delivered,Debit Card
5252,3065,2024-02-08,Delivered,Credit Card
5253,1799,2024-06-16,Delivered,Credit Card
5254,2755,2025-01-05,Delivered,Debit Card
5255,3214,2025-10-04,Delivered,Debit Card
5256,124,2025-02-08,Delivered,Credit Card
5257,2266,2024-04-11,Delivered,Wallet
5258,2635,2024-06-30,Delivered,PayPal
5259,1045,2025-07-09,Delivered,Debit Card
5260,2354,2025-02-13,Delivered,Credit Card
5261,1973,2024-01-10,Delivered,Debit Card
5262,2771,2025-01-01,Delivered,Debit Card
5263,1432,2024-10-23,Delivered,Debit Card
5264,4491,2024-01-01,Delivered,Debit Card
5265,3188,2024-06-29,Delivered,Credit Card
5266,3134,2025-11-13,Delivered,Credit Card
5267,4083,2025-05-28,Delivered,PayPal
5268,107,2024-02-21,Delivered,Credit Card
5269,1313,2024-01-12,Delivered,Debit Card
5270,904,2024-09-09,Delivered,PayPal
5271,3107,2024-12-05,Delivered,Credit Card
5272,1712,2024-11-27,Delivered,Wallet
5273,3543,2025-05-23,Cancelled,PayPal
5274,4711,2024-05-06,Delivered,Debit Card
5275,1851,2024-02-04,Delivered,Debit Card
5276,1654,2025-05-06,Delivered,PayPal
5277,2438,2025-10-17,Cancelled,Credit Card
5278,2446,2024-05-02,Delivered,Debit Card
5279,1795,2024-09-20,Delivered,Credit Card
5280,1731,2025-04-02,Delivered,PayPal
5281,1865,2024-04-30,Delivered,Debit Card
5282,2437,2025-09-19,Delivered,PayPal
5283,2232,2024-06-13,Delivered,Credit Card
5284,2283,2025-01-23,Delivered,Credit Card
5285,1478,2024-09-04,Delivered,PayPal
5286,3169,2025-05-02,Delivered,Credit Card
5287,2442,2024-05-24,Delivered,Debit Card
5288,1147,2024-03-12,Delivered,PayPal
5289,3762,2025-01-07,Delivered,Credit Card
5290,4404,2025-09-23,Delivered,Credit Card
5291,1972,2025-04-07,Delivered,Credit Card
5292,2613,2025-07-05,Delivered,Wallet
5293,4728,2024-11-12,Delivered,Credit Card
5294,1579,2024-04-12,Delivered,Credit Card
5295,1090,2024-11-07,Delivered,Wallet
5296,1731,2025-12-21,Delivered,PayPal
5297,2248,2025-07-24,Delivered,Debit Card
5298,2220,2025-05-28,Cancelled,Debit Card
5299,3009,2024-08-07,Delivered,PayPal
5300,1383,2025-03-13,Delivered,Wallet
5301,2717,2025-03-30,Delivered,Wallet
5302,538,2025-04-22,Delivered,Debit Card
5303,4735,2025-10-13,Delivered,PayPal
5304,1474,2025-05-12,Delivered,PayPal
5305,1622,2024-06-10,Delivered,PayPal
5306,807,2024-06-10,Delivered,PayPal
5307,1889,2025-03-28,Delivered,Credit Card
5308,4873,2025-09-24,Delivered,PayPal
5309,2979,2025-11-23,Delivered,Credit Card
5310,3336,2025-03-21,Delivered,Credit Card
5311,2982,2025-01-21,Delivered,Credit Card
5312,1671,2025-08-18,Delivered,Credit Card
5313,3938,2025-12-14,Delivered,Debit Card
5314,1715,2024-01-21,Delivered,Credit Card
5315,3973,2024-08-14,Delivered,Debit Card
5316,4930,2024-08-31,Delivered,Wallet
5317,55,2025-02-15,Delivered,Credit Card
5318,837,2024-08-03,Delivered,Credit Card
5319,3821,2024-08-15,Delivered,Credit Card
5320,606,2024-01-18,Delivered,PayPal
5321,3590,2024-01-03,Delivered,Credit Card
5322,1231,2024-11-24,Delivered,Credit Card
5323,2929,2025-12-29,Delivered,Credit Card
5324,3262,2024-08-03,Delivered,Credit Card
5325,1585,2024-06-24,Cancelled,Debit Card
5326,4289,2024-07-12,Delivered,Debit Card
5327,4536,2025-12-11,Delivered,Credit Card
5328,1093,2025-04-29,Delivered,Credit Card
5329,3692,2025-04-21,Delivered,Debit Card
5330,3366,2024-05-18,Delivered,Wallet
5331,1287,2025-10-21,Cancelled,PayPal
5332,4080,2024-05-23,Delivered,PayPal
5333,1527,2025-12-07,Delivered,Wallet
5334,1280,2025-11-26,Delivered,Credit Card
5335,3553,2025-02-18,Delivered,Credit Card
5336,597,2025-09-25,Delivered,PayPal
5337,4589,2025-12-30,Delivered,Credit Card
5338,1923,2025-02-27,Delivered,Credit Card
5339,2453,2025-07-14,Delivered,PayPal
5340,3398,2025-03-07,Cancelled,Debit Card
5341,4396,2025-01-17,Delivered,Credit Card
5342,3851,2024-09-01,Delivered,Debit Card
5343,1911,2025-04-23,Delivered,Credit Card
5344,3750,2024-07-14,Delivered,Credit Card
5345,1976,2024-05-21,Delivered,Credit Card
5346,2584,2024-07-20,Delivered,Credit Card
5347,3430,2024-01-09,Delivered,Wallet
5348,2753,2025-11-12,Delivered,Credit Card
5349,253,2024-07-06,Delivered,PayPal
5350,224,2025-08-06,Delivered,Wallet
5351,695,2024-11-13,Delivered,Credit Card
5352,419,2024-09-04,Delivered,Credit Card
5353,3643,2024-06-15,Delivered,PayPal
5354,962,2025-08-22,Delivered,Credit Card
5355,1211,2025-01-10,Delivered,Debit Card
5356,1572,2024-11-24,Delivered,Credit Card
5357,876,2025-04-25,Delivered,PayPal
5358,4339,2025-08-08,Delivered,PayPal
5359,446,2025-04-23,Delivered,Debit Card
5360,959,2024-12-07,Delivered,Credit Card
5361,1125,2025-10-14,Cancelled,Debit Card
5362,422,2025-10-15,Delivered,Debit Card
5363,1253,2025-12-06,Delivered,Debit Card
5364,932,2024-03-07,Delivered,Wallet
5365,1706,2025-10-12,Delivered,Credit Card
5366,766,2024-05-21,Delivered,Credit Card
5367,4692,2025-03-28,Delivered,Credit Card
5368,3932,2025-04-25,Delivered,Debit Card
5369,3224,2024-05-30,Delivered,Wallet
5370,2965,2024-01-06,Delivered,Credit Card
5371,3467,2025-11-19,Delivered,Credit Card
5372,4707,2025-10-12,Delivered,Wallet
5373,664,2024-05-07,Cancelled,Credit Card
5374,2657,2025-03-14,Delivered,PayPal
5375,964,2024-04-20,Delivered,Wallet
5376,2263,2025-02-17,Delivered,PayPal
5377,4494,2024-08-19,Delivered,Credit Card
5378,3157,2025-07-02,Delivered,Debit Card
5379,3172,2025-02-22,Delivered,Credit Card
5380,480,2024-12-29,Delivered,Credit Card
5381,4049,2025-05-12,Delivered,Credit Card
5382,3574,2024-12-13,Delivered,Credit Card
5383,1788,2024-01-10,Delivered,Wallet
5384,1668,2025-03-11,Delivered,Debit Card
5385,2887,2025-07-21,Delivered,Credit Card
5386,3793,2024-12-23,Cancelled,Debit Card
5387,2512,2024-05-07,Delivered,Debit Card
5388,4283,2024-01-06,Delivered,Credit Card
5389,1028,2024-08-04,Delivered,Credit Card
5390,3451,2025-07-14,Delivered,Debit Card
5391,4124,2024-08-23,Delivered,PayPal
5392,3536,2025-11-28,Delivered,Credit Card
5393,1669,2024-08-30,Delivered,PayPal
5394,2320,2024-11-08,Delivered,Debit Card
5395,2335,2025-07-09,Delivered,Debit Card
5396,1544,2025-03-24,Delivered,Credit Card
5397,665,2024-01-30,Delivered,Debit Card
5398,934,2024-02-25,Delivered,Credit Card
5399,3192,2024-05-23,Delivered,Credit Card
5400,1125,2025-09-28,Delivered,PayPal
5401,3956,2024-01-17,Delivered,Debit Card
5402,3963,2024-02-22,Cancelled,Credit Card
5403,2052,2025-07-22,Delivered,Credit Card
5404,1824,2025-03-30,Delivered,Credit Card
5405,4891,2025-12-19,Delivered,Wallet
5406,64,2024-06-09,Delivered,Credit Card
5407,1288,2025-04-26,Delivered,Debit Card
5408,3454,2024-04-08,Delivered,PayPal
5409,4366,2025-03-06,Delivered,Credit Card
5410,2296,2024-03-18,Delivered,Credit Card
5411,3607,2025-10-24,Delivered,Debit Card
5412,1089,2024-10-30,Delivered,PayPal
5413,4637,2024-07-05,Delivered,Debit Card
5414,2913,2025-12-19,Delivered,Credit Card
5415,3704,2024-02-18,Delivered,Credit Card
5416,882,2025-08-06,Delivered,Credit Card
5417,2475,2025-01-07,Delivered,Credit Card
5418,3641,2025-05-16,Cancelled,Wallet
5419,2068,2024-07-09,Delivered,Credit Card
5420,4803,2025-10-05,Delivered,Credit Card
5421,4147,2024-11-25,Delivered,Debit Card
5422,645,2024-11-01,Delivered,Credit Card
5423,4202,2024-11-29,Delivered,Debit Card
5424,1915,2024-08-04,Delivered,Credit Card
5425,2945,2024-08-20,Delivered,PayPal
5426,2043,2024-04-12,Delivered,Credit Card
5427,3511,2024-12-21,Delivered,Debit Card
5428,2148,2024-12-12,Cancelled,Debit Card
5429,2315,2024-10-04,Delivered,Credit Card
5430,2914,2025-12-20,Delivered,Credit Card
5431,1092,2024-03-23,Delivered,Debit Card
5432,2134,2025-10-26,Delivered,PayPal
5433,250,2025-09-24,Delivered,Debit Card
5434,293,2024-01-17,Delivered,Debit Card
5435,3269,2025-05-26,Cancelled,Debit Card
5436,1391,2024-06-01,Delivered,Credit Card
5437,3347,2024-01-31,Delivered,PayPal
5438,3800,2025-09-20,Delivered,Credit Card
5439,3327,2024-03-25,Delivered,Debit Card
5440,2105,2024-08-06,Delivered,Wallet
5441,2813,2024-03-11,Delivered,Debit Card
5442,3915,2024-04-13,Delivered,Debit Card
5443,1713,2024-02-15,Delivered,PayPal
5444,2088,2025-09-06,Delivered,Credit Card
5445,1211,2024-02-13,Delivered,Debit Card
5446,1006,2025-07-08,Delivered,Credit Card
5447,329,2024-04-24,Delivered,Credit Card
5448,354,2025-10-29,Delivered,Credit Card
5449,741,2025-09-10,Delivered,PayPal
5450,3845,2025-04-04,Delivered,Debit Card
5451,3142,2025-08-27,Delivered,Wallet
5452,441,2024-08-05,Delivered,Credit Card
5453,3841,2025-07-25,Delivered,Credit Card
5454,3751,2024-06-10,Delivered,Debit Card
5455,4539,2025-03-24,Delivered,Credit Card
5456,4843,2025-11-02,Delivered,Debit Card
5457,420,2025-06-12,Cancelled,Credit Card
5458,2617,2024-07-15,Delivered,Credit Card
5459,4071,2025-06-23,Delivered,Debit Card
5460,1198,2025-10-06,Delivered,Debit Card
5461,2988,2025-10-11,Delivered,Credit Card
5462,455,2025-06-23,Delivered,Credit Card
5463,1507,2025-06-18,Delivered,Credit Card
5464,4899,2025-07-26,Delivered,Credit Card
5465,3629,2025-06-21,Delivered,Wallet
5466,1306,2024-04-07,Delivered,Debit Card
5467,4947,2025-08-09,Delivered,Credit Card
5468,1014,2024-05-11,Delivered,Credit Card
5469,1898,2025-02-10,Delivered,Credit Card
5470,2222,2024-09-04,Cancelled,Credit Card
5471,3138,2024-06-04,Delivered,Wallet
5472,1312,2024-07-24,Delivered,Credit Card
5473,1305,2024-03-02,Delivered,PayPal
5474,3354,2024-11-16,Delivered,PayPal
5475,1026,2024-11-01,Delivered,PayPal
5476,713,2024-10-21,Cancelled,Debit Card
5477,746,2024-03-07,Delivered,Credit Card
5478,1641,2025-03-18,Delivered,PayPal
5479,161,2024-05-03,Delivered,PayPal
5480,176,2025-09-16,Delivered,Debit Card
5481,3620,2024-01-18,Delivered,Credit Card
5482,2707,2024-02-10,Delivered,Credit Card
5483,730,2024-08-07,Delivered,Credit Card
5484,1277,2024-10-24,Delivered,Credit Card
5485,3382,2025-12-09,Delivered,Debit Card
5486,4011,2025-01-18,Delivered,PayPal
5487,4349,2024-10-03,Delivered,Debit Card
5488,1088,2025-09-03,Delivered,Debit Card
5489,4233,2024-06-24,Delivered,PayPal
5490,2134,2025-10-16,Delivered,Debit Card
5491,1495,2024-10-21,Delivered,Credit Card
5492,2885,2024-08-16,Delivered,PayPal
5493,623,2024-08-07,Delivered,Credit Card
5494,2318,2024-01-08,Delivered,Wallet
5495,2216,2025-05-06,Delivered,Credit Card
5496,2980,2025-02-25,Cancelled,Debit Card
5497,907,2025-04-08,Delivered,Debit Card
5498,310,2025-04-20,Delivered,Credit Card
5499,1868,2024-01-20,Delivered,Credit Card
5500,4918,2025-10-02,Delivered,Credit Card
5501,2845,2025-01-08,Delivered,PayPal
5502,2739,2025-05-19,Delivered,Credit Card
5503,3222,2024-01-27,Delivered,Debit Card
5504,2541,2025-07-09,Delivered,PayPal
5505,1092,2025-05-09,Delivered,Debit Card
5506,4925,2024-09-25,Delivered,PayPal
5507,1137,2025-11-14,Delivered,Credit Card
5508,3201,2025-04-19,Delivered,Credit Card
5509,4330,2025-10-24,Delivered,Credit Card
5510,3292,2025-08-22,Delivered,PayPal
5511,4725,2024-05-30,Delivered,PayPal
5512,890,2025-12-28,Delivered,PayPal
5513,3213,2025-06-26,Delivered,Debit Card
5514,462,2024-05-18,Delivered,Credit Card
5515,2785,2025-08-01,Cancelled,Credit Card
5516,918,2024-11-09,Delivered,Debit Card
5517,3291,2025-09-22,Delivered,Credit Card
5518,1632,2024-05-06,Delivered,Debit Card
5519,644,2024-07-08,Delivered,PayPal
5520,4331,2024-09-10,Delivered,Credit Card
5521,4486,2024-11-25,Cancelled,Debit Card
5522,853,2025-04-05,Delivered,Debit Card
5523,1043,2024-06-10,Delivered,Credit Card
5524,190,2025-05-30,Delivered,Credit Card
5525,3349,2024-01-18,Delivered,Debit Card
5526,4468,2024-08-29,Delivered,PayPal
5527,1110,2025-04-26,Delivered,Credit Card
5528,2258,2024-07-12,Delivered,Credit Card
5529,3529,2024-11-10,Delivered,Credit Card
5530,2213,2025-03-18,Delivered,Debit Card
5531,3768,2024-06-30,Delivered,Credit Card
5532,3771,2025-12-04,Delivered,Debit Card
5533,3706,2025-09-10,Delivered,Credit Card
5534,3574,2025-12-09,Delivered,PayPal
5535,2144,2024-12-27,Delivered,Credit Card
5536,1968,2024-09-07,Delivered,Credit Card
5537,3036,2025-12-27,Delivered,Debit Card
5538,537,2025-06-15,Delivered,PayPal
5539,2990,2025-08-02,Delivered,Wallet
5540,163,2024-05-13,Delivered,Wallet
5541,3602,2025-09-26,Delivered,Debit Card
5542,3027,2025-01-20,Delivered,Debit Card
5543,2496,2025-07-18,Delivered,Debit Card
5544,1515,2025-08-25,Delivered,Debit Card
5545,2537,2024-03-18,Delivered,Credit Card
5546,3178,2024-03-13,Cancelled,Debit Card
5547,3423,2024-02-17,Cancelled,Wallet
5548,4615,2025-04-14,Delivered,Credit Card
5549,851,2025-10-30,Cancelled,Credit Card
5550,221,2024-01-22,Delivered,Credit Card
5551,3263,2024-04-10,Delivered,Credit Card
5552,815,2024-12-20,Delivered,Debit Card
5553,742,2024-10-12,Delivered,Credit Card
5554,1374,2024-03-16,Delivered,Debit Card
5555,3625,2025-03-21,Delivered,PayPal
5556,313,2025-10-22,Delivered,Credit Card
5557,1945,2024-06-03,Delivered,PayPal
5558,528,2024-01-03,Delivered,PayPal
5559,4198,2024-06-13,Cancelled,Debit Card
5560,3811,2024-05-14,Delivered,Credit Card
5561,443,2024-12-06,Delivered,Wallet
5562,1370,2024-03-19,Delivered,Credit Card
5563,2303,2024-09-20,Delivered,Credit Card
5564,2286,2024-03-28,Delivered,Credit Card
5565,837,2025-05-08,Delivered,PayPal
5566,2334,2024-12-08,Delivered,Credit Card
5567,4345,2024-02-24,Delivered,Credit Card
5568,1105,2024-02-01,Delivered,Debit Card
5569,627,2024-12-22,Delivered,Debit Card
5570,1929,2025-03-08,Delivered,Debit Card
5571,2426,2024-05-07,Delivered,Credit Card
5572,1425,2024-08-24,Delivered,Debit Card
5573,527,2025-03-18,Delivered,Credit Card
5574,427,2024-12-09,Delivered,Credit Card
5575,3989,2024-03-25,Delivered,Credit Card
5576,659,2024-10-12,Delivered,Debit Card
5577,1411,2024-05-24,Delivered,Credit Card
5578,3812,2025-11-07,Delivered,Debit Card
5579,2971,2025-08-09,Delivered,Credit Card
5580,125,2024-08-15,Delivered,Credit Card
5581,851,2024-06-20,Delivered,Credit Card
5582,2356,2024-04-08,Delivered,Credit Card
5583,1759,2025-06-22,Delivered,PayPal
5584,4945,2025-11-01,Delivered,Credit Card
5585,569,2024-07-18,Delivered,Debit Card
5586,132,2025-04-12,Delivered,Credit Card
5587,2755,2024-06-20,Delivered,Credit Card
5588,4795,2025-10-31,Delivered,Credit Card
5589,18,2024-08-06,Delivered,Credit Card
5590,4145,2024-03-11,Delivered,PayPal
5591,4966,2025-10-05,Delivered,Credit Card
5592,2082,2025-11-21,Delivered,Wallet
5593,2082,2024-10-16,Delivered,Debit Card
5594,4963,2025-10-24,Delivered,Credit Card
5595,3148,2024-06-26,Delivered,Wallet
5596,2734,2024-07-16,Delivered,Credit Card
5597,1434,2025-01-26,Delivered,PayPal
5598,4659,2025-03-14,Delivered,Credit Card
5599,1267,2024-10-08,Delivered,Debit Card
5600,1964,2025-08-06,Delivered,Credit Card
5601,4231,2025-07-30,Delivered,PayPal
5602,2553,2024-03-29,Delivered,Credit Card
5603,3791,2025-12-24,Delivered,Debit Card
5604,4975,2024-04-26,Delivered,Wallet
5605,3217,2025-01-19,Delivered,Credit Card
5606,814,2024-11-04,Delivered,Wallet
5607,3762,2024-11-25,Delivered,Debit Card
5608,2999,2024-04-03,Delivered,PayPal
5609,877,2024-09-07,Delivered,Debit Card
5610,554,2024-01-23,Delivered,PayPal
5611,4671,2025-12-11,Delivered,PayPal
5612,530,2024-04-15,Delivered,Credit Card
5613,2274,2024-12-18,Delivered,PayPal
5614,4926,2024-06-06,Delivered,Wallet
5615,4344,2024-05-09,Delivered,PayPal
5616,4196,2024-10-11,Delivered,Wallet
5617,3681,2025-12-08,Delivered,PayPal
5618,2387,2024-12-15,Delivered,Credit Card
5619,1430,2025-12-02,Delivered,PayPal
5620,4487,2025-08-26,Delivered,Debit Card
5621,2847,2024-11-14,Delivered,Credit Card
5622,1980,2025-10-19,Delivered,Credit Card
5623,4834,2024-09-11,Delivered,Credit Card
5624,1850,2025-01-01,Delivered,PayPal
5625,186,2025-05-11,Delivered,PayPal
5626,3005,2025-03-06,Delivered,PayPal
5627,2133,2025-08-28,Cancelled,Credit Card
5628,3114,2024-04-28,Delivered,Credit Card
5629,3103,2024-12-29,Delivered,Credit Card
5630,3150,2025-04-30,Delivered,Debit Card
5631,1700,2024-08-29,Delivered,PayPal
5632,1261,2025-09-24,Delivered,PayPal
5633,1590,2024-08-08,Delivered,Credit Card
5634,4826,2024-08-07,Delivered,PayPal
5635,3744,2024-08-26,Delivered,Debit Card
5636,1963,2025-05-08,Delivered,Wallet
5637,4582,2024-03-27,Delivered,PayPal
5638,3824,2024-04-14,Delivered,Debit Card
5639,2689,2025-07-22,Delivered,PayPal
5640,4001,2024-05-31,Cancelled,Credit Card
5641,4742,2024-03-17,Delivered,PayPal
5642,2840,2024-07-11,Delivered,PayPal
5643,507,2024-10-17,Delivered,PayPal
5644,2155,2024-01-25,Delivered,Credit Card
5645,1138,2025-09-01,Delivered,PayPal
5646,3497,2024-03-26,Delivered,Credit Card
5647,439,2024-10-21,Delivered,PayPal
5648,2340,2024-05-27,Delivered,Wallet
5649,2178,2024-08-03,Delivered,Credit Card
5650,1930,2024-02-03,Delivered,Debit Card
5651,3134,2025-11-23,Delivered,Debit Card
5652,2728,2025-11-15,Delivered,PayPal
5653,1003,2024-04-02,Delivered,Credit Card
5654,4002,2024-05-24,Delivered,Wallet
5655,2243,2025-10-07,Delivered,Wallet
5656,785,2024-10-29,Delivered,Debit Card
5657,3422,2024-02-15,Delivered,Credit Card
5658,1964,2024-04-09,Cancelled,Debit Card
5659,3198,2024-10-28,Delivered,Credit Card
5660,3774,2025-02-11,Delivered,PayPal
5661,3147,2025-04-06,Delivered,Credit Card
5662,4706,2024-04-21,Delivered,Credit Card
5663,3031,2024-09-27,Delivered,Credit Card
5664,1906,2024-07-09,Delivered,PayPal
5665,4934,2025-01-25,Delivered,Debit Card
5666,2574,2024-08-22,Delivered,Debit Card
5667,3570,2024-05-28,Delivered,Credit Card
5668,1656,2025-08-18,Delivered,Credit Card
5669,4539,2025-02-19,Delivered,Credit Card
5670,4700,2024-12-11,Delivered,Debit Card
5671,4759,2024-04-08,Delivered,Credit Card
5672,1941,2024-02-21,Delivered,Debit Card
5673,4299,2025-08-04,Delivered,Credit Card
5674,3361,2025-12-08,Delivered,Wallet
5675,476,2025-03-02,Delivered,Credit Card
5676,4587,2024-01-29,Delivered,Credit Card
5677,2647,2024-12-17,Delivered,Credit Card
5678,2663,2024-07-23,Delivered,Credit Card
5679,1908,2024-02-09,Delivered,Credit Card
5680,4266,2024-04-13,Delivered,PayPal
5681,486,2024-12-30,Delivered,PayPal
5682,1923,2024-11-07,Delivered,Credit Card
5683,2822,2025-02-15,Delivered,PayPal
5684,981,2025-05-21,Delivered,Credit Card
5685,1065,2024-07-12,Delivered,PayPal
5686,3080,2024-07-28,Cancelled,Credit Card
5687,2909,2025-05-09,Cancelled,Credit Card
5688,4090,2024-05-23,Delivered,PayPal
5689,4087,2024-02-26,Delivered,Credit Card
5690,91,2025-09-15,Cancelled,Credit Card
5691,1970,2024-06-01,Delivered,PayPal
5692,4235,2024-03-29,Delivered,Debit Card
5693,4750,2025-06-22,Delivered,PayPal
5694,474,2025-01-23,Delivered,Debit Card
5695,3833,2024-04-17,Delivered,Credit Card
5696,1162,2025-09-12,Delivered,Debit Card
5697,4022,2024-06-28,Delivered,PayPal
5698,2231,2025-05-08,Delivered,Credit Card
5699,562,2025-04-20,Delivered,Credit Card
5700,1021,2025-08-28,Delivered,Debit Card
5701,4710,2025-06-16,Delivered,PayPal
5702,3839,2025-05-28,Delivered,Credit Card
5703,173,2024-02-07,Delivered,PayPal
5704,4741,2025-11-15,Cancelled,Credit Card
5705,4220,2024-04-02,Delivered,Credit Card
5706,2727,2024-07-04,Delivered,PayPal
5707,149,2024-11-21,Delivered,Credit Card
5708,2175,2024-07-29,Delivered,Credit Card
5709,813,2025-03-08,Delivered,Debit Card
5710,1828,2024-02-08,Delivered,Credit Card
5711,1577,2024-11-27,Delivered,PayPal
5712,3565,2024-09-12,Delivered,Wallet
5713,3689,2025-04-17,Delivered,Debit Card
5714,864,2025-01-14,Delivered,PayPal
5715,4498,2025-07-05,Delivered,Wallet
5716,3352,2024-04-30,Delivered,Debit Card
5717,3333,2025-11-24,Delivered,PayPal
5718,3881,2024-10-13,Delivered,Credit Card
5719,3639,2024-09-12,Delivered,PayPal
5720,3945,2025-02-04,Delivered,Credit Card
5721,1449,2024-04-29,Delivered,Credit Card
5722,3434,2025-08-17,Delivered,Debit Card
5723,4877,2024-07-11,Delivered,Credit Card
5724,3772,2025-11-08,Delivered,Credit Card
5725,2039,2024-04-18,Delivered,Debit Card
5726,3161,2025-09-22,Delivered,Credit Card
5727,4565,2024-10-14,Delivered,PayPal
5728,3278,2025-03-19,Delivered,Wallet
5729,3897,2025-09-28,Delivered,PayPal
5730,4450,2024-04-04,Delivered,Credit Card
5731,1837,2024-09-10,Delivered,Debit Card
5732,1677,2025-11-23,Delivered,Credit Card
5733,1716,2024-04-18,Delivered,Debit Card
5734,1845,2024-03-16,Delivered,Credit Card
5735,3398,2025-01-16,Delivered,Debit Card
5736,2430,2024-01-19,Delivered,Credit Card
5737,4703,2025-12-25,Delivered,Wallet
5738,3433,2025-10-21,Delivered,Credit Card
5739,3362,2024-05-17,Delivered,Credit Card
5740,4751,2024-05-06,Delivered,Credit Card
5741,4288,2025-07-21,Delivered,Debit Card
5742,163,2025-01-15,Delivered,Wallet
5743,4832,2025-08-24,Delivered,Credit Card
5744,4410,2025-12-07,Delivered,Credit Card
5745,1651,2024-10-19,Delivered,Credit Card
5746,1179,2024-07-04,Delivered,Debit Card
5747,2693,2025-03-28,Delivered,Debit Card
5748,4997,2025-04-08,Delivered,PayPal
5749,3046,2024-11-11,Delivered,PayPal
5750,2895,2024-08-06,Delivered,Credit Card
5751,1086,2024-07-10,Delivered,Wallet
5752,4489,2025-01-15,Delivered,PayPal
5753,3988,2024-11-07,Delivered,Debit Card
5754,285,2024-11-29,Delivered,Credit Card
5755,1309,2024-03-10,Delivered,PayPal
5756,4407,2025-10-04,Delivered,Debit Card
5757,3535,2025-05-31,Delivered,Credit Card
5758,2018,2025-11-01,Delivered,Credit Card
5759,2620,2025-08-28,Delivered,Debit Card
5760,631,2025-03-27,Delivered,Debit Card
5761,4184,2024-08-12,Delivered,Credit Card
5762,3156,2025-04-22,Delivered,Wallet
5763,2558,2025-02-17,Cancelled,Credit Card
5764,3060,2025-11-05,Delivered,Credit Card
5765,2934,2024-06-18,Delivered,Credit Card
5766,2171,2024-01-19,Delivered,Debit Card
5767,906,2024-04-03,Delivered,Credit Card
5768,2404,2024-05-07,Delivered,Debit Card
5769,4041,2025-04-29,Delivered,Credit Card
5770,268,2024-04-17,Delivered,Credit Card
5771,2011,2024-04-07,Delivered,Credit Card
5772,4105,2024-10-16,Delivered,Credit Card
5773,2899,2025-07-24,Delivered,Credit Card
5774,124,2024-11-05,Delivered,Credit Card
5775,4231,2024-07-17,Delivered,Debit Card
5776,268,2024-07-26,Delivered,Debit Card
5777,2397,2025-08-20,Delivered,Wallet
5778,571,2024-11-12,Delivered,Debit Card
5779,1373,2024-09-26,Delivered,Credit Card
5780,1968,2025-07-18,Delivered,Debit Card
5781,1328,2024-09-26,Delivered,Credit Card
5782,4379,2024-09-17,Delivered,Debit Card
5783,2832,2025-07-01,Delivered,Credit Card
5784,1807,2024-08-27,Delivered,Wallet
5785,1457,2025-01-07,Delivered,Debit Card
5786,2489,2025-04-30,Delivered,PayPal
5787,1693,2024-05-26,Delivered,Debit Card
5788,4032,2024-04-03,Delivered,Credit Card
5789,1175,2025-09-12,Delivered,Credit Card
5790,3450,2024-08-04,Delivered,Credit Card
5791,2232,2024-09-05,Delivered,PayPal
5792,1320,2025-03-06,Delivered,PayPal
5793,2331,2024-03-16,Delivered,Credit Card
5794,599,2024-02-03,Delivered,Debit Card
5795,2630,2024-10-30,Delivered,Credit Card
5796,3586,2025-12-07,Delivered,Debit Card
5797,2965,2025-02-22,Delivered,PayPal
5798,77,2025-02-26,Delivered,Credit Card
5799,2940,2025-03-21,Delivered,Credit Card
5800,128,2025-09-20,Delivered,Debit Card
5801,1837,2025-09-01,Delivered,Credit Card
5802,3175,2024-01-18,Delivered,Credit Card
5803,4504,2025-01-30,Delivered,Credit Card
5804,4883,2025-02-03,Delivered,Debit Card
5805,2559,2024-06-12,Delivered,Wallet
5806,1067,2025-12-12,Delivered,PayPal
5807,4161,2024-07-10,Delivered,Debit Card
5808,1780,2025-08-31,Delivered,PayPal
5809,2787,2024-03-14,Delivered,Debit Card
5810,991,2025-03-15,Delivered,Debit Card
5811,1854,2025-06-21,Delivered,Credit Card
5812,2399,2025-01-03,Delivered,Credit Card
5813,3694,2024-03-18,Delivered,Debit Card
5814,4499,2024-03-31,Delivered,Wallet
5815,885,2025-03-18,Delivered,Debit Card
5816,2797,2025-09-21,Delivered,Wallet
5817,4849,2025-03-11,Delivered,Credit Card
5818,83,2024-03-14,Delivered,Credit Card
5819,2862,2025-07-27,Delivered,Wallet
5820,3839,2024-12-01,Delivered,Credit Card
5821,521,2024-02-24,Delivered,Debit Card
5822,3341,2024-09-25,Delivered,Credit Card
5823,2107,2024-05-28,Delivered,PayPal
5824,3006,2025-12-21,Delivered,Credit Card
5825,3563,2025-10-25,Delivered,Wallet
5826,722,2024-03-18,Delivered,Credit Card
5827,341,2025-02-21,Delivered,Credit Card
5828,1582,2024-01-06,Delivered,PayPal
5829,1307,2024-11-30,Delivered,Credit Card
5830,1444,2024-04-23,Delivered,Credit Card
5831,4622,2025-06-29,Delivered,Debit Card
5832,3438,2024-02-22,Delivered,Credit Card
5833,1782,2025-10-20,Delivered,Credit Card
5834,3028,2024-06-17,Delivered,Credit Card
5835,796,2024-07-10,Delivered,Debit Card
5836,916,2025-10-08,Delivered,Credit Card
5837,492,2025-10-20,Delivered,PayPal
5838,2132,2024-03-11,Cancelled,PayPal
5839,3096,2024-03-20,Delivered,Credit Card
5840,2543,2025-09-15,Delivered,Debit Card
5841,2791,2025-12-14,Delivered,Debit Card
5842,816,2024-12-22,Delivered,Debit Card
5843,3239,2024-04-30,Delivered,Credit Card
5844,2764,2024-04-21,Delivered,Debit Card
5845,4791,2024-07-13,Delivered,Credit Card
5846,1236,2025-05-15,Delivered,Debit Card
5847,301,2024-03-11,Delivered,Credit Card
5848,2276,2025-04-13,Delivered,Wallet
5849,989,2025-08-09,Delivered,Credit Card
5850,875,2024-04-14,Delivered,Debit Card
5851,1170,2025-12-19,Delivered,Debit Card
5852,3400,2025-12-21,Delivered,Credit Card
5853,2136,2024-08-04,Delivered,Credit Card
5854,4371,2024-03-22,Delivered,Credit Card
5855,606,2024-08-25,Delivered,Debit Card
5856,4660,2024-07-07,Delivered,Debit Card
5857,2050,2024-07-22,Delivered,Credit Card
5858,2669,2025-11-06,Delivered,Debit Card
5859,4081,2024-04-23,Delivered,Credit Card
5860,2459,2024-08-19,Delivered,Debit Card
5861,819,2025-07-28,Delivered,Credit Card
5862,1203,2024-02-11,Delivered,PayPal
5863,4583,2024-02-14,Delivered,Debit Card
5864,349,2024-08-08,Delivered,Credit Card
5865,4557,2025-12-07,Delivered,Debit Card
5866,3376,2025-09-04,Delivered,PayPal
5867,2565,2025-11-07,Delivered,Credit Card
5868,1581,2025-09-22,Delivered,Credit Card
5869,4301,2024-03-27,Delivered,Credit Card
5870,163,2024-10-19,Delivered,Credit Card
5871,3558,2025-01-21,Delivered,PayPal
5872,1050,2024-05-01,Delivered,Debit Card
5873,1784,2025-12-25,Cancelled,Credit Card
5874,320,2025-03-16,Delivered,Credit Card
5875,2809,2025-09-14,Delivered,Debit Card
5876,738,2024-07-07,Delivered,Debit Card
5877,584,2025-06-06,Delivered,PayPal
5878,1644,2024-03-18,Delivered,Debit Card
5879,2479,2024-01-17,Delivered,Credit Card
5880,4725,2025-04-12,Delivered,PayPal
5881,4150,2024-02-19,Delivered,Debit Card
5882,2003,2024-07-20,Delivered,Debit Card
5883,2927,2025-08-02,Delivered,Credit Card
5884,3851,2024-12-29,Delivered,PayPal
5885,1911,2024-10-01,Delivered,Credit Card
5886,3840,2024-07-31,Delivered,Credit Card
5887,3318,2025-05-02,Delivered,Credit Card
5888,3516,2025-11-27,Delivered,PayPal
5889,4885,2025-06-23,Delivered,PayPal
5890,1883,2024-09-19,Cancelled,Credit Card
5891,338,2024-11-04,Delivered,Credit Card
5892,2682,2024-03-16,Delivered,Credit Card
5893,1652,2024-04-14,Delivered,Debit Card
5894,295,2024-07-14,Delivered,Debit Card
5895,780,2024-10-09,Delivered,Debit Card
5896,2669,2025-12-23,Delivered,Debit Card
5897,4785,2025-09-27,Delivered,PayPal
5898,1693,2024-03-23,Delivered,Credit Card
5899,2730,2024-08-29,Delivered,PayPal
5900,887,2024-02-11,Cancelled,Credit Card
5901,649,2024-02-15,Delivered,Debit Card
5902,3912,2024-09-30,Delivered,Debit Card
5903,3061,2025-12-01,Delivered,Wallet
5904,948,2024-05-15,Delivered,Credit Card
5905,2503,2025-05-11,Delivered,Debit Card
5906,2901,2024-10-13,Delivered,Debit Card
5907,297,2025-01-29,Delivered,Wallet
5908,1501,2025-09-26,Delivered,Credit Card
5909,4323,2025-08-28,Delivered,Debit Card
5910,1815,2025-08-27,Delivered,Credit Card
5911,3546,2024-10-27,Delivered,PayPal
5912,3027,2024-02-05,Delivered,PayPal
5913,27,2025-12-20,Delivered,Debit Card
5914,4739,2025-12-26,Delivered,Debit Card
5915,4799,2025-09-18,Delivered,Debit Card
5916,3342,2024-12-14,Delivered,Debit Card
5917,797,2024-07-23,Delivered,Credit Card
5918,4223,2024-05-07,Cancelled,PayPal
5919,2,2024-09-27,Delivered,Debit Card
5920,2550,2024-09-01,Delivered,Credit Card
5921,2137,2024-07-20,Delivered,Debit Card
5922,3489,2025-11-24,Delivered,Credit Card
5923,704,2025-04-26,Delivered,PayPal
5924,4377,2024-06-11,Delivered,Debit Card
5925,2851,2025-04-11,Delivered,Debit Card
5926,1302,2025-05-29,Delivered,Credit Card
5927,1558,2025-01-16,Delivered,Debit Card
5928,3433,2025-11-22,Delivered,PayPal
5929,926,2025-12-06,Delivered,PayPal
5930,1484,2024-11-11,Delivered,Debit Card
5931,4927,2024-12-10,Delivered,Debit Card
5932,4400,2024-06-07,Delivered,Debit Card
5933,1664,2025-07-26,Delivered,Credit Card
5934,2779,2025-11-10,Delivered,Credit Card
5935,2074,2025-04-25,Delivered,Credit Card
5936,1004,2024-05-26,Cancelled,PayPal
5937,1472,2025-01-13,Delivered,Credit Card
5938,541,2025-08-03,Cancelled,PayPal
5939,4185,2024-01-31,Delivered,Debit Card
5940,1232,2025-03-06,Delivered,Credit Card
5941,984,2025-04-24,Delivered,Credit Card
5942,3190,2025-01-26,Delivered,Credit Card
5943,639,2025-04-14,Delivered,Credit Card
5944,4782,2025-10-15,Delivered,Credit Card
5945,4408,2024-04-01,Delivered,PayPal
5946,2064,2025-02-20,Delivered,Wallet
5947,917,2025-08-04,Cancelled,Credit Card
5948,701,2025-08-23,Delivered,Credit Card
5949,4290,2024-12-06,Delivered,Debit Card
5950,2205,2025-12-29,Delivered,Wallet
5951,2891,2024-08-24,Delivered,Wallet
5952,621,2024-11-17,Delivered,Wallet
5953,4117,2025-08-24,Delivered,Credit Card
5954,2589,2024-11-16,Delivered,Wallet
5955,351,2024-09-07,Delivered,Credit Card
5956,381,2025-02-09,Delivered,Credit Card
5957,4819,2025-03-29,Delivered,Debit Card
5958,285,2025-12-09,Delivered,Debit Card
5959,1499,2025-03-27,Delivered,PayPal
5960,65,2024-05-15,Delivered,Debit Card
5961,294,2024-02-08,Cancelled,PayPal
5962,4064,2025-12-07,Delivered,Credit Card
5963,3825,2024-11-04,Delivered,Credit Card
5964,1656,2024-05-27,Delivered,PayPal
5965,893,2024-06-11,Delivered,Debit Card
5966,1244,2024-03-18,Delivered,Credit Card
5967,1756,2024-05-25,Delivered,Credit Card
5968,3884,2025-07-23,Delivered,PayPal
5969,2974,2025-04-23,Delivered,Wallet
5970,2221,2025-03-13,Delivered,PayPal
5971,344,2024-01-09,Delivered,Debit Card
5972,578,2025-05-05,Delivered,PayPal
5973,1010,2025-12-08,Delivered,Credit Card
5974,1061,2025-11-04,Delivered,Debit Card
5975,2446,2024-10-15,Delivered,Debit Card
5976,4315,2025-03-14,Delivered,Wallet
5977,2110,2024-08-06,Delivered,Credit Card
5978,1645,2025-10-10,Delivered,Wallet
5979,2788,2025-11-02,Delivered,PayPal
5980,380,2024-06-11,Delivered,Credit Card
5981,3644,2024-12-21,Delivered,Debit Card
5982,278,2024-06-21,Delivered,Credit Card
5983,1765,2025-03-24,Delivered,Debit Card
5984,4765,2024-08-01,Delivered,Debit Card
5985,2023,2025-05-22,Delivered,PayPal
5986,3739,2025-12-17,Delivered,Debit Card
5987,1362,2025-09-28,Delivered,PayPal
5988,4261,2024-05-13,Delivered,Credit Card
5989,1699,2024-04-04,Delivered,PayPal
5990,1137,2025-08-17,Delivered,PayPal
5991,256,2024-02-29,Delivered,Debit Card
5992,1533,2024-10-19,Delivered,Credit Card
5993,2901,2025-12-26,Delivered,Wallet
5994,318,2024-11-23,Delivered,PayPal
5995,864,2024-01-07,Delivered,PayPal
5996,1735,2025-12-12,Delivered,Credit Card
5997,3582,2025-05-31,Delivered,PayPal
5998,2985,2024-08-29,Delivered,Credit Card
5999,211,2025-03-22,Delivered,Debit Card
6000,183,2025-03-22,Delivered,Debit Card
6001,300,2025-02-07,Delivered,Credit Card
6002,1654,2025-12-02,Delivered,Credit Card
6003,1424,2025-07-27,Delivered,Debit Card
6004,585,2024-07-08,Delivered,Credit Card
6005,2193,2025-12-25,Delivered,Debit Card
6006,2957,2025-12-03,Delivered,Credit Card
6007,3469,2024-02-04,Delivered,Credit Card
6008,4977,2024-08-04,Delivered,Debit Card
6009,3461,2025-03-24,Delivered,Wallet
6010,4930,2025-10-03,Delivered,Debit Card
6011,4867,2025-06-07,Delivered,Credit Card
6012,4235,2025-02-23,Delivered,Wallet
6013,1759,2024-08-11,Delivered,Wallet
6014,218,2024-03-11,Delivered,Debit Card
6015,297,2025-10-13,Delivered,Debit Card
6016,4354,2025-01-23,Delivered,Credit Card
6017,4307,2024-11-29,Delivered,Debit Card
6018,1548,2025-12-16,Delivered,PayPal
6019,3654,2024-04-30,Delivered,Wallet
6020,2272,2024-07-04,Delivered,Credit Card
6021,341,2025-09-15,Delivered,Credit Card
6022,3271,2024-07-26,Cancelled,PayPal
6023,417,2025-11-19,Delivered,PayPal
6024,654,2025-09-18,Cancelled,Debit Card
6025,2384,2024-03-13,Delivered,Credit Card
6026,351,2024-11-30,Delivered,Debit Card
6027,1709,2025-07-02,Delivered,Debit Card
6028,3765,2024-12-23,Delivered,Credit Card
6029,2982,2024-06-05,Delivered,Credit Card
6030,278,2024-02-02,Delivered,Credit Card
6031,1096,2024-01-05,Delivered,Debit Card
6032,4969,2024-05-10,Delivered,Credit Card
6033,4797,2024-07-09,Delivered,Debit Card
6034,4596,2024-08-08,Delivered,Credit Card
6035,2561,2025-09-16,Delivered,Credit Card
6036,2153,2025-01-06,Delivered,Wallet
6037,3754,2024-04-13,Delivered,PayPal
6038,4785,2024-03-01,Delivered,Credit Card
6039,629,2024-04-05,Delivered,Debit Card
6040,4477,2024-08-16,Delivered,Credit Card
6041,3085,2025-06-23,Delivered,Debit Card
6042,705,2024-02-06,Delivered,Credit Card
6043,4326,2024-10-23,Delivered,Wallet
6044,161,2024-11-22,Delivered,Credit Card
6045,115,2024-04-18,Delivered,PayPal
6046,1839,2024-02-12,Delivered,Debit Card
6047,2700,2024-06-16,Delivered,Credit Card
6048,2139,2024-04-20,Delivered,PayPal
6049,1234,2025-08-03,Delivered,Credit Card
6050,3287,2025-10-31,Delivered,Debit Card
6051,2392,2025-03-30,Delivered,PayPal
6052,599,2025-07-07,Delivered,Credit Card
6053,4080,2025-07-09,Delivered,Credit Card
6054,1546,2025-10-02,Delivered,PayPal
6055,3451,2024-03-12,Delivered,Credit Card
6056,1756,2025-12-28,Delivered,Wallet
6057,3773,2024-11-30,Delivered,Credit Card
6058,1411,2025-01-31,Delivered,Credit Card
6059,1059,2025-08-04,Delivered,Credit Card
6060,371,2024-12-26,Delivered,Debit Card
6061,4163,2024-07-13,Delivered,Wallet
6062,3608,2024-01-14,Delivered,Credit Card
6063,3070,2024-05-03,Delivered,Debit Card
6064,3039,2024-03-02,Delivered,Credit Card
6065,347,2024-10-05,Delivered,Credit Card
6066,2061,2025-07-22,Cancelled,Credit Card
6067,4314,2024-08-31,Delivered,Debit Card
6068,1447,2025-03-12,Delivered,Debit Card
6069,279,2024-05-15,Delivered,Credit Card
6070,4197,2025-03-06,Delivered,Wallet
6071,144,2025-11-27,Delivered,Credit Card
6072,3445,2024-08-18,Delivered,PayPal
6073,4169,2024-12-18,Delivered,Credit Card
6074,3727,2025-12-03,Delivered,Debit Card
6075,66,2025-03-19,Delivered,Credit Card
6076,4482,2024-10-18,Delivered,Debit Card
6077,443,2024-03-29,Delivered,PayPal
6078,4259,2025-11-15,Delivered,PayPal
6079,85,2025-03-21,Delivered,Credit Card
6080,2455,2024-02-11,Delivered,PayPal
6081,4402,2025-02-09,Delivered,Credit Card
6082,1316,2025-12-07,Delivered,Credit Card
6083,224,2025-11-11,Delivered,Debit Card
6084,443,2024-05-22,Delivered,Wallet
6085,1864,2024-10-27,Delivered,Credit Card
6086,1803,2025-12-21,Delivered,Debit Card
6087,1085,2025-07-24,Delivered,PayPal
6088,2287,2025-02-12,Delivered,Debit Card
6089,1709,2024-08-10,Delivered,Debit Card
6090,2953,2025-07-10,Cancelled,Credit Card
6091,1453,2025-02-26,Delivered,Credit Card
6092,1573,2025-01-17,Delivered,Credit Card
6093,4440,2025-11-07,Delivered,Debit Card
6094,3924,2024-10-02,Delivered,Credit Card
6095,3844,2025-04-01,Delivered,Debit Card
6096,1898,2024-02-01,Delivered,Debit Card
6097,4426,2025-06-03,Delivered,Credit Card
6098,1706,2025-02-03,Delivered,PayPal
6099,3601,2025-10-01,Delivered,Debit Card
6100,3757,2024-08-31,Delivered,Debit Card
6101,1652,2025-11-06,Delivered,Debit Card
6102,3078,2025-02-24,Delivered,Credit Card
6103,930,2024-06-01,Cancelled,Debit Card
6104,1921,2024-04-27,Delivered,PayPal
6105,2649,2024-05-22,Delivered,Debit Card
6106,3330,2024-08-08,Cancelled,PayPal
6107,1784,2025-02-05,Delivered,Credit Card
6108,3560,2025-09-25,Delivered,PayPal
6109,3218,2025-12-27,Delivered,Credit Card
6110,4320,2025-05-10,Delivered,Credit Card
6111,195,2024-12-23,Delivered,Credit Card
6112,2568,2025-03-23,Delivered,PayPal
6113,3565,2024-08-29,Cancelled,Debit Card
6114,2112,2024-06-27,Delivered,PayPal
6115,1498,2025-01-27,Delivered,Debit Card
6116,2909,2025-08-27,Delivered,PayPal
6117,2312,2024-02-17,Delivered,Debit Card
6118,2149,2024-03-21,Delivered,Debit Card
6119,4894,2024-05-09,Delivered,Credit Card
6120,2115,2024-06-02,Delivered,Debit Card
6121,1078,2024-04-18,Delivered,Debit Card
6122,84,2024-04-05,Delivered,Credit Card
6123,589,2024-01-21,Delivered,Credit Card
6124,2685,2024-09-11,Delivered,Credit Card
6125,1050,2025-06-11,Delivered,Credit Card
6126,548,2024-04-24,Delivered,Debit Card
6127,1758,2024-08-25,Delivered,Debit Card
6128,1203,2025-12-11,Delivered,Wallet
6129,2682,2024-05-03,Delivered,Debit Card
6130,282,2025-12-21,Delivered,PayPal
6131,4902,2025-01-08,Delivered,Debit Card
6132,4557,2025-06-12,Delivered,Debit Card
6133,4350,2024-08-24,Delivered,Credit Card
6134,858,2024-08-24,Delivered,Credit Card
6135,3575,2024-10-13,Delivered,Credit Card
6136,69,2024-04-03,Delivered,Debit Card
6137,3603,2024-08-18,Delivered,Credit Card
6138,3989,2025-10-14,Delivered,Debit Card
6139,1419,2024-01-03,Delivered,Wallet
6140,2319,2025-02-21,Delivered,Debit Card
6141,4640,2025-05-17,Delivered,Credit Card
6142,992,2024-04-13,Delivered,Debit Card
6143,2698,2024-03-21,Delivered,Debit Card
6144,1520,2025-02-07,Delivered,PayPal
6145,813,2024-06-08,Delivered,PayPal
6146,3409,2025-12-14,Cancelled,Credit Card
6147,4752,2024-05-18,Delivered,Wallet
6148,2827,2024-04-05,Delivered,Credit Card
6149,2533,2024-08-29,Delivered,Credit Card
6150,2669,2024-08-30,Delivered,Credit Card
6151,778,2024-04-26,Delivered,Credit Card
6152,1007,2025-04-30,Delivered,Credit Card
6153,3677,2024-09-10,Delivered,Credit Card
6154,2930,2025-01-19,Delivered,Credit Card
6155,1169,2024-06-26,Delivered,Credit Card
6156,98,2024-03-11,Delivered,Wallet
6157,939,2024-02-14,Delivered,PayPal
6158,2526,2024-02-08,Delivered,Debit Card
6159,1338,2025-09-27,Delivered,PayPal
6160,3655,2024-07-12,Delivered,Debit Card
6161,2892,2024-08-11,Cancelled,Credit Card
6162,738,2025-02-26,Delivered,Wallet
6163,1463,2024-03-10,Delivered,Credit Card
6164,179,2025-03-14,Delivered,Debit Card
6165,205,2025-01-15,Delivered,PayPal
6166,3762,2025-07-31,Delivered,Credit Card
6167,1938,2024-03-30,Delivered,Credit Card
6168,4409,2024-01-13,Delivered,PayPal
6169,1172,2025-07-18,Delivered,Debit Card
6170,1608,2024-09-27,Delivered,Credit Card
6171,2558,2024-02-14,Delivered,Wallet
6172,1405,2025-02-10,Delivered,PayPal
6173,2298,2024-12-05,Delivered,PayPal
6174,613,2025-11-25,Delivered,Credit Card
6175,391,2025-11-19,Cancelled,PayPal
6176,4304,2025-01-28,Delivered,Debit Card
6177,1227,2024-04-26,Delivered,Debit Card
6178,511,2025-06-29,Delivered,Credit Card
6179,1408,2024-05-26,Delivered,Debit Card
6180,2098,2025-09-03,Delivered,Credit Card
6181,2424,2025-03-14,Delivered,Wallet
6182,3830,2024-09-15,Delivered,Debit Card
6183,4112,2025-12-16,Delivered,Debit Card
6184,1460,2025-01-10,Delivered,Credit Card
6185,1094,2024-10-08,Cancelled,Credit Card
6186,619,2024-05-17,Delivered,Debit Card
6187,791,2025-04-18,Delivered,PayPal
6188,143,2024-07-16,Delivered,Debit Card
6189,6,2024-04-21,Delivered,Credit Card
6190,2092,2024-03-27,Delivered,Debit Card
6191,3033,2025-04-13,Delivered,Credit Card
6192,4097,2025-11-03,Delivered,Debit Card
6193,1629,2024-07-03,Delivered,Debit Card
6194,1446,2024-06-07,Delivered,Credit Card
6195,3351,2025-03-23,Delivered,Credit Card
6196,3184,2024-04-14,Delivered,Debit Card
6197,3451,2024-03-05,Delivered,Debit Card
6198,851,2025-04-10,Delivered,Credit Card
6199,224,2025-01-18,Delivered,Debit Card
6200,2725,2024-01-21,Delivered,Debit Card
6201,2093,2024-06-22,Delivered,Credit Card
6202,1292,2024-05-24,Cancelled,Credit Card
6203,4840,2025-05-12,Delivered,Credit Card
6204,796,2025-04-30,Delivered,PayPal
6205,1376,2025-06-29,Delivered,Credit Card
6206,3750,2024-03-13,Delivered,Wallet
6207,2648,2025-09-11,Delivered,Debit Card
6208,1157,2024-06-01,Delivered,PayPal
6209,2690,2025-12-25,Delivered,Wallet
6210,2097,2025-09-28,Delivered,Credit Card
6211,1303,2024-12-01,Delivered,Debit Card
6212,3356,2025-07-27,Delivered,Credit Card
6213,3897,2025-05-04,Cancelled,Credit Card
6214,343,2025-07-18,Delivered,PayPal
6215,19,2024-01-14,Delivered,Credit Card
6216,4517,2024-03-02,Delivered,PayPal
6217,1134,2025-10-22,Delivered,PayPal
6218,432,2025-07-24,Delivered,Debit Card
6219,2963,2025-03-25,Delivered,Debit Card
6220,1613,2024-08-16,Delivered,PayPal
6221,4587,2024-11-03,Delivered,Credit Card
6222,4803,2024-10-13,Delivered,PayPal
6223,48,2024-11-13,Delivered,Credit Card
6224,958,2025-04-03,Delivered,Credit Card
6225,3005,2025-07-07,Delivered,Credit Card
6226,1681,2024-10-07,Delivered,Credit Card
6227,17,2025-08-31,Delivered,Credit Card
6228,2313,2024-03-07,Delivered,Debit Card
6229,3115,2025-08-12,Delivered,Debit Card
6230,4950,2025-05-08,Delivered,Wallet
6231,2058,2025-01-07,Delivered,PayPal
6232,3948,2024-09-30,Delivered,PayPal
6233,2173,2024-09-27,Delivered,Wallet
6234,3358,2024-09-20,Delivered,PayPal
6235,4838,2025-11-21,Delivered,Credit Card
6236,4063,2024-01-20,Delivered,Credit Card
6237,3412,2025-04-07,Delivered,Credit Card
6238,4138,2025-12-23,Delivered,Credit Card
6239,983,2025-01-31,Cancelled,PayPal
6240,3981,2025-04-11,Cancelled,Debit Card
6241,4987,2025-03-12,Delivered,PayPal
6242,4866,2025-01-04,Delivered,Credit Card
6243,1284,2025-04-04,Delivered,Wallet
6244,2138,2025-10-21,Delivered,Credit Card
6245,3430,2025-06-04,Delivered,Credit Card
6246,369,2025-09-12,Delivered,Wallet
6247,3402,2025-02-07,Delivered,Credit Card
6248,1378,2025-07-18,Delivered,PayPal
6249,4249,2025-10-01,Cancelled,Credit Card
6250,3070,2024-06-03,Delivered,PayPal
6251,1995,2025-09-19,Delivered,Debit Card
6252,251,2025-05-16,Delivered,PayPal
6253,3480,2024-11-18,Delivered,Debit Card
6254,2682,2025-07-19,Delivered,Debit Card
6255,3130,2024-05-03,Delivered,Debit Card
6256,90,2025-05-24,Delivered,Debit Card
6257,2183,2025-02-24,Cancelled,Debit Card
6258,3781,2025-10-10,Delivered,Credit Card
6259,4580,2025-03-29,Delivered,PayPal
6260,1756,2025-01-18,Cancelled,Credit Card
6261,1260,2025-01-17,Delivered,Credit Card
6262,3531,2025-02-09,Delivered,Debit Card
6263,1122,2025-10-12,Delivered,Debit Card
6264,4442,2025-07-27,Delivered,PayPal
6265,3152,2024-03-08,Delivered,Wallet
6266,4628,2025-01-23,Delivered,Debit Card
6267,952,2024-07-28,Delivered,Wallet
6268,420,2024-04-30,Delivered,Debit Card
6269,4150,2025-09-24,Delivered,Credit Card
6270,1445,2025-09-17,Delivered,Debit Card
6271,1699,2025-11-16,Delivered,Credit Card
6272,1341,2024-10-14,Delivered,Wallet
6273,2106,2024-11-06,Delivered,Credit Card
6274,4495,2025-07-21,Delivered,Credit Card
6275,3412,2024-05-20,Delivered,Debit Card
6276,361,2024-02-09,Delivered,Credit Card
6277,4426,2024-11-02,Delivered,Credit Card
6278,2207,2025-04-04,Delivered,Credit Card
6279,3450,2024-11-29,Delivered,PayPal
6280,1827,2024-06-03,Delivered,Credit Card
6281,472,2025-01-14,Delivered,Debit Card
6282,2099,2025-11-19,Delivered,Debit Card
6283,1691,2024-07-19,Delivered,Wallet
6284,90,2024-10-19,Delivered,Wallet
6285,3751,2024-08-16,Delivered,Wallet
6286,4309,2024-08-02,Delivered,Credit Card
6287,4539,2025-04-23,Delivered,Debit Card
6288,1222,2024-09-30,Delivered,PayPal
6289,3170,2025-03-29,Delivered,Credit Card
6290,2661,2024-01-15,Delivered,Credit Card
6291,2981,2025-04-28,Delivered,Wallet
6292,3990,2024-03-18,Delivered,Credit Card
6293,1897,2024-10-02,Delivered,Credit Card
6294,1375,2025-09-28,Delivered,Credit Card
6295,2391,2024-09-02,Delivered,Credit Card
6296,3329,2025-05-24,Delivered,Wallet
6297,2162,2024-09-13,Delivered,Credit Card
6298,1518,2025-10-20,Delivered,Credit Card
6299,276,2025-11-25,Cancelled,Credit Card
6300,2866,2025-10-25,Delivered,Debit Card
6301,110,2024-10-15,Delivered,PayPal
6302,2354,2024-08-19,Delivered,Debit Card
6303,3088,2025-03-18,Delivered,Debit Card
6304,2306,2025-08-19,Delivered,Debit Card
6305,2550,2025-01-16,Delivered,Credit Card
6306,1388,2025-06-22,Delivered,Credit Card
6307,1225,2025-10-01,Delivered,Wallet
6308,4225,2025-07-02,Delivered,PayPal
6309,4464,2024-09-26,Delivered,Credit Card
6310,802,2024-07-01,Delivered,PayPal
6311,1033,2024-11-12,Delivered,PayPal
6312,1786,2025-02-23,Delivered,PayPal
6313,3503,2025-09-07,Delivered,PayPal
6314,310,2024-08-07,Delivered,Wallet
6315,3942,2024-04-27,Delivered,Credit Card
6316,35,2024-08-18,Delivered,Credit Card
6317,4202,2025-03-09,Delivered,Wallet
6318,205,2024-06-18,Delivered,Debit Card
6319,4198,2024-10-18,Delivered,Debit Card
6320,4719,2024-07-06,Delivered,Credit Card
6321,3971,2025-12-20,Delivered,Credit Card
6322,4921,2025-01-09,Delivered,Wallet
6323,2290,2025-06-10,Delivered,Credit Card
6324,3209,2025-01-14,Delivered,Debit Card
6325,3120,2024-01-08,Delivered,Credit Card
6326,59,2024-07-11,Delivered,Wallet
6327,4289,2025-09-04,Delivered,Credit Card
6328,3526,2025-01-08,Delivered,Wallet
6329,2102,2025-05-28,Delivered,Credit Card
6330,1074,2025-07-10,Delivered,Wallet
6331,3355,2025-02-13,Delivered,Credit Card
6332,4908,2025-02-25,Delivered,PayPal
6333,798,2024-06-21,Delivered,Debit Card
6334,4601,2024-06-30,Delivered,Credit Card
6335,2824,2024-04-19,Delivered,Credit Card
6336,3944,2024-08-05,Delivered,PayPal
6337,706,2025-04-03,Delivered,Debit Card
6338,523,2025-11-08,Delivered,Credit Card
6339,3302,2024-11-17,Delivered,Credit Card
6340,1418,2025-03-15,Delivered,PayPal
6341,1885,2025-09-20,Delivered,Debit Card
6342,3112,2025-05-09,Delivered,Debit Card
6343,1140,2024-07-10,Delivered,Debit Card
6344,1708,2024-07-24,Delivered,Credit Card
6345,1804,2025-04-10,Delivered,Credit Card
6346,1764,2024-07-29,Delivered,Credit Card
6347,3508,2024-06-30,Delivered,Wallet
6348,759,2025-03-08,Delivered,Credit Card
6349,4541,2025-04-09,Delivered,Debit Card
6350,3581,2024-07-03,Delivered,Credit Card
6351,57,2024-02-05,Delivered,Credit Card
6352,2826,2025-07-14,Delivered,Debit Card
6353,840,2024-10-12,Delivered,Debit Card
6354,764,2025-04-07,Delivered,PayPal
6355,3529,2024-05-06,Delivered,Credit Card
6356,1247,2024-08-17,Delivered,PayPal
6357,2844,2025-03-18,Delivered,Wallet
6358,1422,2024-03-31,Delivered,Wallet
6359,1596,2024-08-19,Delivered,Credit Card
6360,3354,2025-06-08,Delivered,Debit Card
6361,3259,2025-07-17,Delivered,Wallet
6362,108,2024-09-14,Delivered,PayPal
6363,4336,2024-03-24,Delivered,Credit Card
6364,2935,2024-01-19,Delivered,PayPal
6365,1290,2025-02-10,Delivered,PayPal
6366,564,2025-05-21,Delivered,PayPal
6367,2429,2025-03-09,Delivered,Credit Card
6368,3479,2024-10-22,Delivered,Debit Card
6369,104,2024-01-17,Delivered,Debit Card
6370,1450,2024-06-14,Delivered,Credit Card
6371,4730,2024-01-27,Delivered,PayPal
6372,502,2024-12-03,Delivered,Credit Card
6373,4009,2024-08-13,Delivered,Credit Card
6374,1192,2024-02-21,Delivered,PayPal
6375,2526,2025-03-20,Delivered,Credit Card
6376,3817,2024-09-27,Delivered,Credit Card
6377,4960,2025-12-03,Delivered,PayPal
6378,3018,2024-10-31,Delivered,PayPal
6379,1102,2024-03-07,Delivered,PayPal
6380,409,2025-05-29,Delivered,Credit Card
6381,3720,2025-05-28,Delivered,Debit Card
6382,2893,2025-11-09,Delivered,Credit Card
6383,3848,2025-05-20,Delivered,Credit Card
6384,4937,2024-09-21,Cancelled,Credit Card
6385,4155,2025-05-03,Delivered,Debit Card
6386,2509,2025-08-05,Delivered,Debit Card
6387,3426,2025-01-11,Delivered,Credit Card
6388,3126,2025-08-03,Delivered,PayPal
6389,953,2025-12-06,Delivered,Wallet
6390,1545,2025-07-04,Delivered,Credit Card
6391,457,2025-01-01,Delivered,PayPal
6392,1843,2024-12-25,Delivered,Debit Card
6393,902,2025-09-03,Delivered,Debit Card
6394,4485,2025-09-29,Delivered,Debit Card
6395,4292,2024-07-10,Delivered,PayPal
6396,3639,2024-01-08,Delivered,Credit Card
6397,2010,2025-08-11,Delivered,Debit Card
6398,38,2024-06-21,Delivered,Credit Card
6399,2731,2025-12-28,Delivered,Credit Card
6400,124,2024-01-27,Delivered,Debit Card
6401,127,2025-10-26,Delivered,Credit Card
6402,774,2025-05-10,Delivered,PayPal
6403,2458,2024-08-09,Delivered,Debit Card
6404,3746,2024-01-26,Delivered,Credit Card
6405,2047,2025-09-09,Delivered,PayPal
6406,3876,2024-03-28,Delivered,Credit Card
6407,2673,2024-03-10,Delivered,Debit Card
6408,4469,2025-07-30,Delivered,Credit Card
6409,1877,2025-05-09,Cancelled,Credit Card
6410,1502,2024-04-03,Delivered,PayPal
6411,378,2024-09-06,Delivered,Wallet
6412,1096,2025-05-01,Delivered,Credit Card
6413,220,2025-04-25,Delivered,Credit Card
6414,869,2024-09-21,Delivered,Debit Card
6415,4749,2024-10-27,Cancelled,Credit Card
6416,2723,2024-02-28,Delivered,PayPal
6417,3020,2024-01-07,Delivered,Credit Card
6418,1924,2025-12-07,Delivered,Credit Card
6419,3217,2024-06-17,Delivered,Credit Card
6420,2812,2025-11-07,Delivered,Credit Card
6421,4578,2024-01-31,Delivered,PayPal
6422,3978,2025-12-23,Delivered,Debit Card
6423,2755,2024-11-07,Delivered,Credit Card
6424,3909,2025-08-11,Delivered,Credit Card
6425,3078,2025-09-05,Delivered,Credit Card
6426,4974,2024-09-13,Delivered,Debit Card
6427,2616,2025-06-22,Delivered,Debit Card
6428,4256,2024-08-31,Delivered,Credit Card
6429,880,2025-07-29,Delivered,PayPal
6430,842,2025-12-01,Cancelled,Debit Card
6431,1558,2025-08-12,Delivered,Wallet
6432,4118,2025-06-15,Delivered,Debit Card
6433,4422,2024-09-28,Delivered,Credit Card
6434,2006,2024-03-20,Delivered,Credit Card
6435,2220,2025-01-04,Delivered,Wallet
6436,2447,2024-04-04,Delivered,Credit Card
6437,1021,2025-01-06,Delivered,Credit Card
6438,2686,2025-09-26,Delivered,Debit Card
6439,4141,2024-03-23,Delivered,Debit Card
6440,3756,2025-10-19,Delivered,Debit Card
6441,437,2025-03-12,Delivered,Debit Card
6442,1769,2024-02-04,Delivered,Credit Card
6443,3198,2025-06-09,Delivered,Debit Card
6444,2966,2024-01-01,Delivered,PayPal
6445,3501,2025-03-22,Delivered,Credit Card
6446,3737,2025-01-05,Delivered,Credit Card
6447,1519,2025-06-28,Delivered,Wallet
6448,2349,2024-10-01,Delivered,Credit Card
6449,835,2024-03-27,Delivered,Debit Card
6450,3586,2024-10-09,Cancelled,Credit Card
6451,2242,2025-07-09,Delivered,Debit Card
6452,1744,2025-11-27,Delivered,Debit Card
6453,3776,2024-05-31,Delivered,PayPal
6454,4690,2024-09-13,Cancelled,Credit Card
6455,4434,2025-10-02,Delivered,Credit Card
6456,675,2024-08-16,Cancelled,Debit Card
6457,4077,2024-06-27,Delivered,Credit Card
6458,2836,2025-08-30,Delivered,Debit Card
6459,548,2024-12-25,Delivered,Debit Card
6460,1940,2025-03-01,Delivered,PayPal
6461,1114,2024-12-21,Delivered,Credit Card
6462,1291,2025-03-16,Delivered,Credit Card
6463,3085,2024-07-15,Delivered,PayPal
6464,2018,2025-06-18,Delivered,Debit Card
6465,3550,2024-09-21,Delivered,Credit Card
6466,4031,2025-01-17,Delivered,Wallet
6467,44,2024-05-15,Delivered,Debit Card
6468,4123,2024-01-09,Delivered,Debit Card
6469,713,2025-02-20,Delivered,PayPal
6470,30,2024-04-11,Delivered,Debit Card
6471,471,2025-10-28,Delivered,Credit Card
6472,255,2025-12-01,Delivered,Credit Card
6473,1706,2024-08-19,Delivered,Debit Card
6474,4198,2024-07-29,Delivered,Debit Card
6475,3405,2025-01-05,Delivered,Debit Card
6476,2211,2024-05-29,Delivered,Debit Card
6477,4716,2025-09-21,Delivered,Credit Card
6478,2437,2024-03-15,Delivered,Debit Card
6479,448,2024-11-26,Delivered,Credit Card
6480,99,2024-05-17,Delivered,PayPal
6481,2531,2025-08-29,Delivered,Debit Card
6482,1125,2024-04-15,Delivered,Debit Card
6483,1863,2024-11-21,Delivered,Debit Card
6484,1548,2025-08-31,Delivered,Credit Card
6485,1992,2024-11-17,Delivered,Debit Card
6486,4812,2024-05-14,Delivered,Credit Card
6487,341,2024-04-24,Delivered,Debit Card
6488,546,2025-03-17,Delivered,Credit Card
6489,1442,2024-04-01,Delivered,Debit Card
6490,3714,2024-09-16,Delivered,Credit Card
6491,1263,2025-03-22,Delivered,Credit Card
6492,1246,2024-10-04,Delivered,Debit Card
6493,3592,2025-08-26,Delivered,Debit Card
6494,3009,2025-05-17,Cancelled,Credit Card
6495,3210,2024-04-08,Delivered,Debit Card
6496,3298,2025-08-19,Delivered,PayPal
6497,3182,2025-10-26,Delivered,Debit Card
6498,2778,2024-05-27,Delivered,Debit Card
6499,2597,2024-09-18,Cancelled,Credit Card
6500,3836,2024-10-15,Delivered,Credit Card
6501,1711,2024-11-06,Delivered,Credit Card
6502,1611,2024-12-04,Delivered,Wallet
6503,1219,2025-10-14,Delivered,Credit Card
6504,4152,2025-04-20,Delivered,Credit Card
6505,57,2025-10-16,Delivered,Credit Card
6506,1047,2024-09-12,Delivered,PayPal
6507,740,2025-01-18,Delivered,Credit Card
6508,1868,2024-03-18,Delivered,PayPal
6509,1100,2024-07-21,Delivered,Credit Card
6510,2527,2025-03-02,Delivered,PayPal
6511,4878,2024-05-05,Delivered,PayPal
6512,2137,2025-12-02,Delivered,Credit Card
6513,4853,2024-07-17,Delivered,Wallet
6514,1545,2024-04-27,Delivered,Wallet
6515,3839,2025-07-23,Delivered,Credit Card
6516,691,2024-03-06,Delivered,Debit Card
6517,3052,2024-08-24,Delivered,Debit Card
6518,3758,2024-05-25,Delivered,PayPal
6519,3345,2025-05-22,Delivered,Debit Card
6520,4689,2025-09-07,Delivered,Debit Card
6521,3003,2024-05-22,Delivered,Credit Card
6522,2932,2024-10-30,Delivered,PayPal
6523,3235,2024-12-15,Delivered,Credit Card
6524,1769,2025-05-19,Delivered,Debit Card
6525,1097,2024-09-14,Delivered,Credit Card
6526,4528,2025-01-16,Delivered,PayPal
6527,4884,2025-01-02,Delivered,PayPal
6528,4658,2024-01-09,Delivered,Credit Card
6529,3784,2025-02-20,Delivered,PayPal
6530,1118,2025-02-18,Cancelled,PayPal
6531,1172,2025-12-24,Delivered,Credit Card
6532,1548,2025-01-07,Delivered,Credit Card
6533,2569,2025-10-18,Delivered,Credit Card
6534,1180,2024-09-11,Delivered,Credit Card
6535,3947,2025-05-22,Delivered,PayPal
6536,423,2025-10-20,Delivered,Credit Card
6537,4556,2024-04-22,Delivered,Debit Card
6538,2263,2025-02-17,Delivered,Credit Card
6539,1920,2025-11-01,Delivered,Credit Card
6540,2251,2025-02-09,Delivered,Debit Card
6541,2419,2025-10-13,Delivered,Credit Card
6542,2758,2024-11-02,Delivered,PayPal
6543,1550,2025-10-09,Delivered,Credit Card
6544,1521,2025-04-04,Delivered,Debit Card
6545,1883,2024-12-15,Delivered,Debit Card
6546,781,2024-06-05,Delivered,Debit Card
6547,1139,2024-05-04,Delivered,Debit Card
6548,2094,2024-07-29,Delivered,Credit Card
6549,150,2025-07-04,Delivered,PayPal
6550,2100,2024-12-07,Delivered,Debit Card
6551,2082,2024-10-10,Delivered,PayPal
6552,14,2024-12-06,Delivered,Credit Card
6553,2353,2024-09-08,Delivered,Credit Card
6554,3309,2025-08-12,Delivered,Credit Card
6555,3900,2024-10-12,Delivered,Credit Card
6556,1937,2024-12-10,Delivered,Credit Card
6557,2614,2025-02-12,Delivered,Credit Card
6558,392,2025-04-16,Delivered,Credit Card
6559,1632,2024-08-31,Delivered,Credit Card
6560,3319,2024-02-23,Delivered,Credit Card
6561,2317,2025-05-18,Delivered,PayPal
6562,4771,2025-02-12,Delivered,Wallet
6563,3981,2025-04-17,Delivered,Credit Card
6564,4536,2025-01-31,Delivered,Credit Card
6565,2405,2025-01-06,Delivered,Credit Card
6566,384,2025-11-23,Delivered,PayPal
6567,2776,2024-02-09,Delivered,Wallet
6568,4730,2024-03-08,Cancelled,Credit Card
6569,865,2025-11-14,Delivered,Credit Card
6570,4802,2025-10-09,Delivered,Credit Card
6571,39,2024-10-27,Delivered,Credit Card
6572,3071,2025-01-29,Delivered,Credit Card
6573,4649,2024-11-24,Delivered,Debit Card
6574,1056,2025-12-28,Delivered,Credit Card
6575,1340,2024-11-28,Delivered,Credit Card
6576,4037,2025-07-08,Delivered,Debit Card
6577,1738,2024-09-23,Delivered,PayPal
6578,3277,2024-10-05,Delivered,Credit Card
6579,575,2025-05-07,Delivered,PayPal
6580,3361,2024-10-18,Delivered,Credit Card
6581,2565,2024-01-11,Delivered,Credit Card
6582,2504,2024-05-06,Delivered,Credit Card
6583,3686,2025-09-29,Delivered,Credit Card
6584,2239,2024-09-24,Delivered,Credit Card
6585,3431,2024-03-15,Delivered,Debit Card
6586,2131,2025-11-16,Delivered,PayPal
6587,4279,2025-12-30,Cancelled,Credit Card
6588,2780,2024-12-30,Delivered,Credit Card
6589,1433,2025-04-03,Delivered,Credit Card
6590,4395,2025-07-05,Delivered,Credit Card
6591,1574,2024-02-18,Delivered,PayPal
6592,4712,2024-08-04,Delivered,Credit Card
6593,4828,2025-02-14,Delivered,Debit Card
6594,2790,2025-02-05,Delivered,Debit Card
6595,2283,2024-08-29,Delivered,PayPal
6596,1329,2024-01-02,Delivered,Credit Card
6597,4173,2025-11-26,Cancelled,Credit Card
6598,1344,2025-03-24,Delivered,Credit Card
6599,3058,2025-07-05,Delivered,Debit Card
6600,4021,2024-11-15,Cancelled,Debit Card
6601,905,2025-01-05,Delivered,Debit Card
6602,864,2024-11-20,Delivered,Credit Card
6603,4788,2024-11-09,Delivered,Credit Card
6604,4938,2025-05-04,Delivered,Debit Card
6605,1623,2025-12-27,Delivered,Credit Card
6606,1162,2025-07-21,Delivered,Wallet
6607,3209,2025-05-02,Delivered,PayPal
6608,2918,2024-01-09,Delivered,Credit Card
6609,1273,2025-01-10,Delivered,Debit Card
6610,1078,2025-11-28,Delivered,Credit Card
6611,2879,2024-10-17,Cancelled,Wallet
6612,1375,2025-02-05,Delivered,Debit Card
6613,2706,2024-08-24,Delivered,Credit Card
6614,3438,2024-05-19,Delivered,Debit Card
6615,1306,2025-05-29,Delivered,Credit Card
6616,2859,2024-08-16,Delivered,Credit Card
6617,4944,2025-03-05,Delivered,Credit Card
6618,2689,2025-03-09,Delivered,Credit Card
6619,704,2025-09-11,Cancelled,Credit Card
6620,3675,2025-11-15,Delivered,Wallet
6621,2216,2025-02-08,Delivered,Debit Card
6622,3583,2024-02-06,Delivered,PayPal
6623,157,2025-03-01,Delivered,Credit Card
6624,3559,2025-10-07,Delivered,PayPal
6625,3414,2024-12-14,Delivered,Debit Card
6626,19,2025-02-16,Delivered,Debit Card
6627,2311,2025-07-10,Delivered,PayPal
6628,2350,2024-11-16,Delivered,Debit Card
6629,2801,2024-10-29,Delivered,Debit Card
6630,3082,2024-12-17,Cancelled,PayPal
6631,3493,2025-09-13,Delivered,Credit Card
6632,4568,2024-12-22,Delivered,Credit Card
6633,3821,2024-08-26,Delivered,Wallet
6634,1554,2025-03-11,Delivered,PayPal
6635,4830,2025-05-20,Delivered,Debit Card
6636,2392,2025-10-28,Delivered,PayPal
6637,4320,2025-10-13,Delivered,PayPal
6638,2427,2025-07-25,Delivered,Debit Card
6639,1620,2025-07-15,Delivered,Credit Card
6640,3615,2024-11-24,Delivered,Debit Card
6641,3637,2024-09-07,Delivered,Credit Card
6642,604,2025-02-14,Delivered,Credit Card
6643,380,2025-05-30,Delivered,Wallet
6644,3790,2025-01-13,Delivered,Debit Card
6645,682,2024-05-31,Delivered,PayPal
6646,2296,2024-01-11,Delivered,Debit Card
6647,2299,2024-02-12,Delivered,Credit Card
6648,2198,2024-11-07,Cancelled,Debit Card
6649,2299,2025-07-31,Delivered,Debit Card
6650,4754,2025-07-30,Delivered,Debit Card
6651,2529,2025-08-12,Delivered,Credit Card
6652,4339,2025-06-01,Delivered,PayPal
6653,2376,2024-01-17,Delivered,Credit Card
6654,2359,2025-10-06,Delivered,Credit Card
6655,3207,2025-11-22,Delivered,Debit Card
6656,1170,2025-09-12,Delivered,Wallet
6657,4772,2024-11-21,Delivered,Credit Card
6658,4660,2024-06-05,Delivered,Credit Card
6659,864,2025-10-22,Delivered,Wallet
6660,734,2024-05-15,Delivered,Wallet
6661,1788,2025-07-29,Delivered,Credit Card
6662,952,2025-12-05,Delivered,PayPal
6663,372,2025-10-19,Delivered,Wallet
6664,4042,2025-01-15,Delivered,Credit Card
6665,1000,2025-08-31,Delivered,PayPal
6666,1843,2025-08-29,Delivered,Credit Card
6667,4937,2025-12-12,Delivered,PayPal
6668,1995,2024-09-20,Delivered,Credit Card
6669,198,2025-04-04,Delivered,Debit Card
6670,1218,2025-08-19,Delivered,PayPal
6671,1069,2024-06-14,Delivered,Credit Card
6672,2781,2024-06-13,Delivered,PayPal
6673,2133,2024-10-11,Delivered,Credit Card
6674,385,2024-09-19,Delivered,Credit Card
6675,1464,2025-07-02,Delivered,Wallet
6676,2342,2025-11-14,Delivered,Wallet
6677,2727,2024-04-24,Delivered,PayPal
6678,2088,2024-08-25,Cancelled,PayPal
6679,4953,2025-11-09,Delivered,Credit Card
6680,2458,2025-03-10,Cancelled,Debit Card
6681,3520,2024-05-29,Delivered,PayPal
6682,2859,2025-03-16,Delivered,PayPal
6683,2030,2025-10-01,Delivered,Credit Card
6684,142,2024-09-29,Delivered,Credit Card
6685,3415,2024-12-19,Delivered,Debit Card
6686,4297,2025-03-23,Delivered,Credit Card
6687,4362,2025-09-05,Cancelled,PayPal
6688,3967,2025-02-16,Delivered,Credit Card
6689,1146,2025-11-30,Delivered,Debit Card
6690,2258,2025-07-05,Delivered,Credit Card
6691,3585,2024-11-04,Delivered,PayPal
6692,3659,2024-12-21,Delivered,Wallet
6693,3070,2025-05-23,Delivered,Debit Card
6694,247,2024-02-21,Delivered,Wallet
6695,3670,2024-06-14,Delivered,Credit Card
6696,2828,2024-06-22,Delivered,Credit Card
6697,421,2025-08-07,Delivered,PayPal
6698,2695,2025-08-23,Delivered,Credit Card
6699,3665,2025-08-21,Delivered,Credit Card
6700,4678,2024-03-17,Delivered,Debit Card
6701,3941,2024-08-03,Delivered,Credit Card
6702,1310,2024-08-15,Delivered,PayPal
6703,3437,2024-01-18,Delivered,Debit Card
6704,3376,2024-07-07,Delivered,Credit Card
6705,987,2024-11-10,Cancelled,Credit Card
6706,4150,2025-10-08,Delivered,Credit Card
6707,807,2024-05-04,Delivered,Debit Card
6708,3751,2025-09-20,Delivered,Credit Card
6709,3692,2025-08-20,Delivered,PayPal
6710,4807,2024-04-25,Delivered,Credit Card
6711,3239,2024-07-09,Delivered,Credit Card
6712,361,2024-11-30,Delivered,Debit Card
6713,4919,2025-11-19,Delivered,Credit Card
6714,1918,2025-07-27,Delivered,Debit Card
6715,2274,2025-12-10,Delivered,Debit Card
6716,4339,2024-08-16,Delivered,Credit Card
6717,1147,2025-10-25,Delivered,Debit Card
6718,3312,2025-11-28,Delivered,Wallet
6719,3849,2025-03-13,Delivered,Credit Card
6720,2649,2024-04-22,Delivered,Debit Card
6721,3743,2024-07-14,Delivered,Credit Card
6722,3566,2024-04-03,Delivered,PayPal
6723,2614,2025-08-12,Delivered,Credit Card
6724,458,2024-08-16,Delivered,Credit Card
6725,3731,2025-05-27,Delivered,Credit Card
6726,3949,2024-07-14,Cancelled,Debit Card
6727,1553,2025-12-14,Delivered,Credit Card
6728,4093,2025-07-18,Delivered,PayPal
6729,1079,2024-10-02,Delivered,Credit Card
6730,856,2024-12-14,Delivered,Wallet
6731,631,2024-02-12,Delivered,Wallet
6732,2762,2024-04-09,Delivered,PayPal
6733,1453,2025-12-29,Delivered,PayPal
6734,3473,2025-08-18,Delivered,Debit Card
6735,3273,2025-09-03,Delivered,PayPal
6736,2134,2025-04-14,Delivered,Credit Card
6737,1293,2024-06-10,Delivered,PayPal
6738,4577,2024-03-17,Delivered,Debit Card
6739,4418,2025-06-13,Delivered,PayPal
6740,1736,2024-08-30,Cancelled,Debit Card
6741,1249,2024-01-01,Delivered,Debit Card
6742,4020,2024-01-17,Delivered,Credit Card
6743,3423,2025-02-11,Delivered,Credit Card
6744,2284,2025-09-05,Delivered,Credit Card
6745,2638,2024-09-21,Cancelled,PayPal
6746,3626,2025-12-30,Delivered,Credit Card
6747,1058,2024-10-05,Delivered,Wallet
6748,4983,2025-06-19,Delivered,PayPal
6749,2781,2024-06-27,Delivered,PayPal
6750,636,2025-03-19,Delivered,Wallet
6751,4774,2024-07-19,Delivered,Credit Card
6752,4983,2025-07-22,Delivered,PayPal
6753,4721,2024-11-27,Delivered,Credit Card
6754,3493,2024-01-31,Delivered,Credit Card
6755,1458,2024-06-30,Delivered,Credit Card
6756,2653,2024-09-14,Delivered,Credit Card
6757,2683,2024-12-06,Delivered,Credit Card
6758,2546,2024-07-16,Delivered,Credit Card
6759,755,2025-02-25,Delivered,Wallet
6760,1556,2025-12-04,Delivered,Credit Card
6761,2346,2025-06-03,Delivered,Wallet
6762,2643,2024-08-15,Delivered,PayPal
6763,1608,2025-05-09,Cancelled,PayPal
6764,3653,2025-12-06,Delivered,PayPal
6765,4648,2024-06-25,Delivered,Wallet
6766,2334,2024-06-18,Delivered,Credit Card
6767,3164,2024-01-29,Delivered,Debit Card
6768,963,2025-09-06,Delivered,Credit Card
6769,925,2025-08-30,Delivered,Credit Card
6770,365,2024-10-29,Delivered,Credit Card
6771,4962,2025-09-28,Delivered,Debit Card
6772,1509,2025-04-20,Delivered,Wallet
6773,3471,2025-12-15,Delivered,Credit Card
6774,3120,2025-11-04,Delivered,Wallet
6775,674,2025-12-01,Delivered,Credit Card
6776,833,2024-10-13,Delivered,Debit Card
6777,3998,2025-04-07,Delivered,Credit Card
6778,3979,2024-05-02,Delivered,Wallet
6779,2788,2025-10-14,Delivered,Debit Card
6780,1722,2024-08-20,Delivered,Credit Card
6781,2002,2024-11-23,Delivered,Wallet
6782,3955,2025-03-09,Cancelled,Credit Card
6783,982,2025-07-28,Delivered,Wallet
6784,440,2025-06-18,Delivered,Credit Card
6785,1390,2025-11-28,Delivered,Credit Card
6786,949,2025-06-04,Delivered,Credit Card
6787,837,2025-08-04,Delivered,Debit Card
6788,2320,2025-02-21,Delivered,PayPal
6789,4017,2024-10-30,Delivered,Debit Card
6790,3459,2025-10-28,Delivered,Credit Card
6791,1365,2024-10-02,Delivered,Credit Card
6792,2121,2025-03-28,Delivered,Debit Card
6793,2350,2024-07-31,Delivered,Credit Card
6794,1947,2024-12-18,Delivered,Credit Card
6795,4840,2024-09-24,Delivered,Debit Card
6796,4750,2024-07-07,Delivered,Debit Card
6797,4973,2025-08-22,Delivered,Debit Card
6798,2096,2025-07-14,Delivered,Credit Card
6799,3957,2025-05-27,Delivered,Wallet
6800,3679,2024-03-01,Delivered,PayPal
6801,3995,2024-07-01,Delivered,PayPal
6802,808,2024-06-08,Delivered,PayPal
6803,4725,2025-06-03,Cancelled,Debit Card
6804,4693,2025-10-13,Delivered,Wallet
6805,3985,2024-10-03,Delivered,Credit Card
6806,2864,2024-08-29,Delivered,Credit Card
6807,2255,2025-02-11,Delivered,PayPal
6808,1241,2025-12-21,Delivered,PayPal
6809,302,2024-09-27,Delivered,Credit Card
6810,4807,2024-07-22,Delivered,PayPal
6811,1042,2025-01-15,Delivered,Debit Card
6812,1708,2025-10-30,Delivered,Credit Card
6813,2223,2025-06-16,Delivered,Wallet
6814,3382,2025-01-13,Delivered,Debit Card
6815,1328,2025-06-17,Delivered,PayPal
6816,1078,2024-01-12,Delivered,PayPal
6817,1646,2025-07-03,Delivered,Credit Card
6818,1650,2024-03-12,Delivered,PayPal
6819,295,2024-10-12,Delivered,Credit Card
6820,1957,2024-09-12,Delivered,PayPal
6821,2761,2025-05-19,Cancelled,PayPal
6822,2236,2024-06-24,Delivered,PayPal
6823,1758,2024-06-23,Delivered,Wallet
6824,4587,2025-10-07,Delivered,Debit Card
6825,1295,2024-12-14,Delivered,Credit Card
6826,4216,2025-06-25,Delivered,Debit Card
6827,3052,2025-03-01,Delivered,Debit Card
6828,3261,2025-03-28,Delivered,Credit Card
6829,1384,2025-05-16,Delivered,Credit Card
6830,4831,2025-05-02,Delivered,Debit Card
6831,2382,2025-10-27,Delivered,PayPal
6832,2535,2025-07-26,Delivered,Debit Card
6833,1233,2024-08-10,Delivered,PayPal
6834,2393,2024-05-03,Delivered,Debit Card
6835,3403,2025-09-09,Delivered,Wallet
6836,4685,2024-09-28,Delivered,PayPal
6837,4271,2024-08-15,Delivered,Credit Card
6838,783,2024-03-22,Delivered,Credit Card
6839,409,2025-02-06,Delivered,Wallet
6840,4763,2025-01-08,Cancelled,Wallet
6841,4100,2025-08-27,Delivered,Credit Card
6842,757,2025-06-30,Delivered,PayPal
6843,4259,2025-06-11,Delivered,Wallet
6844,3809,2025-01-28,Delivered,Credit Card
6845,4825,2025-09-21,Delivered,Debit Card
6846,804,2025-12-18,Delivered,PayPal
6847,4140,2025-08-17,Delivered,Credit Card
6848,1826,2024-09-11,Delivered,PayPal
6849,2762,2024-07-20,Delivered,Credit Card
6850,1294,2024-01-01,Delivered,Debit Card
6851,352,2025-12-25,Cancelled,Credit Card
6852,3485,2025-06-18,Delivered,PayPal
6853,373,2025-11-15,Delivered,Credit Card
6854,2327,2025-07-28,Delivered,Debit Card
6855,984,2024-11-10,Delivered,Credit Card
6856,4599,2024-04-15,Delivered,Credit Card
6857,2236,2024-02-04,Delivered,PayPal
6858,930,2025-08-01,Delivered,Credit Card
6859,4778,2024-08-09,Delivered,Credit Card
6860,3441,2024-10-03,Delivered,Credit Card
6861,877,2025-09-02,Cancelled,Debit Card
6862,1774,2024-12-17,Delivered,Credit Card
6863,2694,2025-11-25,Delivered,Debit Card
6864,3888,2025-02-03,Delivered,PayPal
6865,4991,2025-08-30,Delivered,Credit Card
6866,4205,2024-04-01,Delivered,Credit Card
6867,69,2024-10-16,Delivered,Credit Card
6868,2381,2024-05-13,Delivered,PayPal
6869,235,2024-02-11,Delivered,Credit Card
6870,1511,2025-12-24,Delivered,PayPal
6871,1350,2025-01-12,Delivered,Wallet
6872,1331,2024-09-15,Cancelled,Credit Card
6873,1126,2024-10-01,Delivered,Credit Card
6874,2001,2024-06-24,Delivered,PayPal
6875,2494,2024-03-30,Delivered,Wallet
6876,4774,2025-10-28,Delivered,Credit Card
6877,2103,2024-03-18,Delivered,Debit Card
6878,118,2024-10-07,Delivered,PayPal
6879,2919,2024-04-21,Delivered,Credit Card
6880,1503,2025-11-09,Delivered,Debit Card
6881,736,2024-05-30,Delivered,Debit Card
6882,3353,2024-10-14,Delivered,Wallet
6883,3430,2025-07-04,Cancelled,Debit Card
6884,1745,2025-02-20,Delivered,Debit Card
6885,1074,2024-10-05,Delivered,Debit Card
6886,2451,2025-02-15,Delivered,Credit Card
6887,2260,2024-11-14,Delivered,Debit Card
6888,4847,2024-07-30,Delivered,Credit Card
6889,167,2025-03-12,Delivered,Debit Card
6890,898,2024-09-23,Delivered,Debit Card
6891,3990,2025-12-01,Delivered,PayPal
6892,4742,2024-12-04,Delivered,PayPal
6893,3136,2025-07-06,Delivered,Credit Card
6894,1581,2024-06-20,Delivered,Debit Card
6895,1044,2025-04-16,Delivered,Credit Card
6896,4221,2025-02-12,Delivered,Credit Card
6897,3009,2025-06-26,Delivered,Credit Card
6898,2041,2024-12-03,Delivered,Credit Card
6899,2186,2025-06-09,Delivered,PayPal
6900,744,2024-02-12,Delivered,Wallet
6901,4132,2025-05-18,Delivered,Debit Card
6902,244,2025-07-04,Delivered,Credit Card
6903,4919,2024-12-28,Cancelled,Credit Card
6904,839,2024-01-26,Delivered,Credit Card
6905,623,2025-02-17,Delivered,PayPal
6906,363,2025-07-24,Delivered,Credit Card
6907,2451,2024-12-02,Delivered,PayPal
6908,282,2024-03-09,Delivered,Credit Card
6909,1291,2024-10-15,Delivered,Debit Card
6910,3995,2025-12-26,Delivered,Debit Card
6911,3749,2024-07-16,Delivered,Credit Card
6912,1714,2025-01-21,Delivered,Debit Card
6913,173,2024-09-16,Delivered,PayPal
6914,792,2025-06-04,Delivered,Credit Card
6915,2723,2024-11-08,Delivered,Credit Card
6916,2334,2024-10-07,Delivered,Debit Card
6917,4286,2025-02-26,Delivered,Wallet
6918,2417,2025-02-21,Delivered,Wallet
6919,1947,2024-12-30,Cancelled,Credit Card
6920,3128,2024-07-07,Delivered,PayPal
6921,4190,2024-03-19,Delivered,PayPal
6922,4087,2025-05-19,Delivered,PayPal
6923,735,2024-09-05,Delivered,Credit Card
6924,2094,2025-03-23,Delivered,Wallet
6925,4592,2024-10-01,Delivered,PayPal
6926,4041,2025-09-15,Delivered,Debit Card
6927,3958,2025-05-31,Delivered,Credit Card
6928,577,2024-10-21,Delivered,Credit Card
6929,1956,2024-08-31,Delivered,Credit Card
6930,4161,2025-06-30,Delivered,PayPal
6931,654,2024-01-06,Delivered,PayPal
6932,3589,2024-02-12,Delivered,Wallet
6933,2603,2024-03-02,Delivered,Credit Card
6934,3643,2024-09-09,Cancelled,Wallet
6935,3353,2024-12-28,Delivered,PayPal
6936,474,2024-08-01,Delivered,Credit Card
6937,645,2024-05-17,Delivered,Credit Card
6938,1684,2024-08-16,Delivered,PayPal
6939,4666,2024-12-27,Delivered,Debit Card
6940,4685,2024-08-05,Delivered,Credit Card
6941,3814,2025-02-23,Delivered,PayPal
6942,1199,2024-10-06,Delivered,Credit Card
6943,4759,2025-11-12,Delivered,Debit Card
6944,3587,2025-12-25,Delivered,Wallet
6945,1497,2025-04-23,Delivered,Credit Card
6946,3556,2025-02-09,Delivered,Credit Card
6947,2168,2024-01-23,Delivered,Debit Card
6948,2392,2025-03-30,Delivered,PayPal
6949,1201,2024-10-04,Cancelled,Credit Card
6950,3217,2024-07-30,Delivered,Debit Card
6951,1369,2025-08-02,Delivered,Debit Card
6952,4616,2024-01-31,Delivered,PayPal
6953,727,2024-07-09,Delivered,Debit Card
6954,1259,2025-07-19,Delivered,Credit Card
6955,627,2025-11-06,Delivered,Credit Card
6956,1205,2025-01-10,Delivered,Credit Card
6957,3354,2025-01-21,Delivered,Credit Card
6958,4729,2025-12-06,Delivered,Credit Card
6959,785,2024-03-08,Delivered,PayPal
6960,1115,2024-12-17,Delivered,PayPal
6961,668,2024-06-25,Delivered,Credit Card
6962,4041,2024-12-14,Delivered,PayPal
6963,2673,2025-10-23,Delivered,Debit Card
6964,1819,2025-03-11,Delivered,Debit Card
6965,3520,2025-12-24,Delivered,PayPal
6966,424,2025-01-03,Delivered,Credit Card
6967,3891,2025-09-22,Delivered,Debit Card
6968,475,2024-05-03,Delivered,Credit Card
6969,2902,2024-08-22,Delivered,Wallet
6970,157,2024-07-18,Delivered,Credit Card
6971,1008,2025-07-15,Delivered,Debit Card
6972,3124,2025-01-09,Delivered,Credit Card
6973,2867,2024-06-11,Delivered,Credit Card
6974,2239,2024-05-06,Delivered,Credit Card
6975,3129,2024-10-07,Delivered,PayPal
6976,4184,2024-04-22,Delivered,Credit Card
6977,1291,2025-05-23,Delivered,Credit Card
6978,4862,2025-09-11,Delivered,Credit Card
6979,723,2025-12-08,Cancelled,Credit Card
6980,4892,2024-06-21,Delivered,Credit Card
6981,4629,2024-11-16,Delivered,Debit Card
6982,2140,2025-01-02,Delivered,Credit Card
6983,480,2024-12-27,Delivered,Wallet
6984,2035,2024-11-26,Delivered,Debit Card
6985,1386,2024-06-09,Delivered,Credit Card
6986,2898,2024-03-22,Delivered,PayPal
6987,1158,2024-10-21,Delivered,Credit Card
6988,339,2024-03-08,Delivered,PayPal
6989,4460,2024-02-16,Delivered,Credit Card
6990,4332,2025-01-17,Delivered,Credit Card
6991,2510,2025-09-18,Delivered,Wallet
6992,4257,2025-01-29,Delivered,Debit Card
6993,4783,2024-01-18,Delivered,PayPal
6994,4601,2025-09-05,Delivered,Credit Card
6995,4142,2025-05-13,Delivered,Debit Card
6996,220,2024-08-09,Delivered,Credit Card
6997,3775,2024-07-18,Delivered,Credit Card
6998,4594,2025-10-18,Delivered,PayPal
6999,884,2024-12-13,Delivered,Credit Card
7000,332,2024-04-13,Delivered,Debit Card
7001,1722,2024-07-24,Delivered,Credit Card
7002,4118,2024-07-12,Delivered,Debit Card
7003,4102,2024-10-19,Delivered,Credit Card
7004,2921,2024-09-09,Delivered,Credit Card
7005,4918,2025-02-03,Delivered,Debit Card
7006,818,2024-08-23,Delivered,PayPal
7007,4390,2025-04-12,Delivered,Wallet
7008,4354,2024-12-25,Delivered,Credit Card
7009,4743,2025-11-17,Delivered,Debit Card
7010,1461,2025-08-27,Delivered,Credit Card
7011,3210,2024-08-30,Cancelled,Debit Card
7012,1380,2024-01-31,Delivered,Credit Card
7013,2415,2025-03-02,Delivered,Credit Card
7014,4803,2024-09-03,Delivered,Debit Card
7015,2574,2025-10-20,Delivered,Credit Card
7016,3845,2024-10-23,Delivered,Credit Card
7017,2293,2024-07-30,Delivered,PayPal
7018,3,2024-09-04,Delivered,PayPal
7019,775,2025-09-23,Delivered,Debit Card
7020,3362,2024-03-23,Cancelled,Credit Card
7021,1529,2025-11-30,Cancelled,Credit Card
7022,1561,2024-06-19,Delivered,Credit Card
7023,452,2025-09-10,Delivered,PayPal
7024,4106,2025-02-01,Delivered,PayPal
7025,443,2025-02-19,Delivered,Credit Card
7026,2688,2024-05-29,Cancelled,Credit Card
7027,1560,2025-06-11,Delivered,Credit Card
7028,4532,2025-04-18,Delivered,PayPal
7029,3331,2024-12-17,Delivered,Credit Card
7030,342,2024-11-30,Delivered,Debit Card
7031,3069,2025-03-11,Delivered,Debit Card
7032,828,2024-12-10,Delivered,Credit Card
7033,2798,2025-12-12,Delivered,PayPal
7034,1218,2024-01-31,Delivered,PayPal
7035,3745,2024-07-02,Delivered,Debit Card
7036,2366,2025-09-13,Delivered,Credit Card
7037,2114,2025-08-01,Delivered,Credit Card
7038,4392,2024-09-11,Delivered,Credit Card
7039,2211,2025-01-04,Cancelled,Debit Card
7040,1176,2024-01-20,Delivered,Credit Card
7041,2591,2024-05-09,Delivered,PayPal
7042,4050,2025-11-20,Delivered,Credit Card
7043,333,2025-04-14,Delivered,Debit Card
7044,1413,2024-01-29,Delivered,Wallet
7045,2909,2025-08-01,Delivered,Debit Card
7046,1207,2024-10-21,Delivered,Credit Card
7047,3752,2025-02-19,Delivered,Wallet
7048,284,2025-09-17,Delivered,Debit Card
7049,1319,2025-09-03,Delivered,Debit Card
7050,2941,2024-04-09,Delivered,Credit Card
7051,4275,2024-09-24,Delivered,Debit Card
7052,1767,2024-07-18,Cancelled,PayPal
7053,1332,2025-10-29,Delivered,Debit Card
7054,4638,2025-07-23,Delivered,Credit Card
7055,2567,2025-04-18,Delivered,Wallet
7056,1013,2024-02-12,Delivered,Debit Card
7057,4373,2025-08-09,Delivered,PayPal
7058,143,2025-02-13,Delivered,Credit Card
7059,3691,2024-07-18,Cancelled,Debit Card
7060,4530,2024-11-19,Delivered,Wallet
7061,2881,2024-11-21,Delivered,Debit Card
7062,4576,2024-08-04,Delivered,Credit Card
7063,3114,2025-10-26,Delivered,Debit Card
7064,2988,2025-10-31,Delivered,Credit Card
7065,545,2024-02-07,Cancelled,Credit Card
7066,893,2025-11-14,Delivered,Credit Card
7067,3497,2024-10-21,Delivered,Credit Card
7068,3409,2025-08-06,Delivered,Credit Card
7069,3060,2025-07-23,Delivered,Debit Card
7070,1046,2025-03-13,Delivered,PayPal
7071,423,2025-06-26,Delivered,Credit Card
7072,427,2025-05-12,Delivered,Debit Card
7073,622,2025-09-13,Delivered,Debit Card
7074,1091,2024-11-05,Delivered,Wallet
7075,4856,2025-06-23,Delivered,PayPal
7076,3900,2025-12-15,Delivered,Wallet
7077,891,2025-11-22,Delivered,PayPal
7078,1536,2024-04-18,Delivered,Debit Card
7079,4479,2024-12-29,Delivered,Credit Card
7080,2248,2025-01-07,Delivered,PayPal
7081,1380,2025-03-31,Delivered,PayPal
7082,1642,2025-04-17,Delivered,Credit Card
7083,1981,2025-09-10,Delivered,Credit Card
7084,2715,2025-01-23,Delivered,Debit Card
7085,2778,2025-05-27,Delivered,Credit Card
7086,2663,2025-10-18,Delivered,Wallet
7087,3130,2024-03-15,Delivered,Credit Card
7088,1486,2025-04-14,Delivered,Credit Card
7089,2489,2024-09-24,Delivered,Credit Card
7090,4148,2025-10-23,Delivered,Debit Card
7091,1743,2025-02-07,Delivered,PayPal
7092,4913,2025-03-16,Cancelled,Debit Card
7093,2494,2025-07-04,Delivered,Credit Card
7094,1880,2024-06-25,Delivered,Wallet
7095,3504,2025-01-31,Delivered,Credit Card
7096,1957,2025-07-18,Delivered,Credit Card
7097,1983,2025-07-21,Delivered,Credit Card
7098,1873,2024-06-15,Delivered,Credit Card
7099,2727,2025-09-03,Delivered,Debit Card
7100,209,2024-04-28,Cancelled,Debit Card
7101,1896,2024-07-12,Delivered,Credit Card
7102,3841,2025-09-17,Delivered,PayPal
7103,1650,2025-03-25,Cancelled,Credit Card
7104,2696,2025-01-30,Delivered,Credit Card
7105,1495,2025-02-10,Delivered,Debit Card
7106,4708,2025-12-08,Delivered,Debit Card
7107,1120,2024-06-14,Delivered,Wallet
7108,3887,2024-08-06,Delivered,Credit Card
7109,3804,2024-12-23,Delivered,Credit Card
7110,2030,2025-09-09,Delivered,Wallet
7111,4920,2025-02-04,Delivered,Debit Card
7112,4933,2025-06-13,Delivered,Debit Card
7113,145,2025-08-19,Delivered,Credit Card
7114,2844,2025-10-13,Delivered,Credit Card
7115,981,2024-12-02,Cancelled,Wallet
7116,4993,2024-11-30,Delivered,Wallet
7117,4822,2024-02-29,Delivered,Wallet
7118,2116,2024-02-28,Delivered,PayPal
7119,1709,2024-12-21,Delivered,Debit Card
7120,4094,2025-06-30,Delivered,Debit Card
7121,1945,2025-09-03,Delivered,Credit Card
7122,3654,2024-10-25,Delivered,PayPal
7123,3315,2025-02-21,Delivered,PayPal
7124,1421,2025-08-16,Delivered,Debit Card
7125,1764,2024-08-20,Delivered,Credit Card
7126,4664,2024-04-25,Delivered,Credit Card
7127,2464,2025-11-03,Delivered,PayPal
7128,2088,2025-02-02,Delivered,Wallet
7129,4504,2024-04-23,Cancelled,Credit Card
7130,2862,2024-07-02,Delivered,Credit Card
7131,2824,2024-08-26,Delivered,Wallet
7132,1944,2024-05-26,Delivered,Debit Card
7133,3335,2024-11-15,Delivered,Debit Card
7134,221,2025-08-16,Delivered,Wallet
7135,1086,2025-06-22,Delivered,Debit Card
7136,4101,2025-10-31,Delivered,Debit Card
7137,1308,2025-09-02,Delivered,Debit Card
7138,4922,2024-08-15,Delivered,Debit Card
7139,4458,2024-02-12,Delivered,Credit Card
7140,1909,2024-04-20,Delivered,Credit Card
7141,4588,2025-08-01,Delivered,PayPal
7142,3576,2024-09-05,Delivered,Credit Card
7143,4035,2025-06-09,Delivered,Wallet
7144,2351,2024-11-30,Delivered,Credit Card
7145,611,2025-10-15,Delivered,Debit Card
7146,2734,2025-01-05,Delivered,Credit Card
7147,4093,2025-10-19,Delivered,Credit Card
7148,453,2024-07-02,Delivered,Credit Card
7149,97,2025-07-21,Delivered,PayPal
7150,4105,2025-01-17,Delivered,Credit Card
7151,2983,2024-05-18,Delivered,Credit Card
7152,2610,2024-06-19,Delivered,PayPal
7153,3377,2024-08-17,Delivered,Debit Card
7154,3422,2024-04-23,Delivered,PayPal
7155,2133,2025-11-14,Delivered,PayPal
7156,3054,2024-06-04,Delivered,Debit Card
7157,2397,2025-03-12,Delivered,Credit Card
7158,1035,2025-02-20,Delivered,Credit Card
7159,3710,2025-01-28,Delivered,Credit Card
7160,1880,2025-04-03,Delivered,Credit Card
7161,4475,2025-10-30,Delivered,Debit Card
7162,1986,2025-12-07,Cancelled,PayPal
7163,947,2025-09-30,Delivered,Debit Card
7164,4142,2024-12-01,Delivered,Credit Card
7165,693,2025-06-15,Delivered,PayPal
7166,4936,2024-05-15,Cancelled,Credit Card
7167,3150,2025-10-06,Delivered,Credit Card
7168,2409,2024-05-22,Delivered,Credit Card
7169,1154,2024-03-24,Delivered,PayPal
7170,1009,2025-08-27,Delivered,Debit Card
7171,972,2025-07-07,Delivered,Debit Card
7172,4166,2024-04-11,Delivered,PayPal
7173,1018,2025-12-05,Delivered,Debit Card
7174,179,2024-03-22,Delivered,Credit Card
7175,985,2024-02-05,Delivered,Debit Card
7176,3051,2025-11-28,Delivered,Credit Card
7177,2386,2024-06-11,Delivered,Credit Card
7178,1866,2024-06-20,Delivered,Debit Card
7179,4822,2025-08-02,Delivered,Credit Card
7180,1718,2025-03-19,Delivered,PayPal
7181,4141,2025-01-14,Delivered,Credit Card
7182,621,2025-12-22,Delivered,Credit Card
7183,2717,2024-03-04,Delivered,Debit Card
7184,655,2025-11-06,Delivered,Debit Card
7185,406,2024-07-14,Delivered,Credit Card
7186,3400,2025-03-30,Delivered,PayPal
7187,3365,2024-08-24,Delivered,Credit Card
7188,2873,2024-08-01,Cancelled,Credit Card
7189,2256,2024-08-22,Delivered,Credit Card
7190,1354,2025-02-12,Delivered,Wallet
7191,3892,2025-10-02,Delivered,Credit Card
7192,947,2024-03-23,Delivered,Credit Card
7193,2470,2025-04-28,Delivered,Credit Card
7194,4714,2025-09-19,Delivered,Debit Card
7195,3342,2025-06-20,Delivered,Credit Card
7196,4225,2025-12-16,Delivered,Credit Card
7197,1001,2024-01-10,Delivered,PayPal
7198,129,2024-09-21,Delivered,PayPal
7199,4167,2024-11-08,Delivered,Credit Card
7200,2815,2025-01-26,Delivered,Credit Card
7201,3898,2024-08-20,Delivered,Credit Card
7202,4213,2024-07-03,Delivered,Wallet
7203,1871,2025-09-13,Delivered,Debit Card
7204,554,2024-06-18,Delivered,Credit Card
7205,4819,2025-11-27,Delivered,Debit Card
7206,1525,2024-01-28,Delivered,Credit Card
7207,802,2024-11-05,Delivered,Credit Card
7208,2855,2025-03-20,Delivered,Wallet
7209,101,2025-12-11,Delivered,Credit Card
7210,299,2025-07-12,Delivered,Credit Card
7211,3816,2024-01-11,Delivered,Debit Card
7212,442,2025-06-30,Delivered,Debit Card
7213,3003,2024-08-25,Delivered,Credit Card
7214,2268,2025-09-19,Delivered,Debit Card
7215,555,2025-07-19,Delivered,PayPal
7216,4715,2024-05-20,Delivered,PayPal
7217,798,2024-09-19,Delivered,Credit Card
7218,3254,2025-08-22,Delivered,Credit Card
7219,655,2025-11-03,Delivered,Wallet
7220,2952,2025-03-16,Delivered,Debit Card
7221,835,2024-06-08,Delivered,Debit Card
7222,4443,2024-10-11,Delivered,PayPal
7223,2308,2025-08-03,Delivered,Credit Card
7224,45,2025-03-12,Delivered,Wallet
7225,255,2024-05-27,Delivered,Debit Card
7226,2715,2024-07-27,Delivered,PayPal
7227,2597,2024-05-23,Delivered,Debit Card
7228,1654,2024-12-08,Delivered,PayPal
7229,3027,2024-11-21,Delivered,Credit Card
7230,3986,2025-01-30,Delivered,Credit Card
7231,3637,2025-11-20,Delivered,Credit Card
7232,3747,2025-04-20,Delivered,PayPal
7233,4731,2025-03-03,Delivered,Debit Card
7234,1033,2024-09-24,Delivered,Debit Card
7235,413,2025-04-08,Delivered,Credit Card
7236,606,2025-11-28,Delivered,Debit Card
7237,176,2024-01-08,Delivered,Debit Card
7238,1467,2024-09-12,Cancelled,Debit Card
7239,696,2024-02-11,Delivered,PayPal
7240,4607,2024-05-28,Delivered,Credit Card
7241,1687,2024-02-18,Delivered,Debit Card
7242,1092,2025-03-08,Delivered,Credit Card
7243,2627,2025-08-21,Cancelled,Credit Card
7244,2153,2025-11-17,Delivered,Credit Card
7245,22,2024-06-21,Delivered,PayPal
7246,4799,2025-05-25,Delivered,Credit Card
7247,3462,2024-08-28,Delivered,Credit Card
7248,4126,2024-08-18,Delivered,Debit Card
7249,4785,2025-03-21,Delivered,Credit Card
7250,4428,2025-05-10,Delivered,PayPal
7251,1249,2025-03-02,Cancelled,PayPal
7252,3817,2024-03-13,Delivered,Debit Card
7253,44,2024-10-26,Delivered,Credit Card
7254,1808,2024-07-27,Delivered,Credit Card
7255,3767,2024-01-04,Delivered,Credit Card
7256,3499,2024-01-30,Delivered,Debit Card
7257,3851,2024-11-24,Delivered,Credit Card
7258,3786,2024-03-14,Cancelled,PayPal
7259,218,2025-06-23,Delivered,Wallet
7260,2917,2024-02-11,Delivered,PayPal
7261,3087,2024-06-20,Delivered,Credit Card
7262,777,2025-12-20,Delivered,PayPal
7263,1215,2025-06-01,Delivered,Credit Card
7264,2438,2025-02-10,Delivered,Wallet
7265,3165,2024-01-12,Delivered,Credit Card
7266,4251,2024-02-01,Delivered,Debit Card
7267,3632,2025-10-24,Delivered,Credit Card
7268,4878,2025-08-06,Delivered,Debit Card
7269,1114,2025-11-24,Delivered,Credit Card
7270,1963,2025-08-12,Delivered,Credit Card
7271,1304,2024-01-02,Delivered,Credit Card
7272,4454,2025-08-11,Delivered,Credit Card
7273,3058,2024-11-30,Delivered,Credit Card
7274,2540,2025-05-20,Delivered,PayPal
7275,2912,2024-10-29,Cancelled,Credit Card
7276,1635,2025-06-10,Delivered,Debit Card
7277,4431,2025-09-06,Delivered,Credit Card
7278,3075,2025-12-12,Delivered,Debit Card
7279,2552,2025-01-29,Delivered,Wallet
7280,3524,2024-07-22,Delivered,Credit Card
7281,3999,2025-03-22,Delivered,Wallet
7282,1977,2024-12-30,Delivered,Debit Card
7283,3661,2024-05-27,Delivered,Debit Card
7284,3992,2025-06-12,Delivered,Credit Card
7285,3329,2024-02-26,Delivered,Wallet
7286,584,2024-10-21,Delivered,PayPal
7287,959,2025-05-20,Delivered,Credit Card
7288,156,2025-11-03,Delivered,Credit Card
7289,1382,2025-03-29,Cancelled,Credit Card
7290,824,2025-12-15,Cancelled,Credit Card
7291,2834,2025-08-30,Delivered,Credit Card
7292,4548,2024-06-21,Delivered,Wallet
7293,330,2025-09-08,Delivered,PayPal
7294,1423,2024-09-02,Cancelled,Credit Card
7295,226,2025-04-05,Delivered,Credit Card
7296,419,2024-05-26,Delivered,Debit Card
7297,250,2025-01-28,Delivered,Wallet
7298,3034,2025-05-11,Delivered,PayPal
7299,4607,2025-10-29,Delivered,PayPal
7300,3624,2025-11-19,Delivered,PayPal
7301,3445,2025-08-07,Delivered,Debit Card
7302,784,2025-02-11,Delivered,Credit Card
7303,4184,2025-10-06,Delivered,PayPal
7304,2897,2024-03-18,Delivered,Debit Card
7305,4818,2025-12-27,Delivered,PayPal
7306,1953,2024-05-28,Delivered,PayPal
7307,3505,2024-10-21,Delivered,Credit Card
7308,2403,2025-10-24,Delivered,Credit Card
7309,2577,2025-06-07,Delivered,PayPal
7310,531,2025-09-12,Delivered,Credit Card
7311,2396,2025-05-17,Delivered,Credit Card
7312,836,2025-03-14,Delivered,Debit Card
7313,3731,2024-05-07,Delivered,Credit Card
7314,3544,2025-12-28,Delivered,Debit Card
7315,4340,2025-04-09,Delivered,Debit Card
7316,2305,2025-05-02,Delivered,Debit Card
7317,4149,2024-11-08,Delivered,Wallet
7318,4452,2025-11-25,Delivered,Credit Card
7319,2465,2024-11-24,Delivered,Wallet
7320,4735,2024-05-18,Delivered,PayPal
7321,3868,2024-05-11,Delivered,PayPal
7322,1452,2025-05-24,Delivered,PayPal
7323,2383,2025-06-27,Delivered,Credit Card
7324,505,2024-05-30,Delivered,Debit Card
7325,1922,2025-05-24,Delivered,Credit Card
7326,1803,2025-12-29,Delivered,Debit Card
7327,1489,2025-01-23,Delivered,Credit Card
7328,1778,2025-12-09,Delivered,Credit Card
7329,273,2024-04-24,Delivered,Wallet
7330,2268,2024-10-21,Delivered,Wallet
7331,1006,2025-02-10,Delivered,Debit Card
7332,1146,2024-09-18,Cancelled,Debit Card
7333,3651,2024-03-14,Delivered,PayPal
7334,4442,2024-11-30,Delivered,Wallet
7335,859,2024-09-04,Delivered,Credit Card
7336,2807,2024-05-28,Delivered,Credit Card
7337,4506,2024-09-28,Delivered,Wallet
7338,3040,2024-11-01,Delivered,Credit Card
7339,393,2025-10-06,Delivered,Debit Card
7340,3875,2024-12-24,Delivered,Debit Card
7341,256,2024-10-30,Delivered,Debit Card
7342,3085,2024-10-11,Delivered,Credit Card
7343,2406,2025-03-12,Delivered,PayPal
7344,2639,2024-07-20,Delivered,Debit Card
7345,1114,2025-09-30,Delivered,Wallet
7346,4432,2024-11-01,Delivered,Debit Card
7347,515,2024-11-06,Delivered,Wallet
7348,4688,2024-02-16,Delivered,Credit Card
7349,300,2025-10-07,Cancelled,Credit Card
7350,1518,2024-12-09,Delivered,Wallet
7351,2637,2024-04-09,Delivered,Credit Card
7352,2582,2024-05-05,Delivered,Credit Card
7353,1298,2024-09-23,Delivered,Credit Card
7354,1441,2025-07-23,Delivered,Debit Card
7355,2779,2024-03-10,Delivered,PayPal
7356,109,2024-03-28,Delivered,Wallet
7357,742,2025-02-13,Delivered,Credit Card
7358,1978,2024-12-30,Delivered,Credit Card
7359,123,2025-11-29,Delivered,Credit Card
7360,433,2025-07-02,Delivered,Wallet
7361,137,2025-04-24,Delivered,Debit Card
7362,4088,2024-09-02,Cancelled,Credit Card
7363,564,2025-04-02,Delivered,Credit Card
7364,922,2025-03-02,Delivered,Credit Card
7365,3981,2024-07-22,Delivered,Debit Card
7366,2164,2024-09-27,Delivered,Debit Card
7367,2243,2025-11-10,Delivered,Debit Card
7368,3283,2025-01-27,Delivered,Debit Card
7369,3120,2024-12-10,Delivered,Credit Card
7370,2067,2025-08-04,Delivered,Debit Card
7371,4375,2024-07-13,Delivered,PayPal
7372,1140,2024-06-09,Delivered,Credit Card
7373,1064,2025-12-22,Delivered,Debit Card
7374,2574,2025-08-09,Delivered,PayPal
7375,4357,2024-11-04,Delivered,Debit Card
7376,4485,2025-11-21,Delivered,Debit Card
7377,3729,2024-09-28,Delivered,Debit Card
7378,18,2025-05-07,Delivered,Credit Card
7379,3646,2024-01-26,Delivered,Credit Card
7380,820,2025-05-24,Delivered,Debit Card
7381,4354,2024-05-10,Delivered,Credit Card
7382,568,2024-06-25,Delivered,Debit Card
7383,630,2025-08-13,Delivered,Debit Card
7384,2577,2024-05-30,Delivered,Credit Card
7385,2703,2024-12-18,Delivered,Wallet
7386,1698,2025-11-03,Delivered,Wallet
7387,2418,2025-11-28,Delivered,Credit Card
7388,3574,2024-11-20,Delivered,Debit Card
7389,3320,2024-03-02,Cancelled,Credit Card
7390,3562,2024-07-28,Delivered,Wallet
7391,1190,2025-03-25,Cancelled,Debit Card
7392,2797,2024-09-02,Delivered,Debit Card
7393,637,2025-06-09,Delivered,Wallet
7394,1214,2025-12-25,Cancelled,Debit Card
7395,4868,2025-03-29,Delivered,PayPal
7396,214,2025-04-01,Delivered,Credit Card
7397,2329,2025-01-21,Delivered,Credit Card
7398,2465,2024-05-16,Delivered,Credit Card
7399,1161,2025-02-26,Cancelled,PayPal
7400,252,2025-11-11,Delivered,Credit Card
7401,644,2025-05-18,Delivered,Credit Card
7402,3654,2025-07-03,Delivered,PayPal
7403,2968,2025-09-22,Delivered,Credit Card
7404,2788,2024-10-09,Delivered,Debit Card
7405,739,2024-09-02,Delivered,Credit Card
7406,2723,2025-12-09,Delivered,Credit Card
7407,916,2024-12-01,Delivered,Credit Card
7408,1562,2025-06-19,Delivered,PayPal
7409,4761,2025-04-09,Delivered,Credit Card
7410,2238,2024-03-31,Delivered,Credit Card
7411,146,2024-08-17,Delivered,PayPal
7412,2972,2024-08-26,Delivered,Credit Card
7413,935,2024-05-10,Delivered,Debit Card
7414,26,2025-07-22,Delivered,Debit Card
7415,3357,2025-12-06,Delivered,Wallet
7416,3168,2025-12-06,Delivered,PayPal
7417,1085,2024-05-22,Delivered,Credit Card
7418,3706,2024-11-24,Delivered,Debit Card
7419,910,2024-06-18,Delivered,Debit Card
7420,2510,2024-02-15,Delivered,Credit Card
7421,2783,2025-03-27,Delivered,Debit Card
7422,563,2025-09-19,Delivered,PayPal
7423,3480,2024-02-26,Cancelled,PayPal
7424,2519,2025-04-13,Delivered,Debit Card
7425,2154,2024-01-25,Cancelled,Credit Card
7426,3688,2025-09-07,Delivered,Debit Card
7427,3907,2024-02-16,Delivered,Debit Card
7428,2468,2024-11-13,Delivered,Credit Card
7429,4077,2024-03-30,Delivered,Wallet
7430,264,2024-10-27,Cancelled,Wallet
7431,3116,2024-11-09,Delivered,Wallet
7432,1393,2025-01-29,Delivered,PayPal
7433,2890,2025-08-28,Cancelled,Debit Card
7434,3125,2025-12-28,Delivered,Credit Card
7435,4082,2024-09-06,Delivered,Wallet
7436,2790,2025-11-04,Delivered,Debit Card
7437,76,2024-11-08,Delivered,Credit Card
7438,4891,2024-03-27,Delivered,Credit Card
7439,2554,2025-03-14,Delivered,PayPal
7440,612,2025-06-11,Delivered,Credit Card
7441,644,2024-08-08,Delivered,PayPal
7442,159,2025-03-06,Delivered,Debit Card
7443,1108,2024-11-11,Delivered,Credit Card
7444,1337,2024-04-15,Delivered,PayPal
7445,4745,2024-10-09,Delivered,PayPal
7446,4065,2024-11-08,Delivered,Credit Card
7447,19,2024-09-06,Delivered,Credit Card
7448,1686,2025-10-30,Delivered,Debit Card
7449,1536,2024-10-10,Delivered,Credit Card
7450,2251,2025-04-02,Delivered,Credit Card
7451,772,2024-01-09,Delivered,Wallet
7452,1340,2024-08-16,Delivered,Credit Card
7453,2853,2025-10-08,Delivered,Debit Card
7454,2598,2025-10-13,Delivered,Credit Card
7455,4222,2025-12-14,Delivered,Credit Card
7456,4626,2024-02-11,Delivered,Credit Card
7457,1955,2025-09-21,Delivered,Credit Card
7458,4076,2024-07-14,Delivered,PayPal
7459,4186,2024-01-05,Delivered,PayPal
7460,1730,2024-03-08,Delivered,Debit Card
7461,2202,2025-07-02,Delivered,PayPal
7462,3137,2025-03-08,Delivered,Credit Card
7463,4546,2025-02-22,Delivered,Debit Card
7464,3872,2025-10-05,Delivered,PayPal
7465,4235,2024-03-09,Delivered,Debit Card
7466,3967,2024-03-01,Delivered,Wallet
7467,895,2025-11-11,Delivered,Debit Card
7468,1070,2025-03-18,Delivered,Wallet
7469,4426,2025-07-20,Delivered,Credit Card
7470,2243,2025-01-18,Delivered,Credit Card
7471,963,2024-04-16,Delivered,Credit Card
7472,1493,2025-01-16,Delivered,PayPal
7473,2452,2025-12-04,Delivered,Credit Card
7474,2779,2024-03-26,Delivered,Credit Card
7475,981,2024-04-02,Delivered,Wallet
7476,1259,2024-09-10,Delivered,Debit Card
7477,1933,2024-11-27,Delivered,Credit Card
7478,1069,2025-04-04,Delivered,Credit Card
7479,4929,2024-04-26,Delivered,PayPal
7480,102,2025-11-12,Delivered,Wallet
7481,3826,2024-04-19,Delivered,PayPal
7482,1466,2024-05-26,Delivered,Credit Card
7483,2771,2025-12-07,Delivered,Debit Card
7484,1540,2024-10-01,Delivered,Credit Card
7485,4678,2025-02-21,Delivered,Wallet
7486,4864,2024-11-13,Delivered,PayPal
7487,1799,2024-07-08,Delivered,PayPal
7488,143,2025-01-04,Delivered,Credit Card
7489,867,2025-07-20,Delivered,Credit Card
7490,3582,2024-01-09,Delivered,PayPal
7491,4145,2025-09-30,Delivered,Debit Card
7492,201,2024-05-14,Delivered,Credit Card
7493,61,2025-10-31,Delivered,PayPal
7494,2457,2025-12-03,Delivered,Credit Card
7495,4023,2025-11-12,Delivered,PayPal
7496,3835,2025-04-20,Delivered,Debit Card
7497,110,2025-10-23,Delivered,Credit Card
7498,4942,2025-09-19,Delivered,PayPal
7499,1422,2025-04-11,Delivered,Credit Card
7500,1146,2025-10-13,Delivered,Debit Card
7501,1778,2024-09-07,Delivered,Wallet
7502,3782,2025-09-01,Cancelled,Wallet
7503,1593,2025-11-06,Delivered,Credit Card
7504,3235,2025-04-08,Delivered,Debit Card
7505,1218,2024-03-30,Delivered,Debit Card
7506,590,2024-06-05,Delivered,PayPal
7507,541,2024-05-03,Delivered,Credit Card
7508,2196,2025-01-24,Delivered,Debit Card
7509,16,2024-11-12,Delivered,Credit Card
7510,2796,2025-08-26,Delivered,Wallet
7511,3874,2024-07-26,Delivered,Wallet
7512,2816,2024-04-30,Delivered,Credit Card
7513,2285,2025-03-25,Delivered,Debit Card
7514,852,2024-04-11,Delivered,Credit Card
7515,810,2025-10-22,Delivered,Credit Card
7516,582,2024-02-29,Delivered,Credit Card
7517,411,2024-12-24,Delivered,PayPal
7518,2815,2025-11-23,Delivered,Credit Card
7519,1393,2025-02-08,Delivered,Debit Card
7520,3311,2025-08-13,Cancelled,Wallet
7521,1772,2024-11-04,Delivered,Credit Card
7522,1611,2025-07-05,Delivered,Debit Card
7523,2308,2025-05-31,Delivered,Wallet
7524,1815,2025-01-09,Delivered,PayPal
7525,506,2024-03-14,Delivered,Credit Card
7526,128,2025-12-09,Delivered,Credit Card
7527,4900,2024-02-05,Delivered,PayPal
7528,538,2024-09-17,Delivered,Credit Card
7529,1344,2025-04-13,Delivered,Debit Card
7530,2029,2025-07-15,Delivered,Credit Card
7531,2207,2025-01-25,Cancelled,PayPal
7532,3749,2024-10-19,Delivered,Credit Card
7533,3546,2024-10-24,Delivered,Credit Card
7534,3032,2025-12-13,Delivered,PayPal
7535,1551,2024-08-31,Delivered,Credit Card
7536,4765,2025-09-15,Delivered,Debit Card
7537,413,2024-02-07,Delivered,Wallet
7538,1553,2025-04-26,Delivered,Debit Card
7539,1883,2025-05-11,Delivered,Credit Card
7540,1749,2025-05-08,Delivered,Wallet
7541,2765,2024-11-03,Delivered,Credit Card
7542,256,2025-05-19,Delivered,Credit Card
7543,4209,2024-11-21,Delivered,Credit Card
7544,801,2025-03-09,Delivered,PayPal
7545,1840,2025-10-14,Cancelled,Credit Card
7546,2906,2025-05-05,Delivered,Credit Card
7547,4448,2025-06-22,Delivered,Credit Card
7548,2789,2025-12-08,Delivered,Credit Card
7549,2731,2024-06-09,Delivered,PayPal
7550,1235,2025-03-05,Delivered,Debit Card
7551,3588,2025-04-24,Delivered,Debit Card
7552,2801,2025-05-22,Delivered,Credit Card
7553,151,2024-04-06,Delivered,Wallet
7554,2098,2025-07-08,Delivered,Credit Card
7555,4479,2024-05-21,Delivered,Credit Card
7556,4291,2024-10-25,Delivered,Credit Card
7557,1068,2025-06-05,Cancelled,Wallet
7558,3703,2024-07-11,Delivered,Debit Card
7559,1630,2024-04-01,Cancelled,Credit Card
7560,3807,2025-05-08,Delivered,Credit Card
7561,2619,2024-07-23,Delivered,Debit Card
7562,1605,2025-08-26,Delivered,Credit Card
7563,4800,2025-10-17,Delivered,Debit Card
7564,1209,2024-09-12,Delivered,Credit Card
7565,1729,2025-06-22,Cancelled,Credit Card
7566,4666,2024-06-12,Delivered,PayPal
7567,1103,2025-11-09,Delivered,Debit Card
7568,988,2024-06-28,Delivered,Credit Card
7569,4804,2025-10-05,Delivered,Credit Card
7570,2418,2025-07-28,Delivered,PayPal
7571,4043,2024-08-16,Delivered,PayPal
7572,445,2025-08-24,Delivered,PayPal
7573,3318,2025-04-06,Delivered,PayPal
7574,520,2025-05-03,Delivered,Credit Card
7575,2049,2024-10-03,Delivered,Credit Card
7576,1016,2024-06-19,Delivered,Credit Card
7577,2103,2025-05-23,Delivered,Credit Card
7578,1959,2024-02-08,Delivered,PayPal
7579,4754,2024-09-11,Delivered,Credit Card
7580,3313,2024-04-13,Delivered,Debit Card
7581,345,2024-01-01,Delivered,Credit Card
7582,2436,2024-01-06,Delivered,PayPal
7583,3788,2024-03-09,Delivered,PayPal
7584,2463,2025-11-16,Cancelled,PayPal
7585,3006,2025-07-16,Delivered,Credit Card
7586,2565,2025-12-23,Delivered,Wallet
7587,4843,2024-03-02,Delivered,PayPal
7588,3285,2025-12-29,Delivered,Debit Card
7589,2793,2025-03-13,Delivered,Debit Card
7590,4712,2025-08-02,Delivered,Credit Card
7591,1403,2025-09-18,Delivered,PayPal
7592,3773,2024-07-10,Delivered,Wallet
7593,3900,2025-06-25,Delivered,Credit Card
7594,1851,2025-04-17,Delivered,Credit Card
7595,4929,2024-10-28,Delivered,Credit Card
7596,1477,2024-12-25,Delivered,Wallet
7597,4538,2024-06-01,Delivered,Debit Card
7598,94,2024-05-15,Delivered,Wallet
7599,1474,2025-11-04,Delivered,Debit Card
7600,1528,2025-06-18,Delivered,Credit Card
7601,1732,2025-02-17,Delivered,Debit Card
7602,2183,2025-05-21,Delivered,Credit Card
7603,3775,2024-10-22,Delivered,Credit Card
7604,2151,2024-07-01,Delivered,Credit Card
7605,2991,2025-11-18,Delivered,Debit Card
7606,573,2025-12-23,Delivered,Credit Card
7607,59,2024-06-05,Delivered,Debit Card
7608,1972,2025-08-08,Delivered,PayPal
7609,710,2024-11-18,Delivered,Credit Card
7610,546,2025-05-31,Delivered,Wallet
7611,428,2024-03-20,Delivered,Debit Card
7612,1364,2024-12-16,Delivered,Debit Card
7613,894,2024-04-01,Delivered,Credit Card
7614,725,2025-08-17,Delivered,Credit Card
7615,1525,2024-10-17,Delivered,PayPal
7616,1274,2024-07-11,Delivered,Wallet
7617,4836,2025-05-25,Delivered,Debit Card
7618,3196,2025-11-27,Delivered,Credit Card
7619,3383,2024-09-04,Delivered,PayPal
7620,3432,2025-06-07,Delivered,Wallet
7621,274,2025-05-18,Delivered,Debit Card
7622,2469,2024-12-23,Delivered,Credit Card
7623,3037,2025-08-10,Delivered,Credit Card
7624,4696,2024-04-03,Delivered,Wallet
7625,2184,2025-10-02,Delivered,Credit Card
7626,1370,2024-10-22,Delivered,Credit Card
7627,3771,2024-02-02,Delivered,Debit Card
7628,924,2025-12-23,Delivered,Debit Card
7629,4420,2025-07-18,Delivered,Credit Card
7630,1784,2025-08-18,Delivered,Debit Card
7631,327,2024-04-17,Delivered,Wallet
7632,1762,2025-07-01,Delivered,PayPal
7633,4900,2025-05-24,Delivered,Credit Card
7634,2164,2025-10-20,Delivered,PayPal
7635,290,2024-09-28,Delivered,Debit Card
7636,1864,2025-11-08,Delivered,Credit Card
7637,3662,2025-05-31,Delivered,Credit Card
7638,272,2024-07-04,Delivered,Wallet
7639,4516,2024-06-05,Delivered,Credit Card
7640,3765,2025-10-21,Delivered,Credit Card
7641,3759,2025-04-15,Delivered,Debit Card
7642,3765,2024-03-27,Delivered,PayPal
7643,754,2024-04-01,Cancelled,Credit Card
7644,4009,2025-08-27,Delivered,PayPal
7645,1040,2024-05-03,Delivered,PayPal
7646,769,2024-06-08,Delivered,PayPal
7647,206,2025-03-24,Delivered,PayPal
7648,718,2025-09-22,Delivered,Credit Card
7649,656,2024-09-02,Cancelled,PayPal
7650,4421,2025-04-30,Delivered,Debit Card
7651,306,2025-05-28,Delivered,Credit Card
7652,3237,2025-03-14,Delivered,Credit Card
7653,269,2025-05-15,Delivered,Debit Card
7654,4807,2024-06-15,Delivered,Credit Card
7655,2811,2025-03-29,Cancelled,Debit Card
7656,2574,2024-01-03,Delivered,Credit Card
7657,384,2025-06-17,Cancelled,Debit Card
7658,4341,2025-08-01,Delivered,Credit Card
7659,2126,2025-08-02,Delivered,Debit Card
7660,701,2024-01-22,Delivered,Debit Card
7661,3549,2025-10-27,Delivered,Credit Card
7662,4721,2024-11-13,Delivered,Wallet
7663,76,2024-02-28,Delivered,Debit Card
7664,1010,2025-01-25,Delivered,PayPal
7665,3195,2025-02-21,Delivered,Credit Card
7666,312,2024-10-20,Delivered,PayPal
7667,3786,2025-06-30,Delivered,PayPal
7668,3051,2025-01-31,Delivered,Credit Card
7669,2684,2024-06-07,Delivered,Wallet
7670,1640,2025-03-28,Delivered,Credit Card
7671,2378,2024-07-11,Delivered,PayPal
7672,414,2024-03-27,Delivered,Debit Card
7673,3655,2024-07-13,Delivered,Credit Card
7674,3071,2025-10-23,Delivered,Debit Card
7675,2649,2025-02-21,Delivered,Credit Card
7676,3918,2024-08-19,Delivered,PayPal
7677,2547,2024-09-24,Delivered,PayPal
7678,2016,2025-09-19,Delivered,Debit Card
7679,4010,2025-05-01,Delivered,Credit Card
7680,4675,2025-07-18,Delivered,Wallet
7681,4188,2025-03-21,Delivered,PayPal
7682,2556,2025-12-25,Delivered,Debit Card
7683,1843,2025-04-24,Delivered,Credit Card
7684,654,2024-10-19,Delivered,Debit Card
7685,2078,2024-07-03,Delivered,Credit Card
7686,4159,2024-02-03,Delivered,PayPal
7687,4004,2025-07-14,Delivered,Credit Card
7688,642,2025-11-12,Delivered,Credit Card
7689,2725,2025-04-29,Delivered,Credit Card
7690,3346,2024-12-21,Cancelled,Credit Card
7691,3435,2024-04-05,Delivered,Debit Card
7692,4377,2025-04-15,Delivered,PayPal
7693,376,2024-05-26,Delivered,Wallet
7694,2324,2025-03-30,Delivered,Credit Card
7695,477,2024-08-07,Delivered,Credit Card
7696,3625,2025-09-24,Delivered,Credit Card
7697,2660,2025-11-14,Delivered,PayPal
7698,2163,2024-06-19,Delivered,Wallet
7699,4097,2024-08-26,Delivered,Credit Card
7700,4232,2025-11-04,Delivered,Credit Card
7701,1583,2024-01-15,Delivered,Wallet
7702,4079,2025-01-12,Delivered,Debit Card
7703,4804,2024-04-13,Delivered,Credit Card
7704,260,2024-11-12,Delivered,Credit Card
7705,3802,2024-01-24,Delivered,Credit Card
7706,578,2024-04-12,Delivered,Credit Card
7707,3909,2024-10-21,Delivered,Debit Card
7708,3399,2024-02-13,Delivered,PayPal
7709,4171,2025-08-04,Delivered,Credit Card
7710,2871,2025-02-25,Cancelled,Debit Card
7711,1273,2024-11-24,Delivered,Credit Card
7712,3478,2024-12-10,Delivered,Credit Card
7713,1652,2025-09-04,Delivered,Credit Card
7714,156,2025-09-09,Delivered,Credit Card
7715,593,2024-02-04,Delivered,Wallet
7716,4352,2025-05-15,Delivered,Credit Card
7717,1902,2024-12-08,Delivered,Credit Card
7718,720,2025-07-25,Delivered,PayPal
7719,180,2025-07-28,Delivered,Credit Card
7720,206,2025-06-01,Delivered,Credit Card
7721,3758,2025-05-07,Delivered,Credit Card
7722,653,2024-06-03,Cancelled,Credit Card
7723,4013,2025-09-14,Delivered,Credit Card
7724,2796,2025-05-26,Delivered,Debit Card
7725,1069,2024-07-18,Delivered,Credit Card
7726,4505,2024-06-18,Delivered,Credit Card
7727,2450,2024-12-31,Delivered,PayPal
7728,1972,2024-09-07,Delivered,Credit Card
7729,3360,2025-05-09,Delivered,Credit Card
7730,3290,2024-10-23,Delivered,Credit Card
7731,3713,2024-05-02,Delivered,Credit Card
7732,3073,2024-10-15,Delivered,Debit Card
7733,4848,2025-08-18,Cancelled,Credit Card
7734,2080,2025-08-29,Delivered,Credit Card
7735,1004,2024-08-15,Cancelled,Debit Card
7736,635,2025-08-03,Delivered,PayPal
7737,1234,2024-03-09,Delivered,Debit Card
7738,3867,2025-12-19,Delivered,Credit Card
7739,4270,2025-07-12,Delivered,Credit Card
7740,1459,2024-01-30,Delivered,Credit Card
7741,487,2025-05-29,Delivered,Credit Card
7742,3601,2024-12-26,Delivered,Credit Card
7743,3930,2025-10-07,Delivered,Debit Card
7744,276,2024-06-24,Delivered,Wallet
7745,667,2025-10-13,Delivered,PayPal
7746,1677,2025-09-27,Delivered,Credit Card
7747,2323,2024-07-22,Cancelled,PayPal
7748,553,2024-11-11,Delivered,Credit Card
7749,2962,2025-04-13,Delivered,PayPal
7750,2484,2024-06-24,Delivered,Debit Card
7751,3840,2025-12-30,Delivered,Debit Card
7752,4765,2024-05-19,Delivered,Credit Card
7753,573,2024-06-26,Delivered,Debit Card
7754,2262,2024-12-31,Delivered,Debit Card
7755,4121,2024-12-11,Delivered,Debit Card
7756,47,2024-02-06,Delivered,Debit Card
7757,4253,2025-10-26,Delivered,Credit Card
7758,1984,2024-06-24,Delivered,Debit Card
7759,3968,2024-03-16,Delivered,Credit Card
7760,3007,2025-01-14,Delivered,Credit Card
7761,4687,2025-11-08,Delivered,Debit Card
7762,752,2024-01-02,Delivered,Credit Card
7763,4362,2024-12-22,Delivered,Credit Card
7764,2832,2025-10-26,Delivered,Credit Card
7765,3840,2025-10-13,Delivered,Debit Card
7766,3865,2024-05-04,Delivered,Wallet
7767,2897,2025-03-29,Delivered,Debit Card
7768,2264,2025-09-02,Delivered,PayPal
7769,4044,2025-05-05,Delivered,Credit Card
7770,2530,2025-04-24,Delivered,Credit Card
7771,4877,2025-07-18,Delivered,Credit Card
7772,3334,2024-11-26,Cancelled,Credit Card
7773,3187,2024-02-19,Delivered,Wallet
7774,2914,2025-04-11,Delivered,Credit Card
7775,1214,2025-04-03,Delivered,Credit Card
7776,3744,2025-09-13,Delivered,Debit Card
7777,1240,2025-11-05,Delivered,PayPal
7778,3077,2024-09-03,Delivered,Debit Card
7779,3980,2025-11-28,Cancelled,Credit Card
7780,2256,2024-01-08,Delivered,Wallet
7781,4948,2025-12-07,Delivered,Credit Card
7782,819,2024-04-10,Delivered,Credit Card
7783,1052,2025-04-16,Delivered,PayPal
7784,1517,2025-05-13,Delivered,Wallet
7785,4851,2025-04-07,Delivered,Wallet
7786,2671,2025-12-24,Delivered,Debit Card
7787,1342,2025-02-07,Delivered,PayPal
7788,4829,2024-04-05,Delivered,Credit Card
7789,2065,2025-03-19,Delivered,PayPal
7790,1333,2024-07-31,Delivered,PayPal
7791,4541,2025-03-22,Delivered,Credit Card
7792,773,2024-10-04,Delivered,Credit Card
7793,4810,2024-01-31,Delivered,PayPal
7794,228,2025-04-10,Delivered,Credit Card
7795,2835,2024-03-05,Cancelled,Wallet
7796,2912,2024-08-27,Delivered,PayPal
7797,4751,2025-03-28,Delivered,PayPal
7798,4649,2025-10-05,Delivered,Credit Card
7799,4213,2024-08-17,Delivered,Debit Card
7800,4580,2024-08-05,Cancelled,PayPal
7801,4332,2024-08-08,Delivered,Credit Card
7802,2565,2025-02-23,Delivered,Credit Card
7803,4342,2024-05-21,Delivered,PayPal
7804,3857,2025-01-19,Delivered,Credit Card
7805,1932,2025-08-07,Delivered,Credit Card
7806,4402,2024-02-28,Delivered,Credit Card
7807,154,2025-12-04,Delivered,Credit Card
7808,515,2025-01-23,Delivered,Debit Card
7809,824,2025-04-03,Delivered,Credit Card
7810,2675,2025-03-26,Delivered,Debit Card
7811,373,2025-11-21,Delivered,PayPal
7812,1125,2025-04-30,Delivered,Debit Card
7813,1212,2025-10-07,Delivered,Debit Card
7814,1213,2024-07-27,Delivered,Credit Card
7815,277,2024-06-08,Delivered,Credit Card
7816,1122,2025-04-14,Delivered,Debit Card
7817,1385,2024-04-22,Delivered,PayPal
7818,3794,2024-03-22,Delivered,PayPal
7819,2945,2024-06-03,Delivered,Debit Card
7820,1574,2024-07-16,Delivered,Credit Card
7821,706,2024-03-11,Delivered,Debit Card
7822,2568,2025-06-15,Delivered,Wallet
7823,1579,2025-03-01,Delivered,Wallet
7824,3486,2024-05-26,Delivered,Wallet
7825,1121,2024-07-25,Delivered,Credit Card
7826,4985,2025-11-09,Delivered,PayPal
7827,476,2025-10-28,Delivered,Credit Card
7828,4175,2024-03-30,Cancelled,Credit Card
7829,3381,2025-03-23,Delivered,Debit Card
7830,3366,2024-08-23,Delivered,Credit Card
7831,4466,2024-09-19,Delivered,Credit Card
7832,2258,2025-03-13,Delivered,Credit Card
7833,3580,2025-12-19,Delivered,Credit Card
7834,2642,2025-03-01,Delivered,Credit Card
7835,3422,2025-11-26,Delivered,Debit Card
7836,2765,2025-08-21,Delivered,Credit Card
7837,4916,2025-07-22,Delivered,Debit Card
7838,1617,2025-07-30,Delivered,Debit Card
7839,3657,2025-07-31,Delivered,Credit Card
7840,832,2024-07-05,Delivered,PayPal
7841,236,2025-12-14,Delivered,Credit Card
7842,3517,2025-11-01,Delivered,PayPal
7843,1092,2025-03-14,Delivered,Wallet
7844,79,2025-06-03,Delivered,Wallet
7845,3188,2025-10-04,Delivered,Debit Card
7846,3060,2024-04-21,Delivered,PayPal
7847,3196,2024-02-17,Delivered,Credit Card
7848,2271,2025-12-27,Delivered,Wallet
7849,4163,2025-02-08,Delivered,Credit Card
7850,65,2025-06-11,Delivered,Debit Card
7851,795,2025-01-01,Delivered,Debit Card
7852,1883,2025-01-12,Delivered,PayPal
7853,4907,2024-01-28,Delivered,PayPal
7854,3603,2024-07-30,Delivered,Credit Card
7855,2582,2024-03-04,Delivered,Credit Card
7856,4747,2024-11-11,Delivered,PayPal
7857,4603,2024-01-16,Delivered,Wallet
7858,526,2025-08-08,Delivered,Credit Card
7859,2647,2024-08-02,Delivered,PayPal
7860,4757,2025-06-25,Delivered,Debit Card
7861,935,2024-02-09,Delivered,Credit Card
7862,790,2024-01-25,Delivered,Credit Card
7863,1756,2024-11-04,Delivered,PayPal
7864,4846,2025-07-29,Delivered,Credit Card
7865,1106,2025-08-16,Delivered,PayPal
7866,3178,2025-02-01,Delivered,Credit Card
7867,1322,2025-03-24,Cancelled,Debit Card
7868,3685,2025-05-17,Delivered,Credit Card
7869,4452,2025-05-06,Delivered,Debit Card
7870,204,2025-06-25,Delivered,Credit Card
7871,1887,2024-01-23,Delivered,Credit Card
7872,2895,2024-11-09,Delivered,Debit Card
7873,914,2025-09-04,Delivered,Debit Card
7874,3175,2024-11-17,Delivered,Debit Card
7875,1823,2024-04-16,Delivered,Credit Card
7876,177,2025-04-30,Delivered,Credit Card
7877,3087,2024-08-08,Delivered,Credit Card
7878,191,2025-01-08,Delivered,Credit Card
7879,1005,2025-01-12,Delivered,Credit Card
7880,819,2025-05-23,Delivered,Credit Card
7881,255,2025-11-09,Delivered,Debit Card
7882,2057,2025-05-21,Cancelled,Credit Card
7883,4361,2025-12-29,Delivered,Credit Card
7884,1528,2024-01-14,Delivered,PayPal
7885,1197,2025-07-25,Delivered,PayPal
7886,4035,2024-10-31,Delivered,Debit Card
7887,4682,2025-06-16,Delivered,Credit Card
7888,1507,2024-03-03,Delivered,Debit Card
7889,236,2025-01-20,Delivered,Credit Card
7890,3803,2024-01-22,Delivered,Debit Card
7891,3255,2025-04-30,Delivered,Wallet
7892,4988,2024-06-07,Delivered,Debit Card
7893,3327,2024-04-15,Delivered,Wallet
7894,4650,2024-02-27,Delivered,Credit Card
7895,781,2024-07-15,Cancelled,Credit Card
7896,825,2025-12-01,Delivered,Credit Card
7897,3327,2025-12-19,Delivered,Credit Card
7898,3740,2024-02-28,Delivered,Credit Card
7899,1939,2025-12-16,Delivered,Wallet
7900,2155,2025-03-04,Delivered,Debit Card
7901,1909,2024-08-23,Delivered,Wallet
7902,240,2025-11-18,Delivered,PayPal
7903,4388,2024-06-24,Delivered,PayPal
7904,4537,2024-05-12,Delivered,Wallet
7905,4763,2024-06-16,Delivered,Credit Card
7906,2522,2024-04-16,Delivered,PayPal
7907,851,2024-12-19,Delivered,Debit Card
7908,2021,2024-04-12,Delivered,Debit Card
7909,3421,2024-06-12,Delivered,Debit Card
7910,867,2024-09-28,Delivered,Wallet
7911,774,2025-04-18,Delivered,Wallet
7912,4963,2025-09-18,Cancelled,Credit Card
7913,176,2024-02-24,Delivered,Credit Card
7914,2992,2025-04-05,Delivered,Credit Card
7915,748,2024-03-16,Delivered,PayPal
7916,110,2025-12-24,Delivered,Credit Card
7917,3174,2024-07-21,Delivered,Debit Card
7918,920,2025-09-17,Delivered,Credit Card
7919,3633,2025-07-21,Delivered,Wallet
7920,4123,2024-08-24,Delivered,PayPal
7921,2536,2024-08-24,Delivered,Debit Card
7922,835,2024-08-19,Delivered,Credit Card
7923,4759,2024-12-09,Delivered,PayPal
7924,1862,2024-11-18,Delivered,Credit Card
7925,3821,2025-04-24,Delivered,Debit Card
7926,965,2024-12-04,Delivered,Wallet
7927,809,2025-07-29,Delivered,Debit Card
7928,3372,2024-12-06,Delivered,Wallet
7929,1040,2024-08-12,Delivered,Credit Card
7930,2665,2024-08-26,Delivered,Debit Card
7931,2981,2025-06-17,Cancelled,Wallet
7932,612,2024-04-12,Delivered,PayPal
7933,1667,2024-07-27,Cancelled,Wallet
7934,967,2024-08-15,Delivered,PayPal
7935,5,2025-04-15,Delivered,Credit Card
7936,4746,2024-04-04,Delivered,Credit Card
7937,122,2024-11-25,Cancelled,PayPal
7938,4148,2025-05-07,Delivered,PayPal
7939,2041,2025-11-07,Delivered,PayPal
7940,1385,2024-11-15,Delivered,Credit Card
7941,2619,2025-12-17,Delivered,Debit Card
7942,4580,2025-03-19,Delivered,Debit Card
7943,3267,2025-07-19,Delivered,Credit Card
7944,403,2024-06-26,Delivered,Debit Card
7945,3816,2025-10-30,Delivered,Wallet
7946,3818,2024-07-08,Delivered,Debit Card
7947,4844,2024-04-09,Delivered,Credit Card
7948,1011,2024-02-27,Delivered,Debit Card
7949,4195,2025-04-22,Delivered,Credit Card
7950,1851,2025-04-03,Delivered,Debit Card
7951,1780,2024-05-24,Cancelled,Wallet
7952,3166,2025-10-03,Delivered,Debit Card
7953,2674,2024-07-21,Delivered,PayPal
7954,1149,2025-03-21,Delivered,PayPal
7955,1080,2025-01-16,Delivered,Credit Card
7956,3252,2025-03-08,Delivered,Debit Card
7957,4844,2025-06-25,Delivered,Debit Card
7958,1148,2025-11-07,Delivered,Credit Card
7959,2678,2025-06-10,Delivered,Credit Card
7960,1535,2025-10-24,Delivered,Debit Card
7961,1249,2025-09-26,Delivered,Credit Card
7962,3977,2024-09-19,Delivered,Credit Card
7963,3621,2025-02-12,Delivered,Debit Card
7964,2398,2024-05-24,Cancelled,Wallet
7965,2440,2025-11-07,Delivered,Credit Card
7966,2128,2025-12-06,Delivered,PayPal
7967,4984,2025-10-10,Delivered,Credit Card
7968,4731,2025-06-26,Delivered,Credit Card
7969,374,2025-09-11,Delivered,Credit Card
7970,4081,2025-08-02,Delivered,Credit Card
7971,1678,2024-06-16,Delivered,Credit Card
7972,3266,2024-07-11,Delivered,Credit Card
7973,4710,2025-01-22,Delivered,Debit Card
7974,2108,2024-11-02,Delivered,Credit Card
7975,2306,2025-06-21,Delivered,Credit Card
7976,3131,2025-06-21,Delivered,Credit Card
7977,1559,2025-12-13,Delivered,PayPal
7978,1319,2025-07-29,Delivered,Credit Card
7979,3025,2024-01-09,Delivered,Debit Card
7980,1039,2024-09-05,Delivered,Debit Card
7981,3323,2024-08-26,Delivered,Credit Card
7982,1248,2025-04-07,Delivered,Credit Card
7983,465,2024-09-06,Delivered,Debit Card
7984,506,2025-12-15,Delivered,Wallet
7985,1297,2024-07-29,Delivered,PayPal
7986,511,2024-11-15,Delivered,Credit Card
7987,1545,2025-08-19,Delivered,Credit Card
7988,2090,2024-09-25,Delivered,Credit Card
7989,1230,2024-02-02,Delivered,Credit Card
7990,2671,2024-08-30,Delivered,Wallet
7991,1915,2024-09-19,Delivered,Credit Card
7992,401,2025-03-22,Delivered,Credit Card
7993,1674,2025-06-03,Cancelled,Credit Card
7994,61,2025-02-04,Delivered,PayPal
7995,3658,2024-10-23,Delivered,Debit Card
7996,2215,2025-01-02,Delivered,Credit Card
7997,2995,2024-04-15,Delivered,Credit Card
7998,713,2024-05-12,Delivered,Credit Card
7999,2146,2025-03-21,Delivered,Credit Card
8000,4046,2025-09-23,Delivered,Wallet
8001,1001,2025-01-16,Delivered,Debit Card
8002,4921,2024-02-14,Delivered,Debit Card
8003,2104,2025-12-17,Delivered,Debit Card
8004,683,2024-08-24,Delivered,Debit Card
8005,903,2025-06-30,Delivered,PayPal
8006,2311,2025-10-17,Delivered,Credit Card
8007,4761,2025-12-20,Delivered,Debit Card
8008,2360,2024-03-26,Delivered,Debit Card
8009,869,2024-05-16,Delivered,Credit Card
8010,1941,2025-04-16,Delivered,Credit Card
8011,4294,2025-07-09,Delivered,PayPal
8012,4922,2025-09-01,Delivered,Wallet
8013,3078,2025-02-06,Delivered,Credit Card
8014,4330,2024-04-25,Delivered,Credit Card
8015,4055,2025-06-04,Delivered,Debit Card
8016,2122,2025-05-02,Delivered,PayPal
8017,4443,2024-12-07,Delivered,Debit Card
8018,377,2025-04-10,Delivered,Wallet
8019,4020,2024-06-04,Delivered,PayPal
8020,2907,2025-08-14,Delivered,Credit Card
8021,2947,2024-02-03,Delivered,Credit Card
8022,4676,2025-09-04,Delivered,Credit Card
8023,1335,2025-09-03,Delivered,PayPal
8024,989,2025-05-16,Cancelled,Debit Card
8025,3301,2025-08-17,Delivered,Wallet
8026,3709,2025-10-28,Delivered,PayPal
8027,25,2024-04-28,Delivered,PayPal
8028,2500,2025-02-01,Cancelled,Credit Card
8029,1888,2025-04-15,Cancelled,Credit Card
8030,4098,2025-11-19,Delivered,Wallet
8031,4290,2025-06-22,Delivered,Debit Card
8032,695,2025-03-09,Delivered,Wallet
8033,2903,2025-02-11,Delivered,Credit Card
8034,3611,2024-04-14,Delivered,Debit Card
8035,1304,2024-08-19,Delivered,Debit Card
8036,4669,2024-11-12,Delivered,Credit Card
8037,4461,2025-10-05,Delivered,Debit Card
8038,861,2025-09-21,Delivered,Wallet
8039,77,2025-04-13,Delivered,Debit Card
8040,2891,2024-03-18,Delivered,Debit Card
8041,4415,2025-06-09,Delivered,Debit Card
8042,3413,2024-12-01,Delivered,PayPal
8043,3798,2025-04-21,Delivered,PayPal
8044,3600,2024-11-12,Delivered,Debit Card
8045,732,2025-06-10,Delivered,Credit Card
8046,337,2024-06-07,Delivered,Debit Card
8047,315,2024-04-15,Delivered,Wallet
8048,4919,2024-06-09,Delivered,Wallet
8049,4757,2025-11-04,Delivered,Debit Card
8050,4170,2024-02-25,Delivered,Credit Card
8051,336,2024-07-27,Delivered,Wallet
8052,4444,2024-09-07,Cancelled,Credit Card
8053,4869,2025-09-02,Delivered,Credit Card
8054,3924,2024-09-19,Delivered,Credit Card
8055,2104,2025-10-14,Delivered,Debit Card
8056,466,2025-12-22,Delivered,Credit Card
8057,1768,2025-04-20,Delivered,Credit Card
8058,1021,2024-09-07,Cancelled,PayPal
8059,3251,2025-03-12,Delivered,Debit Card
8060,4414,2025-05-03,Delivered,Credit Card
8061,2481,2024-03-20,Delivered,Credit Card
8062,241,2025-08-31,Delivered,PayPal
8063,1951,2024-11-14,Delivered,Credit Card
8064,3999,2025-09-09,Delivered,Credit Card
8065,3201,2025-03-22,Delivered,Wallet
8066,204,2025-09-20,Delivered,Debit Card
8067,1751,2024-02-29,Delivered,Credit Card
8068,1760,2024-01-31,Delivered,Debit Card
8069,172,2024-03-22,Delivered,Debit Card
8070,1749,2025-09-30,Delivered,Debit Card
8071,4124,2025-12-26,Delivered,Debit Card
8072,651,2025-12-30,Delivered,Debit Card
8073,2574,2024-08-30,Delivered,Credit Card
8074,3284,2024-07-11,Delivered,Credit Card
8075,3434,2024-09-12,Cancelled,Credit Card
8076,1650,2025-08-19,Cancelled,PayPal
8077,2876,2024-07-02,Delivered,PayPal
8078,3615,2025-02-03,Delivered,PayPal
8079,3071,2025-04-16,Delivered,Credit Card
8080,4190,2024-09-20,Delivered,Debit Card
8081,1095,2024-12-11,Delivered,Debit Card
8082,540,2025-04-30,Delivered,Credit Card
8083,4674,2025-07-31,Delivered,Wallet
8084,3672,2024-05-18,Delivered,Credit Card
8085,2239,2025-01-09,Delivered,Debit Card
8086,2853,2024-04-22,Delivered,PayPal
8087,4601,2024-01-12,Delivered,PayPal
8088,4335,2025-04-15,Delivered,Debit Card
8089,4035,2024-12-18,Delivered,Credit Card
8090,2955,2024-07-08,Cancelled,Debit Card
8091,3601,2024-02-10,Delivered,Credit Card
8092,2902,2025-11-21,Delivered,Debit Card
8093,2301,2025-08-26,Delivered,PayPal
8094,3369,2025-11-13,Delivered,Credit Card
8095,114,2024-03-23,Delivered,Debit Card
8096,4133,2024-01-11,Delivered,Credit Card
8097,1577,2024-06-07,Delivered,PayPal
8098,2726,2024-03-14,Delivered,Credit Card
8099,3325,2024-12-01,Delivered,Debit Card
8100,1639,2025-04-16,Delivered,Credit Card
8101,1654,2024-05-22,Delivered,Credit Card
8102,885,2024-10-16,Delivered,Debit Card
8103,496,2025-01-28,Delivered,Credit Card
8104,4409,2024-08-19,Delivered,Debit Card
8105,2589,2024-12-02,Delivered,Wallet
8106,3396,2025-03-06,Delivered,Credit Card
8107,773,2025-11-26,Delivered,Credit Card
8108,4264,2024-08-14,Delivered,Debit Card
8109,1532,2024-03-05,Delivered,PayPal
8110,2302,2025-09-26,Delivered,Credit Card
8111,2510,2025-02-25,Delivered,Credit Card
8112,3719,2024-12-10,Delivered,PayPal
8113,582,2025-06-09,Delivered,Debit Card
8114,4536,2025-12-17,Delivered,PayPal
8115,563,2024-04-03,Delivered,Credit Card
8116,3187,2025-09-20,Delivered,Credit Card
8117,1051,2025-04-09,Delivered,Debit Card
8118,4617,2025-03-03,Delivered,Credit Card
8119,2960,2025-09-22,Delivered,Debit Card
8120,4726,2024-08-10,Delivered,Credit Card
8121,4666,2025-07-28,Delivered,Debit Card
8122,1339,2025-02-20,Delivered,Wallet
8123,1196,2025-11-13,Delivered,Wallet
8124,563,2024-12-07,Delivered,Credit Card
8125,3600,2025-06-10,Delivered,Credit Card
8126,124,2024-12-29,Delivered,Wallet
8127,947,2024-10-14,Delivered,Debit Card
8128,4545,2024-10-01,Delivered,Debit Card
8129,3178,2025-11-02,Delivered,PayPal
8130,2254,2025-09-03,Delivered,Credit Card
8131,689,2024-06-13,Delivered,Credit Card
8132,4226,2025-09-23,Delivered,PayPal
8133,4227,2025-03-02,Delivered,Debit Card
8134,231,2024-03-17,Delivered,PayPal
8135,3713,2025-07-12,Delivered,Wallet
8136,1646,2024-04-28,Delivered,Credit Card
8137,3404,2025-09-28,Delivered,PayPal
8138,1475,2024-11-27,Delivered,Credit Card
8139,74,2025-10-31,Delivered,Wallet
8140,3770,2024-12-18,Cancelled,Credit Card
8141,4183,2024-03-03,Delivered,Credit Card
8142,3420,2025-07-13,Delivered,PayPal
8143,755,2025-06-14,Delivered,Wallet
8144,2251,2024-08-08,Delivered,PayPal
8145,2668,2024-05-28,Delivered,PayPal
8146,3968,2025-09-22,Cancelled,Wallet
8147,3884,2025-07-22,Delivered,Debit Card
8148,4440,2024-08-05,Delivered,PayPal
8149,3159,2025-05-26,Cancelled,Credit Card
8150,4700,2024-06-24,Delivered,Credit Card
8151,4096,2024-05-12,Delivered,Credit Card
8152,1001,2025-04-29,Delivered,Wallet
8153,3545,2025-08-30,Delivered,Credit Card
8154,426,2025-11-01,Delivered,Credit Card
8155,3781,2024-12-03,Delivered,Credit Card
8156,1107,2024-04-14,Cancelled,Credit Card
8157,1494,2025-02-01,Delivered,Debit Card
8158,2871,2025-05-12,Delivered,Credit Card
8159,1896,2025-12-10,Delivered,PayPal
8160,3238,2024-03-22,Delivered,PayPal
8161,2508,2025-04-24,Delivered,Debit Card
8162,3181,2025-01-08,Delivered,Credit Card
8163,2931,2025-03-05,Delivered,PayPal
8164,1031,2024-03-08,Delivered,Debit Card
8165,3459,2024-01-13,Delivered,Credit Card
8166,4794,2025-03-18,Delivered,Credit Card
8167,2778,2024-05-25,Delivered,Credit Card
8168,3037,2025-03-24,Delivered,Debit Card
8169,3553,2024-01-20,Delivered,Credit Card
8170,424,2025-08-07,Delivered,PayPal
8171,754,2024-08-31,Cancelled,Debit Card
8172,2791,2024-11-25,Delivered,Credit Card
8173,1974,2024-09-08,Cancelled,Credit Card
8174,3460,2024-11-01,Delivered,PayPal
8175,4567,2025-01-22,Delivered,Credit Card
8176,3912,2025-04-16,Delivered,Credit Card
8177,1085,2025-05-18,Delivered,Debit Card
8178,1537,2025-12-23,Delivered,Credit Card
8179,719,2024-05-10,Delivered,Credit Card
8180,489,2025-09-28,Delivered,Debit Card
8181,3725,2025-03-15,Delivered,Debit Card
8182,3461,2024-08-13,Delivered,Credit Card
8183,973,2025-10-31,Delivered,PayPal
8184,3525,2025-05-31,Delivered,Debit Card
8185,2289,2024-05-15,Delivered,Credit Card
8186,4381,2024-05-07,Delivered,PayPal
8187,3560,2025-04-26,Delivered,Debit Card
8188,1354,2025-06-16,Delivered,Wallet
8189,2425,2024-02-03,Delivered,Credit Card
8190,1168,2025-04-03,Delivered,Credit Card
8191,4508,2025-01-22,Cancelled,Debit Card
8192,2573,2025-12-08,Delivered,Wallet
8193,4391,2025-06-25,Delivered,PayPal
8194,2556,2025-10-25,Delivered,Debit Card
8195,2515,2024-01-25,Delivered,PayPal
8196,925,2025-07-11,Delivered,Credit Card
8197,4805,2024-08-31,Delivered,PayPal
8198,3364,2025-02-07,Cancelled,Debit Card
8199,1459,2025-10-02,Delivered,Credit Card
8200,4199,2025-09-27,Delivered,Credit Card
8201,1170,2024-06-13,Delivered,Credit Card
8202,485,2024-06-24,Delivered,Credit Card
8203,3352,2025-06-11,Delivered,Credit Card
8204,3742,2025-10-02,Delivered,Credit Card
8205,2864,2025-03-22,Delivered,Debit Card
8206,3568,2024-02-09,Delivered,Debit Card
8207,1256,2024-04-29,Delivered,Credit Card
8208,1389,2025-07-01,Cancelled,Debit Card
8209,1856,2025-06-25,Delivered,Credit Card
8210,1038,2025-10-16,Delivered,Debit Card
8211,1166,2025-01-23,Delivered,Wallet
8212,239,2024-11-08,Delivered,PayPal
8213,1185,2024-03-22,Delivered,Debit Card
8214,2738,2025-07-24,Delivered,Debit Card
8215,1838,2025-11-24,Delivered,Credit Card
8216,2147,2024-02-03,Delivered,Credit Card
8217,4622,2024-12-25,Delivered,Credit Card
8218,33,2024-09-16,Delivered,Debit Card
8219,4175,2025-06-27,Delivered,Wallet
8220,166,2025-07-11,Delivered,PayPal
8221,2563,2024-06-07,Delivered,Debit Card
8222,651,2025-11-25,Delivered,Debit Card
8223,2389,2024-04-10,Delivered,PayPal
8224,4474,2025-07-24,Delivered,Debit Card
8225,158,2025-06-25,Delivered,PayPal
8226,2534,2024-04-28,Delivered,Debit Card
8227,2312,2025-05-06,Delivered,PayPal
8228,2257,2024-07-16,Delivered,Credit Card
8229,3119,2024-07-19,Delivered,Debit Card
8230,1632,2024-03-04,Delivered,Credit Card
8231,3893,2025-06-28,Delivered,Credit Card
8232,1191,2025-08-12,Delivered,Debit Card
8233,1780,2025-01-03,Delivered,Wallet
8234,2343,2025-07-20,Delivered,PayPal
8235,4597,2024-09-11,Delivered,Credit Card
8236,2668,2025-02-16,Delivered,Credit Card
8237,4201,2025-07-28,Delivered,Credit Card
8238,699,2024-11-10,Delivered,Credit Card
8239,412,2025-03-26,Delivered,Credit Card
8240,2508,2024-04-15,Delivered,Credit Card
8241,4515,2025-01-05,Delivered,Credit Card
8242,1171,2025-09-13,Delivered,Credit Card
8243,1115,2025-07-18,Delivered,Credit Card
8244,741,2024-08-07,Delivered,PayPal
8245,4617,2025-02-01,Delivered,Wallet
8246,461,2025-03-28,Delivered,PayPal
8247,3154,2025-11-16,Delivered,Credit Card
8248,1902,2025-08-28,Delivered,Credit Card
8249,2060,2025-08-20,Delivered,Debit Card
8250,3554,2025-07-03,Delivered,PayPal
8251,2183,2024-09-18,Delivered,Debit Card
8252,116,2024-10-02,Delivered,PayPal
8253,2814,2024-12-05,Cancelled,Debit Card
8254,129,2024-11-06,Delivered,Wallet
8255,4220,2025-11-29,Delivered,PayPal
8256,4729,2025-10-01,Delivered,Credit Card
8257,4185,2025-10-15,Delivered,Credit Card
8258,2069,2025-03-19,Delivered,Debit Card
8259,2075,2024-05-19,Delivered,Credit Card
8260,2926,2024-04-14,Cancelled,Credit Card
8261,4246,2024-07-19,Delivered,Debit Card
8262,3767,2025-04-20,Delivered,Debit Card
8263,2360,2024-09-23,Delivered,PayPal
8264,4058,2025-04-23,Delivered,Credit Card
8265,2088,2025-10-04,Delivered,Wallet
8266,3849,2024-09-01,Delivered,Credit Card
8267,1217,2025-11-08,Delivered,Wallet
8268,2268,2025-01-08,Delivered,Credit Card
8269,4140,2025-08-08,Delivered,Debit Card
8270,1232,2024-02-13,Delivered,Wallet
8271,3101,2024-07-20,Delivered,Credit Card
8272,1402,2025-11-10,Delivered,PayPal
8273,2156,2025-10-09,Delivered,Debit Card
8274,1622,2025-02-20,Delivered,Credit Card
8275,3312,2024-01-25,Delivered,Debit Card
8276,3777,2024-02-13,Cancelled,Credit Card
8277,4306,2024-11-04,Delivered,Debit Card
8278,1780,2025-10-17,Delivered,Credit Card
8279,990,2024-10-02,Delivered,Debit Card
8280,4655,2025-10-07,Delivered,Debit Card
8281,1963,2025-01-25,Delivered,Credit Card
8282,3263,2024-04-08,Delivered,Credit Card
8283,1902,2025-02-13,Delivered,Debit Card
8284,4172,2024-09-22,Delivered,Credit Card
8285,381,2024-06-13,Delivered,Debit Card
8286,200,2025-05-07,Delivered,Wallet
8287,1671,2024-05-29,Delivered,Credit Card
8288,2075,2025-10-23,Delivered,Debit Card
8289,3809,2025-08-09,Delivered,Wallet
8290,2352,2025-07-24,Delivered,Wallet
8291,1267,2024-02-25,Delivered,Credit Card
8292,380,2025-12-02,Delivered,PayPal
8293,4055,2024-12-26,Delivered,Credit Card
8294,2545,2025-06-19,Delivered,PayPal
8295,4777,2024-05-19,Delivered,Credit Card
8296,1655,2025-07-14,Delivered,Credit Card
8297,1120,2024-08-21,Delivered,Debit Card
8298,1358,2025-05-31,Delivered,Credit Card
8299,2049,2024-07-21,Delivered,Credit Card
8300,706,2025-11-11,Delivered,Credit Card
8301,657,2025-06-01,Delivered,Wallet
8302,3966,2024-11-26,Delivered,Debit Card
8303,3461,2024-11-28,Delivered,Debit Card
8304,2509,2024-01-01,Delivered,Credit Card
8305,2411,2024-08-06,Delivered,Wallet
8306,2485,2025-07-30,Delivered,Debit Card
8307,2944,2025-08-29,Delivered,Credit Card
8308,1430,2025-12-30,Delivered,Debit Card
8309,3894,2024-03-03,Cancelled,Credit Card
8310,41,2024-07-02,Delivered,Credit Card
8311,3881,2025-07-13,Delivered,Credit Card
8312,3966,2024-09-20,Delivered,Debit Card
8313,2580,2024-06-30,Delivered,Credit Card
8314,1477,2024-07-24,Delivered,PayPal
8315,4412,2025-11-01,Delivered,Credit Card
8316,4094,2025-09-18,Delivered,Credit Card
8317,4660,2024-01-05,Delivered,Credit Card
8318,82,2025-09-05,Delivered,Credit Card
8319,3154,2025-02-10,Delivered,Credit Card
8320,37,2025-09-08,Delivered,Credit Card
8321,193,2025-03-30,Delivered,Credit Card
8322,313,2025-05-17,Delivered,Wallet
8323,3880,2025-02-25,Delivered,Credit Card
8324,3636,2025-06-20,Delivered,Credit Card
8325,4460,2025-08-17,Delivered,Debit Card
8326,3174,2025-01-06,Delivered,Debit Card
8327,2784,2024-03-22,Cancelled,Credit Card
8328,909,2024-03-08,Delivered,PayPal
8329,3502,2024-10-30,Delivered,Debit Card
8330,4555,2024-12-11,Delivered,Debit Card
8331,1781,2025-09-22,Delivered,Debit Card
8332,3483,2024-01-25,Delivered,PayPal
8333,2511,2025-10-10,Delivered,Credit Card
8334,2607,2024-02-10,Delivered,Wallet
8335,3991,2024-12-29,Delivered,Credit Card
8336,1456,2024-11-04,Delivered,Debit Card
8337,4380,2025-02-11,Delivered,Credit Card
8338,4927,2024-02-01,Delivered,Debit Card
8339,577,2025-07-11,Delivered,PayPal
8340,2557,2024-04-08,Delivered,Debit Card
8341,86,2025-07-23,Delivered,Credit Card
8342,1692,2025-02-17,Delivered,PayPal
8343,1868,2025-10-10,Delivered,Wallet
8344,3320,2025-12-15,Delivered,Credit Card
8345,1955,2025-09-08,Delivered,Credit Card
8346,1812,2024-11-26,Delivered,Debit Card
8347,3867,2024-10-29,Delivered,PayPal
8348,3792,2025-04-28,Delivered,Credit Card
8349,43,2025-04-19,Delivered,Credit Card
8350,1686,2025-07-30,Delivered,Debit Card
8351,3821,2024-12-18,Delivered,PayPal
8352,515,2024-12-03,Delivered,Credit Card
8353,2682,2024-03-27,Delivered,Debit Card
8354,2461,2024-05-03,Delivered,PayPal
8355,3490,2025-08-22,Delivered,Credit Card
8356,3382,2025-12-23,Delivered,Credit Card
8357,2547,2025-03-15,Delivered,Credit Card
8358,2067,2024-09-08,Delivered,PayPal
8359,3954,2024-02-12,Delivered,Debit Card
8360,1911,2024-02-01,Delivered,PayPal
8361,2186,2025-05-09,Delivered,Debit Card
8362,2098,2025-04-13,Delivered,Credit Card
8363,1730,2024-07-25,Cancelled,Credit Card
8364,3149,2024-05-17,Delivered,Credit Card
8365,3183,2024-02-20,Delivered,Debit Card
8366,4498,2025-05-13,Delivered,Wallet
8367,2223,2025-03-18,Delivered,Debit Card
8368,3801,2024-08-31,Delivered,Debit Card
8369,1518,2025-06-18,Cancelled,Credit Card
8370,4814,2025-09-09,Delivered,Debit Card
8371,4568,2025-01-12,Delivered,PayPal
8372,2957,2024-07-10,Delivered,PayPal
8373,3617,2024-01-05,Delivered,Wallet
8374,2900,2025-08-03,Delivered,Wallet
8375,985,2025-02-25,Delivered,Debit Card
8376,4705,2024-09-10,Delivered,PayPal
8377,3701,2024-01-05,Delivered,PayPal
8378,2100,2025-08-17,Delivered,Debit Card
8379,1262,2025-11-07,Cancelled,Credit Card
8380,3344,2024-12-17,Cancelled,Wallet
8381,2157,2024-07-14,Delivered,Wallet
8382,4142,2025-03-28,Delivered,Debit Card
8383,1088,2025-09-27,Delivered,Credit Card
8384,2605,2025-03-04,Delivered,Credit Card
8385,567,2024-01-09,Delivered,Credit Card
8386,3568,2024-05-22,Delivered,PayPal
8387,1996,2024-03-11,Delivered,Credit Card
8388,965,2024-10-27,Delivered,Debit Card
8389,2776,2024-11-25,Delivered,Credit Card
8390,2857,2025-01-25,Delivered,Debit Card
8391,1511,2025-07-07,Delivered,PayPal
8392,4698,2024-03-23,Delivered,PayPal
8393,376,2025-11-19,Delivered,Debit Card
8394,1663,2024-07-11,Delivered,Credit Card
8395,1249,2025-01-15,Delivered,Credit Card
8396,4628,2024-06-02,Delivered,PayPal
8397,1229,2024-09-16,Delivered,PayPal
8398,1102,2025-08-30,Delivered,Credit Card
8399,2954,2024-02-02,Delivered,Credit Card
8400,1303,2024-12-18,Delivered,Debit Card
8401,1411,2025-03-02,Delivered,PayPal
8402,1226,2025-02-20,Delivered,PayPal
8403,2669,2024-10-04,Delivered,Credit Card
8404,3745,2024-10-02,Delivered,Wallet
8405,2352,2025-10-25,Delivered,Debit Card
8406,4450,2024-06-24,Delivered,Debit Card
8407,1332,2024-12-16,Delivered,Credit Card
8408,4225,2024-09-22,Delivered,Credit Card
8409,3707,2025-07-12,Delivered,Credit Card
8410,368,2025-08-11,Delivered,Credit Card
8411,3338,2025-09-11,Delivered,Wallet
8412,4964,2024-03-03,Delivered,PayPal
8413,3402,2024-03-12,Delivered,Wallet
8414,1291,2024-10-01,Delivered,Debit Card
8415,2168,2024-11-17,Delivered,Credit Card
8416,4348,2024-02-16,Delivered,Debit Card
8417,1583,2025-10-14,Delivered,Debit Card
8418,2380,2025-10-16,Delivered,PayPal
8419,2954,2024-11-05,Delivered,Debit Card
8420,4139,2025-07-15,Delivered,Credit Card
8421,4796,2025-02-16,Delivered,PayPal
8422,3525,2025-04-24,Delivered,PayPal
8423,2170,2025-09-29,Delivered,Debit Card
8424,2053,2024-03-08,Cancelled,Credit Card
8425,3327,2024-06-18,Delivered,Credit Card
8426,370,2024-11-08,Delivered,PayPal
8427,2212,2025-10-15,Delivered,Credit Card
8428,1778,2025-03-08,Delivered,PayPal
8429,4664,2024-10-16,Delivered,Credit Card
8430,4277,2024-01-21,Cancelled,Credit Card
8431,1324,2025-03-08,Delivered,Credit Card
8432,3277,2024-07-15,Delivered,Credit Card
8433,2292,2024-08-27,Delivered,Credit Card
8434,4153,2025-12-28,Cancelled,PayPal
8435,2469,2025-01-19,Delivered,Credit Card
8436,3208,2024-04-11,Delivered,Credit Card
8437,3644,2024-02-05,Delivered,Debit Card
8438,4117,2024-10-10,Delivered,Debit Card
8439,3607,2024-02-17,Delivered,Credit Card
8440,1484,2024-11-08,Cancelled,PayPal
8441,3698,2024-10-29,Delivered,Credit Card
8442,1583,2025-10-04,Delivered,Debit Card
8443,3665,2024-09-01,Delivered,Credit Card
8444,4748,2024-07-20,Delivered,Credit Card
8445,2349,2025-03-25,Delivered,Credit Card
8446,4463,2025-04-11,Delivered,PayPal
8447,778,2024-01-28,Cancelled,Credit Card
8448,2126,2024-03-02,Delivered,Debit Card
8449,4353,2024-05-02,Delivered,PayPal
8450,3653,2025-07-21,Delivered,Credit Card
8451,1625,2024-06-02,Delivered,Credit Card
8452,2505,2025-12-25,Delivered,Credit Card
8453,552,2024-11-17,Delivered,Credit Card
8454,4081,2025-11-12,Delivered,Wallet
8455,644,2024-06-29,Delivered,Credit Card
8456,2821,2024-11-05,Delivered,Debit Card
8457,2474,2024-04-10,Delivered,Credit Card
8458,3090,2025-09-09,Delivered,Debit Card
8459,2130,2025-03-12,Delivered,Credit Card
8460,428,2024-02-25,Delivered,Credit Card
8461,3318,2025-06-27,Delivered,Credit Card
8462,4474,2025-10-09,Delivered,Wallet
8463,3060,2025-05-15,Delivered,Debit Card
8464,219,2025-08-13,Delivered,Credit Card
8465,538,2024-07-20,Delivered,PayPal
8466,1374,2024-11-11,Cancelled,PayPal
8467,1484,2025-09-15,Delivered,Debit Card
8468,613,2025-03-19,Delivered,Wallet
8469,4482,2025-03-22,Delivered,Credit Card
8470,3687,2025-07-13,Delivered,PayPal
8471,3834,2025-03-24,Delivered,PayPal
8472,4817,2024-04-02,Delivered,Debit Card
8473,4353,2024-06-04,Delivered,Debit Card
8474,856,2025-07-22,Delivered,Credit Card
8475,110,2024-06-25,Delivered,Credit Card
8476,3648,2025-04-30,Delivered,Credit Card
8477,4561,2024-12-12,Delivered,Wallet
8478,3506,2025-03-28,Delivered,Credit Card
8479,4306,2024-06-22,Delivered,Debit Card
8480,3043,2024-08-14,Delivered,Credit Card
8481,2262,2025-05-17,Delivered,Credit Card
8482,651,2024-05-05,Delivered,Credit Card
8483,3368,2024-08-13,Delivered,Wallet
8484,1460,2025-12-29,Delivered,Credit Card
8485,1360,2024-04-20,Delivered,Credit Card
8486,4380,2025-02-25,Cancelled,Credit Card
8487,3293,2024-04-20,Delivered,Debit Card
8488,2225,2025-05-31,Delivered,Debit Card
8489,3994,2024-04-02,Delivered,Credit Card
8490,3666,2025-02-23,Delivered,Credit Card
8491,2418,2024-11-17,Delivered,Credit Card
8492,4889,2025-05-19,Delivered,Credit Card
8493,142,2024-01-03,Delivered,PayPal
8494,2466,2025-01-11,Delivered,PayPal
8495,2082,2025-01-30,Delivered,Credit Card
8496,612,2024-06-24,Delivered,Debit Card
8497,3625,2024-08-05,Delivered,Credit Card
8498,503,2025-05-30,Delivered,Credit Card
8499,3519,2025-02-07,Delivered,Debit Card
8500,3772,2025-02-26,Delivered,PayPal
8501,2432,2025-11-13,Delivered,Credit Card
8502,1222,2024-10-22,Delivered,Credit Card
8503,4929,2025-09-26,Delivered,Credit Card
8504,3526,2025-12-12,Delivered,Credit Card
8505,586,2025-02-24,Delivered,Debit Card
8506,3683,2024-06-03,Delivered,PayPal
8507,792,2024-11-01,Delivered,Credit Card
8508,3116,2024-02-03,Delivered,Debit Card
8509,1292,2025-05-24,Delivered,Wallet
8510,3174,2024-07-18,Cancelled,Credit Card
8511,4018,2025-11-04,Delivered,Debit Card
8512,3920,2025-04-21,Delivered,Credit Card
8513,3815,2024-12-23,Delivered,Debit Card
8514,3537,2024-05-16,Delivered,PayPal
8515,3864,2024-03-13,Delivered,PayPal
8516,4512,2025-05-05,Delivered,Credit Card
8517,4399,2025-07-13,Delivered,PayPal
8518,3862,2024-07-13,Delivered,Debit Card
8519,2215,2024-01-08,Delivered,PayPal
8520,1467,2024-08-21,Delivered,PayPal
8521,1593,2025-07-12,Delivered,Debit Card
8522,3065,2025-02-27,Delivered,Credit Card
8523,3002,2024-03-02,Delivered,Credit Card
8524,2136,2024-03-24,Delivered,PayPal
8525,2050,2024-03-18,Delivered,Credit Card
8526,3626,2025-07-07,Delivered,Debit Card
8527,2620,2025-07-24,Cancelled,Debit Card
8528,95,2024-10-24,Delivered,PayPal
8529,702,2025-05-18,Delivered,PayPal
8530,1656,2024-01-16,Delivered,Credit Card
8531,1982,2025-02-14,Delivered,Debit Card
8532,3663,2024-07-17,Delivered,PayPal
8533,2364,2025-08-22,Delivered,Credit Card
8534,2134,2024-12-22,Delivered,Debit Card
8535,438,2025-09-13,Delivered,Debit Card
8536,306,2025-02-14,Delivered,Credit Card
8537,4973,2024-11-29,Delivered,Credit Card
8538,4307,2025-11-22,Delivered,Credit Card
8539,189,2025-12-28,Delivered,PayPal
8540,2270,2024-11-28,Delivered,Credit Card
8541,4598,2024-09-18,Delivered,Credit Card
8542,3561,2025-04-16,Delivered,Debit Card
8543,401,2024-05-05,Delivered,Credit Card
8544,2147,2024-10-09,Delivered,Credit Card
8545,4297,2025-09-09,Delivered,Credit Card
8546,1497,2025-10-16,Delivered,Credit Card
8547,2742,2024-10-30,Delivered,Credit Card
8548,1615,2024-10-11,Delivered,Debit Card
8549,982,2025-09-30,Delivered,Credit Card
8550,4300,2024-05-27,Delivered,Credit Card
8551,1157,2024-02-14,Delivered,Credit Card
8552,2916,2024-02-23,Cancelled,Credit Card
8553,1759,2024-03-22,Delivered,Credit Card
8554,3067,2025-10-04,Delivered,Credit Card
8555,3971,2024-01-30,Delivered,Credit Card
8556,2764,2024-08-30,Delivered,Debit Card
8557,736,2025-03-15,Delivered,Wallet
8558,1438,2025-03-20,Delivered,Credit Card
8559,1212,2025-08-30,Delivered,PayPal
8560,3444,2025-12-17,Delivered,Credit Card
8561,3464,2024-10-20,Delivered,Credit Card
8562,717,2024-06-19,Delivered,Credit Card
8563,3070,2024-03-07,Delivered,Credit Card
8564,2321,2025-10-12,Delivered,Debit Card
8565,2105,2024-09-29,Delivered,Credit Card
8566,4291,2025-10-17,Delivered,PayPal
8567,303,2024-09-11,Delivered,Debit Card
8568,3632,2025-07-05,Delivered,PayPal
8569,2793,2025-04-14,Delivered,Credit Card
8570,1293,2025-06-04,Delivered,Credit Card
8571,1147,2025-04-21,Delivered,Debit Card
8572,819,2024-08-12,Delivered,Debit Card
8573,3061,2024-03-16,Delivered,Debit Card
8574,3276,2024-01-08,Delivered,Credit Card
8575,1373,2024-11-02,Delivered,Debit Card
8576,1908,2025-10-12,Delivered,Debit Card
8577,4902,2025-04-14,Delivered,Credit Card
8578,3526,2025-05-07,Delivered,PayPal
8579,2953,2024-07-07,Delivered,PayPal
8580,598,2024-12-20,Delivered,Credit Card
8581,2857,2024-10-24,Delivered,Credit Card
8582,1967,2024-04-09,Delivered,Debit Card
8583,4184,2025-03-23,Delivered,Debit Card
8584,961,2024-09-22,Delivered,Wallet
8585,4966,2024-10-21,Delivered,Debit Card
8586,4707,2025-03-11,Delivered,Credit Card
8587,3896,2024-01-23,Delivered,Credit Card
8588,2503,2025-11-14,Delivered,Debit Card
8589,2970,2024-06-11,Delivered,Debit Card
8590,4532,2025-05-10,Cancelled,Wallet
8591,4318,2025-07-20,Delivered,Debit Card
8592,4046,2024-04-22,Delivered,Wallet
8593,907,2024-06-30,Delivered,PayPal
8594,2040,2024-10-28,Delivered,Debit Card
8595,3822,2025-08-19,Delivered,Debit Card
8596,622,2025-04-09,Delivered,Debit Card
8597,3400,2024-12-06,Delivered,Debit Card
8598,1792,2025-09-12,Delivered,PayPal
8599,2817,2024-12-11,Delivered,Credit Card
8600,4591,2025-10-08,Delivered,Wallet
8601,4334,2025-07-16,Delivered,Debit Card
8602,1840,2024-05-05,Delivered,Credit Card
8603,3549,2024-10-06,Delivered,Credit Card
8604,55,2024-01-19,Cancelled,Credit Card
8605,3584,2024-06-23,Delivered,Debit Card
8606,690,2024-01-17,Delivered,Credit Card
8607,4549,2024-03-17,Delivered,Credit Card
8608,1490,2024-01-04,Delivered,Credit Card
8609,3498,2025-05-05,Delivered,Credit Card
8610,3333,2024-10-26,Delivered,Wallet
8611,1278,2024-12-09,Delivered,Debit Card
8612,4192,2025-07-12,Delivered,Credit Card
8613,919,2025-08-13,Delivered,Wallet
8614,4502,2025-01-24,Delivered,Credit Card
8615,2566,2024-11-30,Delivered,Wallet
8616,2333,2025-04-19,Delivered,Wallet
8617,1175,2024-10-29,Delivered,Debit Card
8618,43,2024-11-18,Cancelled,Debit Card
8619,3499,2024-08-06,Delivered,PayPal
8620,3662,2024-05-18,Delivered,Credit Card
8621,4214,2024-05-25,Delivered,Credit Card
8622,4822,2025-04-23,Delivered,Credit Card
8623,1460,2025-08-29,Delivered,Credit Card
8624,2836,2024-11-05,Delivered,Credit Card
8625,4568,2024-03-10,Delivered,PayPal
8626,2836,2025-03-21,Delivered,Credit Card
8627,3735,2025-10-20,Delivered,Credit Card
8628,3568,2025-01-20,Cancelled,Credit Card
8629,4941,2024-01-20,Cancelled,Credit Card
8630,1703,2024-02-29,Delivered,PayPal
8631,994,2025-01-16,Delivered,PayPal
8632,4579,2025-09-20,Delivered,Debit Card
8633,2308,2024-02-12,Delivered,Debit Card
8634,970,2025-07-04,Delivered,PayPal
8635,3202,2025-07-23,Delivered,Credit Card
8636,4258,2024-02-07,Delivered,Debit Card
8637,3815,2024-06-03,Delivered,Credit Card
8638,1681,2024-01-03,Delivered,Credit Card
8639,4560,2025-02-17,Delivered,Wallet
8640,202,2024-05-07,Delivered,PayPal
8641,4457,2025-10-31,Delivered,Debit Card
8642,916,2024-03-07,Cancelled,Credit Card
8643,1181,2025-04-18,Delivered,PayPal
8644,1572,2025-07-28,Delivered,Wallet
8645,2113,2024-05-10,Cancelled,Wallet
8646,240,2024-07-03,Delivered,Debit Card
8647,3592,2025-08-04,Delivered,Debit Card
8648,657,2024-03-08,Delivered,Credit Card
8649,662,2024-11-18,Cancelled,Credit Card
8650,25,2024-07-01,Delivered,Credit Card
8651,4797,2024-01-10,Delivered,Debit Card
8652,241,2024-11-25,Delivered,Wallet
8653,3735,2024-12-21,Delivered,PayPal
8654,3170,2024-09-10,Delivered,Credit Card
8655,4145,2025-08-16,Delivered,Credit Card
8656,2252,2024-03-11,Delivered,Credit Card
8657,4538,2024-11-09,Delivered,Debit Card
8658,2359,2024-05-11,Delivered,PayPal
8659,890,2025-07-07,Delivered,PayPal
8660,4512,2025-02-10,Cancelled,PayPal
8661,2111,2025-05-30,Delivered,Debit Card
8662,32,2024-03-19,Delivered,Debit Card
8663,3259,2024-11-29,Delivered,Wallet
8664,1604,2024-02-06,Delivered,Debit Card
8665,4113,2024-08-23,Delivered,Credit Card
8666,767,2025-11-21,Delivered,Credit Card
8667,3691,2025-06-14,Delivered,Credit Card
8668,4152,2024-02-27,Delivered,Credit Card
8669,608,2024-09-26,Delivered,Debit Card
8670,2925,2025-09-27,Cancelled,PayPal
8671,3229,2024-05-04,Delivered,Credit Card
8672,4610,2025-07-06,Delivered,Credit Card
8673,1471,2024-08-22,Delivered,Credit Card
8674,2434,2024-12-14,Delivered,PayPal
8675,2033,2025-10-02,Delivered,Credit Card
8676,1869,2025-05-05,Delivered,Credit Card
8677,4972,2024-07-25,Delivered,Debit Card
8678,3279,2024-01-07,Delivered,Debit Card
8679,786,2024-06-20,Delivered,Credit Card
8680,4322,2024-10-31,Delivered,PayPal
8681,522,2024-04-07,Delivered,Credit Card
8682,4384,2025-10-05,Delivered,Debit Card
8683,2046,2024-02-10,Delivered,Debit Card
8684,3382,2025-01-29,Delivered,Credit Card
8685,4321,2025-12-13,Delivered,Credit Card
8686,4358,2024-09-01,Delivered,Debit Card
8687,812,2025-01-26,Delivered,Credit Card
8688,2028,2024-02-23,Cancelled,Credit Card
8689,400,2025-06-16,Cancelled,Credit Card
8690,3217,2025-12-14,Delivered,Credit Card
8691,2095,2025-07-18,Delivered,PayPal
8692,4993,2024-04-19,Delivered,Debit Card
8693,3162,2024-09-14,Delivered,Wallet
8694,2194,2025-06-12,Delivered,Debit Card
8695,774,2025-08-06,Delivered,Debit Card
8696,1437,2024-10-21,Delivered,Credit Card
8697,4023,2025-12-02,Cancelled,Credit Card
8698,717,2024-05-28,Delivered,Credit Card
8699,4230,2025-06-25,Delivered,Credit Card
8700,3012,2024-12-28,Delivered,Debit Card
8701,2613,2025-06-03,Delivered,Credit Card
8702,2384,2025-03-11,Delivered,Credit Card
8703,153,2024-11-11,Delivered,PayPal
8704,1131,2025-08-18,Delivered,Credit Card
8705,2581,2025-09-06,Delivered,PayPal
8706,2427,2025-08-19,Delivered,PayPal
8707,1071,2024-03-05,Delivered,Credit Card
8708,4015,2024-11-04,Delivered,Credit Card
8709,2231,2025-07-01,Delivered,Wallet
8710,1940,2025-09-24,Delivered,PayPal
8711,3799,2024-09-21,Cancelled,Wallet
8712,745,2025-06-24,Delivered,Credit Card
8713,273,2025-02-17,Delivered,Debit Card
8714,1614,2024-06-10,Delivered,Credit Card
8715,1,2025-10-13,Delivered,Credit Card
8716,1856,2024-11-20,Delivered,Credit Card
8717,668,2025-03-17,Delivered,PayPal
8718,3298,2024-07-29,Delivered,Debit Card
8719,227,2024-01-19,Delivered,PayPal
8720,1033,2024-11-26,Delivered,Credit Card
8721,1303,2025-06-11,Delivered,Wallet
8722,2983,2024-08-26,Delivered,Credit Card
8723,2022,2025-11-09,Delivered,Wallet
8724,3843,2025-07-01,Delivered,Debit Card
8725,3899,2025-04-13,Delivered,Credit Card
8726,1926,2025-08-11,Cancelled,PayPal
8727,152,2025-09-20,Delivered,Debit Card
8728,4802,2025-06-10,Delivered,Credit Card
8729,1755,2025-08-25,Delivered,Credit Card
8730,2689,2025-06-04,Delivered,Wallet
8731,4648,2025-09-20,Delivered,Wallet
8732,3261,2024-03-16,Delivered,Debit Card
8733,2882,2024-09-08,Delivered,Credit Card
8734,1699,2025-10-10,Cancelled,Credit Card
8735,4134,2024-12-12,Delivered,Credit Card
8736,973,2024-01-11,Delivered,Debit Card
8737,2418,2025-09-11,Delivered,Credit Card
8738,1750,2025-04-23,Delivered,Credit Card
8739,487,2025-10-26,Delivered,PayPal
8740,1386,2024-01-12,Delivered,Wallet
8741,935,2024-04-17,Delivered,Credit Card
8742,453,2025-01-07,Delivered,Credit Card
8743,3791,2024-05-12,Delivered,Debit Card
8744,3556,2025-01-15,Delivered,Credit Card
8745,4321,2024-09-10,Cancelled,Credit Card
8746,153,2024-06-02,Delivered,Credit Card
8747,2338,2025-07-16,Delivered,Credit Card
8748,3304,2024-01-29,Cancelled,PayPal
8749,2463,2025-09-30,Delivered,Credit Card
8750,129,2024-04-22,Delivered,Debit Card
8751,2251,2025-02-27,Delivered,Credit Card
8752,622,2025-12-24,Delivered,Debit Card
8753,92,2024-03-23,Delivered,Debit Card
8754,3654,2025-11-07,Delivered,PayPal
8755,478,2024-08-09,Delivered,Credit Card
8756,1495,2025-06-24,Cancelled,Debit Card
8757,4960,2025-09-17,Delivered,Wallet
8758,4741,2024-06-18,Delivered,Credit Card
8759,211,2024-09-10,Cancelled,Credit Card
8760,2006,2025-09-20,Delivered,Credit Card
8761,1745,2024-03-16,Delivered,Wallet
8762,3110,2024-03-20,Delivered,Credit Card
8763,3454,2024-08-08,Delivered,Credit Card
8764,377,2025-03-16,Delivered,Wallet
8765,2125,2025-08-11,Delivered,Credit Card
8766,1400,2025-02-14,Delivered,Credit Card
8767,4914,2024-12-26,Delivered,Debit Card
8768,1460,2025-09-27,Delivered,Credit Card
8769,164,2024-05-05,Delivered,Credit Card
8770,3121,2025-10-20,Delivered,Credit Card
8771,4373,2024-08-16,Delivered,Debit Card
8772,4109,2024-07-20,Delivered,Debit Card
8773,674,2025-11-27,Delivered,Credit Card
8774,3713,2025-04-16,Delivered,Debit Card
8775,1025,2024-11-11,Delivered,Wallet
8776,723,2024-08-29,Delivered,Credit Card
8777,2642,2024-11-18,Delivered,Wallet
8778,4028,2025-07-31,Delivered,Wallet
8779,4358,2024-04-21,Delivered,Credit Card
8780,3093,2024-05-07,Delivered,Debit Card
8781,2071,2024-08-10,Delivered,PayPal
8782,2931,2024-12-18,Delivered,Debit Card
8783,1468,2025-08-17,Delivered,PayPal
8784,677,2024-06-02,Delivered,Credit Card
8785,2009,2025-07-27,Delivered,Wallet
8786,846,2025-10-24,Delivered,Credit Card
8787,472,2024-11-13,Delivered,Debit Card
8788,3737,2025-12-02,Cancelled,PayPal
8789,4192,2025-10-14,Delivered,Credit Card
8790,3746,2025-08-04,Delivered,Debit Card
8791,4577,2024-10-04,Delivered,Debit Card
8792,2425,2024-08-07,Delivered,Wallet
8793,3379,2025-09-22,Delivered,Credit Card
8794,1014,2024-11-18,Delivered,Debit Card
8795,2224,2024-01-24,Delivered,Credit Card
8796,503,2025-06-07,Delivered,Credit Card
8797,3071,2024-09-10,Delivered,Credit Card
8798,2182,2025-11-14,Delivered,Debit Card
8799,2760,2025-09-16,Delivered,Debit Card
8800,4272,2024-03-17,Delivered,Credit Card
8801,258,2025-10-19,Delivered,Credit Card
8802,2226,2025-11-24,Delivered,Credit Card
8803,1973,2025-07-06,Delivered,PayPal
8804,3701,2024-07-20,Delivered,Credit Card
8805,3285,2025-05-04,Delivered,Debit Card
8806,3603,2025-09-25,Delivered,PayPal
8807,4239,2025-08-18,Delivered,PayPal
8808,1490,2024-11-10,Delivered,Debit Card
8809,1795,2025-05-31,Delivered,Credit Card
8810,1734,2024-10-08,Delivered,Credit Card
8811,4097,2024-07-04,Delivered,Credit Card
8812,2324,2025-05-06,Delivered,PayPal
8813,3785,2024-12-06,Delivered,Credit Card
8814,1226,2024-06-13,Cancelled,Credit Card
8815,4647,2025-04-27,Delivered,Credit Card
8816,2420,2024-08-22,Delivered,Credit Card
8817,4948,2025-03-05,Delivered,Credit Card
8818,2235,2024-09-20,Delivered,Credit Card
8819,209,2025-10-08,Delivered,Credit Card
8820,1316,2025-09-12,Delivered,Debit Card
8821,2188,2024-12-11,Delivered,Credit Card
8822,665,2025-06-02,Delivered,Debit Card
8823,3868,2024-05-09,Delivered,Debit Card
8824,1743,2025-12-29,Delivered,Debit Card
8825,4116,2024-06-05,Delivered,Credit Card
8826,4822,2025-09-24,Delivered,Debit Card
8827,415,2025-09-09,Delivered,Credit Card
8828,1395,2024-05-10,Delivered,Credit Card
8829,3033,2024-01-07,Delivered,Credit Card
8830,4327,2025-06-22,Delivered,Wallet
8831,4493,2025-09-26,Delivered,Credit Card
8832,972,2025-06-06,Delivered,Debit Card
8833,1136,2024-02-10,Delivered,Credit Card
8834,994,2025-04-16,Delivered,Debit Card
8835,1737,2024-10-12,Delivered,Credit Card
8836,3059,2025-10-30,Delivered,PayPal
8837,1975,2025-08-07,Delivered,Credit Card
8838,3632,2025-08-06,Cancelled,Credit Card
8839,1973,2024-10-24,Delivered,PayPal
8840,2949,2024-08-23,Delivered,Credit Card
8841,2809,2025-08-23,Delivered,Credit Card
8842,1267,2024-03-25,Cancelled,PayPal
8843,305,2024-03-14,Delivered,Wallet
8844,1105,2024-02-15,Delivered,Credit Card
8845,3896,2025-01-08,Cancelled,Debit Card
8846,3736,2024-02-25,Delivered,Credit Card
8847,615,2025-03-01,Delivered,Debit Card
8848,1921,2024-05-02,Delivered,PayPal
8849,4067,2025-10-12,Delivered,Debit Card
8850,4036,2024-11-11,Delivered,Credit Card
8851,86,2024-03-09,Delivered,Credit Card
8852,3931,2025-05-21,Delivered,Debit Card
8853,3936,2024-09-04,Cancelled,Debit Card
8854,582,2024-07-10,Delivered,Debit Card
8855,1777,2025-04-26,Delivered,Credit Card
8856,269,2025-11-28,Delivered,Credit Card
8857,3280,2025-12-16,Delivered,PayPal
8858,4310,2024-11-13,Delivered,Credit Card
8859,896,2025-09-11,Delivered,PayPal
8860,1760,2024-06-01,Delivered,Debit Card
8861,2686,2025-09-09,Delivered,PayPal
8862,361,2025-11-18,Delivered,Credit Card
8863,1496,2025-01-12,Delivered,Credit Card
8864,1087,2025-01-16,Delivered,Wallet
8865,20,2025-02-15,Delivered,Debit Card
8866,3342,2024-02-23,Delivered,Credit Card
8867,3626,2025-09-18,Delivered,Wallet
8868,404,2025-06-22,Delivered,Credit Card
8869,656,2025-09-26,Delivered,Debit Card
8870,353,2024-03-25,Delivered,Credit Card
8871,4699,2025-08-08,Cancelled,PayPal
8872,2848,2024-09-21,Delivered,Wallet
8873,2719,2025-08-20,Delivered,Credit Card
8874,431,2025-12-26,Delivered,Credit Card
8875,9,2025-10-04,Delivered,Debit Card
8876,4641,2025-10-30,Cancelled,Credit Card
8877,4725,2024-03-24,Delivered,Credit Card
8878,2724,2024-08-27,Delivered,Debit Card
8879,664,2024-08-01,Cancelled,Credit Card
8880,149,2025-01-10,Delivered,Wallet
8881,4170,2025-12-13,Delivered,Debit Card
8882,2644,2025-05-15,Delivered,Credit Card
8883,1647,2025-02-01,Delivered,Credit Card
8884,62,2025-08-10,Delivered,PayPal
8885,2841,2024-05-08,Delivered,Debit Card
8886,4391,2025-04-27,Delivered,Wallet
8887,4179,2025-01-02,Delivered,Credit Card
8888,3657,2024-05-28,Delivered,Credit Card
8889,251,2025-04-16,Delivered,Debit Card
8890,3784,2025-09-05,Delivered,Credit Card
8891,3401,2025-08-27,Delivered,Credit Card
8892,4196,2025-09-07,Delivered,Debit Card
8893,743,2025-08-15,Delivered,Credit Card
8894,4312,2024-12-08,Delivered,Credit Card
8895,3582,2024-02-05,Delivered,Credit Card
8896,3825,2025-12-05,Cancelled,Credit Card
8897,804,2024-11-27,Delivered,Credit Card
8898,4278,2025-04-06,Delivered,Credit Card
8899,110,2024-01-16,Delivered,Wallet
8900,1113,2025-10-10,Delivered,Credit Card
8901,778,2025-10-10,Delivered,Credit Card
8902,1159,2025-11-08,Delivered,Wallet
8903,3129,2024-05-06,Delivered,PayPal
8904,4627,2025-09-07,Delivered,Credit Card
8905,4929,2025-04-01,Delivered,PayPal
8906,544,2024-04-16,Delivered,PayPal
8907,4851,2025-02-20,Delivered,PayPal
8908,546,2024-12-13,Delivered,Debit Card
8909,3729,2025-04-01,Delivered,Debit Card
8910,920,2024-03-02,Delivered,Wallet
8911,4123,2025-02-15,Delivered,Debit Card
8912,1746,2025-05-09,Delivered,PayPal
8913,4370,2025-06-06,Delivered,Credit Card
8914,2710,2025-07-15,Delivered,Debit Card
8915,2642,2025-04-02,Delivered,Wallet
8916,2204,2025-05-27,Delivered,Credit Card
8917,1144,2024-03-06,Delivered,Credit Card
8918,2577,2025-08-05,Delivered,PayPal
8919,3306,2024-09-24,Delivered,PayPal
8920,701,2025-02-03,Delivered,PayPal
8921,708,2025-02-03,Delivered,Wallet
8922,2137,2025-12-13,Delivered,Credit Card
8923,4162,2024-08-25,Delivered,Debit Card
8924,1766,2024-10-07,Delivered,Debit Card
8925,2061,2025-07-09,Delivered,Credit Card
8926,4796,2025-04-08,Delivered,Credit Card
8927,1333,2024-08-20,Delivered,Debit Card
8928,1833,2024-09-08,Delivered,Debit Card
8929,4218,2025-08-27,Delivered,Debit Card
8930,2592,2025-09-02,Delivered,Debit Card
8931,556,2024-04-17,Delivered,Debit Card
8932,1075,2024-10-18,Delivered,Credit Card
8933,4875,2025-07-15,Delivered,Credit Card
8934,4054,2024-03-27,Delivered,Debit Card
8935,4753,2024-05-13,Delivered,Debit Card
8936,2401,2024-04-25,Delivered,PayPal
8937,3044,2025-01-20,Delivered,Credit Card
8938,688,2024-11-25,Delivered,PayPal
8939,3561,2024-08-21,Delivered,Wallet
8940,2848,2024-04-09,Delivered,Credit Card
8941,186,2025-04-10,Delivered,Debit Card
8942,4236,2025-08-12,Delivered,Wallet
8943,2186,2024-06-04,Delivered,Credit Card
8944,4967,2025-05-01,Delivered,PayPal
8945,4424,2025-08-03,Delivered,Debit Card
8946,2103,2025-02-10,Delivered,Credit Card
8947,58,2025-02-22,Delivered,PayPal
8948,733,2024-05-01,Delivered,Credit Card
8949,1454,2025-11-29,Delivered,Credit Card
8950,1488,2025-11-29,Delivered,Credit Card
8951,1770,2025-06-03,Delivered,PayPal
8952,4776,2025-10-20,Delivered,Credit Card
8953,3376,2025-03-19,Delivered,Debit Card
8954,956,2025-04-27,Delivered,Credit Card
8955,3525,2025-08-28,Delivered,Debit Card
8956,284,2024-01-28,Delivered,Debit Card
8957,326,2024-06-09,Cancelled,Credit Card
8958,3223,2024-05-28,Delivered,Credit Card
8959,1088,2025-04-06,Delivered,Credit Card
8960,2187,2024-06-25,Delivered,Credit Card
8961,4128,2024-10-11,Delivered,Credit Card
8962,1944,2024-12-26,Delivered,Debit Card
8963,960,2025-06-26,Delivered,Credit Card
8964,4997,2025-01-12,Delivered,Credit Card
8965,1433,2024-01-18,Delivered,Debit Card
8966,3295,2025-05-16,Delivered,Wallet
8967,812,2024-11-08,Delivered,Debit Card
8968,811,2024-03-23,Delivered,Wallet
8969,3772,2025-04-20,Delivered,Debit Card
8970,4490,2024-07-16,Delivered,PayPal
8971,136,2024-12-02,Delivered,Credit Card
8972,4876,2025-12-07,Delivered,Debit Card
8973,1510,2024-06-22,Delivered,Credit Card
8974,4931,2025-10-08,Delivered,PayPal
8975,2662,2024-12-04,Delivered,PayPal
8976,3829,2025-11-11,Delivered,Debit Card
8977,31,2025-09-12,Delivered,Credit Card
8978,789,2025-08-30,Delivered,Debit Card
8979,4770,2024-05-30,Delivered,PayPal
8980,825,2025-07-31,Delivered,Credit Card
8981,4347,2024-09-25,Delivered,Credit Card
8982,592,2025-10-26,Delivered,Debit Card
8983,3237,2025-12-23,Delivered,Credit Card
8984,1860,2025-03-22,Delivered,Credit Card
8985,2196,2025-10-28,Delivered,PayPal
8986,3555,2025-01-24,Cancelled,Wallet
8987,777,2024-01-25,Cancelled,Credit Card
8988,1722,2025-09-30,Delivered,Wallet
8989,2769,2025-01-22,Delivered,PayPal
8990,1801,2024-02-02,Delivered,Debit Card
8991,1197,2024-02-17,Delivered,PayPal
8992,221,2025-06-11,Delivered,Wallet
8993,3191,2025-11-05,Cancelled,PayPal
8994,311,2025-05-24,Cancelled,Credit Card
8995,728,2024-11-18,Delivered,Credit Card
8996,1188,2024-08-12,Cancelled,Credit Card
8997,3586,2024-11-01,Delivered,Credit Card
8998,611,2024-08-23,Delivered,Credit Card
8999,1615,2024-07-18,Delivered,Debit Card
9000,370,2024-04-03,Delivered,Credit Card
9001,2510,2025-02-19,Delivered,Credit Card
9002,904,2024-06-08,Delivered,PayPal
9003,810,2024-04-15,Delivered,Credit Card
9004,1602,2024-07-20,Delivered,Debit Card
9005,1282,2025-08-06,Delivered,Debit Card
9006,245,2025-02-22,Delivered,Wallet
9007,2252,2024-12-24,Delivered,Credit Card
9008,2515,2025-03-08,Delivered,Credit Card
9009,2291,2025-02-17,Delivered,Debit Card
9010,2211,2024-12-29,Delivered,Debit Card
9011,4999,2025-09-05,Delivered,PayPal
9012,1375,2025-06-17,Delivered,Credit Card
9013,1678,2024-05-15,Delivered,Credit Card
9014,2554,2025-08-19,Delivered,Credit Card
9015,422,2024-05-07,Delivered,PayPal
9016,4944,2024-02-26,Delivered,Credit Card
9017,2622,2024-11-03,Delivered,Credit Card
9018,3483,2024-10-13,Delivered,Debit Card
9019,1610,2025-07-27,Delivered,Credit Card
9020,3459,2025-05-22,Delivered,Credit Card
9021,4389,2024-02-12,Delivered,Credit Card
9022,2894,2024-12-30,Delivered,PayPal
9023,1052,2025-08-03,Delivered,Debit Card
9024,3421,2025-06-19,Delivered,Debit Card
9025,4279,2024-12-31,Delivered,Debit Card
9026,3468,2025-03-25,Delivered,Wallet
9027,3318,2025-02-14,Delivered,Credit Card
9028,2319,2024-06-17,Delivered,Credit Card
9029,940,2025-02-16,Delivered,PayPal
9030,3595,2025-05-07,Delivered,Debit Card
9031,2027,2024-02-11,Delivered,Wallet
9032,1154,2025-05-22,Delivered,Debit Card
9033,2463,2024-07-01,Delivered,PayPal
9034,112,2024-01-06,Delivered,Debit Card
9035,2609,2025-07-05,Delivered,Credit Card
9036,2736,2024-10-11,Delivered,Wallet
9037,1986,2024-10-27,Delivered,Debit Card
9038,3518,2025-03-31,Delivered,Credit Card
9039,2924,2025-02-13,Delivered,Credit Card
9040,1830,2025-03-29,Delivered,Credit Card
9041,3584,2025-11-20,Delivered,Credit Card
9042,584,2025-04-20,Delivered,Credit Card
9043,2531,2024-02-03,Cancelled,Credit Card
9044,702,2024-06-11,Delivered,PayPal
9045,3013,2024-11-24,Delivered,Debit Card
9046,89,2024-12-10,Delivered,Credit Card
9047,4298,2024-09-20,Delivered,Credit Card
9048,157,2024-05-14,Delivered,PayPal
9049,2489,2024-03-18,Delivered,Debit Card
9050,3332,2024-04-15,Cancelled,Credit Card
9051,2082,2025-11-25,Delivered,Wallet
9052,1077,2024-10-15,Cancelled,Credit Card
9053,1239,2025-12-02,Delivered,Credit Card
9054,4214,2024-09-01,Delivered,Credit Card
9055,657,2024-08-15,Cancelled,Wallet
9056,3555,2024-12-23,Delivered,PayPal
9057,1462,2025-11-22,Delivered,Debit Card
9058,61,2025-02-15,Delivered,Debit Card
9059,2031,2024-01-26,Delivered,Credit Card
9060,474,2024-07-17,Delivered,Credit Card
9061,3822,2025-12-17,Delivered,Credit Card
9062,3846,2024-04-22,Delivered,PayPal
9063,1088,2025-09-02,Delivered,Debit Card
9064,3867,2025-11-08,Delivered,Credit Card
9065,3511,2024-06-05,Cancelled,Wallet
9066,3382,2025-02-12,Delivered,Credit Card
9067,396,2025-03-13,Delivered,Credit Card
9068,640,2025-08-02,Cancelled,Credit Card
9069,792,2025-08-05,Delivered,Wallet
9070,4091,2024-02-13,Delivered,Credit Card
9071,1632,2024-08-21,Delivered,Credit Card
9072,2649,2025-11-17,Delivered,Credit Card
9073,2350,2024-09-15,Delivered,Wallet
9074,5000,2024-06-28,Delivered,Credit Card
9075,905,2025-04-04,Cancelled,Debit Card
9076,3891,2024-05-22,Delivered,PayPal
9077,561,2024-04-17,Delivered,Debit Card
9078,4890,2025-08-05,Delivered,Credit Card
9079,2830,2024-03-27,Delivered,Credit Card
9080,1319,2025-10-12,Delivered,Credit Card
9081,2060,2024-07-01,Delivered,PayPal
9082,3642,2024-03-18,Delivered,PayPal
9083,2080,2025-06-25,Delivered,Credit Card
9084,339,2024-05-08,Cancelled,Credit Card
9085,1540,2024-09-24,Delivered,Credit Card
9086,4578,2024-09-13,Delivered,Debit Card
9087,1857,2025-01-05,Delivered,Credit Card
9088,2454,2024-12-11,Delivered,Wallet
9089,921,2024-05-22,Cancelled,Credit Card
9090,135,2024-06-20,Delivered,Credit Card
9091,1353,2024-05-21,Delivered,Debit Card
9092,4341,2024-02-10,Delivered,Wallet
9093,2712,2025-04-19,Delivered,Credit Card
9094,1886,2024-12-09,Delivered,PayPal
9095,2612,2024-03-20,Delivered,Credit Card
9096,4063,2024-08-29,Delivered,Debit Card
9097,4530,2025-05-02,Delivered,Debit Card
9098,1589,2024-07-27,Delivered,PayPal
9099,4163,2024-10-19,Delivered,Debit Card
9100,4008,2025-06-26,Delivered,Credit Card
9101,36,2025-05-05,Delivered,PayPal
9102,4471,2025-05-26,Delivered,Credit Card
9103,1149,2024-10-05,Delivered,Credit Card
9104,3830,2024-12-19,Delivered,Credit Card
9105,4439,2025-09-09,Delivered,Debit Card
9106,2868,2025-09-28,Delivered,PayPal
9107,1574,2024-02-10,Delivered,Debit Card
9108,4277,2025-09-03,Delivered,Debit Card
9109,2389,2025-10-14,Delivered,Credit Card
9110,3841,2025-11-19,Delivered,Wallet
9111,3375,2024-07-15,Delivered,Credit Card
9112,1605,2024-12-31,Delivered,Credit Card
9113,2717,2024-02-01,Delivered,PayPal
9114,1005,2024-03-21,Delivered,PayPal
9115,25,2025-02-14,Delivered,Credit Card
9116,3448,2024-05-30,Delivered,Debit Card
9117,1033,2024-06-12,Delivered,PayPal
9118,2598,2024-08-04,Delivered,Credit Card
9119,503,2024-12-01,Delivered,Wallet
9120,3274,2024-04-21,Delivered,Credit Card
9121,839,2025-08-08,Delivered,Debit Card
9122,1244,2025-05-02,Delivered,Credit Card
9123,737,2025-07-31,Delivered,Credit Card
9124,4586,2025-11-07,Delivered,Credit Card
9125,3114,2025-03-14,Delivered,Credit Card
9126,3329,2024-09-21,Delivered,Wallet
9127,2033,2025-12-14,Delivered,Debit Card
9128,4293,2025-02-16,Delivered,Credit Card
9129,333,2024-12-04,Delivered,Debit Card
9130,2069,2024-10-30,Delivered,Credit Card
9131,412,2024-01-29,Delivered,Debit Card
9132,3486,2025-11-28,Delivered,Debit Card
9133,4752,2025-08-21,Delivered,Credit Card
9134,3832,2025-05-25,Delivered,Debit Card
9135,774,2024-06-10,Delivered,Credit Card
9136,3941,2025-11-08,Cancelled,PayPal
9137,1270,2024-05-08,Delivered,Debit Card
9138,1744,2024-06-25,Cancelled,Credit Card
9139,2872,2024-02-21,Delivered,Credit Card
9140,2267,2024-07-29,Delivered,Credit Card
9141,936,2024-08-27,Delivered,Wallet
9142,2650,2025-08-03,Delivered,PayPal
9143,988,2024-08-26,Delivered,Wallet
9144,3591,2025-11-28,Delivered,PayPal
9145,363,2024-08-09,Delivered,Wallet
9146,4051,2025-01-17,Delivered,Credit Card
9147,4905,2025-03-09,Cancelled,Debit Card
9148,3733,2025-08-28,Delivered,Credit Card
9149,3031,2025-07-02,Delivered,PayPal
9150,2206,2025-09-25,Delivered,Wallet
9151,2649,2025-11-15,Delivered,PayPal
9152,2561,2024-03-26,Delivered,PayPal
9153,4444,2024-03-09,Delivered,PayPal
9154,638,2024-11-23,Delivered,Credit Card
9155,2973,2024-04-19,Delivered,Debit Card
9156,2750,2024-12-26,Delivered,PayPal
9157,1316,2025-03-06,Delivered,Debit Card
9158,2065,2024-07-20,Delivered,Debit Card
9159,2362,2024-03-12,Delivered,Credit Card
9160,174,2025-12-05,Delivered,Credit Card
9161,2388,2024-09-27,Delivered,Wallet
9162,854,2025-09-04,Cancelled,PayPal
9163,1991,2025-03-31,Delivered,Debit Card
9164,1392,2025-04-28,Delivered,Credit Card
9165,3769,2025-07-23,Delivered,Credit Card
9166,4802,2024-07-12,Delivered,Credit Card
9167,549,2024-06-07,Delivered,Credit Card
9168,1285,2025-12-28,Delivered,Credit Card
9169,797,2025-05-02,Delivered,Credit Card
9170,2418,2024-08-01,Delivered,Credit Card
9171,1861,2025-04-16,Delivered,Credit Card
9172,2276,2024-10-14,Delivered,PayPal
9173,356,2025-09-19,Delivered,Debit Card
9174,4355,2025-01-06,Delivered,Debit Card
9175,4937,2024-08-17,Delivered,Wallet
9176,4559,2025-05-18,Cancelled,Debit Card
9177,2479,2025-07-01,Delivered,PayPal
9178,3334,2024-09-29,Delivered,Credit Card
9179,251,2025-07-02,Cancelled,Credit Card
9180,3054,2024-06-19,Delivered,Credit Card
9181,3040,2024-06-23,Delivered,Wallet
9182,3674,2025-08-26,Delivered,Wallet
9183,3906,2025-03-29,Delivered,Credit Card
9184,1,2024-01-26,Delivered,PayPal
9185,2039,2025-05-07,Delivered,Credit Card
9186,2427,2024-08-11,Delivered,Debit Card
9187,2403,2024-07-19,Delivered,Credit Card
9188,2746,2024-11-05,Delivered,Debit Card
9189,3504,2024-11-25,Delivered,Credit Card
9190,2936,2025-10-13,Delivered,Debit Card
9191,1170,2024-11-14,Delivered,Credit Card
9192,3321,2024-08-04,Delivered,Debit Card
9193,2989,2025-07-18,Delivered,Credit Card
9194,1000,2025-01-31,Delivered,Debit Card
9195,3155,2024-01-01,Delivered,Credit Card
9196,2607,2025-04-06,Delivered,Credit Card
9197,4024,2024-12-31,Delivered,Debit Card
9198,1960,2025-02-23,Delivered,Credit Card
9199,4456,2024-05-14,Delivered,Credit Card
9200,2683,2024-12-15,Delivered,Credit Card
9201,4705,2025-04-17,Delivered,Debit Card
9202,509,2025-05-09,Delivered,Debit Card
9203,632,2025-05-11,Delivered,Credit Card
9204,1092,2025-12-29,Delivered,Credit Card
9205,4082,2024-12-31,Delivered,Debit Card
9206,2534,2024-11-09,Delivered,PayPal
9207,3378,2025-01-30,Delivered,Credit Card
9208,98,2024-08-28,Delivered,Credit Card
9209,1854,2024-08-17,Cancelled,PayPal
9210,1767,2025-05-18,Delivered,Credit Card
9211,4615,2024-08-16,Delivered,Credit Card
9212,524,2025-06-30,Delivered,Credit Card
9213,4301,2025-06-27,Delivered,Wallet
9214,1842,2025-11-26,Delivered,Debit Card
9215,3872,2024-04-06,Delivered,Credit Card
9216,1455,2024-09-22,Delivered,Credit Card
9217,288,2025-07-17,Delivered,Credit Card
9218,3398,2024-11-09,Delivered,Credit Card
9219,886,2025-04-23,Delivered,Wallet
9220,740,2025-06-20,Delivered,Credit Card
9221,4592,2025-10-07,Delivered,Debit Card
9222,1134,2024-06-14,Delivered,PayPal
9223,4912,2024-07-08,Delivered,Credit Card
9224,1742,2024-12-09,Delivered,Credit Card
9225,1387,2025-01-04,Delivered,Credit Card
9226,2272,2025-10-22,Delivered,Debit Card
9227,1387,2024-01-29,Cancelled,Credit Card
9228,4638,2024-06-28,Cancelled,Debit Card
9229,3052,2025-10-28,Delivered,Credit Card
9230,3716,2025-03-24,Delivered,Credit Card
9231,381,2025-05-08,Delivered,Credit Card
9232,1196,2024-07-01,Delivered,Credit Card
9233,2977,2025-03-30,Delivered,PayPal
9234,2434,2024-09-26,Delivered,Wallet
9235,4844,2025-06-18,Delivered,Wallet
9236,3615,2024-03-07,Delivered,Debit Card
9237,1485,2024-07-26,Delivered,Credit Card
9238,2270,2025-04-15,Delivered,Debit Card
9239,3714,2025-03-16,Delivered,Credit Card
9240,2049,2025-09-05,Delivered,Wallet
9241,2625,2025-08-07,Delivered,Debit Card
9242,3997,2024-01-11,Delivered,Credit Card
9243,1437,2024-03-06,Delivered,PayPal
9244,499,2024-09-15,Delivered,Credit Card
9245,2063,2025-11-30,Delivered,PayPal
9246,1097,2024-12-14,Delivered,Credit Card
9247,2756,2025-10-13,Delivered,PayPal
9248,4266,2024-02-13,Delivered,Wallet
9249,3808,2025-12-04,Cancelled,Credit Card
9250,3647,2024-02-14,Delivered,Debit Card
9251,2704,2025-08-13,Delivered,Credit Card
9252,4441,2025-10-02,Delivered,PayPal
9253,4626,2024-08-02,Delivered,Debit Card
9254,3790,2024-08-07,Delivered,Wallet
9255,585,2025-02-28,Cancelled,PayPal
9256,1489,2025-06-11,Delivered,Credit Card
9257,4789,2024-03-28,Delivered,Credit Card
9258,364,2024-06-21,Delivered,Debit Card
9259,2754,2025-07-04,Delivered,Credit Card
9260,3196,2025-08-12,Delivered,Credit Card
9261,1960,2024-04-22,Delivered,Debit Card
9262,3519,2025-10-11,Delivered,Debit Card
9263,381,2025-09-24,Delivered,Debit Card
9264,1096,2025-09-25,Delivered,Credit Card
9265,1482,2024-06-24,Delivered,Credit Card
9266,855,2025-05-03,Delivered,Credit Card
9267,2190,2024-04-27,Delivered,PayPal
9268,2343,2024-05-23,Delivered,Debit Card
9269,4686,2024-02-21,Delivered,Debit Card
9270,2428,2024-12-25,Delivered,Wallet
9271,3783,2025-06-03,Delivered,Wallet
9272,441,2024-05-25,Delivered,Credit Card
9273,296,2024-05-15,Delivered,PayPal
9274,1975,2024-07-21,Cancelled,Credit Card
9275,1640,2024-05-24,Delivered,PayPal
9276,4617,2025-08-31,Delivered,Credit Card
9277,2458,2024-05-03,Delivered,Credit Card
9278,2437,2024-07-22,Delivered,Wallet
9279,4251,2024-08-11,Delivered,Debit Card
9280,4328,2024-05-27,Delivered,Credit Card
9281,3883,2025-11-18,Delivered,PayPal
9282,2190,2024-06-02,Delivered,Credit Card
9283,1081,2024-12-21,Delivered,Credit Card
9284,178,2025-02-17,Delivered,Credit Card
9285,253,2024-07-09,Delivered,Debit Card
9286,4078,2024-12-10,Delivered,Debit Card
9287,662,2024-05-04,Delivered,Debit Card
9288,2075,2024-12-18,Cancelled,Debit Card
9289,2517,2024-01-14,Delivered,Debit Card
9290,2780,2024-11-16,Delivered,Credit Card
9291,450,2024-09-23,Delivered,Credit Card
9292,2618,2024-09-12,Delivered,Credit Card
9293,1249,2024-03-21,Delivered,PayPal
9294,1704,2025-12-30,Delivered,PayPal
9295,4107,2024-01-20,Delivered,Credit Card
9296,2302,2024-04-16,Delivered,Credit Card
9297,2010,2024-03-16,Delivered,Debit Card
9298,81,2025-12-14,Delivered,Credit Card
9299,4981,2024-08-20,Delivered,Debit Card
9300,2969,2024-11-10,Delivered,Debit Card
9301,3780,2025-07-02,Delivered,Credit Card
9302,2169,2024-02-06,Cancelled,Credit Card
9303,1325,2024-02-18,Delivered,Wallet
9304,1367,2024-05-13,Delivered,Credit Card
9305,38,2025-05-10,Delivered,Credit Card
9306,4444,2025-12-15,Delivered,Credit Card
9307,2637,2025-03-28,Delivered,PayPal
9308,1763,2025-09-28,Delivered,PayPal
9309,3530,2025-10-05,Delivered,Debit Card
9310,648,2024-07-20,Delivered,Debit Card
9311,2349,2024-05-14,Delivered,Debit Card
9312,2184,2024-04-26,Delivered,Credit Card
9313,4533,2025-08-02,Delivered,Credit Card
9314,3990,2025-05-03,Delivered,Credit Card
9315,3840,2025-09-23,Delivered,Debit Card
9316,1300,2025-01-05,Delivered,Debit Card
9317,2602,2025-12-13,Delivered,Wallet
9318,4903,2025-10-14,Delivered,Debit Card
9319,95,2025-08-13,Delivered,Debit Card
9320,3258,2025-08-09,Delivered,Wallet
9321,1692,2024-03-31,Delivered,Credit Card
9322,3709,2025-06-27,Delivered,Debit Card
9323,2473,2025-11-22,Delivered,PayPal
9324,3503,2024-08-01,Delivered,Debit Card
9325,1252,2025-08-17,Delivered,PayPal
9326,4412,2024-09-12,Delivered,Debit Card
9327,4189,2024-06-03,Delivered,Wallet
9328,3188,2025-06-17,Delivered,Credit Card
9329,2123,2024-04-30,Delivered,PayPal
9330,760,2024-12-17,Delivered,Credit Card
9331,1020,2025-11-14,Delivered,Credit Card
9332,1995,2024-04-24,Delivered,Credit Card
9333,3896,2024-04-23,Delivered,Debit Card
9334,4734,2025-11-19,Cancelled,Credit Card
9335,3042,2025-07-21,Delivered,Credit Card
9336,4692,2024-12-02,Delivered,Debit Card
9337,986,2024-10-22,Delivered,Debit Card
9338,3715,2025-12-04,Delivered,Credit Card
9339,2664,2025-06-12,Delivered,Debit Card
9340,703,2025-10-25,Delivered,PayPal
9341,3473,2024-03-08,Delivered,PayPal
9342,4518,2025-01-22,Delivered,Debit Card
9343,2243,2025-06-13,Delivered,PayPal
9344,1278,2024-01-27,Delivered,PayPal
9345,1512,2025-01-08,Delivered,Credit Card
9346,3006,2024-02-10,Delivered,Credit Card
9347,3449,2025-10-19,Delivered,Credit Card
9348,1085,2025-05-12,Cancelled,Debit Card
9349,3437,2024-05-17,Delivered,Wallet
9350,3736,2025-01-15,Delivered,Credit Card
9351,85,2024-03-20,Delivered,Debit Card
9352,1920,2025-08-09,Delivered,Credit Card
9353,1171,2024-05-23,Delivered,Debit Card
9354,3966,2025-03-19,Delivered,PayPal
9355,3232,2024-02-27,Cancelled,PayPal
9356,2668,2024-04-25,Delivered,Wallet
9357,1121,2025-12-16,Cancelled,Debit Card
9358,2408,2024-10-08,Delivered,Debit Card
9359,4814,2024-03-30,Delivered,PayPal
9360,4974,2025-05-25,Delivered,Debit Card
9361,814,2024-05-26,Delivered,Wallet
9362,2423,2025-03-06,Delivered,Credit Card
9363,3742,2025-08-14,Delivered,Credit Card
9364,1489,2025-05-13,Delivered,Credit Card
9365,4992,2024-06-29,Delivered,PayPal
9366,2333,2024-06-21,Delivered,Credit Card
9367,1733,2024-06-11,Delivered,PayPal
9368,4709,2025-04-06,Delivered,Debit Card
9369,3016,2025-05-05,Delivered,Debit Card
9370,312,2025-01-15,Delivered,PayPal
9371,529,2024-10-18,Delivered,Credit Card
9372,4902,2024-02-15,Delivered,Credit Card
9373,3110,2025-09-01,Delivered,Debit Card
9374,4350,2025-04-26,Delivered,Wallet
9375,4938,2025-04-10,Delivered,Credit Card
9376,3723,2024-03-16,Delivered,Credit Card
9377,4865,2024-07-29,Delivered,PayPal
9378,4773,2024-08-09,Delivered,Credit Card
9379,2059,2025-03-12,Delivered,Credit Card
9380,3194,2025-07-28,Cancelled,PayPal
9381,4104,2025-09-24,Delivered,PayPal
9382,4738,2025-01-16,Delivered,Credit Card
9383,4133,2024-09-23,Delivered,Wallet
9384,4037,2024-10-24,Delivered,Debit Card
9385,1637,2025-06-21,Cancelled,Credit Card
9386,2144,2024-08-20,Delivered,Debit Card
9387,4114,2024-10-30,Delivered,PayPal
9388,634,2025-07-27,Delivered,Debit Card
9389,813,2025-01-31,Delivered,Debit Card
9390,3940,2024-12-07,Delivered,Credit Card
9391,4895,2025-06-19,Delivered,Credit Card
9392,2092,2024-07-29,Cancelled,Debit Card
9393,4321,2024-02-14,Delivered,Credit Card
9394,1777,2025-07-29,Delivered,PayPal
9395,2553,2024-11-28,Delivered,Credit Card
9396,4870,2024-08-25,Delivered,Credit Card
9397,1927,2024-03-10,Delivered,Credit Card
9398,4421,2025-11-07,Delivered,PayPal
9399,4730,2025-06-13,Delivered,Debit Card
9400,3692,2024-07-19,Delivered,Credit Card
9401,356,2025-03-19,Delivered,Debit Card
9402,4804,2024-12-04,Delivered,Debit Card
9403,2492,2024-08-26,Delivered,PayPal
9404,1449,2024-08-15,Delivered,Credit Card
9405,2435,2024-02-25,Delivered,Credit Card
9406,2203,2025-12-12,Delivered,PayPal
9407,1907,2025-11-06,Delivered,Debit Card
9408,3388,2025-09-27,Delivered,Debit Card
9409,564,2024-08-17,Delivered,Credit Card
9410,3166,2025-12-28,Delivered,PayPal
9411,1257,2024-07-20,Delivered,Wallet
9412,3959,2025-08-24,Delivered,Credit Card
9413,4916,2024-03-14,Delivered,Credit Card
9414,2364,2024-08-14,Delivered,Credit Card
9415,4040,2025-02-25,Delivered,Credit Card
9416,1603,2025-12-07,Delivered,Debit Card
9417,4192,2024-07-12,Delivered,Credit Card
9418,2668,2024-11-11,Cancelled,Debit Card
9419,2548,2025-09-07,Delivered,Credit Card
9420,509,2024-12-10,Delivered,Credit Card
9421,3310,2025-05-13,Delivered,Wallet
9422,3956,2024-11-01,Delivered,Credit Card
9423,2526,2024-01-03,Delivered,Wallet
9424,798,2024-07-25,Delivered,Debit Card
9425,3387,2025-02-16,Delivered,Credit Card
9426,3128,2024-01-15,Delivered,Debit Card
9427,4318,2024-06-18,Delivered,Wallet
9428,4776,2025-11-26,Delivered,PayPal
9429,1213,2024-01-12,Delivered,Credit Card
9430,1462,2024-06-29,Delivered,Credit Card
9431,4755,2025-03-28,Delivered,Debit Card
9432,592,2025-02-15,Delivered,Credit Card
9433,4569,2024-05-29,Delivered,Credit Card
9434,772,2024-02-13,Delivered,Wallet
9435,2097,2025-10-18,Delivered,Debit Card
9436,692,2025-02-06,Delivered,PayPal
9437,4885,2025-02-22,Delivered,Debit Card
9438,2503,2024-02-12,Delivered,Credit Card
9439,4413,2024-06-01,Delivered,Credit Card
9440,157,2024-02-23,Delivered,PayPal
9441,201,2025-12-15,Delivered,Credit Card
9442,2662,2025-07-15,Delivered,Debit Card
9443,211,2025-02-02,Delivered,Credit Card
9444,2720,2025-05-12,Delivered,Credit Card
9445,3537,2024-04-30,Delivered,Credit Card
9446,2443,2025-12-22,Delivered,Credit Card
9447,3919,2025-01-12,Delivered,PayPal
9448,510,2025-01-12,Delivered,Debit Card
9449,1244,2025-12-01,Delivered,PayPal
9450,801,2024-03-11,Delivered,PayPal
9451,2494,2024-11-05,Delivered,Debit Card
9452,1982,2024-03-05,Delivered,Credit Card
9453,2697,2024-11-06,Delivered,Debit Card
9454,766,2024-07-14,Delivered,Credit Card
9455,2228,2024-12-02,Delivered,PayPal
9456,3827,2025-05-27,Delivered,PayPal
9457,346,2024-07-23,Delivered,Debit Card
9458,3936,2024-02-07,Delivered,Credit Card
9459,1095,2024-04-28,Delivered,Credit Card
9460,4343,2025-06-06,Delivered,Credit Card
9461,4073,2025-02-26,Delivered,Credit Card
9462,2236,2025-12-15,Delivered,Wallet
9463,366,2025-10-14,Cancelled,Credit Card
9464,1926,2024-04-27,Delivered,Wallet
9465,3111,2025-06-21,Delivered,Debit Card
9466,1698,2024-03-06,Delivered,Credit Card
9467,3171,2024-03-11,Delivered,Credit Card
9468,4116,2025-08-02,Delivered,Credit Card
9469,4783,2024-10-19,Delivered,Debit Card
9470,1990,2025-12-29,Delivered,Debit Card
9471,4938,2024-01-04,Delivered,Credit Card
9472,1244,2025-01-01,Delivered,Credit Card
9473,4726,2024-08-12,Delivered,Credit Card
9474,714,2025-12-20,Delivered,Credit Card
9475,2707,2025-05-03,Delivered,Debit Card
9476,3365,2025-07-17,Delivered,Debit Card
9477,209,2024-07-30,Delivered,Credit Card
9478,2219,2025-10-14,Delivered,PayPal
9479,1387,2025-09-05,Delivered,Credit Card
9480,4079,2025-07-26,Delivered,PayPal
9481,2378,2024-12-14,Delivered,Debit Card
9482,520,2025-11-04,Delivered,Debit Card
9483,196,2025-05-03,Delivered,Credit Card
9484,119,2024-02-17,Delivered,PayPal
9485,186,2025-10-07,Delivered,PayPal
9486,2425,2024-01-16,Delivered,Credit Card
9487,1621,2025-05-13,Delivered,Credit Card
9488,1043,2024-07-01,Delivered,PayPal
9489,1937,2025-10-17,Delivered,Credit Card
9490,2187,2025-06-16,Delivered,Debit Card
9491,2905,2025-08-12,Cancelled,Credit Card
9492,2490,2025-05-25,Delivered,Credit Card
9493,4665,2025-02-17,Delivered,PayPal
9494,1871,2025-09-22,Delivered,Credit Card
9495,1956,2024-08-04,Delivered,Credit Card
9496,2061,2025-01-20,Delivered,Credit Card
9497,241,2024-08-05,Delivered,PayPal
9498,3747,2024-03-23,Delivered,Credit Card
9499,2701,2025-09-30,Delivered,Debit Card
9500,1994,2024-12-28,Delivered,Debit Card
9501,1790,2024-02-09,Cancelled,Credit Card
9502,2594,2025-08-25,Delivered,Credit Card
9503,4506,2025-11-18,Delivered,Credit Card
9504,1992,2025-04-28,Delivered,Credit Card
9505,2158,2024-08-26,Delivered,Wallet
9506,669,2025-09-19,Delivered,PayPal
9507,1609,2025-06-23,Delivered,PayPal
9508,3747,2024-07-26,Delivered,PayPal
9509,3620,2024-08-28,Delivered,Credit Card
9510,4028,2025-12-22,Cancelled,PayPal
9511,2467,2025-11-26,Delivered,Debit Card
9512,4501,2025-05-08,Delivered,PayPal
9513,2776,2024-01-27,Delivered,Wallet
9514,654,2024-06-16,Delivered,Credit Card
9515,761,2024-09-14,Delivered,Debit Card
9516,2482,2025-01-26,Delivered,Credit Card
9517,1876,2025-09-25,Delivered,PayPal
9518,537,2025-09-11,Delivered,Credit Card
9519,233,2024-07-19,Delivered,Credit Card
9520,3093,2024-03-20,Delivered,PayPal
9521,3775,2024-07-20,Delivered,Credit Card
9522,1101,2024-06-20,Delivered,Debit Card
9523,1228,2025-10-18,Delivered,Debit Card
9524,2674,2024-01-11,Delivered,Debit Card
9525,603,2025-08-29,Delivered,Credit Card
9526,4189,2025-04-24,Delivered,Credit Card
9527,2948,2024-03-18,Delivered,Credit Card
9528,1808,2025-05-15,Cancelled,Debit Card
9529,2898,2025-02-27,Delivered,Wallet
9530,815,2024-01-03,Delivered,PayPal
9531,1579,2024-06-12,Delivered,Debit Card
9532,2660,2024-09-11,Delivered,Credit Card
9533,4812,2024-06-06,Delivered,Wallet
9534,4220,2025-02-26,Delivered,Credit Card
9535,3178,2025-03-25,Delivered,Wallet
9536,1677,2024-05-03,Cancelled,Wallet
9537,4632,2024-03-31,Delivered,Wallet
9538,644,2025-04-23,Delivered,Credit Card
9539,1503,2024-12-08,Delivered,Credit Card
9540,2150,2024-07-12,Delivered,Debit Card
9541,2760,2024-07-05,Delivered,Credit Card
9542,3371,2024-01-29,Delivered,Credit Card
9543,2068,2025-09-15,Delivered,Debit Card
9544,4714,2025-09-06,Cancelled,Debit Card
9545,2067,2025-02-08,Cancelled,Credit Card
9546,3148,2024-09-12,Delivered,Credit Card
9547,239,2024-06-06,Delivered,Debit Card
9548,786,2024-08-12,Delivered,Credit Card
9549,1099,2025-11-07,Delivered,Debit Card
9550,6,2024-03-05,Delivered,PayPal
9551,4347,2025-08-23,Cancelled,PayPal
9552,3125,2024-08-10,Delivered,PayPal
9553,4250,2024-07-12,Delivered,Debit Card
9554,1664,2025-08-14,Delivered,PayPal
9555,526,2025-12-02,Delivered,Debit Card
9556,1640,2025-12-24,Delivered,PayPal
9557,91,2024-07-14,Delivered,Credit Card
9558,1518,2025-03-07,Delivered,Debit Card
9559,511,2024-08-01,Delivered,Credit Card
9560,1071,2024-05-21,Delivered,Credit Card
9561,3195,2024-10-08,Delivered,Debit Card
9562,4812,2024-02-15,Delivered,Credit Card
9563,1200,2024-04-30,Delivered,Credit Card
9564,4913,2025-03-10,Delivered,PayPal
9565,3814,2025-05-16,Delivered,Debit Card
9566,602,2024-07-16,Delivered,PayPal
9567,30,2025-02-10,Delivered,PayPal
9568,565,2025-07-12,Delivered,Debit Card
9569,3579,2025-10-14,Delivered,Wallet
9570,3355,2025-02-18,Delivered,Credit Card
9571,4432,2024-06-24,Delivered,Credit Card
9572,2627,2025-06-04,Delivered,Credit Card
9573,225,2024-05-04,Delivered,PayPal
9574,5000,2024-04-11,Delivered,Credit Card
9575,4337,2024-09-18,Cancelled,Debit Card
9576,3583,2024-08-28,Delivered,Debit Card
9577,4590,2024-04-16,Delivered,PayPal
9578,1397,2024-02-08,Delivered,PayPal
9579,2680,2025-11-21,Delivered,Credit Card
9580,2662,2025-05-09,Delivered,Credit Card
9581,1423,2025-06-07,Delivered,Debit Card
9582,4981,2024-02-18,Delivered,PayPal
9583,2815,2025-08-04,Delivered,Credit Card
9584,4596,2024-09-23,Delivered,PayPal
9585,1553,2025-06-30,Delivered,Credit Card
9586,2478,2024-12-23,Delivered,Credit Card
9587,4667,2024-06-26,Delivered,Credit Card
9588,897,2024-07-10,Delivered,PayPal
9589,2719,2024-04-12,Delivered,PayPal
9590,3982,2025-08-28,Delivered,Debit Card
9591,3994,2024-11-09,Delivered,Debit Card
9592,3758,2025-07-23,Delivered,Credit Card
9593,3050,2025-08-28,Delivered,Credit Card
9594,34,2024-05-01,Delivered,PayPal
9595,1443,2024-08-29,Delivered,Credit Card
9596,3976,2024-03-31,Delivered,Wallet
9597,2501,2024-01-07,Delivered,PayPal
9598,1795,2025-12-21,Cancelled,PayPal
9599,4400,2025-04-26,Delivered,Debit Card
9600,1715,2024-11-25,Delivered,PayPal
9601,1915,2024-05-26,Delivered,Credit Card
9602,2023,2025-03-07,Delivered,Debit Card
9603,1707,2025-01-31,Delivered,Credit Card
9604,2529,2024-06-11,Delivered,Debit Card
9605,4783,2024-01-11,Cancelled,Debit Card
9606,4987,2024-12-08,Delivered,Credit Card
9607,1671,2025-01-06,Delivered,Credit Card
9608,1849,2025-08-05,Delivered,Debit Card
9609,4298,2024-10-14,Delivered,Wallet
9610,2877,2024-03-11,Delivered,Debit Card
9611,892,2025-10-04,Delivered,Debit Card
9612,2747,2024-10-28,Cancelled,Wallet
9613,3959,2025-06-10,Delivered,PayPal
9614,2018,2024-02-01,Delivered,PayPal
9615,3077,2024-01-27,Delivered,Credit Card
9616,3874,2024-01-18,Delivered,Debit Card
9617,601,2025-07-30,Delivered,Credit Card
9618,4874,2024-06-24,Delivered,PayPal
9619,320,2025-07-31,Delivered,Credit Card
9620,570,2025-11-20,Delivered,Debit Card
9621,1492,2025-04-29,Delivered,PayPal
9622,100,2025-12-20,Delivered,Debit Card
9623,3288,2025-11-09,Delivered,Credit Card
9624,2627,2025-06-11,Delivered,Credit Card
9625,1801,2025-08-09,Delivered,Debit Card
9626,4938,2025-03-16,Delivered,Credit Card
9627,1356,2024-06-08,Delivered,Credit Card
9628,4397,2024-03-16,Delivered,Credit Card
9629,2910,2024-10-05,Delivered,Debit Card
9630,3465,2024-12-12,Delivered,Debit Card
9631,4763,2024-09-12,Delivered,Credit Card
9632,1271,2024-03-15,Delivered,Debit Card
9633,610,2025-01-03,Delivered,Credit Card
9634,3964,2024-12-29,Delivered,Debit Card
9635,3223,2025-11-27,Delivered,PayPal
9636,987,2025-11-27,Delivered,Credit Card
9637,4563,2025-03-25,Cancelled,Debit Card
9638,3589,2025-09-12,Delivered,Credit Card
9639,2706,2024-08-16,Delivered,Credit Card
9640,662,2025-12-08,Delivered,Debit Card
9641,4821,2025-11-18,Delivered,Debit Card
9642,2627,2024-04-01,Delivered,Debit Card
9643,2990,2025-05-26,Delivered,Wallet
9644,137,2024-11-30,Cancelled,PayPal
9645,3364,2024-07-13,Delivered,Credit Card
9646,4177,2024-10-27,Delivered,Debit Card
9647,3957,2025-10-23,Delivered,Debit Card
9648,1885,2025-11-05,Delivered,Debit Card
9649,999,2024-09-08,Delivered,Credit Card
9650,2217,2024-12-03,Delivered,Wallet
9651,2801,2025-01-11,Delivered,Debit Card
9652,1346,2025-06-19,Delivered,PayPal
9653,3072,2024-12-15,Delivered,Debit Card
9654,4623,2024-10-16,Delivered,PayPal
9655,601,2025-11-05,Delivered,Credit Card
9656,1233,2024-09-29,Delivered,Credit Card
9657,2278,2024-07-12,Delivered,Debit Card
9658,868,2024-08-26,Delivered,Debit Card
9659,3854,2024-08-31,Delivered,Credit Card
9660,305,2025-02-09,Delivered,Debit Card
9661,204,2025-04-26,Delivered,PayPal
9662,1766,2024-04-08,Delivered,PayPal
9663,2068,2025-10-09,Delivered,Credit Card
9664,3528,2024-07-04,Delivered,Credit Card
9665,729,2024-03-24,Delivered,PayPal
9666,3919,2025-05-02,Delivered,Wallet
9667,879,2024-06-02,Delivered,Credit Card
9668,4745,2025-07-01,Delivered,Credit Card
9669,2563,2025-11-23,Delivered,Credit Card
9670,3834,2025-05-20,Delivered,Debit Card
9671,148,2025-07-21,Delivered,PayPal
9672,3585,2024-12-27,Delivered,Credit Card
9673,2125,2024-09-09,Delivered,Debit Card
9674,2511,2025-03-23,Delivered,Credit Card
9675,129,2024-09-18,Delivered,Credit Card
9676,3105,2025-10-01,Delivered,Debit Card
9677,4628,2024-12-08,Delivered,Debit Card
9678,4977,2024-12-30,Delivered,Credit Card
9679,4415,2025-05-06,Delivered,Credit Card
9680,3589,2024-05-18,Delivered,Credit Card
9681,1059,2025-02-13,Delivered,Wallet
9682,1846,2025-07-04,Delivered,PayPal
9683,330,2025-07-20,Delivered,Debit Card
9684,1125,2024-06-13,Delivered,Wallet
9685,1254,2024-02-09,Delivered,Debit Card
9686,3335,2024-05-21,Delivered,Credit Card
9687,142,2025-08-20,Delivered,Debit Card
9688,4647,2024-07-12,Delivered,PayPal
9689,3674,2024-02-12,Delivered,Debit Card
9690,3363,2025-03-11,Delivered,Wallet
9691,2870,2025-10-05,Delivered,Debit Card
9692,1269,2024-06-12,Delivered,Wallet
9693,2720,2024-02-01,Delivered,PayPal
9694,3188,2024-04-12,Delivered,PayPal
9695,4260,2024-04-03,Delivered,Wallet
9696,3415,2024-05-29,Delivered,Credit Card
9697,4047,2024-05-11,Delivered,Debit Card
9698,2284,2025-04-10,Delivered,Credit Card
9699,2045,2024-06-11,Cancelled,PayPal
9700,3905,2025-02-04,Delivered,Debit Card
9701,3052,2024-10-20,Delivered,Credit Card
9702,1970,2025-04-22,Delivered,Credit Card
9703,2210,2025-04-23,Delivered,Credit Card
9704,2783,2025-03-08,Delivered,Debit Card
9705,3121,2025-10-13,Delivered,Credit Card
9706,1804,2024-05-23,Delivered,Wallet
9707,758,2025-01-17,Delivered,Debit Card
9708,4492,2024-10-14,Delivered,Wallet
9709,1501,2025-01-23,Cancelled,Credit Card
9710,809,2024-04-12,Delivered,Credit Card
9711,1260,2024-08-21,Delivered,Wallet
9712,4344,2025-11-17,Cancelled,Debit Card
9713,838,2025-08-07,Delivered,Credit Card
9714,3487,2024-11-07,Delivered,PayPal
9715,2070,2024-03-21,Delivered,Credit Card
9716,3038,2025-04-18,Delivered,Credit Card
9717,3633,2024-08-07,Delivered,PayPal
9718,1112,2024-08-28,Delivered,Debit Card
9719,1981,2024-03-11,Delivered,Debit Card
9720,3954,2024-07-30,Delivered,Credit Card
9721,4914,2024-06-05,Delivered,Credit Card
9722,4266,2024-01-25,Delivered,Credit Card
9723,1511,2025-03-04,Delivered,Credit Card
9724,1187,2025-12-08,Delivered,Credit Card
9725,4741,2024-04-01,Delivered,Debit Card
9726,3434,2024-02-08,Delivered,PayPal
9727,968,2024-03-14,Delivered,Wallet
9728,3236,2025-02-02,Delivered,PayPal
9729,1604,2025-08-25,Delivered,Credit Card
9730,783,2024-08-14,Delivered,Debit Card
9731,821,2024-03-27,Delivered,Wallet
9732,1892,2024-03-11,Delivered,Credit Card
9733,1190,2025-03-19,Delivered,Credit Card
9734,3926,2024-09-17,Delivered,Credit Card
9735,786,2024-09-13,Delivered,Debit Card
9736,937,2024-06-23,Delivered,Wallet
9737,3125,2025-10-16,Delivered,Debit Card
9738,2172,2024-09-30,Delivered,Debit Card
9739,1004,2025-05-31,Delivered,Debit Card
9740,346,2025-06-25,Delivered,PayPal
9741,426,2024-02-13,Delivered,Credit Card
9742,1457,2024-06-30,Delivered,Debit Card
9743,1333,2025-10-15,Delivered,Wallet
9744,2904,2025-10-06,Delivered,Wallet
9745,3393,2024-10-29,Delivered,Credit Card
9746,829,2024-04-24,Delivered,Credit Card
9747,2144,2024-08-05,Delivered,Wallet
9748,2332,2025-11-23,Delivered,Wallet
9749,781,2025-05-06,Delivered,Credit Card
9750,2444,2024-02-25,Delivered,Credit Card
9751,318,2025-06-08,Delivered,Credit Card
9752,1559,2024-04-17,Delivered,Debit Card
9753,3647,2024-08-09,Delivered,Credit Card
9754,1224,2024-12-17,Delivered,Credit Card
9755,3521,2024-09-13,Delivered,PayPal
9756,534,2025-05-24,Delivered,Credit Card
9757,2308,2024-04-24,Delivered,Wallet
9758,4511,2025-10-02,Cancelled,Credit Card
9759,2639,2025-03-09,Delivered,Credit Card
9760,4083,2024-08-11,Delivered,Wallet
9761,1203,2025-11-29,Delivered,Credit Card
9762,928,2024-12-15,Delivered,Credit Card
9763,2427,2024-10-31,Delivered,Credit Card
9764,1240,2024-01-16,Delivered,Debit Card
9765,3644,2025-12-28,Delivered,Debit Card
9766,1760,2025-09-09,Cancelled,Wallet
9767,3858,2024-05-08,Delivered,Wallet
9768,176,2025-11-22,Cancelled,Credit Card
9769,1703,2025-08-04,Delivered,Credit Card
9770,1215,2024-11-03,Delivered,Debit Card
9771,3395,2025-11-08,Cancelled,Wallet
9772,1031,2025-02-12,Delivered,Credit Card
9773,2433,2025-05-17,Delivered,Credit Card
9774,1802,2024-05-13,Delivered,Credit Card
9775,3697,2024-03-20,Delivered,Wallet
9776,1850,2025-01-20,Delivered,Credit Card
9777,3454,2024-08-26,Delivered,Debit Card
9778,447,2025-12-17,Delivered,Credit Card
9779,3752,2024-03-03,Delivered,Debit Card
9780,3195,2025-07-10,Delivered,Credit Card
9781,825,2025-03-15,Delivered,Debit Card
9782,544,2025-10-03,Delivered,Credit Card
9783,1611,2025-12-29,Delivered,Credit Card
9784,4941,2025-09-27,Delivered,Credit Card
9785,1325,2024-09-30,Delivered,PayPal
9786,2374,2025-05-22,Delivered,PayPal
9787,2236,2024-04-28,Delivered,Credit Card
9788,1475,2024-12-20,Delivered,Credit Card
9789,2325,2024-07-15,Delivered,Credit Card
9790,878,2024-07-01,Delivered,Credit Card
9791,3337,2025-02-20,Delivered,PayPal
9792,800,2024-04-02,Cancelled,Credit Card
9793,2849,2025-02-19,Delivered,Debit Card
9794,1591,2024-10-19,Delivered,Debit Card
9795,2900,2024-06-16,Delivered,Wallet
9796,2740,2025-02-14,Delivered,PayPal
9797,3165,2025-07-02,Delivered,Credit Card
9798,3027,2025-03-21,Delivered,Credit Card
9799,1365,2024-03-05,Delivered,Credit Card
9800,2942,2025-02-14,Cancelled,Credit Card
9801,1131,2025-03-30,Delivered,Credit Card
9802,1941,2025-05-13,Delivered,Wallet
9803,1076,2024-11-06,Delivered,Credit Card
9804,2673,2024-03-10,Delivered,Debit Card
9805,3898,2024-04-02,Delivered,Credit Card
9806,3026,2024-08-30,Delivered,Credit Card
9807,487,2025-04-08,Delivered,Credit Card
9808,385,2025-06-23,Delivered,Credit Card
9809,1581,2025-05-06,Delivered,Credit Card
9810,2943,2024-08-15,Delivered,Wallet
9811,1402,2024-11-17,Delivered,Debit Card
9812,4976,2024-02-04,Delivered,Credit Card
9813,2960,2025-08-05,Cancelled,Credit Card
9814,4471,2024-09-15,Delivered,Wallet
9815,4621,2025-01-06,Delivered,Credit Card
9816,481,2024-11-24,Delivered,Credit Card
9817,4393,2024-07-27,Delivered,PayPal
9818,255,2024-05-02,Delivered,Debit Card
9819,527,2025-11-27,Delivered,Credit Card
9820,2702,2024-03-28,Delivered,Debit Card
9821,2702,2025-11-20,Delivered,Credit Card
9822,3243,2024-03-23,Delivered,Debit Card
9823,186,2024-03-10,Delivered,Credit Card
9824,539,2025-10-21,Delivered,PayPal
9825,3963,2025-11-21,Cancelled,Debit Card
9826,2957,2025-10-15,Delivered,Credit Card
9827,1874,2025-07-20,Delivered,Debit Card
9828,911,2024-12-25,Delivered,Credit Card
9829,1075,2024-03-18,Delivered,Wallet
9830,1535,2025-03-07,Delivered,Credit Card
9831,2421,2025-01-14,Delivered,Credit Card
9832,4071,2025-06-21,Delivered,PayPal
9833,2176,2024-01-26,Delivered,Credit Card
9834,2188,2024-02-26,Delivered,Credit Card
9835,4716,2025-03-05,Delivered,PayPal
9836,466,2025-09-16,Delivered,Debit Card
9837,166,2025-11-12,Delivered,Credit Card
9838,4965,2025-02-19,Delivered,Debit Card
9839,4750,2024-09-25,Delivered,Debit Card
9840,2018,2024-12-10,Delivered,PayPal
9841,1172,2025-01-06,Delivered,Debit Card
9842,615,2025-03-27,Cancelled,Debit Card
9843,726,2024-06-15,Delivered,PayPal
9844,4461,2024-10-10,Delivered,Credit Card
9845,3710,2025-01-29,Delivered,Credit Card
9846,4223,2025-09-13,Delivered,Debit Card
9847,2613,2025-08-08,Delivered,Credit Card
9848,3289,2025-07-04,Delivered,Debit Card
9849,4479,2024-06-06,Delivered,Credit Card
9850,1788,2024-10-23,Cancelled,Debit Card
9851,2714,2025-02-08,Delivered,Debit Card
9852,1442,2025-12-07,Delivered,PayPal
9853,2528,2024-09-15,Delivered,Credit Card
9854,1063,2025-11-01,Delivered,PayPal
9855,1031,2025-06-29,Delivered,Credit Card
9856,1787,2025-04-07,Delivered,PayPal
9857,4749,2025-05-27,Delivered,Debit Card
9858,1358,2025-08-01,Delivered,Credit Card
9859,3323,2025-05-25,Delivered,Wallet
9860,2858,2025-05-05,Delivered,Debit Card
9861,3008,2024-10-02,Delivered,Credit Card
9862,652,2024-11-08,Delivered,Debit Card
9863,3951,2025-03-13,Delivered,Debit Card
9864,3925,2025-09-07,Delivered,PayPal
9865,507,2025-04-20,Delivered,Credit Card
9866,1971,2025-12-22,Delivered,Credit Card
9867,4333,2025-05-11,Delivered,Credit Card
9868,1187,2024-10-24,Delivered,Debit Card
9869,2503,2025-02-23,Delivered,Debit Card
9870,4138,2025-03-31,Delivered,PayPal
9871,4012,2025-09-24,Delivered,Credit Card
9872,1936,2024-07-05,Delivered,Debit Card
9873,3564,2024-06-30,Cancelled,Wallet
9874,4655,2024-05-27,Delivered,Credit Card
9875,2257,2024-02-10,Delivered,Credit Card
9876,4871,2025-05-07,Cancelled,Wallet
9877,3849,2025-12-03,Delivered,Credit Card
9878,3239,2025-03-24,Delivered,Debit Card
9879,3604,2024-02-14,Delivered,Credit Card
9880,938,2024-09-23,Delivered,Credit Card
9881,19,2025-10-21,Delivered,PayPal
9882,4137,2024-02-07,Delivered,Credit Card
9883,3547,2025-03-22,Delivered,PayPal
9884,4690,2024-11-17,Delivered,Credit Card
9885,2544,2025-11-01,Delivered,Credit Card
9886,1928,2025-01-09,Delivered,Credit Card
9887,4198,2025-02-16,Delivered,PayPal
9888,4708,2025-06-11,Delivered,Credit Card
9889,4049,2025-08-22,Delivered,Credit Card
9890,4136,2025-01-11,Delivered,Credit Card
9891,854,2025-06-10,Delivered,Debit Card
9892,4343,2025-08-10,Delivered,Credit Card
9893,109,2025-01-18,Delivered,Wallet
9894,3777,2025-06-06,Delivered,Credit Card
9895,982,2024-09-22,Delivered,Credit Card
9896,207,2024-09-16,Delivered,Credit Card
9897,3706,2024-01-03,Cancelled,Credit Card
9898,1698,2025-05-03,Delivered,PayPal
9899,4357,2024-07-02,Delivered,Wallet
9900,1414,2025-08-17,Delivered,Debit Card
9901,3503,2025-11-25,Delivered,PayPal
9902,3219,2025-10-01,Delivered,PayPal
9903,4103,2024-07-20,Delivered,Credit Card
9904,4306,2025-04-20,Delivered,Credit Card
9905,2937,2025-07-02,Delivered,Debit Card
9906,1730,2025-01-04,Delivered,Wallet
9907,2533,2025-01-06,Delivered,PayPal
9908,3010,2024-11-15,Delivered,Debit Card
9909,4852,2024-08-13,Delivered,Credit Card
9910,863,2025-02-22,Delivered,PayPal
9911,403,2025-12-24,Delivered,Debit Card
9912,2323,2024-06-08,Delivered,Wallet
9913,2107,2024-02-04,Delivered,Debit Card
9914,4505,2024-02-11,Delivered,Credit Card
9915,1391,2025-02-28,Delivered,Debit Card
9916,742,2024-07-16,Delivered,Credit Card
9917,611,2024-12-02,Delivered,Credit Card
9918,4471,2025-11-24,Delivered,Debit Card
9919,3028,2024-02-25,Delivered,PayPal
9920,4881,2024-05-07,Delivered,PayPal
9921,1317,2024-06-05,Delivered,Credit Card
9922,407,2024-11-29,Delivered,Credit Card
9923,2315,2025-05-21,Delivered,Credit Card
9924,865,2024-05-13,Delivered,Debit Card
9925,683,2024-03-20,Delivered,Debit Card
9926,4414,2024-03-03,Delivered,Debit Card
9927,1950,2025-08-07,Delivered,Credit Card
9928,351,2024-01-22,Delivered,PayPal
9929,1002,2025-04-01,Delivered,Credit Card
9930,1835,2025-02-26,Delivered,Debit Card
9931,4485,2024-03-14,Cancelled,PayPal
9932,3192,2025-02-07,Delivered,Credit Card
9933,2612,2024-07-28,Delivered,Credit Card
9934,2914,2025-01-10,Delivered,Debit Card
9935,3998,2024-04-10,Delivered,Credit Card
9936,969,2025-05-02,Delivered,Debit Card
9937,2429,2025-08-05,Delivered,Wallet
9938,1932,2024-01-03,Delivered,Credit Card
9939,212,2025-01-24,Cancelled,Wallet
9940,2755,2025-04-17,Delivered,Credit Card
9941,3473,2024-01-03,Delivered,Debit Card
9942,3331,2025-06-12,Delivered,Credit Card
9943,240,2025-01-31,Delivered,Debit Card
9944,1975,2024-08-11,Delivered,Wallet
9945,1976,2024-12-18,Delivered,Credit Card
9946,779,2025-05-12,Cancelled,Wallet
9947,2735,2025-04-14,Delivered,PayPal
9948,2655,2025-07-20,Delivered,Wallet
9949,3900,2024-01-26,Delivered,Debit Card
9950,3819,2025-07-28,Delivered,Debit Card
9951,4493,2024-01-26,Delivered,Wallet
9952,2124,2025-04-19,Delivered,PayPal
9953,1025,2024-09-12,Delivered,PayPal
9954,2707,2024-02-16,Delivered,Credit Card
9955,3318,2025-05-17,Delivered,Credit Card
9956,1667,2025-02-07,Delivered,Debit Card
9957,2352,2025-05-01,Delivered,Credit Card
9958,4593,2024-10-01,Delivered,Credit Card
9959,3838,2024-07-22,Delivered,PayPal
9960,3049,2025-04-01,Delivered,Debit Card
9961,4700,2024-06-06,Delivered,Wallet
9962,72,2025-08-15,Delivered,Credit Card
9963,2665,2025-05-13,Delivered,Credit Card
9964,1332,2025-12-30,Delivered,Credit Card
9965,1434,2024-01-20,Delivered,Wallet
9966,3921,2025-03-03,Delivered,Credit Card
9967,3993,2025-02-10,Delivered,Wallet
9968,2431,2025-09-18,Delivered,Credit Card
9969,2634,2024-11-05,Delivered,Credit Card
9970,3000,2025-11-14,Delivered,PayPal
9971,4412,2024-06-23,Delivered,Debit Card
9972,110,2025-09-15,Delivered,Debit Card
9973,2831,2025-01-14,Delivered,Credit Card
9974,340,2025-11-20,Delivered,Debit Card
9975,4686,2024-06-07,Delivered,PayPal
9976,1193,2024-07-08,Delivered,Credit Card
9977,88,2025-02-15,Cancelled,Credit Card
9978,4047,2025-02-06,Delivered,Credit Card
9979,3695,2024-04-18,Delivered,Debit Card
9980,4508,2025-04-20,Delivered,PayPal
9981,1733,2024-10-23,Cancelled,Debit Card
9982,1383,2024-04-20,Delivered,Wallet
9983,3344,2025-01-07,Delivered,Debit Card
9984,4729,2025-05-24,Delivered,Debit Card
9985,4712,2024-01-24,Delivered,Debit Card
9986,1998,2025-11-02,Delivered,PayPal
9987,3270,2025-03-21,Delivered,Credit Card
9988,4136,2024-07-09,Delivered,Debit Card
9989,3725,2025-07-01,Delivered,Credit Card
9990,3004,2025-09-07,Delivered,Wallet
9991,791,2025-11-28,Delivered,Credit Card
9992,3159,2025-07-30,Delivered,Credit Card
9993,853,2024-05-28,Delivered,Debit Card
9994,2257,2024-04-29,Delivered,Debit Card
9995,2868,2024-06-01,Delivered,Credit Card
9996,131,2025-10-01,Cancelled,Debit Card
9997,2154,2024-08-10,Delivered,Debit Card
9998,1567,2024-08-29,Delivered,Credit Card
9999,556,2025-10-12,Delivered,Credit Card
10000,3238,2024-05-29,Cancelled,Credit Card
10001,3642,2024-10-24,Delivered,PayPal
10002,4469,2024-08-04,Delivered,Credit Card
10003,3495,2024-08-08,Delivered,Debit Card
10004,916,2025-03-10,Delivered,Credit Card
10005,458,2025-06-25,Delivered,Credit Card
10006,4112,2024-07-12,Delivered,Debit Card
10007,244,2024-01-28,Delivered,Credit Card
10008,1902,2025-04-11,Delivered,Credit Card
10009,1895,2025-02-04,Delivered,Wallet
10010,909,2025-04-26,Delivered,PayPal
10011,3165,2024-11-24,Delivered,PayPal
10012,3852,2025-07-21,Cancelled,Debit Card
10013,4468,2025-04-01,Delivered,Debit Card
10014,2347,2025-07-07,Delivered,Credit Card
10015,2173,2025-06-17,Delivered,Credit Card
10016,1017,2024-12-28,Cancelled,Debit Card
10017,421,2024-08-25,Delivered,PayPal
10018,4204,2025-02-28,Delivered,Debit Card
10019,4203,2025-04-09,Delivered,PayPal
10020,4906,2025-02-21,Delivered,Credit Card
10021,625,2025-01-17,Delivered,Credit Card
10022,2108,2024-09-07,Delivered,Credit Card
10023,3187,2024-04-07,Delivered,Debit Card
10024,4404,2024-11-08,Delivered,Credit Card
10025,2068,2025-10-05,Delivered,Credit Card
10026,693,2025-06-07,Delivered,PayPal
10027,4548,2025-07-04,Delivered,Debit Card
10028,417,2025-06-21,Delivered,Credit Card
10029,3525,2025-11-03,Delivered,Debit Card
10030,1832,2024-06-14,Delivered,Wallet
10031,1,2025-06-09,Cancelled,Debit Card
10032,2630,2024-02-20,Delivered,PayPal
10033,1864,2024-06-27,Delivered,Credit Card
10034,2181,2024-01-22,Delivered,Debit Card
10035,902,2024-11-10,Delivered,Credit Card
10036,3365,2024-04-12,Cancelled,Wallet
10037,1418,2024-10-09,Cancelled,Credit Card
10038,762,2024-04-08,Delivered,Wallet
10039,1995,2024-01-27,Delivered,Credit Card
10040,938,2024-12-14,Delivered,Debit Card
10041,2707,2024-10-26,Delivered,Debit Card
10042,2662,2024-10-31,Delivered,Credit Card
10043,3992,2024-09-09,Delivered,Credit Card
10044,4898,2024-10-25,Delivered,Credit Card
10045,433,2024-01-03,Delivered,PayPal
10046,188,2024-12-14,Delivered,Debit Card
10047,2206,2025-09-10,Delivered,Wallet
10048,336,2024-04-11,Delivered,Credit Card
10049,4254,2024-04-15,Delivered,PayPal
10050,4040,2025-07-23,Delivered,Credit Card
10051,2161,2024-12-31,Delivered,Debit Card
10052,4805,2024-07-06,Delivered,Credit Card
10053,2597,2025-07-26,Delivered,Wallet
10054,2728,2024-08-25,Delivered,Debit Card
10055,3894,2025-03-17,Delivered,Debit Card
10056,2756,2025-02-09,Delivered,Credit Card
10057,3565,2024-05-03,Delivered,Credit Card
10058,1197,2025-07-05,Delivered,Credit Card
10059,2550,2025-03-27,Cancelled,Debit Card
10060,4051,2024-06-01,Delivered,Debit Card
10061,4836,2025-07-07,Delivered,Credit Card
10062,962,2025-03-28,Delivered,Credit Card
10063,182,2025-09-15,Delivered,Credit Card
10064,2968,2025-08-21,Delivered,Debit Card
10065,273,2024-08-20,Delivered,Credit Card
10066,3413,2025-11-14,Cancelled,Credit Card
10067,2137,2024-01-25,Delivered,Credit Card
10068,4003,2024-08-31,Delivered,Credit Card
10069,790,2025-03-19,Delivered,Debit Card
10070,230,2025-01-25,Delivered,Debit Card
10071,1083,2024-06-13,Delivered,Credit Card
10072,317,2024-05-25,Delivered,Credit Card
10073,751,2025-07-24,Delivered,Debit Card
10074,3788,2025-10-01,Cancelled,Credit Card
10075,3462,2025-05-11,Delivered,Wallet
10076,3110,2025-01-22,Delivered,Debit Card
10077,2107,2025-07-18,Delivered,Debit Card
10078,1118,2024-06-24,Delivered,Debit Card
10079,4171,2025-12-07,Delivered,Debit Card
10080,4382,2024-04-01,Delivered,Credit Card
10081,1252,2025-03-02,Delivered,Credit Card
10082,4483,2024-09-05,Delivered,PayPal
10083,3118,2025-10-22,Delivered,Wallet
10084,1729,2024-06-27,Cancelled,Wallet
10085,1068,2025-04-13,Delivered,Credit Card
10086,2954,2024-04-24,Delivered,Wallet
10087,73,2024-05-12,Cancelled,Debit Card
10088,1582,2024-10-30,Delivered,Credit Card
10089,3445,2025-08-06,Delivered,Wallet
10090,2484,2024-07-22,Delivered,Wallet
10091,728,2025-05-21,Delivered,Debit Card
10092,797,2025-02-21,Delivered,PayPal
10093,3470,2025-12-14,Delivered,PayPal
10094,4187,2024-08-07,Delivered,Debit Card
10095,3454,2024-06-26,Delivered,Credit Card
10096,786,2025-10-20,Delivered,Credit Card
10097,3341,2024-08-31,Delivered,Wallet
10098,1384,2024-06-05,Delivered,Credit Card
10099,2960,2025-08-22,Cancelled,Credit Card
10100,2953,2025-08-16,Delivered,Credit Card
10101,4425,2024-02-15,Delivered,Credit Card
10102,4127,2025-09-16,Delivered,Credit Card
10103,379,2025-04-07,Delivered,Credit Card
10104,1,2024-07-22,Delivered,PayPal
10105,4660,2025-01-25,Delivered,Debit Card
10106,1529,2024-06-23,Delivered,Wallet
10107,330,2024-05-03,Cancelled,PayPal
10108,957,2024-04-06,Delivered,Debit Card
10109,2477,2024-04-30,Delivered,Credit Card
10110,4444,2025-03-01,Delivered,Credit Card
10111,4617,2025-08-14,Delivered,Wallet
10112,3283,2024-12-21,Delivered,Debit Card
10113,1345,2024-01-12,Delivered,PayPal
10114,3563,2024-11-08,Delivered,Wallet
10115,4190,2025-06-29,Delivered,Credit Card
10116,2053,2025-09-01,Delivered,Wallet
10117,2966,2025-06-18,Cancelled,PayPal
10118,2446,2024-09-26,Delivered,Debit Card
10119,4306,2025-04-19,Delivered,Wallet
10120,3063,2024-02-19,Delivered,Debit Card
10121,243,2024-10-25,Delivered,Credit Card
10122,4358,2025-01-26,Delivered,Credit Card
10123,2780,2024-01-21,Delivered,PayPal
10124,2154,2024-01-11,Delivered,PayPal
10125,944,2025-08-08,Delivered,Credit Card
10126,3493,2024-06-09,Delivered,Credit Card
10127,91,2024-04-01,Delivered,Credit Card
10128,868,2025-03-08,Delivered,Debit Card
10129,3445,2024-07-23,Delivered,Debit Card
10130,1363,2025-12-15,Delivered,PayPal
10131,3749,2025-11-22,Delivered,Credit Card
10132,1311,2025-08-24,Delivered,Credit Card
10133,3682,2024-08-08,Delivered,Credit Card
10134,3396,2025-10-01,Delivered,Wallet
10135,3635,2024-07-05,Delivered,Debit Card
10136,3668,2024-06-23,Delivered,Credit Card
10137,4000,2025-12-11,Delivered,Credit Card
10138,1840,2025-05-07,Delivered,Credit Card
10139,2348,2024-03-03,Delivered,PayPal
10140,351,2025-10-09,Delivered,Debit Card
10141,1738,2024-04-27,Delivered,PayPal
10142,2299,2025-05-12,Delivered,Credit Card
10143,3855,2024-11-15,Delivered,Credit Card
10144,4515,2024-01-13,Delivered,Debit Card
10145,3333,2025-07-29,Delivered,Credit Card
10146,641,2025-05-16,Delivered,Credit Card
10147,1001,2025-10-07,Delivered,Credit Card
10148,2667,2025-03-22,Delivered,Debit Card
10149,2177,2025-07-05,Delivered,Debit Card
10150,4654,2025-10-23,Delivered,Credit Card
10151,911,2025-12-13,Delivered,Debit Card
10152,2856,2025-02-13,Delivered,Credit Card
10153,3895,2024-01-13,Delivered,PayPal
10154,2188,2024-09-09,Delivered,PayPal
10155,1236,2025-03-28,Delivered,Credit Card
10156,651,2024-03-21,Delivered,PayPal
10157,3114,2024-03-25,Delivered,Credit Card
10158,3155,2024-10-15,Delivered,Debit Card
10159,3677,2025-10-26,Delivered,Debit Card
10160,4188,2024-08-22,Delivered,PayPal
10161,4959,2025-11-13,Delivered,Credit Card
10162,938,2025-08-09,Delivered,Credit Card
10163,2166,2024-08-09,Delivered,Wallet
10164,1620,2024-06-17,Delivered,Wallet
10165,4363,2025-08-27,Delivered,PayPal
10166,590,2025-07-05,Delivered,Credit Card
10167,3322,2025-04-05,Delivered,Debit Card
10168,1576,2025-12-15,Delivered,Credit Card
10169,43,2024-03-14,Delivered,Credit Card
10170,2988,2024-10-08,Delivered,Credit Card
10171,1957,2025-03-16,Delivered,PayPal
10172,3454,2024-02-22,Delivered,Credit Card
10173,1971,2025-12-13,Delivered,Credit Card
10174,951,2025-02-21,Cancelled,Credit Card
10175,599,2024-08-12,Delivered,Debit Card
10176,905,2024-06-23,Delivered,PayPal
10177,2186,2024-01-01,Delivered,Credit Card
10178,1344,2025-03-08,Cancelled,PayPal
10179,583,2025-12-14,Delivered,Credit Card
10180,1585,2024-01-27,Delivered,Credit Card
10181,4177,2024-10-29,Delivered,Credit Card
10182,4199,2025-04-28,Delivered,Debit Card
10183,1810,2024-11-10,Delivered,Wallet
10184,2609,2025-04-20,Delivered,PayPal
10185,916,2025-06-04,Delivered,Credit Card
10186,2060,2025-12-05,Delivered,Wallet
10187,3010,2025-03-17,Delivered,Debit Card
10188,96,2025-06-02,Delivered,Debit Card
10189,4288,2024-08-08,Delivered,Wallet
10190,4523,2024-04-20,Delivered,PayPal
10191,4675,2024-03-13,Delivered,PayPal
10192,1056,2024-03-20,Delivered,Credit Card
10193,4472,2025-08-26,Delivered,Credit Card
10194,570,2024-01-30,Delivered,PayPal
10195,4411,2024-12-18,Delivered,Debit Card
10196,679,2025-03-23,Delivered,PayPal
10197,1741,2025-05-05,Delivered,PayPal
10198,4744,2024-02-18,Delivered,Wallet
10199,2528,2025-09-20,Delivered,Credit Card
10200,1084,2024-11-15,Delivered,Credit Card
10201,1857,2024-01-13,Delivered,Credit Card
10202,1652,2024-04-06,Delivered,Credit Card
10203,4612,2025-09-19,Delivered,Debit Card
10204,2062,2025-11-19,Delivered,Debit Card
10205,465,2025-07-02,Delivered,Credit Card
10206,829,2024-08-31,Cancelled,Debit Card
10207,2772,2025-11-22,Delivered,Credit Card
10208,69,2024-07-20,Delivered,Debit Card
10209,1235,2024-06-19,Delivered,Debit Card
10210,3021,2025-07-12,Delivered,Credit Card
10211,4252,2024-08-23,Delivered,Debit Card
10212,483,2025-01-14,Delivered,Debit Card
10213,1697,2025-04-27,Delivered,Credit Card
10214,1953,2024-05-01,Delivered,Credit Card
10215,4319,2025-11-06,Delivered,Credit Card
10216,3933,2024-05-01,Delivered,PayPal
10217,4641,2025-12-25,Delivered,Wallet
10218,3105,2024-07-21,Delivered,Credit Card
10219,860,2024-10-31,Delivered,Credit Card
10220,4694,2024-07-03,Delivered,PayPal
10221,3772,2025-01-28,Delivered,Debit Card
10222,3305,2024-01-01,Delivered,Credit Card
10223,1750,2024-05-04,Delivered,Debit Card
10224,3977,2025-01-14,Delivered,Wallet
10225,2017,2025-05-21,Delivered,Credit Card
10226,1621,2025-12-03,Cancelled,Debit Card
10227,1372,2025-09-03,Delivered,PayPal
10228,3300,2025-11-03,Delivered,Credit Card
10229,3084,2025-08-06,Delivered,Wallet
10230,1137,2025-07-20,Delivered,Wallet
10231,1716,2024-09-09,Delivered,PayPal
10232,1137,2025-10-22,Cancelled,Debit Card
10233,3704,2025-12-04,Delivered,Debit Card
10234,1717,2025-01-09,Delivered,Debit Card
10235,3893,2024-03-28,Delivered,Credit Card
10236,1160,2024-02-01,Delivered,Credit Card
10237,1976,2024-12-26,Cancelled,Credit Card
10238,132,2025-04-08,Delivered,Credit Card
10239,24,2025-02-08,Delivered,PayPal
10240,144,2025-10-16,Delivered,PayPal
10241,331,2025-01-26,Delivered,Credit Card
10242,4640,2025-04-27,Delivered,Debit Card
10243,1370,2025-07-07,Delivered,Debit Card
10244,2659,2025-10-15,Delivered,Debit Card
10245,4770,2025-03-21,Delivered,Debit Card
10246,2437,2025-02-10,Delivered,Credit Card
10247,1970,2024-02-26,Delivered,Credit Card
10248,3645,2025-04-13,Delivered,Credit Card
10249,3722,2024-05-11,Delivered,Wallet
10250,504,2024-09-26,Delivered,Wallet
10251,4681,2025-01-23,Delivered,Debit Card
10252,616,2024-03-01,Delivered,Debit Card
10253,1709,2025-05-22,Delivered,Debit Card
10254,4766,2024-07-23,Delivered,Credit Card
10255,2807,2025-01-10,Delivered,Credit Card
10256,2842,2024-09-12,Delivered,Credit Card
10257,4262,2024-09-16,Delivered,Credit Card
10258,2244,2024-10-14,Delivered,Wallet
10259,3074,2024-02-07,Delivered,PayPal
10260,2728,2024-05-22,Delivered,Debit Card
10261,562,2025-07-27,Delivered,PayPal
10262,1523,2024-03-29,Delivered,Debit Card
10263,3848,2024-12-28,Delivered,Debit Card
10264,1644,2024-04-12,Delivered,PayPal
10265,4521,2025-01-28,Delivered,Credit Card
10266,4797,2025-04-14,Delivered,Credit Card
10267,3844,2024-12-08,Delivered,Debit Card
10268,4,2025-07-17,Delivered,Credit Card
10269,3763,2024-07-12,Delivered,Debit Card
10270,4907,2025-02-11,Delivered,PayPal
10271,3779,2024-07-20,Delivered,PayPal
10272,3188,2025-01-06,Delivered,Credit Card
10273,3063,2024-02-16,Delivered,Credit Card
10274,2478,2024-07-15,Delivered,Wallet
10275,1240,2025-05-31,Delivered,Wallet
10276,2389,2025-07-21,Delivered,Credit Card
10277,4555,2024-07-17,Delivered,PayPal
10278,428,2024-07-07,Delivered,PayPal
10279,645,2024-08-05,Delivered,Credit Card
10280,4375,2024-07-22,Delivered,Credit Card
10281,4137,2025-12-26,Delivered,Wallet
10282,2553,2025-04-20,Delivered,PayPal
10283,1797,2024-10-08,Delivered,Debit Card
10284,555,2024-12-03,Delivered,Wallet
10285,3370,2025-01-07,Delivered,PayPal
10286,2696,2025-02-07,Delivered,Credit Card
10287,4026,2024-10-09,Delivered,Debit Card
10288,1814,2025-12-12,Delivered,PayPal
10289,3993,2024-07-30,Delivered,Credit Card
10290,4774,2024-11-07,Cancelled,Credit Card
10291,806,2024-01-05,Delivered,PayPal
10292,3825,2024-12-24,Delivered,PayPal
10293,3055,2025-09-16,Cancelled,Credit Card
10294,2040,2025-12-29,Delivered,Credit Card
10295,1073,2024-12-11,Delivered,PayPal
10296,775,2024-04-11,Delivered,Credit Card
10297,561,2025-06-09,Delivered,Credit Card
10298,1331,2025-04-12,Cancelled,Wallet
10299,2568,2025-11-30,Delivered,PayPal
10300,2691,2025-01-03,Delivered,Credit Card
10301,4938,2024-01-03,Delivered,Debit Card
10302,3707,2025-10-19,Delivered,Credit Card
10303,4909,2025-05-07,Delivered,Credit Card
10304,3770,2025-08-07,Delivered,Wallet
10305,2868,2024-03-27,Delivered,Debit Card
10306,4083,2024-11-29,Delivered,Debit Card
10307,3861,2024-11-30,Cancelled,Credit Card
10308,4039,2024-07-14,Cancelled,Debit Card
10309,1249,2025-09-10,Delivered,Credit Card
10310,3621,2024-05-17,Delivered,Credit Card
10311,1122,2024-02-22,Delivered,Debit Card
10312,1589,2024-06-20,Delivered,PayPal
10313,3533,2025-12-23,Delivered,PayPal
10314,2527,2024-03-23,Delivered,Credit Card
10315,3930,2025-02-28,Delivered,Debit Card
10316,3603,2024-05-13,Delivered,Credit Card
10317,3710,2024-10-15,Delivered,Debit Card
10318,739,2025-02-06,Delivered,PayPal
10319,523,2024-01-15,Delivered,PayPal
10320,1242,2024-06-25,Delivered,Credit Card
10321,1782,2025-03-04,Delivered,PayPal
10322,4100,2024-01-11,Delivered,Credit Card
10323,221,2024-12-27,Delivered,Credit Card
10324,2702,2025-03-16,Delivered,Credit Card
10325,3931,2024-06-06,Delivered,Credit Card
10326,1816,2024-04-28,Delivered,Debit Card
10327,1559,2024-12-24,Delivered,Credit Card
10328,1023,2025-06-08,Delivered,Debit Card
10329,2149,2024-01-10,Cancelled,Credit Card
10330,3079,2024-09-03,Delivered,Debit Card
10331,2895,2025-12-30,Delivered,Credit Card
10332,4252,2024-09-02,Delivered,Credit Card
10333,3,2024-08-30,Delivered,Debit Card
10334,1464,2025-06-22,Delivered,Credit Card
10335,1771,2024-12-16,Delivered,Credit Card
10336,1957,2024-10-12,Delivered,PayPal
10337,3637,2025-07-26,Delivered,Credit Card
10338,505,2024-01-23,Delivered,PayPal
10339,1431,2025-06-04,Delivered,Credit Card
10340,274,2024-10-04,Delivered,PayPal
10341,2853,2025-10-10,Delivered,Credit Card
10342,4821,2025-06-13,Delivered,Wallet
10343,4886,2025-11-18,Delivered,Credit Card
10344,240,2024-04-03,Delivered,Wallet
10345,591,2024-05-18,Delivered,Credit Card
10346,2855,2025-10-21,Delivered,Debit Card
10347,1342,2024-10-11,Delivered,Credit Card
10348,1156,2025-08-18,Delivered,Credit Card
10349,3420,2025-05-16,Delivered,Credit Card
10350,1538,2024-12-30,Delivered,Credit Card
10351,2992,2024-02-02,Cancelled,Credit Card
10352,195,2024-02-23,Delivered,Debit Card
10353,4891,2025-06-07,Delivered,Debit Card
10354,423,2024-03-12,Delivered,Debit Card
10355,174,2024-01-04,Delivered,Credit Card
10356,2089,2024-06-09,Delivered,Debit Card
10357,4390,2025-10-29,Delivered,PayPal
10358,3192,2025-04-02,Delivered,Credit Card
10359,2443,2025-06-08,Delivered,PayPal
10360,1385,2025-04-21,Delivered,Credit Card
10361,1135,2025-02-16,Delivered,Credit Card
10362,3266,2024-07-06,Delivered,PayPal
10363,2517,2024-11-09,Delivered,Debit Card
10364,3065,2025-02-01,Delivered,Debit Card
10365,2061,2025-12-22,Delivered,Credit Card
10366,1504,2025-10-18,Delivered,Debit Card
10367,897,2025-06-21,Delivered,Debit Card
10368,1462,2025-08-16,Delivered,Wallet
10369,1097,2025-08-12,Delivered,PayPal
10370,2440,2025-05-02,Delivered,Credit Card
10371,1441,2025-08-25,Delivered,Credit Card
10372,3979,2024-02-23,Delivered,Debit Card
10373,2761,2024-01-16,Delivered,Debit Card
10374,1529,2024-11-20,Delivered,Credit Card
10375,416,2024-02-09,Delivered,PayPal
10376,611,2024-09-04,Delivered,Debit Card
10377,445,2024-05-24,Delivered,Credit Card
10378,1609,2025-11-30,Delivered,Credit Card
10379,1659,2025-04-23,Delivered,Debit Card
10380,247,2024-01-31,Delivered,PayPal
10381,3537,2025-03-31,Delivered,Credit Card
10382,2644,2025-06-18,Delivered,Credit Card
10383,4892,2024-08-25,Delivered,Credit Card
10384,4438,2025-10-06,Delivered,Credit Card
10385,61,2025-12-11,Delivered,Debit Card
10386,3500,2025-12-16,Delivered,Credit Card
10387,4862,2024-03-08,Delivered,PayPal
10388,4007,2024-11-23,Delivered,Credit Card
10389,3431,2025-07-21,Delivered,PayPal
10390,697,2024-11-19,Delivered,Wallet
10391,4505,2024-12-17,Delivered,Credit Card
10392,4110,2024-08-27,Delivered,Wallet
10393,2682,2024-11-01,Delivered,Debit Card
10394,4608,2025-05-22,Delivered,PayPal
10395,2315,2024-01-19,Delivered,Credit Card
10396,2665,2025-08-06,Delivered,PayPal
10397,3926,2025-06-15,Delivered,Debit Card
10398,3602,2024-04-11,Delivered,Credit Card
10399,2756,2025-07-17,Delivered,Wallet
10400,3916,2025-01-15,Cancelled,Wallet
10401,4487,2024-08-20,Delivered,Credit Card
10402,3244,2024-11-28,Delivered,Debit Card
10403,4466,2025-01-12,Delivered,Wallet
10404,2055,2024-06-02,Delivered,Debit Card
10405,2653,2025-03-18,Delivered,Debit Card
10406,3243,2025-04-04,Delivered,Credit Card
10407,2869,2024-09-25,Delivered,Credit Card
10408,894,2024-12-02,Delivered,Debit Card
10409,2282,2025-03-25,Delivered,Debit Card
10410,674,2025-01-02,Delivered,Debit Card
10411,3448,2024-11-12,Delivered,Debit Card
10412,3995,2025-11-29,Cancelled,Credit Card
10413,3412,2025-10-02,Delivered,PayPal
10414,4325,2024-10-04,Delivered,Credit Card
10415,3253,2025-06-08,Delivered,Debit Card
10416,1897,2025-08-14,Delivered,PayPal
10417,312,2024-03-21,Delivered,PayPal
10418,166,2025-03-08,Delivered,Credit Card
10419,4818,2025-08-06,Cancelled,PayPal
10420,3896,2024-02-11,Delivered,Credit Card
10421,1679,2024-09-03,Delivered,Credit Card
10422,4778,2025-08-05,Delivered,PayPal
10423,1232,2025-11-13,Delivered,Credit Card
10424,3861,2025-12-25,Delivered,Credit Card
10425,1056,2025-03-16,Delivered,Wallet
10426,3550,2024-02-01,Delivered,Credit Card
10427,347,2024-01-21,Cancelled,PayPal
10428,3415,2025-08-15,Delivered,Debit Card
10429,2286,2025-06-20,Delivered,Credit Card
10430,2912,2024-05-21,Delivered,Debit Card
10431,208,2024-04-05,Delivered,Credit Card
10432,1849,2024-04-16,Delivered,PayPal
10433,805,2025-10-02,Delivered,PayPal
10434,3083,2025-07-12,Delivered,Credit Card
10435,27,2025-11-23,Delivered,Debit Card
10436,4525,2024-03-23,Delivered,Debit Card
10437,874,2025-05-22,Delivered,PayPal
10438,2609,2025-11-05,Delivered,Credit Card
10439,4977,2025-01-23,Delivered,Credit Card
10440,2050,2025-07-19,Delivered,Credit Card
10441,2708,2025-03-15,Delivered,Debit Card
10442,4799,2024-01-06,Cancelled,Credit Card
10443,336,2024-11-09,Delivered,Debit Card
10444,2812,2024-07-09,Delivered,Wallet
10445,2821,2024-03-02,Delivered,Credit Card
10446,3619,2025-03-10,Delivered,Debit Card
10447,3004,2025-11-09,Delivered,Credit Card
10448,2402,2024-02-09,Delivered,Debit Card
10449,2739,2024-08-28,Delivered,Credit Card
10450,1425,2025-05-03,Cancelled,Wallet
10451,1680,2024-08-16,Delivered,Credit Card
10452,4749,2024-03-26,Delivered,Wallet
10453,3287,2024-05-19,Delivered,Credit Card
10454,3412,2024-01-18,Delivered,PayPal
10455,714,2025-12-25,Cancelled,Credit Card
10456,1934,2024-12-24,Delivered,Credit Card
10457,1098,2025-11-19,Delivered,PayPal
10458,4742,2025-05-15,Delivered,Credit Card
10459,4974,2024-09-12,Delivered,Debit Card
10460,1676,2025-11-18,Delivered,PayPal
10461,2078,2024-07-08,Delivered,Credit Card
10462,3426,2024-05-11,Delivered,Credit Card
10463,739,2025-08-10,Delivered,Wallet
10464,2807,2025-02-07,Delivered,Debit Card
10465,1086,2024-11-04,Delivered,PayPal
10466,2639,2025-03-05,Delivered,PayPal
10467,3621,2025-12-07,Delivered,PayPal
10468,3697,2024-07-23,Delivered,Debit Card
10469,582,2025-10-19,Delivered,Credit Card
10470,1449,2025-10-26,Delivered,PayPal
10471,1770,2025-07-08,Cancelled,PayPal
10472,3628,2024-04-24,Delivered,PayPal
10473,1642,2024-03-06,Delivered,PayPal
10474,2317,2024-03-28,Delivered,Credit Card
10475,1140,2025-05-27,Delivered,Credit Card
10476,1725,2024-10-18,Delivered,Credit Card
10477,2385,2025-12-21,Cancelled,Debit Card
10478,1052,2024-01-05,Delivered,Credit Card
10479,551,2024-09-29,Delivered,Credit Card
10480,712,2024-07-11,Delivered,Debit Card
10481,2283,2025-10-05,Delivered,Credit Card
10482,820,2024-03-29,Delivered,Debit Card
10483,164,2024-10-24,Delivered,Credit Card
10484,4169,2025-09-24,Delivered,Credit Card
10485,4852,2025-12-10,Delivered,Debit Card
10486,2556,2025-10-30,Delivered,Credit Card
10487,3025,2025-04-22,Delivered,Credit Card
10488,834,2024-04-28,Delivered,Credit Card
10489,376,2024-03-11,Delivered,Wallet
10490,399,2024-10-27,Delivered,Credit Card
10491,954,2024-12-15,Delivered,Credit Card
10492,558,2025-01-10,Delivered,PayPal
10493,3683,2024-02-06,Delivered,Credit Card
10494,3853,2025-05-08,Delivered,Debit Card
10495,3659,2024-10-15,Delivered,PayPal
10496,1438,2024-03-20,Delivered,Credit Card
10497,1825,2025-10-30,Delivered,Wallet
10498,1794,2024-09-17,Delivered,Debit Card
10499,743,2024-06-18,Delivered,PayPal
10500,2365,2024-12-25,Delivered,Wallet
10501,2680,2025-11-24,Delivered,PayPal
10502,1023,2025-08-25,Delivered,Credit Card
10503,1382,2024-03-13,Delivered,Debit Card
10504,2353,2025-05-16,Delivered,Credit Card
10505,485,2025-04-30,Delivered,Debit Card
10506,2946,2025-10-08,Delivered,PayPal
10507,1730,2025-12-05,Delivered,Credit Card
10508,3549,2025-06-28,Delivered,Debit Card
10509,3756,2025-04-22,Delivered,Debit Card
10510,1854,2024-09-15,Delivered,Credit Card
10511,1771,2025-10-18,Delivered,Debit Card
10512,2640,2025-11-19,Delivered,Credit Card
10513,204,2025-12-24,Delivered,Debit Card
10514,962,2025-11-27,Cancelled,Credit Card
10515,602,2025-04-13,Delivered,PayPal
10516,1420,2025-11-29,Delivered,Credit Card
10517,2982,2025-07-25,Delivered,Debit Card
10518,1224,2024-06-24,Delivered,Debit Card
10519,2611,2024-01-24,Delivered,Credit Card
10520,3461,2025-12-16,Delivered,Debit Card
10521,3375,2024-11-07,Delivered,PayPal
10522,2656,2025-09-29,Delivered,Credit Card
10523,2859,2024-07-29,Cancelled,Debit Card
10524,2211,2024-09-20,Delivered,Credit Card
10525,2487,2025-08-24,Cancelled,Debit Card
10526,3976,2025-01-18,Delivered,PayPal
10527,2376,2025-05-09,Cancelled,Debit Card
10528,1760,2024-08-21,Delivered,Credit Card
10529,4808,2025-03-24,Delivered,Credit Card
10530,4585,2024-12-21,Delivered,Debit Card
10531,4312,2025-11-11,Delivered,Credit Card
10532,4104,2024-12-25,Delivered,Debit Card
10533,1915,2024-03-05,Delivered,Debit Card
10534,4798,2025-06-21,Delivered,PayPal
10535,3268,2025-11-27,Delivered,Credit Card
10536,4455,2025-10-06,Delivered,Debit Card
10537,103,2024-03-14,Delivered,Credit Card
10538,535,2025-12-29,Delivered,Credit Card
10539,105,2024-09-10,Delivered,Debit Card
10540,4986,2025-08-31,Delivered,Debit Card
10541,1593,2025-04-05,Delivered,Debit Card
10542,196,2025-12-11,Delivered,PayPal
10543,3774,2024-09-06,Delivered,Credit Card
10544,3958,2025-03-19,Delivered,Credit Card
10545,4628,2025-05-13,Delivered,Credit Card
10546,2895,2024-04-22,Delivered,Credit Card
10547,3415,2025-07-20,Delivered,Credit Card
10548,3090,2024-04-14,Delivered,Debit Card
10549,3532,2025-08-27,Delivered,Debit Card
10550,2586,2024-04-02,Delivered,Credit Card
10551,161,2024-05-10,Delivered,Debit Card
10552,837,2024-12-27,Delivered,Credit Card
10553,4651,2024-05-12,Delivered,Credit Card
10554,242,2024-02-25,Delivered,Debit Card
10555,434,2024-02-08,Delivered,PayPal
10556,4003,2024-07-27,Delivered,PayPal
10557,4735,2024-12-24,Delivered,Credit Card
10558,2234,2024-02-02,Delivered,Credit Card
10559,709,2024-04-10,Delivered,Debit Card
10560,2943,2025-03-22,Delivered,PayPal
10561,167,2024-08-20,Delivered,Credit Card
10562,1802,2025-07-07,Delivered,Credit Card
10563,2819,2025-09-05,Delivered,Wallet
10564,4403,2024-01-23,Delivered,Credit Card
10565,569,2025-11-23,Delivered,Wallet
10566,3034,2025-05-14,Delivered,Debit Card
10567,145,2025-08-23,Delivered,Debit Card
10568,2327,2024-12-14,Delivered,Credit Card
10569,3340,2024-01-01,Delivered,PayPal
10570,181,2025-10-08,Delivered,Credit Card
10571,3692,2025-02-18,Delivered,Credit Card
10572,4928,2024-01-28,Delivered,Credit Card
10573,1465,2024-05-01,Delivered,Credit Card
10574,3786,2024-05-30,Delivered,PayPal
10575,2668,2024-10-01,Delivered,Credit Card
10576,4591,2024-11-18,Delivered,Debit Card
10577,2931,2024-11-08,Cancelled,PayPal
10578,4016,2025-09-25,Delivered,Debit Card
10579,805,2025-11-19,Delivered,Debit Card
10580,1278,2025-05-10,Delivered,Credit Card
10581,2201,2025-04-07,Delivered,PayPal
10582,4519,2025-09-22,Delivered,Credit Card
10583,3185,2024-07-14,Delivered,Debit Card
10584,1061,2025-02-11,Delivered,PayPal
10585,4429,2025-04-14,Delivered,PayPal
10586,3094,2024-07-27,Delivered,Credit Card
10587,2095,2025-11-25,Delivered,Credit Card
10588,1922,2024-06-20,Delivered,PayPal
10589,3497,2024-02-13,Delivered,PayPal
10590,4407,2024-08-24,Delivered,Debit Card
10591,2509,2025-08-18,Delivered,Credit Card
10592,4221,2024-09-30,Delivered,Credit Card
10593,3536,2024-06-07,Delivered,Wallet
10594,370,2025-09-28,Delivered,Credit Card
10595,3945,2024-04-21,Delivered,PayPal
10596,2803,2024-04-25,Delivered,Credit Card
10597,2653,2025-10-18,Delivered,PayPal
10598,3065,2024-08-22,Delivered,Credit Card
10599,306,2024-01-02,Delivered,Credit Card
10600,4538,2024-11-12,Delivered,Credit Card
10601,4378,2025-06-24,Delivered,PayPal
10602,4993,2025-07-06,Delivered,Debit Card
10603,3005,2024-03-04,Delivered,Debit Card
10604,1198,2024-07-24,Delivered,Wallet
10605,3004,2025-03-27,Delivered,Credit Card
10606,1410,2025-04-26,Delivered,PayPal
10607,2548,2025-03-29,Delivered,Credit Card
10608,4007,2024-09-03,Delivered,Credit Card
10609,870,2025-09-21,Delivered,Debit Card
10610,2275,2024-02-26,Delivered,Wallet
10611,2431,2025-08-23,Cancelled,Debit Card
10612,4648,2025-11-17,Delivered,Credit Card
10613,2685,2025-05-15,Delivered,Wallet
10614,1705,2024-11-09,Delivered,PayPal
10615,1919,2024-10-04,Delivered,PayPal
10616,1517,2024-11-14,Delivered,Debit Card
10617,746,2024-05-01,Delivered,Credit Card
10618,3552,2024-06-11,Delivered,Credit Card
10619,3812,2025-04-09,Delivered,Debit Card
10620,994,2025-02-05,Delivered,Credit Card
10621,2283,2024-12-28,Delivered,Debit Card
10622,3765,2024-12-12,Delivered,Debit Card
10623,3504,2024-02-26,Delivered,Debit Card
10624,400,2025-09-25,Delivered,PayPal
10625,235,2025-11-28,Delivered,Credit Card
10626,356,2024-06-28,Delivered,Credit Card
10627,2522,2024-08-17,Delivered,Credit Card
10628,4570,2025-04-05,Delivered,Credit Card
10629,369,2024-01-02,Delivered,Credit Card
10630,3506,2024-03-15,Delivered,Credit Card
10631,3668,2025-10-20,Delivered,Credit Card
10632,4819,2024-05-05,Cancelled,Credit Card
10633,2905,2025-02-25,Delivered,Wallet
10634,4775,2025-10-06,Delivered,Credit Card
10635,2257,2025-06-19,Delivered,Credit Card
10636,1327,2024-07-17,Delivered,PayPal
10637,4865,2024-04-21,Delivered,Credit Card
10638,2607,2025-06-08,Cancelled,Debit Card
10639,1631,2024-10-22,Delivered,PayPal
10640,3216,2025-12-07,Delivered,Debit Card
10641,2115,2025-04-15,Delivered,Credit Card
10642,3738,2024-01-09,Delivered,Credit Card
10643,3688,2024-07-02,Delivered,Wallet
10644,94,2025-06-27,Delivered,PayPal
10645,2626,2025-05-27,Delivered,PayPal
10646,4274,2025-06-25,Delivered,Credit Card
10647,3293,2024-06-19,Delivered,Credit Card
10648,3602,2024-06-30,Delivered,Debit Card
10649,4882,2024-06-01,Delivered,Credit Card
10650,1719,2025-05-22,Delivered,Wallet
10651,3479,2024-01-09,Delivered,Wallet
10652,148,2025-08-17,Delivered,Credit Card
10653,754,2024-07-24,Delivered,Credit Card
10654,3490,2024-12-22,Delivered,Credit Card
10655,1047,2024-06-29,Delivered,Debit Card
10656,3936,2024-11-06,Delivered,Credit Card
10657,4350,2025-07-11,Delivered,Debit Card
10658,4470,2024-05-24,Delivered,Debit Card
10659,240,2025-02-19,Delivered,Credit Card
10660,1628,2024-02-11,Delivered,Credit Card
10661,2546,2024-05-09,Delivered,Credit Card
10662,80,2025-05-14,Delivered,Debit Card
10663,4530,2025-02-18,Delivered,Wallet
10664,4827,2025-03-22,Delivered,Credit Card
10665,3882,2024-06-13,Delivered,PayPal
10666,1390,2024-05-30,Delivered,Credit Card
10667,579,2024-11-06,Delivered,PayPal
10668,4134,2024-04-04,Delivered,Credit Card
10669,3703,2025-10-10,Delivered,Credit Card
10670,4729,2024-07-14,Delivered,Credit Card
10671,1911,2025-06-09,Delivered,PayPal
10672,843,2024-04-24,Delivered,Credit Card
10673,4507,2025-04-20,Delivered,Credit Card
10674,539,2024-05-28,Delivered,Debit Card
10675,2864,2024-07-24,Delivered,Debit Card
10676,2358,2024-10-27,Delivered,Credit Card
10677,2744,2024-03-31,Delivered,Credit Card
10678,2013,2024-03-31,Delivered,Debit Card
10679,44,2025-07-03,Delivered,Credit Card
10680,3109,2024-09-09,Delivered,Credit Card
10681,1249,2025-02-18,Delivered,Credit Card
10682,587,2025-04-16,Delivered,Debit Card
10683,2064,2025-03-30,Delivered,Wallet
10684,1454,2025-04-03,Delivered,PayPal
10685,3620,2025-12-12,Delivered,PayPal
10686,1811,2025-04-05,Delivered,Debit Card
10687,2601,2024-09-11,Delivered,Credit Card
10688,2426,2024-07-26,Delivered,Wallet
10689,4263,2025-08-07,Delivered,Credit Card
10690,515,2024-11-03,Delivered,PayPal
10691,172,2025-02-12,Delivered,Credit Card
10692,4335,2025-08-17,Cancelled,Debit Card
10693,1615,2024-06-20,Cancelled,Wallet
10694,3588,2024-06-11,Delivered,PayPal
10695,2988,2024-02-08,Delivered,PayPal
10696,3818,2024-02-22,Delivered,PayPal
10697,3294,2025-03-25,Delivered,Debit Card
10698,1222,2025-01-02,Delivered,Credit Card
10699,2513,2024-08-05,Delivered,Debit Card
10700,1531,2024-06-03,Delivered,Credit Card
10701,1995,2025-05-22,Delivered,Debit Card
10702,2725,2024-03-03,Cancelled,Credit Card
10703,358,2025-05-26,Cancelled,PayPal
10704,156,2025-10-22,Delivered,PayPal
10705,3482,2024-11-28,Delivered,Credit Card
10706,443,2024-12-27,Delivered,Debit Card
10707,4519,2025-01-26,Delivered,PayPal
10708,3213,2024-03-10,Delivered,PayPal
10709,4045,2025-04-02,Delivered,Credit Card
10710,2357,2024-09-23,Delivered,Debit Card
10711,3507,2024-12-08,Delivered,Credit Card
10712,930,2024-01-17,Cancelled,PayPal
10713,3171,2025-10-02,Delivered,PayPal
10714,1554,2024-08-31,Delivered,Credit Card
10715,3861,2024-02-25,Delivered,Credit Card
10716,1836,2025-07-24,Delivered,Credit Card
10717,3884,2025-12-16,Delivered,Credit Card
10718,4471,2025-01-14,Delivered,Credit Card
10719,35,2024-01-25,Delivered,PayPal
10720,313,2025-12-24,Delivered,Credit Card
10721,1790,2024-05-31,Delivered,Debit Card
10722,2735,2024-06-24,Delivered,PayPal
10723,4341,2025-06-01,Cancelled,Debit Card
10724,2198,2024-08-30,Delivered,Credit Card
10725,4254,2024-03-03,Delivered,PayPal
10726,3648,2025-05-13,Delivered,Debit Card
10727,3550,2024-07-10,Delivered,Credit Card
10728,4550,2025-09-20,Cancelled,Credit Card
10729,1546,2024-04-22,Delivered,PayPal
10730,3349,2025-10-23,Delivered,Credit Card
10731,3990,2025-06-12,Delivered,Credit Card
10732,4842,2024-06-23,Delivered,Credit Card
10733,1158,2025-02-26,Delivered,Wallet
10734,3935,2025-11-16,Delivered,Debit Card
10735,1121,2024-02-17,Delivered,PayPal
10736,4811,2025-08-21,Delivered,Credit Card
10737,2679,2024-12-01,Delivered,PayPal
10738,4376,2025-11-23,Delivered,Credit Card
10739,2857,2024-06-01,Delivered,Wallet
10740,378,2025-06-09,Delivered,Debit Card
10741,1757,2025-12-07,Cancelled,Debit Card
10742,3046,2024-09-07,Delivered,Wallet
10743,3019,2024-03-19,Delivered,Wallet
10744,2751,2024-10-13,Delivered,Credit Card
10745,3546,2025-03-12,Delivered,Credit Card
10746,2887,2025-04-04,Delivered,Debit Card
10747,902,2024-12-17,Delivered,Credit Card
10748,392,2025-11-11,Cancelled,Credit Card
10749,1444,2025-02-26,Delivered,Credit Card
10750,690,2025-04-12,Delivered,Debit Card
10751,3500,2025-11-29,Delivered,Debit Card
10752,4886,2025-11-16,Delivered,Credit Card
10753,4637,2024-09-06,Cancelled,Debit Card
10754,2832,2024-07-27,Delivered,Credit Card
10755,4423,2025-06-30,Delivered,Wallet
10756,3290,2025-01-18,Delivered,Credit Card
10757,649,2024-11-22,Delivered,PayPal
10758,2932,2025-05-24,Delivered,Wallet
10759,2849,2025-04-27,Delivered,Debit Card
10760,2751,2025-10-29,Delivered,Debit Card
10761,4001,2024-09-23,Delivered,Credit Card
10762,4932,2025-07-04,Delivered,Credit Card
10763,1187,2024-06-14,Delivered,Credit Card
10764,87,2025-11-15,Delivered,Debit Card
10765,3216,2024-03-02,Cancelled,Wallet
10766,553,2025-07-01,Delivered,Credit Card
10767,2139,2024-03-15,Cancelled,Debit Card
10768,4662,2025-10-04,Delivered,PayPal
10769,3314,2025-12-01,Delivered,Credit Card
10770,4689,2025-08-20,Delivered,Debit Card
10771,161,2025-07-29,Delivered,Debit Card
10772,3533,2024-12-15,Cancelled,Debit Card
10773,1565,2024-06-27,Delivered,Credit Card
10774,372,2025-12-20,Delivered,Debit Card
10775,1537,2025-01-21,Delivered,Debit Card
10776,4668,2025-08-19,Delivered,Credit Card
10777,2094,2025-06-05,Delivered,Debit Card
10778,4589,2025-05-26,Cancelled,Debit Card
10779,573,2024-09-14,Delivered,Debit Card
10780,3282,2024-11-07,Delivered,Debit Card
10781,2184,2024-11-17,Delivered,Credit Card
10782,1498,2025-03-15,Delivered,PayPal
10783,2708,2025-06-08,Delivered,Credit Card
10784,3071,2024-05-25,Delivered,Debit Card
10785,134,2024-06-15,Delivered,Credit Card
10786,3270,2024-02-05,Delivered,Debit Card
10787,1505,2025-01-19,Delivered,PayPal
10788,4019,2025-05-03,Delivered,Debit Card
10789,887,2024-06-02,Delivered,Credit Card
10790,1430,2025-06-03,Delivered,Debit Card
10791,4861,2024-01-03,Cancelled,Credit Card
10792,1236,2025-09-24,Delivered,PayPal
10793,652,2025-05-18,Cancelled,Wallet
10794,2753,2025-05-13,Delivered,Debit Card
10795,3138,2025-05-31,Delivered,Credit Card
10796,2834,2024-09-18,Delivered,Credit Card
10797,2010,2025-12-27,Delivered,Credit Card
10798,537,2025-06-28,Delivered,Debit Card
10799,1437,2024-05-12,Delivered,PayPal
10800,283,2025-11-04,Delivered,Debit Card
10801,4271,2025-06-23,Delivered,Wallet
10802,1299,2024-08-14,Delivered,Credit Card
10803,3321,2025-11-23,Delivered,Credit Card
10804,1302,2024-06-30,Delivered,Debit Card
10805,3102,2025-04-15,Delivered,Credit Card
10806,457,2025-05-04,Delivered,Credit Card
10807,469,2025-12-04,Delivered,Credit Card
10808,1581,2025-02-20,Delivered,Debit Card
10809,1295,2025-12-26,Delivered,Credit Card
10810,1611,2024-07-26,Delivered,Wallet
10811,1383,2025-08-08,Delivered,PayPal
10812,3471,2024-06-28,Delivered,PayPal
10813,2172,2025-12-30,Delivered,Credit Card
10814,771,2025-07-11,Delivered,Credit Card
10815,4608,2025-04-01,Delivered,Debit Card
10816,3176,2024-02-18,Delivered,Credit Card
10817,2019,2024-12-28,Delivered,Credit Card
10818,2548,2024-04-15,Delivered,Credit Card
10819,1641,2025-10-31,Delivered,Debit Card
10820,1965,2024-10-03,Delivered,Debit Card
10821,355,2025-08-29,Delivered,Debit Card
10822,4156,2025-10-23,Cancelled,Debit Card
10823,1925,2024-03-21,Delivered,Credit Card
10824,3482,2025-07-08,Delivered,Credit Card
10825,262,2024-08-08,Delivered,Credit Card
10826,459,2024-03-20,Delivered,Debit Card
10827,1827,2024-07-09,Delivered,Credit Card
10828,191,2025-02-05,Delivered,PayPal
10829,4839,2025-09-16,Delivered,Credit Card
10830,196,2025-05-19,Delivered,Credit Card
10831,2781,2024-06-19,Delivered,Debit Card
10832,1755,2024-08-04,Delivered,Credit Card
10833,1045,2024-08-09,Delivered,Credit Card
10834,703,2025-06-21,Delivered,Credit Card
10835,1497,2025-01-13,Delivered,Debit Card
10836,256,2024-01-18,Delivered,Credit Card
10837,2856,2024-02-25,Delivered,Credit Card
10838,1174,2024-02-25,Delivered,Credit Card
10839,97,2025-12-02,Delivered,PayPal
10840,577,2025-01-03,Delivered,PayPal
10841,4498,2024-12-24,Delivered,Credit Card
10842,1199,2025-07-09,Delivered,Wallet
10843,2891,2024-05-19,Cancelled,Credit Card
10844,2049,2024-01-24,Delivered,PayPal
10845,2462,2024-07-16,Delivered,Wallet
10846,4271,2024-06-01,Delivered,Debit Card
10847,3582,2025-08-05,Delivered,Credit Card
10848,2756,2025-08-20,Delivered,Wallet
10849,1002,2025-04-07,Delivered,Credit Card
10850,4250,2025-10-26,Delivered,Credit Card
10851,109,2024-12-05,Delivered,PayPal
10852,2788,2024-06-24,Delivered,Credit Card
10853,3077,2024-08-30,Delivered,Debit Card
10854,4730,2024-04-13,Delivered,Debit Card
10855,801,2025-10-19,Delivered,Wallet
10856,1445,2025-03-17,Delivered,Debit Card
10857,62,2025-07-17,Delivered,PayPal
10858,1236,2024-07-24,Delivered,Credit Card
10859,4645,2025-06-08,Delivered,Debit Card
10860,43,2024-08-29,Delivered,Debit Card
10861,3943,2024-11-21,Delivered,Credit Card
10862,4675,2025-04-20,Delivered,Credit Card
10863,572,2025-12-17,Delivered,Credit Card
10864,1803,2025-02-11,Delivered,Credit Card
10865,4482,2025-06-02,Delivered,Debit Card
10866,3601,2025-03-10,Delivered,Credit Card
10867,338,2024-11-05,Delivered,PayPal
10868,4329,2025-11-11,Delivered,PayPal
10869,4015,2025-12-02,Delivered,Debit Card
10870,1559,2024-08-14,Delivered,PayPal
10871,2073,2025-10-15,Delivered,Debit Card
10872,1525,2024-11-25,Delivered,Wallet
10873,2591,2025-06-24,Delivered,PayPal
10874,3898,2025-01-12,Delivered,Credit Card
10875,3342,2025-07-13,Delivered,PayPal
10876,4843,2025-09-28,Delivered,Debit Card
10877,494,2024-11-05,Delivered,PayPal
10878,4621,2025-05-26,Delivered,Credit Card
10879,4539,2025-01-05,Delivered,Debit Card
10880,1911,2025-08-06,Delivered,PayPal
10881,719,2024-05-19,Delivered,Wallet
10882,1129,2025-06-16,Delivered,Credit Card
10883,4708,2025-03-10,Delivered,Debit Card
10884,48,2024-11-25,Delivered,Credit Card
10885,458,2024-09-27,Delivered,Debit Card
10886,362,2025-05-27,Delivered,Credit Card
10887,861,2024-09-10,Delivered,Wallet
10888,3947,2024-01-25,Delivered,Debit Card
10889,288,2025-11-23,Delivered,Credit Card
10890,4824,2024-11-22,Delivered,Credit Card
10891,1989,2024-04-30,Delivered,Debit Card
10892,2659,2024-06-13,Delivered,Debit Card
10893,2955,2025-08-28,Delivered,Debit Card
10894,4056,2024-08-30,Delivered,Debit Card
10895,3126,2024-07-24,Delivered,Debit Card
10896,305,2024-12-21,Delivered,Credit Card
10897,4143,2024-01-21,Cancelled,Credit Card
10898,441,2025-02-12,Delivered,Credit Card
10899,2642,2024-01-30,Delivered,Credit Card
10900,4333,2025-09-01,Delivered,PayPal
10901,2551,2024-11-09,Delivered,Credit Card
10902,2097,2024-06-08,Delivered,Debit Card
10903,1631,2024-11-27,Cancelled,Credit Card
10904,3927,2024-05-08,Delivered,Credit Card
10905,3256,2024-08-21,Delivered,Credit Card
10906,4055,2024-04-05,Delivered,Credit Card
10907,4543,2025-05-03,Delivered,Credit Card
10908,2961,2025-12-13,Cancelled,PayPal
10909,1777,2024-12-20,Delivered,Credit Card
10910,2967,2024-03-12,Delivered,Debit Card
10911,1782,2024-02-24,Delivered,Wallet
10912,1028,2025-08-30,Delivered,Credit Card
10913,1717,2024-09-11,Delivered,Debit Card
10914,2396,2024-08-04,Delivered,PayPal
10915,1138,2024-03-15,Delivered,Credit Card
10916,1577,2025-04-29,Delivered,Credit Card
10917,2834,2024-02-15,Delivered,PayPal
10918,675,2025-10-22,Delivered,Credit Card
10919,528,2024-06-01,Delivered,Credit Card
10920,3872,2024-02-20,Delivered,Credit Card
10921,4174,2025-05-26,Delivered,Credit Card
10922,1568,2024-09-15,Delivered,PayPal
10923,689,2025-05-23,Delivered,PayPal
10924,2307,2024-01-30,Cancelled,PayPal
10925,870,2025-09-20,Delivered,Credit Card
10926,4385,2024-08-14,Delivered,Wallet
10927,343,2025-07-06,Delivered,Debit Card
10928,2518,2025-11-14,Delivered,Debit Card
10929,1907,2025-01-25,Delivered,PayPal
10930,2333,2024-08-31,Delivered,PayPal
10931,3789,2024-08-16,Delivered,Credit Card
10932,1310,2025-05-16,Delivered,Debit Card
10933,4551,2024-01-05,Delivered,Debit Card
10934,4891,2024-04-17,Delivered,Credit Card
10935,2172,2025-04-17,Delivered,Credit Card
10936,1929,2024-01-19,Delivered,Debit Card
10937,1176,2024-07-30,Delivered,Debit Card
10938,4069,2025-04-17,Delivered,Debit Card
10939,3629,2024-07-01,Delivered,PayPal
10940,2250,2025-11-10,Delivered,Debit Card
10941,3441,2025-12-12,Delivered,Credit Card
10942,1840,2024-01-25,Delivered,Debit Card
10943,3409,2024-05-07,Delivered,Credit Card
10944,4101,2025-10-24,Delivered,PayPal
10945,2218,2024-01-24,Delivered,Credit Card
10946,3332,2024-12-21,Delivered,PayPal
10947,2827,2025-11-24,Delivered,Credit Card
10948,363,2025-03-05,Delivered,Debit Card
10949,310,2024-08-11,Delivered,Credit Card
10950,1317,2024-01-05,Delivered,Credit Card
10951,1251,2024-10-14,Delivered,Debit Card
10952,950,2025-01-30,Delivered,Credit Card
10953,4635,2024-02-29,Delivered,Credit Card
10954,3030,2025-01-20,Delivered,Debit Card
10955,209,2024-10-21,Delivered,Credit Card
10956,4518,2024-08-25,Delivered,Credit Card
10957,1508,2025-12-10,Delivered,Credit Card
10958,4941,2025-10-14,Delivered,Credit Card
10959,1134,2025-05-21,Cancelled,Credit Card
10960,422,2025-03-07,Delivered,Credit Card
10961,652,2024-12-11,Delivered,Debit Card
10962,1931,2024-02-21,Delivered,Debit Card
10963,4622,2024-08-12,Cancelled,Credit Card
10964,2762,2024-01-08,Delivered,Debit Card
10965,630,2024-09-24,Delivered,Credit Card
10966,1590,2024-12-11,Delivered,Credit Card
10967,2447,2025-03-22,Delivered,Debit Card
10968,2722,2024-09-16,Delivered,Debit Card
10969,4198,2024-07-04,Delivered,Credit Card
10970,229,2025-06-02,Delivered,Credit Card
10971,20,2024-04-20,Delivered,Debit Card
10972,3603,2024-04-01,Cancelled,Credit Card
10973,543,2025-05-23,Cancelled,Debit Card
10974,3416,2025-03-03,Delivered,PayPal
10975,1710,2025-09-26,Delivered,Credit Card
10976,1941,2025-06-23,Delivered,PayPal
10977,738,2025-10-20,Delivered,PayPal
10978,3870,2025-04-30,Cancelled,Wallet
10979,914,2025-09-06,Delivered,Credit Card
10980,41,2024-05-03,Delivered,PayPal
10981,2956,2025-01-22,Delivered,Credit Card
10982,759,2025-11-20,Delivered,Credit Card
10983,854,2025-07-29,Delivered,Credit Card
10984,1092,2024-10-21,Delivered,Credit Card
10985,3195,2025-11-07,Delivered,Credit Card
10986,3761,2024-08-16,Delivered,Credit Card
10987,4578,2024-01-18,Delivered,Debit Card
10988,4911,2025-08-04,Delivered,Debit Card
10989,1148,2024-10-27,Delivered,Debit Card
10990,1077,2024-01-26,Delivered,Debit Card
10991,1062,2024-05-29,Delivered,Credit Card
10992,936,2024-02-22,Delivered,Debit Card
10993,57,2025-12-28,Delivered,Debit Card
10994,2939,2025-09-10,Delivered,Credit Card
10995,74,2025-11-09,Delivered,Wallet
10996,193,2024-05-12,Delivered,Debit Card
10997,1984,2025-08-08,Delivered,Debit Card
10998,4052,2025-02-15,Delivered,Debit Card
10999,2446,2024-08-03,Delivered,Debit Card
11000,1988,2025-05-03,Delivered,Debit Card
11001,915,2025-11-26,Delivered,PayPal
11002,3401,2024-12-02,Delivered,Credit Card
11003,1615,2024-01-22,Delivered,Credit Card
11004,4983,2025-09-06,Delivered,Credit Card
11005,702,2024-05-17,Delivered,Wallet
11006,3928,2024-05-13,Delivered,Credit Card
11007,3407,2025-03-26,Delivered,Credit Card
11008,1829,2025-08-06,Delivered,Credit Card
11009,1965,2025-08-01,Delivered,Debit Card
11010,4810,2025-09-25,Delivered,Wallet
11011,3672,2025-10-07,Delivered,Debit Card
11012,216,2024-04-03,Cancelled,Credit Card
11013,2752,2024-08-07,Delivered,PayPal
11014,3701,2025-06-09,Cancelled,Wallet
11015,1887,2024-10-12,Delivered,Debit Card
11016,3453,2025-06-06,Delivered,Debit Card
11017,3132,2024-11-28,Delivered,Debit Card
11018,1641,2024-11-25,Cancelled,PayPal
11019,36,2024-01-20,Delivered,PayPal
11020,176,2025-03-20,Delivered,Debit Card
11021,3452,2025-09-22,Delivered,Debit Card
11022,3877,2025-08-20,Delivered,Credit Card
11023,1856,2024-09-03,Delivered,Credit Card
11024,2380,2025-05-09,Delivered,Credit Card
11025,2568,2024-05-25,Delivered,PayPal
11026,4416,2025-04-07,Delivered,Wallet
11027,2618,2024-10-25,Cancelled,Credit Card
11028,2855,2025-11-07,Delivered,Credit Card
11029,2793,2025-06-02,Delivered,Debit Card
11030,651,2024-02-23,Delivered,Credit Card
11031,3512,2025-09-27,Delivered,Credit Card
11032,4540,2025-06-12,Delivered,PayPal
11033,554,2024-06-06,Delivered,Credit Card
11034,357,2024-07-25,Delivered,Debit Card
11035,2445,2024-05-06,Delivered,Debit Card
11036,3825,2024-08-14,Delivered,Debit Card
11037,416,2025-11-19,Delivered,Credit Card
11038,3718,2025-10-20,Delivered,Credit Card
11039,1171,2025-02-06,Delivered,Credit Card
11040,918,2024-09-21,Delivered,Debit Card
11041,947,2024-09-24,Cancelled,Credit Card
11042,2631,2025-11-29,Delivered,Debit Card
11043,2994,2024-05-25,Delivered,Debit Card
11044,2309,2025-07-06,Cancelled,PayPal
11045,3031,2025-12-27,Delivered,PayPal
11046,4026,2025-09-16,Cancelled,Credit Card
11047,4155,2025-06-09,Delivered,Credit Card
11048,3646,2025-10-18,Delivered,Credit Card
11049,2610,2024-06-08,Delivered,PayPal
11050,1095,2025-12-19,Delivered,Debit Card
11051,3724,2024-03-07,Delivered,Credit Card
11052,3366,2024-01-11,Delivered,Debit Card
11053,4446,2024-05-25,Delivered,Credit Card
11054,3562,2025-03-20,Delivered,Debit Card
11055,668,2024-06-29,Delivered,Credit Card
11056,2849,2025-04-07,Cancelled,Credit Card
11057,3605,2024-03-22,Delivered,PayPal
11058,4987,2025-05-23,Delivered,Debit Card
11059,1640,2024-06-16,Delivered,Debit Card
11060,4301,2025-01-17,Delivered,Debit Card
11061,1391,2024-03-26,Delivered,Credit Card
11062,1885,2025-12-09,Delivered,Credit Card
11063,4815,2024-10-02,Delivered,Debit Card
11064,822,2025-03-17,Delivered,Credit Card
11065,1033,2024-12-20,Delivered,Debit Card
11066,4177,2025-03-10,Delivered,Debit Card
11067,4573,2024-11-28,Delivered,Credit Card
11068,524,2024-02-23,Delivered,Credit Card
11069,4119,2025-08-28,Delivered,Debit Card
11070,2946,2025-04-14,Delivered,Credit Card
11071,4394,2024-07-04,Delivered,PayPal
11072,2485,2024-03-02,Cancelled,Credit Card
11073,2930,2025-10-09,Delivered,Credit Card
11074,1161,2024-08-30,Delivered,PayPal
11075,2924,2025-10-24,Delivered,Credit Card
11076,2093,2025-07-13,Delivered,Debit Card
11077,2013,2025-12-01,Delivered,Credit Card
11078,1400,2025-04-26,Delivered,Credit Card
11079,2005,2024-05-12,Delivered,Debit Card
11080,841,2024-01-26,Delivered,Debit Card
11081,4254,2024-06-28,Delivered,Credit Card
11082,2025,2024-11-16,Delivered,PayPal
11083,1939,2025-03-31,Delivered,Credit Card
11084,4898,2025-10-15,Delivered,PayPal
11085,2434,2024-04-12,Delivered,Debit Card
11086,3513,2025-04-08,Delivered,Wallet
11087,4982,2024-03-03,Delivered,PayPal
11088,4312,2024-12-17,Delivered,PayPal
11089,1772,2024-02-23,Cancelled,Wallet
11090,2663,2024-09-29,Delivered,PayPal
11091,4113,2025-03-18,Delivered,PayPal
11092,2502,2025-06-23,Delivered,Credit Card
11093,1386,2025-08-10,Delivered,PayPal
11094,2644,2025-01-17,Delivered,Debit Card
11095,126,2024-07-07,Cancelled,Wallet
11096,4405,2025-10-28,Delivered,PayPal
11097,2968,2025-11-12,Delivered,Credit Card
11098,1280,2025-12-07,Delivered,Credit Card
11099,2397,2025-08-01,Delivered,Credit Card
11100,158,2025-07-21,Delivered,Debit Card
11101,3934,2024-02-26,Delivered,Debit Card
11102,2655,2025-02-21,Delivered,Credit Card
11103,21,2024-10-24,Delivered,Credit Card
11104,2299,2024-07-08,Delivered,Credit Card
11105,353,2024-02-19,Cancelled,PayPal
11106,1936,2024-06-04,Delivered,Credit Card
11107,4299,2025-10-30,Delivered,Credit Card
11108,3270,2025-10-25,Delivered,Debit Card
11109,2405,2025-06-26,Delivered,Credit Card
11110,2559,2024-03-15,Delivered,Debit Card
11111,2532,2025-05-16,Delivered,PayPal
11112,487,2024-04-02,Delivered,Credit Card
11113,1126,2025-05-13,Delivered,PayPal
11114,4083,2024-01-25,Delivered,Debit Card
11115,4630,2024-07-27,Delivered,Credit Card
11116,729,2024-03-30,Delivered,Credit Card
11117,4573,2025-11-12,Delivered,Credit Card
11118,152,2025-02-19,Delivered,Credit Card
11119,2584,2025-11-04,Delivered,Credit Card
11120,4138,2024-01-15,Delivered,Wallet
11121,1090,2025-06-23,Delivered,Credit Card
11122,4745,2024-12-16,Delivered,Wallet
11123,4914,2024-12-08,Delivered,Debit Card
11124,2123,2025-09-29,Delivered,Debit Card
11125,4463,2024-02-04,Delivered,Debit Card
11126,397,2025-11-20,Delivered,PayPal
11127,2608,2024-01-21,Delivered,Wallet
11128,1463,2024-09-21,Cancelled,Credit Card
11129,3132,2024-04-10,Delivered,Credit Card
11130,1254,2025-01-16,Delivered,Credit Card
11131,2199,2025-03-10,Delivered,Credit Card
11132,3659,2025-04-13,Delivered,Credit Card
11133,1031,2025-08-05,Delivered,Debit Card
11134,4211,2025-07-02,Delivered,Credit Card
11135,3408,2025-11-23,Delivered,PayPal
11136,1254,2024-11-24,Cancelled,PayPal
11137,3346,2024-05-08,Delivered,Credit Card
11138,1590,2024-04-23,Delivered,Credit Card
11139,2737,2024-07-20,Delivered,Debit Card
11140,3052,2025-03-16,Delivered,Credit Card
11141,4073,2024-02-09,Delivered,Credit Card
11142,1743,2025-11-28,Delivered,Credit Card
11143,2260,2025-12-23,Delivered,Credit Card
11144,2213,2024-04-30,Delivered,Debit Card
11145,4305,2025-07-24,Delivered,Credit Card
11146,4209,2025-03-11,Delivered,Credit Card
11147,1086,2024-12-16,Delivered,Debit Card
11148,527,2025-06-20,Delivered,Debit Card
11149,4810,2025-02-24,Delivered,Credit Card
11150,836,2024-08-24,Delivered,Credit Card
11151,1026,2025-02-14,Delivered,Credit Card
11152,594,2024-04-09,Delivered,Debit Card
11153,801,2024-07-04,Delivered,Credit Card
11154,317,2025-12-11,Delivered,PayPal
11155,3017,2024-05-15,Cancelled,Credit Card
11156,2550,2025-03-12,Delivered,PayPal
11157,466,2024-08-04,Delivered,Credit Card
11158,3261,2024-12-05,Delivered,Credit Card
11159,840,2024-06-29,Delivered,PayPal
11160,2691,2025-02-19,Delivered,PayPal
11161,3646,2025-02-10,Delivered,Debit Card
11162,2130,2025-03-26,Delivered,Credit Card
11163,1541,2024-08-12,Delivered,Debit Card
11164,4482,2025-02-26,Delivered,PayPal
11165,4001,2025-06-16,Delivered,Credit Card
11166,4222,2025-06-09,Delivered,Credit Card
11167,778,2025-02-18,Delivered,Debit Card
11168,1366,2024-08-06,Delivered,PayPal
11169,1927,2025-01-23,Cancelled,Debit Card
11170,842,2025-01-26,Delivered,Credit Card
11171,1932,2025-11-25,Delivered,PayPal
11172,1239,2024-10-02,Delivered,PayPal
11173,2402,2024-08-23,Delivered,Debit Card
11174,3537,2025-07-01,Delivered,Credit Card
11175,2052,2025-04-08,Delivered,Credit Card
11176,3611,2024-11-07,Delivered,Debit Card
11177,1934,2024-01-01,Delivered,PayPal
11178,2472,2025-05-29,Delivered,Debit Card
11179,1643,2025-06-21,Delivered,Credit Card
11180,424,2025-11-10,Delivered,PayPal
11181,76,2025-01-01,Delivered,Credit Card
11182,917,2025-01-11,Delivered,Wallet
11183,3083,2024-06-01,Delivered,Debit Card
11184,499,2024-12-01,Delivered,Debit Card
11185,2368,2024-01-02,Delivered,Credit Card
11186,664,2024-12-31,Delivered,Credit Card
11187,1867,2025-05-31,Delivered,Wallet
11188,1353,2025-07-27,Delivered,Debit Card
11189,1058,2025-04-28,Delivered,Debit Card
11190,2577,2025-08-10,Delivered,Debit Card
11191,4457,2025-04-30,Delivered,Credit Card
11192,3265,2025-07-23,Delivered,PayPal
11193,1190,2024-11-15,Delivered,Credit Card
11194,4246,2025-03-15,Delivered,Credit Card
11195,4605,2025-04-11,Delivered,Credit Card
11196,3784,2025-02-21,Delivered,Debit Card
11197,1087,2025-02-21,Delivered,Credit Card
11198,838,2025-07-24,Delivered,Wallet
11199,4858,2024-06-23,Delivered,PayPal
11200,4445,2024-08-19,Cancelled,Wallet
11201,2100,2025-01-13,Delivered,Debit Card
11202,2286,2025-04-16,Cancelled,Credit Card
11203,2664,2025-01-10,Cancelled,Wallet
11204,4444,2024-05-25,Delivered,Credit Card
11205,1495,2025-08-24,Delivered,Wallet
11206,3392,2025-02-02,Delivered,Credit Card
11207,4696,2024-11-12,Delivered,PayPal
11208,1497,2025-10-02,Delivered,PayPal
11209,1413,2024-11-14,Delivered,Debit Card
11210,673,2024-04-27,Delivered,PayPal
11211,3652,2025-12-19,Delivered,Credit Card
11212,1361,2024-10-06,Delivered,Credit Card
11213,103,2025-10-14,Delivered,Credit Card
11214,2514,2025-01-12,Delivered,Wallet
11215,2794,2024-06-25,Cancelled,Debit Card
11216,88,2024-10-01,Delivered,Credit Card
11217,3708,2025-10-26,Delivered,Credit Card
11218,2794,2025-11-20,Delivered,PayPal
11219,2355,2024-04-10,Delivered,PayPal
11220,1719,2025-12-21,Delivered,Wallet
11221,3217,2025-09-14,Delivered,Credit Card
11222,3755,2025-04-17,Cancelled,Debit Card
11223,3841,2024-05-13,Delivered,Credit Card
11224,1941,2025-03-04,Cancelled,PayPal
11225,2502,2024-11-06,Delivered,PayPal
11226,1270,2024-03-31,Delivered,Credit Card
11227,1091,2025-12-19,Delivered,Debit Card
11228,4313,2025-03-16,Delivered,Credit Card
11229,1984,2024-03-11,Delivered,Debit Card
11230,1368,2024-09-06,Delivered,Credit Card
11231,3654,2025-09-05,Delivered,Credit Card
11232,3484,2024-11-18,Delivered,Credit Card
11233,1356,2024-12-27,Delivered,Credit Card
11234,874,2024-04-14,Delivered,Debit Card
11235,3161,2024-03-22,Delivered,Debit Card
11236,4591,2025-12-14,Delivered,Wallet
11237,742,2025-11-26,Delivered,Credit Card
11238,1198,2024-03-10,Delivered,Debit Card
11239,4652,2025-02-04,Delivered,Wallet
11240,3664,2025-05-12,Delivered,Debit Card
11241,3015,2025-10-04,Delivered,PayPal
11242,1680,2025-02-12,Delivered,Wallet
11243,2342,2025-09-26,Delivered,PayPal
11244,946,2024-03-29,Delivered,Credit Card
11245,4058,2024-01-11,Delivered,Credit Card
11246,2508,2024-12-05,Delivered,Credit Card
11247,3986,2024-07-12,Cancelled,Debit Card
11248,4389,2025-07-05,Delivered,Debit Card
11249,487,2024-09-02,Delivered,Credit Card
11250,4313,2024-10-24,Delivered,Credit Card
11251,1536,2025-01-25,Delivered,Credit Card
11252,1639,2025-12-02,Delivered,Debit Card
11253,2293,2024-02-22,Delivered,Credit Card
11254,1487,2025-02-07,Delivered,Credit Card
11255,1703,2024-10-10,Delivered,Debit Card
11256,3468,2024-01-27,Delivered,Credit Card
11257,1587,2025-08-17,Delivered,Debit Card
11258,3040,2025-10-29,Delivered,Credit Card
11259,1761,2024-05-06,Delivered,Debit Card
11260,1627,2025-07-08,Delivered,PayPal
11261,711,2025-05-26,Delivered,Credit Card
11262,4319,2025-05-29,Delivered,Credit Card
11263,598,2024-12-02,Delivered,Wallet
11264,2769,2024-08-21,Delivered,PayPal
11265,1302,2024-02-21,Delivered,Credit Card
11266,4941,2024-01-26,Delivered,PayPal
11267,351,2024-05-09,Delivered,Debit Card
11268,2129,2025-01-20,Delivered,Debit Card
11269,2552,2024-04-12,Delivered,PayPal
11270,4934,2025-05-16,Delivered,Credit Card
11271,766,2025-03-28,Delivered,Debit Card
11272,4165,2024-09-08,Delivered,Credit Card
11273,338,2024-03-04,Delivered,Debit Card
11274,1451,2025-01-12,Delivered,Credit Card
11275,4186,2025-08-23,Delivered,Wallet
11276,1885,2024-10-14,Delivered,Debit Card
11277,2938,2025-08-11,Delivered,PayPal
11278,1958,2024-07-27,Delivered,Credit Card
11279,4492,2024-02-28,Delivered,Credit Card
11280,461,2025-04-19,Delivered,PayPal
11281,4917,2025-10-10,Delivered,Credit Card
11282,1171,2025-10-07,Delivered,Wallet
11283,2968,2025-12-01,Delivered,Debit Card
11284,1308,2024-03-19,Delivered,PayPal
11285,3980,2024-02-01,Delivered,Credit Card
11286,3522,2025-02-19,Delivered,Credit Card
11287,798,2025-11-24,Delivered,Credit Card
11288,1233,2025-12-29,Delivered,Wallet
11289,3492,2024-07-23,Delivered,Credit Card
11290,2513,2024-09-30,Delivered,PayPal
11291,2748,2025-04-30,Delivered,Debit Card
11292,1833,2025-10-28,Delivered,PayPal
11293,3382,2024-05-07,Delivered,Wallet
11294,4646,2025-12-13,Delivered,PayPal
11295,524,2025-08-19,Delivered,Credit Card
11296,3468,2024-02-19,Delivered,PayPal
11297,4680,2025-09-06,Delivered,Debit Card
11298,1109,2025-04-13,Delivered,Debit Card
11299,2088,2025-12-15,Delivered,Credit Card
11300,2834,2024-06-01,Delivered,PayPal
11301,3879,2025-12-25,Delivered,Credit Card
11302,3437,2024-02-04,Delivered,PayPal
11303,4954,2024-02-25,Delivered,Credit Card
11304,2786,2024-11-22,Delivered,Debit Card
11305,4367,2025-04-25,Delivered,Credit Card
11306,2600,2024-05-01,Delivered,Credit Card
11307,1559,2024-07-18,Delivered,Wallet
11308,3372,2024-10-11,Delivered,PayPal
11309,2010,2024-04-01,Delivered,Credit Card
11310,3289,2024-05-08,Delivered,Debit Card
11311,3244,2024-04-18,Delivered,PayPal
11312,369,2025-11-27,Delivered,Debit Card
11313,2691,2025-11-14,Delivered,Credit Card
11314,68,2025-04-03,Delivered,PayPal
11315,2052,2025-05-14,Delivered,Credit Card
11316,3286,2024-04-10,Delivered,Debit Card
11317,3267,2024-02-06,Delivered,Debit Card
11318,517,2024-10-02,Delivered,Debit Card
11319,4548,2025-12-19,Delivered,Credit Card
11320,3690,2024-12-14,Delivered,Credit Card
11321,1548,2025-08-12,Delivered,Wallet
11322,2249,2024-09-26,Delivered,PayPal
11323,642,2024-08-13,Delivered,Wallet
11324,1814,2025-08-15,Delivered,PayPal
11325,3379,2024-12-09,Delivered,Credit Card
11326,4412,2025-06-18,Delivered,Debit Card
11327,2948,2025-06-14,Delivered,Credit Card
11328,1414,2025-06-14,Delivered,Credit Card
11329,4528,2025-05-08,Delivered,Credit Card
11330,2722,2025-08-13,Delivered,Credit Card
11331,3714,2024-12-04,Delivered,Credit Card
11332,3544,2024-08-09,Delivered,Credit Card
11333,1986,2025-01-09,Delivered,Debit Card
11334,103,2024-08-24,Delivered,Wallet
11335,3167,2024-02-01,Delivered,Credit Card
11336,4460,2024-09-21,Delivered,Credit Card
11337,4312,2024-12-31,Delivered,Credit Card
11338,4300,2025-01-14,Delivered,PayPal
11339,1738,2024-09-05,Delivered,Credit Card
11340,4528,2025-06-13,Delivered,Debit Card
11341,70,2024-07-27,Delivered,Credit Card
11342,1583,2025-04-17,Delivered,PayPal
11343,3132,2024-07-15,Delivered,Debit Card
11344,1557,2025-12-21,Delivered,Credit Card
11345,130,2025-04-18,Delivered,Wallet
11346,872,2025-02-10,Delivered,Debit Card
11347,4688,2024-11-09,Delivered,Credit Card
11348,2141,2025-07-05,Delivered,Debit Card
11349,841,2024-11-06,Delivered,Credit Card
11350,3097,2025-08-09,Delivered,Wallet
11351,1872,2024-04-26,Cancelled,Credit Card
11352,1967,2025-08-21,Delivered,PayPal
11353,4732,2025-12-03,Delivered,PayPal
11354,2714,2024-06-26,Delivered,Debit Card
11355,400,2024-06-12,Delivered,Credit Card
11356,4711,2025-11-28,Delivered,Credit Card
11357,22,2024-10-23,Delivered,PayPal
11358,3434,2025-05-22,Delivered,Debit Card
11359,519,2024-05-18,Delivered,Wallet
11360,1360,2024-11-08,Delivered,Debit Card
11361,4931,2025-05-28,Delivered,Debit Card
11362,844,2025-10-15,Delivered,Wallet
11363,4859,2024-11-14,Delivered,Debit Card
11364,1464,2024-02-24,Cancelled,Credit Card
11365,1923,2024-10-28,Delivered,PayPal
11366,4687,2025-04-14,Delivered,Credit Card
11367,3715,2025-09-30,Delivered,Debit Card
11368,1472,2025-08-31,Delivered,Credit Card
11369,3680,2025-07-08,Delivered,Wallet
11370,2386,2024-04-30,Delivered,Wallet
11371,500,2025-01-14,Delivered,PayPal
11372,1261,2025-02-24,Cancelled,Credit Card
11373,1176,2024-12-08,Delivered,PayPal
11374,2370,2025-11-04,Delivered,Credit Card
11375,4445,2025-12-01,Delivered,Credit Card
11376,2846,2024-06-02,Delivered,PayPal
11377,829,2025-11-29,Delivered,Credit Card
11378,3037,2025-09-09,Delivered,Credit Card
11379,2605,2025-05-29,Delivered,Debit Card
11380,1938,2024-10-05,Delivered,PayPal
11381,1221,2025-07-08,Delivered,Credit Card
11382,3564,2025-03-03,Delivered,Debit Card
11383,2789,2025-10-18,Cancelled,Wallet
11384,2148,2025-06-03,Delivered,Credit Card
11385,983,2025-12-04,Delivered,PayPal
11386,604,2024-11-02,Delivered,Debit Card
11387,1079,2024-03-01,Delivered,Credit Card
11388,3101,2024-12-25,Delivered,Credit Card
11389,234,2025-12-29,Delivered,Credit Card
11390,359,2025-04-23,Delivered,PayPal
11391,4951,2025-05-28,Delivered,Debit Card
11392,1341,2025-04-01,Delivered,Credit Card
11393,566,2025-03-08,Delivered,Credit Card
11394,4824,2024-02-14,Delivered,PayPal
11395,2079,2024-10-28,Delivered,Credit Card
11396,6,2024-03-04,Delivered,Credit Card
11397,2088,2024-09-02,Delivered,Wallet
11398,103,2025-06-09,Delivered,Credit Card
11399,1519,2025-08-10,Delivered,PayPal
11400,4727,2024-06-12,Delivered,Credit Card
11401,3970,2025-04-22,Delivered,Credit Card
11402,2091,2024-06-14,Delivered,Credit Card
11403,1689,2024-05-26,Delivered,PayPal
11404,2919,2025-12-01,Delivered,PayPal
11405,3128,2025-03-21,Delivered,Credit Card
11406,3795,2024-05-24,Delivered,PayPal
11407,2716,2024-04-13,Delivered,PayPal
11408,387,2024-02-06,Delivered,Debit Card
11409,4321,2024-12-28,Delivered,Debit Card
11410,1679,2024-03-14,Delivered,Debit Card
11411,4098,2025-03-01,Delivered,Credit Card
11412,4055,2024-11-12,Delivered,PayPal
11413,1090,2025-04-09,Delivered,Debit Card
11414,2574,2024-05-31,Delivered,PayPal
11415,3751,2024-04-16,Delivered,PayPal
11416,1789,2024-03-14,Delivered,PayPal
11417,3963,2024-03-10,Delivered,PayPal
11418,2619,2024-02-22,Delivered,Wallet
11419,4596,2024-07-07,Delivered,Debit Card
11420,4484,2025-08-07,Delivered,PayPal
11421,4817,2025-03-19,Delivered,PayPal
11422,1102,2024-07-01,Delivered,Credit Card
11423,3685,2025-11-11,Delivered,Debit Card
11424,3759,2025-07-09,Delivered,PayPal
11425,2250,2025-07-22,Delivered,Credit Card
11426,842,2025-10-17,Delivered,Debit Card
11427,1465,2025-06-28,Delivered,Credit Card
11428,2575,2025-11-29,Cancelled,Credit Card
11429,4324,2024-08-29,Delivered,Debit Card
11430,4580,2025-09-16,Delivered,Credit Card
11431,4578,2024-03-22,Delivered,PayPal
11432,4732,2024-08-07,Delivered,Debit Card
11433,488,2025-10-13,Delivered,Credit Card
11434,4978,2024-04-07,Delivered,Credit Card
11435,2772,2024-12-31,Delivered,Credit Card
11436,498,2024-09-05,Delivered,Debit Card
11437,646,2024-03-14,Delivered,PayPal
11438,1276,2024-06-21,Delivered,Debit Card
11439,1258,2025-01-25,Delivered,Credit Card
11440,556,2025-04-05,Delivered,Debit Card
11441,1916,2025-05-08,Delivered,Wallet
11442,2733,2024-04-05,Delivered,Wallet
11443,1556,2024-08-21,Delivered,PayPal
11444,3340,2024-03-17,Delivered,Credit Card
11445,3580,2024-01-07,Delivered,Credit Card
11446,2000,2024-10-12,Delivered,Debit Card
11447,395,2025-03-29,Delivered,Credit Card
11448,1559,2024-09-27,Cancelled,Debit Card
11449,3069,2024-01-30,Cancelled,Credit Card
11450,1961,2024-06-09,Delivered,Wallet
11451,2908,2024-11-11,Delivered,PayPal
11452,4214,2024-09-16,Delivered,Wallet
11453,3936,2025-08-25,Delivered,PayPal
11454,3118,2025-03-12,Delivered,Credit Card
11455,484,2025-12-30,Delivered,Debit Card
11456,3734,2024-05-08,Delivered,PayPal
11457,1664,2024-09-27,Delivered,Credit Card
11458,2077,2024-03-04,Cancelled,Credit Card
11459,3486,2024-01-15,Delivered,Credit Card
11460,4162,2025-11-05,Delivered,Credit Card
11461,3559,2024-12-25,Delivered,Debit Card
11462,1507,2025-04-26,Delivered,Credit Card
11463,2249,2024-07-20,Cancelled,Credit Card
11464,1812,2024-02-07,Delivered,Debit Card
11465,2309,2025-10-13,Delivered,PayPal
11466,3783,2025-04-25,Delivered,Credit Card
11467,4825,2025-06-03,Delivered,PayPal
11468,1955,2025-01-24,Delivered,Wallet
11469,1632,2024-10-22,Delivered,Credit Card
11470,4417,2024-11-04,Delivered,Debit Card
11471,751,2025-07-10,Delivered,Credit Card
11472,1955,2024-06-14,Delivered,Debit Card
11473,4765,2024-09-06,Delivered,PayPal
11474,4410,2024-08-12,Delivered,Credit Card
11475,4049,2025-01-15,Delivered,PayPal
11476,4444,2025-12-07,Delivered,Credit Card
11477,1186,2025-11-04,Delivered,PayPal
11478,291,2025-02-01,Delivered,Debit Card
11479,4287,2024-05-26,Delivered,Credit Card
11480,2460,2025-11-17,Delivered,Wallet
11481,1262,2024-08-16,Cancelled,Debit Card
11482,2388,2024-09-17,Delivered,Credit Card
11483,4138,2025-10-08,Delivered,PayPal
11484,2460,2024-07-11,Delivered,Credit Card
11485,3143,2024-12-03,Delivered,Wallet
11486,2567,2025-10-31,Delivered,Credit Card
11487,2413,2024-08-20,Delivered,Debit Card
11488,4764,2025-03-31,Delivered,Debit Card
11489,4641,2024-01-28,Delivered,Debit Card
11490,2121,2025-12-27,Delivered,Debit Card
11491,4047,2024-11-01,Delivered,Credit Card
11492,3614,2025-05-04,Delivered,Debit Card
11493,650,2024-12-31,Delivered,Credit Card
11494,4235,2024-11-12,Delivered,PayPal
11495,3528,2024-10-23,Delivered,Credit Card
11496,4282,2024-01-13,Delivered,PayPal
11497,3948,2024-07-21,Delivered,PayPal
11498,4674,2024-10-04,Delivered,PayPal
11499,2706,2024-09-26,Delivered,Credit Card
11500,306,2024-07-18,Delivered,PayPal
11501,1381,2025-04-13,Delivered,Debit Card
11502,731,2025-08-28,Delivered,Wallet
11503,1173,2025-10-12,Delivered,Credit Card
11504,2863,2025-12-10,Delivered,PayPal
11505,4871,2025-04-19,Delivered,Debit Card
11506,3814,2024-10-27,Delivered,Wallet
11507,2184,2025-04-16,Delivered,Credit Card
11508,2452,2024-04-06,Delivered,Credit Card
11509,2595,2025-08-19,Delivered,PayPal
11510,2054,2025-01-25,Delivered,Credit Card
11511,2991,2024-04-30,Delivered,Debit Card
11512,4709,2024-11-06,Delivered,Credit Card
11513,504,2024-08-07,Delivered,Wallet
11514,1781,2024-09-12,Delivered,Debit Card
11515,407,2024-02-06,Delivered,Credit Card
11516,4255,2024-01-12,Delivered,PayPal
11517,991,2024-09-12,Delivered,Credit Card
11518,3267,2024-08-08,Delivered,Credit Card
11519,327,2025-12-30,Delivered,PayPal
11520,2385,2024-07-10,Delivered,Credit Card
11521,4493,2024-08-28,Delivered,Credit Card
11522,4763,2025-10-30,Delivered,Debit Card
11523,741,2025-09-19,Delivered,Credit Card
11524,3308,2024-02-11,Delivered,Wallet
11525,1133,2024-03-03,Delivered,PayPal
11526,3648,2024-03-10,Delivered,PayPal
11527,2687,2024-12-01,Delivered,PayPal
11528,3992,2025-02-21,Delivered,PayPal
11529,4482,2024-09-13,Delivered,Credit Card
11530,1770,2024-01-10,Delivered,Debit Card
11531,246,2024-05-27,Cancelled,Wallet
11532,1587,2025-03-24,Delivered,Debit Card
11533,1080,2024-09-28,Delivered,Wallet
11534,623,2024-03-31,Delivered,PayPal
11535,3587,2025-04-20,Delivered,Credit Card
11536,4514,2025-03-23,Cancelled,Debit Card
11537,2596,2024-12-23,Delivered,Credit Card
11538,2664,2025-11-17,Delivered,PayPal
11539,2973,2025-09-08,Delivered,Wallet
11540,4492,2024-01-30,Delivered,Debit Card
11541,85,2025-10-22,Delivered,Credit Card
11542,2634,2024-02-06,Cancelled,Credit Card
11543,4335,2024-12-17,Delivered,Credit Card
11544,811,2025-10-20,Delivered,Debit Card
11545,2894,2025-12-17,Delivered,Wallet
11546,38,2024-01-17,Delivered,Credit Card
11547,4172,2024-02-22,Delivered,PayPal
11548,3275,2024-06-25,Delivered,PayPal
11549,4819,2024-07-20,Delivered,PayPal
11550,1500,2024-07-22,Delivered,Credit Card
11551,3661,2024-10-31,Delivered,Credit Card
11552,3847,2024-08-20,Delivered,Credit Card
11553,156,2025-03-01,Delivered,Credit Card
11554,3797,2025-09-15,Delivered,Credit Card
11555,3558,2025-02-02,Delivered,Debit Card
11556,3071,2024-08-30,Delivered,PayPal
11557,2818,2025-02-18,Delivered,Credit Card
11558,4002,2025-03-28,Delivered,Debit Card
11559,518,2025-10-16,Delivered,Debit Card
11560,1964,2025-11-22,Delivered,Credit Card
11561,1353,2024-07-21,Delivered,Credit Card
11562,4227,2025-11-01,Cancelled,Credit Card
11563,845,2025-08-19,Delivered,Debit Card
11564,304,2024-04-03,Delivered,Debit Card
11565,4625,2025-02-11,Delivered,Credit Card
11566,1982,2024-04-21,Delivered,Credit Card
11567,3977,2024-12-24,Delivered,Credit Card
11568,1167,2024-02-02,Delivered,Credit Card
11569,3505,2024-08-06,Delivered,PayPal
11570,4628,2025-03-05,Delivered,Debit Card
11571,3817,2024-08-09,Delivered,Debit Card
11572,1473,2024-01-08,Delivered,Debit Card
11573,3007,2024-10-10,Delivered,Credit Card
11574,4158,2025-01-30,Delivered,Credit Card
11575,4277,2025-07-11,Delivered,Debit Card
11576,1498,2024-04-09,Cancelled,PayPal
11577,1144,2024-12-14,Cancelled,PayPal
11578,2168,2024-05-25,Delivered,PayPal
11579,1253,2024-04-22,Delivered,Debit Card
11580,3602,2024-03-30,Delivered,PayPal
11581,2959,2025-07-08,Delivered,PayPal
11582,2398,2025-11-02,Delivered,Wallet
11583,4051,2025-04-29,Delivered,Credit Card
11584,1070,2024-10-03,Delivered,Credit Card
11585,4179,2025-11-23,Delivered,Debit Card
11586,2819,2024-12-28,Cancelled,Credit Card
11587,4882,2025-01-21,Cancelled,Credit Card
11588,2999,2025-04-08,Delivered,PayPal
11589,3812,2025-04-22,Delivered,Debit Card
11590,949,2024-12-25,Delivered,Debit Card
11591,1164,2024-12-15,Delivered,Credit Card
11592,2782,2024-08-20,Delivered,Debit Card
11593,1154,2025-05-11,Delivered,Debit Card
11594,221,2025-05-05,Delivered,Credit Card
11595,2228,2024-11-14,Delivered,Credit Card
11596,1318,2025-06-03,Delivered,Debit Card
11597,3251,2024-04-10,Delivered,Wallet
11598,2884,2024-10-30,Delivered,Credit Card
11599,2565,2025-12-21,Delivered,Credit Card
11600,4157,2025-06-19,Delivered,Credit Card
11601,338,2025-06-09,Delivered,Credit Card
11602,3920,2025-09-22,Delivered,Debit Card
11603,2410,2025-03-20,Delivered,Credit Card
11604,3483,2025-04-28,Delivered,Credit Card
11605,4086,2024-12-17,Delivered,Wallet
11606,1511,2025-08-26,Delivered,Credit Card
11607,1202,2025-06-03,Delivered,Debit Card
11608,3765,2025-01-17,Delivered,Wallet
11609,3176,2024-04-02,Delivered,Debit Card
11610,932,2025-08-11,Cancelled,Credit Card
11611,1349,2024-08-26,Delivered,Credit Card
11612,4271,2024-09-19,Delivered,PayPal
11613,2779,2024-04-01,Delivered,PayPal
11614,4557,2024-06-07,Delivered,Credit Card
11615,3505,2024-04-01,Delivered,Debit Card
11616,1032,2024-03-12,Cancelled,Credit Card
11617,1037,2024-01-16,Cancelled,Credit Card
11618,4827,2024-08-03,Delivered,Wallet
11619,3698,2025-07-05,Delivered,Credit Card
11620,2973,2025-09-22,Delivered,Credit Card
11621,3383,2024-06-14,Delivered,Debit Card
11622,2072,2024-11-05,Delivered,PayPal
11623,1564,2025-08-30,Delivered,PayPal
11624,4119,2025-05-31,Delivered,Debit Card
11625,4475,2025-10-22,Delivered,PayPal
11626,4532,2024-11-02,Delivered,PayPal
11627,3903,2024-05-03,Delivered,Wallet
11628,4358,2024-04-14,Delivered,Debit Card
11629,2606,2025-06-01,Delivered,Debit Card
11630,1557,2024-01-20,Delivered,Wallet
11631,414,2024-12-02,Delivered,Credit Card
11632,1544,2024-09-14,Delivered,Debit Card
11633,2204,2025-11-01,Cancelled,PayPal
11634,419,2025-12-29,Delivered,Wallet
11635,1650,2024-12-19,Delivered,Credit Card
11636,4643,2025-02-27,Delivered,Debit Card
11637,1313,2024-10-03,Delivered,PayPal
11638,1966,2025-07-21,Delivered,Debit Card
11639,3218,2024-08-03,Delivered,Credit Card
11640,4425,2025-06-27,Cancelled,Credit Card
11641,4609,2025-10-21,Delivered,Credit Card
11642,4062,2024-05-05,Delivered,Credit Card
11643,733,2024-06-14,Delivered,Credit Card
11644,558,2024-10-03,Delivered,PayPal
11645,3709,2025-08-27,Delivered,Credit Card
11646,4428,2025-04-12,Delivered,Credit Card
11647,3109,2024-05-21,Delivered,Debit Card
11648,4572,2024-09-25,Delivered,Credit Card
11649,3336,2025-04-14,Delivered,Wallet
11650,1755,2025-12-05,Delivered,Credit Card
11651,4226,2024-11-25,Delivered,PayPal
11652,3788,2024-02-24,Delivered,Credit Card
11653,1878,2024-03-17,Delivered,Wallet
11654,2948,2024-01-21,Delivered,Debit Card
11655,2898,2024-04-01,Delivered,Wallet
11656,496,2024-10-28,Delivered,Debit Card
11657,1385,2024-07-24,Cancelled,Debit Card
11658,1139,2024-08-07,Cancelled,Credit Card
11659,1422,2025-07-13,Delivered,Credit Card
11660,2629,2024-12-14,Delivered,Credit Card
11661,2567,2025-06-16,Delivered,PayPal
11662,4292,2025-01-30,Delivered,Debit Card
11663,37,2024-05-29,Delivered,Debit Card
11664,4123,2025-11-23,Delivered,Credit Card
11665,1241,2024-12-13,Delivered,Credit Card
11666,1756,2025-09-02,Delivered,Debit Card
11667,759,2024-03-11,Delivered,Credit Card
11668,67,2025-09-12,Cancelled,Credit Card
11669,600,2025-06-06,Delivered,Wallet
11670,1123,2024-07-01,Delivered,Credit Card
11671,1924,2025-08-02,Delivered,Debit Card
11672,1559,2025-06-26,Delivered,Credit Card
11673,522,2025-10-14,Delivered,Debit Card
11674,1690,2024-06-02,Delivered,Debit Card
11675,772,2025-10-08,Delivered,PayPal
11676,3419,2025-07-10,Delivered,PayPal
11677,3344,2024-09-03,Cancelled,Credit Card
11678,314,2024-09-12,Delivered,Credit Card
11679,3257,2024-07-04,Delivered,Credit Card
11680,4542,2024-12-14,Delivered,Debit Card
11681,4726,2025-10-16,Delivered,Credit Card
11682,284,2025-09-03,Delivered,Debit Card
11683,4602,2024-04-16,Delivered,Credit Card
11684,2035,2024-04-05,Delivered,Debit Card
11685,4370,2024-02-13,Cancelled,Credit Card
11686,1019,2025-03-24,Delivered,Wallet
11687,3455,2024-08-17,Delivered,Wallet
11688,4014,2025-07-09,Delivered,Credit Card
11689,1333,2025-07-09,Delivered,Wallet
11690,3688,2024-05-24,Delivered,PayPal
11691,891,2025-05-21,Delivered,Credit Card
11692,3549,2025-07-12,Delivered,Debit Card
11693,4748,2025-12-21,Delivered,Credit Card
11694,1497,2025-06-11,Delivered,PayPal
11695,4799,2024-09-19,Delivered,PayPal
11696,3336,2025-12-30,Delivered,Debit Card
11697,2523,2024-07-20,Delivered,Debit Card
11698,1637,2025-08-10,Delivered,PayPal
11699,2743,2024-10-03,Delivered,Debit Card
11700,4920,2025-11-13,Delivered,Debit Card
11701,27,2025-07-25,Delivered,Debit Card
11702,4332,2025-03-13,Delivered,PayPal
11703,743,2024-06-05,Delivered,Debit Card
11704,4382,2024-05-17,Delivered,Credit Card
11705,2730,2025-11-22,Cancelled,Credit Card
11706,4495,2025-08-08,Delivered,Credit Card
11707,909,2025-01-09,Cancelled,Debit Card
11708,239,2025-10-02,Delivered,Credit Card
11709,2394,2025-07-25,Delivered,Credit Card
11710,3891,2024-10-10,Delivered,PayPal
11711,3975,2025-08-26,Cancelled,PayPal
11712,3823,2025-08-04,Delivered,Debit Card
11713,4004,2024-12-15,Delivered,Debit Card
11714,3878,2024-01-15,Delivered,Debit Card
11715,4309,2025-06-25,Delivered,Debit Card
11716,853,2024-09-04,Delivered,Credit Card
11717,1179,2024-09-23,Delivered,Debit Card
11718,18,2025-06-04,Delivered,Debit Card
11719,2160,2025-08-14,Delivered,Credit Card
11720,1315,2024-03-05,Delivered,PayPal
11721,3135,2025-08-24,Delivered,Credit Card
11722,2765,2024-08-01,Delivered,Credit Card
11723,2906,2025-02-17,Delivered,Wallet
11724,3294,2025-09-26,Delivered,Credit Card
11725,4996,2024-06-08,Delivered,Credit Card
11726,533,2024-06-10,Delivered,Debit Card
11727,1382,2025-12-09,Delivered,Credit Card
11728,2088,2024-09-29,Delivered,PayPal
11729,357,2025-11-22,Delivered,Credit Card
11730,4093,2024-09-17,Delivered,Wallet
11731,1940,2025-03-28,Delivered,Credit Card
11732,834,2025-01-07,Delivered,Credit Card
11733,2591,2025-12-19,Delivered,Debit Card
11734,960,2025-02-05,Delivered,Credit Card
11735,1937,2025-01-02,Delivered,Credit Card
11736,3223,2024-12-06,Delivered,Credit Card
11737,1597,2024-10-01,Delivered,Credit Card
11738,4164,2024-11-17,Delivered,PayPal
11739,1287,2024-12-02,Delivered,PayPal
11740,575,2025-07-11,Delivered,Credit Card
11741,2138,2024-02-03,Delivered,Debit Card
11742,957,2024-12-31,Delivered,Debit Card
11743,3447,2025-02-04,Delivered,Credit Card
11744,2620,2025-07-03,Delivered,Debit Card
11745,745,2025-05-01,Delivered,Wallet
11746,1683,2024-11-11,Delivered,Credit Card
11747,4328,2024-03-20,Delivered,Credit Card
11748,4094,2024-09-28,Delivered,Credit Card
11749,3206,2024-07-05,Delivered,Debit Card
11750,4516,2024-05-29,Delivered,PayPal
11751,537,2025-06-10,Delivered,Credit Card
11752,3660,2024-12-15,Delivered,Credit Card
11753,118,2025-08-02,Delivered,Credit Card
11754,3000,2024-04-11,Delivered,PayPal
11755,257,2025-12-20,Delivered,Debit Card
11756,1710,2024-12-11,Delivered,Credit Card
11757,452,2024-07-03,Delivered,Credit Card
11758,1270,2024-09-21,Delivered,Credit Card
11759,3218,2025-09-06,Delivered,Wallet
11760,3911,2025-06-02,Delivered,Debit Card
11761,4705,2024-05-05,Delivered,Credit Card
11762,4942,2025-12-23,Delivered,Wallet
11763,667,2024-04-05,Delivered,Wallet
11764,4598,2024-07-20,Delivered,Credit Card
11765,1422,2025-06-16,Delivered,Credit Card
11766,4423,2025-01-21,Delivered,Wallet
11767,4330,2024-11-21,Delivered,Credit Card
11768,4596,2025-11-07,Delivered,Credit Card
11769,2529,2025-08-02,Delivered,Credit Card
11770,3753,2025-12-03,Delivered,PayPal
11771,2136,2024-07-25,Delivered,Credit Card
11772,390,2025-09-12,Delivered,Credit Card
11773,2367,2024-06-04,Delivered,PayPal
11774,1006,2025-08-11,Delivered,PayPal
11775,506,2025-02-04,Delivered,Credit Card
11776,670,2025-03-12,Delivered,Credit Card
11777,1098,2024-03-25,Delivered,Debit Card
11778,3983,2025-10-03,Delivered,Credit Card
11779,4811,2024-07-22,Delivered,Debit Card
11780,4252,2025-03-12,Delivered,Credit Card
11781,3218,2024-05-01,Delivered,PayPal
11782,4412,2025-11-06,Delivered,Credit Card
11783,1432,2024-08-21,Delivered,Credit Card
11784,4542,2025-07-10,Delivered,Credit Card
11785,4735,2025-07-12,Delivered,Credit Card
11786,744,2025-02-05,Delivered,Debit Card
11787,1988,2024-03-29,Cancelled,Debit Card
11788,1403,2024-07-23,Delivered,PayPal
11789,705,2025-03-22,Delivered,Debit Card
11790,864,2025-01-26,Delivered,Credit Card
11791,4827,2025-03-02,Delivered,PayPal
11792,908,2024-07-01,Delivered,Credit Card
11793,3330,2025-01-27,Delivered,Debit Card
11794,4364,2024-03-03,Delivered,Debit Card
11795,3765,2024-12-19,Delivered,Credit Card
11796,2268,2024-03-07,Delivered,Debit Card
11797,113,2025-04-29,Delivered,Wallet
11798,2091,2025-02-17,Delivered,Credit Card
11799,1416,2025-09-13,Delivered,Debit Card
11800,4323,2024-12-03,Delivered,Credit Card
11801,4728,2024-04-28,Delivered,Credit Card
11802,1162,2024-06-20,Delivered,Credit Card
11803,778,2025-08-17,Delivered,Credit Card
11804,4101,2025-11-30,Delivered,Credit Card
11805,4368,2024-02-14,Delivered,PayPal
11806,4917,2025-05-08,Delivered,Credit Card
11807,3853,2024-12-17,Delivered,Debit Card
11808,2318,2024-07-07,Delivered,Credit Card
11809,1893,2025-01-08,Delivered,Credit Card
11810,300,2025-11-14,Delivered,Debit Card
11811,4434,2024-05-24,Delivered,Debit Card
11812,4966,2025-09-03,Cancelled,Debit Card
11813,4614,2024-03-06,Delivered,Debit Card
11814,2869,2025-06-10,Delivered,Debit Card
11815,4335,2024-02-24,Cancelled,Credit Card
11816,13,2024-02-14,Delivered,Credit Card
11817,2038,2024-01-28,Cancelled,Credit Card
11818,538,2025-08-10,Delivered,Credit Card
11819,2936,2025-02-22,Delivered,Credit Card
11820,12,2025-05-18,Delivered,Debit Card
11821,1531,2024-04-23,Delivered,Credit Card
11822,2098,2025-11-03,Delivered,Debit Card
11823,650,2025-08-13,Delivered,Credit Card
11824,431,2024-12-22,Delivered,Wallet
11825,4511,2025-10-18,Delivered,PayPal
11826,1362,2024-04-14,Delivered,Wallet
11827,4906,2024-08-01,Delivered,Debit Card
11828,1854,2024-02-05,Delivered,Wallet
11829,293,2024-04-30,Delivered,Credit Card
11830,518,2025-09-06,Delivered,Debit Card
11831,3439,2024-10-26,Delivered,PayPal
11832,64,2025-04-16,Delivered,Debit Card
11833,4747,2025-10-05,Delivered,Credit Card
11834,1278,2025-07-11,Delivered,Debit Card
11835,3040,2024-10-18,Delivered,Wallet
11836,2220,2024-09-11,Delivered,Debit Card
11837,236,2024-03-20,Delivered,Credit Card
11838,3515,2025-08-28,Delivered,Credit Card
11839,75,2025-12-19,Delivered,Credit Card
11840,3985,2024-12-31,Delivered,PayPal
11841,2521,2024-12-30,Delivered,Debit Card
11842,1513,2025-09-11,Delivered,Credit Card
11843,4700,2024-09-06,Delivered,PayPal
11844,1016,2024-10-23,Delivered,Credit Card
11845,1395,2025-10-14,Delivered,PayPal
11846,3229,2024-10-03,Delivered,PayPal
11847,1752,2025-11-08,Delivered,Debit Card
11848,2435,2024-04-27,Delivered,Wallet
11849,3980,2024-12-28,Delivered,PayPal
11850,4568,2024-12-23,Delivered,Credit Card
11851,4009,2024-08-11,Cancelled,Credit Card
11852,403,2025-12-04,Delivered,Wallet
11853,4719,2024-12-18,Delivered,Debit Card
11854,2105,2025-10-03,Delivered,Credit Card
11855,4194,2024-06-09,Cancelled,PayPal
11856,1430,2024-09-11,Delivered,Debit Card
11857,2970,2024-12-15,Delivered,Credit Card
11858,4823,2025-02-15,Delivered,Credit Card
11859,4694,2024-06-16,Delivered,PayPal
11860,3272,2024-08-16,Delivered,PayPal
11861,3073,2025-03-30,Delivered,Wallet
11862,147,2024-07-22,Delivered,PayPal
11863,3008,2025-07-08,Delivered,Credit Card
11864,2103,2024-12-14,Delivered,Credit Card
11865,78,2025-12-08,Delivered,Credit Card
11866,4727,2024-06-22,Delivered,Credit Card
11867,2278,2025-09-07,Delivered,PayPal
11868,3847,2024-12-23,Delivered,Credit Card
11869,215,2024-03-03,Delivered,Debit Card
11870,1226,2025-05-29,Delivered,PayPal
11871,4494,2024-06-03,Delivered,PayPal
11872,4685,2024-04-11,Delivered,Credit Card
11873,53,2025-01-23,Delivered,Credit Card
11874,4463,2025-07-27,Delivered,Credit Card
11875,1536,2024-07-07,Delivered,Debit Card
11876,1081,2025-03-30,Delivered,PayPal
11877,4976,2024-01-11,Delivered,Debit Card
11878,2673,2024-05-14,Delivered,Credit Card
11879,3976,2025-07-04,Delivered,Debit Card
11880,690,2024-01-10,Delivered,Credit Card
11881,3789,2024-09-18,Delivered,PayPal
11882,1832,2025-01-05,Delivered,Credit Card
11883,3565,2024-02-18,Delivered,Credit Card
11884,3279,2025-12-15,Delivered,Credit Card
11885,257,2025-01-06,Delivered,Debit Card
11886,4375,2024-09-04,Delivered,Credit Card
11887,1441,2025-12-14,Cancelled,Credit Card
11888,1824,2025-02-11,Delivered,PayPal
11889,3993,2025-05-10,Delivered,Credit Card
11890,4386,2024-03-06,Delivered,Credit Card
11891,4478,2024-04-25,Delivered,Credit Card
11892,2275,2024-02-03,Delivered,Credit Card
11893,1751,2025-01-10,Delivered,Debit Card
11894,4098,2025-09-02,Delivered,Credit Card
11895,1298,2025-10-20,Cancelled,Credit Card
11896,3216,2025-02-23,Delivered,Wallet
11897,1180,2024-02-09,Cancelled,Debit Card
11898,1052,2025-04-02,Delivered,PayPal
11899,2741,2025-04-10,Cancelled,PayPal
11900,4325,2025-03-11,Delivered,Credit Card
11901,1458,2025-06-10,Delivered,Debit Card
11902,3632,2025-02-10,Delivered,Debit Card
11903,107,2025-05-28,Delivered,Credit Card
11904,3490,2024-12-21,Delivered,Credit Card
11905,1954,2024-04-19,Delivered,Credit Card
11906,375,2024-02-28,Delivered,Credit Card
11907,2769,2025-10-24,Delivered,Credit Card
11908,1197,2024-11-17,Delivered,Credit Card
11909,3172,2024-08-23,Delivered,Debit Card
11910,216,2024-08-02,Delivered,Credit Card
11911,1715,2024-02-07,Delivered,PayPal
11912,1181,2025-11-20,Delivered,Credit Card
11913,1570,2024-03-01,Delivered,Debit Card
11914,40,2024-06-08,Delivered,PayPal
11915,1420,2024-11-30,Delivered,Credit Card
11916,444,2024-09-18,Cancelled,Credit Card
11917,3117,2024-01-30,Delivered,Credit Card
11918,2298,2024-08-28,Delivered,Credit Card
11919,1419,2025-07-23,Delivered,Credit Card
11920,3083,2024-07-01,Delivered,Debit Card
11921,4585,2025-09-24,Cancelled,Debit Card
11922,2710,2024-09-19,Cancelled,Credit Card
11923,1409,2024-01-10,Delivered,Wallet
11924,2017,2024-03-20,Delivered,Wallet
11925,3955,2025-08-14,Delivered,Credit Card
11926,497,2024-10-23,Delivered,PayPal
11927,1599,2025-12-17,Delivered,Credit Card
11928,2348,2025-07-29,Cancelled,PayPal
11929,3174,2024-01-23,Delivered,PayPal
11930,2883,2024-08-16,Delivered,Credit Card
11931,3496,2025-06-13,Delivered,Credit Card
11932,4700,2024-02-16,Delivered,Debit Card
11933,872,2025-12-30,Delivered,Credit Card
11934,2398,2024-05-01,Delivered,Debit Card
11935,1900,2025-08-04,Delivered,PayPal
11936,441,2025-09-05,Delivered,Credit Card
11937,638,2025-01-03,Delivered,Credit Card
11938,3143,2025-08-09,Delivered,Debit Card
11939,2554,2025-10-07,Delivered,Debit Card
11940,1465,2025-06-20,Delivered,Debit Card
11941,4548,2025-05-31,Delivered,Credit Card
11942,1556,2024-10-10,Delivered,Debit Card
11943,2982,2024-08-01,Delivered,Credit Card
11944,4943,2025-09-25,Delivered,Credit Card
11945,3509,2024-06-12,Delivered,Credit Card
11946,3641,2024-10-29,Delivered,PayPal
11947,1416,2025-01-09,Delivered,PayPal
11948,4574,2024-10-12,Delivered,PayPal
11949,2342,2024-09-29,Delivered,PayPal
11950,1508,2025-03-13,Delivered,Credit Card
11951,3704,2024-08-28,Delivered,Debit Card
11952,2653,2025-12-22,Delivered,PayPal
11953,657,2024-05-09,Delivered,PayPal
11954,100,2024-10-10,Delivered,PayPal
11955,609,2025-09-09,Delivered,Credit Card
11956,797,2024-12-13,Delivered,Credit Card
11957,1123,2025-05-29,Delivered,PayPal
11958,1728,2025-04-17,Delivered,Credit Card
11959,1184,2024-08-29,Delivered,Credit Card
11960,4516,2025-06-27,Delivered,Wallet
11961,4812,2024-06-22,Delivered,Wallet
11962,4862,2025-07-01,Delivered,Credit Card
11963,794,2024-04-03,Delivered,Credit Card
11964,2671,2025-05-21,Delivered,Credit Card
11965,526,2024-03-23,Delivered,Credit Card
11966,3545,2025-09-26,Delivered,Credit Card
11967,689,2025-04-01,Delivered,Credit Card
11968,1450,2024-01-30,Delivered,PayPal
11969,1015,2024-03-20,Delivered,Credit Card
11970,2405,2024-05-16,Delivered,Credit Card
11971,1844,2025-12-01,Delivered,Debit Card
11972,2704,2025-03-06,Delivered,Credit Card
11973,986,2024-07-22,Delivered,PayPal
11974,2542,2024-07-21,Delivered,Credit Card
11975,440,2024-01-19,Delivered,Credit Card
11976,206,2024-05-28,Delivered,Credit Card
11977,684,2025-09-16,Delivered,Credit Card
11978,1334,2025-03-13,Delivered,Credit Card
11979,3949,2024-09-25,Delivered,Wallet
11980,1653,2024-01-16,Delivered,PayPal
11981,2601,2024-09-07,Delivered,Wallet
11982,3392,2024-10-06,Delivered,Debit Card
11983,3730,2024-03-27,Delivered,Credit Card
11984,2920,2025-03-19,Delivered,Wallet
11985,884,2025-04-27,Delivered,Debit Card
11986,3315,2025-12-29,Delivered,Credit Card
11987,1526,2024-09-18,Delivered,PayPal
11988,2957,2024-07-20,Delivered,Debit Card
11989,4912,2025-08-23,Delivered,Debit Card
11990,364,2024-09-12,Delivered,PayPal
11991,429,2025-04-05,Delivered,Wallet
11992,1250,2025-06-22,Delivered,PayPal
11993,2194,2025-10-04,Cancelled,PayPal
11994,2395,2024-08-20,Delivered,Debit Card
11995,1479,2025-03-30,Delivered,Credit Card
11996,4505,2024-04-05,Delivered,Debit Card
11997,37,2025-07-22,Delivered,Debit Card
11998,2723,2024-02-02,Delivered,Credit Card
11999,2763,2025-05-23,Delivered,Debit Card
12000,3850,2024-06-01,Delivered,Credit Card
