order_id,order_line_id,customer_id,product_id,region,channel,item_quantity,order_amount,order_status,order_date
ORD0000014,ORD0000014-L1183,CUST000218,PROD000183,Southeast,marketplace,1,192.63,placed,2026-01-24
ORD0000014,ORD0000014-L3249,CUST000218,PROD000249,Northeast,marketplace,3,311.34,placed,2026-01-24
ORD0000014,ORD0000014-L1053,CUST000218,PROD000053,Northeast,marketplace,1,226.65,placed,2026-01-24
ORD0000014,ORD0000014-L3227,CUST000218,PROD000227,Southeast,store,3,1203.54,placed,2026-01-24
ORD0000051,ORD0000051-L1200,CUST000491,PROD000200,Northeast,web,1,358.34,placed,2026-01-24
ORD0000051,ORD0000051-L2248,CUST000491,PROD000248,West,mobile,2,627.82,placed,2026-01-24
ORD0000051,ORD0000051-L2096,CUST000491,PROD000096,Midwest,store,2,204.02,placed,2026-01-24
ORD0000213,ORD0000213-L2246,CUST000207,PROD000246,Southeast,marketplace,2,176.32,placed,2026-01-24
ORD0000213,ORD0000213-L3068,CUST000207,PROD000068,West,web,3,430.05,placed,2026-01-24
ORD0000263,ORD0000263-L3112,CUST000148,PROD000112,West,web,3,706.8,placed,2026-01-24
ORD0000263,ORD0000263-L3031,CUST000148,PROD000031,West,marketplace,3,264.63,placed,2026-01-24
ORD0000468,ORD0000468-L1153,CUST000028,PROD000153,Midwest,web,1,358.35,placed,2026-01-24
ORD0000468,ORD0000468-L3096,CUST000028,PROD000096,Northeast,mobile,3,306.03,placed,2026-01-24
ORD0000629,ORD0000629-L1087,CUST000138,PROD000087,Southeast,web,1,185.39,placed,2026-01-24
ORD0000629,ORD0000629-L2214,CUST000138,PROD000214,Southeast,marketplace,2,258.78,placed,2026-01-24
ORD0000629,ORD0000629-L1031,CUST000138,PROD000031,Southeast,web,1,98.01,placed,2026-01-24
ORD0000629,ORD0000629-L1179,CUST000138,PROD000179,Midwest,mobile,1,215.33,placed,2026-01-24
ORD0000724,ORD0000724-L3044,CUST000219,PROD000044,West,marketplace,3,1079.16,placed,2026-01-24
ORD0000724,ORD0000724-L1142,CUST000219,PROD000142,West,store,1,94.34,placed,2026-01-24
ORD0000742,ORD0000742-L2188,CUST000367,PROD000188,Southeast,marketplace,2,60.26,placed,2026-01-24
ORD0000742,ORD0000742-L3082,CUST000367,PROD000082,Northeast,web,3,1046.46,placed,2026-01-24
ORD0000742,ORD0000742-L1077,CUST000367,PROD000077,West,web,1,130.98,placed,2026-01-24
ORD0000748,ORD0000748-L2240,CUST000417,PROD000240,Northeast,mobile,2,807.08,placed,2026-01-24
ORD0000748,ORD0000748-L1054,CUST000417,PROD000054,Midwest,web,1,237.73,placed,2026-01-24
ORD0000748,ORD0000748-L3100,CUST000417,PROD000100,Midwest,store,3,496.71,placed,2026-01-24
ORD0000807,ORD0000807-L3154,CUST000118,PROD000154,West,marketplace,3,1001.67,placed,2026-01-24
ORD0000844,ORD0000844-L2147,CUST000044,PROD000147,Midwest,web,2,550.28,placed,2026-01-24
ORD0000856,ORD0000856-L3062,CUST000372,PROD000062,Southeast,marketplace,3,718.86,placed,2026-01-24
ORD0000856,ORD0000856-L1142,CUST000372,PROD000142,Midwest,store,1,94.34,placed,2026-01-24
ORD0000856,ORD0000856-L3145,CUST000372,PROD000145,Northeast,marketplace,3,289.14,placed,2026-01-24
ORD0001105,ORD0001105-L3011,CUST000232,PROD000011,Southeast,web,3,915.6,placed,2026-01-24
ORD0001105,ORD0001105-L3059,CUST000232,PROD000059,Northeast,mobile,3,68.73,placed,2026-01-24
ORD0001105,ORD0001105-L1141,CUST000232,PROD000141,West,marketplace,1,370.09,placed,2026-01-24
ORD0001105,ORD0001105-L3106,CUST000232,PROD000106,Northeast,store,3,430.71,placed,2026-01-24
ORD0001194,ORD0001194-L2036,CUST000280,PROD000036,Northeast,marketplace,2,788.76,placed,2026-01-24
ORD0001194,ORD0001194-L1029,CUST000280,PROD000029,Northeast,web,1,450.32,placed,2026-01-24
ORD0001194,ORD0001194-L1102,CUST000280,PROD000102,Northeast,store,1,110.39,placed,2026-01-24
ORD0001194,ORD0001194-L2030,CUST000280,PROD000030,West,web,2,135.08,placed,2026-01-24
ORD0001220,ORD0001220-L1061,CUST000432,PROD000061,Southeast,mobile,1,319.32,placed,2026-01-24
ORD0001489,ORD0001489-L3197,CUST000196,PROD000197,Midwest,store,3,1285.32,placed,2026-01-24
ORD0001489,ORD0001489-L1213,CUST000196,PROD000213,Southeast,store,1,10.89,placed,2026-01-24
ORD0001495,ORD0001495-L1233,CUST000489,PROD000233,Northeast,web,1,386.1,placed,2026-01-24
ORD0001506,ORD0001506-L2052,CUST000099,PROD000052,West,mobile,2,398.48,placed,2026-01-24
ORD0001506,ORD0001506-L1147,CUST000099,PROD000147,Northeast,web,1,261.38,placed,2026-01-24
ORD0001506,ORD0001506-L2170,CUST000099,PROD000170,Northeast,web,2,66.06,placed,2026-01-24
ORD0001506,ORD0001506-L2085,CUST000099,PROD000085,West,marketplace,2,928.3,placed,2026-01-24
ORD0001618,ORD0001618-L3057,CUST000454,PROD000057,Southeast,store,3,1204.74,placed,2026-01-24
ORD0001618,ORD0001618-L2071,CUST000454,PROD000071,Southeast,marketplace,2,179.98,placed,2026-01-24
ORD0001618,ORD0001618-L2047,CUST000454,PROD000047,Northeast,marketplace,2,278.9,placed,2026-01-24
ORD0001691,ORD0001691-L3057,CUST000457,PROD000057,Midwest,mobile,3,1144.5,placed,2026-01-24
ORD0001691,ORD0001691-L1033,CUST000457,PROD000033,Midwest,web,1,368.69,placed,2026-01-24
ORD0001691,ORD0001691-L3221,CUST000457,PROD000221,Northeast,mobile,3,646.02,placed,2026-01-24
ORD0001767,ORD0001767-L3114,CUST000337,PROD000114,Northeast,web,3,1255.11,placed,2026-01-24
ORD0001767,ORD0001767-L1164,CUST000337,PROD000164,West,store,1,16.77,placed,2026-01-24
ORD0001785,ORD0001785-L1126,CUST000395,PROD000126,Southeast,mobile,1,280.9,placed,2026-01-24
ORD0001785,ORD0001785-L2051,CUST000395,PROD000051,Southeast,web,2,768.62,placed,2026-01-24
ORD0001785,ORD0001785-L2017,CUST000395,PROD000017,West,store,2,595.36,placed,2026-01-24
ORD0001792,ORD0001792-L3146,CUST000298,PROD000146,Northeast,store,3,1028.28,placed,2026-01-24
ORD0001792,ORD0001792-L1008,CUST000298,PROD000008,Northeast,web,1,241.58,placed,2026-01-24
ORD0001792,ORD0001792-L3201,CUST000298,PROD000201,Southeast,marketplace,3,1050.21,placed,2026-01-24
ORD0001792,ORD0001792-L3217,CUST000298,PROD000217,Northeast,web,3,415.41,placed,2026-01-24
ORD0001821,ORD0001821-L3019,CUST000051,PROD000019,Midwest,web,3,901.02,placed,2026-01-24
ORD0001821,ORD0001821-L3184,CUST000051,PROD000184,West,mobile,3,1010.31,placed,2026-01-24
ORD0001821,ORD0001821-L3096,CUST000051,PROD000096,Northeast,marketplace,3,306.03,placed,2026-01-24
ORD0001821,ORD0001821-L1205,CUST000051,PROD000205,West,mobile,1,300.96,placed,2026-01-24
ORD0001957,ORD0001957-L3063,CUST000278,PROD000063,West,mobile,3,886.26,placed,2026-01-24
ORD0001957,ORD0001957-L2180,CUST000278,PROD000180,Midwest,store,2,669.88,placed,2026-01-24
ORD0001957,ORD0001957-L3042,CUST000278,PROD000042,Southeast,mobile,3,371.34,placed,2026-01-24
ORD0001959,ORD0001959-L2054,CUST000103,PROD000054,West,marketplace,2,451.68,placed,2026-01-24
ORD0001959,ORD0001959-L2084,CUST000103,PROD000084,Southeast,store,2,226.38,placed,2026-01-24
ORD0002197,ORD0002197-L3112,CUST000475,PROD000112,Midwest,web,3,706.8,placed,2026-01-24
ORD0002197,ORD0002197-L1056,CUST000475,PROD000056,Southeast,web,1,84.18,placed,2026-01-24
ORD0002197,ORD0002197-L1154,CUST000475,PROD000154,Northeast,mobile,1,317.2,placed,2026-01-24
ORD0002197,ORD0002197-L2044,CUST000475,PROD000044,Northeast,web,2,757.3,placed,2026-01-24
ORD0002199,ORD0002199-L1177,CUST000260,PROD000177,Midwest,web,1,35.77,placed,2026-01-24
ORD0002199,ORD0002199-L3199,CUST000260,PROD000199,Midwest,mobile,3,103.29,placed,2026-01-24
ORD0002199,ORD0002199-L1228,CUST000260,PROD000228,West,web,1,75.01,placed,2026-01-24
ORD0002199,ORD0002199-L3211,CUST000260,PROD000211,Midwest,marketplace,3,819.72,placed,2026-01-24
ORD0002205,ORD0002205-L2201,CUST000140,PROD000201,Northeast,mobile,2,737.0,placed,2026-01-24
ORD0002205,ORD0002205-L3048,CUST000140,PROD000048,Midwest,marketplace,3,1034.64,placed,2026-01-24
ORD0002205,ORD0002205-L2081,CUST000140,PROD000081,Midwest,store,2,456.02,placed,2026-01-24
ORD0002205,ORD0002205-L3032,CUST000140,PROD000032,Southeast,mobile,3,639.72,placed,2026-01-24
ORD0002294,ORD0002294-L1091,CUST000284,PROD000091,Southeast,store,1,189.64,placed,2026-01-24
ORD0002294,ORD0002294-L1140,CUST000284,PROD000140,West,marketplace,1,254.51,placed,2026-01-24
ORD0002301,ORD0002301-L2241,CUST000180,PROD000241,West,web,2,145.16,placed,2026-01-24
ORD0002301,ORD0002301-L3048,CUST000180,PROD000048,Southeast,mobile,3,982.92,placed,2026-01-24
ORD0002516,ORD0002516-L1155,CUST000396,PROD000155,West,store,1,151.96,placed,2026-01-24
ORD0002516,ORD0002516-L3247,CUST000396,PROD000247,Southeast,store,3,1031.64,placed,2026-01-24
ORD0002516,ORD0002516-L1238,CUST000396,PROD000238,Midwest,mobile,1,85.09,placed,2026-01-24
ORD0002600,ORD0002600-L2166,CUST000463,PROD000166,Southeast,mobile,2,445.32,placed,2026-01-24
ORD0002767,ORD0002767-L1118,CUST000386,PROD000118,Southeast,web,1,257.97,placed,2026-01-24
ORD0002767,ORD0002767-L1184,CUST000386,PROD000184,Midwest,web,1,303.09,placed,2026-01-24
ORD0002767,ORD0002767-L2056,CUST000386,PROD000056,West,mobile,2,159.5,placed,2026-01-24
ORD0002790,ORD0002790-L2081,CUST000496,PROD000081,Northeast,mobile,2,456.02,placed,2026-01-24
ORD0002790,ORD0002790-L2075,CUST000496,PROD000075,Midwest,store,2,534.34,placed,2026-01-24
ORD0002790,ORD0002790-L2131,CUST000496,PROD000131,West,web,2,330.06,placed,2026-01-24
ORD0002790,ORD0002790-L2016,CUST000496,PROD000016,Southeast,mobile,2,819.86,placed,2026-01-24
ORD0002866,ORD0002866-L2103,CUST000143,PROD000103,West,store,2,522.88,placed,2026-01-24
ORD0002935,ORD0002935-L3189,CUST000488,PROD000189,West,web,3,257.49,placed,2026-01-24
ORD0002935,ORD0002935-L3072,CUST000488,PROD000072,West,web,3,712.26,placed,2026-01-24
ORD0003049,ORD0003049-L2018,CUST000409,PROD000018,Southeast,marketplace,2,566.0,placed,2026-01-24
ORD0003076,ORD0003076-L3191,CUST000132,PROD000191,Northeast,mobile,3,917.61,placed,2026-01-24
ORD0003089,ORD0003089-L1107,CUST000321,PROD000107,Midwest,store,1,385.27,placed,2026-01-24
ORD0003089,ORD0003089-L2024,CUST000321,PROD000024,Northeast,web,2,470.3,placed,2026-01-24
ORD0003089,ORD0003089-L1171,CUST000321,PROD000171,Southeast,marketplace,1,198.19,placed,2026-01-24
ORD0003114,ORD0003114-L2035,CUST000027,PROD000035,West,mobile,2,828.3,placed,2026-01-24
ORD0003114,ORD0003114-L2075,CUST000027,PROD000075,Midwest,mobile,2,534.34,placed,2026-01-24
ORD0003114,ORD0003114-L1165,CUST000027,PROD000165,Midwest,web,1,440.41,placed,2026-01-24
ORD0003252,ORD0003252-L1077,CUST000249,PROD000077,Northeast,store,1,145.53,placed,2026-01-24
ORD0003252,ORD0003252-L3197,CUST000249,PROD000197,Southeast,mobile,3,1285.32,placed,2026-01-24
ORD0003254,ORD0003254-L1034,CUST000311,PROD000034,Northeast,marketplace,1,290.36,placed,2026-01-24
ORD0003254,ORD0003254-L3178,CUST000311,PROD000178,West,web,3,712.35,placed,2026-01-24
ORD0003254,ORD0003254-L1088,CUST000311,PROD000088,West,mobile,1,229.02,placed,2026-01-24
ORD0003288,ORD0003288-L1124,CUST000351,PROD000124,Midwest,marketplace,1,181.36,placed,2026-01-24
ORD0003460,ORD0003460-L3059,CUST000260,PROD000059,Midwest,store,3,76.35,placed,2026-01-24
ORD0003460,ORD0003460-L3077,CUST000260,PROD000077,Midwest,mobile,3,436.59,placed,2026-01-24
ORD0003465,ORD0003465-L2077,CUST000392,PROD000077,Midwest,mobile,2,276.5,placed,2026-01-24
ORD0003465,ORD0003465-L2022,CUST000392,PROD000022,West,mobile,2,120.78,placed,2026-01-24
ORD0003465,ORD0003465-L3140,CUST000392,PROD000140,Midwest,mobile,3,805.95,placed,2026-01-24
ORD0003580,ORD0003580-L1053,CUST000165,PROD000053,Northeast,mobile,1,215.32,placed,2026-01-24
ORD0003580,ORD0003580-L1103,CUST000165,PROD000103,West,marketplace,1,275.2,placed,2026-01-24
ORD0003580,ORD0003580-L1045,CUST000165,PROD000045,West,web,1,419.11,placed,2026-01-24
ORD0003635,ORD0003635-L1163,CUST000168,PROD000163,Southeast,web,1,357.16,placed,2026-01-24
ORD0003635,ORD0003635-L1015,CUST000168,PROD000015,West,mobile,1,282.45,placed,2026-01-24
ORD0003635,ORD0003635-L3121,CUST000168,PROD000121,Southeast,marketplace,3,801.45,placed,2026-01-24
ORD0003699,ORD0003699-L2057,CUST000367,PROD000057,Northeast,marketplace,2,763.0,placed,2026-01-24
ORD0003699,ORD0003699-L1164,CUST000367,PROD000164,Northeast,store,1,15.93,placed,2026-01-24
ORD0003818,ORD0003818-L1194,CUST000240,PROD000194,Midwest,store,1,184.36,placed,2026-01-24
ORD0003818,ORD0003818-L3181,CUST000240,PROD000181,West,store,3,115.47,placed,2026-01-24
ORD0003818,ORD0003818-L1119,CUST000240,PROD000119,Northeast,web,1,331.69,placed,2026-01-24
ORD0003818,ORD0003818-L2157,CUST000240,PROD000157,Southeast,marketplace,2,551.48,placed,2026-01-24
ORD0003848,ORD0003848-L2164,CUST000199,PROD000164,West,marketplace,2,33.54,placed,2026-01-24
ORD0003848,ORD0003848-L3043,CUST000199,PROD000043,Midwest,store,3,388.05,placed,2026-01-24
ORD0003848,ORD0003848-L3148,CUST000199,PROD000148,Midwest,mobile,3,424.65,placed,2026-01-24
ORD0003871,ORD0003871-L3154,CUST000458,PROD000154,Midwest,mobile,3,951.6,placed,2026-01-24
ORD0003871,ORD0003871-L1206,CUST000458,PROD000206,Midwest,mobile,1,413.1,placed,2026-01-24
ORD0003873,ORD0003873-L2199,CUST000166,PROD000199,West,web,2,68.86,placed,2026-01-24
ORD0003873,ORD0003873-L3116,CUST000166,PROD000116,Midwest,web,3,722.73,placed,2026-01-24
ORD0003873,ORD0003873-L3196,CUST000166,PROD000196,Southeast,store,3,1083.57,placed,2026-01-24
ORD0003873,ORD0003873-L2152,CUST000166,PROD000152,West,web,2,694.52,placed,2026-01-24
ORD0003886,ORD0003886-L1221,CUST000300,PROD000221,West,marketplace,1,215.34,placed,2026-01-24
ORD0003915,ORD0003915-L1022,CUST000022,PROD000022,Midwest,mobile,1,57.37,placed,2026-01-24
ORD0003915,ORD0003915-L2240,CUST000022,PROD000240,Northeast,web,2,807.08,placed,2026-01-24
ORD0003933,ORD0003933-L1204,CUST000417,PROD000204,Southeast,web,1,450.52,placed,2026-01-24
ORD0003933,ORD0003933-L1016,CUST000417,PROD000016,Midwest,marketplace,1,409.93,placed,2026-01-24
ORD0003980,ORD0003980-L1183,CUST000198,PROD000183,Midwest,web,1,192.63,placed,2026-01-24
ORD0003980,ORD0003980-L2135,CUST000198,PROD000135,West,marketplace,2,398.48,placed,2026-01-24
ORD0003980,ORD0003980-L3005,CUST000198,PROD000005,Northeast,mobile,3,958.08,placed,2026-01-24
ORD0000097,ORD0000097-L2177,CUST000063,PROD000177,Northeast,mobile,2,67.96,placed,2026-01-25
ORD0000172,ORD0000172-L1163,CUST000468,PROD000163,Midwest,web,1,357.16,placed,2026-01-25
ORD0000258,ORD0000258-L1102,CUST000436,PROD000102,Midwest,web,1,104.58,placed,2026-01-25
ORD0000258,ORD0000258-L3241,CUST000436,PROD000241,Northeast,store,3,217.74,placed,2026-01-25
ORD0000258,ORD0000258-L3058,CUST000436,PROD000058,Southeast,mobile,3,879.45,placed,2026-01-25
ORD0000258,ORD0000258-L3196,CUST000436,PROD000196,Northeast,web,3,1026.54,placed,2026-01-25
ORD0000326,ORD0000326-L3202,CUST000281,PROD000202,Northeast,store,3,1167.06,placed,2026-01-25
ORD0000326,ORD0000326-L3179,CUST000281,PROD000179,West,marketplace,3,645.99,placed,2026-01-25
ORD0000359,ORD0000359-L1031,CUST000257,PROD000031,Northeast,mobile,1,93.11,placed,2026-01-25
ORD0000489,ORD0000489-L1246,CUST000468,PROD000246,Northeast,mobile,1,97.95,placed,2026-01-25
ORD0000489,ORD0000489-L1196,CUST000468,PROD000196,Northeast,marketplace,1,380.2,placed,2026-01-25
ORD0000489,ORD0000489-L1010,CUST000468,PROD000010,Midwest,store,1,123.55,placed,2026-01-25
ORD0000489,ORD0000489-L2242,CUST000468,PROD000242,Midwest,mobile,2,730.86,placed,2026-01-25
ORD0000621,ORD0000621-L1133,CUST000191,PROD000133,Northeast,mobile,1,110.29,placed,2026-01-25
ORD0000635,ORD0000635-L2036,CUST000430,PROD000036,West,web,2,709.88,placed,2026-01-25
ORD0000635,ORD0000635-L3210,CUST000430,PROD000210,Midwest,web,3,1127.07,placed,2026-01-25
ORD0000635,ORD0000635-L2132,CUST000430,PROD000132,Southeast,web,2,764.16,placed,2026-01-25
ORD0000739,ORD0000739-L1010,CUST000104,PROD000010,Midwest,mobile,1,123.55,placed,2026-01-25
ORD0000739,ORD0000739-L1052,CUST000104,PROD000052,West,mobile,1,199.24,placed,2026-01-25
ORD0000739,ORD0000739-L1043,CUST000104,PROD000043,Southeast,web,1,143.72,placed,2026-01-25
ORD0000912,ORD0000912-L2233,CUST000476,PROD000233,West,store,2,772.2,placed,2026-01-25
ORD0001070,ORD0001070-L2175,CUST000098,PROD000175,Southeast,store,2,834.54,placed,2026-01-25
ORD0001070,ORD0001070-L1039,CUST000098,PROD000039,Southeast,mobile,1,406.9,placed,2026-01-25
ORD0001377,ORD0001377-L3152,CUST000022,PROD000152,West,store,3,1041.78,placed,2026-01-25
ORD0001377,ORD0001377-L1125,CUST000022,PROD000125,Northeast,mobile,1,205.83,placed,2026-01-25
ORD0001377,ORD0001377-L2195,CUST000022,PROD000195,Southeast,marketplace,2,365.9,placed,2026-01-25
ORD0001417,ORD0001417-L3051,CUST000138,PROD000051,Southeast,web,3,1152.93,placed,2026-01-25
ORD0001417,ORD0001417-L1091,CUST000138,PROD000091,Northeast,web,1,161.19,placed,2026-01-25
ORD0001583,ORD0001583-L3013,CUST000389,PROD000013,Northeast,store,3,1194.09,placed,2026-01-25
ORD0001583,ORD0001583-L2081,CUST000389,PROD000081,Southeast,store,2,506.7,placed,2026-01-25
ORD0001620,ORD0001620-L2062,CUST000481,PROD000062,Southeast,mobile,2,455.28,placed,2026-01-25
ORD0001620,ORD0001620-L2164,CUST000481,PROD000164,Southeast,marketplace,2,33.54,placed,2026-01-25
ORD0001620,ORD0001620-L2083,CUST000481,PROD000083,Midwest,store,2,432.96,placed,2026-01-25
ORD0001713,ORD0001713-L2077,CUST000046,PROD000077,Midwest,marketplace,2,276.5,placed,2026-01-25
ORD0001713,ORD0001713-L1227,CUST000046,PROD000227,West,mobile,1,361.06,placed,2026-01-25
ORD0001813,ORD0001813-L1076,CUST000243,PROD000076,Southeast,mobile,1,64.44,placed,2026-01-25
ORD0001813,ORD0001813-L3125,CUST000243,PROD000125,Southeast,web,3,617.49,placed,2026-01-25
ORD0001813,ORD0001813-L2235,CUST000243,PROD000235,Midwest,store,2,115.5,placed,2026-01-25
ORD0002028,ORD0002028-L2074,CUST000260,PROD000074,West,web,2,563.5,placed,2026-01-25
ORD0002028,ORD0002028-L3011,CUST000260,PROD000011,West,web,3,915.6,placed,2026-01-25
ORD0002028,ORD0002028-L3128,CUST000260,PROD000128,Midwest,store,3,92.46,placed,2026-01-25
ORD0002028,ORD0002028-L3104,CUST000260,PROD000104,Southeast,mobile,3,1036.29,placed,2026-01-25
ORD0002090,ORD0002090-L2065,CUST000002,PROD000065,Northeast,marketplace,2,132.3,placed,2026-01-25
ORD0002090,ORD0002090-L3181,CUST000002,PROD000181,West,web,3,115.47,placed,2026-01-25
ORD0002224,ORD0002224-L3191,CUST000482,PROD000191,Midwest,marketplace,3,1019.58,placed,2026-01-25
ORD0002224,ORD0002224-L3108,CUST000482,PROD000108,Northeast,web,3,864.36,placed,2026-01-25
ORD0002756,ORD0002756-L2232,CUST000285,PROD000232,Northeast,store,2,263.66,placed,2026-01-25
ORD0002786,ORD0002786-L1069,CUST000128,PROD000069,West,web,1,129.35,placed,2026-01-25
ORD0002786,ORD0002786-L2210,CUST000128,PROD000210,Southeast,mobile,2,883.98,placed,2026-01-25
ORD0002786,ORD0002786-L1059,CUST000128,PROD000059,Midwest,web,1,25.45,placed,2026-01-25
ORD0002786,ORD0002786-L3231,CUST000128,PROD000231,Northeast,store,3,206.04,placed,2026-01-25
ORD0002895,ORD0002895-L1136,CUST000475,PROD000136,West,store,1,106.18,placed,2026-01-25
ORD0002895,ORD0002895-L3002,CUST000475,PROD000002,Midwest,store,3,1255.65,placed,2026-01-25
ORD0002984,ORD0002984-L3134,CUST000232,PROD000134,Northeast,store,3,1107.36,placed,2026-01-25
ORD0003028,ORD0003028-L1200,CUST000340,PROD000200,Northeast,marketplace,1,358.34,placed,2026-01-25
ORD0003028,ORD0003028-L1217,CUST000340,PROD000217,Midwest,web,1,124.62,placed,2026-01-25
ORD0003028,ORD0003028-L2244,CUST000340,PROD000244,West,mobile,2,866.12,placed,2026-01-25
ORD0003028,ORD0003028-L3212,CUST000340,PROD000212,Southeast,web,3,552.9,placed,2026-01-25
ORD0003034,ORD0003034-L1113,CUST000005,PROD000113,Midwest,mobile,1,27.45,placed,2026-01-25
ORD0003034,ORD0003034-L1100,CUST000005,PROD000100,West,web,1,156.37,placed,2026-01-25
ORD0003034,ORD0003034-L1130,CUST000005,PROD000130,Midwest,store,1,413.86,placed,2026-01-25
ORD0003044,ORD0003044-L2215,CUST000360,PROD000215,Northeast,marketplace,2,446.78,placed,2026-01-25
ORD0003044,ORD0003044-L1227,CUST000360,PROD000227,Northeast,store,1,381.12,placed,2026-01-25
ORD0003044,ORD0003044-L1125,CUST000360,PROD000125,Midwest,web,1,205.83,placed,2026-01-25
ORD0003044,ORD0003044-L2021,CUST000360,PROD000021,Midwest,marketplace,2,44.86,placed,2026-01-25
ORD0003094,ORD0003094-L3157,CUST000217,PROD000157,Southeast,store,3,785.85,placed,2026-01-25
ORD0003323,ORD0003323-L1189,CUST000218,PROD000189,West,marketplace,1,95.37,placed,2026-01-25
ORD0003323,ORD0003323-L2034,CUST000218,PROD000034,West,marketplace,2,611.28,placed,2026-01-25
ORD0003323,ORD0003323-L2219,CUST000218,PROD000219,Southeast,mobile,2,942.36,placed,2026-01-25
ORD0003351,ORD0003351-L2186,CUST000144,PROD000186,Midwest,mobile,2,638.62,placed,2026-01-25
ORD0003403,ORD0003403-L3053,CUST000099,PROD000053,Southeast,marketplace,3,679.95,placed,2026-01-25
ORD0003403,ORD0003403-L3243,CUST000099,PROD000243,Midwest,marketplace,3,642.75,placed,2026-01-25
ORD0003403,ORD0003403-L3087,CUST000099,PROD000087,Midwest,mobile,3,556.17,placed,2026-01-25
ORD0003403,ORD0003403-L1059,CUST000099,PROD000059,Northeast,mobile,1,24.18,placed,2026-01-25
ORD0003470,ORD0003470-L2050,CUST000254,PROD000050,Southeast,mobile,2,653.24,placed,2026-01-25
ORD0003470,ORD0003470-L3046,CUST000254,PROD000046,Midwest,web,3,749.34,placed,2026-01-25
ORD0003470,ORD0003470-L2053,CUST000254,PROD000053,Midwest,store,2,430.64,placed,2026-01-25
ORD0003579,ORD0003579-L2026,CUST000239,PROD000026,Southeast,marketplace,2,159.36,placed,2026-01-25
ORD0003579,ORD0003579-L1072,CUST000239,PROD000072,Midwest,web,1,224.93,placed,2026-01-25
ORD0003642,ORD0003642-L3106,CUST000144,PROD000106,Midwest,web,3,430.71,placed,2026-01-25
ORD0003662,ORD0003662-L1236,CUST000405,PROD000236,Northeast,store,1,113.53,placed,2026-01-25
ORD0003662,ORD0003662-L2249,CUST000405,PROD000249,Northeast,store,2,244.2,placed,2026-01-25
ORD0003662,ORD0003662-L2086,CUST000405,PROD000086,West,marketplace,2,930.58,placed,2026-01-25
ORD0003949,ORD0003949-L3213,CUST000153,PROD000213,Southeast,marketplace,3,31.05,placed,2026-01-25
ORD0003949,ORD0003949-L3067,CUST000153,PROD000067,Southeast,web,3,505.08,placed,2026-01-25
ORD0003998,ORD0003998-L3026,CUST000378,PROD000026,Northeast,web,3,265.59,placed,2026-01-25
ORD0003998,ORD0003998-L1018,CUST000378,PROD000018,Northeast,store,1,254.7,placed,2026-01-25
ORD0003998,ORD0003998-L2031,CUST000378,PROD000031,West,marketplace,2,176.42,placed,2026-01-25
ORD0000008,ORD0000008-L3117,CUST000246,PROD000117,Midwest,store,3,1227.48,placed,2026-01-26
ORD0000008,ORD0000008-L2224,CUST000246,PROD000224,Northeast,web,2,691.84,placed,2026-01-26
ORD0000056,ORD0000056-L3182,CUST000109,PROD000182,Northeast,store,3,736.56,placed,2026-01-26
ORD0000056,ORD0000056-L3139,CUST000109,PROD000139,Southeast,store,3,1233.06,placed,2026-01-26
ORD0000056,ORD0000056-L1204,CUST000109,PROD000204,West,marketplace,1,427.99,placed,2026-01-26
ORD0000056,ORD0000056-L2064,CUST000109,PROD000064,West,mobile,2,561.8,placed,2026-01-26
ORD0000167,ORD0000167-L3170,CUST000312,PROD000170,Northeast,marketplace,3,99.09,placed,2026-01-26
ORD0000167,ORD0000167-L2116,CUST000312,PROD000116,Northeast,mobile,2,481.82,placed,2026-01-26
ORD0000167,ORD0000167-L1063,CUST000312,PROD000063,Southeast,marketplace,1,279.0,placed,2026-01-26
ORD0000167,ORD0000167-L1135,CUST000312,PROD000135,Southeast,mobile,1,199.24,placed,2026-01-26
ORD0000242,ORD0000242-L3067,CUST000374,PROD000067,Northeast,store,3,429.33,placed,2026-01-26
ORD0000242,ORD0000242-L3247,CUST000374,PROD000247,West,mobile,3,1085.94,placed,2026-01-26
ORD0000242,ORD0000242-L2001,CUST000374,PROD000001,Midwest,store,2,846.36,placed,2026-01-26
ORD0000242,ORD0000242-L3230,CUST000374,PROD000230,Northeast,marketplace,3,868.68,placed,2026-01-26
ORD0000251,ORD0000251-L1221,CUST000137,PROD000221,Northeast,marketplace,1,183.04,placed,2026-01-26
ORD0000251,ORD0000251-L2036,CUST000137,PROD000036,Northeast,store,2,788.76,placed,2026-01-26
ORD0000251,ORD0000251-L3188,CUST000137,PROD000188,Southeast,marketplace,3,95.43,placed,2026-01-26
ORD0000472,ORD0000472-L3136,CUST000024,PROD000136,Midwest,mobile,3,318.54,placed,2026-01-26
ORD0000472,ORD0000472-L2197,CUST000024,PROD000197,Midwest,store,2,771.2,placed,2026-01-26
ORD0000732,ORD0000732-L1195,CUST000153,PROD000195,Northeast,marketplace,1,182.95,placed,2026-01-26
ORD0000732,ORD0000732-L2199,CUST000153,PROD000199,Southeast,web,2,72.48,placed,2026-01-26
ORD0000732,ORD0000732-L3084,CUST000153,PROD000084,West,mobile,3,305.61,placed,2026-01-26
ORD0000732,ORD0000732-L1170,CUST000153,PROD000170,Northeast,web,1,33.03,placed,2026-01-26
ORD0000758,ORD0000758-L1044,CUST000027,PROD000044,Northeast,web,1,340.78,placed,2026-01-26
ORD0000900,ORD0000900-L3008,CUST000223,PROD000008,Northeast,store,3,762.87,placed,2026-01-26
ORD0000900,ORD0000900-L3049,CUST000223,PROD000049,Southeast,web,3,410.25,placed,2026-01-26
ORD0000900,ORD0000900-L2035,CUST000223,PROD000035,Midwest,web,2,974.46,placed,2026-01-26
ORD0000951,ORD0000951-L1015,CUST000017,PROD000015,Southeast,marketplace,1,298.14,placed,2026-01-26
ORD0000951,ORD0000951-L2248,CUST000017,PROD000248,Southeast,marketplace,2,561.74,placed,2026-01-26
ORD0001052,ORD0001052-L3033,CUST000206,PROD000033,Midwest,web,3,1106.07,placed,2026-01-26
ORD0001052,ORD0001052-L1013,CUST000206,PROD000013,Northeast,marketplace,1,442.26,placed,2026-01-26
ORD0001052,ORD0001052-L3137,CUST000206,PROD000137,Southeast,mobile,3,1439.67,placed,2026-01-26
ORD0001052,ORD0001052-L2020,CUST000206,PROD000020,Northeast,web,2,877.72,placed,2026-01-26
ORD0001188,ORD0001188-L1061,CUST000083,PROD000061,Northeast,web,1,336.13,placed,2026-01-26
ORD0001188,ORD0001188-L2005,CUST000083,PROD000005,Northeast,mobile,2,638.72,placed,2026-01-26
ORD0001188,ORD0001188-L1249,CUST000083,PROD000249,Southeast,web,1,122.1,placed,2026-01-26
ORD0001231,ORD0001231-L1012,CUST000131,PROD000012,West,mobile,1,465.85,placed,2026-01-26
ORD0001317,ORD0001317-L3113,CUST000177,PROD000113,West,marketplace,3,82.35,placed,2026-01-26
ORD0001363,ORD0001363-L3233,CUST000103,PROD000233,West,web,3,1158.3,placed,2026-01-26
ORD0001363,ORD0001363-L2024,CUST000103,PROD000024,West,store,2,470.3,placed,2026-01-26
ORD0001363,ORD0001363-L1144,CUST000103,PROD000144,Southeast,mobile,1,331.32,placed,2026-01-26
ORD0001591,ORD0001591-L2178,CUST000303,PROD000178,West,mobile,2,474.9,placed,2026-01-26
ORD0001591,ORD0001591-L3199,CUST000303,PROD000199,Southeast,mobile,3,108.72,placed,2026-01-26
ORD0001729,ORD0001729-L2175,CUST000238,PROD000175,Northeast,store,2,751.08,placed,2026-01-26
ORD0001833,ORD0001833-L2135,CUST000412,PROD000135,Midwest,store,2,378.56,placed,2026-01-26
ORD0001833,ORD0001833-L3071,CUST000412,PROD000071,Midwest,store,3,299.97,placed,2026-01-26
ORD0001833,ORD0001833-L2184,CUST000412,PROD000184,Midwest,store,2,606.18,placed,2026-01-26
ORD0001833,ORD0001833-L2001,CUST000412,PROD000001,Southeast,marketplace,2,804.04,placed,2026-01-26
ORD0001888,ORD0001888-L2100,CUST000493,PROD000100,West,web,2,367.94,placed,2026-01-26
ORD0001888,ORD0001888-L3169,CUST000493,PROD000169,Northeast,mobile,3,934.05,placed,2026-01-26
ORD0001976,ORD0001976-L1059,CUST000134,PROD000059,West,marketplace,1,24.18,placed,2026-01-26
ORD0001976,ORD0001976-L3046,CUST000134,PROD000046,Midwest,store,3,749.34,placed,2026-01-26
ORD0002164,ORD0002164-L1080,CUST000373,PROD000080,Northeast,store,1,273.56,placed,2026-01-26
ORD0002164,ORD0002164-L3025,CUST000373,PROD000025,Midwest,store,3,1129.17,placed,2026-01-26
ORD0002164,ORD0002164-L2168,CUST000373,PROD000168,Southeast,mobile,2,610.52,placed,2026-01-26
ORD0002421,ORD0002421-L3237,CUST000117,PROD000237,West,mobile,3,684.03,placed,2026-01-26
ORD0002421,ORD0002421-L2206,CUST000117,PROD000206,Midwest,mobile,2,826.2,placed,2026-01-26
ORD0002421,ORD0002421-L1037,CUST000117,PROD000037,Midwest,mobile,1,392.62,placed,2026-01-26
ORD0002470,ORD0002470-L2090,CUST000415,PROD000090,West,mobile,2,260.42,placed,2026-01-26
ORD0002470,ORD0002470-L2163,CUST000415,PROD000163,Southeast,marketplace,2,751.92,placed,2026-01-26
ORD0002538,ORD0002538-L1050,CUST000306,PROD000050,Midwest,marketplace,1,326.62,placed,2026-01-26
ORD0002551,ORD0002551-L2193,CUST000427,PROD000193,West,web,2,933.14,placed,2026-01-26
ORD0002551,ORD0002551-L1187,CUST000427,PROD000187,West,web,1,99.3,placed,2026-01-26
ORD0002551,ORD0002551-L2020,CUST000427,PROD000020,Southeast,mobile,2,877.72,placed,2026-01-26
ORD0002552,ORD0002552-L1100,CUST000065,PROD000100,Southeast,web,1,183.97,placed,2026-01-26
ORD0002552,ORD0002552-L1041,CUST000065,PROD000041,Southeast,mobile,1,17.32,placed,2026-01-26
ORD0002552,ORD0002552-L1079,CUST000065,PROD000079,West,web,1,366.39,placed,2026-01-26
ORD0002634,ORD0002634-L3042,CUST000465,PROD000042,Northeast,store,3,371.34,placed,2026-01-26
ORD0002634,ORD0002634-L3096,CUST000465,PROD000096,Southeast,marketplace,3,290.73,placed,2026-01-26
ORD0002783,ORD0002783-L2184,CUST000202,PROD000184,Northeast,marketplace,2,673.54,placed,2026-01-26
ORD0002783,ORD0002783-L1041,CUST000202,PROD000041,Southeast,marketplace,1,16.35,placed,2026-01-26
ORD0002798,ORD0002798-L3182,CUST000223,PROD000182,Southeast,mobile,3,777.48,placed,2026-01-26
ORD0002798,ORD0002798-L3249,CUST000223,PROD000249,Southeast,marketplace,3,347.97,placed,2026-01-26
ORD0002836,ORD0002836-L1242,CUST000179,PROD000242,Southeast,web,1,328.89,placed,2026-01-26
ORD0002836,ORD0002836-L2044,CUST000179,PROD000044,Southeast,mobile,2,757.3,placed,2026-01-26
ORD0003177,ORD0003177-L1117,CUST000088,PROD000117,Midwest,web,1,431.89,placed,2026-01-26
ORD0003177,ORD0003177-L1218,CUST000088,PROD000218,Southeast,web,1,78.42,placed,2026-01-26
ORD0003178,ORD0003178-L2188,CUST000071,PROD000188,Southeast,web,2,63.62,placed,2026-01-26
ORD0003266,ORD0003266-L2003,CUST000332,PROD000003,Northeast,store,2,520.28,placed,2026-01-26
ORD0003266,ORD0003266-L1061,CUST000332,PROD000061,Midwest,web,1,336.13,placed,2026-01-26
ORD0003266,ORD0003266-L1021,CUST000332,PROD000021,West,marketplace,1,24.92,placed,2026-01-26
ORD0003321,ORD0003321-L3175,CUST000110,PROD000175,Northeast,store,3,1126.62,placed,2026-01-26
ORD0003321,ORD0003321-L3183,CUST000110,PROD000183,Midwest,web,3,491.22,placed,2026-01-26
ORD0003474,ORD0003474-L3087,CUST000448,PROD000087,West,store,3,556.17,placed,2026-01-26
ORD0003474,ORD0003474-L3011,CUST000448,PROD000011,Midwest,mobile,3,915.6,placed,2026-01-26
ORD0003496,ORD0003496-L2164,CUST000473,PROD000164,Southeast,mobile,2,33.54,placed,2026-01-26
ORD0003543,ORD0003543-L3096,CUST000368,PROD000096,Midwest,marketplace,3,275.43,placed,2026-01-26
ORD0003543,ORD0003543-L1002,CUST000368,PROD000002,West,store,1,440.58,placed,2026-01-26
ORD0003543,ORD0003543-L1036,CUST000368,PROD000036,Northeast,mobile,1,394.38,placed,2026-01-26
ORD0003793,ORD0003793-L2236,CUST000083,PROD000236,West,mobile,2,227.06,placed,2026-01-26
ORD0000123,ORD0000123-L2190,CUST000067,PROD000190,Midwest,mobile,2,125.3,placed,2026-01-27
ORD0000123,ORD0000123-L2168,CUST000067,PROD000168,Midwest,store,2,610.52,placed,2026-01-27
ORD0000123,ORD0000123-L2004,CUST000067,PROD000004,Northeast,marketplace,2,765.48,placed,2026-01-27
ORD0000123,ORD0000123-L2110,CUST000067,PROD000110,Northeast,mobile,2,429.98,placed,2026-01-27
ORD0000348,ORD0000348-L3048,CUST000090,PROD000048,Northeast,store,3,982.92,placed,2026-01-27
ORD0000348,ORD0000348-L3066,CUST000090,PROD000066,Northeast,web,3,1399.29,placed,2026-01-27
ORD0000679,ORD0000679-L3168,CUST000100,PROD000168,Midwest,mobile,3,963.99,placed,2026-01-27
ORD0000679,ORD0000679-L3008,CUST000100,PROD000008,Midwest,marketplace,3,724.74,placed,2026-01-27
ORD0000679,ORD0000679-L3185,CUST000100,PROD000185,Northeast,mobile,3,1271.43,placed,2026-01-27
ORD0000679,ORD0000679-L3033,CUST000100,PROD000033,Southeast,web,3,1164.3,placed,2026-01-27
ORD0001299,ORD0001299-L3217,CUST000320,PROD000217,West,web,3,394.65,placed,2026-01-27
ORD0001299,ORD0001299-L2100,CUST000320,PROD000100,West,marketplace,2,367.94,placed,2026-01-27
ORD0001301,ORD0001301-L2175,CUST000011,PROD000175,Northeast,marketplace,2,792.82,placed,2026-01-27
ORD0001301,ORD0001301-L3192,CUST000011,PROD000192,Northeast,marketplace,3,1438.77,placed,2026-01-27
ORD0001457,ORD0001457-L2186,CUST000319,PROD000186,Northeast,web,2,672.24,placed,2026-01-27
ORD0001457,ORD0001457-L3224,CUST000319,PROD000224,Southeast,marketplace,3,1037.76,placed,2026-01-27
ORD0001457,ORD0001457-L2020,CUST000319,PROD000020,Northeast,store,2,975.24,placed,2026-01-27
ORD0001457,ORD0001457-L1095,CUST000319,PROD000095,West,mobile,1,18.36,placed,2026-01-27
ORD0001460,ORD0001460-L3020,CUST000119,PROD000020,Northeast,marketplace,3,1316.58,placed,2026-01-27
ORD0001460,ORD0001460-L2227,CUST000119,PROD000227,West,store,2,722.12,placed,2026-01-27
ORD0001460,ORD0001460-L2036,CUST000119,PROD000036,West,store,2,749.32,placed,2026-01-27
ORD0001460,ORD0001460-L3009,CUST000119,PROD000009,Midwest,web,3,1089.03,placed,2026-01-27
ORD0001560,ORD0001560-L1001,CUST000041,PROD000001,Southeast,store,1,423.18,placed,2026-01-27
ORD0001611,ORD0001611-L1034,CUST000134,PROD000034,Midwest,mobile,1,305.64,placed,2026-01-27
ORD0001611,ORD0001611-L1172,CUST000134,PROD000172,Southeast,store,1,441.03,placed,2026-01-27
ORD0001687,ORD0001687-L1225,CUST000259,PROD000225,West,mobile,1,440.29,placed,2026-01-27
ORD0001687,ORD0001687-L3183,CUST000259,PROD000183,Northeast,web,3,577.89,placed,2026-01-27
ORD0001687,ORD0001687-L3011,CUST000259,PROD000011,Southeast,mobile,3,915.6,placed,2026-01-27
ORD0001705,ORD0001705-L2025,CUST000397,PROD000025,Midwest,mobile,2,715.14,placed,2026-01-27
ORD0001705,ORD0001705-L1220,CUST000397,PROD000220,Midwest,marketplace,1,400.0,placed,2026-01-27
ORD0001705,ORD0001705-L1131,CUST000397,PROD000131,Southeast,web,1,165.03,placed,2026-01-27
ORD0001791,ORD0001791-L3211,CUST000281,PROD000211,West,web,3,776.58,placed,2026-01-27
ORD0002230,ORD0002230-L3133,CUST000168,PROD000133,Midwest,mobile,3,330.87,placed,2026-01-27
ORD0002230,ORD0002230-L3182,CUST000168,PROD000182,Northeast,marketplace,3,818.4,placed,2026-01-27
ORD0002230,ORD0002230-L1155,CUST000168,PROD000155,Northeast,mobile,1,168.84,placed,2026-01-27
ORD0002230,ORD0002230-L1034,CUST000168,PROD000034,Midwest,web,1,305.64,placed,2026-01-27
ORD0002239,ORD0002239-L3211,CUST000015,PROD000211,Northeast,marketplace,3,862.86,placed,2026-01-27
ORD0002245,ORD0002245-L2093,CUST000500,PROD000093,Southeast,mobile,2,828.68,placed,2026-01-27
ORD0002245,ORD0002245-L3089,CUST000500,PROD000089,West,web,3,99.96,placed,2026-01-27
ORD0002275,ORD0002275-L3059,CUST000081,PROD000059,West,web,3,64.89,placed,2026-01-27
ORD0002275,ORD0002275-L3145,CUST000081,PROD000145,Midwest,web,3,321.27,placed,2026-01-27
ORD0002341,ORD0002341-L1102,CUST000240,PROD000102,Northeast,store,1,116.2,placed,2026-01-27
ORD0002341,ORD0002341-L3037,CUST000240,PROD000037,Northeast,store,3,1308.75,placed,2026-01-27
ORD0002341,ORD0002341-L2180,CUST000240,PROD000180,Southeast,store,2,744.3,placed,2026-01-27
ORD0002341,ORD0002341-L2212,CUST000240,PROD000212,Midwest,web,2,409.56,placed,2026-01-27
ORD0002378,ORD0002378-L2095,CUST000387,PROD000095,Southeast,marketplace,2,34.68,placed,2026-01-27
ORD0002378,ORD0002378-L1198,CUST000387,PROD000198,Northeast,web,1,457.59,placed,2026-01-27
ORD0002429,ORD0002429-L1046,CUST000422,PROD000046,Northeast,marketplace,1,224.8,placed,2026-01-27
ORD0002429,ORD0002429-L1087,CUST000422,PROD000087,Southeast,mobile,1,185.39,placed,2026-01-27
ORD0002497,ORD0002497-L2022,CUST000090,PROD000022,Midwest,marketplace,2,120.78,placed,2026-01-27
ORD0002497,ORD0002497-L1033,CUST000090,PROD000033,Northeast,mobile,1,388.1,placed,2026-01-27
ORD0002530,ORD0002530-L2055,CUST000241,PROD000055,Northeast,marketplace,2,625.36,placed,2026-01-27
ORD0002556,ORD0002556-L1038,CUST000232,PROD000038,Southeast,store,1,33.47,placed,2026-01-27
ORD0002556,ORD0002556-L1113,CUST000232,PROD000113,Northeast,store,1,26.08,placed,2026-01-27
ORD0002575,ORD0002575-L1022,CUST000492,PROD000022,Northeast,web,1,60.39,placed,2026-01-27
ORD0002575,ORD0002575-L3221,CUST000492,PROD000221,Midwest,marketplace,3,646.02,placed,2026-01-27
ORD0002598,ORD0002598-L1123,CUST000243,PROD000123,West,marketplace,1,169.75,placed,2026-01-27
ORD0002598,ORD0002598-L1097,CUST000243,PROD000097,Midwest,web,1,375.88,placed,2026-01-27
ORD0002598,ORD0002598-L1073,CUST000243,PROD000073,Midwest,mobile,1,281.38,placed,2026-01-27
ORD0002681,ORD0002681-L2049,CUST000053,PROD000049,Northeast,store,2,303.88,placed,2026-01-27
ORD0002681,ORD0002681-L2187,CUST000053,PROD000187,West,store,2,188.66,placed,2026-01-27
ORD0002681,ORD0002681-L2150,CUST000053,PROD000150,Southeast,marketplace,2,889.66,placed,2026-01-27
ORD0002724,ORD0002724-L2206,CUST000330,PROD000206,West,marketplace,2,826.2,placed,2026-01-27
ORD0002724,ORD0002724-L2164,CUST000330,PROD000164,Northeast,web,2,30.18,placed,2026-01-27
ORD0002731,ORD0002731-L1062,CUST000224,PROD000062,Southeast,web,1,227.64,placed,2026-01-27
ORD0002787,ORD0002787-L2092,CUST000326,PROD000092,Southeast,store,2,992.64,placed,2026-01-27
ORD0002787,ORD0002787-L3234,CUST000326,PROD000234,Southeast,store,3,1407.21,placed,2026-01-27
ORD0002796,ORD0002796-L3100,CUST000090,PROD000100,West,store,3,524.31,placed,2026-01-27
ORD0002796,ORD0002796-L3025,CUST000090,PROD000025,Southeast,store,3,1016.25,placed,2026-01-27
ORD0002796,ORD0002796-L1056,CUST000090,PROD000056,Midwest,web,1,84.18,placed,2026-01-27
ORD0003058,ORD0003058-L2035,CUST000413,PROD000035,Southeast,mobile,2,877.02,placed,2026-01-27
ORD0003058,ORD0003058-L1021,CUST000413,PROD000021,Northeast,web,1,23.67,placed,2026-01-27
ORD0003058,ORD0003058-L1240,CUST000413,PROD000240,Southeast,store,1,383.36,placed,2026-01-27
ORD0003100,ORD0003100-L1025,CUST000360,PROD000025,Southeast,mobile,1,376.39,placed,2026-01-27
ORD0003356,ORD0003356-L2198,CUST000034,PROD000198,Midwest,store,2,823.66,placed,2026-01-27
ORD0003466,ORD0003466-L3115,CUST000300,PROD000115,Midwest,mobile,3,477.57,placed,2026-01-27
ORD0003466,ORD0003466-L1134,CUST000300,PROD000134,Midwest,store,1,388.55,placed,2026-01-27
ORD0003466,ORD0003466-L1215,CUST000300,PROD000215,Midwest,mobile,1,235.15,placed,2026-01-27
ORD0003466,ORD0003466-L1241,CUST000300,PROD000241,West,marketplace,1,65.32,placed,2026-01-27
ORD0003505,ORD0003505-L3142,CUST000170,PROD000142,Midwest,marketplace,3,268.14,placed,2026-01-27
ORD0003505,ORD0003505-L1161,CUST000170,PROD000161,West,store,1,246.21,placed,2026-01-27
ORD0003575,ORD0003575-L3238,CUST000187,PROD000238,Northeast,marketplace,3,255.27,placed,2026-01-27
ORD0003575,ORD0003575-L2155,CUST000187,PROD000155,Northeast,store,2,337.68,placed,2026-01-27
ORD0003576,ORD0003576-L2027,CUST000103,PROD000027,Southeast,marketplace,2,620.48,placed,2026-01-27
ORD0003576,ORD0003576-L3148,CUST000103,PROD000148,Midwest,mobile,3,424.65,placed,2026-01-27
ORD0003576,ORD0003576-L3074,CUST000103,PROD000074,Midwest,mobile,3,845.25,placed,2026-01-27
ORD0003584,ORD0003584-L1110,CUST000233,PROD000110,West,marketplace,1,226.31,placed,2026-01-27
ORD0003693,ORD0003693-L1150,CUST000292,PROD000150,Northeast,marketplace,1,468.24,placed,2026-01-27
ORD0003693,ORD0003693-L2091,CUST000292,PROD000091,Southeast,web,2,379.28,placed,2026-01-27
ORD0003693,ORD0003693-L2024,CUST000292,PROD000024,West,mobile,2,446.78,placed,2026-01-27
ORD0003693,ORD0003693-L2180,CUST000292,PROD000180,Midwest,web,2,744.3,placed,2026-01-27
ORD0003854,ORD0003854-L1239,CUST000185,PROD000239,West,mobile,1,295.6,placed,2026-01-27
ORD0003854,ORD0003854-L2198,CUST000185,PROD000198,West,mobile,2,915.18,placed,2026-01-27
ORD0003854,ORD0003854-L3058,CUST000185,PROD000058,Southeast,web,3,833.16,placed,2026-01-27
ORD0003927,ORD0003927-L2212,CUST000423,PROD000212,Southeast,web,2,409.56,placed,2026-01-27
ORD0003927,ORD0003927-L1224,CUST000423,PROD000224,West,mobile,1,365.14,placed,2026-01-27
ORD0003932,ORD0003932-L1085,CUST000378,PROD000085,Northeast,store,1,440.94,placed,2026-01-27
ORD0003932,ORD0003932-L3061,CUST000378,PROD000061,Southeast,mobile,3,1008.39,placed,2026-01-27
ORD0000132,ORD0000132-L2058,CUST000314,PROD000058,West,web,2,555.44,placed,2026-01-28
ORD0000307,ORD0000307-L1064,CUST000018,PROD000064,West,store,1,280.9,placed,2026-01-28
ORD0000307,ORD0000307-L3197,CUST000018,PROD000197,Northeast,marketplace,3,1221.06,placed,2026-01-28
ORD0000321,ORD0000321-L1018,CUST000310,PROD000018,Northeast,web,1,283.0,placed,2026-01-28
ORD0000321,ORD0000321-L2212,CUST000310,PROD000212,Midwest,web,2,409.56,placed,2026-01-28
ORD0000321,ORD0000321-L3108,CUST000310,PROD000108,Southeast,mobile,3,864.36,placed,2026-01-28
ORD0000335,ORD0000335-L3073,CUST000009,PROD000073,Southeast,store,3,844.14,placed,2026-01-28
ORD0000335,ORD0000335-L2230,CUST000009,PROD000230,West,store,2,643.46,placed,2026-01-28
ORD0000335,ORD0000335-L2026,CUST000009,PROD000026,Southeast,store,2,177.06,placed,2026-01-28
ORD0000409,ORD0000409-L2209,CUST000430,PROD000209,Midwest,mobile,2,284.48,placed,2026-01-28
ORD0000409,ORD0000409-L2244,CUST000430,PROD000244,Southeast,store,2,822.82,placed,2026-01-28
ORD0000409,ORD0000409-L2050,CUST000430,PROD000050,West,mobile,2,725.82,placed,2026-01-28
ORD0000409,ORD0000409-L2065,CUST000430,PROD000065,Northeast,mobile,2,125.68,placed,2026-01-28
ORD0000497,ORD0000497-L2147,CUST000408,PROD000147,West,mobile,2,495.26,placed,2026-01-28
ORD0000497,ORD0000497-L1206,CUST000408,PROD000206,West,web,1,413.1,placed,2026-01-28
ORD0000497,ORD0000497-L1102,CUST000408,PROD000102,Northeast,mobile,1,110.39,placed,2026-01-28
ORD0000652,ORD0000652-L1210,CUST000289,PROD000210,Northeast,web,1,441.99,placed,2026-01-28
ORD0000652,ORD0000652-L2199,CUST000289,PROD000199,Midwest,web,2,61.6,placed,2026-01-28
ORD0000652,ORD0000652-L2233,CUST000289,PROD000233,Midwest,store,2,772.2,placed,2026-01-28
ORD0000652,ORD0000652-L3075,CUST000289,PROD000075,Midwest,marketplace,3,890.55,placed,2026-01-28
ORD0000656,ORD0000656-L2206,CUST000243,PROD000206,Southeast,web,2,743.58,placed,2026-01-28
ORD0000656,ORD0000656-L2148,CUST000243,PROD000148,Northeast,store,2,268.94,placed,2026-01-28
ORD0000656,ORD0000656-L1151,CUST000243,PROD000151,Southeast,web,1,317.88,placed,2026-01-28
ORD0000656,ORD0000656-L1120,CUST000243,PROD000120,West,marketplace,1,76.34,placed,2026-01-28
ORD0000924,ORD0000924-L1060,CUST000182,PROD000060,Northeast,web,1,252.74,placed,2026-01-28
ORD0001005,ORD0001005-L3103,CUST000119,PROD000103,West,web,3,825.6,placed,2026-01-28
ORD0001005,ORD0001005-L1230,CUST000119,PROD000230,Northeast,marketplace,1,289.56,placed,2026-01-28
ORD0001027,ORD0001027-L3202,CUST000250,PROD000202,Southeast,marketplace,3,1167.06,placed,2026-01-28
ORD0001059,ORD0001059-L2208,CUST000291,PROD000208,Northeast,mobile,2,182.24,placed,2026-01-28
ORD0001059,ORD0001059-L3032,CUST000291,PROD000032,Northeast,store,3,673.38,placed,2026-01-28
ORD0001059,ORD0001059-L3042,CUST000291,PROD000042,West,web,3,371.34,placed,2026-01-28
ORD0001146,ORD0001146-L3196,CUST000327,PROD000196,Northeast,store,3,1083.57,placed,2026-01-28
ORD0001146,ORD0001146-L3141,CUST000327,PROD000141,Northeast,marketplace,3,1168.71,placed,2026-01-28
ORD0001244,ORD0001244-L2210,CUST000250,PROD000210,Midwest,mobile,2,839.78,placed,2026-01-28
ORD0001244,ORD0001244-L2001,CUST000250,PROD000001,Midwest,mobile,2,846.36,placed,2026-01-28
ORD0001244,ORD0001244-L2030,CUST000250,PROD000030,Midwest,store,2,135.08,placed,2026-01-28
ORD0001256,ORD0001256-L1010,CUST000447,PROD000010,Northeast,mobile,1,123.55,placed,2026-01-28
ORD0001256,ORD0001256-L1058,CUST000447,PROD000058,Northeast,marketplace,1,277.72,placed,2026-01-28
ORD0001291,ORD0001291-L1174,CUST000207,PROD000174,Southeast,mobile,1,274.79,placed,2026-01-28
ORD0001291,ORD0001291-L1137,CUST000207,PROD000137,West,store,1,455.9,placed,2026-01-28
ORD0001314,ORD0001314-L3222,CUST000182,PROD000222,Southeast,marketplace,3,530.67,placed,2026-01-28
ORD0001564,ORD0001564-L2098,CUST000020,PROD000098,Midwest,store,2,787.06,placed,2026-01-28
ORD0001564,ORD0001564-L2100,CUST000020,PROD000100,Midwest,mobile,2,331.14,placed,2026-01-28
ORD0001564,ORD0001564-L1033,CUST000020,PROD000033,Northeast,store,1,368.69,placed,2026-01-28
ORD0001564,ORD0001564-L2232,CUST000020,PROD000232,Northeast,store,2,250.48,placed,2026-01-28
ORD0001603,ORD0001603-L2055,CUST000392,PROD000055,Southeast,marketplace,2,562.82,placed,2026-01-28
ORD0001692,ORD0001692-L1157,CUST000311,PROD000157,Northeast,web,1,261.95,placed,2026-01-28
ORD0001692,ORD0001692-L2076,CUST000311,PROD000076,West,mobile,2,135.66,placed,2026-01-28
ORD0001692,ORD0001692-L3174,CUST000311,PROD000174,West,marketplace,3,969.84,placed,2026-01-28
ORD0001692,ORD0001692-L3156,CUST000311,PROD000156,Southeast,mobile,3,212.82,placed,2026-01-28
ORD0001823,ORD0001823-L2182,CUST000046,PROD000182,Northeast,web,2,491.04,placed,2026-01-28
ORD0001823,ORD0001823-L2216,CUST000046,PROD000216,Southeast,mobile,2,99.4,placed,2026-01-28
ORD0002401,ORD0002401-L3056,CUST000372,PROD000056,Southeast,marketplace,3,252.54,placed,2026-01-28
ORD0002401,ORD0002401-L3014,CUST000372,PROD000014,Northeast,marketplace,3,651.27,placed,2026-01-28
ORD0002401,ORD0002401-L1064,CUST000372,PROD000064,West,marketplace,1,312.11,placed,2026-01-28
ORD0002402,ORD0002402-L1162,CUST000199,PROD000162,Southeast,web,1,319.57,placed,2026-01-28
ORD0002402,ORD0002402-L1054,CUST000199,PROD000054,Southeast,marketplace,1,237.73,placed,2026-01-28
ORD0002402,ORD0002402-L1176,CUST000199,PROD000176,West,store,1,334.08,placed,2026-01-28
ORD0002586,ORD0002586-L1139,CUST000351,PROD000139,Southeast,mobile,1,432.65,placed,2026-01-28
ORD0002586,ORD0002586-L1009,CUST000351,PROD000009,Northeast,mobile,1,326.71,placed,2026-01-28
ORD0002663,ORD0002663-L1035,CUST000049,PROD000035,Northeast,mobile,1,438.51,placed,2026-01-28
ORD0002663,ORD0002663-L1201,CUST000049,PROD000201,Southeast,marketplace,1,350.07,placed,2026-01-28
ORD0002663,ORD0002663-L3110,CUST000049,PROD000110,Southeast,mobile,3,678.93,placed,2026-01-28
ORD0002737,ORD0002737-L3212,CUST000265,PROD000212,Northeast,store,3,583.62,placed,2026-01-28
ORD0002737,ORD0002737-L2155,CUST000265,PROD000155,Northeast,marketplace,2,303.92,placed,2026-01-28
ORD0002737,ORD0002737-L2060,CUST000265,PROD000060,Midwest,marketplace,2,564.94,placed,2026-01-28
ORD0002737,ORD0002737-L1128,CUST000265,PROD000128,Northeast,mobile,1,34.24,placed,2026-01-28
ORD0003365,ORD0003365-L1072,CUST000393,PROD000072,Midwest,web,1,249.92,placed,2026-01-28
ORD0003365,ORD0003365-L1240,CUST000393,PROD000240,Midwest,web,1,363.19,placed,2026-01-28
ORD0003365,ORD0003365-L1117,CUST000393,PROD000117,Midwest,store,1,409.16,placed,2026-01-28
ORD0003443,ORD0003443-L2053,CUST000402,PROD000053,Midwest,mobile,2,430.64,placed,2026-01-28
ORD0003443,ORD0003443-L3046,CUST000402,PROD000046,Midwest,web,3,749.34,placed,2026-01-28
ORD0003537,ORD0003537-L3233,CUST000187,PROD000233,Northeast,web,3,1158.3,placed,2026-01-28
ORD0003537,ORD0003537-L3002,CUST000187,PROD000002,Southeast,marketplace,3,1189.56,placed,2026-01-28
ORD0003540,ORD0003540-L2075,CUST000067,PROD000075,West,store,2,564.02,placed,2026-01-28
ORD0003540,ORD0003540-L3136,CUST000067,PROD000136,West,mobile,3,318.54,placed,2026-01-28
ORD0003540,ORD0003540-L3108,CUST000067,PROD000108,Northeast,marketplace,3,821.13,placed,2026-01-28
ORD0003540,ORD0003540-L3143,CUST000067,PROD000143,Northeast,mobile,3,941.55,placed,2026-01-28
ORD0003574,ORD0003574-L2125,CUST000480,PROD000125,West,web,2,411.66,placed,2026-01-28
ORD0003574,ORD0003574-L3031,CUST000480,PROD000031,West,mobile,3,294.03,placed,2026-01-28
ORD0003616,ORD0003616-L1117,CUST000443,PROD000117,Southeast,marketplace,1,409.16,placed,2026-01-28
ORD0003616,ORD0003616-L2066,CUST000443,PROD000066,Southeast,marketplace,2,839.58,placed,2026-01-28
ORD0003616,ORD0003616-L1148,CUST000443,PROD000148,Northeast,web,1,134.47,placed,2026-01-28
ORD0003616,ORD0003616-L3182,CUST000443,PROD000182,Northeast,web,3,818.4,placed,2026-01-28
ORD0003646,ORD0003646-L3123,CUST000073,PROD000123,Northeast,marketplace,3,483.78,placed,2026-01-28
ORD0003646,ORD0003646-L2121,CUST000073,PROD000121,Midwest,marketplace,2,565.72,placed,2026-01-28
ORD0003646,ORD0003646-L3032,CUST000073,PROD000032,Midwest,store,3,673.38,placed,2026-01-28
ORD0003646,ORD0003646-L3217,CUST000073,PROD000217,West,mobile,3,394.65,placed,2026-01-28
ORD0003746,ORD0003746-L1128,CUST000083,PROD000128,Midwest,web,1,34.24,placed,2026-01-28
ORD0003746,ORD0003746-L1031,CUST000083,PROD000031,Northeast,web,1,98.01,placed,2026-01-28
ORD0003746,ORD0003746-L1189,CUST000083,PROD000189,Northeast,store,1,95.37,placed,2026-01-28
ORD0003845,ORD0003845-L3097,CUST000199,PROD000097,Midwest,marketplace,3,958.5,placed,2026-01-28
ORD0003870,ORD0003870-L3082,CUST000062,PROD000082,West,store,3,1046.46,placed,2026-01-28
ORD0003870,ORD0003870-L2197,CUST000062,PROD000197,West,web,2,771.2,placed,2026-01-28
ORD0003870,ORD0003870-L3191,CUST000062,PROD000191,West,marketplace,3,1019.58,placed,2026-01-28
ORD0003983,ORD0003983-L3109,CUST000425,PROD000109,Southeast,web,3,842.61,placed,2026-01-28
ORD0003983,ORD0003983-L1168,CUST000425,PROD000168,Midwest,mobile,1,321.33,placed,2026-01-28
ORD0003983,ORD0003983-L1080,CUST000425,PROD000080,Southeast,web,1,273.56,placed,2026-01-28
ORD0003983,ORD0003983-L2116,CUST000425,PROD000116,Southeast,web,2,481.82,placed,2026-01-28
ORD0003985,ORD0003985-L2124,CUST000428,PROD000124,Northeast,store,2,344.58,placed,2026-01-28
ORD0003985,ORD0003985-L1220,CUST000428,PROD000220,West,store,1,444.44,placed,2026-01-28
ORD0003985,ORD0003985-L1214,CUST000428,PROD000214,West,store,1,129.39,placed,2026-01-28
ORD0000016,ORD0000016-L2023,CUST000175,PROD000023,Midwest,mobile,2,61.02,placed,2026-01-29
ORD0000016,ORD0000016-L2060,CUST000175,PROD000060,West,store,2,594.68,placed,2026-01-29
ORD0000016,ORD0000016-L3078,CUST000175,PROD000078,Midwest,marketplace,3,69.21,placed,2026-01-29
ORD0000016,ORD0000016-L3150,CUST000175,PROD000150,West,web,3,1334.49,placed,2026-01-29
ORD0000250,ORD0000250-L3236,CUST000322,PROD000236,Midwest,mobile,3,289.5,placed,2026-01-29
ORD0000250,ORD0000250-L2219,CUST000322,PROD000219,Midwest,store,2,942.36,placed,2026-01-29
ORD0000250,ORD0000250-L3161,CUST000322,PROD000161,Northeast,store,3,738.63,placed,2026-01-29
ORD0000250,ORD0000250-L1110,CUST000322,PROD000110,West,store,1,226.31,placed,2026-01-29
ORD0000367,ORD0000367-L3172,CUST000435,PROD000172,Midwest,web,3,1392.72,placed,2026-01-29
ORD0000367,ORD0000367-L3219,CUST000435,PROD000219,Midwest,mobile,3,1342.86,placed,2026-01-29
ORD0000367,ORD0000367-L3027,CUST000435,PROD000027,Midwest,marketplace,3,979.71,placed,2026-01-29
ORD0000380,ORD0000380-L2177,CUST000440,PROD000177,Midwest,store,2,64.38,placed,2026-01-29
ORD0000380,ORD0000380-L3034,CUST000440,PROD000034,Southeast,marketplace,3,916.92,placed,2026-01-29
ORD0000507,ORD0000507-L3048,CUST000465,PROD000048,Northeast,mobile,3,931.17,placed,2026-01-29
ORD0000551,ORD0000551-L3196,CUST000141,PROD000196,Southeast,marketplace,3,1083.57,placed,2026-01-29
ORD0000551,ORD0000551-L1059,CUST000141,PROD000059,West,web,1,21.63,placed,2026-01-29
ORD0000551,ORD0000551-L3180,CUST000141,PROD000180,Midwest,store,3,1116.45,placed,2026-01-29
ORD0000551,ORD0000551-L2095,CUST000141,PROD000095,Southeast,web,2,40.8,placed,2026-01-29
ORD0000590,ORD0000590-L2131,CUST000448,PROD000131,Northeast,web,2,330.06,placed,2026-01-29
ORD0000590,ORD0000590-L2203,CUST000448,PROD000203,West,mobile,2,636.54,placed,2026-01-29
ORD0000633,ORD0000633-L2182,CUST000245,PROD000182,Northeast,mobile,2,545.6,placed,2026-01-29
ORD0000661,ORD0000661-L2231,CUST000129,PROD000231,Southeast,web,2,137.36,placed,2026-01-29
ORD0000661,ORD0000661-L1211,CUST000129,PROD000211,West,marketplace,1,258.86,placed,2026-01-29
ORD0000661,ORD0000661-L3218,CUST000129,PROD000218,Midwest,marketplace,3,211.74,placed,2026-01-29
ORD0000861,ORD0000861-L2008,CUST000156,PROD000008,Southeast,store,2,483.16,placed,2026-01-29
ORD0000887,ORD0000887-L2124,CUST000380,PROD000124,Southeast,store,2,344.58,placed,2026-01-29
ORD0001011,ORD0001011-L3077,CUST000489,PROD000077,West,web,3,414.75,placed,2026-01-29
ORD0001011,ORD0001011-L1165,CUST000489,PROD000165,Midwest,web,1,440.41,placed,2026-01-29
ORD0001011,ORD0001011-L3101,CUST000489,PROD000101,West,web,3,1230.93,placed,2026-01-29
ORD0001011,ORD0001011-L1036,CUST000489,PROD000036,West,marketplace,1,374.66,placed,2026-01-29
ORD0001370,ORD0001370-L1210,CUST000176,PROD000210,Northeast,web,1,441.99,placed,2026-01-29
ORD0001370,ORD0001370-L3145,CUST000176,PROD000145,Northeast,store,3,321.27,placed,2026-01-29
ORD0001418,ORD0001418-L3192,CUST000124,PROD000192,Northeast,mobile,3,1438.77,placed,2026-01-29
ORD0001418,ORD0001418-L2215,CUST000124,PROD000215,West,web,2,470.3,placed,2026-01-29
ORD0001504,ORD0001504-L3026,CUST000013,PROD000026,Southeast,store,3,239.04,placed,2026-01-29
ORD0001504,ORD0001504-L3027,CUST000013,PROD000027,Midwest,web,3,930.72,placed,2026-01-29
ORD0001504,ORD0001504-L2205,CUST000013,PROD000205,Northeast,marketplace,2,601.92,placed,2026-01-29
ORD0001504,ORD0001504-L1092,CUST000013,PROD000092,Northeast,store,1,496.32,placed,2026-01-29
ORD0001575,ORD0001575-L2079,CUST000051,PROD000079,Northeast,web,2,732.78,placed,2026-01-29
ORD0001699,ORD0001699-L2009,CUST000481,PROD000009,Midwest,marketplace,2,726.02,placed,2026-01-29
ORD0001699,ORD0001699-L3106,CUST000481,PROD000106,West,marketplace,3,366.09,placed,2026-01-29
ORD0001699,ORD0001699-L3187,CUST000481,PROD000187,Northeast,web,3,268.11,placed,2026-01-29
ORD0001699,ORD0001699-L3145,CUST000481,PROD000145,Midwest,mobile,3,273.09,placed,2026-01-29
ORD0001789,ORD0001789-L2086,CUST000410,PROD000086,Northeast,mobile,2,930.58,placed,2026-01-29
ORD0001789,ORD0001789-L1022,CUST000410,PROD000022,Midwest,mobile,1,60.39,placed,2026-01-29
ORD0001789,ORD0001789-L1250,CUST000410,PROD000250,Southeast,web,1,334.77,placed,2026-01-29
ORD0001924,ORD0001924-L2086,CUST000225,PROD000086,West,marketplace,2,837.52,placed,2026-01-29
ORD0001924,ORD0001924-L1118,CUST000225,PROD000118,Midwest,store,1,273.14,placed,2026-01-29
ORD0001924,ORD0001924-L1014,CUST000225,PROD000014,Southeast,mobile,1,217.09,placed,2026-01-29
ORD0001924,ORD0001924-L2089,CUST000225,PROD000089,West,store,2,70.14,placed,2026-01-29
ORD0001946,ORD0001946-L1115,CUST000266,PROD000115,West,marketplace,1,159.19,placed,2026-01-29
ORD0001946,ORD0001946-L2080,CUST000266,PROD000080,West,marketplace,2,492.4,placed,2026-01-29
ORD0001948,ORD0001948-L2213,CUST000293,PROD000213,Southeast,web,2,19.6,placed,2026-01-29
ORD0001948,ORD0001948-L1242,CUST000293,PROD000242,West,marketplace,1,347.16,placed,2026-01-29
ORD0001948,ORD0001948-L1058,CUST000293,PROD000058,Southeast,store,1,277.72,placed,2026-01-29
ORD0001948,ORD0001948-L2091,CUST000293,PROD000091,Northeast,store,2,341.36,placed,2026-01-29
ORD0002007,ORD0002007-L3113,CUST000390,PROD000113,Midwest,mobile,3,82.35,placed,2026-01-29
ORD0002007,ORD0002007-L2073,CUST000390,PROD000073,Northeast,web,2,562.76,placed,2026-01-29
ORD0002007,ORD0002007-L3193,CUST000390,PROD000193,Northeast,mobile,3,1473.39,placed,2026-01-29
ORD0002067,ORD0002067-L1029,CUST000353,PROD000029,Midwest,web,1,474.02,placed,2026-01-29
ORD0002067,ORD0002067-L2199,CUST000353,PROD000199,Southeast,mobile,2,72.48,placed,2026-01-29
ORD0002144,ORD0002144-L3135,CUST000468,PROD000135,West,store,3,567.84,placed,2026-01-29
ORD0002256,ORD0002256-L1123,CUST000440,PROD000123,West,store,1,169.75,placed,2026-01-29
ORD0002256,ORD0002256-L1207,CUST000440,PROD000207,West,mobile,1,12.05,placed,2026-01-29
ORD0002358,ORD0002358-L2067,CUST000030,PROD000067,West,web,2,336.72,placed,2026-01-29
ORD0002358,ORD0002358-L1241,CUST000030,PROD000241,Southeast,mobile,1,65.32,placed,2026-01-29
ORD0002358,ORD0002358-L3060,CUST000030,PROD000060,Northeast,store,3,892.02,placed,2026-01-29
ORD0002689,ORD0002689-L2183,CUST000300,PROD000183,Midwest,mobile,2,385.26,placed,2026-01-29
ORD0002749,ORD0002749-L1029,CUST000423,PROD000029,Midwest,mobile,1,450.32,placed,2026-01-29
ORD0002749,ORD0002749-L3084,CUST000423,PROD000084,Midwest,store,3,322.59,placed,2026-01-29
ORD0002749,ORD0002749-L3124,CUST000423,PROD000124,Southeast,mobile,3,489.66,placed,2026-01-29
ORD0002749,ORD0002749-L2106,CUST000423,PROD000106,West,mobile,2,287.14,placed,2026-01-29
ORD0002770,ORD0002770-L3065,CUST000353,PROD000065,West,web,3,198.45,placed,2026-01-29
ORD0002770,ORD0002770-L1058,CUST000353,PROD000058,Southeast,marketplace,1,293.15,placed,2026-01-29
ORD0002893,ORD0002893-L1230,CUST000037,PROD000230,Southeast,marketplace,1,321.73,placed,2026-01-29
ORD0002893,ORD0002893-L1147,CUST000037,PROD000147,West,marketplace,1,261.38,placed,2026-01-29
ORD0003164,ORD0003164-L1212,CUST000368,PROD000212,Northeast,store,1,174.06,placed,2026-01-29
ORD0003189,ORD0003189-L3173,CUST000385,PROD000173,Southeast,marketplace,3,776.46,placed,2026-01-29
ORD0003189,ORD0003189-L1091,CUST000385,PROD000091,Southeast,mobile,1,180.16,placed,2026-01-29
ORD0003189,ORD0003189-L1067,CUST000385,PROD000067,Northeast,mobile,1,151.52,placed,2026-01-29
ORD0003189,ORD0003189-L2229,CUST000385,PROD000229,West,marketplace,2,121.1,placed,2026-01-29
ORD0003214,ORD0003214-L1021,CUST000414,PROD000021,Southeast,marketplace,1,22.43,placed,2026-01-29
ORD0003214,ORD0003214-L2250,CUST000414,PROD000250,Northeast,web,2,743.94,placed,2026-01-29
ORD0003360,ORD0003360-L2021,CUST000163,PROD000021,Southeast,marketplace,2,44.86,placed,2026-01-29
ORD0003360,ORD0003360-L1023,CUST000163,PROD000023,West,web,1,27.46,placed,2026-01-29
ORD0003436,ORD0003436-L3108,CUST000426,PROD000108,Midwest,mobile,3,864.36,placed,2026-01-29
ORD0003436,ORD0003436-L3039,CUST000426,PROD000039,Northeast,store,3,1220.7,placed,2026-01-29
ORD0003436,ORD0003436-L2007,CUST000426,PROD000007,Southeast,mobile,2,729.88,placed,2026-01-29
ORD0003445,ORD0003445-L3069,CUST000056,PROD000069,Northeast,mobile,3,388.05,placed,2026-01-29
ORD0003467,ORD0003467-L2163,CUST000273,PROD000163,Southeast,store,2,714.32,placed,2026-01-29
ORD0003473,ORD0003473-L3090,CUST000138,PROD000090,Southeast,store,3,351.57,placed,2026-01-29
ORD0003511,ORD0003511-L2172,CUST000245,PROD000172,Northeast,mobile,2,928.48,placed,2026-01-29
ORD0003610,ORD0003610-L2100,CUST000184,PROD000100,West,marketplace,2,349.54,placed,2026-01-29
ORD0003610,ORD0003610-L2137,CUST000184,PROD000137,Southeast,web,2,959.78,placed,2026-01-29
ORD0003669,ORD0003669-L3197,CUST000408,PROD000197,Southeast,mobile,3,1221.06,placed,2026-01-29
ORD0003669,ORD0003669-L3098,CUST000408,PROD000098,Southeast,marketplace,3,1311.75,placed,2026-01-29
ORD0003669,ORD0003669-L2061,CUST000408,PROD000061,West,store,2,638.64,placed,2026-01-29
ORD0003766,ORD0003766-L3206,CUST000046,PROD000206,West,web,3,1239.3,placed,2026-01-29
ORD0003929,ORD0003929-L1044,CUST000410,PROD000044,West,web,1,378.65,placed,2026-01-29
ORD0000115,ORD0000115-L1220,CUST000343,PROD000220,Southeast,marketplace,1,444.44,placed,2026-01-30
ORD0000115,ORD0000115-L2079,CUST000343,PROD000079,Northeast,web,2,771.34,placed,2026-01-30
ORD0000115,ORD0000115-L2156,CUST000343,PROD000156,Northeast,web,2,157.64,placed,2026-01-30
ORD0000115,ORD0000115-L1027,CUST000343,PROD000027,West,web,1,326.57,placed,2026-01-30
ORD0000316,ORD0000316-L1040,CUST000453,PROD000040,Northeast,mobile,1,30.85,placed,2026-01-30
ORD0000432,ORD0000432-L3093,CUST000231,PROD000093,Midwest,store,3,1180.86,placed,2026-01-30
ORD0000432,ORD0000432-L2059,CUST000231,PROD000059,Southeast,marketplace,2,50.9,placed,2026-01-30
ORD0000432,ORD0000432-L2212,CUST000231,PROD000212,West,marketplace,2,368.6,placed,2026-01-30
ORD0000455,ORD0000455-L2038,CUST000483,PROD000038,West,marketplace,2,74.38,placed,2026-01-30
ORD0000622,ORD0000622-L3068,CUST000084,PROD000068,Northeast,mobile,3,365.55,placed,2026-01-30
ORD0000622,ORD0000622-L1168,CUST000084,PROD000168,West,mobile,1,321.33,placed,2026-01-30
ORD0000622,ORD0000622-L2198,CUST000084,PROD000198,Northeast,marketplace,2,915.18,placed,2026-01-30
ORD0000703,ORD0000703-L2116,CUST000422,PROD000116,Southeast,store,2,481.82,placed,2026-01-30
ORD0000703,ORD0000703-L3016,CUST000422,PROD000016,West,web,3,1229.79,placed,2026-01-30
ORD0001002,ORD0001002-L2022,CUST000362,PROD000022,Southeast,store,2,108.7,placed,2026-01-30
ORD0001002,ORD0001002-L2063,CUST000362,PROD000063,Midwest,store,2,623.66,placed,2026-01-30
ORD0001002,ORD0001002-L2091,CUST000362,PROD000091,Northeast,mobile,2,379.28,placed,2026-01-30
ORD0001107,ORD0001107-L2002,CUST000091,PROD000002,Midwest,mobile,2,837.1,placed,2026-01-30
ORD0001107,ORD0001107-L3201,CUST000091,PROD000201,West,store,3,1105.5,placed,2026-01-30
ORD0001107,ORD0001107-L2059,CUST000091,PROD000059,West,mobile,2,45.82,placed,2026-01-30
ORD0001302,ORD0001302-L3244,CUST000417,PROD000244,Midwest,marketplace,3,1234.23,placed,2026-01-30
ORD0001302,ORD0001302-L3155,CUST000417,PROD000155,Midwest,mobile,3,506.52,placed,2026-01-30
ORD0001302,ORD0001302-L3065,CUST000417,PROD000065,Southeast,marketplace,3,198.45,placed,2026-01-30
ORD0001313,ORD0001313-L3047,CUST000330,PROD000047,West,marketplace,3,397.44,placed,2026-01-30
ORD0001342,ORD0001342-L1094,CUST000328,PROD000094,West,web,1,72.83,placed,2026-01-30
ORD0001387,ORD0001387-L1107,CUST000193,PROD000107,Southeast,marketplace,1,428.08,placed,2026-01-30
ORD0001387,ORD0001387-L2168,CUST000193,PROD000168,Southeast,marketplace,2,610.52,placed,2026-01-30
ORD0001387,ORD0001387-L2115,CUST000193,PROD000115,Midwest,web,2,318.38,placed,2026-01-30
ORD0001387,ORD0001387-L2090,CUST000193,PROD000090,Midwest,store,2,260.42,placed,2026-01-30
ORD0001407,ORD0001407-L2016,CUST000266,PROD000016,Southeast,web,2,737.88,placed,2026-01-30
ORD0001519,ORD0001519-L1249,CUST000472,PROD000249,Midwest,web,1,115.99,placed,2026-01-30
ORD0001519,ORD0001519-L3092,CUST000472,PROD000092,Northeast,mobile,3,1488.96,placed,2026-01-30
ORD0001557,ORD0001557-L2164,CUST000117,PROD000164,West,mobile,2,33.54,placed,2026-01-30
ORD0001557,ORD0001557-L2076,CUST000117,PROD000076,Midwest,store,2,135.66,placed,2026-01-30
ORD0001663,ORD0001663-L2187,CUST000353,PROD000187,West,mobile,2,198.6,placed,2026-01-30
ORD0001663,ORD0001663-L1066,CUST000353,PROD000066,Southeast,mobile,1,443.11,placed,2026-01-30
ORD0001663,ORD0001663-L1155,CUST000353,PROD000155,West,web,1,168.84,placed,2026-01-30
ORD0001802,ORD0001802-L2216,CUST000148,PROD000216,West,mobile,2,99.4,placed,2026-01-30
ORD0001802,ORD0001802-L2131,CUST000148,PROD000131,Northeast,marketplace,2,313.56,placed,2026-01-30
ORD0001802,ORD0001802-L1073,CUST000148,PROD000073,Northeast,web,1,239.17,placed,2026-01-30
ORD0001852,ORD0001852-L1028,CUST000032,PROD000028,West,marketplace,1,49.49,placed,2026-01-30
ORD0001875,ORD0001875-L3187,CUST000356,PROD000187,West,marketplace,3,268.11,placed,2026-01-30
ORD0001875,ORD0001875-L3208,CUST000356,PROD000208,Northeast,marketplace,3,273.36,placed,2026-01-30
ORD0001875,ORD0001875-L3131,CUST000356,PROD000131,Southeast,store,3,495.09,placed,2026-01-30
ORD0002032,ORD0002032-L1245,CUST000177,PROD000245,Northeast,mobile,1,74.06,placed,2026-01-30
ORD0002032,ORD0002032-L3057,CUST000177,PROD000057,Southeast,mobile,3,1204.74,placed,2026-01-30
ORD0002066,ORD0002066-L2138,CUST000484,PROD000138,Northeast,web,2,649.98,placed,2026-01-30
ORD0002066,ORD0002066-L1173,CUST000484,PROD000173,Midwest,marketplace,1,245.88,placed,2026-01-30
ORD0002146,ORD0002146-L1057,CUST000420,PROD000057,Midwest,store,1,341.34,placed,2026-01-30
ORD0002146,ORD0002146-L2103,CUST000420,PROD000103,Midwest,store,2,550.4,placed,2026-01-30
ORD0002276,ORD0002276-L2058,CUST000146,PROD000058,Northeast,store,2,586.3,placed,2026-01-30
ORD0002276,ORD0002276-L2203,CUST000146,PROD000203,Southeast,store,2,707.26,placed,2026-01-30
ORD0002330,ORD0002330-L3180,CUST000466,PROD000180,Northeast,store,3,1060.62,placed,2026-01-30
ORD0002391,ORD0002391-L1148,CUST000368,PROD000148,Southeast,marketplace,1,141.55,placed,2026-01-30
ORD0002391,ORD0002391-L3218,CUST000368,PROD000218,Southeast,mobile,3,211.74,placed,2026-01-30
ORD0002391,ORD0002391-L2125,CUST000368,PROD000125,West,store,2,411.66,placed,2026-01-30
ORD0002399,ORD0002399-L3096,CUST000176,PROD000096,Southeast,mobile,3,290.73,placed,2026-01-30
ORD0002399,ORD0002399-L2044,CUST000176,PROD000044,Southeast,web,2,757.3,placed,2026-01-30
ORD0002399,ORD0002399-L1135,CUST000176,PROD000135,West,web,1,199.24,placed,2026-01-30
ORD0002399,ORD0002399-L1195,CUST000176,PROD000195,West,mobile,1,192.58,placed,2026-01-30
ORD0002596,ORD0002596-L1081,CUST000072,PROD000081,Southeast,mobile,1,228.01,placed,2026-01-30
ORD0002596,ORD0002596-L2093,CUST000072,PROD000093,Southeast,web,2,704.38,placed,2026-01-30
ORD0002596,ORD0002596-L1044,CUST000072,PROD000044,Southeast,mobile,1,378.65,placed,2026-01-30
ORD0002596,ORD0002596-L1220,CUST000072,PROD000220,Northeast,mobile,1,444.44,placed,2026-01-30
ORD0002621,ORD0002621-L3026,CUST000130,PROD000026,Midwest,mobile,3,239.04,placed,2026-01-30
ORD0002621,ORD0002621-L1122,CUST000130,PROD000122,Southeast,mobile,1,179.71,placed,2026-01-30
ORD0002621,ORD0002621-L2001,CUST000130,PROD000001,Southeast,store,2,846.36,placed,2026-01-30
ORD0002621,ORD0002621-L3092,CUST000130,PROD000092,Midwest,store,3,1488.96,placed,2026-01-30
ORD0002666,ORD0002666-L3130,CUST000206,PROD000130,Midwest,store,3,1306.92,placed,2026-01-30
ORD0002666,ORD0002666-L3154,CUST000206,PROD000154,Northeast,marketplace,3,1001.67,placed,2026-01-30
ORD0002666,ORD0002666-L2187,CUST000206,PROD000187,West,marketplace,2,198.6,placed,2026-01-30
ORD0002666,ORD0002666-L3240,CUST000206,PROD000240,West,marketplace,3,1089.57,placed,2026-01-30
ORD0002675,ORD0002675-L2164,CUST000363,PROD000164,Northeast,marketplace,2,31.86,placed,2026-01-30
ORD0002675,ORD0002675-L3152,CUST000363,PROD000152,Southeast,mobile,3,937.59,placed,2026-01-30
ORD0002675,ORD0002675-L2059,CUST000363,PROD000059,Southeast,store,2,50.9,placed,2026-01-30
ORD0002675,ORD0002675-L3144,CUST000363,PROD000144,Northeast,marketplace,3,1049.16,placed,2026-01-30
ORD0002725,ORD0002725-L1013,CUST000212,PROD000013,Northeast,web,1,398.03,placed,2026-01-30
ORD0002725,ORD0002725-L3082,CUST000212,PROD000082,Southeast,store,3,1101.54,placed,2026-01-30
ORD0002742,ORD0002742-L3142,CUST000138,PROD000142,West,mobile,3,297.93,placed,2026-01-30
ORD0002742,ORD0002742-L1220,CUST000138,PROD000220,Northeast,marketplace,1,377.77,placed,2026-01-30
ORD0002742,ORD0002742-L1162,CUST000138,PROD000162,Midwest,store,1,319.57,placed,2026-01-30
ORD0002938,ORD0002938-L3246,CUST000389,PROD000246,Midwest,marketplace,3,293.85,placed,2026-01-30
ORD0002938,ORD0002938-L1239,CUST000389,PROD000239,Southeast,web,1,347.76,placed,2026-01-30
ORD0002958,ORD0002958-L2191,CUST000363,PROD000191,Midwest,store,2,679.72,placed,2026-01-30
ORD0002958,ORD0002958-L1137,CUST000363,PROD000137,Midwest,store,1,479.89,placed,2026-01-30
ORD0003019,ORD0003019-L3196,CUST000187,PROD000196,Southeast,web,3,1026.54,placed,2026-01-30
ORD0003019,ORD0003019-L3071,CUST000187,PROD000071,Southeast,mobile,3,269.97,placed,2026-01-30
ORD0003107,ORD0003107-L1040,CUST000430,PROD000040,Southeast,mobile,1,30.85,placed,2026-01-30
ORD0003142,ORD0003142-L3021,CUST000280,PROD000021,Southeast,marketplace,3,67.29,placed,2026-01-30
ORD0003142,ORD0003142-L2168,CUST000280,PROD000168,Northeast,mobile,2,610.52,placed,2026-01-30
ORD0003157,ORD0003157-L1124,CUST000026,PROD000124,Southeast,web,1,163.22,placed,2026-01-30
ORD0003157,ORD0003157-L3005,CUST000026,PROD000005,Midwest,web,3,958.08,placed,2026-01-30
ORD0003392,ORD0003392-L1206,CUST000296,PROD000206,Southeast,web,1,392.44,placed,2026-01-30
ORD0003392,ORD0003392-L3204,CUST000296,PROD000204,Midwest,mobile,3,1351.56,placed,2026-01-30
ORD0003410,ORD0003410-L3069,CUST000087,PROD000069,Midwest,store,3,408.48,placed,2026-01-30
ORD0003410,ORD0003410-L2189,CUST000087,PROD000189,Southeast,store,2,181.2,placed,2026-01-30
ORD0003519,ORD0003519-L1102,CUST000465,PROD000102,West,web,1,116.2,placed,2026-01-30
ORD0003519,ORD0003519-L2131,CUST000465,PROD000131,Southeast,web,2,330.06,placed,2026-01-30
ORD0003519,ORD0003519-L1006,CUST000465,PROD000006,Midwest,store,1,127.45,placed,2026-01-30
ORD0003519,ORD0003519-L1221,CUST000465,PROD000221,West,store,1,204.57,placed,2026-01-30
ORD0003559,ORD0003559-L2011,CUST000365,PROD000011,Midwest,mobile,2,578.26,placed,2026-01-30
ORD0003629,ORD0003629-L2087,CUST000346,PROD000087,Midwest,mobile,2,333.7,placed,2026-01-30
ORD0003629,ORD0003629-L3205,CUST000346,PROD000205,Midwest,marketplace,3,902.88,placed,2026-01-30
ORD0003629,ORD0003629-L2182,CUST000346,PROD000182,Southeast,store,2,491.04,placed,2026-01-30
ORD0003629,ORD0003629-L3085,CUST000346,PROD000085,West,marketplace,3,1322.82,placed,2026-01-30
ORD0003701,ORD0003701-L3004,CUST000389,PROD000004,Northeast,mobile,3,1283.31,placed,2026-01-30
ORD0003701,ORD0003701-L2189,CUST000389,PROD000189,Southeast,store,2,171.66,placed,2026-01-30
ORD0003701,ORD0003701-L1158,CUST000389,PROD000158,Midwest,store,1,98.14,placed,2026-01-30
ORD0003701,ORD0003701-L1182,CUST000389,PROD000182,West,mobile,1,259.16,placed,2026-01-30
ORD0003901,ORD0003901-L1187,CUST000065,PROD000187,Northeast,mobile,1,99.3,placed,2026-01-30
ORD0003901,ORD0003901-L3117,CUST000065,PROD000117,Midwest,web,3,1227.48,placed,2026-01-30
ORD0003901,ORD0003901-L3175,CUST000065,PROD000175,Midwest,mobile,3,1189.23,placed,2026-01-30
ORD0003901,ORD0003901-L2209,CUST000065,PROD000209,Southeast,web,2,284.48,placed,2026-01-30
ORD0003997,ORD0003997-L3207,CUST000339,PROD000207,Southeast,store,3,42.54,placed,2026-01-30
ORD0000034,ORD0000034-L1152,CUST000217,PROD000152,Southeast,mobile,1,329.9,placed,2026-01-31
ORD0000078,ORD0000078-L3240,CUST000433,PROD000240,Northeast,mobile,3,1210.62,placed,2026-01-31
ORD0000078,ORD0000078-L1244,CUST000433,PROD000244,West,web,1,433.06,placed,2026-01-31
ORD0000078,ORD0000078-L2246,CUST000433,PROD000246,Midwest,web,2,195.9,placed,2026-01-31
ORD0000078,ORD0000078-L1020,CUST000433,PROD000020,Midwest,marketplace,1,487.62,placed,2026-01-31
ORD0000113,ORD0000113-L3158,CUST000377,PROD000158,Midwest,mobile,3,294.42,placed,2026-01-31
ORD0000241,ORD0000241-L1141,CUST000128,PROD000141,Southeast,web,1,350.61,placed,2026-01-31
ORD0000241,ORD0000241-L1178,CUST000128,PROD000178,West,store,1,213.7,placed,2026-01-31
ORD0000241,ORD0000241-L1227,CUST000128,PROD000227,West,marketplace,1,381.12,placed,2026-01-31
ORD0000241,ORD0000241-L3033,CUST000128,PROD000033,Midwest,marketplace,3,1164.3,placed,2026-01-31
ORD0000430,ORD0000430-L3170,CUST000088,PROD000170,Northeast,store,3,99.09,placed,2026-01-31
ORD0000430,ORD0000430-L3052,CUST000088,PROD000052,West,marketplace,3,597.72,placed,2026-01-31
ORD0000594,ORD0000594-L3146,CUST000015,PROD000146,Southeast,marketplace,3,1082.4,placed,2026-01-31
ORD0000594,ORD0000594-L2185,CUST000015,PROD000185,Midwest,store,2,847.62,placed,2026-01-31
ORD0000594,ORD0000594-L1219,CUST000015,PROD000219,Midwest,store,1,471.18,placed,2026-01-31
ORD0000594,ORD0000594-L1237,CUST000015,PROD000237,Midwest,store,1,205.21,placed,2026-01-31
ORD0000727,ORD0000727-L2076,CUST000366,PROD000076,Northeast,web,2,135.66,placed,2026-01-31
ORD0000727,ORD0000727-L1118,CUST000366,PROD000118,Northeast,web,1,303.49,placed,2026-01-31
ORD0000727,ORD0000727-L1020,CUST000366,PROD000020,Midwest,web,1,487.62,placed,2026-01-31
ORD0000786,ORD0000786-L1057,CUST000384,PROD000057,West,mobile,1,401.58,placed,2026-01-31
ORD0000786,ORD0000786-L2235,CUST000384,PROD000235,Northeast,mobile,2,135.88,placed,2026-01-31
ORD0000865,ORD0000865-L3128,CUST000373,PROD000128,Midwest,mobile,3,97.59,placed,2026-01-31
ORD0000865,ORD0000865-L1001,CUST000373,PROD000001,Southeast,mobile,1,423.18,placed,2026-01-31
ORD0000879,ORD0000879-L2239,CUST000473,PROD000239,Northeast,web,2,695.52,placed,2026-01-31
ORD0000879,ORD0000879-L2007,CUST000473,PROD000007,West,store,2,729.88,placed,2026-01-31
ORD0000879,ORD0000879-L2009,CUST000473,PROD000009,Southeast,mobile,2,726.02,placed,2026-01-31
ORD0000879,ORD0000879-L3160,CUST000473,PROD000160,West,store,3,206.34,placed,2026-01-31
ORD0000901,ORD0000901-L3123,CUST000217,PROD000123,West,store,3,509.25,placed,2026-01-31
ORD0000901,ORD0000901-L3130,CUST000217,PROD000130,West,marketplace,3,1176.24,placed,2026-01-31
ORD0000935,ORD0000935-L2130,CUST000472,PROD000130,Midwest,marketplace,2,827.72,placed,2026-01-31
ORD0000935,ORD0000935-L1247,CUST000472,PROD000247,Midwest,store,1,325.78,placed,2026-01-31
ORD0000935,ORD0000935-L2219,CUST000472,PROD000219,Southeast,mobile,2,942.36,placed,2026-01-31
ORD0000990,ORD0000990-L2170,CUST000289,PROD000170,Southeast,mobile,2,62.76,placed,2026-01-31
ORD0000990,ORD0000990-L3118,CUST000289,PROD000118,West,marketplace,3,910.47,placed,2026-01-31
ORD0000995,ORD0000995-L2040,CUST000279,PROD000040,Midwest,store,2,61.7,placed,2026-01-31
ORD0000995,ORD0000995-L1103,CUST000279,PROD000103,Southeast,marketplace,1,275.2,placed,2026-01-31
ORD0001269,ORD0001269-L2036,CUST000263,PROD000036,West,mobile,2,709.88,placed,2026-01-31
ORD0001269,ORD0001269-L2226,CUST000263,PROD000226,Midwest,store,2,453.02,placed,2026-01-31
ORD0001269,ORD0001269-L1046,CUST000263,PROD000046,West,store,1,249.78,placed,2026-01-31
ORD0001288,ORD0001288-L3180,CUST000457,PROD000180,West,marketplace,3,1116.45,placed,2026-01-31
ORD0001288,ORD0001288-L1062,CUST000457,PROD000062,Midwest,mobile,1,227.64,placed,2026-01-31
ORD0001288,ORD0001288-L2196,CUST000457,PROD000196,Northeast,web,2,722.38,placed,2026-01-31
ORD0001288,ORD0001288-L2201,CUST000457,PROD000201,Southeast,web,2,737.0,placed,2026-01-31
ORD0001414,ORD0001414-L3042,CUST000207,PROD000042,Northeast,store,3,371.34,placed,2026-01-31
ORD0001414,ORD0001414-L3185,CUST000207,PROD000185,West,web,3,1271.43,placed,2026-01-31
ORD0001414,ORD0001414-L3076,CUST000207,PROD000076,Midwest,marketplace,3,193.32,placed,2026-01-31
ORD0001549,ORD0001549-L1125,CUST000235,PROD000125,West,web,1,195.54,placed,2026-01-31
ORD0001549,ORD0001549-L3053,CUST000235,PROD000053,West,store,3,645.96,placed,2026-01-31
ORD0001549,ORD0001549-L3099,CUST000235,PROD000099,Northeast,store,3,1143.84,placed,2026-01-31
ORD0001550,ORD0001550-L1020,CUST000146,PROD000020,Southeast,mobile,1,487.62,placed,2026-01-31
ORD0001550,ORD0001550-L1084,CUST000146,PROD000084,Southeast,marketplace,1,107.53,placed,2026-01-31
ORD0001550,ORD0001550-L1031,CUST000146,PROD000031,Northeast,mobile,1,88.21,placed,2026-01-31
ORD0001727,ORD0001727-L1203,CUST000205,PROD000203,Northeast,marketplace,1,353.63,placed,2026-01-31
ORD0001727,ORD0001727-L1050,CUST000205,PROD000050,Southeast,store,1,344.76,placed,2026-01-31
ORD0001747,ORD0001747-L3030,CUST000449,PROD000030,Midwest,mobile,3,202.62,placed,2026-01-31
ORD0001747,ORD0001747-L3042,CUST000449,PROD000042,Midwest,marketplace,3,352.77,placed,2026-01-31
ORD0001747,ORD0001747-L3105,CUST000449,PROD000105,West,store,3,1169.16,placed,2026-01-31
ORD0001747,ORD0001747-L3095,CUST000449,PROD000095,Midwest,web,3,61.2,placed,2026-01-31
ORD0001795,ORD0001795-L2124,CUST000047,PROD000124,Southeast,web,2,362.72,placed,2026-01-31
ORD0001795,ORD0001795-L3181,CUST000047,PROD000181,Northeast,store,3,128.31,placed,2026-01-31
ORD0001825,ORD0001825-L3135,CUST000339,PROD000135,West,mobile,3,597.72,placed,2026-01-31
ORD0001825,ORD0001825-L3152,CUST000339,PROD000152,West,mobile,3,989.7,placed,2026-01-31
ORD0001825,ORD0001825-L1025,CUST000339,PROD000025,West,marketplace,1,376.39,placed,2026-01-31
ORD0001825,ORD0001825-L1052,CUST000339,PROD000052,Northeast,store,1,199.24,placed,2026-01-31
ORD0001867,ORD0001867-L1075,CUST000490,PROD000075,West,web,1,296.85,placed,2026-01-31
ORD0001962,ORD0001962-L3145,CUST000015,PROD000145,Southeast,web,3,321.27,placed,2026-01-31
ORD0001962,ORD0001962-L1246,CUST000015,PROD000246,West,store,1,93.05,placed,2026-01-31
ORD0001982,ORD0001982-L3131,CUST000357,PROD000131,Midwest,store,3,470.34,placed,2026-01-31
ORD0002141,ORD0002141-L2250,CUST000168,PROD000250,Northeast,mobile,2,743.94,placed,2026-01-31
ORD0002141,ORD0002141-L3185,CUST000168,PROD000185,Northeast,marketplace,3,1271.43,placed,2026-01-31
ORD0002183,ORD0002183-L3198,CUST000295,PROD000198,Northeast,store,3,1372.77,placed,2026-01-31
ORD0002183,ORD0002183-L2186,CUST000295,PROD000186,Northeast,web,2,672.24,placed,2026-01-31
ORD0002183,ORD0002183-L3157,CUST000295,PROD000157,Midwest,store,3,785.85,placed,2026-01-31
ORD0002248,ORD0002248-L3196,CUST000232,PROD000196,Southeast,web,3,1140.6,placed,2026-01-31
ORD0002370,ORD0002370-L1085,CUST000443,PROD000085,Southeast,web,1,464.15,placed,2026-01-31
ORD0002370,ORD0002370-L1137,CUST000443,PROD000137,West,web,1,455.9,placed,2026-01-31
ORD0002370,ORD0002370-L1134,CUST000443,PROD000134,West,store,1,388.55,placed,2026-01-31
ORD0002370,ORD0002370-L1173,CUST000443,PROD000173,West,marketplace,1,258.82,placed,2026-01-31
ORD0002384,ORD0002384-L2014,CUST000020,PROD000014,Midwest,marketplace,2,434.18,placed,2026-01-31
ORD0002384,ORD0002384-L2005,CUST000020,PROD000005,Southeast,marketplace,2,638.72,placed,2026-01-31
ORD0002384,ORD0002384-L3019,CUST000020,PROD000019,Northeast,store,3,948.45,placed,2026-01-31
ORD0002548,ORD0002548-L3073,CUST000245,PROD000073,Southeast,store,3,844.14,placed,2026-01-31
ORD0002548,ORD0002548-L2005,CUST000245,PROD000005,Northeast,web,2,606.78,placed,2026-01-31
ORD0002548,ORD0002548-L1057,CUST000245,PROD000057,Southeast,mobile,1,401.58,placed,2026-01-31
ORD0002548,ORD0002548-L3107,CUST000245,PROD000107,Southeast,store,3,1155.81,placed,2026-01-31
ORD0002549,ORD0002549-L3244,CUST000316,PROD000244,Southeast,marketplace,3,1299.18,placed,2026-01-31
ORD0002549,ORD0002549-L2183,CUST000316,PROD000183,Midwest,mobile,2,327.48,placed,2026-01-31
ORD0002597,ORD0002597-L3089,CUST000386,PROD000089,Southeast,mobile,3,105.21,placed,2026-01-31
ORD0002597,ORD0002597-L3087,CUST000386,PROD000087,West,mobile,3,556.17,placed,2026-01-31
ORD0002597,ORD0002597-L2178,CUST000386,PROD000178,Southeast,marketplace,2,427.4,placed,2026-01-31
ORD0002597,ORD0002597-L1064,CUST000386,PROD000064,West,web,1,280.9,placed,2026-01-31
ORD0002637,ORD0002637-L1058,CUST000492,PROD000058,Northeast,web,1,293.15,placed,2026-01-31
ORD0002637,ORD0002637-L2082,CUST000492,PROD000082,Northeast,store,2,697.64,placed,2026-01-31
ORD0002638,ORD0002638-L3186,CUST000070,PROD000186,West,mobile,3,907.53,placed,2026-01-31
ORD0002638,ORD0002638-L1238,CUST000070,PROD000238,West,mobile,1,94.55,placed,2026-01-31
ORD0002638,ORD0002638-L1048,CUST000070,PROD000048,Southeast,web,1,310.39,placed,2026-01-31
ORD0002781,ORD0002781-L3102,CUST000270,PROD000102,West,web,3,313.74,placed,2026-01-31
ORD0002781,ORD0002781-L2085,CUST000270,PROD000085,Midwest,marketplace,2,928.3,placed,2026-01-31
ORD0002944,ORD0002944-L3025,CUST000136,PROD000025,Southeast,store,3,1129.17,placed,2026-01-31
ORD0002991,ORD0002991-L2221,CUST000173,PROD000221,Northeast,mobile,2,430.68,placed,2026-01-31
ORD0002991,ORD0002991-L2019,CUST000173,PROD000019,Southeast,marketplace,2,569.06,placed,2026-01-31
ORD0003056,ORD0003056-L2156,CUST000409,PROD000156,West,marketplace,2,141.88,placed,2026-01-31
ORD0003056,ORD0003056-L1230,CUST000409,PROD000230,Southeast,marketplace,1,321.73,placed,2026-01-31
ORD0003056,ORD0003056-L1097,CUST000409,PROD000097,Southeast,mobile,1,357.09,placed,2026-01-31
ORD0003056,ORD0003056-L1170,CUST000409,PROD000170,Southeast,mobile,1,33.03,placed,2026-01-31
ORD0003166,ORD0003166-L1165,CUST000065,PROD000165,Southeast,store,1,440.41,placed,2026-01-31
ORD0003166,ORD0003166-L2102,CUST000065,PROD000102,West,marketplace,2,232.4,placed,2026-01-31
ORD0003166,ORD0003166-L3042,CUST000065,PROD000042,Southeast,store,3,315.63,placed,2026-01-31
ORD0003345,ORD0003345-L3249,CUST000166,PROD000249,Midwest,store,3,347.97,placed,2026-01-31
ORD0003345,ORD0003345-L3014,CUST000166,PROD000014,Northeast,marketplace,3,651.27,placed,2026-01-31
ORD0003345,ORD0003345-L3039,CUST000166,PROD000039,Midwest,store,3,1159.65,placed,2026-01-31
ORD0003345,ORD0003345-L2223,CUST000166,PROD000223,Southeast,store,2,606.28,placed,2026-01-31
ORD0003390,ORD0003390-L2245,CUST000166,PROD000245,Northeast,marketplace,2,140.72,placed,2026-01-31
ORD0003390,ORD0003390-L2236,CUST000166,PROD000236,Southeast,web,2,227.06,placed,2026-01-31
ORD0003595,ORD0003595-L2207,CUST000375,PROD000207,West,marketplace,2,25.52,placed,2026-01-31
ORD0003595,ORD0003595-L1001,CUST000375,PROD000001,Southeast,marketplace,1,423.18,placed,2026-01-31
ORD0003595,ORD0003595-L3081,CUST000375,PROD000081,Southeast,web,3,722.04,placed,2026-01-31
ORD0003595,ORD0003595-L2048,CUST000375,PROD000048,West,mobile,2,689.76,placed,2026-01-31
ORD0003649,ORD0003649-L2185,CUST000143,PROD000185,Northeast,web,2,762.86,placed,2026-01-31
ORD0003649,ORD0003649-L2205,CUST000143,PROD000205,Midwest,web,2,601.92,placed,2026-01-31
ORD0003649,ORD0003649-L1216,CUST000143,PROD000216,Midwest,web,1,47.22,placed,2026-01-31
ORD0003666,ORD0003666-L3169,CUST000159,PROD000169,Southeast,store,3,884.91,placed,2026-01-31
ORD0003666,ORD0003666-L1154,CUST000159,PROD000154,Midwest,marketplace,1,333.89,placed,2026-01-31
ORD0003666,ORD0003666-L1021,CUST000159,PROD000021,Midwest,mobile,1,22.43,placed,2026-01-31
ORD0003666,ORD0003666-L2071,CUST000159,PROD000071,Midwest,web,2,199.98,placed,2026-01-31
ORD0003668,ORD0003668-L1110,CUST000450,PROD000110,Midwest,mobile,1,203.68,placed,2026-01-31
ORD0003730,ORD0003730-L2070,CUST000397,PROD000070,West,mobile,2,476.16,placed,2026-01-31
ORD0003730,ORD0003730-L3227,CUST000397,PROD000227,West,store,3,1143.36,placed,2026-01-31
ORD0003730,ORD0003730-L1108,CUST000397,PROD000108,Southeast,store,1,288.12,placed,2026-01-31
ORD0003730,ORD0003730-L3105,CUST000397,PROD000105,West,store,3,1052.25,placed,2026-01-31
ORD0003745,ORD0003745-L2069,CUST000126,PROD000069,West,store,2,272.32,placed,2026-01-31
ORD0003745,ORD0003745-L3027,CUST000126,PROD000027,Midwest,store,3,930.72,placed,2026-01-31
ORD0003795,ORD0003795-L1031,CUST000331,PROD000031,Midwest,web,1,98.01,placed,2026-01-31
ORD0003856,ORD0003856-L3141,CUST000088,PROD000141,Northeast,store,3,993.39,placed,2026-01-31
ORD0003856,ORD0003856-L1179,CUST000088,PROD000179,Northeast,store,1,192.66,placed,2026-01-31
ORD0003856,ORD0003856-L1160,CUST000088,PROD000160,West,store,1,72.4,placed,2026-01-31
ORD0003856,ORD0003856-L3042,CUST000088,PROD000042,Northeast,store,3,371.34,placed,2026-01-31
ORD0003862,ORD0003862-L3069,CUST000222,PROD000069,West,web,3,408.48,placed,2026-01-31
ORD0003881,ORD0003881-L3074,CUST000322,PROD000074,Midwest,mobile,3,845.25,placed,2026-01-31
ORD0000020,ORD0000020-L1193,CUST000454,PROD000193,West,marketplace,1,491.13,placed,2026-02-01
ORD0000020,ORD0000020-L3034,CUST000454,PROD000034,West,web,3,825.24,placed,2026-02-01
ORD0000020,ORD0000020-L2235,CUST000454,PROD000235,Southeast,web,2,135.88,placed,2026-02-01
ORD0000020,ORD0000020-L2089,CUST000454,PROD000089,Southeast,mobile,2,70.14,placed,2026-02-01
ORD0000145,ORD0000145-L2011,CUST000021,PROD000011,Midwest,mobile,2,578.26,placed,2026-02-01
ORD0000145,ORD0000145-L1054,CUST000021,PROD000054,Northeast,marketplace,1,225.84,placed,2026-02-01
ORD0000266,ORD0000266-L3018,CUST000176,PROD000018,Midwest,marketplace,3,849.0,placed,2026-02-01
ORD0000266,ORD0000266-L1104,CUST000176,PROD000104,Northeast,web,1,310.89,placed,2026-02-01
ORD0000266,ORD0000266-L2106,CUST000176,PROD000106,West,store,2,287.14,placed,2026-02-01
ORD0000266,ORD0000266-L2060,CUST000176,PROD000060,Northeast,store,2,564.94,placed,2026-02-01
ORD0000339,ORD0000339-L1034,CUST000160,PROD000034,Northeast,mobile,1,290.36,placed,2026-02-01
ORD0000339,ORD0000339-L1200,CUST000160,PROD000200,Midwest,marketplace,1,304.59,placed,2026-02-01
ORD0000441,ORD0000441-L3165,CUST000306,PROD000165,Northeast,store,3,1321.23,placed,2026-02-01
ORD0000441,ORD0000441-L2046,CUST000306,PROD000046,Southeast,marketplace,2,474.58,placed,2026-02-01
ORD0000441,ORD0000441-L3068,CUST000306,PROD000068,Northeast,store,3,365.55,placed,2026-02-01
ORD0000441,ORD0000441-L2027,CUST000306,PROD000027,Midwest,marketplace,2,653.14,placed,2026-02-01
ORD0000521,ORD0000521-L1166,CUST000362,PROD000166,Southeast,marketplace,1,222.66,placed,2026-02-01
ORD0000521,ORD0000521-L3133,CUST000362,PROD000133,West,web,3,330.87,placed,2026-02-01
ORD0000521,ORD0000521-L3087,CUST000362,PROD000087,Midwest,marketplace,3,500.55,placed,2026-02-01
ORD0000521,ORD0000521-L3080,CUST000362,PROD000080,Midwest,web,3,820.68,placed,2026-02-01
ORD0000614,ORD0000614-L2090,CUST000145,PROD000090,West,store,2,260.42,placed,2026-02-01
ORD0000614,ORD0000614-L3208,CUST000145,PROD000208,Northeast,mobile,3,246.03,placed,2026-02-01
ORD0000615,ORD0000615-L1093,CUST000464,PROD000093,Southeast,web,1,372.91,placed,2026-02-01
ORD0000615,ORD0000615-L2049,CUST000464,PROD000049,Northeast,web,2,303.88,placed,2026-02-01
ORD0000615,ORD0000615-L2209,CUST000464,PROD000209,Northeast,marketplace,2,284.48,placed,2026-02-01
ORD0000615,ORD0000615-L3012,CUST000464,PROD000012,Midwest,marketplace,3,1397.55,placed,2026-02-01
ORD0000713,ORD0000713-L2246,CUST000177,PROD000246,Northeast,mobile,2,186.1,placed,2026-02-01
ORD0000713,ORD0000713-L2030,CUST000177,PROD000030,Midwest,marketplace,2,135.08,placed,2026-02-01
ORD0000773,ORD0000773-L2184,CUST000493,PROD000184,Northeast,store,2,606.18,placed,2026-02-01
ORD0000773,ORD0000773-L2116,CUST000493,PROD000116,West,mobile,2,409.54,placed,2026-02-01
ORD0000773,ORD0000773-L3245,CUST000493,PROD000245,Southeast,mobile,3,222.18,placed,2026-02-01
ORD0000773,ORD0000773-L2093,CUST000493,PROD000093,Southeast,store,2,828.68,placed,2026-02-01
ORD0000788,ORD0000788-L1023,CUST000460,PROD000023,Southeast,store,1,30.51,placed,2026-02-01
ORD0000788,ORD0000788-L2106,CUST000460,PROD000106,West,marketplace,2,272.78,placed,2026-02-01
ORD0000788,ORD0000788-L2111,CUST000460,PROD000111,Southeast,mobile,2,30.14,placed,2026-02-01
ORD0000788,ORD0000788-L2183,CUST000460,PROD000183,Midwest,store,2,385.26,placed,2026-02-01
ORD0000870,ORD0000870-L3153,CUST000091,PROD000153,Southeast,web,3,1134.78,placed,2026-02-01
ORD0000870,ORD0000870-L2201,CUST000091,PROD000201,Northeast,mobile,2,663.3,placed,2026-02-01
ORD0000870,ORD0000870-L1051,CUST000091,PROD000051,West,mobile,1,365.09,placed,2026-02-01
ORD0000871,ORD0000871-L3198,CUST000484,PROD000198,Midwest,web,3,1372.77,placed,2026-02-01
ORD0000871,ORD0000871-L3085,CUST000484,PROD000085,Northeast,store,3,1322.82,placed,2026-02-01
ORD0000871,ORD0000871-L1034,CUST000484,PROD000034,West,mobile,1,290.36,placed,2026-02-01
ORD0000871,ORD0000871-L1190,CUST000484,PROD000190,Southeast,web,1,66.33,placed,2026-02-01
ORD0000880,ORD0000880-L3162,CUST000068,PROD000162,Midwest,mobile,3,958.71,placed,2026-02-01
ORD0000880,ORD0000880-L1128,CUST000068,PROD000128,Northeast,web,1,34.24,placed,2026-02-01
ORD0000880,ORD0000880-L1073,CUST000068,PROD000073,Northeast,mobile,1,253.24,placed,2026-02-01
ORD0000880,ORD0000880-L1240,CUST000068,PROD000240,West,mobile,1,403.54,placed,2026-02-01
ORD0000956,ORD0000956-L2130,CUST000427,PROD000130,West,mobile,2,740.58,placed,2026-02-01
ORD0000956,ORD0000956-L3121,CUST000427,PROD000121,Midwest,store,3,895.74,placed,2026-02-01
ORD0000956,ORD0000956-L3180,CUST000427,PROD000180,Midwest,mobile,3,1116.45,placed,2026-02-01
ORD0000982,ORD0000982-L3010,CUST000500,PROD000010,West,store,3,370.65,placed,2026-02-01
ORD0001014,ORD0001014-L1250,CUST000059,PROD000250,West,marketplace,1,371.97,placed,2026-02-01
ORD0001014,ORD0001014-L1018,CUST000059,PROD000018,West,store,1,268.85,placed,2026-02-01
ORD0001014,ORD0001014-L2147,CUST000059,PROD000147,Midwest,store,2,550.28,placed,2026-02-01
ORD0001014,ORD0001014-L3058,CUST000059,PROD000058,Midwest,web,3,925.74,placed,2026-02-01
ORD0001062,ORD0001062-L2103,CUST000426,PROD000103,Midwest,store,2,522.88,placed,2026-02-01
ORD0001062,ORD0001062-L3050,CUST000426,PROD000050,Midwest,store,3,925.41,placed,2026-02-01
ORD0001062,ORD0001062-L1118,CUST000426,PROD000118,Southeast,marketplace,1,303.49,placed,2026-02-01
ORD0001062,ORD0001062-L1169,CUST000426,PROD000169,Northeast,mobile,1,311.35,placed,2026-02-01
ORD0001094,ORD0001094-L2037,CUST000327,PROD000037,Northeast,web,2,872.5,placed,2026-02-01
ORD0001094,ORD0001094-L3143,CUST000327,PROD000143,West,marketplace,3,993.84,placed,2026-02-01
ORD0001094,ORD0001094-L3132,CUST000327,PROD000132,Northeast,marketplace,3,1146.24,placed,2026-02-01
ORD0001123,ORD0001123-L1178,CUST000103,PROD000178,Midwest,web,1,225.58,placed,2026-02-01
ORD0001182,ORD0001182-L3011,CUST000304,PROD000011,Southeast,marketplace,3,915.6,placed,2026-02-01
ORD0001182,ORD0001182-L1022,CUST000304,PROD000022,Northeast,web,1,54.35,placed,2026-02-01
ORD0001182,ORD0001182-L2222,CUST000304,PROD000222,Midwest,marketplace,2,372.4,placed,2026-02-01
ORD0001182,ORD0001182-L2027,CUST000304,PROD000027,West,store,2,620.48,placed,2026-02-01
ORD0001308,ORD0001308-L3097,CUST000180,PROD000097,West,web,3,1071.27,placed,2026-02-01
ORD0001308,ORD0001308-L1227,CUST000180,PROD000227,Midwest,web,1,401.18,placed,2026-02-01
ORD0001468,ORD0001468-L2247,CUST000327,PROD000247,Southeast,web,2,723.96,placed,2026-02-01
ORD0001468,ORD0001468-L1176,CUST000327,PROD000176,Northeast,web,1,371.2,placed,2026-02-01
ORD0001662,ORD0001662-L3148,CUST000193,PROD000148,West,mobile,3,403.41,placed,2026-02-01
ORD0001753,ORD0001753-L3101,CUST000198,PROD000101,West,marketplace,3,1169.37,placed,2026-02-01
ORD0001956,ORD0001956-L2114,CUST000258,PROD000114,West,store,2,753.06,placed,2026-02-01
ORD0001961,ORD0001961-L1068,CUST000343,PROD000068,Southeast,web,1,136.18,placed,2026-02-01
ORD0001961,ORD0001961-L3242,CUST000343,PROD000242,West,web,3,1096.29,placed,2026-02-01
ORD0002343,ORD0002343-L2188,CUST000358,PROD000188,Midwest,marketplace,2,66.96,placed,2026-02-01
ORD0002343,ORD0002343-L1145,CUST000358,PROD000145,West,store,1,107.09,placed,2026-02-01
ORD0002343,ORD0002343-L2219,CUST000358,PROD000219,Southeast,store,2,848.12,placed,2026-02-01
ORD0002491,ORD0002491-L2060,CUST000332,PROD000060,Southeast,mobile,2,535.22,placed,2026-02-01
ORD0002491,ORD0002491-L3069,CUST000332,PROD000069,Southeast,mobile,3,388.05,placed,2026-02-01
ORD0002491,ORD0002491-L3105,CUST000332,PROD000105,Southeast,web,3,1052.25,placed,2026-02-01
ORD0002491,ORD0002491-L3125,CUST000332,PROD000125,Southeast,web,3,617.49,placed,2026-02-01
ORD0002791,ORD0002791-L1005,CUST000074,PROD000005,West,web,1,319.36,placed,2026-02-01
ORD0002791,ORD0002791-L3166,CUST000074,PROD000166,Southeast,marketplace,3,742.2,placed,2026-02-01
ORD0002791,ORD0002791-L2228,CUST000074,PROD000228,West,store,2,142.12,placed,2026-02-01
ORD0002791,ORD0002791-L1024,CUST000074,PROD000024,Southeast,store,1,223.39,placed,2026-02-01
ORD0002868,ORD0002868-L1035,CUST000116,PROD000035,Northeast,mobile,1,462.87,placed,2026-02-01
ORD0002920,ORD0002920-L3147,CUST000086,PROD000147,Northeast,mobile,3,825.42,placed,2026-02-01
ORD0002920,ORD0002920-L1103,CUST000086,PROD000103,Southeast,mobile,1,275.2,placed,2026-02-01
ORD0002920,ORD0002920-L2008,CUST000086,PROD000008,West,marketplace,2,483.16,placed,2026-02-01
ORD0002920,ORD0002920-L1122,CUST000086,PROD000122,Midwest,web,1,170.25,placed,2026-02-01
ORD0002987,ORD0002987-L2082,CUST000387,PROD000082,Southeast,mobile,2,734.36,placed,2026-02-01
ORD0002987,ORD0002987-L2047,CUST000387,PROD000047,Midwest,web,2,278.9,placed,2026-02-01
ORD0003202,ORD0003202-L1129,CUST000272,PROD000129,Southeast,marketplace,1,119.59,placed,2026-02-01
ORD0003202,ORD0003202-L3102,CUST000272,PROD000102,West,marketplace,3,313.74,placed,2026-02-01
ORD0003202,ORD0003202-L3179,CUST000272,PROD000179,Midwest,store,3,611.97,placed,2026-02-01
ORD0003202,ORD0003202-L2182,CUST000272,PROD000182,Northeast,marketplace,2,545.6,placed,2026-02-01
ORD0003299,ORD0003299-L3245,CUST000445,PROD000245,Midwest,web,3,188.85,placed,2026-02-01
ORD0003299,ORD0003299-L1106,CUST000445,PROD000106,Northeast,mobile,1,143.57,placed,2026-02-01
ORD0003577,ORD0003577-L2139,CUST000163,PROD000139,Midwest,store,2,822.04,placed,2026-02-01
ORD0003577,ORD0003577-L3163,CUST000163,PROD000163,Midwest,web,3,1127.88,placed,2026-02-01
ORD0003582,ORD0003582-L1245,CUST000172,PROD000245,Northeast,mobile,1,70.36,placed,2026-02-01
ORD0003582,ORD0003582-L2161,CUST000172,PROD000161,Northeast,web,2,443.18,placed,2026-02-01
ORD0003582,ORD0003582-L1032,CUST000172,PROD000032,Southeast,marketplace,1,224.46,placed,2026-02-01
ORD0003604,ORD0003604-L2149,CUST000484,PROD000149,Northeast,store,2,638.82,placed,2026-02-01
ORD0003709,ORD0003709-L2084,CUST000413,PROD000084,West,mobile,2,226.38,placed,2026-02-01
ORD0003709,ORD0003709-L1143,CUST000413,PROD000143,Southeast,mobile,1,348.72,placed,2026-02-01
ORD0003912,ORD0003912-L3070,CUST000486,PROD000070,Northeast,web,3,793.59,placed,2026-02-01
ORD0003981,ORD0003981-L2112,CUST000083,PROD000112,Midwest,web,2,471.2,placed,2026-02-01
ORD0003981,ORD0003981-L1054,CUST000083,PROD000054,West,store,1,237.73,placed,2026-02-01
ORD0003981,ORD0003981-L3151,CUST000083,PROD000151,Southeast,store,3,1006.62,placed,2026-02-01
ORD0003981,ORD0003981-L3161,CUST000083,PROD000161,Northeast,mobile,3,664.77,placed,2026-02-01
ORD0003991,ORD0003991-L1197,CUST000273,PROD000197,Northeast,store,1,428.44,placed,2026-02-01
ORD0003991,ORD0003991-L1154,CUST000273,PROD000154,Midwest,store,1,283.81,placed,2026-02-01
ORD0000036,ORD0000036-L2075,CUST000197,PROD000075,Northeast,marketplace,2,504.64,placed,2026-02-02
ORD0000036,ORD0000036-L3205,CUST000197,PROD000205,Northeast,store,3,812.58,placed,2026-02-02
ORD0000036,ORD0000036-L2250,CUST000197,PROD000250,Midwest,web,2,743.94,placed,2026-02-02
ORD0000094,ORD0000094-L2051,CUST000397,PROD000051,Midwest,mobile,2,730.18,placed,2026-02-02
ORD0000094,ORD0000094-L2068,CUST000397,PROD000068,West,store,2,286.7,placed,2026-02-02
ORD0000094,ORD0000094-L3045,CUST000397,PROD000045,Midwest,web,3,1131.6,placed,2026-02-02
ORD0000094,ORD0000094-L1080,CUST000397,PROD000080,Northeast,mobile,1,259.88,placed,2026-02-02
ORD0000146,ORD0000146-L3141,CUST000381,PROD000141,Midwest,mobile,3,1168.71,placed,2026-02-02
ORD0000146,ORD0000146-L3227,CUST000381,PROD000227,Midwest,store,3,1203.54,placed,2026-02-02
ORD0000146,ORD0000146-L1242,CUST000381,PROD000242,Northeast,mobile,1,365.43,placed,2026-02-02
ORD0000146,ORD0000146-L2118,CUST000381,PROD000118,Southeast,store,2,576.64,placed,2026-02-02
ORD0000161,ORD0000161-L3213,CUST000414,PROD000213,Southeast,marketplace,3,31.05,placed,2026-02-02
ORD0000161,ORD0000161-L2053,CUST000414,PROD000053,Southeast,store,2,407.98,placed,2026-02-02
ORD0000161,ORD0000161-L2062,CUST000414,PROD000062,West,marketplace,2,479.24,placed,2026-02-02
ORD0000269,ORD0000269-L1024,CUST000459,PROD000024,Southeast,web,1,235.15,placed,2026-02-02
ORD0000269,ORD0000269-L1159,CUST000459,PROD000159,Midwest,web,1,335.11,placed,2026-02-02
ORD0000269,ORD0000269-L3092,CUST000459,PROD000092,Midwest,store,3,1340.07,placed,2026-02-02
ORD0000337,ORD0000337-L3080,CUST000232,PROD000080,West,marketplace,3,738.6,placed,2026-02-02
ORD0000369,ORD0000369-L3068,CUST000456,PROD000068,West,marketplace,3,387.03,placed,2026-02-02
ORD0000369,ORD0000369-L3139,CUST000456,PROD000139,West,marketplace,3,1233.06,placed,2026-02-02
ORD0000369,ORD0000369-L3245,CUST000456,PROD000245,Midwest,store,3,211.08,placed,2026-02-02
ORD0000369,ORD0000369-L2091,CUST000456,PROD000091,Southeast,mobile,2,379.28,placed,2026-02-02
ORD0000419,ORD0000419-L1073,CUST000394,PROD000073,West,store,1,281.38,placed,2026-02-02
ORD0000419,ORD0000419-L1143,CUST000394,PROD000143,Southeast,marketplace,1,313.85,placed,2026-02-02
ORD0000419,ORD0000419-L2122,CUST000394,PROD000122,Northeast,store,2,378.34,placed,2026-02-02
ORD0000516,ORD0000516-L1052,CUST000130,PROD000052,Northeast,store,1,199.24,placed,2026-02-02
ORD0000516,ORD0000516-L1014,CUST000130,PROD000014,Southeast,marketplace,1,195.38,placed,2026-02-02
ORD0000612,ORD0000612-L1245,CUST000064,PROD000245,Midwest,web,1,66.65,placed,2026-02-02
ORD0000612,ORD0000612-L2215,CUST000064,PROD000215,Northeast,marketplace,2,446.78,placed,2026-02-02
ORD0000612,ORD0000612-L2231,CUST000064,PROD000231,Southeast,mobile,2,152.62,placed,2026-02-02
ORD0000641,ORD0000641-L2189,CUST000020,PROD000189,Northeast,store,2,190.74,placed,2026-02-02
ORD0000700,ORD0000700-L1083,CUST000193,PROD000083,Northeast,web,1,184.01,placed,2026-02-02
ORD0000700,ORD0000700-L1046,CUST000193,PROD000046,Southeast,mobile,1,249.78,placed,2026-02-02
ORD0000700,ORD0000700-L2173,CUST000193,PROD000173,Northeast,mobile,2,517.64,placed,2026-02-02
ORD0000922,ORD0000922-L1205,CUST000496,PROD000205,Southeast,marketplace,1,300.96,placed,2026-02-02
ORD0000961,ORD0000961-L2087,CUST000340,PROD000087,West,mobile,2,352.24,placed,2026-02-02
ORD0000961,ORD0000961-L3206,CUST000340,PROD000206,Southeast,marketplace,3,1177.32,placed,2026-02-02
ORD0000961,ORD0000961-L1229,CUST000340,PROD000229,Southeast,store,1,54.49,placed,2026-02-02
ORD0001034,ORD0001034-L3081,CUST000168,PROD000081,West,mobile,3,722.04,placed,2026-02-02
ORD0001034,ORD0001034-L3109,CUST000168,PROD000109,Southeast,marketplace,3,842.61,placed,2026-02-02
ORD0001034,ORD0001034-L1091,CUST000168,PROD000091,Northeast,store,1,189.64,placed,2026-02-02
ORD0001046,ORD0001046-L1080,CUST000439,PROD000080,Midwest,mobile,1,259.88,placed,2026-02-02
ORD0001072,ORD0001072-L2237,CUST000227,PROD000237,Northeast,web,2,433.22,placed,2026-02-02
ORD0001151,ORD0001151-L1035,CUST000039,PROD000035,Southeast,mobile,1,487.23,placed,2026-02-02
ORD0001151,ORD0001151-L2222,CUST000039,PROD000222,West,mobile,2,353.78,placed,2026-02-02
ORD0001151,ORD0001151-L3198,CUST000039,PROD000198,Southeast,web,3,1372.77,placed,2026-02-02
ORD0001163,ORD0001163-L3250,CUST000368,PROD000250,Northeast,mobile,3,1060.11,placed,2026-02-02
ORD0001163,ORD0001163-L3075,CUST000368,PROD000075,Midwest,store,3,756.96,placed,2026-02-02
ORD0001163,ORD0001163-L2202,CUST000368,PROD000202,Northeast,marketplace,2,700.24,placed,2026-02-02
ORD0001206,ORD0001206-L2209,CUST000476,PROD000209,Southeast,marketplace,2,284.48,placed,2026-02-02
ORD0001206,ORD0001206-L3070,CUST000476,PROD000070,Northeast,mobile,3,793.59,placed,2026-02-02
ORD0001206,ORD0001206-L1170,CUST000476,PROD000170,Midwest,web,1,29.73,placed,2026-02-02
ORD0001273,ORD0001273-L3016,CUST000220,PROD000016,West,web,3,1045.32,placed,2026-02-02
ORD0001393,ORD0001393-L1040,CUST000180,PROD000040,West,mobile,1,27.77,placed,2026-02-02
ORD0001393,ORD0001393-L2054,CUST000180,PROD000054,Midwest,web,2,451.68,placed,2026-02-02
ORD0001514,ORD0001514-L2149,CUST000056,PROD000149,West,marketplace,2,543.0,placed,2026-02-02
ORD0001680,ORD0001680-L3067,CUST000380,PROD000067,Northeast,web,3,479.82,placed,2026-02-02
ORD0001680,ORD0001680-L3242,CUST000380,PROD000242,Midwest,web,3,1096.29,placed,2026-02-02
ORD0001828,ORD0001828-L2163,CUST000068,PROD000163,Southeast,mobile,2,751.92,placed,2026-02-02
ORD0002135,ORD0002135-L1079,CUST000384,PROD000079,West,marketplace,1,385.67,placed,2026-02-02
ORD0002135,ORD0002135-L2074,CUST000384,PROD000074,West,mobile,2,563.5,placed,2026-02-02
ORD0002135,ORD0002135-L2047,CUST000384,PROD000047,Midwest,marketplace,2,278.9,placed,2026-02-02
ORD0002151,ORD0002151-L2073,CUST000371,PROD000073,Northeast,mobile,2,562.76,placed,2026-02-02
ORD0002151,ORD0002151-L2054,CUST000371,PROD000054,Northeast,mobile,2,427.92,placed,2026-02-02
ORD0002151,ORD0002151-L3076,CUST000371,PROD000076,Northeast,marketplace,3,203.49,placed,2026-02-02
ORD0002242,ORD0002242-L3216,CUST000206,PROD000216,Midwest,store,3,134.19,placed,2026-02-02
ORD0002242,ORD0002242-L1066,CUST000206,PROD000066,West,store,1,443.11,placed,2026-02-02
ORD0002242,ORD0002242-L2225,CUST000206,PROD000225,Northeast,marketplace,2,748.5,placed,2026-02-02
ORD0002313,ORD0002313-L1093,CUST000050,PROD000093,Midwest,mobile,1,414.34,placed,2026-02-02
ORD0002313,ORD0002313-L2155,CUST000050,PROD000155,Southeast,store,2,337.68,placed,2026-02-02
ORD0002313,ORD0002313-L2203,CUST000050,PROD000203,Northeast,mobile,2,707.26,placed,2026-02-02
ORD0002507,ORD0002507-L2055,CUST000467,PROD000055,Northeast,store,2,625.36,placed,2026-02-02
ORD0002555,ORD0002555-L2084,CUST000087,PROD000084,Southeast,store,2,215.06,placed,2026-02-02
ORD0002555,ORD0002555-L1058,CUST000087,PROD000058,West,mobile,1,293.15,placed,2026-02-02
ORD0002555,ORD0002555-L2014,CUST000087,PROD000014,Northeast,marketplace,2,434.18,placed,2026-02-02
ORD0002555,ORD0002555-L3205,CUST000087,PROD000205,Southeast,marketplace,3,902.88,placed,2026-02-02
ORD0002588,ORD0002588-L1185,CUST000045,PROD000185,West,marketplace,1,423.81,placed,2026-02-02
ORD0002690,ORD0002690-L1107,CUST000251,PROD000107,West,web,1,428.08,placed,2026-02-02
ORD0002690,ORD0002690-L3037,CUST000251,PROD000037,Northeast,mobile,3,1308.75,placed,2026-02-02
ORD0002690,ORD0002690-L1194,CUST000251,PROD000194,West,store,1,204.84,placed,2026-02-02
ORD0002703,ORD0002703-L1157,CUST000400,PROD000157,Midwest,store,1,275.74,placed,2026-02-02
ORD0002729,ORD0002729-L3143,CUST000361,PROD000143,Southeast,web,3,1046.16,placed,2026-02-02
ORD0002729,ORD0002729-L1030,CUST000361,PROD000030,Northeast,mobile,1,71.09,placed,2026-02-02
ORD0002729,ORD0002729-L1058,CUST000361,PROD000058,Northeast,store,1,308.58,placed,2026-02-02
ORD0002835,ORD0002835-L2041,CUST000187,PROD000041,Northeast,marketplace,2,38.48,placed,2026-02-02
ORD0002839,ORD0002839-L1149,CUST000255,PROD000149,Midwest,mobile,1,287.47,placed,2026-02-02
ORD0002839,ORD0002839-L3180,CUST000255,PROD000180,Midwest,marketplace,3,1004.82,placed,2026-02-02
ORD0002839,ORD0002839-L3219,CUST000255,PROD000219,West,marketplace,3,1342.86,placed,2026-02-02
ORD0002839,ORD0002839-L3218,CUST000255,PROD000218,Midwest,web,3,211.74,placed,2026-02-02
ORD0002905,ORD0002905-L3073,CUST000196,PROD000073,Northeast,marketplace,3,801.93,placed,2026-02-02
ORD0002905,ORD0002905-L3079,CUST000196,PROD000079,Northeast,web,3,1157.01,placed,2026-02-02
ORD0002977,ORD0002977-L2195,CUST000390,PROD000195,Midwest,mobile,2,365.9,placed,2026-02-02
ORD0003159,ORD0003159-L1052,CUST000159,PROD000052,Southeast,marketplace,1,169.35,placed,2026-02-02
ORD0003159,ORD0003159-L1250,CUST000159,PROD000250,West,store,1,371.97,placed,2026-02-02
ORD0003159,ORD0003159-L3240,CUST000159,PROD000240,Southeast,mobile,3,1210.62,placed,2026-02-02
ORD0003257,ORD0003257-L2160,CUST000351,PROD000160,Midwest,marketplace,2,130.32,placed,2026-02-02
ORD0003295,ORD0003295-L2186,CUST000194,PROD000186,West,web,2,672.24,placed,2026-02-02
ORD0003295,ORD0003295-L1159,CUST000194,PROD000159,Midwest,marketplace,1,372.34,placed,2026-02-02
ORD0003295,ORD0003295-L2219,CUST000194,PROD000219,Northeast,web,2,895.24,placed,2026-02-02
ORD0003439,ORD0003439-L3204,CUST000379,PROD000204,West,marketplace,3,1351.56,placed,2026-02-02
ORD0003439,ORD0003439-L1242,CUST000379,PROD000242,Northeast,marketplace,1,328.89,placed,2026-02-02
ORD0003439,ORD0003439-L1046,CUST000379,PROD000046,Southeast,web,1,224.8,placed,2026-02-02
ORD0003439,ORD0003439-L1025,CUST000379,PROD000025,Midwest,marketplace,1,357.57,placed,2026-02-02
ORD0003490,ORD0003490-L2081,CUST000412,PROD000081,Midwest,store,2,506.7,placed,2026-02-02
ORD0003529,ORD0003529-L3015,CUST000100,PROD000015,Midwest,marketplace,3,941.49,placed,2026-02-02
ORD0003529,ORD0003529-L3221,CUST000100,PROD000221,Midwest,web,3,646.02,placed,2026-02-02
ORD0003596,ORD0003596-L2149,CUST000464,PROD000149,West,web,2,638.82,placed,2026-02-02
ORD0003609,ORD0003609-L1148,CUST000288,PROD000148,Southeast,mobile,1,127.4,placed,2026-02-02
ORD0003609,ORD0003609-L1237,CUST000288,PROD000237,West,web,1,216.61,placed,2026-02-02
ORD0003609,ORD0003609-L2030,CUST000288,PROD000030,Northeast,mobile,2,127.96,placed,2026-02-02
ORD0003609,ORD0003609-L1234,CUST000288,PROD000234,Midwest,marketplace,1,469.07,placed,2026-02-02
ORD0003681,ORD0003681-L3183,CUST000361,PROD000183,Northeast,store,3,577.89,placed,2026-02-02
ORD0003681,ORD0003681-L3236,CUST000361,PROD000236,Northeast,marketplace,3,323.55,placed,2026-02-02
ORD0003681,ORD0003681-L2128,CUST000361,PROD000128,Southeast,store,2,61.64,placed,2026-02-02
ORD0003894,ORD0003894-L1184,CUST000082,PROD000184,Midwest,mobile,1,336.77,placed,2026-02-02
ORD0003894,ORD0003894-L3153,CUST000082,PROD000153,Southeast,web,3,1194.51,placed,2026-02-02
ORD0000049,ORD0000049-L3094,CUST000270,PROD000094,West,web,3,206.34,placed,2026-02-03
ORD0000049,ORD0000049-L2130,CUST000270,PROD000130,Southeast,marketplace,2,784.16,placed,2026-02-03
ORD0000219,ORD0000219-L1164,CUST000354,PROD000164,Southeast,store,1,16.77,placed,2026-02-03
ORD0000219,ORD0000219-L2195,CUST000354,PROD000195,Southeast,web,2,385.16,placed,2026-02-03
ORD0000219,ORD0000219-L1103,CUST000354,PROD000103,Midwest,store,1,261.44,placed,2026-02-03
ORD0000219,ORD0000219-L3235,CUST000354,PROD000235,Northeast,mobile,3,183.45,placed,2026-02-03
ORD0000524,ORD0000524-L1199,CUST000487,PROD000199,Southeast,marketplace,1,34.43,placed,2026-02-03
ORD0000524,ORD0000524-L1149,CUST000487,PROD000149,Northeast,store,1,287.47,placed,2026-02-03
ORD0000524,ORD0000524-L2039,CUST000487,PROD000039,Southeast,store,2,773.1,placed,2026-02-03
ORD0000524,ORD0000524-L1108,CUST000487,PROD000108,Northeast,web,1,288.12,placed,2026-02-03
ORD0000632,ORD0000632-L2163,CUST000393,PROD000163,Southeast,store,2,751.92,placed,2026-02-03
ORD0000632,ORD0000632-L3016,CUST000393,PROD000016,West,mobile,3,1229.79,placed,2026-02-03
ORD0000632,ORD0000632-L1176,CUST000393,PROD000176,Midwest,mobile,1,315.52,placed,2026-02-03
ORD0000632,ORD0000632-L3104,CUST000393,PROD000104,Southeast,web,3,932.67,placed,2026-02-03
ORD0000639,ORD0000639-L2022,CUST000064,PROD000022,West,web,2,114.74,placed,2026-02-03
ORD0000639,ORD0000639-L2051,CUST000064,PROD000051,Southeast,mobile,2,730.18,placed,2026-02-03
ORD0000639,ORD0000639-L3147,CUST000064,PROD000147,Southeast,marketplace,3,742.89,placed,2026-02-03
ORD0000741,ORD0000741-L1180,CUST000410,PROD000180,Midwest,store,1,372.15,placed,2026-02-03
ORD0000753,ORD0000753-L3244,CUST000397,PROD000244,Northeast,web,3,1299.18,placed,2026-02-03
ORD0000795,ORD0000795-L2089,CUST000272,PROD000089,West,web,2,70.14,placed,2026-02-03
ORD0000795,ORD0000795-L2169,CUST000272,PROD000169,Midwest,store,2,655.48,placed,2026-02-03
ORD0000892,ORD0000892-L1242,CUST000132,PROD000242,Midwest,web,1,365.43,placed,2026-02-03
ORD0000892,ORD0000892-L1002,CUST000132,PROD000002,West,mobile,1,396.52,placed,2026-02-03
ORD0000892,ORD0000892-L2188,CUST000132,PROD000188,Northeast,marketplace,2,66.96,placed,2026-02-03
ORD0000936,ORD0000936-L1069,CUST000013,PROD000069,West,mobile,1,136.16,placed,2026-02-03
ORD0000936,ORD0000936-L2106,CUST000013,PROD000106,West,mobile,2,287.14,placed,2026-02-03
ORD0000936,ORD0000936-L3076,CUST000013,PROD000076,Northeast,mobile,3,203.49,placed,2026-02-03
ORD0000950,ORD0000950-L3108,CUST000420,PROD000108,Midwest,store,3,734.7,placed,2026-02-03
ORD0000950,ORD0000950-L2034,CUST000420,PROD000034,Midwest,marketplace,2,580.72,placed,2026-02-03
ORD0001266,ORD0001266-L3150,CUST000068,PROD000150,Midwest,store,3,1264.26,placed,2026-02-03
ORD0001266,ORD0001266-L3162,CUST000068,PROD000162,Midwest,store,3,862.83,placed,2026-02-03
ORD0001266,ORD0001266-L1211,CUST000068,PROD000211,Southeast,mobile,1,287.62,placed,2026-02-03
ORD0001266,ORD0001266-L3166,CUST000068,PROD000166,West,marketplace,3,742.2,placed,2026-02-03
ORD0001344,ORD0001344-L3047,CUST000238,PROD000047,Southeast,store,3,418.35,placed,2026-02-03
ORD0001349,ORD0001349-L1016,CUST000248,PROD000016,Midwest,web,1,409.93,placed,2026-02-03
ORD0001349,ORD0001349-L1054,CUST000248,PROD000054,West,marketplace,1,213.96,placed,2026-02-03
ORD0001385,ORD0001385-L1143,CUST000006,PROD000143,Midwest,web,1,348.72,placed,2026-02-03
ORD0001385,ORD0001385-L1117,CUST000006,PROD000117,Southeast,web,1,454.62,placed,2026-02-03
ORD0001385,ORD0001385-L3089,CUST000006,PROD000089,Southeast,marketplace,3,105.21,placed,2026-02-03
ORD0001385,ORD0001385-L1210,CUST000006,PROD000210,Northeast,store,1,419.89,placed,2026-02-03
ORD0001445,ORD0001445-L1044,CUST000305,PROD000044,Northeast,web,1,378.65,placed,2026-02-03
ORD0001445,ORD0001445-L1023,CUST000305,PROD000023,Midwest,marketplace,1,30.51,placed,2026-02-03
ORD0001445,ORD0001445-L2239,CUST000305,PROD000239,Northeast,web,2,695.52,placed,2026-02-03
ORD0001589,ORD0001589-L1092,CUST000097,PROD000092,West,marketplace,1,446.69,placed,2026-02-03
ORD0001589,ORD0001589-L3214,CUST000097,PROD000214,West,mobile,3,388.17,placed,2026-02-03
ORD0001616,ORD0001616-L2195,CUST000070,PROD000195,Midwest,marketplace,2,385.16,placed,2026-02-03
ORD0001616,ORD0001616-L3099,CUST000070,PROD000099,West,store,3,1086.66,placed,2026-02-03
ORD0001616,ORD0001616-L1175,CUST000070,PROD000175,Northeast,mobile,1,417.27,placed,2026-02-03
ORD0001632,ORD0001632-L2201,CUST000345,PROD000201,Southeast,store,2,737.0,placed,2026-02-03
ORD0001632,ORD0001632-L3183,CUST000345,PROD000183,West,marketplace,3,577.89,placed,2026-02-03
ORD0001632,ORD0001632-L3165,CUST000345,PROD000165,Northeast,web,3,1255.17,placed,2026-02-03
ORD0001632,ORD0001632-L1194,CUST000345,PROD000194,Northeast,mobile,1,204.84,placed,2026-02-03
ORD0001714,ORD0001714-L3240,CUST000182,PROD000240,Midwest,store,3,1089.57,placed,2026-02-03
ORD0001714,ORD0001714-L2148,CUST000182,PROD000148,West,store,2,283.1,placed,2026-02-03
ORD0001714,ORD0001714-L2212,CUST000182,PROD000212,Northeast,web,2,389.08,placed,2026-02-03
ORD0001805,ORD0001805-L2122,CUST000431,PROD000122,Northeast,marketplace,2,378.34,placed,2026-02-03
ORD0001805,ORD0001805-L2129,CUST000431,PROD000129,Northeast,mobile,2,251.76,placed,2026-02-03
ORD0001805,ORD0001805-L2077,CUST000431,PROD000077,Midwest,marketplace,2,276.5,placed,2026-02-03
ORD0001805,ORD0001805-L2110,CUST000431,PROD000110,Midwest,mobile,2,429.98,placed,2026-02-03
ORD0001925,ORD0001925-L2117,CUST000005,PROD000117,Northeast,web,2,863.78,placed,2026-02-03
ORD0002002,ORD0002002-L3176,CUST000198,PROD000176,West,mobile,3,1002.24,placed,2026-02-03
ORD0002002,ORD0002002-L1200,CUST000198,PROD000200,Southeast,mobile,1,358.34,placed,2026-02-03
ORD0002002,ORD0002002-L3185,CUST000198,PROD000185,West,store,3,1080.72,placed,2026-02-03
ORD0002041,ORD0002041-L3099,CUST000087,PROD000099,Southeast,mobile,3,1029.45,placed,2026-02-03
ORD0002041,ORD0002041-L1233,CUST000087,PROD000233,West,marketplace,1,347.49,placed,2026-02-03
ORD0002041,ORD0002041-L3189,CUST000087,PROD000189,Midwest,marketplace,3,271.8,placed,2026-02-03
ORD0002041,ORD0002041-L2100,CUST000087,PROD000100,Northeast,store,2,367.94,placed,2026-02-03
ORD0002231,ORD0002231-L1009,CUST000116,PROD000009,Southeast,store,1,326.71,placed,2026-02-03
ORD0002231,ORD0002231-L3224,CUST000116,PROD000224,Northeast,mobile,3,1153.08,placed,2026-02-03
ORD0002231,ORD0002231-L2019,CUST000116,PROD000019,West,store,2,632.3,placed,2026-02-03
ORD0002376,ORD0002376-L1153,CUST000130,PROD000153,West,web,1,398.17,placed,2026-02-03
ORD0002376,ORD0002376-L1027,CUST000130,PROD000027,Northeast,web,1,326.57,placed,2026-02-03
ORD0002376,ORD0002376-L1101,CUST000130,PROD000101,Midwest,store,1,410.31,placed,2026-02-03
ORD0002376,ORD0002376-L1068,CUST000130,PROD000068,West,mobile,1,143.35,placed,2026-02-03
ORD0002565,ORD0002565-L3179,CUST000125,PROD000179,West,marketplace,3,679.98,placed,2026-02-03
ORD0002565,ORD0002565-L2206,CUST000125,PROD000206,Northeast,store,2,826.2,placed,2026-02-03
ORD0002578,ORD0002578-L3124,CUST000010,PROD000124,West,marketplace,3,489.66,placed,2026-02-03
ORD0002578,ORD0002578-L2234,CUST000010,PROD000234,West,mobile,2,938.14,placed,2026-02-03
ORD0002578,ORD0002578-L1029,CUST000010,PROD000029,Midwest,mobile,1,474.02,placed,2026-02-03
ORD0002578,ORD0002578-L3171,CUST000010,PROD000171,West,mobile,3,535.11,placed,2026-02-03
ORD0002607,ORD0002607-L2061,CUST000124,PROD000061,Midwest,mobile,2,638.64,placed,2026-02-03
ORD0002607,ORD0002607-L3069,CUST000124,PROD000069,Southeast,marketplace,3,408.48,placed,2026-02-03
ORD0002607,ORD0002607-L2062,CUST000124,PROD000062,Southeast,marketplace,2,479.24,placed,2026-02-03
ORD0002838,ORD0002838-L1242,CUST000226,PROD000242,Midwest,marketplace,1,365.43,placed,2026-02-03
ORD0002838,ORD0002838-L3046,CUST000226,PROD000046,Northeast,marketplace,3,749.34,placed,2026-02-03
ORD0002838,ORD0002838-L2068,CUST000226,PROD000068,West,store,2,286.7,placed,2026-02-03
ORD0002856,ORD0002856-L3034,CUST000159,PROD000034,Midwest,store,3,779.37,placed,2026-02-03
ORD0002856,ORD0002856-L3031,CUST000159,PROD000031,West,web,3,279.33,placed,2026-02-03
ORD0002900,ORD0002900-L2249,CUST000045,PROD000249,West,marketplace,2,244.2,placed,2026-02-03
ORD0002900,ORD0002900-L2196,CUST000045,PROD000196,West,web,2,722.38,placed,2026-02-03
ORD0002975,ORD0002975-L2132,CUST000054,PROD000132,Northeast,mobile,2,687.74,placed,2026-02-03
ORD0002975,ORD0002975-L1082,CUST000054,PROD000082,West,store,1,348.82,placed,2026-02-03
ORD0002975,ORD0002975-L1215,CUST000054,PROD000215,Southeast,marketplace,1,223.39,placed,2026-02-03
ORD0003012,ORD0003012-L1183,CUST000416,PROD000183,Southeast,marketplace,1,173.37,placed,2026-02-03
ORD0003012,ORD0003012-L3227,CUST000416,PROD000227,West,store,3,1203.54,placed,2026-02-03
ORD0003147,ORD0003147-L1110,CUST000177,PROD000110,Midwest,web,1,203.68,placed,2026-02-03
ORD0003147,ORD0003147-L2010,CUST000177,PROD000010,Northeast,web,2,234.74,placed,2026-02-03
ORD0003147,ORD0003147-L1065,CUST000177,PROD000065,West,marketplace,1,66.15,placed,2026-02-03
ORD0003147,ORD0003147-L3235,CUST000177,PROD000235,Northeast,web,3,203.82,placed,2026-02-03
ORD0003151,ORD0003151-L2220,CUST000468,PROD000220,Midwest,store,2,888.88,placed,2026-02-03
ORD0003151,ORD0003151-L3120,CUST000468,PROD000120,West,web,3,254.46,placed,2026-02-03
ORD0003151,ORD0003151-L2245,CUST000468,PROD000245,Southeast,marketplace,2,148.12,placed,2026-02-03
ORD0003151,ORD0003151-L3247,CUST000468,PROD000247,Southeast,store,3,977.34,placed,2026-02-03
ORD0003249,ORD0003249-L1169,CUST000003,PROD000169,West,mobile,1,311.35,placed,2026-02-03
ORD0003249,ORD0003249-L1162,CUST000003,PROD000162,West,store,1,287.61,placed,2026-02-03
ORD0003249,ORD0003249-L1061,CUST000003,PROD000061,Northeast,mobile,1,336.13,placed,2026-02-03
ORD0003249,ORD0003249-L3140,CUST000003,PROD000140,Midwest,store,3,805.95,placed,2026-02-03
ORD0003308,ORD0003308-L1023,CUST000130,PROD000023,Midwest,marketplace,1,30.51,placed,2026-02-03
ORD0003308,ORD0003308-L1146,CUST000130,PROD000146,Southeast,web,1,360.8,placed,2026-02-03
ORD0003308,ORD0003308-L1131,CUST000130,PROD000131,Northeast,store,1,148.53,placed,2026-02-03
ORD0003446,ORD0003446-L1163,CUST000406,PROD000163,West,marketplace,1,375.96,placed,2026-02-03
ORD0003531,ORD0003531-L1050,CUST000049,PROD000050,Southeast,mobile,1,362.91,placed,2026-02-03
ORD0003814,ORD0003814-L2243,CUST000279,PROD000243,Northeast,store,2,428.5,placed,2026-02-03
ORD0003814,ORD0003814-L1055,CUST000279,PROD000055,Northeast,marketplace,1,297.05,placed,2026-02-03
ORD0003814,ORD0003814-L2238,CUST000279,PROD000238,Northeast,mobile,2,189.1,placed,2026-02-03
ORD0003814,ORD0003814-L2080,CUST000279,PROD000080,Midwest,marketplace,2,519.76,placed,2026-02-03
ORD0003889,ORD0003889-L1235,CUST000082,PROD000235,Southeast,web,1,67.94,placed,2026-02-03
ORD0003889,ORD0003889-L2198,CUST000082,PROD000198,Southeast,store,2,915.18,placed,2026-02-03
ORD0003889,ORD0003889-L1114,CUST000082,PROD000114,Southeast,store,1,418.37,placed,2026-02-03
ORD0003954,ORD0003954-L1162,CUST000359,PROD000162,Northeast,marketplace,1,319.57,placed,2026-02-03
ORD0003954,ORD0003954-L3116,CUST000359,PROD000116,Midwest,marketplace,3,722.73,placed,2026-02-03
ORD0003954,ORD0003954-L3200,CUST000359,PROD000200,Northeast,web,3,1075.02,placed,2026-02-03
ORD0000047,ORD0000047-L1022,CUST000375,PROD000022,West,marketplace,1,57.37,placed,2026-02-04
ORD0000047,ORD0000047-L1202,CUST000375,PROD000202,Southeast,store,1,389.02,placed,2026-02-04
ORD0000047,ORD0000047-L1244,CUST000375,PROD000244,Northeast,store,1,389.75,placed,2026-02-04
ORD0000125,ORD0000125-L2165,CUST000497,PROD000165,Northeast,marketplace,2,792.74,placed,2026-02-04
ORD0000125,ORD0000125-L1242,CUST000497,PROD000242,West,mobile,1,365.43,placed,2026-02-04
ORD0000141,ORD0000141-L1092,CUST000417,PROD000092,West,web,1,496.32,placed,2026-02-04
ORD0000259,ORD0000259-L2237,CUST000240,PROD000237,Midwest,marketplace,2,410.42,placed,2026-02-04
ORD0000259,ORD0000259-L2147,CUST000240,PROD000147,Southeast,web,2,495.26,placed,2026-02-04
ORD0000336,ORD0000336-L1205,CUST000292,PROD000205,Southeast,store,1,300.96,placed,2026-02-04
ORD0000344,ORD0000344-L1084,CUST000238,PROD000084,West,mobile,1,107.53,placed,2026-02-04
ORD0000344,ORD0000344-L3040,CUST000238,PROD000040,Midwest,web,3,92.55,placed,2026-02-04
ORD0000344,ORD0000344-L1204,CUST000238,PROD000204,West,mobile,1,450.52,placed,2026-02-04
ORD0000457,ORD0000457-L2063,CUST000180,PROD000063,West,mobile,2,656.48,placed,2026-02-04
ORD0000457,ORD0000457-L1054,CUST000180,PROD000054,Midwest,mobile,1,237.73,placed,2026-02-04
ORD0000503,ORD0000503-L1076,CUST000162,PROD000076,Midwest,store,1,64.44,placed,2026-02-04
ORD0000503,ORD0000503-L3244,CUST000162,PROD000244,Southeast,store,3,1234.23,placed,2026-02-04
ORD0000503,ORD0000503-L2089,CUST000162,PROD000089,Northeast,web,2,66.64,placed,2026-02-04
ORD0000503,ORD0000503-L1194,CUST000162,PROD000194,Southeast,web,1,184.36,placed,2026-02-04
ORD0000513,ORD0000513-L2049,CUST000004,PROD000049,Southeast,store,2,303.88,placed,2026-02-04
ORD0000513,ORD0000513-L1228,CUST000004,PROD000228,West,store,1,71.06,placed,2026-02-04
ORD0000513,ORD0000513-L3074,CUST000004,PROD000074,West,mobile,3,845.25,placed,2026-02-04
ORD0000513,ORD0000513-L2142,CUST000004,PROD000142,West,store,2,198.62,placed,2026-02-04
ORD0000592,ORD0000592-L2103,CUST000466,PROD000103,Midwest,marketplace,2,495.36,placed,2026-02-04
ORD0000592,ORD0000592-L2169,CUST000466,PROD000169,Southeast,mobile,2,655.48,placed,2026-02-04
ORD0000592,ORD0000592-L2030,CUST000466,PROD000030,Midwest,marketplace,2,127.96,placed,2026-02-04
ORD0000648,ORD0000648-L3181,CUST000056,PROD000181,Midwest,web,3,128.31,placed,2026-02-04
ORD0000800,ORD0000800-L3179,CUST000122,PROD000179,Midwest,marketplace,3,611.97,placed,2026-02-04
ORD0000845,ORD0000845-L2114,CUST000035,PROD000114,Midwest,mobile,2,794.9,placed,2026-02-04
ORD0000845,ORD0000845-L2222,CUST000035,PROD000222,West,store,2,372.4,placed,2026-02-04
ORD0000905,ORD0000905-L1174,CUST000231,PROD000174,Midwest,marketplace,1,290.95,placed,2026-02-04
ORD0000905,ORD0000905-L2011,CUST000231,PROD000011,Northeast,mobile,2,642.52,placed,2026-02-04
ORD0000905,ORD0000905-L2028,CUST000231,PROD000028,Southeast,mobile,2,104.2,placed,2026-02-04
ORD0000907,ORD0000907-L1177,CUST000348,PROD000177,West,store,1,35.77,placed,2026-02-04
ORD0000907,ORD0000907-L3176,CUST000348,PROD000176,Northeast,marketplace,3,1113.6,placed,2026-02-04
ORD0000988,ORD0000988-L2213,CUST000201,PROD000213,Southeast,mobile,2,19.6,placed,2026-02-04
ORD0000988,ORD0000988-L2041,CUST000201,PROD000041,Northeast,mobile,2,38.48,placed,2026-02-04
ORD0001040,ORD0001040-L2242,CUST000189,PROD000242,West,marketplace,2,730.86,placed,2026-02-04
ORD0001040,ORD0001040-L1138,CUST000189,PROD000138,Midwest,store,1,324.99,placed,2026-02-04
ORD0001040,ORD0001040-L3229,CUST000189,PROD000229,Southeast,store,3,163.47,placed,2026-02-04
ORD0001167,ORD0001167-L1143,CUST000434,PROD000143,Midwest,store,1,348.72,placed,2026-02-04
ORD0001167,ORD0001167-L1086,CUST000434,PROD000086,Northeast,marketplace,1,442.03,placed,2026-02-04
ORD0001167,ORD0001167-L1010,CUST000434,PROD000010,Midwest,web,1,123.55,placed,2026-02-04
ORD0001171,ORD0001171-L2234,CUST000045,PROD000234,Southeast,marketplace,2,844.32,placed,2026-02-04
ORD0001171,ORD0001171-L2010,CUST000045,PROD000010,West,web,2,210.04,placed,2026-02-04
ORD0001171,ORD0001171-L3053,CUST000045,PROD000053,Southeast,marketplace,3,679.95,placed,2026-02-04
ORD0001205,ORD0001205-L2089,CUST000158,PROD000089,West,web,2,63.12,placed,2026-02-04
ORD0001262,ORD0001262-L2068,CUST000053,PROD000068,West,web,2,286.7,placed,2026-02-04
ORD0001262,ORD0001262-L2001,CUST000053,PROD000001,Northeast,marketplace,2,761.72,placed,2026-02-04
ORD0001262,ORD0001262-L2023,CUST000053,PROD000023,West,store,2,61.02,placed,2026-02-04
ORD0001482,ORD0001482-L2223,CUST000377,PROD000223,Southeast,mobile,2,606.28,placed,2026-02-04
ORD0001482,ORD0001482-L2246,CUST000377,PROD000246,Southeast,mobile,2,176.32,placed,2026-02-04
ORD0001482,ORD0001482-L1039,CUST000377,PROD000039,Southeast,marketplace,1,406.9,placed,2026-02-04
ORD0001552,ORD0001552-L3238,CUST000404,PROD000238,Southeast,marketplace,3,255.27,placed,2026-02-04
ORD0001552,ORD0001552-L2138,CUST000404,PROD000138,Midwest,web,2,649.98,placed,2026-02-04
ORD0001552,ORD0001552-L1243,CUST000404,PROD000243,Midwest,mobile,1,192.83,placed,2026-02-04
ORD0001552,ORD0001552-L1212,CUST000404,PROD000212,West,mobile,1,194.54,placed,2026-02-04
ORD0001572,ORD0001572-L3098,CUST000351,PROD000098,Southeast,mobile,3,1311.75,placed,2026-02-04
ORD0001572,ORD0001572-L1001,CUST000351,PROD000001,Midwest,web,1,423.18,placed,2026-02-04
ORD0001572,ORD0001572-L3019,CUST000351,PROD000019,Southeast,marketplace,3,948.45,placed,2026-02-04
ORD0001572,ORD0001572-L1211,CUST000351,PROD000211,Midwest,marketplace,1,244.48,placed,2026-02-04
ORD0001674,ORD0001674-L3091,CUST000067,PROD000091,West,store,3,568.92,placed,2026-02-04
ORD0001674,ORD0001674-L2224,CUST000067,PROD000224,West,marketplace,2,768.72,placed,2026-02-04
ORD0001674,ORD0001674-L3098,CUST000067,PROD000098,West,web,3,1311.75,placed,2026-02-04
ORD0001737,ORD0001737-L3203,CUST000256,PROD000203,Midwest,store,3,1007.85,placed,2026-02-04
ORD0001737,ORD0001737-L3222,CUST000256,PROD000222,Midwest,web,3,530.67,placed,2026-02-04
ORD0001737,ORD0001737-L2143,CUST000256,PROD000143,Southeast,mobile,2,697.44,placed,2026-02-04
ORD0001737,ORD0001737-L2182,CUST000256,PROD000182,Southeast,mobile,2,518.32,placed,2026-02-04
ORD0001768,ORD0001768-L1228,CUST000356,PROD000228,West,mobile,1,78.96,placed,2026-02-04
ORD0001768,ORD0001768-L1218,CUST000356,PROD000218,West,marketplace,1,74.5,placed,2026-02-04
ORD0001786,ORD0001786-L2156,CUST000186,PROD000156,West,marketplace,2,157.64,placed,2026-02-04
ORD0001790,ORD0001790-L2047,CUST000339,PROD000047,Northeast,marketplace,2,278.9,placed,2026-02-04
ORD0001790,ORD0001790-L1176,CUST000339,PROD000176,West,web,1,315.52,placed,2026-02-04
ORD0001790,ORD0001790-L1041,CUST000339,PROD000041,Southeast,mobile,1,17.32,placed,2026-02-04
ORD0001790,ORD0001790-L3194,CUST000339,PROD000194,West,web,3,614.52,placed,2026-02-04
ORD0001811,ORD0001811-L1095,CUST000446,PROD000095,Midwest,mobile,1,20.4,placed,2026-02-04
ORD0001934,ORD0001934-L2036,CUST000257,PROD000036,West,mobile,2,670.44,placed,2026-02-04
ORD0001974,ORD0001974-L3044,CUST000358,PROD000044,West,store,3,1135.95,placed,2026-02-04
ORD0001974,ORD0001974-L3141,CUST000358,PROD000141,Northeast,store,3,1168.71,placed,2026-02-04
ORD0001974,ORD0001974-L3212,CUST000358,PROD000212,Midwest,store,3,614.34,placed,2026-02-04
ORD0002046,ORD0002046-L1161,CUST000327,PROD000161,West,marketplace,1,221.59,placed,2026-02-04
ORD0002046,ORD0002046-L2119,CUST000327,PROD000119,Northeast,store,2,698.3,placed,2026-02-04
ORD0002070,ORD0002070-L3023,CUST000278,PROD000023,West,marketplace,3,91.53,placed,2026-02-04
ORD0002070,ORD0002070-L2070,CUST000278,PROD000070,West,store,2,502.6,placed,2026-02-04
ORD0002070,ORD0002070-L1213,CUST000278,PROD000213,Midwest,web,1,10.89,placed,2026-02-04
ORD0002103,ORD0002103-L3037,CUST000414,PROD000037,Southeast,mobile,3,1243.32,placed,2026-02-04
ORD0002103,ORD0002103-L1065,CUST000414,PROD000065,Southeast,web,1,59.54,placed,2026-02-04
ORD0002103,ORD0002103-L1228,CUST000414,PROD000228,Midwest,marketplace,1,78.96,placed,2026-02-04
ORD0002127,ORD0002127-L3123,CUST000319,PROD000123,West,store,3,509.25,placed,2026-02-04
ORD0002127,ORD0002127-L1041,CUST000319,PROD000041,West,store,1,17.32,placed,2026-02-04
ORD0002127,ORD0002127-L3074,CUST000319,PROD000074,Northeast,web,3,760.74,placed,2026-02-04
ORD0002127,ORD0002127-L2150,CUST000319,PROD000150,Midwest,marketplace,2,936.48,placed,2026-02-04
ORD0002253,ORD0002253-L2104,CUST000164,PROD000104,Northeast,mobile,2,690.86,placed,2026-02-04
ORD0002253,ORD0002253-L2190,CUST000164,PROD000190,Northeast,mobile,2,140.04,placed,2026-02-04
ORD0002253,ORD0002253-L3047,CUST000164,PROD000047,Southeast,mobile,3,418.35,placed,2026-02-04
ORD0002445,ORD0002445-L2069,CUST000474,PROD000069,Northeast,mobile,2,272.32,placed,2026-02-04
ORD0002599,ORD0002599-L3106,CUST000316,PROD000106,West,web,3,409.17,placed,2026-02-04
ORD0002599,ORD0002599-L1236,CUST000316,PROD000236,West,mobile,1,102.18,placed,2026-02-04
ORD0002599,ORD0002599-L2172,CUST000316,PROD000172,Southeast,web,2,835.64,placed,2026-02-04
ORD0002599,ORD0002599-L2184,CUST000316,PROD000184,Midwest,marketplace,2,606.18,placed,2026-02-04
ORD0002794,ORD0002794-L3153,CUST000171,PROD000153,Southeast,web,3,1075.05,placed,2026-02-04
ORD0002794,ORD0002794-L2071,CUST000171,PROD000071,Southeast,store,2,199.98,placed,2026-02-04
ORD0002932,ORD0002932-L3154,CUST000433,PROD000154,West,mobile,3,1001.67,placed,2026-02-04
ORD0002932,ORD0002932-L1102,CUST000433,PROD000102,Northeast,marketplace,1,110.39,placed,2026-02-04
ORD0002932,ORD0002932-L3245,CUST000433,PROD000245,Midwest,mobile,3,222.18,placed,2026-02-04
ORD0002960,ORD0002960-L2101,CUST000060,PROD000101,Northeast,store,2,820.62,placed,2026-02-04
ORD0002960,ORD0002960-L3077,CUST000060,PROD000077,Southeast,store,3,436.59,placed,2026-02-04
ORD0002960,ORD0002960-L2212,CUST000060,PROD000212,West,web,2,409.56,placed,2026-02-04
ORD0003061,ORD0003061-L1075,CUST000180,PROD000075,Southeast,store,1,296.85,placed,2026-02-04
ORD0003061,ORD0003061-L1205,CUST000180,PROD000205,Midwest,mobile,1,300.96,placed,2026-02-04
ORD0003061,ORD0003061-L2221,CUST000180,PROD000221,Midwest,store,2,430.68,placed,2026-02-04
ORD0003212,ORD0003212-L2207,CUST000117,PROD000207,Northeast,store,2,28.36,placed,2026-02-04
ORD0003212,ORD0003212-L3150,CUST000117,PROD000150,Northeast,web,3,1334.49,placed,2026-02-04
ORD0003212,ORD0003212-L2082,CUST000117,PROD000082,Southeast,store,2,697.64,placed,2026-02-04
ORD0003217,ORD0003217-L1029,CUST000265,PROD000029,Southeast,store,1,426.62,placed,2026-02-04
ORD0003217,ORD0003217-L3027,CUST000265,PROD000027,Northeast,mobile,3,881.73,placed,2026-02-04
ORD0003217,ORD0003217-L2165,CUST000265,PROD000165,Northeast,marketplace,2,792.74,placed,2026-02-04
ORD0003217,ORD0003217-L3077,CUST000265,PROD000077,Midwest,marketplace,3,436.59,placed,2026-02-04
ORD0003332,ORD0003332-L2074,CUST000150,PROD000074,Midwest,mobile,2,535.32,placed,2026-02-04
ORD0003332,ORD0003332-L1045,CUST000150,PROD000045,Midwest,marketplace,1,398.15,placed,2026-02-04
ORD0003332,ORD0003332-L1138,CUST000150,PROD000138,Southeast,store,1,324.99,placed,2026-02-04
ORD0003367,ORD0003367-L1131,CUST000322,PROD000131,West,mobile,1,165.03,placed,2026-02-04
ORD0003367,ORD0003367-L3100,CUST000322,PROD000100,Southeast,web,3,524.31,placed,2026-02-04
ORD0003367,ORD0003367-L1004,CUST000322,PROD000004,West,store,1,427.77,placed,2026-02-04
ORD0003399,ORD0003399-L3119,CUST000340,PROD000119,Northeast,mobile,3,942.72,placed,2026-02-04
ORD0003399,ORD0003399-L1158,CUST000340,PROD000158,Southeast,web,1,98.14,placed,2026-02-04
ORD0003429,ORD0003429-L2210,CUST000488,PROD000210,Northeast,store,2,839.78,placed,2026-02-04
ORD0003429,ORD0003429-L3191,CUST000488,PROD000191,Midwest,web,3,1019.58,placed,2026-02-04
ORD0003429,ORD0003429-L1086,CUST000488,PROD000086,Northeast,web,1,465.29,placed,2026-02-04
ORD0003573,ORD0003573-L1232,CUST000181,PROD000232,Southeast,mobile,1,131.83,placed,2026-02-04
ORD0003573,ORD0003573-L2062,CUST000181,PROD000062,Southeast,mobile,2,455.28,placed,2026-02-04
ORD0003573,ORD0003573-L3228,CUST000181,PROD000228,Midwest,store,3,201.36,placed,2026-02-04
ORD0003619,ORD0003619-L2097,CUST000090,PROD000097,Southeast,marketplace,2,714.18,placed,2026-02-04
ORD0003719,ORD0003719-L1003,CUST000405,PROD000003,Southeast,web,1,247.13,placed,2026-02-04
ORD0003719,ORD0003719-L3241,CUST000405,PROD000241,Southeast,store,3,195.96,placed,2026-02-04
ORD0003719,ORD0003719-L2169,CUST000405,PROD000169,Northeast,store,2,589.94,placed,2026-02-04
ORD0003719,ORD0003719-L1015,CUST000405,PROD000015,Midwest,store,1,313.83,placed,2026-02-04
ORD0003749,ORD0003749-L2109,CUST000141,PROD000109,Northeast,mobile,2,561.74,placed,2026-02-04
ORD0003749,ORD0003749-L2034,CUST000141,PROD000034,Midwest,mobile,2,550.16,placed,2026-02-04
ORD0003749,ORD0003749-L3005,CUST000141,PROD000005,West,marketplace,3,958.08,placed,2026-02-04
ORD0003749,ORD0003749-L1189,CUST000141,PROD000189,Northeast,store,1,90.6,placed,2026-02-04
ORD0003786,ORD0003786-L3122,CUST000107,PROD000122,Southeast,store,3,567.51,placed,2026-02-04
ORD0003786,ORD0003786-L3030,CUST000107,PROD000030,West,marketplace,3,213.27,placed,2026-02-04
ORD0003786,ORD0003786-L2038,CUST000107,PROD000038,West,marketplace,2,70.66,placed,2026-02-04
ORD0003832,ORD0003832-L3023,CUST000465,PROD000023,Northeast,marketplace,3,86.94,placed,2026-02-04
ORD0003832,ORD0003832-L1159,CUST000465,PROD000159,Northeast,web,1,372.34,placed,2026-02-04
ORD0000061,ORD0000061-L1049,CUST000492,PROD000049,Midwest,store,1,151.94,placed,2026-02-05
ORD0000117,ORD0000117-L1007,CUST000197,PROD000007,Northeast,mobile,1,328.45,placed,2026-02-05
ORD0000117,ORD0000117-L1175,CUST000197,PROD000175,Southeast,mobile,1,417.27,placed,2026-02-05
ORD0000117,ORD0000117-L1160,CUST000197,PROD000160,Northeast,mobile,1,65.16,placed,2026-02-05
ORD0000117,ORD0000117-L1170,CUST000197,PROD000170,Southeast,store,1,31.38,placed,2026-02-05
ORD0000193,ORD0000193-L3234,CUST000126,PROD000234,Northeast,store,3,1266.48,placed,2026-02-05
ORD0000193,ORD0000193-L3074,CUST000126,PROD000074,Northeast,store,3,845.25,placed,2026-02-05
ORD0000193,ORD0000193-L1063,CUST000126,PROD000063,West,marketplace,1,295.42,placed,2026-02-05
ORD0000193,ORD0000193-L2079,CUST000126,PROD000079,Northeast,mobile,2,771.34,placed,2026-02-05
ORD0000198,ORD0000198-L1181,CUST000097,PROD000181,West,store,1,40.63,placed,2026-02-05
ORD0000198,ORD0000198-L2003,CUST000097,PROD000003,Southeast,mobile,2,494.26,placed,2026-02-05
ORD0000198,ORD0000198-L3237,CUST000097,PROD000237,Northeast,store,3,615.63,placed,2026-02-05
ORD0000198,ORD0000198-L1108,CUST000097,PROD000108,West,web,1,288.12,placed,2026-02-05
ORD0000386,ORD0000386-L3087,CUST000374,PROD000087,West,web,3,556.17,placed,2026-02-05
ORD0000386,ORD0000386-L1045,CUST000374,PROD000045,West,mobile,1,377.2,placed,2026-02-05
ORD0000386,ORD0000386-L1054,CUST000374,PROD000054,West,marketplace,1,237.73,placed,2026-02-05
ORD0000495,ORD0000495-L1038,CUST000368,PROD000038,Southeast,marketplace,1,33.47,placed,2026-02-05
ORD0000495,ORD0000495-L2250,CUST000368,PROD000250,Midwest,web,2,743.94,placed,2026-02-05
ORD0000495,ORD0000495-L3072,CUST000368,PROD000072,Northeast,mobile,3,749.76,placed,2026-02-05
ORD0001024,ORD0001024-L1244,CUST000417,PROD000244,West,web,1,411.41,placed,2026-02-05
ORD0001174,ORD0001174-L1057,CUST000106,PROD000057,Northeast,mobile,1,381.5,placed,2026-02-05
ORD0001174,ORD0001174-L1119,CUST000106,PROD000119,Midwest,mobile,1,296.78,placed,2026-02-05
ORD0001174,ORD0001174-L2198,CUST000106,PROD000198,Southeast,store,2,869.42,placed,2026-02-05
ORD0001174,ORD0001174-L2024,CUST000106,PROD000024,Midwest,marketplace,2,446.78,placed,2026-02-05
ORD0001264,ORD0001264-L3242,CUST000339,PROD000242,Midwest,store,3,1096.29,placed,2026-02-05
ORD0001264,ORD0001264-L2176,CUST000339,PROD000176,West,mobile,2,742.4,placed,2026-02-05
ORD0001279,ORD0001279-L3245,CUST000288,PROD000245,Northeast,web,3,222.18,placed,2026-02-05
ORD0001351,ORD0001351-L3009,CUST000262,PROD000009,Northeast,store,3,980.13,placed,2026-02-05
ORD0001351,ORD0001351-L2074,CUST000262,PROD000074,Northeast,store,2,535.32,placed,2026-02-05
ORD0001568,ORD0001568-L3070,CUST000289,PROD000070,Midwest,web,3,793.59,placed,2026-02-05
ORD0001568,ORD0001568-L2099,CUST000289,PROD000099,Northeast,mobile,2,724.44,placed,2026-02-05
ORD0001568,ORD0001568-L3057,CUST000289,PROD000057,West,marketplace,3,1084.26,placed,2026-02-05
ORD0002087,ORD0002087-L1088,CUST000182,PROD000088,Southeast,mobile,1,229.02,placed,2026-02-05
ORD0002246,ORD0002246-L3180,CUST000199,PROD000180,Southeast,mobile,3,1116.45,placed,2026-02-05
ORD0002299,ORD0002299-L3219,CUST000492,PROD000219,Northeast,store,3,1272.18,placed,2026-02-05
ORD0002299,ORD0002299-L2091,CUST000492,PROD000091,Midwest,store,2,360.32,placed,2026-02-05
ORD0002299,ORD0002299-L2162,CUST000492,PROD000162,West,web,2,543.26,placed,2026-02-05
ORD0002299,ORD0002299-L3047,CUST000492,PROD000047,Midwest,store,3,418.35,placed,2026-02-05
ORD0002679,ORD0002679-L2018,CUST000416,PROD000018,Southeast,store,2,537.7,placed,2026-02-05
ORD0002679,ORD0002679-L3003,CUST000416,PROD000003,West,marketplace,3,780.42,placed,2026-02-05
ORD0002679,ORD0002679-L1172,CUST000416,PROD000172,Northeast,marketplace,1,394.6,placed,2026-02-05
ORD0002679,ORD0002679-L3191,CUST000416,PROD000191,Southeast,web,3,1019.58,placed,2026-02-05
ORD0002829,ORD0002829-L3116,CUST000443,PROD000116,West,mobile,3,686.58,placed,2026-02-05
ORD0002863,ORD0002863-L3149,CUST000128,PROD000149,West,web,3,862.41,placed,2026-02-05
ORD0002863,ORD0002863-L2219,CUST000128,PROD000219,West,marketplace,2,942.36,placed,2026-02-05
ORD0002863,ORD0002863-L3240,CUST000128,PROD000240,West,web,3,1089.57,placed,2026-02-05
ORD0002863,ORD0002863-L1066,CUST000128,PROD000066,Southeast,store,1,443.11,placed,2026-02-05
ORD0002953,ORD0002953-L1212,CUST000203,PROD000212,West,web,1,204.78,placed,2026-02-05
ORD0002953,ORD0002953-L1016,CUST000203,PROD000016,Midwest,marketplace,1,409.93,placed,2026-02-05
ORD0002953,ORD0002953-L1102,CUST000203,PROD000102,Northeast,mobile,1,104.58,placed,2026-02-05
ORD0002953,ORD0002953-L1123,CUST000203,PROD000123,Midwest,marketplace,1,169.75,placed,2026-02-05
ORD0003050,ORD0003050-L3183,CUST000358,PROD000183,Northeast,marketplace,3,577.89,placed,2026-02-05
ORD0003050,ORD0003050-L1127,CUST000358,PROD000127,Southeast,store,1,97.2,placed,2026-02-05
ORD0003050,ORD0003050-L2074,CUST000358,PROD000074,Southeast,mobile,2,563.5,placed,2026-02-05
ORD0003241,ORD0003241-L2005,CUST000099,PROD000005,Southeast,mobile,2,638.72,placed,2026-02-05
ORD0003241,ORD0003241-L1175,CUST000099,PROD000175,Southeast,store,1,417.27,placed,2026-02-05
ORD0003644,ORD0003644-L1024,CUST000277,PROD000024,Southeast,mobile,1,223.39,placed,2026-02-05
ORD0003644,ORD0003644-L2174,CUST000277,PROD000174,Southeast,marketplace,2,581.9,placed,2026-02-05
ORD0003676,ORD0003676-L3056,CUST000313,PROD000056,Northeast,mobile,3,225.96,placed,2026-02-05
ORD0003740,ORD0003740-L2046,CUST000459,PROD000046,Northeast,mobile,2,499.56,placed,2026-02-05
ORD0003740,ORD0003740-L3168,CUST000459,PROD000168,Northeast,mobile,3,915.78,placed,2026-02-05
ORD0000137,ORD0000137-L2003,CUST000207,PROD000003,Northeast,mobile,2,520.28,placed,2026-02-06
ORD0000137,ORD0000137-L2090,CUST000207,PROD000090,Northeast,mobile,2,234.38,placed,2026-02-06
ORD0000137,ORD0000137-L1112,CUST000207,PROD000112,Midwest,web,1,261.78,placed,2026-02-06
ORD0000137,ORD0000137-L3069,CUST000207,PROD000069,Midwest,store,3,367.62,placed,2026-02-06
ORD0000273,ORD0000273-L2123,CUST000422,PROD000123,Southeast,store,2,339.5,placed,2026-02-06
ORD0000273,ORD0000273-L3072,CUST000422,PROD000072,Southeast,store,3,749.76,placed,2026-02-06
ORD0000273,ORD0000273-L2222,CUST000422,PROD000222,Northeast,store,2,372.4,placed,2026-02-06
ORD0000309,ORD0000309-L2109,CUST000006,PROD000109,Midwest,store,2,561.74,placed,2026-02-06
ORD0000438,ORD0000438-L2224,CUST000088,PROD000224,West,store,2,691.84,placed,2026-02-06
ORD0000438,ORD0000438-L2246,CUST000088,PROD000246,Northeast,web,2,186.1,placed,2026-02-06
ORD0000438,ORD0000438-L2126,CUST000088,PROD000126,Northeast,mobile,2,532.22,placed,2026-02-06
ORD0000438,ORD0000438-L2204,CUST000088,PROD000204,Southeast,marketplace,2,855.98,placed,2026-02-06
ORD0000452,ORD0000452-L3166,CUST000134,PROD000166,West,mobile,3,742.2,placed,2026-02-06
ORD0000452,ORD0000452-L2053,CUST000134,PROD000053,West,marketplace,2,430.64,placed,2026-02-06
ORD0000452,ORD0000452-L2161,CUST000134,PROD000161,Midwest,store,2,492.42,placed,2026-02-06
ORD0000746,ORD0000746-L3139,CUST000303,PROD000139,West,store,3,1233.06,placed,2026-02-06
ORD0000746,ORD0000746-L3150,CUST000303,PROD000150,Southeast,web,3,1404.72,placed,2026-02-06
ORD0000746,ORD0000746-L3065,CUST000303,PROD000065,Northeast,marketplace,3,178.62,placed,2026-02-06
ORD0000746,ORD0000746-L2090,CUST000303,PROD000090,West,store,2,221.36,placed,2026-02-06
ORD0000764,ORD0000764-L2091,CUST000228,PROD000091,Southeast,mobile,2,379.28,placed,2026-02-06
ORD0000764,ORD0000764-L3047,CUST000228,PROD000047,West,marketplace,3,376.5,placed,2026-02-06
ORD0000764,ORD0000764-L2020,CUST000228,PROD000020,Midwest,store,2,975.24,placed,2026-02-06
ORD0000764,ORD0000764-L3217,CUST000228,PROD000217,Northeast,marketplace,3,415.41,placed,2026-02-06
ORD0000896,ORD0000896-L2247,CUST000342,PROD000247,West,mobile,2,687.76,placed,2026-02-06
ORD0000896,ORD0000896-L2110,CUST000342,PROD000110,West,mobile,2,452.62,placed,2026-02-06
ORD0000896,ORD0000896-L2104,CUST000342,PROD000104,Midwest,marketplace,2,656.32,placed,2026-02-06
ORD0000896,ORD0000896-L3077,CUST000342,PROD000077,Southeast,web,3,392.94,placed,2026-02-06
ORD0000949,ORD0000949-L3223,CUST000002,PROD000223,Southeast,mobile,3,909.42,placed,2026-02-06
ORD0000972,ORD0000972-L2248,CUST000293,PROD000248,West,web,2,594.78,placed,2026-02-06
ORD0000972,ORD0000972-L1231,CUST000293,PROD000231,Midwest,web,1,76.31,placed,2026-02-06
ORD0001191,ORD0001191-L2222,CUST000465,PROD000222,Southeast,marketplace,2,372.4,placed,2026-02-06
ORD0001191,ORD0001191-L3020,CUST000465,PROD000020,West,store,3,1389.72,placed,2026-02-06
ORD0001191,ORD0001191-L3210,CUST000465,PROD000210,Midwest,store,3,1325.97,placed,2026-02-06
ORD0001191,ORD0001191-L2125,CUST000465,PROD000125,Northeast,marketplace,2,411.66,placed,2026-02-06
ORD0001238,ORD0001238-L3241,CUST000004,PROD000241,West,web,3,195.96,placed,2026-02-06
ORD0001238,ORD0001238-L3048,CUST000004,PROD000048,Southeast,mobile,3,1034.64,placed,2026-02-06
ORD0001238,ORD0001238-L2235,CUST000004,PROD000235,Northeast,store,2,122.3,placed,2026-02-06
ORD0001238,ORD0001238-L2054,CUST000004,PROD000054,Southeast,store,2,427.92,placed,2026-02-06
ORD0001595,ORD0001595-L1150,CUST000402,PROD000150,Northeast,mobile,1,468.24,placed,2026-02-06
ORD0001607,ORD0001607-L1229,CUST000450,PROD000229,Southeast,web,1,57.52,placed,2026-02-06
ORD0001731,ORD0001731-L1158,CUST000193,PROD000158,Northeast,store,1,98.14,placed,2026-02-06
ORD0001731,ORD0001731-L3134,CUST000193,PROD000134,Midwest,mobile,3,1165.65,placed,2026-02-06
ORD0001804,ORD0001804-L3116,CUST000408,PROD000116,West,marketplace,3,722.73,placed,2026-02-06
ORD0001843,ORD0001843-L1082,CUST000448,PROD000082,Northeast,mobile,1,367.18,placed,2026-02-06
ORD0001843,ORD0001843-L2175,CUST000448,PROD000175,Northeast,web,2,792.82,placed,2026-02-06
ORD0001931,ORD0001931-L2128,CUST000121,PROD000128,West,store,2,65.06,placed,2026-02-06
ORD0001931,ORD0001931-L1060,CUST000121,PROD000060,Midwest,marketplace,1,267.61,placed,2026-02-06
ORD0001931,ORD0001931-L2240,CUST000121,PROD000240,Southeast,marketplace,2,807.08,placed,2026-02-06
ORD0001931,ORD0001931-L2214,CUST000121,PROD000214,Southeast,store,2,258.78,placed,2026-02-06
ORD0001935,ORD0001935-L3012,CUST000016,PROD000012,Midwest,web,3,1397.55,placed,2026-02-06
ORD0001940,ORD0001940-L2022,CUST000496,PROD000022,Southeast,web,2,114.74,placed,2026-02-06
ORD0001940,ORD0001940-L1147,CUST000496,PROD000147,Southeast,mobile,1,247.63,placed,2026-02-06
ORD0001940,ORD0001940-L1106,CUST000496,PROD000106,West,marketplace,1,129.21,placed,2026-02-06
ORD0001991,ORD0001991-L1121,CUST000189,PROD000121,Northeast,web,1,282.86,placed,2026-02-06
ORD0002159,ORD0002159-L2184,CUST000433,PROD000184,Southeast,marketplace,2,606.18,placed,2026-02-06
ORD0002159,ORD0002159-L3136,CUST000433,PROD000136,West,store,3,353.94,placed,2026-02-06
ORD0002159,ORD0002159-L1067,CUST000433,PROD000067,Southeast,mobile,1,151.52,placed,2026-02-06
ORD0002159,ORD0002159-L1132,CUST000433,PROD000132,Midwest,web,1,382.08,placed,2026-02-06
ORD0002190,ORD0002190-L1166,CUST000209,PROD000166,Midwest,mobile,1,247.4,placed,2026-02-06
ORD0002190,ORD0002190-L3136,CUST000209,PROD000136,Midwest,marketplace,3,318.54,placed,2026-02-06
ORD0002190,ORD0002190-L2055,CUST000209,PROD000055,Midwest,web,2,625.36,placed,2026-02-06
ORD0002490,ORD0002490-L2065,CUST000470,PROD000065,Southeast,mobile,2,132.3,placed,2026-02-06
ORD0002490,ORD0002490-L3040,CUST000470,PROD000040,West,web,3,87.93,placed,2026-02-06
ORD0002490,ORD0002490-L1072,CUST000470,PROD000072,Southeast,web,1,249.92,placed,2026-02-06
ORD0002490,ORD0002490-L3140,CUST000470,PROD000140,West,mobile,3,848.37,placed,2026-02-06
ORD0002601,ORD0002601-L1169,CUST000205,PROD000169,Southeast,marketplace,1,294.97,placed,2026-02-06
ORD0002629,ORD0002629-L1006,CUST000227,PROD000006,West,marketplace,1,141.61,placed,2026-02-06
ORD0002629,ORD0002629-L1142,CUST000227,PROD000142,Midwest,marketplace,1,89.38,placed,2026-02-06
ORD0002629,ORD0002629-L3038,CUST000227,PROD000038,Northeast,web,3,111.57,placed,2026-02-06
ORD0002902,ORD0002902-L3179,CUST000416,PROD000179,Midwest,web,3,679.98,placed,2026-02-06
ORD0002902,ORD0002902-L1076,CUST000416,PROD000076,Southeast,mobile,1,61.05,placed,2026-02-06
ORD0003080,ORD0003080-L1043,CUST000131,PROD000043,Southeast,mobile,1,143.72,placed,2026-02-06
ORD0003173,ORD0003173-L3120,CUST000331,PROD000120,Midwest,mobile,3,216.3,placed,2026-02-06
ORD0003361,ORD0003361-L3110,CUST000231,PROD000110,Midwest,web,3,678.93,placed,2026-02-06
ORD0003361,ORD0003361-L1177,CUST000231,PROD000177,West,mobile,1,33.98,placed,2026-02-06
ORD0003413,ORD0003413-L3003,CUST000219,PROD000003,Southeast,web,3,780.42,placed,2026-02-06
ORD0003413,ORD0003413-L3196,CUST000219,PROD000196,Midwest,mobile,3,1140.6,placed,2026-02-06
ORD0003413,ORD0003413-L3090,CUST000219,PROD000090,Northeast,web,3,390.63,placed,2026-02-06
ORD0003413,ORD0003413-L3094,CUST000219,PROD000094,Southeast,mobile,3,218.49,placed,2026-02-06
ORD0003442,ORD0003442-L2194,CUST000206,PROD000194,Midwest,mobile,2,368.72,placed,2026-02-06
ORD0003442,ORD0003442-L2142,CUST000206,PROD000142,West,marketplace,2,178.76,placed,2026-02-06
ORD0003442,ORD0003442-L3177,CUST000206,PROD000177,West,marketplace,3,107.31,placed,2026-02-06
ORD0003449,ORD0003449-L3001,CUST000059,PROD000001,Southeast,marketplace,3,1269.54,placed,2026-02-06
ORD0003449,ORD0003449-L1172,CUST000059,PROD000172,Northeast,web,1,394.6,placed,2026-02-06
ORD0003449,ORD0003449-L1223,CUST000059,PROD000223,Midwest,marketplace,1,303.14,placed,2026-02-06
ORD0003488,ORD0003488-L1241,CUST000149,PROD000241,Southeast,mobile,1,68.95,placed,2026-02-06
ORD0003488,ORD0003488-L2157,CUST000149,PROD000157,Northeast,web,2,551.48,placed,2026-02-06
ORD0003488,ORD0003488-L1126,CUST000149,PROD000126,West,web,1,295.68,placed,2026-02-06
ORD0003783,ORD0003783-L2020,CUST000361,PROD000020,West,mobile,2,975.24,placed,2026-02-06
ORD0003783,ORD0003783-L1210,CUST000361,PROD000210,Southeast,marketplace,1,441.99,placed,2026-02-06
ORD0003783,ORD0003783-L2016,CUST000361,PROD000016,Southeast,mobile,2,819.86,placed,2026-02-06
ORD0000278,ORD0000278-L2223,CUST000245,PROD000223,West,marketplace,2,515.34,placed,2026-02-07
ORD0000278,ORD0000278-L3234,CUST000245,PROD000234,Midwest,web,3,1407.21,placed,2026-02-07
ORD0000278,ORD0000278-L1247,CUST000245,PROD000247,Midwest,mobile,1,343.88,placed,2026-02-07
ORD0000278,ORD0000278-L1143,CUST000245,PROD000143,West,web,1,331.28,placed,2026-02-07
ORD0000510,ORD0000510-L1216,CUST000046,PROD000216,West,mobile,1,42.25,placed,2026-02-07
ORD0000510,ORD0000510-L3045,CUST000046,PROD000045,West,mobile,3,1257.33,placed,2026-02-07
ORD0000510,ORD0000510-L3113,CUST000046,PROD000113,Northeast,store,3,74.1,placed,2026-02-07
ORD0000517,ORD0000517-L2223,CUST000415,PROD000223,Southeast,marketplace,2,575.96,placed,2026-02-07
ORD0000517,ORD0000517-L2160,CUST000415,PROD000160,Midwest,marketplace,2,144.8,placed,2026-02-07
ORD0000517,ORD0000517-L3007,CUST000415,PROD000007,Midwest,web,3,1094.82,placed,2026-02-07
ORD0000517,ORD0000517-L1038,CUST000415,PROD000038,Southeast,marketplace,1,37.19,placed,2026-02-07
ORD0000527,ORD0000527-L2133,CUST000206,PROD000133,Midwest,web,2,220.58,placed,2026-02-07
ORD0000535,ORD0000535-L3229,CUST000004,PROD000229,West,store,3,181.65,placed,2026-02-07
ORD0000848,ORD0000848-L3192,CUST000131,PROD000192,Midwest,marketplace,3,1366.83,placed,2026-02-07
ORD0000899,ORD0000899-L1010,CUST000006,PROD000010,Southeast,web,1,123.55,placed,2026-02-07
ORD0000899,ORD0000899-L1062,CUST000006,PROD000062,West,marketplace,1,215.66,placed,2026-02-07
ORD0000987,ORD0000987-L1175,CUST000387,PROD000175,West,mobile,1,396.41,placed,2026-02-07
ORD0001019,ORD0001019-L2049,CUST000197,PROD000049,Midwest,marketplace,2,258.3,placed,2026-02-07
ORD0001019,ORD0001019-L2020,CUST000197,PROD000020,Midwest,store,2,975.24,placed,2026-02-07
ORD0001068,ORD0001068-L1170,CUST000479,PROD000170,Northeast,marketplace,1,33.03,placed,2026-02-07
ORD0001068,ORD0001068-L2180,CUST000479,PROD000180,West,marketplace,2,632.66,placed,2026-02-07
ORD0001084,ORD0001084-L1117,CUST000474,PROD000117,Northeast,mobile,1,431.89,placed,2026-02-07
ORD0001084,ORD0001084-L1188,CUST000474,PROD000188,Southeast,store,1,33.48,placed,2026-02-07
ORD0001084,ORD0001084-L1062,CUST000474,PROD000062,Southeast,marketplace,1,227.64,placed,2026-02-07
ORD0001133,ORD0001133-L3144,CUST000447,PROD000144,West,marketplace,3,993.96,placed,2026-02-07
ORD0001133,ORD0001133-L3168,CUST000447,PROD000168,Northeast,store,3,963.99,placed,2026-02-07
ORD0001133,ORD0001133-L3008,CUST000447,PROD000008,West,marketplace,3,648.45,placed,2026-02-07
ORD0001193,ORD0001193-L1134,CUST000241,PROD000134,Midwest,web,1,388.55,placed,2026-02-07
ORD0001193,ORD0001193-L1166,CUST000241,PROD000166,Southeast,marketplace,1,247.4,placed,2026-02-07
ORD0001193,ORD0001193-L2084,CUST000241,PROD000084,Northeast,store,2,215.06,placed,2026-02-07
ORD0001394,ORD0001394-L3199,CUST000362,PROD000199,West,web,3,103.29,placed,2026-02-07
ORD0001394,ORD0001394-L2040,CUST000362,PROD000040,Midwest,store,2,58.62,placed,2026-02-07
ORD0001394,ORD0001394-L2114,CUST000362,PROD000114,Southeast,marketplace,2,836.74,placed,2026-02-07
ORD0001440,ORD0001440-L2001,CUST000336,PROD000001,Midwest,marketplace,2,846.36,placed,2026-02-07
ORD0001440,ORD0001440-L2161,CUST000336,PROD000161,Southeast,store,2,443.18,placed,2026-02-07
ORD0001440,ORD0001440-L2242,CUST000336,PROD000242,West,mobile,2,730.86,placed,2026-02-07
ORD0001440,ORD0001440-L2072,CUST000336,PROD000072,Midwest,mobile,2,499.84,placed,2026-02-07
ORD0001458,ORD0001458-L3156,CUST000054,PROD000156,West,mobile,3,224.64,placed,2026-02-07
ORD0001458,ORD0001458-L3234,CUST000054,PROD000234,Southeast,mobile,3,1336.86,placed,2026-02-07
ORD0001458,ORD0001458-L1052,CUST000054,PROD000052,West,web,1,199.24,placed,2026-02-07
ORD0001458,ORD0001458-L1208,CUST000054,PROD000208,Midwest,mobile,1,91.12,placed,2026-02-07
ORD0001492,ORD0001492-L3212,CUST000429,PROD000212,Midwest,mobile,3,522.18,placed,2026-02-07
ORD0001492,ORD0001492-L3200,CUST000429,PROD000200,West,web,3,1075.02,placed,2026-02-07
ORD0001722,ORD0001722-L3100,CUST000147,PROD000100,Northeast,marketplace,3,551.91,placed,2026-02-07
ORD0001722,ORD0001722-L1228,CUST000147,PROD000228,Midwest,store,1,78.96,placed,2026-02-07
ORD0001722,ORD0001722-L3247,CUST000147,PROD000247,Southeast,web,3,1031.64,placed,2026-02-07
ORD0001722,ORD0001722-L2174,CUST000147,PROD000174,Midwest,store,2,646.56,placed,2026-02-07
ORD0001880,ORD0001880-L1243,CUST000226,PROD000243,Southeast,mobile,1,214.25,placed,2026-02-07
ORD0001944,ORD0001944-L3142,CUST000173,PROD000142,Northeast,store,3,253.23,placed,2026-02-07
ORD0001944,ORD0001944-L2238,CUST000173,PROD000238,Midwest,mobile,2,179.64,placed,2026-02-07
ORD0001944,ORD0001944-L2106,CUST000173,PROD000106,Northeast,mobile,2,287.14,placed,2026-02-07
ORD0002263,ORD0002263-L3232,CUST000301,PROD000232,Northeast,web,3,395.49,placed,2026-02-07
ORD0002263,ORD0002263-L1109,CUST000301,PROD000109,Midwest,mobile,1,280.87,placed,2026-02-07
ORD0002263,ORD0002263-L3103,CUST000301,PROD000103,West,store,3,825.6,placed,2026-02-07
ORD0002263,ORD0002263-L1140,CUST000301,PROD000140,Midwest,marketplace,1,282.79,placed,2026-02-07
ORD0002293,ORD0002293-L3033,CUST000388,PROD000033,West,mobile,3,1164.3,placed,2026-02-07
ORD0002293,ORD0002293-L1042,CUST000388,PROD000042,Southeast,store,1,123.78,placed,2026-02-07
ORD0002293,ORD0002293-L3142,CUST000388,PROD000142,Southeast,marketplace,3,297.93,placed,2026-02-07
ORD0002293,ORD0002293-L2059,CUST000388,PROD000059,Northeast,web,2,50.9,placed,2026-02-07
ORD0002349,ORD0002349-L3042,CUST000307,PROD000042,Midwest,marketplace,3,371.34,placed,2026-02-07
ORD0002359,ORD0002359-L2146,CUST000477,PROD000146,Midwest,store,2,721.6,placed,2026-02-07
ORD0002359,ORD0002359-L1033,CUST000477,PROD000033,West,marketplace,1,388.1,placed,2026-02-07
ORD0002419,ORD0002419-L2126,CUST000125,PROD000126,West,store,2,591.36,placed,2026-02-07
ORD0002419,ORD0002419-L2113,CUST000125,PROD000113,Southeast,web,2,54.9,placed,2026-02-07
ORD0002419,ORD0002419-L1238,CUST000125,PROD000238,West,store,1,94.55,placed,2026-02-07
ORD0002707,ORD0002707-L2144,CUST000145,PROD000144,West,web,2,699.44,placed,2026-02-07
ORD0002899,ORD0002899-L1030,CUST000382,PROD000030,Northeast,web,1,71.09,placed,2026-02-07
ORD0002899,ORD0002899-L3238,CUST000382,PROD000238,Midwest,web,3,283.65,placed,2026-02-07
ORD0002899,ORD0002899-L1121,CUST000382,PROD000121,Midwest,marketplace,1,314.29,placed,2026-02-07
ORD0002899,ORD0002899-L1241,CUST000382,PROD000241,West,web,1,72.58,placed,2026-02-07
ORD0002942,ORD0002942-L2168,CUST000036,PROD000168,Southeast,store,2,546.26,placed,2026-02-07
ORD0002942,ORD0002942-L2053,CUST000036,PROD000053,Northeast,store,2,453.3,placed,2026-02-07
ORD0002942,ORD0002942-L2095,CUST000036,PROD000095,Midwest,mobile,2,40.8,placed,2026-02-07
ORD0002942,ORD0002942-L1236,CUST000036,PROD000236,West,web,1,113.53,placed,2026-02-07
ORD0002981,ORD0002981-L2142,CUST000217,PROD000142,Northeast,mobile,2,188.68,placed,2026-02-07
ORD0002981,ORD0002981-L1019,CUST000217,PROD000019,Northeast,marketplace,1,316.15,placed,2026-02-07
ORD0002981,ORD0002981-L3155,CUST000217,PROD000155,Midwest,marketplace,3,481.2,placed,2026-02-07
ORD0002981,ORD0002981-L2204,CUST000217,PROD000204,Midwest,marketplace,2,901.04,placed,2026-02-07
ORD0002994,ORD0002994-L2229,CUST000277,PROD000229,Southeast,store,2,121.1,placed,2026-02-07
ORD0002994,ORD0002994-L1108,CUST000277,PROD000108,Midwest,marketplace,1,288.12,placed,2026-02-07
ORD0002994,ORD0002994-L2223,CUST000277,PROD000223,West,marketplace,2,606.28,placed,2026-02-07
ORD0003033,ORD0003033-L3243,CUST000217,PROD000243,Northeast,marketplace,3,642.75,placed,2026-02-07
ORD0003033,ORD0003033-L1123,CUST000217,PROD000123,Northeast,store,1,169.75,placed,2026-02-07
ORD0003033,ORD0003033-L1145,CUST000217,PROD000145,Midwest,store,1,101.74,placed,2026-02-07
ORD0003040,ORD0003040-L1217,CUST000476,PROD000217,West,marketplace,1,124.62,placed,2026-02-07
ORD0003059,ORD0003059-L3021,CUST000095,PROD000021,Midwest,marketplace,3,67.29,placed,2026-02-07
ORD0003059,ORD0003059-L1067,CUST000095,PROD000067,West,marketplace,1,151.52,placed,2026-02-07
ORD0003059,ORD0003059-L3007,CUST000095,PROD000007,Midwest,web,3,1094.82,placed,2026-02-07
ORD0003068,ORD0003068-L3196,CUST000207,PROD000196,West,marketplace,3,1140.6,placed,2026-02-07
ORD0003068,ORD0003068-L3145,CUST000207,PROD000145,West,mobile,3,321.27,placed,2026-02-07
ORD0003068,ORD0003068-L3075,CUST000207,PROD000075,Midwest,marketplace,3,890.55,placed,2026-02-07
ORD0003068,ORD0003068-L3007,CUST000207,PROD000007,West,mobile,3,930.6,placed,2026-02-07
ORD0003102,ORD0003102-L1202,CUST000216,PROD000202,Northeast,web,1,350.12,placed,2026-02-07
ORD0003102,ORD0003102-L3098,CUST000216,PROD000098,Midwest,marketplace,3,1311.75,placed,2026-02-07
ORD0003102,ORD0003102-L3042,CUST000216,PROD000042,Midwest,marketplace,3,371.34,placed,2026-02-07
ORD0003102,ORD0003102-L1204,CUST000216,PROD000204,Southeast,mobile,1,450.52,placed,2026-02-07
ORD0003135,ORD0003135-L3037,CUST000171,PROD000037,Midwest,store,3,1308.75,placed,2026-02-07
ORD0003135,ORD0003135-L2210,CUST000171,PROD000210,West,web,2,839.78,placed,2026-02-07
ORD0003135,ORD0003135-L3203,CUST000171,PROD000203,West,web,3,954.81,placed,2026-02-07
ORD0003136,ORD0003136-L1023,CUST000345,PROD000023,Midwest,web,1,27.46,placed,2026-02-07
ORD0003136,ORD0003136-L1075,CUST000345,PROD000075,Midwest,marketplace,1,282.01,placed,2026-02-07
ORD0003187,ORD0003187-L3138,CUST000375,PROD000138,Midwest,marketplace,3,926.22,placed,2026-02-07
ORD0003187,ORD0003187-L2140,CUST000375,PROD000140,Southeast,store,2,509.02,placed,2026-02-07
ORD0003187,ORD0003187-L3167,CUST000375,PROD000167,West,marketplace,3,513.03,placed,2026-02-07
ORD0003187,ORD0003187-L1082,CUST000375,PROD000082,Southeast,web,1,330.46,placed,2026-02-07
ORD0003262,ORD0003262-L1101,CUST000496,PROD000101,Midwest,store,1,410.31,placed,2026-02-07
ORD0003262,ORD0003262-L1179,CUST000496,PROD000179,Southeast,marketplace,1,226.66,placed,2026-02-07
ORD0003278,ORD0003278-L2248,CUST000225,PROD000248,Northeast,store,2,660.86,placed,2026-02-07
ORD0003278,ORD0003278-L3087,CUST000225,PROD000087,West,mobile,3,556.17,placed,2026-02-07
ORD0003278,ORD0003278-L3019,CUST000225,PROD000019,Northeast,marketplace,3,901.02,placed,2026-02-07
ORD0003294,ORD0003294-L1152,CUST000137,PROD000152,West,store,1,312.53,placed,2026-02-07
ORD0003294,ORD0003294-L2236,CUST000137,PROD000236,Southeast,web,2,204.36,placed,2026-02-07
ORD0003294,ORD0003294-L1143,CUST000137,PROD000143,West,mobile,1,331.28,placed,2026-02-07
ORD0003294,ORD0003294-L1039,CUST000137,PROD000039,West,store,1,406.9,placed,2026-02-07
ORD0003328,ORD0003328-L1006,CUST000441,PROD000006,West,marketplace,1,127.45,placed,2026-02-07
ORD0003328,ORD0003328-L2066,CUST000441,PROD000066,Midwest,store,2,932.86,placed,2026-02-07
ORD0003328,ORD0003328-L1130,CUST000441,PROD000130,Midwest,mobile,1,435.64,placed,2026-02-07
ORD0003328,ORD0003328-L2128,CUST000441,PROD000128,Northeast,mobile,2,68.48,placed,2026-02-07
ORD0003402,ORD0003402-L1018,CUST000135,PROD000018,Northeast,mobile,1,254.7,placed,2026-02-07
ORD0003402,ORD0003402-L3052,CUST000135,PROD000052,Southeast,web,3,597.72,placed,2026-02-07
ORD0003478,ORD0003478-L1211,CUST000032,PROD000211,West,web,1,258.86,placed,2026-02-07
ORD0003478,ORD0003478-L3207,CUST000032,PROD000207,West,web,3,36.15,placed,2026-02-07
ORD0003478,ORD0003478-L3222,CUST000032,PROD000222,Southeast,mobile,3,530.67,placed,2026-02-07
ORD0003692,ORD0003692-L2214,CUST000145,PROD000214,Midwest,mobile,2,232.9,placed,2026-02-07
ORD0003692,ORD0003692-L1102,CUST000145,PROD000102,Southeast,marketplace,1,116.2,placed,2026-02-07
ORD0003914,ORD0003914-L1186,CUST000428,PROD000186,West,web,1,336.12,placed,2026-02-07
ORD0003914,ORD0003914-L2010,CUST000428,PROD000010,Southeast,mobile,2,247.1,placed,2026-02-07
ORD0003914,ORD0003914-L2082,CUST000428,PROD000082,Northeast,store,2,660.92,placed,2026-02-07
ORD0000180,ORD0000180-L1166,CUST000436,PROD000166,West,marketplace,1,222.66,placed,2026-02-08
ORD0000180,ORD0000180-L2240,CUST000436,PROD000240,Northeast,web,2,726.38,placed,2026-02-08
ORD0000180,ORD0000180-L2142,CUST000436,PROD000142,Midwest,web,2,188.68,placed,2026-02-08
ORD0000180,ORD0000180-L2157,CUST000436,PROD000157,West,marketplace,2,551.48,placed,2026-02-08
ORD0000184,ORD0000184-L2028,CUST000221,PROD000028,West,web,2,88.56,placed,2026-02-08
ORD0000184,ORD0000184-L3096,CUST000221,PROD000096,Northeast,marketplace,3,306.03,placed,2026-02-08
ORD0000187,ORD0000187-L3097,CUST000374,PROD000097,Midwest,marketplace,3,1127.64,placed,2026-02-08
ORD0000229,ORD0000229-L3174,CUST000136,PROD000174,Northeast,web,3,969.84,placed,2026-02-08
ORD0000229,ORD0000229-L2095,CUST000136,PROD000095,Southeast,mobile,2,40.8,placed,2026-02-08
ORD0000229,ORD0000229-L3222,CUST000136,PROD000222,West,web,3,558.6,placed,2026-02-08
ORD0000229,ORD0000229-L3108,CUST000136,PROD000108,West,store,3,777.93,placed,2026-02-08
ORD0000304,ORD0000304-L2025,CUST000362,PROD000025,West,mobile,2,752.78,placed,2026-02-08
ORD0000304,ORD0000304-L2136,CUST000362,PROD000136,Midwest,store,2,235.96,placed,2026-02-08
ORD0000412,ORD0000412-L1076,CUST000270,PROD000076,Midwest,mobile,1,64.44,placed,2026-02-08
ORD0000498,ORD0000498-L3024,CUST000478,PROD000024,West,store,3,670.17,placed,2026-02-08
ORD0000498,ORD0000498-L3083,CUST000478,PROD000083,West,web,3,552.03,placed,2026-02-08
ORD0000603,ORD0000603-L2110,CUST000266,PROD000110,Northeast,marketplace,2,452.62,placed,2026-02-08
ORD0000603,ORD0000603-L2238,CUST000266,PROD000238,Midwest,marketplace,2,170.18,placed,2026-02-08
ORD0000603,ORD0000603-L1218,CUST000266,PROD000218,Southeast,marketplace,1,70.58,placed,2026-02-08
ORD0000820,ORD0000820-L1117,CUST000101,PROD000117,West,web,1,431.89,placed,2026-02-08
ORD0000820,ORD0000820-L2152,CUST000101,PROD000152,West,store,2,659.8,placed,2026-02-08
ORD0000820,ORD0000820-L1129,CUST000101,PROD000129,Northeast,marketplace,1,107.0,placed,2026-02-08
ORD0000841,ORD0000841-L1236,CUST000374,PROD000236,West,marketplace,1,113.53,placed,2026-02-08
ORD0000993,ORD0000993-L2048,CUST000435,PROD000048,West,web,2,620.78,placed,2026-02-08
ORD0001056,ORD0001056-L2105,CUST000429,PROD000105,West,marketplace,2,701.5,placed,2026-02-08
ORD0001056,ORD0001056-L2016,CUST000429,PROD000016,West,store,2,778.86,placed,2026-02-08
ORD0001056,ORD0001056-L2006,CUST000429,PROD000006,Midwest,marketplace,2,283.22,placed,2026-02-08
ORD0001056,ORD0001056-L3219,CUST000429,PROD000219,West,store,3,1342.86,placed,2026-02-08
ORD0001232,ORD0001232-L2028,CUST000461,PROD000028,Southeast,web,2,98.98,placed,2026-02-08
ORD0001232,ORD0001232-L1228,CUST000461,PROD000228,Midwest,web,1,78.96,placed,2026-02-08
ORD0001232,ORD0001232-L2207,CUST000461,PROD000207,Southeast,mobile,2,28.36,placed,2026-02-08
ORD0001245,ORD0001245-L1013,CUST000436,PROD000013,Northeast,web,1,442.26,placed,2026-02-08
ORD0001245,ORD0001245-L2186,CUST000436,PROD000186,Southeast,mobile,2,672.24,placed,2026-02-08
ORD0001475,ORD0001475-L2034,CUST000317,PROD000034,West,mobile,2,580.72,placed,2026-02-08
ORD0001475,ORD0001475-L1229,CUST000317,PROD000229,Northeast,marketplace,1,60.55,placed,2026-02-08
ORD0001475,ORD0001475-L1117,CUST000317,PROD000117,West,store,1,454.62,placed,2026-02-08
ORD0001475,ORD0001475-L2190,CUST000317,PROD000190,West,web,2,132.66,placed,2026-02-08
ORD0001497,ORD0001497-L1100,CUST000344,PROD000100,Midwest,mobile,1,183.97,placed,2026-02-08
ORD0001497,ORD0001497-L1222,CUST000344,PROD000222,West,web,1,176.89,placed,2026-02-08
ORD0001497,ORD0001497-L2163,CUST000344,PROD000163,Midwest,mobile,2,676.72,placed,2026-02-08
ORD0001497,ORD0001497-L1221,CUST000344,PROD000221,Midwest,web,1,215.34,placed,2026-02-08
ORD0001580,ORD0001580-L2001,CUST000083,PROD000001,Midwest,web,2,761.72,placed,2026-02-08
ORD0001580,ORD0001580-L2039,CUST000083,PROD000039,Southeast,store,2,813.8,placed,2026-02-08
ORD0001585,ORD0001585-L2063,CUST000348,PROD000063,Southeast,mobile,2,656.48,placed,2026-02-08
ORD0001585,ORD0001585-L1167,CUST000348,PROD000167,Midwest,marketplace,1,171.01,placed,2026-02-08
ORD0001585,ORD0001585-L1064,CUST000348,PROD000064,Northeast,store,1,312.11,placed,2026-02-08
ORD0001593,ORD0001593-L2222,CUST000272,PROD000222,Northeast,marketplace,2,372.4,placed,2026-02-08
ORD0001593,ORD0001593-L2015,CUST000272,PROD000015,Northeast,store,2,564.9,placed,2026-02-08
ORD0001593,ORD0001593-L3142,CUST000272,PROD000142,Midwest,mobile,3,297.93,placed,2026-02-08
ORD0001593,ORD0001593-L2082,CUST000272,PROD000082,Southeast,web,2,734.36,placed,2026-02-08
ORD0001749,ORD0001749-L1123,CUST000442,PROD000123,Midwest,web,1,169.75,placed,2026-02-08
ORD0001749,ORD0001749-L3182,CUST000442,PROD000182,Northeast,web,3,777.48,placed,2026-02-08
ORD0001801,ORD0001801-L2156,CUST000215,PROD000156,Northeast,marketplace,2,141.88,placed,2026-02-08
ORD0002064,ORD0002064-L2083,CUST000469,PROD000083,Midwest,store,2,411.32,placed,2026-02-08
ORD0002064,ORD0002064-L2165,CUST000469,PROD000165,West,web,2,880.82,placed,2026-02-08
ORD0002064,ORD0002064-L3102,CUST000469,PROD000102,Midwest,marketplace,3,348.6,placed,2026-02-08
ORD0002064,ORD0002064-L1063,CUST000469,PROD000063,Southeast,mobile,1,328.24,placed,2026-02-08
ORD0002104,ORD0002104-L2221,CUST000382,PROD000221,Northeast,web,2,430.68,placed,2026-02-08
ORD0002104,ORD0002104-L2153,CUST000382,PROD000153,Northeast,web,2,756.52,placed,2026-02-08
ORD0002153,ORD0002153-L3248,CUST000275,PROD000248,Northeast,mobile,3,941.73,placed,2026-02-08
ORD0002153,ORD0002153-L1222,CUST000275,PROD000222,Southeast,web,1,186.2,placed,2026-02-08
ORD0002153,ORD0002153-L2241,CUST000275,PROD000241,West,store,2,123.38,placed,2026-02-08
ORD0002187,ORD0002187-L1028,CUST000268,PROD000028,West,marketplace,1,52.1,placed,2026-02-08
ORD0002187,ORD0002187-L3011,CUST000268,PROD000011,West,mobile,3,915.6,placed,2026-02-08
ORD0002323,ORD0002323-L3046,CUST000379,PROD000046,West,mobile,3,749.34,placed,2026-02-08
ORD0002373,ORD0002373-L2043,CUST000256,PROD000043,Southeast,marketplace,2,287.44,placed,2026-02-08
ORD0002397,ORD0002397-L2158,CUST000448,PROD000158,West,marketplace,2,186.46,placed,2026-02-08
ORD0002397,ORD0002397-L3011,CUST000448,PROD000011,Southeast,mobile,3,819.21,placed,2026-02-08
ORD0002397,ORD0002397-L1055,CUST000448,PROD000055,Southeast,marketplace,1,265.78,placed,2026-02-08
ORD0002479,ORD0002479-L3193,CUST000473,PROD000193,Northeast,web,3,1399.71,placed,2026-02-08
ORD0002486,ORD0002486-L2138,CUST000142,PROD000138,Southeast,mobile,2,584.98,placed,2026-02-08
ORD0002486,ORD0002486-L2062,CUST000142,PROD000062,Midwest,store,2,455.28,placed,2026-02-08
ORD0002486,ORD0002486-L2010,CUST000142,PROD000010,Northeast,marketplace,2,222.38,placed,2026-02-08
ORD0002495,ORD0002495-L2135,CUST000241,PROD000135,Midwest,web,2,398.48,placed,2026-02-08
ORD0002495,ORD0002495-L1121,CUST000241,PROD000121,Southeast,web,1,314.29,placed,2026-02-08
ORD0002495,ORD0002495-L2090,CUST000241,PROD000090,Northeast,marketplace,2,260.42,placed,2026-02-08
ORD0002797,ORD0002797-L2068,CUST000395,PROD000068,Northeast,mobile,2,258.02,placed,2026-02-08
ORD0002797,ORD0002797-L1006,CUST000395,PROD000006,Midwest,marketplace,1,141.61,placed,2026-02-08
ORD0002797,ORD0002797-L3031,CUST000395,PROD000031,Southeast,mobile,3,294.03,placed,2026-02-08
ORD0002923,ORD0002923-L1029,CUST000196,PROD000029,Southeast,mobile,1,474.02,placed,2026-02-08
ORD0003176,ORD0003176-L3013,CUST000359,PROD000013,West,marketplace,3,1194.09,placed,2026-02-08
ORD0003423,ORD0003423-L1029,CUST000270,PROD000029,Midwest,store,1,474.02,placed,2026-02-08
ORD0003423,ORD0003423-L2005,CUST000270,PROD000005,Northeast,web,2,638.72,placed,2026-02-08
ORD0003423,ORD0003423-L2164,CUST000270,PROD000164,Northeast,store,2,33.54,placed,2026-02-08
ORD0003499,ORD0003499-L1242,CUST000337,PROD000242,West,mobile,1,347.16,placed,2026-02-08
ORD0003499,ORD0003499-L1232,CUST000337,PROD000232,West,mobile,1,112.06,placed,2026-02-08
ORD0003499,ORD0003499-L2047,CUST000337,PROD000047,West,mobile,2,264.96,placed,2026-02-08
ORD0003509,ORD0003509-L3003,CUST000357,PROD000003,West,mobile,3,702.39,placed,2026-02-08
ORD0003509,ORD0003509-L2001,CUST000357,PROD000001,West,store,2,846.36,placed,2026-02-08
ORD0003509,ORD0003509-L2170,CUST000357,PROD000170,West,mobile,2,62.76,placed,2026-02-08
ORD0003547,ORD0003547-L2088,CUST000108,PROD000088,Northeast,marketplace,2,435.14,placed,2026-02-08
ORD0003547,ORD0003547-L1107,CUST000108,PROD000107,Southeast,store,1,428.08,placed,2026-02-08
ORD0003547,ORD0003547-L2226,CUST000108,PROD000226,Northeast,store,2,453.02,placed,2026-02-08
ORD0003547,ORD0003547-L1099,CUST000108,PROD000099,Northeast,marketplace,1,343.15,placed,2026-02-08
ORD0003557,ORD0003557-L1093,CUST000184,PROD000093,Midwest,mobile,1,372.91,placed,2026-02-08
ORD0003716,ORD0003716-L3246,CUST000244,PROD000246,Midwest,store,3,279.15,placed,2026-02-08
ORD0003990,ORD0003990-L1035,CUST000247,PROD000035,Northeast,store,1,487.23,placed,2026-02-08
ORD0000002,ORD0000002-L3005,CUST000314,PROD000005,Southeast,store,3,958.08,placed,2026-02-09
ORD0000002,ORD0000002-L3237,CUST000314,PROD000237,Northeast,mobile,3,684.03,placed,2026-02-09
ORD0000002,ORD0000002-L1129,CUST000314,PROD000129,West,mobile,1,125.88,placed,2026-02-09
ORD0000108,ORD0000108-L3141,CUST000377,PROD000141,Southeast,web,3,1168.71,placed,2026-02-09
ORD0000108,ORD0000108-L2104,CUST000377,PROD000104,Southeast,marketplace,2,690.86,placed,2026-02-09
ORD0000108,ORD0000108-L3023,CUST000377,PROD000023,Northeast,mobile,3,91.53,placed,2026-02-09
ORD0000214,ORD0000214-L3106,CUST000254,PROD000106,West,store,3,430.71,placed,2026-02-09
ORD0000459,ORD0000459-L2176,CUST000402,PROD000176,Midwest,mobile,2,742.4,placed,2026-02-09
ORD0000459,ORD0000459-L1072,CUST000402,PROD000072,Northeast,marketplace,1,249.92,placed,2026-02-09
ORD0000459,ORD0000459-L1040,CUST000402,PROD000040,Northeast,mobile,1,30.85,placed,2026-02-09
ORD0000893,ORD0000893-L3205,CUST000345,PROD000205,West,web,3,902.88,placed,2026-02-09
ORD0000893,ORD0000893-L2103,CUST000345,PROD000103,Northeast,marketplace,2,550.4,placed,2026-02-09
ORD0000909,ORD0000909-L2202,CUST000245,PROD000202,Southeast,web,2,778.04,placed,2026-02-09
ORD0000909,ORD0000909-L3069,CUST000245,PROD000069,Northeast,web,3,408.48,placed,2026-02-09
ORD0000940,ORD0000940-L3035,CUST000245,PROD000035,Southeast,store,3,1461.69,placed,2026-02-09
ORD0000954,ORD0000954-L3046,CUST000108,PROD000046,Northeast,store,3,749.34,placed,2026-02-09
ORD0000954,ORD0000954-L1250,CUST000108,PROD000250,Southeast,mobile,1,371.97,placed,2026-02-09
ORD0001109,ORD0001109-L1063,CUST000126,PROD000063,Northeast,mobile,1,328.24,placed,2026-02-09
ORD0001131,ORD0001131-L1139,CUST000064,PROD000139,Midwest,mobile,1,432.65,placed,2026-02-09
ORD0001131,ORD0001131-L3123,CUST000064,PROD000123,Northeast,mobile,3,509.25,placed,2026-02-09
ORD0001131,ORD0001131-L3147,CUST000064,PROD000147,Northeast,marketplace,3,825.42,placed,2026-02-09
ORD0001131,ORD0001131-L3140,CUST000064,PROD000140,Midwest,web,3,848.37,placed,2026-02-09
ORD0001278,ORD0001278-L2172,CUST000266,PROD000172,Southeast,store,2,928.48,placed,2026-02-09
ORD0001278,ORD0001278-L2183,CUST000266,PROD000183,Northeast,marketplace,2,327.48,placed,2026-02-09
ORD0001278,ORD0001278-L2078,CUST000266,PROD000078,Midwest,web,2,46.14,placed,2026-02-09
ORD0001278,ORD0001278-L3109,CUST000266,PROD000109,Midwest,marketplace,3,800.49,placed,2026-02-09
ORD0001287,ORD0001287-L3064,CUST000213,PROD000064,West,web,3,889.5,placed,2026-02-09
ORD0001287,ORD0001287-L3057,CUST000213,PROD000057,Northeast,marketplace,3,1084.26,placed,2026-02-09
ORD0001287,ORD0001287-L2072,CUST000213,PROD000072,Midwest,store,2,499.84,placed,2026-02-09
ORD0001434,ORD0001434-L2115,CUST000021,PROD000115,Northeast,mobile,2,318.38,placed,2026-02-09
ORD0001487,ORD0001487-L3154,CUST000442,PROD000154,Midwest,store,3,951.6,placed,2026-02-09
ORD0001487,ORD0001487-L1112,CUST000442,PROD000112,Midwest,marketplace,1,261.78,placed,2026-02-09
ORD0001487,ORD0001487-L2167,CUST000442,PROD000167,West,web,2,342.02,placed,2026-02-09
ORD0001487,ORD0001487-L2111,CUST000442,PROD000111,Southeast,store,2,30.14,placed,2026-02-09
ORD0001641,ORD0001641-L3059,CUST000136,PROD000059,Northeast,marketplace,3,68.73,placed,2026-02-09
ORD0001641,ORD0001641-L2061,CUST000136,PROD000061,Midwest,store,2,638.64,placed,2026-02-09
ORD0001746,ORD0001746-L1095,CUST000078,PROD000095,West,web,1,20.4,placed,2026-02-09
ORD0001746,ORD0001746-L2066,CUST000078,PROD000066,Northeast,marketplace,2,932.86,placed,2026-02-09
ORD0001932,ORD0001932-L1112,CUST000194,PROD000112,West,marketplace,1,261.78,placed,2026-02-09
ORD0001932,ORD0001932-L3227,CUST000194,PROD000227,West,store,3,1203.54,placed,2026-02-09
ORD0002166,ORD0002166-L2106,CUST000281,PROD000106,Southeast,marketplace,2,287.14,placed,2026-02-09
ORD0002223,ORD0002223-L3214,CUST000459,PROD000214,Southeast,mobile,3,388.17,placed,2026-02-09
ORD0002223,ORD0002223-L3174,CUST000459,PROD000174,West,marketplace,3,969.84,placed,2026-02-09
ORD0002226,ORD0002226-L1066,CUST000441,PROD000066,Northeast,store,1,466.43,placed,2026-02-09
ORD0002226,ORD0002226-L3141,CUST000441,PROD000141,Northeast,marketplace,3,993.39,placed,2026-02-09
ORD0002226,ORD0002226-L3231,CUST000441,PROD000231,Southeast,web,3,217.47,placed,2026-02-09
ORD0002226,ORD0002226-L1147,CUST000441,PROD000147,West,store,1,275.14,placed,2026-02-09
ORD0002260,ORD0002260-L3143,CUST000219,PROD000143,Southeast,marketplace,3,1046.16,placed,2026-02-09
ORD0002260,ORD0002260-L2049,CUST000219,PROD000049,Midwest,store,2,288.68,placed,2026-02-09
ORD0002260,ORD0002260-L2233,CUST000219,PROD000233,Southeast,marketplace,2,772.2,placed,2026-02-09
ORD0002285,ORD0002285-L1218,CUST000042,PROD000218,West,store,1,78.42,placed,2026-02-09
ORD0002285,ORD0002285-L3116,CUST000042,PROD000116,Southeast,store,3,722.73,placed,2026-02-09
ORD0002305,ORD0002305-L3223,CUST000358,PROD000223,Southeast,mobile,3,863.94,placed,2026-02-09
ORD0002305,ORD0002305-L1169,CUST000358,PROD000169,Midwest,marketplace,1,278.58,placed,2026-02-09
ORD0002305,ORD0002305-L3095,CUST000358,PROD000095,Northeast,web,3,58.14,placed,2026-02-09
ORD0002305,ORD0002305-L1112,CUST000358,PROD000112,West,web,1,261.78,placed,2026-02-09
ORD0002353,ORD0002353-L1159,CUST000152,PROD000159,Midwest,web,1,335.11,placed,2026-02-09
ORD0002353,ORD0002353-L1174,CUST000152,PROD000174,Northeast,marketplace,1,323.28,placed,2026-02-09
ORD0002353,ORD0002353-L1246,CUST000152,PROD000246,West,marketplace,1,88.16,placed,2026-02-09
ORD0002374,ORD0002374-L2155,CUST000470,PROD000155,Northeast,mobile,2,337.68,placed,2026-02-09
ORD0002374,ORD0002374-L1071,CUST000470,PROD000071,Northeast,mobile,1,94.99,placed,2026-02-09
ORD0002374,ORD0002374-L3233,CUST000470,PROD000233,Northeast,web,3,1042.47,placed,2026-02-09
ORD0002374,ORD0002374-L1046,CUST000470,PROD000046,Northeast,marketplace,1,212.31,placed,2026-02-09
ORD0002395,ORD0002395-L2247,CUST000259,PROD000247,Northeast,store,2,723.96,placed,2026-02-09
ORD0002435,ORD0002435-L3139,CUST000292,PROD000139,Southeast,marketplace,3,1233.06,placed,2026-02-09
ORD0002435,ORD0002435-L2187,CUST000292,PROD000187,West,web,2,198.6,placed,2026-02-09
ORD0002435,ORD0002435-L1041,CUST000292,PROD000041,Southeast,store,1,17.32,placed,2026-02-09
ORD0002435,ORD0002435-L2095,CUST000292,PROD000095,Northeast,mobile,2,40.8,placed,2026-02-09
ORD0002438,ORD0002438-L3088,CUST000309,PROD000088,Northeast,marketplace,3,652.71,placed,2026-02-09
ORD0002438,ORD0002438-L2125,CUST000309,PROD000125,Northeast,mobile,2,391.08,placed,2026-02-09
ORD0002457,ORD0002457-L2087,CUST000065,PROD000087,West,marketplace,2,352.24,placed,2026-02-09
ORD0002457,ORD0002457-L1151,CUST000065,PROD000151,Southeast,web,1,353.2,placed,2026-02-09
ORD0002526,ORD0002526-L3084,CUST000180,PROD000084,Midwest,store,3,305.61,placed,2026-02-09
ORD0002526,ORD0002526-L2155,CUST000180,PROD000155,West,mobile,2,337.68,placed,2026-02-09
ORD0002526,ORD0002526-L3198,CUST000180,PROD000198,Midwest,marketplace,3,1235.49,placed,2026-02-09
ORD0002526,ORD0002526-L2184,CUST000180,PROD000184,Southeast,mobile,2,673.54,placed,2026-02-09
ORD0002574,ORD0002574-L3065,CUST000489,PROD000065,West,web,3,198.45,placed,2026-02-09
ORD0002574,ORD0002574-L3015,CUST000489,PROD000015,West,store,3,894.42,placed,2026-02-09
ORD0002574,ORD0002574-L3172,CUST000489,PROD000172,Midwest,web,3,1323.09,placed,2026-02-09
ORD0002574,ORD0002574-L2007,CUST000489,PROD000007,Southeast,marketplace,2,729.88,placed,2026-02-09
ORD0002639,ORD0002639-L2229,CUST000441,PROD000229,Northeast,marketplace,2,115.04,placed,2026-02-09
ORD0002639,ORD0002639-L2130,CUST000441,PROD000130,Midwest,marketplace,2,827.72,placed,2026-02-09
ORD0002814,ORD0002814-L1165,CUST000276,PROD000165,Southeast,store,1,440.41,placed,2026-02-09
ORD0002939,ORD0002939-L3227,CUST000310,PROD000227,Midwest,mobile,3,1143.36,placed,2026-02-09
ORD0003029,ORD0003029-L2075,CUST000416,PROD000075,Midwest,marketplace,2,593.7,placed,2026-02-09
ORD0003032,ORD0003032-L3220,CUST000390,PROD000220,Northeast,web,3,1333.32,placed,2026-02-09
ORD0003117,ORD0003117-L2104,CUST000398,PROD000104,West,mobile,2,656.32,placed,2026-02-09
ORD0003117,ORD0003117-L1077,CUST000398,PROD000077,Southeast,mobile,1,123.7,placed,2026-02-09
ORD0003117,ORD0003117-L1102,CUST000398,PROD000102,Southeast,web,1,104.58,placed,2026-02-09
ORD0003117,ORD0003117-L3037,CUST000398,PROD000037,Southeast,marketplace,3,1112.43,placed,2026-02-09
ORD0003138,ORD0003138-L3088,CUST000402,PROD000088,West,marketplace,3,618.36,placed,2026-02-09
ORD0003247,ORD0003247-L3143,CUST000496,PROD000143,West,web,3,993.84,placed,2026-02-09
ORD0003247,ORD0003247-L1176,CUST000496,PROD000176,Northeast,web,1,371.2,placed,2026-02-09
ORD0003247,ORD0003247-L3216,CUST000496,PROD000216,Midwest,mobile,3,149.1,placed,2026-02-09
ORD0003247,ORD0003247-L3089,CUST000496,PROD000089,Midwest,mobile,3,99.96,placed,2026-02-09
ORD0003482,ORD0003482-L3101,CUST000112,PROD000101,West,marketplace,3,1169.37,placed,2026-02-09
ORD0003482,ORD0003482-L3158,CUST000112,PROD000158,Northeast,mobile,3,294.42,placed,2026-02-09
ORD0003569,ORD0003569-L2166,CUST000261,PROD000166,Northeast,store,2,494.8,placed,2026-02-09
ORD0003620,ORD0003620-L2243,CUST000305,PROD000243,Midwest,web,2,407.08,placed,2026-02-09
ORD0003620,ORD0003620-L3053,CUST000305,PROD000053,Northeast,mobile,3,679.95,placed,2026-02-09
ORD0003620,ORD0003620-L2150,CUST000305,PROD000150,Northeast,mobile,2,936.48,placed,2026-02-09
ORD0003620,ORD0003620-L1194,CUST000305,PROD000194,Southeast,marketplace,1,204.84,placed,2026-02-09
ORD0003626,ORD0003626-L1167,CUST000205,PROD000167,West,mobile,1,145.36,placed,2026-02-09
ORD0003626,ORD0003626-L2067,CUST000205,PROD000067,West,marketplace,2,286.22,placed,2026-02-09
ORD0003671,ORD0003671-L2199,CUST000221,PROD000199,Midwest,marketplace,2,72.48,placed,2026-02-09
ORD0003671,ORD0003671-L3098,CUST000221,PROD000098,Northeast,web,3,1246.17,placed,2026-02-09
ORD0003853,ORD0003853-L3046,CUST000028,PROD000046,Southeast,marketplace,3,749.34,placed,2026-02-09
ORD0003974,ORD0003974-L2143,CUST000465,PROD000143,Southeast,marketplace,2,697.44,placed,2026-02-09
ORD0003974,ORD0003974-L3241,CUST000465,PROD000241,Northeast,mobile,3,206.85,placed,2026-02-09
ORD0003974,ORD0003974-L3218,CUST000465,PROD000218,Midwest,store,3,235.26,placed,2026-02-09
ORD0000048,ORD0000048-L2233,CUST000428,PROD000233,Northeast,mobile,2,733.6,placed,2026-02-10
ORD0000048,ORD0000048-L1243,CUST000428,PROD000243,West,marketplace,1,214.25,placed,2026-02-10
ORD0000048,ORD0000048-L3118,CUST000428,PROD000118,West,mobile,3,910.47,placed,2026-02-10
ORD0000070,ORD0000070-L2178,CUST000030,PROD000178,West,store,2,451.16,placed,2026-02-10
ORD0000070,ORD0000070-L1183,CUST000030,PROD000183,Southeast,mobile,1,192.63,placed,2026-02-10
ORD0000070,ORD0000070-L2097,CUST000030,PROD000097,Southeast,mobile,2,714.18,placed,2026-02-10
ORD0000154,ORD0000154-L2099,CUST000115,PROD000099,West,marketplace,2,762.56,placed,2026-02-10
ORD0000154,ORD0000154-L2024,CUST000115,PROD000024,West,web,2,470.3,placed,2026-02-10
ORD0000154,ORD0000154-L1001,CUST000115,PROD000001,West,web,1,423.18,placed,2026-02-10
ORD0000154,ORD0000154-L2075,CUST000115,PROD000075,Midwest,store,2,564.02,placed,2026-02-10
ORD0000159,ORD0000159-L1053,CUST000381,PROD000053,Midwest,store,1,215.32,placed,2026-02-10
ORD0000159,ORD0000159-L2192,CUST000381,PROD000192,Southeast,store,2,959.18,placed,2026-02-10
ORD0000159,ORD0000159-L1109,CUST000381,PROD000109,Midwest,store,1,280.87,placed,2026-02-10
ORD0000245,ORD0000245-L1120,CUST000365,PROD000120,Northeast,marketplace,1,76.34,placed,2026-02-10
ORD0000245,ORD0000245-L3112,CUST000365,PROD000112,West,web,3,667.53,placed,2026-02-10
ORD0000245,ORD0000245-L2072,CUST000365,PROD000072,Southeast,marketplace,2,499.84,placed,2026-02-10
ORD0000404,ORD0000404-L3203,CUST000157,PROD000203,West,marketplace,3,1060.89,placed,2026-02-10
ORD0000565,ORD0000565-L1124,CUST000408,PROD000124,Northeast,store,1,163.22,placed,2026-02-10
ORD0000565,ORD0000565-L1108,CUST000408,PROD000108,Northeast,mobile,1,288.12,placed,2026-02-10
ORD0000587,ORD0000587-L2032,CUST000142,PROD000032,Southeast,mobile,2,448.92,placed,2026-02-10
ORD0000587,ORD0000587-L3024,CUST000142,PROD000024,Southeast,web,3,634.92,placed,2026-02-10
ORD0000587,ORD0000587-L1188,CUST000142,PROD000188,Northeast,store,1,33.48,placed,2026-02-10
ORD0000636,ORD0000636-L1184,CUST000106,PROD000184,Midwest,mobile,1,303.09,placed,2026-02-10
ORD0000776,ORD0000776-L2200,CUST000345,PROD000200,Northeast,marketplace,2,680.84,placed,2026-02-10
ORD0000776,ORD0000776-L2183,CUST000345,PROD000183,West,store,2,366.0,placed,2026-02-10
ORD0000823,ORD0000823-L1055,CUST000436,PROD000055,Northeast,store,1,312.68,placed,2026-02-10
ORD0000823,ORD0000823-L3231,CUST000436,PROD000231,Midwest,store,3,206.04,placed,2026-02-10
ORD0000823,ORD0000823-L1174,CUST000436,PROD000174,Northeast,web,1,290.95,placed,2026-02-10
ORD0000823,ORD0000823-L2065,CUST000436,PROD000065,West,marketplace,2,119.08,placed,2026-02-10
ORD0001035,ORD0001035-L1122,CUST000099,PROD000122,Midwest,store,1,170.25,placed,2026-02-10
ORD0001035,ORD0001035-L2160,CUST000099,PROD000160,Southeast,store,2,130.32,placed,2026-02-10
ORD0001035,ORD0001035-L1174,CUST000099,PROD000174,Midwest,store,1,323.28,placed,2026-02-10
ORD0001035,ORD0001035-L2123,CUST000099,PROD000123,Midwest,store,2,322.52,placed,2026-02-10
ORD0001043,ORD0001043-L2091,CUST000369,PROD000091,Northeast,mobile,2,360.32,placed,2026-02-10
ORD0001043,ORD0001043-L1182,CUST000369,PROD000182,Southeast,store,1,245.52,placed,2026-02-10
ORD0001043,ORD0001043-L2037,CUST000369,PROD000037,West,mobile,2,828.88,placed,2026-02-10
ORD0001043,ORD0001043-L1138,CUST000369,PROD000138,West,marketplace,1,292.49,placed,2026-02-10
ORD0001525,ORD0001525-L2067,CUST000360,PROD000067,Midwest,web,2,336.72,placed,2026-02-10
ORD0001525,ORD0001525-L2070,CUST000360,PROD000070,Midwest,marketplace,2,476.16,placed,2026-02-10
ORD0001525,ORD0001525-L2144,CUST000360,PROD000144,Southeast,web,2,736.26,placed,2026-02-10
ORD0001525,ORD0001525-L2210,CUST000360,PROD000210,Southeast,mobile,2,795.58,placed,2026-02-10
ORD0001566,ORD0001566-L3062,CUST000468,PROD000062,Northeast,marketplace,3,682.92,placed,2026-02-10
ORD0001725,ORD0001725-L3235,CUST000416,PROD000235,Midwest,web,3,193.62,placed,2026-02-10
ORD0001812,ORD0001812-L1230,CUST000423,PROD000230,Northeast,mobile,1,289.56,placed,2026-02-10
ORD0001835,ORD0001835-L2136,CUST000115,PROD000136,Southeast,mobile,2,235.96,placed,2026-02-10
ORD0001901,ORD0001901-L3018,CUST000490,PROD000018,West,store,3,849.0,placed,2026-02-10
ORD0001902,ORD0001902-L3215,CUST000205,PROD000215,Midwest,marketplace,3,705.45,placed,2026-02-10
ORD0001902,ORD0001902-L1168,CUST000205,PROD000168,Northeast,web,1,305.26,placed,2026-02-10
ORD0001902,ORD0001902-L1082,CUST000205,PROD000082,Midwest,store,1,330.46,placed,2026-02-10
ORD0002022,ORD0002022-L3147,CUST000450,PROD000147,West,web,3,784.14,placed,2026-02-10
ORD0002022,ORD0002022-L2118,CUST000450,PROD000118,West,marketplace,2,546.28,placed,2026-02-10
ORD0002022,ORD0002022-L2039,CUST000450,PROD000039,Southeast,mobile,2,813.8,placed,2026-02-10
ORD0002196,ORD0002196-L3160,CUST000175,PROD000160,West,store,3,217.2,placed,2026-02-10
ORD0002196,ORD0002196-L1161,CUST000175,PROD000161,Northeast,store,1,221.59,placed,2026-02-10
ORD0002210,ORD0002210-L2197,CUST000245,PROD000197,Midwest,store,2,771.2,placed,2026-02-10
ORD0002210,ORD0002210-L2055,CUST000245,PROD000055,Northeast,marketplace,2,625.36,placed,2026-02-10
ORD0002210,ORD0002210-L3133,CUST000245,PROD000133,Southeast,web,3,330.87,placed,2026-02-10
ORD0002210,ORD0002210-L1165,CUST000245,PROD000165,West,web,1,440.41,placed,2026-02-10
ORD0002213,ORD0002213-L1080,CUST000261,PROD000080,West,marketplace,1,232.53,placed,2026-02-10
ORD0002213,ORD0002213-L2243,CUST000261,PROD000243,Northeast,web,2,428.5,placed,2026-02-10
ORD0002213,ORD0002213-L3115,CUST000261,PROD000115,Midwest,mobile,3,477.57,placed,2026-02-10
ORD0002251,ORD0002251-L2203,CUST000132,PROD000203,West,store,2,707.26,placed,2026-02-10
ORD0002251,ORD0002251-L1029,CUST000132,PROD000029,West,store,1,426.62,placed,2026-02-10
ORD0002251,ORD0002251-L2066,CUST000132,PROD000066,Northeast,mobile,2,932.86,placed,2026-02-10
ORD0002414,ORD0002414-L1122,CUST000418,PROD000122,Midwest,marketplace,1,179.71,placed,2026-02-10
ORD0002414,ORD0002414-L3170,CUST000418,PROD000170,Northeast,mobile,3,94.14,placed,2026-02-10
ORD0002687,ORD0002687-L2244,CUST000454,PROD000244,West,marketplace,2,779.5,placed,2026-02-10
ORD0002687,ORD0002687-L3073,CUST000454,PROD000073,Northeast,marketplace,3,759.72,placed,2026-02-10
ORD0002687,ORD0002687-L3045,CUST000454,PROD000045,Midwest,mobile,3,1194.45,placed,2026-02-10
ORD0002687,ORD0002687-L1029,CUST000454,PROD000029,Midwest,marketplace,1,426.62,placed,2026-02-10
ORD0002738,ORD0002738-L1234,CUST000318,PROD000234,West,marketplace,1,469.07,placed,2026-02-10
ORD0002738,ORD0002738-L3122,CUST000318,PROD000122,Southeast,web,3,539.13,placed,2026-02-10
ORD0002812,ORD0002812-L1182,CUST000278,PROD000182,West,web,1,272.8,placed,2026-02-10
ORD0002812,ORD0002812-L2110,CUST000278,PROD000110,Southeast,web,2,452.62,placed,2026-02-10
ORD0002812,ORD0002812-L3050,CUST000278,PROD000050,Southeast,marketplace,3,1088.73,placed,2026-02-10
ORD0002812,ORD0002812-L2037,CUST000278,PROD000037,West,mobile,2,785.24,placed,2026-02-10
ORD0002956,ORD0002956-L1118,CUST000243,PROD000118,Northeast,web,1,273.14,placed,2026-02-10
ORD0002956,ORD0002956-L1223,CUST000243,PROD000223,West,store,1,287.98,placed,2026-02-10
ORD0002968,ORD0002968-L3130,CUST000417,PROD000130,Midwest,marketplace,3,1306.92,placed,2026-02-10
ORD0002968,ORD0002968-L2048,CUST000417,PROD000048,West,marketplace,2,689.76,placed,2026-02-10
ORD0002968,ORD0002968-L3152,CUST000417,PROD000152,Southeast,marketplace,3,1041.78,placed,2026-02-10
ORD0002968,ORD0002968-L1146,CUST000417,PROD000146,West,mobile,1,342.76,placed,2026-02-10
ORD0002998,ORD0002998-L3211,CUST000156,PROD000211,West,mobile,3,819.72,placed,2026-02-10
ORD0003082,ORD0003082-L3149,CUST000218,PROD000149,Southeast,marketplace,3,958.23,placed,2026-02-10
ORD0003082,ORD0003082-L3141,CUST000218,PROD000141,Northeast,marketplace,3,1110.27,placed,2026-02-10
ORD0003090,ORD0003090-L3195,CUST000375,PROD000195,West,web,3,491.07,placed,2026-02-10
ORD0003090,ORD0003090-L3050,CUST000375,PROD000050,Southeast,mobile,3,1088.73,placed,2026-02-10
ORD0003090,ORD0003090-L3210,CUST000375,PROD000210,Midwest,store,3,1127.07,placed,2026-02-10
ORD0003090,ORD0003090-L1162,CUST000375,PROD000162,Midwest,marketplace,1,319.57,placed,2026-02-10
ORD0003340,ORD0003340-L2183,CUST000446,PROD000183,West,marketplace,2,385.26,placed,2026-02-10
ORD0003340,ORD0003340-L3150,CUST000446,PROD000150,Northeast,marketplace,3,1334.49,placed,2026-02-10
ORD0003722,ORD0003722-L2200,CUST000141,PROD000200,West,mobile,2,716.68,placed,2026-02-10
ORD0003722,ORD0003722-L3127,CUST000141,PROD000127,Southeast,store,3,291.6,placed,2026-02-10
ORD0003722,ORD0003722-L3130,CUST000141,PROD000130,Northeast,store,3,1241.58,placed,2026-02-10
ORD0003791,ORD0003791-L1212,CUST000487,PROD000212,Midwest,web,1,204.78,placed,2026-02-10
ORD0003791,ORD0003791-L2073,CUST000487,PROD000073,West,store,2,562.76,placed,2026-02-10
ORD0003791,ORD0003791-L2231,CUST000487,PROD000231,Northeast,marketplace,2,137.36,placed,2026-02-10
ORD0003852,ORD0003852-L3232,CUST000273,PROD000232,Southeast,store,3,355.95,placed,2026-02-10
ORD0003852,ORD0003852-L2238,CUST000273,PROD000238,Southeast,store,2,170.18,placed,2026-02-10
ORD0003852,ORD0003852-L2165,CUST000273,PROD000165,West,mobile,2,880.82,placed,2026-02-10
ORD0003852,ORD0003852-L1047,CUST000273,PROD000047,Southeast,web,1,139.45,placed,2026-02-10
ORD0003896,ORD0003896-L3044,CUST000201,PROD000044,Northeast,mobile,3,965.55,placed,2026-02-10
ORD0003916,ORD0003916-L3218,CUST000028,PROD000218,Midwest,mobile,3,223.5,placed,2026-02-10
ORD0003951,ORD0003951-L2236,CUST000500,PROD000236,Southeast,mobile,2,227.06,placed,2026-02-10
ORD0003951,ORD0003951-L2219,CUST000500,PROD000219,Northeast,store,2,848.12,placed,2026-02-10
ORD0003951,ORD0003951-L2025,CUST000500,PROD000025,Southeast,mobile,2,715.14,placed,2026-02-10
ORD0003995,ORD0003995-L3154,CUST000021,PROD000154,Southeast,web,3,901.5,placed,2026-02-10
ORD0003995,ORD0003995-L3006,CUST000021,PROD000006,Southeast,marketplace,3,361.11,placed,2026-02-10
ORD0003995,ORD0003995-L2042,CUST000021,PROD000042,Southeast,marketplace,2,247.56,placed,2026-02-10
ORD0003995,ORD0003995-L1169,CUST000021,PROD000169,Southeast,web,1,327.74,placed,2026-02-10
ORD0000106,ORD0000106-L1045,CUST000012,PROD000045,Midwest,store,1,377.2,placed,2026-02-11
ORD0000106,ORD0000106-L1239,CUST000012,PROD000239,West,marketplace,1,347.76,placed,2026-02-11
ORD0000106,ORD0000106-L3166,CUST000012,PROD000166,West,web,3,742.2,placed,2026-02-11
ORD0000122,ORD0000122-L2237,CUST000359,PROD000237,West,store,2,387.62,placed,2026-02-11
ORD0000122,ORD0000122-L2082,CUST000359,PROD000082,Northeast,mobile,2,734.36,placed,2026-02-11
ORD0000122,ORD0000122-L1085,CUST000359,PROD000085,Southeast,mobile,1,417.74,placed,2026-02-11
ORD0000122,ORD0000122-L3091,CUST000359,PROD000091,Northeast,mobile,3,568.92,placed,2026-02-11
ORD0000124,ORD0000124-L1209,CUST000345,PROD000209,West,web,1,142.24,placed,2026-02-11
ORD0000124,ORD0000124-L1195,CUST000345,PROD000195,Midwest,marketplace,1,173.32,placed,2026-02-11
ORD0000124,ORD0000124-L3027,CUST000345,PROD000027,Northeast,mobile,3,979.71,placed,2026-02-11
ORD0000176,ORD0000176-L1102,CUST000255,PROD000102,Midwest,web,1,116.2,placed,2026-02-11
ORD0000186,ORD0000186-L2137,CUST000500,PROD000137,Southeast,store,2,959.78,placed,2026-02-11
ORD0000299,ORD0000299-L2093,CUST000209,PROD000093,Northeast,web,2,787.24,placed,2026-02-11
ORD0000299,ORD0000299-L1058,CUST000209,PROD000058,Southeast,web,1,293.15,placed,2026-02-11
ORD0000465,ORD0000465-L3010,CUST000338,PROD000010,Midwest,web,3,352.11,placed,2026-02-11
ORD0000465,ORD0000465-L1196,CUST000338,PROD000196,Southeast,marketplace,1,380.2,placed,2026-02-11
ORD0000465,ORD0000465-L1245,CUST000338,PROD000245,Midwest,store,1,70.36,placed,2026-02-11
ORD0000465,ORD0000465-L2076,CUST000338,PROD000076,Midwest,web,2,135.66,placed,2026-02-11
ORD0000471,ORD0000471-L2044,CUST000100,PROD000044,Northeast,web,2,757.3,placed,2026-02-11
ORD0000471,ORD0000471-L1232,CUST000100,PROD000232,West,store,1,131.83,placed,2026-02-11
ORD0000548,ORD0000548-L2210,CUST000195,PROD000210,Southeast,mobile,2,839.78,placed,2026-02-11
ORD0000548,ORD0000548-L2165,CUST000195,PROD000165,Midwest,mobile,2,880.82,placed,2026-02-11
ORD0000548,ORD0000548-L3172,CUST000195,PROD000172,Southeast,marketplace,3,1392.72,placed,2026-02-11
ORD0000548,ORD0000548-L1229,CUST000195,PROD000229,Northeast,marketplace,1,60.55,placed,2026-02-11
ORD0000607,ORD0000607-L1036,CUST000489,PROD000036,West,mobile,1,374.66,placed,2026-02-11
ORD0000607,ORD0000607-L3142,CUST000489,PROD000142,Northeast,mobile,3,297.93,placed,2026-02-11
ORD0000752,ORD0000752-L1158,CUST000192,PROD000158,Southeast,web,1,88.33,placed,2026-02-11
ORD0000813,ORD0000813-L2106,CUST000046,PROD000106,West,mobile,2,272.78,placed,2026-02-11
ORD0000813,ORD0000813-L3114,CUST000046,PROD000114,Northeast,store,3,1255.11,placed,2026-02-11
ORD0000813,ORD0000813-L3242,CUST000046,PROD000242,Southeast,mobile,3,986.67,placed,2026-02-11
ORD0000813,ORD0000813-L3049,CUST000046,PROD000049,Northeast,store,3,455.82,placed,2026-02-11
ORD0000835,ORD0000835-L2221,CUST000059,PROD000221,Northeast,marketplace,2,430.68,placed,2026-02-11
ORD0000835,ORD0000835-L2217,CUST000059,PROD000217,Northeast,web,2,276.94,placed,2026-02-11
ORD0000835,ORD0000835-L1044,CUST000059,PROD000044,Southeast,marketplace,1,378.65,placed,2026-02-11
ORD0000866,ORD0000866-L2199,CUST000077,PROD000199,Southeast,mobile,2,72.48,placed,2026-02-11
ORD0000866,ORD0000866-L1211,CUST000077,PROD000211,Midwest,store,1,258.86,placed,2026-02-11
ORD0000898,ORD0000898-L3184,CUST000492,PROD000184,Northeast,web,3,1010.31,placed,2026-02-11
ORD0000898,ORD0000898-L1019,CUST000492,PROD000019,West,web,1,284.53,placed,2026-02-11
ORD0001166,ORD0001166-L1249,CUST000008,PROD000249,Northeast,store,1,122.1,placed,2026-02-11
ORD0001166,ORD0001166-L3208,CUST000008,PROD000208,Northeast,marketplace,3,273.36,placed,2026-02-11
ORD0001166,ORD0001166-L2229,CUST000008,PROD000229,West,mobile,2,108.98,placed,2026-02-11
ORD0001166,ORD0001166-L3107,CUST000008,PROD000107,Southeast,store,3,1091.61,placed,2026-02-11
ORD0001305,ORD0001305-L1196,CUST000417,PROD000196,Northeast,web,1,380.2,placed,2026-02-11
ORD0001708,ORD0001708-L1035,CUST000174,PROD000035,Southeast,web,1,462.87,placed,2026-02-11
ORD0001708,ORD0001708-L2110,CUST000174,PROD000110,Southeast,store,2,407.36,placed,2026-02-11
ORD0002088,ORD0002088-L3101,CUST000201,PROD000101,Northeast,web,3,1107.84,placed,2026-02-11
ORD0002088,ORD0002088-L2116,CUST000201,PROD000116,Midwest,store,2,433.64,placed,2026-02-11
ORD0002088,ORD0002088-L3205,CUST000201,PROD000205,West,store,3,812.58,placed,2026-02-11
ORD0002088,ORD0002088-L2033,CUST000201,PROD000033,Midwest,mobile,2,698.58,placed,2026-02-11
ORD0002155,ORD0002155-L3207,CUST000364,PROD000207,West,marketplace,3,40.41,placed,2026-02-11
ORD0002155,ORD0002155-L2048,CUST000364,PROD000048,Midwest,mobile,2,620.78,placed,2026-02-11
ORD0002155,ORD0002155-L3047,CUST000364,PROD000047,West,mobile,3,397.44,placed,2026-02-11
ORD0002303,ORD0002303-L1021,CUST000409,PROD000021,West,marketplace,1,24.92,placed,2026-02-11
ORD0002303,ORD0002303-L3176,CUST000409,PROD000176,West,store,3,1057.92,placed,2026-02-11
ORD0002303,ORD0002303-L3038,CUST000409,PROD000038,Northeast,marketplace,3,111.57,placed,2026-02-11
ORD0002303,ORD0002303-L2133,CUST000409,PROD000133,Southeast,web,2,232.18,placed,2026-02-11
ORD0002602,ORD0002602-L1043,CUST000126,PROD000043,Southeast,marketplace,1,143.72,placed,2026-02-11
ORD0002602,ORD0002602-L2202,CUST000126,PROD000202,Midwest,store,2,739.14,placed,2026-02-11
ORD0002602,ORD0002602-L2042,CUST000126,PROD000042,West,store,2,247.56,placed,2026-02-11
ORD0002602,ORD0002602-L2065,CUST000126,PROD000065,Northeast,marketplace,2,119.08,placed,2026-02-11
ORD0002631,ORD0002631-L1143,CUST000400,PROD000143,Southeast,mobile,1,331.28,placed,2026-02-11
ORD0002648,ORD0002648-L2227,CUST000090,PROD000227,Midwest,web,2,762.24,placed,2026-02-11
ORD0002648,ORD0002648-L1160,CUST000090,PROD000160,Midwest,marketplace,1,68.78,placed,2026-02-11
ORD0002648,ORD0002648-L3087,CUST000090,PROD000087,Midwest,marketplace,3,472.74,placed,2026-02-11
ORD0002648,ORD0002648-L2112,CUST000090,PROD000112,Northeast,web,2,471.2,placed,2026-02-11
ORD0002853,ORD0002853-L1066,CUST000132,PROD000066,West,store,1,443.11,placed,2026-02-11
ORD0002948,ORD0002948-L3137,CUST000395,PROD000137,Southeast,mobile,3,1367.7,placed,2026-02-11
ORD0002948,ORD0002948-L2233,CUST000395,PROD000233,West,web,2,694.98,placed,2026-02-11
ORD0003196,ORD0003196-L3218,CUST000393,PROD000218,Southeast,web,3,223.5,placed,2026-02-11
ORD0003231,ORD0003231-L1030,CUST000463,PROD000030,Northeast,web,1,71.09,placed,2026-02-11
ORD0003273,ORD0003273-L3169,CUST000396,PROD000169,Northeast,web,3,884.91,placed,2026-02-11
ORD0003273,ORD0003273-L3195,CUST000396,PROD000195,Northeast,marketplace,3,577.74,placed,2026-02-11
ORD0003273,ORD0003273-L1145,CUST000396,PROD000145,Southeast,marketplace,1,107.09,placed,2026-02-11
ORD0003273,ORD0003273-L1215,CUST000396,PROD000215,West,store,1,235.15,placed,2026-02-11
ORD0003355,ORD0003355-L2123,CUST000280,PROD000123,Northeast,web,2,288.58,placed,2026-02-11
ORD0003355,ORD0003355-L3128,CUST000280,PROD000128,Midwest,store,3,97.59,placed,2026-02-11
ORD0003640,ORD0003640-L1068,CUST000373,PROD000068,Northeast,mobile,1,143.35,placed,2026-02-11
ORD0003640,ORD0003640-L2008,CUST000373,PROD000008,Northeast,marketplace,2,457.72,placed,2026-02-11
ORD0003700,ORD0003700-L2015,CUST000297,PROD000015,Northeast,mobile,2,596.28,placed,2026-02-11
ORD0003700,ORD0003700-L2073,CUST000297,PROD000073,Northeast,store,2,562.76,placed,2026-02-11
ORD0003700,ORD0003700-L1249,CUST000297,PROD000249,Southeast,marketplace,1,109.89,placed,2026-02-11
ORD0003700,ORD0003700-L1119,CUST000297,PROD000119,West,web,1,349.15,placed,2026-02-11
ORD0000046,ORD0000046-L3218,CUST000196,PROD000218,Northeast,mobile,3,235.26,placed,2026-02-12
ORD0000046,ORD0000046-L2025,CUST000196,PROD000025,Southeast,store,2,752.78,placed,2026-02-12
ORD0000046,ORD0000046-L2050,CUST000196,PROD000050,West,web,2,653.24,placed,2026-02-12
ORD0000062,ORD0000062-L1138,CUST000432,PROD000138,Midwest,mobile,1,292.49,placed,2026-02-12
ORD0000062,ORD0000062-L1069,CUST000432,PROD000069,Northeast,marketplace,1,122.54,placed,2026-02-12
ORD0000062,ORD0000062-L1078,CUST000432,PROD000078,Midwest,mobile,1,23.07,placed,2026-02-12
ORD0000168,ORD0000168-L1236,CUST000444,PROD000236,West,mobile,1,113.53,placed,2026-02-12
ORD0000168,ORD0000168-L3167,CUST000444,PROD000167,Northeast,mobile,3,436.08,placed,2026-02-12
ORD0000286,ORD0000286-L2052,CUST000014,PROD000052,Southeast,store,2,378.56,placed,2026-02-12
ORD0000286,ORD0000286-L2132,CUST000014,PROD000132,Northeast,web,2,725.96,placed,2026-02-12
ORD0000286,ORD0000286-L2138,CUST000014,PROD000138,West,store,2,649.98,placed,2026-02-12
ORD0000563,ORD0000563-L1124,CUST000472,PROD000124,Midwest,marketplace,1,172.29,placed,2026-02-12
ORD0000563,ORD0000563-L3133,CUST000472,PROD000133,West,web,3,348.27,placed,2026-02-12
ORD0000563,ORD0000563-L2123,CUST000472,PROD000123,West,mobile,2,339.5,placed,2026-02-12
ORD0000563,ORD0000563-L1160,CUST000472,PROD000160,Southeast,web,1,65.16,placed,2026-02-12
ORD0000806,ORD0000806-L1132,CUST000128,PROD000132,Southeast,web,1,382.08,placed,2026-02-12
ORD0000806,ORD0000806-L2045,CUST000128,PROD000045,West,mobile,2,796.3,placed,2026-02-12
ORD0000806,ORD0000806-L2227,CUST000128,PROD000227,Southeast,marketplace,2,762.24,placed,2026-02-12
ORD0000851,ORD0000851-L1054,CUST000148,PROD000054,Northeast,mobile,1,237.73,placed,2026-02-12
ORD0000851,ORD0000851-L2045,CUST000148,PROD000045,West,web,2,838.22,placed,2026-02-12
ORD0000851,ORD0000851-L2191,CUST000148,PROD000191,Northeast,store,2,679.72,placed,2026-02-12
ORD0000851,ORD0000851-L2131,CUST000148,PROD000131,West,marketplace,2,297.06,placed,2026-02-12
ORD0000855,ORD0000855-L1079,CUST000418,PROD000079,Northeast,web,1,347.1,placed,2026-02-12
ORD0000855,ORD0000855-L1118,CUST000418,PROD000118,West,mobile,1,273.14,placed,2026-02-12
ORD0000855,ORD0000855-L3180,CUST000418,PROD000180,Midwest,mobile,3,1060.62,placed,2026-02-12
ORD0000855,ORD0000855-L1109,CUST000418,PROD000109,West,marketplace,1,252.78,placed,2026-02-12
ORD0000860,ORD0000860-L3058,CUST000470,PROD000058,Northeast,mobile,3,925.74,placed,2026-02-12
ORD0000931,ORD0000931-L1070,CUST000439,PROD000070,Midwest,mobile,1,251.3,placed,2026-02-12
ORD0000931,ORD0000931-L1145,CUST000439,PROD000145,Midwest,mobile,1,107.09,placed,2026-02-12
ORD0000931,ORD0000931-L3095,CUST000439,PROD000095,Midwest,web,3,58.14,placed,2026-02-12
ORD0001053,ORD0001053-L3235,CUST000146,PROD000235,West,store,3,203.82,placed,2026-02-12
ORD0001053,ORD0001053-L1227,CUST000146,PROD000227,Northeast,mobile,1,361.06,placed,2026-02-12
ORD0001065,ORD0001065-L2205,CUST000140,PROD000205,West,web,2,571.82,placed,2026-02-12
ORD0001065,ORD0001065-L2168,CUST000140,PROD000168,Southeast,store,2,642.66,placed,2026-02-12
ORD0001103,ORD0001103-L3214,CUST000339,PROD000214,West,store,3,349.35,placed,2026-02-12
ORD0001170,ORD0001170-L2184,CUST000304,PROD000184,West,store,2,639.86,placed,2026-02-12
ORD0001181,ORD0001181-L1062,CUST000022,PROD000062,Northeast,store,1,227.64,placed,2026-02-12
ORD0001181,ORD0001181-L1053,CUST000022,PROD000053,Southeast,web,1,203.99,placed,2026-02-12
ORD0001181,ORD0001181-L1238,CUST000022,PROD000238,West,store,1,89.82,placed,2026-02-12
ORD0001181,ORD0001181-L3172,CUST000022,PROD000172,West,mobile,3,1253.46,placed,2026-02-12
ORD0001183,ORD0001183-L1008,CUST000001,PROD000008,Midwest,web,1,254.29,placed,2026-02-12
ORD0001183,ORD0001183-L2167,CUST000001,PROD000167,Midwest,mobile,2,290.72,placed,2026-02-12
ORD0001183,ORD0001183-L2203,CUST000001,PROD000203,West,marketplace,2,707.26,placed,2026-02-12
ORD0001183,ORD0001183-L2176,CUST000001,PROD000176,West,store,2,742.4,placed,2026-02-12
ORD0001221,ORD0001221-L2204,CUST000074,PROD000204,Southeast,store,2,810.94,placed,2026-02-12
ORD0001221,ORD0001221-L2144,CUST000074,PROD000144,Southeast,store,2,699.44,placed,2026-02-12
ORD0001221,ORD0001221-L3049,CUST000074,PROD000049,Northeast,mobile,3,455.82,placed,2026-02-12
ORD0001221,ORD0001221-L1226,CUST000074,PROD000226,Northeast,marketplace,1,226.51,placed,2026-02-12
ORD0001253,ORD0001253-L2079,CUST000468,PROD000079,Northeast,marketplace,2,771.34,placed,2026-02-12
ORD0001472,ORD0001472-L1067,CUST000120,PROD000067,Northeast,marketplace,1,151.52,placed,2026-02-12
ORD0001472,ORD0001472-L3074,CUST000120,PROD000074,Northeast,marketplace,3,845.25,placed,2026-02-12
ORD0001631,ORD0001631-L1165,CUST000055,PROD000165,West,web,1,396.37,placed,2026-02-12
ORD0001631,ORD0001631-L2065,CUST000055,PROD000065,West,web,2,112.46,placed,2026-02-12
ORD0001631,ORD0001631-L1229,CUST000055,PROD000229,Southeast,marketplace,1,60.55,placed,2026-02-12
ORD0001631,ORD0001631-L1183,CUST000055,PROD000183,Northeast,store,1,183.0,placed,2026-02-12
ORD0001765,ORD0001765-L1022,CUST000401,PROD000022,Southeast,web,1,57.37,placed,2026-02-12
ORD0001858,ORD0001858-L3101,CUST000114,PROD000101,Northeast,mobile,3,1169.37,placed,2026-02-12
ORD0001858,ORD0001858-L2219,CUST000114,PROD000219,Northeast,store,2,895.24,placed,2026-02-12
ORD0001858,ORD0001858-L1157,CUST000114,PROD000157,West,mobile,1,261.95,placed,2026-02-12
ORD0001858,ORD0001858-L2032,CUST000114,PROD000032,Southeast,store,2,448.92,placed,2026-02-12
ORD0001939,ORD0001939-L2088,CUST000129,PROD000088,Midwest,marketplace,2,435.14,placed,2026-02-12
ORD0001939,ORD0001939-L3139,CUST000129,PROD000139,Northeast,web,3,1297.95,placed,2026-02-12
ORD0001939,ORD0001939-L1007,CUST000129,PROD000007,Southeast,web,1,346.69,placed,2026-02-12
ORD0002069,ORD0002069-L3107,CUST000285,PROD000107,Northeast,marketplace,3,1284.24,placed,2026-02-12
ORD0002069,ORD0002069-L1190,CUST000285,PROD000190,Northeast,store,1,73.7,placed,2026-02-12
ORD0002069,ORD0002069-L3234,CUST000285,PROD000234,Northeast,store,3,1336.86,placed,2026-02-12
ORD0002069,ORD0002069-L2167,CUST000285,PROD000167,Northeast,web,2,342.02,placed,2026-02-12
ORD0002160,ORD0002160-L1132,CUST000368,PROD000132,Midwest,marketplace,1,343.87,placed,2026-02-12
ORD0002160,ORD0002160-L2175,CUST000368,PROD000175,Midwest,marketplace,2,834.54,placed,2026-02-12
ORD0002191,ORD0002191-L1126,CUST000323,PROD000126,Midwest,store,1,280.9,placed,2026-02-12
ORD0002191,ORD0002191-L3208,CUST000323,PROD000208,Midwest,web,3,259.68,placed,2026-02-12
ORD0002214,ORD0002214-L2188,CUST000029,PROD000188,Midwest,web,2,66.96,placed,2026-02-12
ORD0002214,ORD0002214-L2048,CUST000029,PROD000048,Midwest,store,2,620.78,placed,2026-02-12
ORD0002214,ORD0002214-L2238,CUST000029,PROD000238,Southeast,marketplace,2,179.64,placed,2026-02-12
ORD0002214,ORD0002214-L3065,CUST000029,PROD000065,Midwest,web,3,168.69,placed,2026-02-12
ORD0002302,ORD0002302-L1183,CUST000447,PROD000183,West,marketplace,1,192.63,placed,2026-02-12
ORD0002302,ORD0002302-L3113,CUST000447,PROD000113,Midwest,mobile,3,82.35,placed,2026-02-12
ORD0002369,ORD0002369-L3135,CUST000100,PROD000135,West,web,3,597.72,placed,2026-02-12
ORD0002369,ORD0002369-L1133,CUST000100,PROD000133,Midwest,store,1,104.48,placed,2026-02-12
ORD0002369,ORD0002369-L3174,CUST000100,PROD000174,Southeast,web,3,921.36,placed,2026-02-12
ORD0002461,ORD0002461-L2243,CUST000471,PROD000243,West,web,2,428.5,placed,2026-02-12
ORD0002650,ORD0002650-L1218,CUST000288,PROD000218,Northeast,mobile,1,78.42,placed,2026-02-12
ORD0002650,ORD0002650-L3004,CUST000288,PROD000004,Northeast,marketplace,3,1350.84,placed,2026-02-12
ORD0002650,ORD0002650-L2195,CUST000288,PROD000195,Midwest,marketplace,2,385.16,placed,2026-02-12
ORD0003553,ORD0003553-L3217,CUST000374,PROD000217,Northeast,store,3,415.41,placed,2026-02-12
ORD0003553,ORD0003553-L3117,CUST000374,PROD000117,Midwest,mobile,3,1363.86,placed,2026-02-12
ORD0003553,ORD0003553-L3187,CUST000374,PROD000187,West,mobile,3,268.11,placed,2026-02-12
ORD0003563,ORD0003563-L1026,CUST000253,PROD000026,Northeast,mobile,1,88.53,placed,2026-02-12
ORD0003563,ORD0003563-L1065,CUST000253,PROD000065,Northeast,marketplace,1,66.15,placed,2026-02-12
ORD0003623,ORD0003623-L1210,CUST000050,PROD000210,Northeast,web,1,419.89,placed,2026-02-12
ORD0003623,ORD0003623-L2122,CUST000050,PROD000122,Northeast,store,2,340.5,placed,2026-02-12
ORD0003623,ORD0003623-L3093,CUST000050,PROD000093,Midwest,marketplace,3,1243.02,placed,2026-02-12
ORD0003623,ORD0003623-L1112,CUST000050,PROD000112,Midwest,web,1,248.69,placed,2026-02-12
ORD0003691,ORD0003691-L2184,CUST000301,PROD000184,Midwest,mobile,2,673.54,placed,2026-02-12
ORD0003691,ORD0003691-L1016,CUST000301,PROD000016,Northeast,marketplace,1,409.93,placed,2026-02-12
ORD0003691,ORD0003691-L1115,CUST000301,PROD000115,Midwest,mobile,1,135.31,placed,2026-02-12
ORD0003691,ORD0003691-L3158,CUST000301,PROD000158,Northeast,mobile,3,264.99,placed,2026-02-12
ORD0003781,ORD0003781-L3027,CUST000249,PROD000027,West,store,3,930.72,placed,2026-02-12
ORD0003781,ORD0003781-L1028,CUST000249,PROD000028,Southeast,mobile,1,52.1,placed,2026-02-12
ORD0003809,ORD0003809-L1216,CUST000220,PROD000216,West,mobile,1,44.73,placed,2026-02-12
ORD0003809,ORD0003809-L2230,CUST000220,PROD000230,Northeast,mobile,2,579.12,placed,2026-02-12
ORD0003809,ORD0003809-L2008,CUST000220,PROD000008,Northeast,web,2,457.72,placed,2026-02-12
ORD0003809,ORD0003809-L3246,CUST000220,PROD000246,Southeast,mobile,3,264.48,placed,2026-02-12
ORD0003828,ORD0003828-L2133,CUST000123,PROD000133,West,store,2,220.58,placed,2026-02-12
ORD0003828,ORD0003828-L2089,CUST000123,PROD000089,Southeast,store,2,70.14,placed,2026-02-12
ORD0003945,ORD0003945-L2070,CUST000070,PROD000070,West,store,2,529.06,placed,2026-02-12
ORD0004000,ORD0004000-L1225,CUST000393,PROD000225,Midwest,web,1,418.28,placed,2026-02-12
ORD0004000,ORD0004000-L3065,CUST000393,PROD000065,Midwest,marketplace,3,198.45,placed,2026-02-12
ORD0004000,ORD0004000-L3035,CUST000393,PROD000035,Southeast,web,3,1461.69,placed,2026-02-12
ORD0004000,ORD0004000-L2112,CUST000393,PROD000112,Northeast,marketplace,2,523.56,placed,2026-02-12
ORD0000084,ORD0000084-L1049,CUST000038,PROD000049,West,store,1,144.34,placed,2026-02-13
ORD0000084,ORD0000084-L1021,CUST000038,PROD000021,Southeast,store,1,24.92,placed,2026-02-13
ORD0000396,ORD0000396-L2003,CUST000158,PROD000003,Southeast,store,2,494.26,placed,2026-02-13
ORD0000523,ORD0000523-L2224,CUST000267,PROD000224,West,marketplace,2,768.72,placed,2026-02-13
ORD0000523,ORD0000523-L3109,CUST000267,PROD000109,West,web,3,842.61,placed,2026-02-13
ORD0000523,ORD0000523-L1211,CUST000267,PROD000211,Midwest,mobile,1,287.62,placed,2026-02-13
ORD0000523,ORD0000523-L1145,CUST000267,PROD000145,Northeast,mobile,1,107.09,placed,2026-02-13
ORD0000528,ORD0000528-L3222,CUST000229,PROD000222,Midwest,web,3,474.81,placed,2026-02-13
ORD0000528,ORD0000528-L1009,CUST000229,PROD000009,Southeast,store,1,308.56,placed,2026-02-13
ORD0000528,ORD0000528-L1234,CUST000229,PROD000234,West,marketplace,1,469.07,placed,2026-02-13
ORD0000688,ORD0000688-L3145,CUST000452,PROD000145,Southeast,mobile,3,273.09,placed,2026-02-13
ORD0000723,ORD0000723-L1224,CUST000229,PROD000224,Southeast,store,1,365.14,placed,2026-02-13
ORD0000723,ORD0000723-L2081,CUST000229,PROD000081,West,store,2,456.02,placed,2026-02-13
ORD0000728,ORD0000728-L1113,CUST000036,PROD000113,West,mobile,1,24.7,placed,2026-02-13
ORD0000728,ORD0000728-L1126,CUST000036,PROD000126,West,store,1,251.33,placed,2026-02-13
ORD0000728,ORD0000728-L2155,CUST000036,PROD000155,Northeast,mobile,2,303.92,placed,2026-02-13
ORD0000728,ORD0000728-L3104,CUST000036,PROD000104,Northeast,marketplace,3,1036.29,placed,2026-02-13
ORD0000897,ORD0000897-L1195,CUST000186,PROD000195,Southeast,marketplace,1,173.32,placed,2026-02-13
ORD0000897,ORD0000897-L2086,CUST000186,PROD000086,Northeast,web,2,930.58,placed,2026-02-13
ORD0000910,ORD0000910-L3192,CUST000394,PROD000192,Southeast,mobile,3,1438.77,placed,2026-02-13
ORD0000910,ORD0000910-L1167,CUST000394,PROD000167,West,web,1,162.46,placed,2026-02-13
ORD0000927,ORD0000927-L2116,CUST000252,PROD000116,Midwest,store,2,457.72,placed,2026-02-13
ORD0001004,ORD0001004-L3071,CUST000019,PROD000071,Northeast,web,3,299.97,placed,2026-02-13
ORD0001004,ORD0001004-L2247,CUST000019,PROD000247,Northeast,web,2,651.56,placed,2026-02-13
ORD0001004,ORD0001004-L2249,CUST000019,PROD000249,Midwest,store,2,231.98,placed,2026-02-13
ORD0001102,ORD0001102-L1171,CUST000006,PROD000171,Southeast,store,1,178.37,placed,2026-02-13
ORD0001102,ORD0001102-L3145,CUST000006,PROD000145,West,mobile,3,321.27,placed,2026-02-13
ORD0001102,ORD0001102-L3175,CUST000006,PROD000175,Southeast,marketplace,3,1251.81,placed,2026-02-13
ORD0001364,ORD0001364-L1056,CUST000481,PROD000056,Southeast,mobile,1,88.61,placed,2026-02-13
ORD0001364,ORD0001364-L1007,CUST000481,PROD000007,Southeast,marketplace,1,364.94,placed,2026-02-13
ORD0001375,ORD0001375-L3140,CUST000474,PROD000140,West,marketplace,3,805.95,placed,2026-02-13
ORD0001375,ORD0001375-L1192,CUST000474,PROD000192,Midwest,store,1,479.59,placed,2026-02-13
ORD0001375,ORD0001375-L1033,CUST000474,PROD000033,Northeast,web,1,349.29,placed,2026-02-13
ORD0001375,ORD0001375-L2002,CUST000474,PROD000002,Northeast,mobile,2,881.16,placed,2026-02-13
ORD0001633,ORD0001633-L1079,CUST000257,PROD000079,Northeast,store,1,385.67,placed,2026-02-13
ORD0001633,ORD0001633-L2009,CUST000257,PROD000009,Northeast,marketplace,2,617.12,placed,2026-02-13
ORD0001633,ORD0001633-L3034,CUST000257,PROD000034,Midwest,store,3,916.92,placed,2026-02-13
ORD0001762,ORD0001762-L1057,CUST000267,PROD000057,Northeast,store,1,401.58,placed,2026-02-13
ORD0001762,ORD0001762-L3202,CUST000267,PROD000202,Southeast,marketplace,3,1108.71,placed,2026-02-13
ORD0001762,ORD0001762-L2063,CUST000267,PROD000063,Midwest,marketplace,2,656.48,placed,2026-02-13
ORD0001762,ORD0001762-L3073,CUST000267,PROD000073,Southeast,marketplace,3,801.93,placed,2026-02-13
ORD0001945,ORD0001945-L1127,CUST000121,PROD000127,Midwest,marketplace,1,97.2,placed,2026-02-13
ORD0001945,ORD0001945-L3067,CUST000121,PROD000067,Northeast,web,3,454.56,placed,2026-02-13
ORD0001945,ORD0001945-L3213,CUST000121,PROD000213,Southeast,marketplace,3,31.05,placed,2026-02-13
ORD0001945,ORD0001945-L3243,CUST000121,PROD000243,Midwest,web,3,610.62,placed,2026-02-13
ORD0002156,ORD0002156-L2158,CUST000405,PROD000158,Southeast,mobile,2,196.28,placed,2026-02-13
ORD0002156,ORD0002156-L3232,CUST000405,PROD000232,Northeast,web,3,355.95,placed,2026-02-13
ORD0002156,ORD0002156-L1164,CUST000405,PROD000164,West,web,1,16.77,placed,2026-02-13
ORD0002367,ORD0002367-L1107,CUST000103,PROD000107,Southeast,mobile,1,385.27,placed,2026-02-13
ORD0002449,ORD0002449-L1146,CUST000255,PROD000146,West,mobile,1,360.8,placed,2026-02-13
ORD0002482,ORD0002482-L3208,CUST000062,PROD000208,West,marketplace,3,273.36,placed,2026-02-13
ORD0002482,ORD0002482-L2086,CUST000062,PROD000086,Northeast,mobile,2,837.52,placed,2026-02-13
ORD0002482,ORD0002482-L3247,CUST000062,PROD000247,Southeast,web,3,1085.94,placed,2026-02-13
ORD0002542,ORD0002542-L2157,CUST000136,PROD000157,Midwest,mobile,2,496.34,placed,2026-02-13
ORD0002543,ORD0002543-L1017,CUST000358,PROD000017,Midwest,web,1,282.8,placed,2026-02-13
ORD0002543,ORD0002543-L2174,CUST000358,PROD000174,Midwest,mobile,2,581.9,placed,2026-02-13
ORD0002559,ORD0002559-L1117,CUST000332,PROD000117,Midwest,web,1,454.62,placed,2026-02-13
ORD0002559,ORD0002559-L1008,CUST000332,PROD000008,West,store,1,254.29,placed,2026-02-13
ORD0002559,ORD0002559-L3234,CUST000332,PROD000234,Southeast,mobile,3,1266.48,placed,2026-02-13
ORD0002818,ORD0002818-L2219,CUST000223,PROD000219,Northeast,store,2,942.36,placed,2026-02-13
ORD0002818,ORD0002818-L3136,CUST000223,PROD000136,Northeast,store,3,353.94,placed,2026-02-13
ORD0002818,ORD0002818-L2163,CUST000223,PROD000163,Northeast,marketplace,2,751.92,placed,2026-02-13
ORD0003002,ORD0003002-L1129,CUST000213,PROD000129,Northeast,marketplace,1,125.88,placed,2026-02-13
ORD0003002,ORD0003002-L2176,CUST000213,PROD000176,Midwest,store,2,631.04,placed,2026-02-13
ORD0003002,ORD0003002-L1107,CUST000213,PROD000107,Southeast,mobile,1,428.08,placed,2026-02-13
ORD0003002,ORD0003002-L3117,CUST000213,PROD000117,Midwest,web,3,1227.48,placed,2026-02-13
ORD0003003,ORD0003003-L2233,CUST000452,PROD000233,Northeast,marketplace,2,733.6,placed,2026-02-13
ORD0003003,ORD0003003-L1064,CUST000452,PROD000064,Northeast,store,1,296.5,placed,2026-02-13
ORD0003125,ORD0003125-L1188,CUST000002,PROD000188,Northeast,marketplace,1,33.48,placed,2026-02-13
ORD0003132,ORD0003132-L2001,CUST000080,PROD000001,Northeast,store,2,846.36,placed,2026-02-13
ORD0003132,ORD0003132-L2010,CUST000080,PROD000010,West,web,2,234.74,placed,2026-02-13
ORD0003132,ORD0003132-L3007,CUST000080,PROD000007,West,mobile,3,1094.82,placed,2026-02-13
ORD0003486,ORD0003486-L1160,CUST000089,PROD000160,West,web,1,72.4,placed,2026-02-13
ORD0003486,ORD0003486-L3068,CUST000089,PROD000068,Southeast,mobile,3,430.05,placed,2026-02-13
ORD0003486,ORD0003486-L1021,CUST000089,PROD000021,Midwest,web,1,24.92,placed,2026-02-13
ORD0003554,ORD0003554-L1246,CUST000284,PROD000246,Midwest,marketplace,1,88.16,placed,2026-02-13
ORD0003554,ORD0003554-L1249,CUST000284,PROD000249,Southeast,marketplace,1,109.89,placed,2026-02-13
ORD0003554,ORD0003554-L3088,CUST000284,PROD000088,Northeast,marketplace,3,687.06,placed,2026-02-13
ORD0003567,ORD0003567-L1102,CUST000150,PROD000102,Southeast,web,1,116.2,placed,2026-02-13
ORD0003683,ORD0003683-L3150,CUST000484,PROD000150,Midwest,store,3,1334.49,placed,2026-02-13
ORD0003683,ORD0003683-L3243,CUST000484,PROD000243,Southeast,web,3,610.62,placed,2026-02-13
ORD0003683,ORD0003683-L3105,CUST000484,PROD000105,West,store,3,1110.69,placed,2026-02-13
ORD0003683,ORD0003683-L3156,CUST000484,PROD000156,West,web,3,212.82,placed,2026-02-13
ORD0003934,ORD0003934-L1084,CUST000377,PROD000084,West,mobile,1,113.19,placed,2026-02-13
ORD0003934,ORD0003934-L1243,CUST000377,PROD000243,Midwest,marketplace,1,203.54,placed,2026-02-13
ORD0000001,ORD0000001-L3233,CUST000483,PROD000233,Northeast,marketplace,3,1158.3,placed,2026-02-14
ORD0000072,ORD0000072-L3029,CUST000226,PROD000029,Midwest,web,3,1422.06,placed,2026-02-14
ORD0000072,ORD0000072-L1110,CUST000226,PROD000110,Midwest,mobile,1,192.36,placed,2026-02-14
ORD0000072,ORD0000072-L1182,CUST000226,PROD000182,Southeast,mobile,1,259.16,placed,2026-02-14
ORD0000072,ORD0000072-L2001,CUST000226,PROD000001,West,web,2,846.36,placed,2026-02-14
ORD0000075,ORD0000075-L2116,CUST000156,PROD000116,Northeast,marketplace,2,433.64,placed,2026-02-14
ORD0000173,ORD0000173-L3180,CUST000156,PROD000180,West,store,3,1116.45,placed,2026-02-14
ORD0000173,ORD0000173-L1094,CUST000156,PROD000094,Southeast,mobile,1,80.92,placed,2026-02-14
ORD0000173,ORD0000173-L3116,CUST000156,PROD000116,Southeast,mobile,3,614.31,placed,2026-02-14
ORD0000173,ORD0000173-L3029,CUST000156,PROD000029,Northeast,marketplace,3,1422.06,placed,2026-02-14
ORD0000177,ORD0000177-L2023,CUST000075,PROD000023,Northeast,mobile,2,61.02,placed,2026-02-14
ORD0000177,ORD0000177-L1201,CUST000075,PROD000201,Midwest,mobile,1,368.5,placed,2026-02-14
ORD0000424,ORD0000424-L1125,CUST000124,PROD000125,Midwest,mobile,1,195.54,placed,2026-02-14
ORD0000424,ORD0000424-L1019,CUST000124,PROD000019,Midwest,mobile,1,284.53,placed,2026-02-14
ORD0000424,ORD0000424-L2074,CUST000124,PROD000074,Northeast,web,2,535.32,placed,2026-02-14
ORD0000597,ORD0000597-L3050,CUST000053,PROD000050,Midwest,marketplace,3,1034.28,placed,2026-02-14
ORD0000597,ORD0000597-L3194,CUST000053,PROD000194,West,marketplace,3,553.08,placed,2026-02-14
ORD0000597,ORD0000597-L2030,CUST000053,PROD000030,Northeast,marketplace,2,142.18,placed,2026-02-14
ORD0000665,ORD0000665-L3227,CUST000253,PROD000227,Northeast,store,3,1203.54,placed,2026-02-14
ORD0000665,ORD0000665-L3011,CUST000253,PROD000011,Midwest,store,3,867.39,placed,2026-02-14
ORD0000665,ORD0000665-L1143,CUST000253,PROD000143,Southeast,web,1,331.28,placed,2026-02-14
ORD0000665,ORD0000665-L1239,CUST000253,PROD000239,Midwest,store,1,330.37,placed,2026-02-14
ORD0000716,ORD0000716-L2111,CUST000307,PROD000111,Midwest,store,2,27.12,placed,2026-02-14
ORD0000716,ORD0000716-L2231,CUST000307,PROD000231,Northeast,marketplace,2,152.62,placed,2026-02-14
ORD0000716,ORD0000716-L2028,CUST000307,PROD000028,Northeast,web,2,98.98,placed,2026-02-14
ORD0000834,ORD0000834-L3082,CUST000260,PROD000082,West,web,3,1046.46,placed,2026-02-14
ORD0001008,ORD0001008-L1046,CUST000335,PROD000046,Northeast,marketplace,1,249.78,placed,2026-02-14
ORD0001026,ORD0001026-L3166,CUST000424,PROD000166,West,store,3,742.2,placed,2026-02-14
ORD0001026,ORD0001026-L2112,CUST000424,PROD000112,West,web,2,471.2,placed,2026-02-14
ORD0001026,ORD0001026-L3110,CUST000424,PROD000110,Midwest,store,3,678.93,placed,2026-02-14
ORD0001196,ORD0001196-L2203,CUST000478,PROD000203,Southeast,mobile,2,636.54,placed,2026-02-14
ORD0001196,ORD0001196-L1068,CUST000478,PROD000068,West,marketplace,1,143.35,placed,2026-02-14
ORD0001196,ORD0001196-L1160,CUST000478,PROD000160,Midwest,web,1,72.4,placed,2026-02-14
ORD0001196,ORD0001196-L1099,CUST000478,PROD000099,Northeast,mobile,1,343.15,placed,2026-02-14
ORD0001222,ORD0001222-L2105,CUST000177,PROD000105,Northeast,store,2,779.44,placed,2026-02-14
ORD0001222,ORD0001222-L3201,CUST000177,PROD000201,West,marketplace,3,994.95,placed,2026-02-14
ORD0001222,ORD0001222-L2112,CUST000177,PROD000112,Northeast,web,2,497.38,placed,2026-02-14
ORD0001222,ORD0001222-L1153,CUST000177,PROD000153,Midwest,marketplace,1,358.35,placed,2026-02-14
ORD0001383,ORD0001383-L2076,CUST000005,PROD000076,Midwest,web,2,128.88,placed,2026-02-14
ORD0001383,ORD0001383-L3073,CUST000005,PROD000073,West,marketplace,3,801.93,placed,2026-02-14
ORD0001383,ORD0001383-L3220,CUST000005,PROD000220,Northeast,marketplace,3,1200.0,placed,2026-02-14
ORD0001383,ORD0001383-L3140,CUST000005,PROD000140,West,mobile,3,848.37,placed,2026-02-14
ORD0001411,ORD0001411-L3230,CUST000278,PROD000230,West,web,3,965.19,placed,2026-02-14
ORD0001411,ORD0001411-L2175,CUST000278,PROD000175,Northeast,mobile,2,834.54,placed,2026-02-14
ORD0001439,ORD0001439-L3078,CUST000137,PROD000078,Southeast,mobile,3,62.28,placed,2026-02-14
ORD0001503,ORD0001503-L2057,CUST000469,PROD000057,Northeast,marketplace,2,803.16,placed,2026-02-14
ORD0001503,ORD0001503-L2228,CUST000469,PROD000228,Southeast,marketplace,2,142.12,placed,2026-02-14
ORD0001503,ORD0001503-L2215,CUST000469,PROD000215,Midwest,mobile,2,470.3,placed,2026-02-14
ORD0001668,ORD0001668-L1153,CUST000137,PROD000153,Northeast,mobile,1,398.17,placed,2026-02-14
ORD0002044,ORD0002044-L2149,CUST000279,PROD000149,Southeast,mobile,2,638.82,placed,2026-02-14
ORD0002044,ORD0002044-L2240,CUST000279,PROD000240,Southeast,marketplace,2,807.08,placed,2026-02-14
ORD0002180,ORD0002180-L1005,CUST000364,PROD000005,Southeast,marketplace,1,319.36,placed,2026-02-14
ORD0002180,ORD0002180-L2183,CUST000364,PROD000183,Southeast,store,2,385.26,placed,2026-02-14
ORD0002180,ORD0002180-L2169,CUST000364,PROD000169,Southeast,web,2,622.7,placed,2026-02-14
ORD0002290,ORD0002290-L1053,CUST000019,PROD000053,Northeast,marketplace,1,226.65,placed,2026-02-14
ORD0002290,ORD0002290-L1051,CUST000019,PROD000051,West,store,1,365.09,placed,2026-02-14
ORD0002290,ORD0002290-L2176,CUST000019,PROD000176,Southeast,web,2,705.28,placed,2026-02-14
ORD0002306,ORD0002306-L3109,CUST000494,PROD000109,Midwest,marketplace,3,842.61,placed,2026-02-14
ORD0002356,ORD0002356-L1216,CUST000424,PROD000216,West,web,1,49.7,placed,2026-02-14
ORD0002356,ORD0002356-L2167,CUST000424,PROD000167,Southeast,web,2,342.02,placed,2026-02-14
ORD0002389,ORD0002389-L2075,CUST000056,PROD000075,Southeast,store,2,593.7,placed,2026-02-14
ORD0002389,ORD0002389-L2011,CUST000056,PROD000011,Southeast,mobile,2,610.4,placed,2026-02-14
ORD0002389,ORD0002389-L2182,CUST000056,PROD000182,Northeast,mobile,2,545.6,placed,2026-02-14
ORD0002389,ORD0002389-L2077,CUST000056,PROD000077,Northeast,marketplace,2,276.5,placed,2026-02-14
ORD0002420,ORD0002420-L2109,CUST000236,PROD000109,West,store,2,561.74,placed,2026-02-14
ORD0002420,ORD0002420-L3050,CUST000236,PROD000050,Midwest,web,3,1088.73,placed,2026-02-14
ORD0002477,ORD0002477-L1086,CUST000273,PROD000086,Midwest,store,1,465.29,placed,2026-02-14
ORD0002477,ORD0002477-L1040,CUST000273,PROD000040,West,mobile,1,30.85,placed,2026-02-14
ORD0002518,ORD0002518-L2143,CUST000231,PROD000143,Midwest,web,2,662.56,placed,2026-02-14
ORD0002531,ORD0002531-L2122,CUST000287,PROD000122,West,mobile,2,321.58,placed,2026-02-14
ORD0002531,ORD0002531-L3228,CUST000287,PROD000228,Southeast,marketplace,3,236.88,placed,2026-02-14
ORD0002531,ORD0002531-L3116,CUST000287,PROD000116,Southeast,mobile,3,686.58,placed,2026-02-14
ORD0002531,ORD0002531-L1134,CUST000287,PROD000134,West,web,1,388.55,placed,2026-02-14
ORD0002595,ORD0002595-L1056,CUST000037,PROD000056,West,marketplace,1,88.61,placed,2026-02-14
ORD0002665,ORD0002665-L2114,CUST000387,PROD000114,Southeast,web,2,836.74,placed,2026-02-14
ORD0002665,ORD0002665-L2133,CUST000387,PROD000133,Southeast,mobile,2,232.18,placed,2026-02-14
ORD0002665,ORD0002665-L2169,CUST000387,PROD000169,Northeast,mobile,2,655.48,placed,2026-02-14
ORD0002705,ORD0002705-L2182,CUST000058,PROD000182,Midwest,store,2,491.04,placed,2026-02-14
ORD0002705,ORD0002705-L3084,CUST000058,PROD000084,Northeast,mobile,3,339.57,placed,2026-02-14
ORD0002730,ORD0002730-L1086,CUST000353,PROD000086,Northeast,marketplace,1,418.76,placed,2026-02-14
ORD0002730,ORD0002730-L2127,CUST000353,PROD000127,West,mobile,2,194.4,placed,2026-02-14
ORD0002730,ORD0002730-L1094,CUST000353,PROD000094,Southeast,mobile,1,80.92,placed,2026-02-14
ORD0002854,ORD0002854-L1152,CUST000035,PROD000152,Northeast,store,1,329.9,placed,2026-02-14
ORD0002922,ORD0002922-L3086,CUST000248,PROD000086,Southeast,marketplace,3,1395.87,placed,2026-02-14
ORD0002922,ORD0002922-L3186,CUST000248,PROD000186,Midwest,mobile,3,957.93,placed,2026-02-14
ORD0002922,ORD0002922-L2018,CUST000248,PROD000018,Northeast,web,2,566.0,placed,2026-02-14
ORD0002922,ORD0002922-L2228,CUST000248,PROD000228,West,mobile,2,157.92,placed,2026-02-14
ORD0003110,ORD0003110-L2007,CUST000081,PROD000007,Midwest,marketplace,2,693.38,placed,2026-02-14
ORD0003337,ORD0003337-L3106,CUST000302,PROD000106,West,store,3,430.71,placed,2026-02-14
ORD0003337,ORD0003337-L1149,CUST000302,PROD000149,Midwest,store,1,319.41,placed,2026-02-14
ORD0003337,ORD0003337-L3018,CUST000302,PROD000018,West,web,3,806.55,placed,2026-02-14
ORD0003368,ORD0003368-L3249,CUST000409,PROD000249,Northeast,marketplace,3,329.67,placed,2026-02-14
ORD0003368,ORD0003368-L1153,CUST000409,PROD000153,Southeast,mobile,1,378.26,placed,2026-02-14
ORD0003368,ORD0003368-L1113,CUST000409,PROD000113,West,web,1,24.7,placed,2026-02-14
ORD0003368,ORD0003368-L1114,CUST000409,PROD000114,West,web,1,418.37,placed,2026-02-14
ORD0003381,ORD0003381-L1231,CUST000497,PROD000231,Northeast,marketplace,1,68.68,placed,2026-02-14
ORD0003381,ORD0003381-L1109,CUST000497,PROD000109,Southeast,marketplace,1,266.83,placed,2026-02-14
ORD0003422,ORD0003422-L2004,CUST000236,PROD000004,Midwest,mobile,2,900.56,placed,2026-02-14
ORD0003422,ORD0003422-L1214,CUST000236,PROD000214,Midwest,store,1,116.45,placed,2026-02-14
ORD0003451,ORD0003451-L1081,CUST000458,PROD000081,Midwest,marketplace,1,253.35,placed,2026-02-14
ORD0003451,ORD0003451-L2241,CUST000458,PROD000241,Midwest,marketplace,2,145.16,placed,2026-02-14
ORD0003506,ORD0003506-L1062,CUST000321,PROD000062,Midwest,mobile,1,239.62,placed,2026-02-14
ORD0003506,ORD0003506-L1231,CUST000321,PROD000231,Northeast,store,1,68.68,placed,2026-02-14
ORD0003583,ORD0003583-L1071,CUST000138,PROD000071,Northeast,web,1,84.99,placed,2026-02-14
ORD0003583,ORD0003583-L2205,CUST000138,PROD000205,West,store,2,601.92,placed,2026-02-14
ORD0003583,ORD0003583-L2143,CUST000138,PROD000143,Southeast,web,2,697.44,placed,2026-02-14
ORD0003583,ORD0003583-L3087,CUST000138,PROD000087,Southeast,store,3,556.17,placed,2026-02-14
ORD0003663,ORD0003663-L3216,CUST000155,PROD000216,Southeast,mobile,3,134.19,placed,2026-02-14
ORD0003679,ORD0003679-L3073,CUST000354,PROD000073,Northeast,web,3,801.93,placed,2026-02-14
ORD0003679,ORD0003679-L1137,CUST000354,PROD000137,Southeast,marketplace,1,479.89,placed,2026-02-14
ORD0003679,ORD0003679-L2067,CUST000354,PROD000067,Midwest,mobile,2,336.72,placed,2026-02-14
ORD0003679,ORD0003679-L1191,CUST000354,PROD000191,Midwest,web,1,288.88,placed,2026-02-14
ORD0003720,ORD0003720-L2193,CUST000440,PROD000193,Northeast,store,2,933.14,placed,2026-02-14
ORD0003720,ORD0003720-L2202,CUST000440,PROD000202,Northeast,mobile,2,739.14,placed,2026-02-14
ORD0003720,ORD0003720-L3232,CUST000440,PROD000232,Midwest,marketplace,3,395.49,placed,2026-02-14
ORD0003765,ORD0003765-L2142,CUST000311,PROD000142,Northeast,web,2,198.62,placed,2026-02-14
ORD0003765,ORD0003765-L3183,CUST000311,PROD000183,Southeast,mobile,3,549.0,placed,2026-02-14
ORD0003765,ORD0003765-L2229,CUST000311,PROD000229,Northeast,store,2,102.94,placed,2026-02-14
ORD0000057,ORD0000057-L1204,CUST000412,PROD000204,Southeast,marketplace,1,405.47,placed,2026-02-15
ORD0000057,ORD0000057-L1197,CUST000412,PROD000197,West,mobile,1,385.6,placed,2026-02-15
ORD0000082,ORD0000082-L2211,CUST000201,PROD000211,Midwest,web,2,517.72,placed,2026-02-15
ORD0000096,ORD0000096-L2178,CUST000440,PROD000178,West,mobile,2,474.9,placed,2026-02-15
ORD0000096,ORD0000096-L3235,CUST000440,PROD000235,West,mobile,3,203.82,placed,2026-02-15
ORD0000217,ORD0000217-L3140,CUST000417,PROD000140,Midwest,web,3,763.53,placed,2026-02-15
ORD0000477,ORD0000477-L3014,CUST000428,PROD000014,Southeast,store,3,586.14,placed,2026-02-15
ORD0000477,ORD0000477-L2167,CUST000428,PROD000167,West,marketplace,2,307.82,placed,2026-02-15
ORD0000477,ORD0000477-L2110,CUST000428,PROD000110,Northeast,web,2,452.62,placed,2026-02-15
ORD0000542,ORD0000542-L3012,CUST000411,PROD000012,West,web,3,1187.91,placed,2026-02-15
ORD0000542,ORD0000542-L3216,CUST000411,PROD000216,West,store,3,134.19,placed,2026-02-15
ORD0000542,ORD0000542-L1122,CUST000411,PROD000122,Midwest,mobile,1,179.71,placed,2026-02-15
ORD0000542,ORD0000542-L2196,CUST000411,PROD000196,Northeast,mobile,2,760.4,placed,2026-02-15
ORD0000543,ORD0000543-L3073,CUST000297,PROD000073,Southeast,store,3,844.14,placed,2026-02-15
ORD0000543,ORD0000543-L1029,CUST000297,PROD000029,West,marketplace,1,474.02,placed,2026-02-15
ORD0000781,ORD0000781-L3013,CUST000296,PROD000013,Midwest,mobile,3,1260.45,placed,2026-02-15
ORD0000849,ORD0000849-L1004,CUST000028,PROD000004,Northeast,mobile,1,450.28,placed,2026-02-15
ORD0000913,ORD0000913-L2191,CUST000451,PROD000191,Southeast,store,2,611.74,placed,2026-02-15
ORD0000913,ORD0000913-L3045,CUST000451,PROD000045,Northeast,marketplace,3,1257.33,placed,2026-02-15
ORD0000942,ORD0000942-L1041,CUST000040,PROD000041,Midwest,mobile,1,19.24,placed,2026-02-15
ORD0000942,ORD0000942-L3049,CUST000040,PROD000049,West,marketplace,3,455.82,placed,2026-02-15
ORD0000942,ORD0000942-L1178,CUST000040,PROD000178,Northeast,web,1,225.58,placed,2026-02-15
ORD0000942,ORD0000942-L2210,CUST000040,PROD000210,West,mobile,2,839.78,placed,2026-02-15
ORD0000964,ORD0000964-L1154,CUST000249,PROD000154,Midwest,web,1,317.2,placed,2026-02-15
ORD0001006,ORD0001006-L3031,CUST000130,PROD000031,Midwest,web,3,264.63,placed,2026-02-15
ORD0001006,ORD0001006-L3188,CUST000130,PROD000188,West,web,3,100.44,placed,2026-02-15
ORD0001219,ORD0001219-L1005,CUST000206,PROD000005,West,marketplace,1,303.39,placed,2026-02-15
ORD0001219,ORD0001219-L2222,CUST000206,PROD000222,Midwest,marketplace,2,372.4,placed,2026-02-15
ORD0001219,ORD0001219-L3046,CUST000206,PROD000046,West,marketplace,3,749.34,placed,2026-02-15
ORD0001228,ORD0001228-L2084,CUST000100,PROD000084,West,store,2,192.42,placed,2026-02-15
ORD0001228,ORD0001228-L2062,CUST000100,PROD000062,Northeast,marketplace,2,455.28,placed,2026-02-15
ORD0001228,ORD0001228-L2213,CUST000100,PROD000213,Southeast,web,2,19.6,placed,2026-02-15
ORD0001228,ORD0001228-L1094,CUST000100,PROD000094,Northeast,store,1,76.87,placed,2026-02-15
ORD0001261,ORD0001261-L1118,CUST000001,PROD000118,West,store,1,303.49,placed,2026-02-15
ORD0001261,ORD0001261-L1250,CUST000001,PROD000250,Midwest,mobile,1,353.37,placed,2026-02-15
ORD0001352,ORD0001352-L1118,CUST000438,PROD000118,West,web,1,288.32,placed,2026-02-15
ORD0001352,ORD0001352-L1113,CUST000438,PROD000113,Northeast,store,1,26.08,placed,2026-02-15
ORD0001605,ORD0001605-L1145,CUST000051,PROD000145,Midwest,web,1,107.09,placed,2026-02-15
ORD0001613,ORD0001613-L1024,CUST000388,PROD000024,Southeast,web,1,223.39,placed,2026-02-15
ORD0001716,ORD0001716-L3168,CUST000067,PROD000168,West,store,3,867.6,placed,2026-02-15
ORD0001716,ORD0001716-L2142,CUST000067,PROD000142,Southeast,mobile,2,178.76,placed,2026-02-15
ORD0001760,ORD0001760-L3019,CUST000063,PROD000019,Southeast,marketplace,3,948.45,placed,2026-02-15
ORD0001760,ORD0001760-L1079,CUST000063,PROD000079,Midwest,store,1,366.39,placed,2026-02-15
ORD0001845,ORD0001845-L2247,CUST000438,PROD000247,Northeast,mobile,2,723.96,placed,2026-02-15
ORD0001866,ORD0001866-L2109,CUST000006,PROD000109,Midwest,mobile,2,561.74,placed,2026-02-15
ORD0001866,ORD0001866-L1016,CUST000006,PROD000016,Midwest,store,1,409.93,placed,2026-02-15
ORD0001866,ORD0001866-L1154,CUST000006,PROD000154,Midwest,mobile,1,333.89,placed,2026-02-15
ORD0002033,ORD0002033-L3183,CUST000283,PROD000183,Midwest,mobile,3,549.0,placed,2026-02-15
ORD0002033,ORD0002033-L1143,CUST000283,PROD000143,West,mobile,1,331.28,placed,2026-02-15
ORD0002033,ORD0002033-L3135,CUST000283,PROD000135,Northeast,mobile,3,597.72,placed,2026-02-15
ORD0002043,ORD0002043-L2184,CUST000345,PROD000184,West,mobile,2,673.54,placed,2026-02-15
ORD0002043,ORD0002043-L2235,CUST000345,PROD000235,Midwest,mobile,2,135.88,placed,2026-02-15
ORD0002217,ORD0002217-L3027,CUST000054,PROD000027,Midwest,mobile,3,979.71,placed,2026-02-15
ORD0002217,ORD0002217-L1089,CUST000054,PROD000089,Midwest,mobile,1,35.07,placed,2026-02-15
ORD0002217,ORD0002217-L1230,CUST000054,PROD000230,West,web,1,321.73,placed,2026-02-15
ORD0002217,ORD0002217-L1033,CUST000054,PROD000033,Southeast,marketplace,1,388.1,placed,2026-02-15
ORD0002380,ORD0002380-L3018,CUST000012,PROD000018,Southeast,web,3,764.1,placed,2026-02-15
ORD0002380,ORD0002380-L1067,CUST000012,PROD000067,West,marketplace,1,168.36,placed,2026-02-15
ORD0002380,ORD0002380-L1227,CUST000012,PROD000227,Northeast,marketplace,1,381.12,placed,2026-02-15
ORD0002398,ORD0002398-L1232,CUST000311,PROD000232,Midwest,marketplace,1,131.83,placed,2026-02-15
ORD0002398,ORD0002398-L2172,CUST000311,PROD000172,Southeast,store,2,928.48,placed,2026-02-15
ORD0002398,ORD0002398-L2215,CUST000311,PROD000215,Midwest,mobile,2,399.76,placed,2026-02-15
ORD0002398,ORD0002398-L2071,CUST000311,PROD000071,Midwest,web,2,199.98,placed,2026-02-15
ORD0002432,ORD0002432-L2045,CUST000223,PROD000045,West,marketplace,2,796.3,placed,2026-02-15
ORD0002515,ORD0002515-L1146,CUST000014,PROD000146,West,marketplace,1,360.8,placed,2026-02-15
ORD0002515,ORD0002515-L2072,CUST000014,PROD000072,Midwest,web,2,499.84,placed,2026-02-15
ORD0002544,ORD0002544-L1009,CUST000168,PROD000009,Southeast,web,1,344.86,placed,2026-02-15
ORD0002566,ORD0002566-L1027,CUST000373,PROD000027,Southeast,web,1,326.57,placed,2026-02-15
ORD0002784,ORD0002784-L1143,CUST000151,PROD000143,Northeast,web,1,348.72,placed,2026-02-15
ORD0002784,ORD0002784-L2248,CUST000151,PROD000248,Southeast,web,2,660.86,placed,2026-02-15
ORD0002784,ORD0002784-L1240,CUST000151,PROD000240,Northeast,store,1,343.01,placed,2026-02-15
ORD0002784,ORD0002784-L2141,CUST000151,PROD000141,Northeast,web,2,779.14,placed,2026-02-15
ORD0002921,ORD0002921-L2105,CUST000060,PROD000105,Southeast,mobile,2,740.46,placed,2026-02-15
ORD0002921,ORD0002921-L2205,CUST000060,PROD000205,Midwest,mobile,2,571.82,placed,2026-02-15
ORD0002950,ORD0002950-L1099,CUST000104,PROD000099,Northeast,marketplace,1,362.22,placed,2026-02-15
ORD0002950,ORD0002950-L1068,CUST000104,PROD000068,Southeast,mobile,1,143.35,placed,2026-02-15
ORD0003305,ORD0003305-L1182,CUST000092,PROD000182,Northeast,mobile,1,272.8,placed,2026-02-15
ORD0003305,ORD0003305-L2186,CUST000092,PROD000186,Northeast,web,2,672.24,placed,2026-02-15
ORD0003305,ORD0003305-L2055,CUST000092,PROD000055,West,marketplace,2,625.36,placed,2026-02-15
ORD0003307,ORD0003307-L3102,CUST000378,PROD000102,Northeast,web,3,348.6,placed,2026-02-15
ORD0003307,ORD0003307-L3040,CUST000378,PROD000040,West,web,3,92.55,placed,2026-02-15
ORD0003384,ORD0003384-L1099,CUST000324,PROD000099,Midwest,web,1,381.28,placed,2026-02-15
ORD0003384,ORD0003384-L3049,CUST000324,PROD000049,Midwest,marketplace,3,410.25,placed,2026-02-15
ORD0003384,ORD0003384-L1164,CUST000324,PROD000164,Southeast,web,1,15.09,placed,2026-02-15
ORD0003507,ORD0003507-L1164,CUST000145,PROD000164,Northeast,web,1,16.77,placed,2026-02-15
ORD0003507,ORD0003507-L2219,CUST000145,PROD000219,Midwest,mobile,2,942.36,placed,2026-02-15
ORD0003507,ORD0003507-L3210,CUST000145,PROD000210,Midwest,web,3,1193.37,placed,2026-02-15
ORD0003507,ORD0003507-L2183,CUST000145,PROD000183,Northeast,mobile,2,385.26,placed,2026-02-15
ORD0003592,ORD0003592-L2030,CUST000423,PROD000030,Southeast,marketplace,2,142.18,placed,2026-02-15
ORD0003592,ORD0003592-L3070,CUST000423,PROD000070,Northeast,marketplace,3,793.59,placed,2026-02-15
ORD0003592,ORD0003592-L1016,CUST000423,PROD000016,Northeast,web,1,409.93,placed,2026-02-15
ORD0003754,ORD0003754-L1025,CUST000161,PROD000025,Midwest,marketplace,1,338.75,placed,2026-02-15
ORD0003754,ORD0003754-L2144,CUST000161,PROD000144,Northeast,marketplace,2,736.26,placed,2026-02-15
ORD0003754,ORD0003754-L2078,CUST000161,PROD000078,West,web,2,46.14,placed,2026-02-15
ORD0003953,ORD0003953-L2066,CUST000407,PROD000066,Midwest,web,2,886.22,placed,2026-02-15
ORD0003960,ORD0003960-L3065,CUST000044,PROD000065,Southeast,marketplace,3,188.52,placed,2026-02-15
ORD0003960,ORD0003960-L1160,CUST000044,PROD000160,Northeast,web,1,68.78,placed,2026-02-15
ORD0003960,ORD0003960-L1152,CUST000044,PROD000152,Northeast,store,1,347.26,placed,2026-02-15
ORD0003960,ORD0003960-L1183,CUST000044,PROD000183,Southeast,mobile,1,183.0,placed,2026-02-15
ORD0000003,ORD0000003-L2109,CUST000237,PROD000109,Northeast,mobile,2,561.74,placed,2026-02-16
ORD0000003,ORD0000003-L1203,CUST000237,PROD000203,Midwest,web,1,335.95,placed,2026-02-16
ORD0000003,ORD0000003-L2044,CUST000237,PROD000044,West,web,2,757.3,placed,2026-02-16
ORD0000003,ORD0000003-L1191,CUST000237,PROD000191,Midwest,web,1,339.86,placed,2026-02-16
ORD0000197,ORD0000197-L2129,CUST000070,PROD000129,Northeast,store,2,226.58,placed,2026-02-16
ORD0000197,ORD0000197-L1031,CUST000070,PROD000031,West,marketplace,1,88.21,placed,2026-02-16
ORD0000197,ORD0000197-L3071,CUST000070,PROD000071,Northeast,web,3,299.97,placed,2026-02-16
ORD0000197,ORD0000197-L1142,CUST000070,PROD000142,Southeast,store,1,94.34,placed,2026-02-16
ORD0000240,ORD0000240-L3068,CUST000309,PROD000068,West,marketplace,3,387.03,placed,2026-02-16
ORD0000240,ORD0000240-L1084,CUST000309,PROD000084,Midwest,mobile,1,113.19,placed,2026-02-16
ORD0000240,ORD0000240-L3175,CUST000309,PROD000175,Northeast,store,3,1251.81,placed,2026-02-16
ORD0000240,ORD0000240-L2047,CUST000309,PROD000047,Northeast,store,2,278.9,placed,2026-02-16
ORD0000261,ORD0000261-L3167,CUST000339,PROD000167,Northeast,web,3,513.03,placed,2026-02-16
ORD0000319,ORD0000319-L1023,CUST000104,PROD000023,Southeast,web,1,30.51,placed,2026-02-16
ORD0000368,ORD0000368-L1135,CUST000221,PROD000135,Southeast,web,1,199.24,placed,2026-02-16
ORD0000368,ORD0000368-L1129,CUST000221,PROD000129,Northeast,store,1,119.59,placed,2026-02-16
ORD0000368,ORD0000368-L3233,CUST000221,PROD000233,West,store,3,1100.4,placed,2026-02-16
ORD0000368,ORD0000368-L1004,CUST000221,PROD000004,West,mobile,1,450.28,placed,2026-02-16
ORD0000939,ORD0000939-L1046,CUST000214,PROD000046,West,web,1,249.78,placed,2026-02-16
ORD0001015,ORD0001015-L1048,CUST000189,PROD000048,Midwest,marketplace,1,327.64,placed,2026-02-16
ORD0001015,ORD0001015-L2217,CUST000189,PROD000217,Southeast,store,2,276.94,placed,2026-02-16
ORD0001023,ORD0001023-L2144,CUST000463,PROD000144,Southeast,mobile,2,736.26,placed,2026-02-16
ORD0001039,ORD0001039-L3112,CUST000263,PROD000112,West,mobile,3,706.8,placed,2026-02-16
ORD0001115,ORD0001115-L1221,CUST000403,PROD000221,Southeast,mobile,1,215.34,placed,2026-02-16
ORD0001258,ORD0001258-L3108,CUST000068,PROD000108,Midwest,web,3,864.36,placed,2026-02-16
ORD0001610,ORD0001610-L3005,CUST000217,PROD000005,Northeast,mobile,3,910.17,placed,2026-02-16
ORD0001629,ORD0001629-L2136,CUST000274,PROD000136,Midwest,marketplace,2,212.36,placed,2026-02-16
ORD0001629,ORD0001629-L2064,CUST000274,PROD000064,Midwest,mobile,2,624.22,placed,2026-02-16
ORD0001629,ORD0001629-L1105,CUST000274,PROD000105,Midwest,mobile,1,389.72,placed,2026-02-16
ORD0001672,ORD0001672-L1093,CUST000330,PROD000093,Midwest,store,1,414.34,placed,2026-02-16
ORD0001672,ORD0001672-L2103,CUST000330,PROD000103,Northeast,mobile,2,550.4,placed,2026-02-16
ORD0001672,ORD0001672-L3243,CUST000330,PROD000243,Southeast,store,3,642.75,placed,2026-02-16
ORD0001672,ORD0001672-L2055,CUST000330,PROD000055,West,web,2,625.36,placed,2026-02-16
ORD0001703,ORD0001703-L1102,CUST000401,PROD000102,Southeast,web,1,110.39,placed,2026-02-16
ORD0001703,ORD0001703-L3162,CUST000401,PROD000162,West,marketplace,3,958.71,placed,2026-02-16
ORD0001750,ORD0001750-L1007,CUST000187,PROD000007,West,mobile,1,346.69,placed,2026-02-16
ORD0001750,ORD0001750-L1009,CUST000187,PROD000009,Southeast,web,1,363.01,placed,2026-02-16
ORD0001779,ORD0001779-L3151,CUST000080,PROD000151,Southeast,marketplace,3,1059.6,placed,2026-02-16
ORD0001904,ORD0001904-L3036,CUST000012,PROD000036,Midwest,marketplace,3,1183.14,placed,2026-02-16
ORD0001904,ORD0001904-L1067,CUST000012,PROD000067,Northeast,web,1,151.52,placed,2026-02-16
ORD0001921,ORD0001921-L2078,CUST000360,PROD000078,Midwest,store,2,41.52,placed,2026-02-16
ORD0001921,ORD0001921-L3131,CUST000360,PROD000131,West,marketplace,3,495.09,placed,2026-02-16
ORD0002025,ORD0002025-L1067,CUST000213,PROD000067,Midwest,marketplace,1,151.52,placed,2026-02-16
ORD0002025,ORD0002025-L3092,CUST000213,PROD000092,Northeast,store,3,1488.96,placed,2026-02-16
ORD0002048,ORD0002048-L3240,CUST000072,PROD000240,Midwest,store,3,1210.62,placed,2026-02-16
ORD0002058,ORD0002058-L1196,CUST000485,PROD000196,Northeast,mobile,1,361.19,placed,2026-02-16
ORD0002058,ORD0002058-L1225,CUST000485,PROD000225,Midwest,store,1,440.29,placed,2026-02-16
ORD0002062,ORD0002062-L2103,CUST000262,PROD000103,West,marketplace,2,550.4,placed,2026-02-16
ORD0002273,ORD0002273-L1028,CUST000414,PROD000028,Southeast,store,1,49.49,placed,2026-02-16
ORD0002623,ORD0002623-L1057,CUST000479,PROD000057,West,store,1,361.42,placed,2026-02-16
ORD0002654,ORD0002654-L3247,CUST000094,PROD000247,Southeast,web,3,1031.64,placed,2026-02-16
ORD0002654,ORD0002654-L3071,CUST000094,PROD000071,West,marketplace,3,299.97,placed,2026-02-16
ORD0002654,ORD0002654-L1091,CUST000094,PROD000091,West,mobile,1,161.19,placed,2026-02-16
ORD0002755,ORD0002755-L3189,CUST000351,PROD000189,West,store,3,257.49,placed,2026-02-16
ORD0002755,ORD0002755-L2123,CUST000351,PROD000123,Southeast,store,2,288.58,placed,2026-02-16
ORD0002755,ORD0002755-L3165,CUST000351,PROD000165,West,marketplace,3,1255.17,placed,2026-02-16
ORD0002760,ORD0002760-L2092,CUST000228,PROD000092,West,marketplace,2,893.38,placed,2026-02-16
ORD0002913,ORD0002913-L3159,CUST000089,PROD000159,Northeast,mobile,3,1117.02,placed,2026-02-16
ORD0002913,ORD0002913-L2036,CUST000089,PROD000036,Northeast,marketplace,2,749.32,placed,2026-02-16
ORD0002913,ORD0002913-L2074,CUST000089,PROD000074,Northeast,mobile,2,563.5,placed,2026-02-16
ORD0002913,ORD0002913-L3198,CUST000089,PROD000198,Midwest,web,3,1304.13,placed,2026-02-16
ORD0003237,ORD0003237-L2190,CUST000151,PROD000190,West,mobile,2,132.66,placed,2026-02-16
ORD0003248,ORD0003248-L1195,CUST000362,PROD000195,Northeast,web,1,192.58,placed,2026-02-16
ORD0003248,ORD0003248-L3023,CUST000362,PROD000023,West,store,3,91.53,placed,2026-02-16
ORD0003248,ORD0003248-L2210,CUST000362,PROD000210,Midwest,mobile,2,751.38,placed,2026-02-16
ORD0003248,ORD0003248-L3068,CUST000362,PROD000068,Northeast,marketplace,3,430.05,placed,2026-02-16
ORD0003255,ORD0003255-L1151,CUST000397,PROD000151,Southeast,marketplace,1,300.22,placed,2026-02-16
ORD0003255,ORD0003255-L3167,CUST000397,PROD000167,West,web,3,513.03,placed,2026-02-16
ORD0003255,ORD0003255-L2091,CUST000397,PROD000091,Midwest,marketplace,2,379.28,placed,2026-02-16
ORD0003259,ORD0003259-L1054,CUST000201,PROD000054,Southeast,mobile,1,202.07,placed,2026-02-16
ORD0003259,ORD0003259-L3005,CUST000201,PROD000005,Northeast,mobile,3,958.08,placed,2026-02-16
ORD0003259,ORD0003259-L3250,CUST000201,PROD000250,Midwest,marketplace,3,1115.91,placed,2026-02-16
ORD0003267,ORD0003267-L2109,CUST000302,PROD000109,Northeast,marketplace,2,561.74,placed,2026-02-16
ORD0003267,ORD0003267-L1196,CUST000302,PROD000196,Midwest,store,1,342.18,placed,2026-02-16
ORD0003310,ORD0003310-L2161,CUST000205,PROD000161,Northeast,marketplace,2,443.18,placed,2026-02-16
ORD0003310,ORD0003310-L2184,CUST000205,PROD000184,West,store,2,639.86,placed,2026-02-16
ORD0003310,ORD0003310-L2024,CUST000205,PROD000024,West,mobile,2,470.3,placed,2026-02-16
ORD0003397,ORD0003397-L2225,CUST000192,PROD000225,Northeast,marketplace,2,792.52,placed,2026-02-16
ORD0003397,ORD0003397-L2171,CUST000192,PROD000171,Midwest,marketplace,2,356.74,placed,2026-02-16
ORD0003397,ORD0003397-L3249,CUST000192,PROD000249,Midwest,web,3,329.67,placed,2026-02-16
ORD0003492,ORD0003492-L3228,CUST000152,PROD000228,Southeast,marketplace,3,236.88,placed,2026-02-16
ORD0003492,ORD0003492-L1091,CUST000152,PROD000091,Midwest,mobile,1,180.16,placed,2026-02-16
ORD0003492,ORD0003492-L1010,CUST000152,PROD000010,West,marketplace,1,123.55,placed,2026-02-16
ORD0003492,ORD0003492-L2024,CUST000152,PROD000024,Southeast,store,2,470.3,placed,2026-02-16
ORD0003551,ORD0003551-L2185,CUST000028,PROD000185,Southeast,web,2,762.86,placed,2026-02-16
ORD0003551,ORD0003551-L2172,CUST000028,PROD000172,Northeast,mobile,2,928.48,placed,2026-02-16
ORD0003551,ORD0003551-L2215,CUST000028,PROD000215,Midwest,store,2,470.3,placed,2026-02-16
ORD0003564,ORD0003564-L1228,CUST000109,PROD000228,Northeast,mobile,1,67.12,placed,2026-02-16
ORD0003564,ORD0003564-L3096,CUST000109,PROD000096,Southeast,marketplace,3,306.03,placed,2026-02-16
ORD0003564,ORD0003564-L3179,CUST000109,PROD000179,West,marketplace,3,611.97,placed,2026-02-16
ORD0003564,ORD0003564-L3001,CUST000109,PROD000001,Northeast,mobile,3,1206.06,placed,2026-02-16
ORD0003639,ORD0003639-L2073,CUST000081,PROD000073,Northeast,web,2,534.62,placed,2026-02-16
ORD0003752,ORD0003752-L2065,CUST000240,PROD000065,Southeast,web,2,119.08,placed,2026-02-16
ORD0003752,ORD0003752-L2061,CUST000240,PROD000061,Southeast,mobile,2,672.26,placed,2026-02-16
ORD0003760,ORD0003760-L2176,CUST000408,PROD000176,West,marketplace,2,742.4,placed,2026-02-16
ORD0003760,ORD0003760-L2037,CUST000408,PROD000037,Midwest,store,2,872.5,placed,2026-02-16
ORD0003760,ORD0003760-L1249,CUST000408,PROD000249,Midwest,marketplace,1,122.1,placed,2026-02-16
ORD0003849,ORD0003849-L2209,CUST000157,PROD000209,West,store,2,284.48,placed,2026-02-16
ORD0003895,ORD0003895-L3212,CUST000281,PROD000212,West,web,3,583.62,placed,2026-02-16
ORD0003895,ORD0003895-L2240,CUST000281,PROD000240,Northeast,mobile,2,807.08,placed,2026-02-16
ORD0003895,ORD0003895-L2081,CUST000281,PROD000081,Northeast,store,2,506.7,placed,2026-02-16
ORD0003895,ORD0003895-L1190,CUST000281,PROD000190,West,web,1,73.7,placed,2026-02-16
ORD0003900,ORD0003900-L1148,CUST000018,PROD000148,Midwest,mobile,1,141.55,placed,2026-02-16
ORD0003900,ORD0003900-L2043,CUST000018,PROD000043,Northeast,mobile,2,287.44,placed,2026-02-16
ORD0003900,ORD0003900-L1250,CUST000018,PROD000250,Midwest,marketplace,1,353.37,placed,2026-02-16
ORD0000133,ORD0000133-L1083,CUST000166,PROD000083,Southeast,marketplace,1,216.48,placed,2026-02-17
ORD0000134,ORD0000134-L2218,CUST000147,PROD000218,Southeast,web,2,141.16,placed,2026-02-17
ORD0000134,ORD0000134-L1195,CUST000147,PROD000195,West,web,1,192.58,placed,2026-02-17
ORD0000134,ORD0000134-L2082,CUST000147,PROD000082,Midwest,store,2,734.36,placed,2026-02-17
ORD0000350,ORD0000350-L3049,CUST000252,PROD000049,Northeast,mobile,3,455.82,placed,2026-02-17
ORD0000439,ORD0000439-L1244,CUST000070,PROD000244,Northeast,marketplace,1,411.41,placed,2026-02-17
ORD0000443,ORD0000443-L2134,CUST000288,PROD000134,Northeast,store,2,777.1,placed,2026-02-17
ORD0000541,ORD0000541-L3216,CUST000033,PROD000216,West,marketplace,3,141.66,placed,2026-02-17
ORD0000541,ORD0000541-L2233,CUST000033,PROD000233,Northeast,store,2,772.2,placed,2026-02-17
ORD0000541,ORD0000541-L1208,CUST000033,PROD000208,Northeast,web,1,91.12,placed,2026-02-17
ORD0000675,ORD0000675-L3157,CUST000154,PROD000157,West,mobile,3,827.22,placed,2026-02-17
ORD0000675,ORD0000675-L1012,CUST000154,PROD000012,Southeast,web,1,395.97,placed,2026-02-17
ORD0000675,ORD0000675-L1085,CUST000154,PROD000085,Southeast,mobile,1,464.15,placed,2026-02-17
ORD0000839,ORD0000839-L3009,CUST000180,PROD000009,Southeast,store,3,1034.58,placed,2026-02-17
ORD0000839,ORD0000839-L3113,CUST000180,PROD000113,Northeast,web,3,82.35,placed,2026-02-17
ORD0000839,ORD0000839-L3030,CUST000180,PROD000030,West,mobile,3,213.27,placed,2026-02-17
ORD0001073,ORD0001073-L2146,CUST000178,PROD000146,West,store,2,721.6,placed,2026-02-17
ORD0001073,ORD0001073-L2091,CUST000178,PROD000091,Midwest,web,2,379.28,placed,2026-02-17
ORD0001073,ORD0001073-L2201,CUST000178,PROD000201,Midwest,marketplace,2,737.0,placed,2026-02-17
ORD0001073,ORD0001073-L2005,CUST000178,PROD000005,Northeast,mobile,2,606.78,placed,2026-02-17
ORD0001081,ORD0001081-L3165,CUST000131,PROD000165,Midwest,marketplace,3,1321.23,placed,2026-02-17
ORD0001081,ORD0001081-L1016,CUST000131,PROD000016,Southeast,mobile,1,368.94,placed,2026-02-17
ORD0001081,ORD0001081-L1084,CUST000131,PROD000084,West,web,1,113.19,placed,2026-02-17
ORD0001210,ORD0001210-L2184,CUST000287,PROD000184,Southeast,store,2,673.54,placed,2026-02-17
ORD0001293,ORD0001293-L3148,CUST000235,PROD000148,West,marketplace,3,424.65,placed,2026-02-17
ORD0001293,ORD0001293-L3236,CUST000235,PROD000236,West,web,3,323.55,placed,2026-02-17
ORD0001320,ORD0001320-L1233,CUST000191,PROD000233,Midwest,mobile,1,328.19,placed,2026-02-17
ORD0001320,ORD0001320-L2060,CUST000191,PROD000060,Midwest,mobile,2,535.22,placed,2026-02-17
ORD0001322,ORD0001322-L2194,CUST000015,PROD000194,Northeast,mobile,2,368.72,placed,2026-02-17
ORD0001359,ORD0001359-L1001,CUST000124,PROD000001,Midwest,web,1,402.02,placed,2026-02-17
ORD0001359,ORD0001359-L2212,CUST000124,PROD000212,Southeast,store,2,389.08,placed,2026-02-17
ORD0001359,ORD0001359-L3237,CUST000124,PROD000237,Southeast,marketplace,3,615.63,placed,2026-02-17
ORD0001359,ORD0001359-L3193,CUST000124,PROD000193,West,store,3,1326.06,placed,2026-02-17
ORD0001419,ORD0001419-L2007,CUST000358,PROD000007,Northeast,web,2,729.88,placed,2026-02-17
ORD0001419,ORD0001419-L2166,CUST000358,PROD000166,West,mobile,2,494.8,placed,2026-02-17
ORD0001419,ORD0001419-L1202,CUST000358,PROD000202,Northeast,web,1,389.02,placed,2026-02-17
ORD0001419,ORD0001419-L2004,CUST000358,PROD000004,West,marketplace,2,900.56,placed,2026-02-17
ORD0001516,ORD0001516-L3134,CUST000044,PROD000134,Southeast,store,3,1165.65,placed,2026-02-17
ORD0001527,ORD0001527-L2219,CUST000207,PROD000219,Midwest,web,2,942.36,placed,2026-02-17
ORD0001527,ORD0001527-L1099,CUST000207,PROD000099,Southeast,marketplace,1,343.15,placed,2026-02-17
ORD0001527,ORD0001527-L3206,CUST000207,PROD000206,West,store,3,1239.3,placed,2026-02-17
ORD0001527,ORD0001527-L2155,CUST000207,PROD000155,West,marketplace,2,320.8,placed,2026-02-17
ORD0001548,ORD0001548-L3057,CUST000143,PROD000057,Midwest,web,3,1144.5,placed,2026-02-17
ORD0001548,ORD0001548-L1018,CUST000143,PROD000018,Midwest,store,1,283.0,placed,2026-02-17
ORD0001562,ORD0001562-L3094,CUST000128,PROD000094,West,web,3,218.49,placed,2026-02-17
ORD0001562,ORD0001562-L2119,CUST000128,PROD000119,Southeast,web,2,698.3,placed,2026-02-17
ORD0001577,ORD0001577-L2048,CUST000175,PROD000048,Midwest,marketplace,2,689.76,placed,2026-02-17
ORD0001658,ORD0001658-L2206,CUST000030,PROD000206,Midwest,web,2,743.58,placed,2026-02-17
ORD0001675,ORD0001675-L1029,CUST000232,PROD000029,West,web,1,450.32,placed,2026-02-17
ORD0001675,ORD0001675-L3014,CUST000232,PROD000014,Southeast,marketplace,3,618.72,placed,2026-02-17
ORD0001707,ORD0001707-L2106,CUST000367,PROD000106,Southeast,store,2,272.78,placed,2026-02-17
ORD0001707,ORD0001707-L2014,CUST000367,PROD000014,Northeast,store,2,434.18,placed,2026-02-17
ORD0001726,ORD0001726-L2025,CUST000469,PROD000025,Northeast,marketplace,2,715.14,placed,2026-02-17
ORD0001730,ORD0001730-L2224,CUST000289,PROD000224,Northeast,store,2,768.72,placed,2026-02-17
ORD0001761,ORD0001761-L3173,CUST000226,PROD000173,West,web,3,776.46,placed,2026-02-17
ORD0001761,ORD0001761-L2032,CUST000226,PROD000032,West,store,2,426.48,placed,2026-02-17
ORD0001761,ORD0001761-L3035,CUST000226,PROD000035,Northeast,web,3,1461.69,placed,2026-02-17
ORD0001761,ORD0001761-L3044,CUST000226,PROD000044,Northeast,mobile,3,1135.95,placed,2026-02-17
ORD0001966,ORD0001966-L3146,CUST000343,PROD000146,West,store,3,1028.28,placed,2026-02-17
ORD0001966,ORD0001966-L1214,CUST000343,PROD000214,West,marketplace,1,116.45,placed,2026-02-17
ORD0002292,ORD0002292-L1154,CUST000054,PROD000154,Southeast,mobile,1,300.5,placed,2026-02-17
ORD0002292,ORD0002292-L1229,CUST000054,PROD000229,Northeast,web,1,60.55,placed,2026-02-17
ORD0002292,ORD0002292-L2168,CUST000054,PROD000168,Southeast,mobile,2,610.52,placed,2026-02-17
ORD0002292,ORD0002292-L2030,CUST000054,PROD000030,West,marketplace,2,135.08,placed,2026-02-17
ORD0002408,ORD0002408-L1225,CUST000128,PROD000225,Northeast,web,1,440.29,placed,2026-02-17
ORD0002408,ORD0002408-L1167,CUST000128,PROD000167,Southeast,marketplace,1,162.46,placed,2026-02-17
ORD0002408,ORD0002408-L1159,CUST000128,PROD000159,Southeast,mobile,1,372.34,placed,2026-02-17
ORD0002408,ORD0002408-L3125,CUST000128,PROD000125,Northeast,store,3,555.75,placed,2026-02-17
ORD0002467,ORD0002467-L2183,CUST000145,PROD000183,Midwest,store,2,346.74,placed,2026-02-17
ORD0002467,ORD0002467-L1097,CUST000145,PROD000097,West,mobile,1,357.09,placed,2026-02-17
ORD0002606,ORD0002606-L3191,CUST000240,PROD000191,Southeast,web,3,968.61,placed,2026-02-17
ORD0002606,ORD0002606-L3015,CUST000240,PROD000015,West,mobile,3,894.42,placed,2026-02-17
ORD0002754,ORD0002754-L3226,CUST000246,PROD000226,Southeast,marketplace,3,611.58,placed,2026-02-17
ORD0002754,ORD0002754-L1202,CUST000246,PROD000202,Southeast,marketplace,1,369.57,placed,2026-02-17
ORD0002802,ORD0002802-L2133,CUST000231,PROD000133,Midwest,store,2,220.58,placed,2026-02-17
ORD0002802,ORD0002802-L3015,CUST000231,PROD000015,Northeast,mobile,3,941.49,placed,2026-02-17
ORD0002911,ORD0002911-L2194,CUST000182,PROD000194,West,web,2,389.2,placed,2026-02-17
ORD0002911,ORD0002911-L3093,CUST000182,PROD000093,West,mobile,3,1118.73,placed,2026-02-17
ORD0002911,ORD0002911-L1046,CUST000182,PROD000046,West,web,1,249.78,placed,2026-02-17
ORD0002911,ORD0002911-L3127,CUST000182,PROD000127,West,marketplace,3,291.6,placed,2026-02-17
ORD0002973,ORD0002973-L1112,CUST000287,PROD000112,West,store,1,261.78,placed,2026-02-17
ORD0003062,ORD0003062-L3143,CUST000048,PROD000143,West,web,3,1046.16,placed,2026-02-17
ORD0003062,ORD0003062-L3109,CUST000048,PROD000109,Northeast,store,3,842.61,placed,2026-02-17
ORD0003062,ORD0003062-L2246,CUST000048,PROD000246,Southeast,mobile,2,176.32,placed,2026-02-17
ORD0003062,ORD0003062-L3135,CUST000048,PROD000135,Northeast,marketplace,3,597.72,placed,2026-02-17
ORD0003359,ORD0003359-L1240,CUST000126,PROD000240,Northeast,web,1,403.54,placed,2026-02-17
ORD0003359,ORD0003359-L2198,CUST000126,PROD000198,West,marketplace,2,823.66,placed,2026-02-17
ORD0003359,ORD0003359-L2216,CUST000126,PROD000216,Midwest,store,2,84.5,placed,2026-02-17
ORD0003444,ORD0003444-L2173,CUST000023,PROD000173,West,web,2,517.64,placed,2026-02-17
ORD0003627,ORD0003627-L2215,CUST000025,PROD000215,Northeast,web,2,446.78,placed,2026-02-17
ORD0003627,ORD0003627-L1185,CUST000025,PROD000185,Northeast,mobile,1,381.43,placed,2026-02-17
ORD0003755,ORD0003755-L2044,CUST000100,PROD000044,Southeast,web,2,757.3,placed,2026-02-17
ORD0003790,ORD0003790-L3108,CUST000077,PROD000108,Southeast,web,3,864.36,placed,2026-02-17
ORD0003790,ORD0003790-L2203,CUST000077,PROD000203,West,mobile,2,707.26,placed,2026-02-17
ORD0003799,ORD0003799-L1022,CUST000434,PROD000022,Northeast,mobile,1,57.37,placed,2026-02-17
ORD0003799,ORD0003799-L3110,CUST000434,PROD000110,Midwest,mobile,3,644.97,placed,2026-02-17
ORD0003799,ORD0003799-L2244,CUST000434,PROD000244,Southeast,mobile,2,822.82,placed,2026-02-17
ORD0003799,ORD0003799-L3085,CUST000434,PROD000085,West,mobile,3,1253.22,placed,2026-02-17
ORD0003891,ORD0003891-L2059,CUST000289,PROD000059,West,store,2,48.36,placed,2026-02-17
ORD0003891,ORD0003891-L2170,CUST000289,PROD000170,West,web,2,66.06,placed,2026-02-17
ORD0000076,ORD0000076-L1005,CUST000326,PROD000005,Northeast,store,1,287.42,placed,2026-02-18
ORD0000076,ORD0000076-L2047,CUST000326,PROD000047,Southeast,web,2,278.9,placed,2026-02-18
ORD0000076,ORD0000076-L3112,CUST000326,PROD000112,West,store,3,667.53,placed,2026-02-18
ORD0000142,ORD0000142-L1110,CUST000152,PROD000110,Southeast,marketplace,1,226.31,placed,2026-02-18
ORD0000142,ORD0000142-L3041,CUST000152,PROD000041,Midwest,marketplace,3,49.05,placed,2026-02-18
ORD0000175,ORD0000175-L1102,CUST000439,PROD000102,West,mobile,1,110.39,placed,2026-02-18
ORD0000175,ORD0000175-L1034,CUST000439,PROD000034,Northeast,store,1,305.64,placed,2026-02-18
ORD0000223,ORD0000223-L1220,CUST000139,PROD000220,West,marketplace,1,400.0,placed,2026-02-18
ORD0000223,ORD0000223-L2008,CUST000139,PROD000008,Northeast,mobile,2,508.58,placed,2026-02-18
ORD0000329,ORD0000329-L1029,CUST000406,PROD000029,West,web,1,426.62,placed,2026-02-18
ORD0000329,ORD0000329-L3011,CUST000406,PROD000011,West,web,3,963.78,placed,2026-02-18
ORD0000329,ORD0000329-L1249,CUST000406,PROD000249,West,mobile,1,115.99,placed,2026-02-18
ORD0000448,ORD0000448-L1077,CUST000368,PROD000077,Midwest,marketplace,1,145.53,placed,2026-02-18
ORD0000448,ORD0000448-L1133,CUST000368,PROD000133,Southeast,web,1,116.09,placed,2026-02-18
ORD0000589,ORD0000589-L2008,CUST000350,PROD000008,Midwest,web,2,483.16,placed,2026-02-18
ORD0000589,ORD0000589-L2121,CUST000350,PROD000121,West,web,2,628.58,placed,2026-02-18
ORD0000647,ORD0000647-L3016,CUST000024,PROD000016,Southeast,store,3,1229.79,placed,2026-02-18
ORD0000647,ORD0000647-L3061,CUST000024,PROD000061,Southeast,web,3,957.96,placed,2026-02-18
ORD0000759,ORD0000759-L2077,CUST000111,PROD000077,West,store,2,291.06,placed,2026-02-18
ORD0000759,ORD0000759-L3161,CUST000111,PROD000161,West,web,3,738.63,placed,2026-02-18
ORD0000759,ORD0000759-L3207,CUST000111,PROD000207,Midwest,store,3,38.28,placed,2026-02-18
ORD0000875,ORD0000875-L3103,CUST000198,PROD000103,Northeast,mobile,3,825.6,placed,2026-02-18
ORD0000875,ORD0000875-L2117,CUST000198,PROD000117,Midwest,mobile,2,818.32,placed,2026-02-18
ORD0000875,ORD0000875-L1131,CUST000198,PROD000131,Southeast,store,1,156.78,placed,2026-02-18
ORD0000875,ORD0000875-L1250,CUST000198,PROD000250,Southeast,web,1,334.77,placed,2026-02-18
ORD0001119,ORD0001119-L3065,CUST000421,PROD000065,Midwest,web,3,198.45,placed,2026-02-18
ORD0001119,ORD0001119-L2030,CUST000421,PROD000030,Southeast,web,2,142.18,placed,2026-02-18
ORD0001281,ORD0001281-L2230,CUST000205,PROD000230,Southeast,store,2,643.46,placed,2026-02-18
ORD0001281,ORD0001281-L1075,CUST000205,PROD000075,Midwest,marketplace,1,282.01,placed,2026-02-18
ORD0001281,ORD0001281-L1181,CUST000205,PROD000181,West,marketplace,1,36.35,placed,2026-02-18
ORD0001281,ORD0001281-L1162,CUST000205,PROD000162,Midwest,store,1,287.61,placed,2026-02-18
ORD0001309,ORD0001309-L2221,CUST000205,PROD000221,Northeast,marketplace,2,409.14,placed,2026-02-18
ORD0001309,ORD0001309-L2103,CUST000205,PROD000103,Northeast,web,2,550.4,placed,2026-02-18
ORD0001309,ORD0001309-L3124,CUST000205,PROD000124,Southeast,marketplace,3,516.87,placed,2026-02-18
ORD0001309,ORD0001309-L3238,CUST000205,PROD000238,Northeast,web,3,269.46,placed,2026-02-18
ORD0001357,ORD0001357-L1058,CUST000087,PROD000058,Midwest,web,1,308.58,placed,2026-02-18
ORD0001357,ORD0001357-L1081,CUST000087,PROD000081,West,mobile,1,228.01,placed,2026-02-18
ORD0001357,ORD0001357-L1065,CUST000087,PROD000065,Midwest,web,1,59.54,placed,2026-02-18
ORD0001365,ORD0001365-L2040,CUST000050,PROD000040,Northeast,mobile,2,61.7,placed,2026-02-18
ORD0001365,ORD0001365-L1066,CUST000050,PROD000066,Southeast,mobile,1,466.43,placed,2026-02-18
ORD0001365,ORD0001365-L3049,CUST000050,PROD000049,West,mobile,3,455.82,placed,2026-02-18
ORD0001486,ORD0001486-L2014,CUST000046,PROD000014,Southeast,mobile,2,369.06,placed,2026-02-18
ORD0001486,ORD0001486-L1217,CUST000046,PROD000217,Southeast,mobile,1,138.47,placed,2026-02-18
ORD0001612,ORD0001612-L3009,CUST000405,PROD000009,West,web,3,1089.03,placed,2026-02-18
ORD0001619,ORD0001619-L3046,CUST000314,PROD000046,Midwest,web,3,749.34,placed,2026-02-18
ORD0001619,ORD0001619-L1018,CUST000314,PROD000018,Southeast,store,1,283.0,placed,2026-02-18
ORD0001637,ORD0001637-L2248,CUST000237,PROD000248,Southeast,mobile,2,660.86,placed,2026-02-18
ORD0001637,ORD0001637-L1066,CUST000237,PROD000066,Southeast,marketplace,1,443.11,placed,2026-02-18
ORD0001637,ORD0001637-L2078,CUST000237,PROD000078,Southeast,mobile,2,46.14,placed,2026-02-18
ORD0001718,ORD0001718-L2085,CUST000085,PROD000085,West,web,2,928.3,placed,2026-02-18
ORD0001889,ORD0001889-L2144,CUST000337,PROD000144,Southeast,mobile,2,699.44,placed,2026-02-18
ORD0001889,ORD0001889-L2243,CUST000337,PROD000243,Midwest,store,2,428.5,placed,2026-02-18
ORD0001998,ORD0001998-L1226,CUST000262,PROD000226,Midwest,store,1,203.86,placed,2026-02-18
ORD0002148,ORD0002148-L2149,CUST000351,PROD000149,Midwest,mobile,2,638.82,placed,2026-02-18
ORD0002148,ORD0002148-L2209,CUST000351,PROD000209,Southeast,store,2,270.26,placed,2026-02-18
ORD0002148,ORD0002148-L1243,CUST000351,PROD000243,West,store,1,203.54,placed,2026-02-18
ORD0002221,ORD0002221-L1179,CUST000035,PROD000179,Southeast,store,1,203.99,placed,2026-02-18
ORD0002221,ORD0002221-L1112,CUST000035,PROD000112,West,web,1,248.69,placed,2026-02-18
ORD0002235,ORD0002235-L2231,CUST000385,PROD000231,Midwest,marketplace,2,152.62,placed,2026-02-18
ORD0002235,ORD0002235-L1198,CUST000385,PROD000198,Midwest,store,1,434.71,placed,2026-02-18
ORD0002412,ORD0002412-L3216,CUST000269,PROD000216,Southeast,web,3,134.19,placed,2026-02-18
ORD0002412,ORD0002412-L3159,CUST000269,PROD000159,West,store,3,1117.02,placed,2026-02-18
ORD0002426,ORD0002426-L2221,CUST000157,PROD000221,West,mobile,2,430.68,placed,2026-02-18
ORD0002428,ORD0002428-L2143,CUST000484,PROD000143,Southeast,web,2,662.56,placed,2026-02-18
ORD0002428,ORD0002428-L2162,CUST000484,PROD000162,Midwest,mobile,2,639.14,placed,2026-02-18
ORD0002428,ORD0002428-L3046,CUST000484,PROD000046,Northeast,web,3,711.87,placed,2026-02-18
ORD0002428,ORD0002428-L1153,CUST000484,PROD000153,Northeast,web,1,398.17,placed,2026-02-18
ORD0002510,ORD0002510-L3212,CUST000301,PROD000212,Northeast,store,3,583.62,placed,2026-02-18
ORD0002510,ORD0002510-L1082,CUST000301,PROD000082,West,mobile,1,348.82,placed,2026-02-18
ORD0002628,ORD0002628-L1133,CUST000127,PROD000133,Midwest,web,1,104.48,placed,2026-02-18
ORD0002628,ORD0002628-L1056,CUST000127,PROD000056,Southeast,web,1,88.61,placed,2026-02-18
ORD0002628,ORD0002628-L2062,CUST000127,PROD000062,West,marketplace,2,479.24,placed,2026-02-18
ORD0002628,ORD0002628-L3170,CUST000127,PROD000170,Northeast,web,3,99.09,placed,2026-02-18
ORD0002801,ORD0002801-L3238,CUST000312,PROD000238,Midwest,marketplace,3,283.65,placed,2026-02-18
ORD0002801,ORD0002801-L1090,CUST000312,PROD000090,Midwest,store,1,130.21,placed,2026-02-18
ORD0002801,ORD0002801-L1202,CUST000312,PROD000202,West,mobile,1,369.57,placed,2026-02-18
ORD0002937,ORD0002937-L1034,CUST000112,PROD000034,Southeast,store,1,275.08,placed,2026-02-18
ORD0002937,ORD0002937-L2068,CUST000112,PROD000068,Southeast,store,2,286.7,placed,2026-02-18
ORD0002937,ORD0002937-L3065,CUST000112,PROD000065,West,mobile,3,188.52,placed,2026-02-18
ORD0003096,ORD0003096-L1237,CUST000185,PROD000237,Southeast,web,1,228.01,placed,2026-02-18
ORD0003357,ORD0003357-L2090,CUST000427,PROD000090,Midwest,marketplace,2,234.38,placed,2026-02-18
ORD0003357,ORD0003357-L1193,CUST000427,PROD000193,Midwest,marketplace,1,442.02,placed,2026-02-18
ORD0003357,ORD0003357-L3040,CUST000427,PROD000040,Midwest,marketplace,3,87.93,placed,2026-02-18
ORD0003409,ORD0003409-L3078,CUST000261,PROD000078,West,marketplace,3,65.76,placed,2026-02-18
ORD0003654,ORD0003654-L3193,CUST000383,PROD000193,Southeast,marketplace,3,1399.71,placed,2026-02-18
ORD0003654,ORD0003654-L2069,CUST000383,PROD000069,Northeast,store,2,258.7,placed,2026-02-18
ORD0003654,ORD0003654-L1196,CUST000383,PROD000196,West,marketplace,1,380.2,placed,2026-02-18
ORD0003802,ORD0003802-L3137,CUST000133,PROD000137,Midwest,web,3,1295.7,placed,2026-02-18
ORD0003802,ORD0003802-L1034,CUST000133,PROD000034,Northeast,marketplace,1,305.64,placed,2026-02-18
ORD0003802,ORD0003802-L3183,CUST000133,PROD000183,Midwest,marketplace,3,549.0,placed,2026-02-18
ORD0003802,ORD0003802-L1089,CUST000133,PROD000089,Northeast,marketplace,1,33.32,placed,2026-02-18
ORD0003838,ORD0003838-L2106,CUST000286,PROD000106,Northeast,web,2,287.14,placed,2026-02-18
ORD0003838,ORD0003838-L2047,CUST000286,PROD000047,Southeast,mobile,2,251.0,placed,2026-02-18
ORD0003838,ORD0003838-L1073,CUST000286,PROD000073,Midwest,store,1,267.31,placed,2026-02-18
ORD0003846,ORD0003846-L1027,CUST000379,PROD000027,Southeast,store,1,326.57,placed,2026-02-18
ORD0000032,ORD0000032-L3144,CUST000092,PROD000144,Southeast,web,3,993.96,placed,2026-02-19
ORD0000095,ORD0000095-L3162,CUST000306,PROD000162,Northeast,mobile,3,910.77,placed,2026-02-19
ORD0000095,ORD0000095-L1184,CUST000306,PROD000184,Southeast,marketplace,1,303.09,placed,2026-02-19
ORD0000095,ORD0000095-L3151,CUST000306,PROD000151,Midwest,mobile,3,900.66,placed,2026-02-19
ORD0000095,ORD0000095-L1048,CUST000306,PROD000048,West,store,1,327.64,placed,2026-02-19
ORD0000201,ORD0000201-L1170,CUST000487,PROD000170,West,mobile,1,33.03,placed,2026-02-19
ORD0000201,ORD0000201-L3009,CUST000487,PROD000009,Southeast,web,3,1034.58,placed,2026-02-19
ORD0000201,ORD0000201-L2077,CUST000487,PROD000077,Northeast,mobile,2,276.5,placed,2026-02-19
ORD0000201,ORD0000201-L3034,CUST000487,PROD000034,West,marketplace,3,871.08,placed,2026-02-19
ORD0000469,ORD0000469-L1096,CUST000450,PROD000096,Northeast,web,1,102.01,placed,2026-02-19
ORD0000469,ORD0000469-L2161,CUST000450,PROD000161,Midwest,web,2,492.42,placed,2026-02-19
ORD0000469,ORD0000469-L2229,CUST000450,PROD000229,Southeast,web,2,121.1,placed,2026-02-19
ORD0000469,ORD0000469-L1079,CUST000450,PROD000079,Midwest,mobile,1,385.67,placed,2026-02-19
ORD0000515,ORD0000515-L1225,CUST000074,PROD000225,Midwest,marketplace,1,418.28,placed,2026-02-19
ORD0000515,ORD0000515-L3250,CUST000074,PROD000250,West,mobile,3,1115.91,placed,2026-02-19
ORD0000515,ORD0000515-L3047,CUST000074,PROD000047,Southeast,mobile,3,418.35,placed,2026-02-19
ORD0000584,ORD0000584-L1021,CUST000045,PROD000021,West,web,1,22.43,placed,2026-02-19
ORD0000584,ORD0000584-L1127,CUST000045,PROD000127,West,mobile,1,97.2,placed,2026-02-19
ORD0000698,ORD0000698-L1204,CUST000356,PROD000204,Midwest,marketplace,1,450.52,placed,2026-02-19
ORD0000698,ORD0000698-L3181,CUST000356,PROD000181,Northeast,web,3,128.31,placed,2026-02-19
ORD0000833,ORD0000833-L3132,CUST000477,PROD000132,Midwest,store,3,1146.24,placed,2026-02-19
ORD0000833,ORD0000833-L2117,CUST000477,PROD000117,Midwest,store,2,909.24,placed,2026-02-19
ORD0000843,ORD0000843-L3142,CUST000038,PROD000142,Southeast,marketplace,3,297.93,placed,2026-02-19
ORD0000843,ORD0000843-L3139,CUST000038,PROD000139,Midwest,marketplace,3,1168.14,placed,2026-02-19
ORD0000843,ORD0000843-L1009,CUST000038,PROD000009,West,store,1,326.71,placed,2026-02-19
ORD0000843,ORD0000843-L1062,CUST000038,PROD000062,Southeast,web,1,239.62,placed,2026-02-19
ORD0000847,ORD0000847-L1112,CUST000228,PROD000112,Northeast,web,1,248.69,placed,2026-02-19
ORD0000847,ORD0000847-L2146,CUST000228,PROD000146,Northeast,mobile,2,685.52,placed,2026-02-19
ORD0000886,ORD0000886-L1046,CUST000448,PROD000046,Midwest,mobile,1,224.8,placed,2026-02-19
ORD0000886,ORD0000886-L3160,CUST000448,PROD000160,Northeast,mobile,3,217.2,placed,2026-02-19
ORD0000886,ORD0000886-L1116,CUST000448,PROD000116,Southeast,web,1,240.91,placed,2026-02-19
ORD0000886,ORD0000886-L2193,CUST000448,PROD000193,Northeast,web,2,982.26,placed,2026-02-19
ORD0000911,ORD0000911-L2098,CUST000371,PROD000098,Southeast,marketplace,2,874.5,placed,2026-02-19
ORD0000911,ORD0000911-L1008,CUST000371,PROD000008,Southeast,web,1,254.29,placed,2026-02-19
ORD0000911,ORD0000911-L2012,CUST000371,PROD000012,Midwest,marketplace,2,931.7,placed,2026-02-19
ORD0001285,ORD0001285-L3148,CUST000175,PROD000148,Midwest,marketplace,3,424.65,placed,2026-02-19
ORD0001522,ORD0001522-L1068,CUST000485,PROD000068,Midwest,store,1,143.35,placed,2026-02-19
ORD0001522,ORD0001522-L3248,CUST000485,PROD000248,Midwest,store,3,991.29,placed,2026-02-19
ORD0001522,ORD0001522-L2157,CUST000485,PROD000157,Northeast,store,2,551.48,placed,2026-02-19
ORD0001522,ORD0001522-L1004,CUST000485,PROD000004,Northeast,store,1,450.28,placed,2026-02-19
ORD0001769,ORD0001769-L1156,CUST000423,PROD000156,Northeast,web,1,78.82,placed,2026-02-19
ORD0001769,ORD0001769-L3190,CUST000423,PROD000190,Southeast,mobile,3,198.99,placed,2026-02-19
ORD0001817,ORD0001817-L3012,CUST000157,PROD000012,Southeast,store,3,1327.68,placed,2026-02-19
ORD0001817,ORD0001817-L2196,CUST000157,PROD000196,Southeast,store,2,722.38,placed,2026-02-19
ORD0001817,ORD0001817-L1138,CUST000157,PROD000138,Northeast,store,1,324.99,placed,2026-02-19
ORD0001832,ORD0001832-L3051,CUST000498,PROD000051,Southeast,web,3,1152.93,placed,2026-02-19
ORD0001832,ORD0001832-L1023,CUST000498,PROD000023,West,marketplace,1,30.51,placed,2026-02-19
ORD0001832,ORD0001832-L2247,CUST000498,PROD000247,Midwest,mobile,2,651.56,placed,2026-02-19
ORD0001832,ORD0001832-L1151,CUST000498,PROD000151,Southeast,store,1,353.2,placed,2026-02-19
ORD0001918,ORD0001918-L1107,CUST000377,PROD000107,Midwest,store,1,428.08,placed,2026-02-19
ORD0001918,ORD0001918-L3006,CUST000377,PROD000006,West,marketplace,3,424.83,placed,2026-02-19
ORD0002076,ORD0002076-L2243,CUST000359,PROD000243,West,web,2,385.66,placed,2026-02-19
ORD0002076,ORD0002076-L3216,CUST000359,PROD000216,Northeast,marketplace,3,149.1,placed,2026-02-19
ORD0002076,ORD0002076-L2001,CUST000359,PROD000001,Midwest,web,2,846.36,placed,2026-02-19
ORD0002076,ORD0002076-L3112,CUST000359,PROD000112,West,web,3,706.8,placed,2026-02-19
ORD0002083,ORD0002083-L2056,CUST000342,PROD000056,Midwest,web,2,177.22,placed,2026-02-19
ORD0002114,ORD0002114-L2113,CUST000295,PROD000113,Midwest,marketplace,2,46.66,placed,2026-02-19
ORD0002114,ORD0002114-L3225,CUST000295,PROD000225,West,web,3,1320.87,placed,2026-02-19
ORD0002114,ORD0002114-L2108,CUST000295,PROD000108,Midwest,marketplace,2,547.42,placed,2026-02-19
ORD0002125,ORD0002125-L3151,CUST000477,PROD000151,Midwest,store,3,1006.62,placed,2026-02-19
ORD0002366,ORD0002366-L1106,CUST000203,PROD000106,Midwest,store,1,143.57,placed,2026-02-19
ORD0002366,ORD0002366-L3209,CUST000203,PROD000209,Southeast,web,3,384.06,placed,2026-02-19
ORD0002366,ORD0002366-L1073,CUST000203,PROD000073,Northeast,store,1,281.38,placed,2026-02-19
ORD0002382,ORD0002382-L3233,CUST000346,PROD000233,Southeast,store,3,1158.3,placed,2026-02-19
ORD0002501,ORD0002501-L2216,CUST000443,PROD000216,West,mobile,2,84.5,placed,2026-02-19
ORD0002501,ORD0002501-L1100,CUST000443,PROD000100,West,marketplace,1,174.77,placed,2026-02-19
ORD0002517,ORD0002517-L2198,CUST000035,PROD000198,Northeast,marketplace,2,869.42,placed,2026-02-19
ORD0002535,ORD0002535-L3089,CUST000086,PROD000089,Northeast,web,3,105.21,placed,2026-02-19
ORD0002535,ORD0002535-L2238,CUST000086,PROD000238,Midwest,mobile,2,179.64,placed,2026-02-19
ORD0002861,ORD0002861-L2051,CUST000222,PROD000051,West,mobile,2,768.62,placed,2026-02-19
ORD0002861,ORD0002861-L3185,CUST000222,PROD000185,Northeast,store,3,1207.86,placed,2026-02-19
ORD0002861,ORD0002861-L1150,CUST000222,PROD000150,Midwest,marketplace,1,421.42,placed,2026-02-19
ORD0002861,ORD0002861-L1157,CUST000222,PROD000157,Northeast,store,1,275.74,placed,2026-02-19
ORD0003120,ORD0003120-L1173,CUST000011,PROD000173,Northeast,marketplace,1,232.94,placed,2026-02-19
ORD0003120,ORD0003120-L2201,CUST000011,PROD000201,West,store,2,663.3,placed,2026-02-19
ORD0003120,ORD0003120-L2038,CUST000011,PROD000038,Northeast,store,2,70.66,placed,2026-02-19
ORD0003226,ORD0003226-L2172,CUST000303,PROD000172,Southeast,marketplace,2,882.06,placed,2026-02-19
ORD0003226,ORD0003226-L2161,CUST000303,PROD000161,Midwest,marketplace,2,492.42,placed,2026-02-19
ORD0003226,ORD0003226-L1005,CUST000303,PROD000005,West,store,1,319.36,placed,2026-02-19
ORD0003238,ORD0003238-L1011,CUST000373,PROD000011,Southeast,mobile,1,305.2,placed,2026-02-19
ORD0003238,ORD0003238-L1160,CUST000373,PROD000160,Northeast,web,1,72.4,placed,2026-02-19
ORD0003309,ORD0003309-L2049,CUST000120,PROD000049,West,store,2,288.68,placed,2026-02-19
ORD0003487,ORD0003487-L3003,CUST000090,PROD000003,West,web,3,663.36,placed,2026-02-19
ORD0003523,ORD0003523-L3161,CUST000390,PROD000161,Southeast,store,3,701.7,placed,2026-02-19
ORD0003523,ORD0003523-L3111,CUST000390,PROD000111,West,store,3,42.96,placed,2026-02-19
ORD0003523,ORD0003523-L1163,CUST000390,PROD000163,West,marketplace,1,375.96,placed,2026-02-19
ORD0003718,ORD0003718-L2240,CUST000302,PROD000240,Southeast,marketplace,2,726.38,placed,2026-02-19
ORD0003718,ORD0003718-L2035,CUST000302,PROD000035,Midwest,store,2,974.46,placed,2026-02-19
ORD0003718,ORD0003718-L2177,CUST000302,PROD000177,Northeast,store,2,67.96,placed,2026-02-19
ORD0003763,ORD0003763-L1117,CUST000378,PROD000117,Southeast,web,1,454.62,placed,2026-02-19
ORD0000195,ORD0000195-L3179,CUST000156,PROD000179,Midwest,web,3,679.98,placed,2026-02-20
ORD0000212,ORD0000212-L3132,CUST000157,PROD000132,Southeast,marketplace,3,1146.24,placed,2026-02-20
ORD0000212,ORD0000212-L3099,CUST000157,PROD000099,Midwest,web,3,1086.66,placed,2026-02-20
ORD0000267,ORD0000267-L3123,CUST000408,PROD000123,West,web,3,458.34,placed,2026-02-20
ORD0000267,ORD0000267-L3055,CUST000408,PROD000055,Midwest,web,3,938.04,placed,2026-02-20
ORD0000267,ORD0000267-L3246,CUST000408,PROD000246,Midwest,store,3,264.48,placed,2026-02-20
ORD0000320,ORD0000320-L3209,CUST000472,PROD000209,West,store,3,384.06,placed,2026-02-20
ORD0000320,ORD0000320-L1217,CUST000472,PROD000217,West,web,1,131.55,placed,2026-02-20
ORD0000320,ORD0000320-L2128,CUST000472,PROD000128,Northeast,marketplace,2,68.48,placed,2026-02-20
ORD0000320,ORD0000320-L3206,CUST000472,PROD000206,Southeast,marketplace,3,1239.3,placed,2026-02-20
ORD0000343,ORD0000343-L3062,CUST000343,PROD000062,Northeast,marketplace,3,646.98,placed,2026-02-20
ORD0000391,ORD0000391-L2049,CUST000454,PROD000049,Northeast,web,2,273.5,placed,2026-02-20
ORD0000391,ORD0000391-L3083,CUST000454,PROD000083,West,mobile,3,649.44,placed,2026-02-20
ORD0000729,ORD0000729-L3141,CUST000192,PROD000141,Midwest,marketplace,3,1110.27,placed,2026-02-20
ORD0000729,ORD0000729-L3226,CUST000192,PROD000226,West,mobile,3,645.54,placed,2026-02-20
ORD0000729,ORD0000729-L2095,CUST000192,PROD000095,Midwest,web,2,36.72,placed,2026-02-20
ORD0000729,ORD0000729-L1179,CUST000192,PROD000179,Midwest,marketplace,1,215.33,placed,2026-02-20
ORD0000824,ORD0000824-L2018,CUST000318,PROD000018,Southeast,web,2,566.0,placed,2026-02-20
ORD0000824,ORD0000824-L3017,CUST000318,PROD000017,Northeast,marketplace,3,803.73,placed,2026-02-20
ORD0000824,ORD0000824-L3004,CUST000318,PROD000004,Midwest,marketplace,3,1215.75,placed,2026-02-20
ORD0000824,ORD0000824-L2056,CUST000318,PROD000056,Northeast,web,2,159.5,placed,2026-02-20
ORD0000857,ORD0000857-L1220,CUST000103,PROD000220,Northeast,marketplace,1,422.22,placed,2026-02-20
ORD0000857,ORD0000857-L2223,CUST000103,PROD000223,Midwest,web,2,575.96,placed,2026-02-20
ORD0000890,ORD0000890-L3082,CUST000010,PROD000082,Northeast,marketplace,3,1101.54,placed,2026-02-20
ORD0000890,ORD0000890-L2246,CUST000010,PROD000246,Northeast,marketplace,2,176.32,placed,2026-02-20
ORD0000890,ORD0000890-L1065,CUST000010,PROD000065,Midwest,mobile,1,56.23,placed,2026-02-20
ORD0001038,ORD0001038-L2249,CUST000145,PROD000249,Midwest,mobile,2,244.2,placed,2026-02-20
ORD0001038,ORD0001038-L3174,CUST000145,PROD000174,West,web,3,969.84,placed,2026-02-20
ORD0001038,ORD0001038-L2106,CUST000145,PROD000106,Midwest,web,2,258.42,placed,2026-02-20
ORD0001038,ORD0001038-L2101,CUST000145,PROD000101,West,mobile,2,779.58,placed,2026-02-20
ORD0001089,ORD0001089-L3071,CUST000457,PROD000071,Southeast,mobile,3,284.97,placed,2026-02-20
ORD0001226,ORD0001226-L3163,CUST000275,PROD000163,West,store,3,1015.08,placed,2026-02-20
ORD0001226,ORD0001226-L2095,CUST000275,PROD000095,Northeast,store,2,40.8,placed,2026-02-20
ORD0001226,ORD0001226-L3010,CUST000275,PROD000010,Northeast,marketplace,3,352.11,placed,2026-02-20
ORD0001268,ORD0001268-L1210,CUST000179,PROD000210,West,mobile,1,375.69,placed,2026-02-20
ORD0001268,ORD0001268-L1200,CUST000179,PROD000200,West,mobile,1,322.51,placed,2026-02-20
ORD0001354,ORD0001354-L1242,CUST000320,PROD000242,Midwest,marketplace,1,365.43,placed,2026-02-20
ORD0001559,ORD0001559-L2085,CUST000455,PROD000085,West,mobile,2,881.88,placed,2026-02-20
ORD0001614,ORD0001614-L1101,CUST000269,PROD000101,West,store,1,410.31,placed,2026-02-20
ORD0001614,ORD0001614-L1173,CUST000269,PROD000173,Southeast,web,1,258.82,placed,2026-02-20
ORD0001614,ORD0001614-L3248,CUST000269,PROD000248,Southeast,marketplace,3,941.73,placed,2026-02-20
ORD0001617,ORD0001617-L2158,CUST000492,PROD000158,Midwest,web,2,186.46,placed,2026-02-20
ORD0001617,ORD0001617-L2165,CUST000492,PROD000165,Southeast,store,2,880.82,placed,2026-02-20
ORD0001660,ORD0001660-L1002,CUST000113,PROD000002,West,web,1,440.58,placed,2026-02-20
ORD0001660,ORD0001660-L3206,CUST000113,PROD000206,West,store,3,1115.37,placed,2026-02-20
ORD0001660,ORD0001660-L3193,CUST000113,PROD000193,West,web,3,1473.39,placed,2026-02-20
ORD0001671,ORD0001671-L3218,CUST000170,PROD000218,Southeast,web,3,223.5,placed,2026-02-20
ORD0001671,ORD0001671-L2004,CUST000170,PROD000004,West,web,2,900.56,placed,2026-02-20
ORD0001799,ORD0001799-L3219,CUST000283,PROD000219,Northeast,web,3,1342.86,placed,2026-02-20
ORD0001799,ORD0001799-L1081,CUST000283,PROD000081,Northeast,marketplace,1,253.35,placed,2026-02-20
ORD0001799,ORD0001799-L2072,CUST000283,PROD000072,Northeast,mobile,2,499.84,placed,2026-02-20
ORD0002424,ORD0002424-L3226,CUST000371,PROD000226,Southeast,store,3,611.58,placed,2026-02-20
ORD0002424,ORD0002424-L2198,CUST000371,PROD000198,Southeast,store,2,823.66,placed,2026-02-20
ORD0002540,ORD0002540-L1109,CUST000083,PROD000109,West,mobile,1,266.83,placed,2026-02-20
ORD0002540,ORD0002540-L2027,CUST000083,PROD000027,Midwest,store,2,653.14,placed,2026-02-20
ORD0002550,ORD0002550-L3159,CUST000417,PROD000159,Midwest,web,3,1117.02,placed,2026-02-20
ORD0002550,ORD0002550-L2021,CUST000417,PROD000021,Southeast,web,2,47.34,placed,2026-02-20
ORD0002550,ORD0002550-L1012,CUST000417,PROD000012,Northeast,web,1,442.56,placed,2026-02-20
ORD0002615,ORD0002615-L2020,CUST000221,PROD000020,Southeast,marketplace,2,975.24,placed,2026-02-20
ORD0002615,ORD0002615-L1221,CUST000221,PROD000221,Southeast,store,1,215.34,placed,2026-02-20
ORD0002615,ORD0002615-L3094,CUST000221,PROD000094,West,marketplace,3,206.34,placed,2026-02-20
ORD0002615,ORD0002615-L3178,CUST000221,PROD000178,Northeast,mobile,3,712.35,placed,2026-02-20
ORD0002717,ORD0002717-L3184,CUST000077,PROD000184,Northeast,store,3,1010.31,placed,2026-02-20
ORD0002717,ORD0002717-L3215,CUST000077,PROD000215,Midwest,marketplace,3,670.17,placed,2026-02-20
ORD0002717,ORD0002717-L1105,CUST000077,PROD000105,Northeast,store,1,389.72,placed,2026-02-20
ORD0002761,ORD0002761-L1145,CUST000448,PROD000145,Southeast,mobile,1,96.38,placed,2026-02-20
ORD0002782,ORD0002782-L3028,CUST000379,PROD000028,Midwest,marketplace,3,156.3,placed,2026-02-20
ORD0002912,ORD0002912-L3126,CUST000465,PROD000126,Southeast,marketplace,3,842.7,placed,2026-02-20
ORD0002912,ORD0002912-L2176,CUST000465,PROD000176,Northeast,mobile,2,742.4,placed,2026-02-20
ORD0002912,ORD0002912-L1206,CUST000465,PROD000206,Midwest,store,1,413.1,placed,2026-02-20
ORD0002947,ORD0002947-L3230,CUST000408,PROD000230,Midwest,mobile,3,965.19,placed,2026-02-20
ORD0002947,ORD0002947-L2100,CUST000408,PROD000100,Midwest,web,2,331.14,placed,2026-02-20
ORD0003043,ORD0003043-L2250,CUST000022,PROD000250,West,mobile,2,669.54,placed,2026-02-20
ORD0003043,ORD0003043-L2241,CUST000022,PROD000241,West,web,2,137.9,placed,2026-02-20
ORD0003386,ORD0003386-L3094,CUST000281,PROD000094,West,mobile,3,206.34,placed,2026-02-20
ORD0003386,ORD0003386-L2028,CUST000281,PROD000028,Northeast,web,2,98.98,placed,2026-02-20
ORD0003441,ORD0003441-L2085,CUST000115,PROD000085,Southeast,marketplace,2,881.88,placed,2026-02-20
ORD0003441,ORD0003441-L1144,CUST000115,PROD000144,Southeast,marketplace,1,349.72,placed,2026-02-20
ORD0003441,ORD0003441-L3201,CUST000115,PROD000201,Midwest,mobile,3,1105.5,placed,2026-02-20
ORD0003441,ORD0003441-L1115,CUST000115,PROD000115,Southeast,mobile,1,151.23,placed,2026-02-20
ORD0003624,ORD0003624-L3162,CUST000183,PROD000162,West,marketplace,3,862.83,placed,2026-02-20
ORD0003624,ORD0003624-L2013,CUST000183,PROD000013,Northeast,store,2,840.3,placed,2026-02-20
ORD0003712,ORD0003712-L3194,CUST000223,PROD000194,Northeast,mobile,3,614.52,placed,2026-02-20
ORD0003712,ORD0003712-L1195,CUST000223,PROD000195,Midwest,marketplace,1,182.95,placed,2026-02-20
ORD0003712,ORD0003712-L3146,CUST000223,PROD000146,West,marketplace,3,1082.4,placed,2026-02-20
ORD0003712,ORD0003712-L1030,CUST000223,PROD000030,Midwest,marketplace,1,67.54,placed,2026-02-20
ORD0003780,ORD0003780-L3029,CUST000024,PROD000029,Northeast,marketplace,3,1422.06,placed,2026-02-20
ORD0003780,ORD0003780-L2218,CUST000024,PROD000218,Northeast,marketplace,2,149.0,placed,2026-02-20
ORD0003780,ORD0003780-L2168,CUST000024,PROD000168,Northeast,marketplace,2,578.4,placed,2026-02-20
ORD0003879,ORD0003879-L2063,CUST000429,PROD000063,Southeast,web,2,590.84,placed,2026-02-20
ORD0003879,ORD0003879-L1024,CUST000429,PROD000024,Northeast,marketplace,1,235.15,placed,2026-02-20
ORD0003879,ORD0003879-L2047,CUST000429,PROD000047,Northeast,mobile,2,278.9,placed,2026-02-20
ORD0003935,ORD0003935-L2122,CUST000372,PROD000122,Southeast,store,2,340.5,placed,2026-02-20
ORD0003935,ORD0003935-L3053,CUST000372,PROD000053,Northeast,web,3,679.95,placed,2026-02-20
ORD0003935,ORD0003935-L1035,CUST000372,PROD000035,Southeast,store,1,438.51,placed,2026-02-20
ORD0003935,ORD0003935-L1165,CUST000372,PROD000165,Southeast,store,1,396.37,placed,2026-02-20
ORD0003948,ORD0003948-L1204,CUST000171,PROD000204,West,web,1,450.52,placed,2026-02-20
ORD0000300,ORD0000300-L3021,CUST000016,PROD000021,Northeast,web,3,71.01,placed,2026-02-21
ORD0000300,ORD0000300-L2217,CUST000016,PROD000217,Northeast,mobile,2,249.24,placed,2026-02-21
ORD0000318,ORD0000318-L1163,CUST000120,PROD000163,West,web,1,357.16,placed,2026-02-21
ORD0000318,ORD0000318-L1169,CUST000120,PROD000169,West,store,1,294.97,placed,2026-02-21
ORD0000450,ORD0000450-L3234,CUST000202,PROD000234,Northeast,mobile,3,1407.21,placed,2026-02-21
ORD0000450,ORD0000450-L3112,CUST000202,PROD000112,West,store,3,706.8,placed,2026-02-21
ORD0000537,ORD0000537-L3229,CUST000084,PROD000229,Northeast,marketplace,3,181.65,placed,2026-02-21
ORD0000553,ORD0000553-L2100,CUST000102,PROD000100,Midwest,marketplace,2,367.94,placed,2026-02-21
ORD0000553,ORD0000553-L3158,CUST000102,PROD000158,Midwest,marketplace,3,294.42,placed,2026-02-21
ORD0000558,ORD0000558-L1118,CUST000395,PROD000118,West,mobile,1,303.49,placed,2026-02-21
ORD0000558,ORD0000558-L2123,CUST000395,PROD000123,West,marketplace,2,322.52,placed,2026-02-21
ORD0000601,ORD0000601-L2064,CUST000351,PROD000064,Northeast,store,2,561.8,placed,2026-02-21
ORD0000601,ORD0000601-L2240,CUST000351,PROD000240,West,mobile,2,807.08,placed,2026-02-21
ORD0000838,ORD0000838-L1032,CUST000061,PROD000032,Northeast,marketplace,1,190.79,placed,2026-02-21
ORD0000838,ORD0000838-L1076,CUST000061,PROD000076,Northeast,mobile,1,67.83,placed,2026-02-21
ORD0000838,ORD0000838-L3230,CUST000061,PROD000230,West,marketplace,3,916.92,placed,2026-02-21
ORD0000838,ORD0000838-L1045,CUST000061,PROD000045,Midwest,store,1,377.2,placed,2026-02-21
ORD0001016,ORD0001016-L3137,CUST000222,PROD000137,West,marketplace,3,1439.67,placed,2026-02-21
ORD0001016,ORD0001016-L3194,CUST000222,PROD000194,Southeast,web,3,614.52,placed,2026-02-21
ORD0001055,ORD0001055-L1209,CUST000112,PROD000209,West,store,1,142.24,placed,2026-02-21
ORD0001208,ORD0001208-L3025,CUST000458,PROD000025,Northeast,store,3,1016.25,placed,2026-02-21
ORD0001208,ORD0001208-L2009,CUST000458,PROD000009,Northeast,store,2,726.02,placed,2026-02-21
ORD0001208,ORD0001208-L2105,CUST000458,PROD000105,Midwest,web,2,779.44,placed,2026-02-21
ORD0001208,ORD0001208-L2158,CUST000458,PROD000158,Northeast,mobile,2,186.46,placed,2026-02-21
ORD0001390,ORD0001390-L2226,CUST000062,PROD000226,West,web,2,430.36,placed,2026-02-21
ORD0001390,ORD0001390-L3107,CUST000062,PROD000107,Midwest,store,3,1220.04,placed,2026-02-21
ORD0001390,ORD0001390-L1146,CUST000062,PROD000146,West,web,1,360.8,placed,2026-02-21
ORD0001420,ORD0001420-L2041,CUST000243,PROD000041,West,web,2,38.48,placed,2026-02-21
ORD0001420,ORD0001420-L3219,CUST000243,PROD000219,West,marketplace,3,1413.54,placed,2026-02-21
ORD0001421,ORD0001421-L1046,CUST000487,PROD000046,Southeast,marketplace,1,249.78,placed,2026-02-21
ORD0001426,ORD0001426-L3243,CUST000269,PROD000243,West,web,3,642.75,placed,2026-02-21
ORD0001426,ORD0001426-L3120,CUST000269,PROD000120,Northeast,mobile,3,254.46,placed,2026-02-21
ORD0001426,ORD0001426-L3132,CUST000269,PROD000132,Midwest,web,3,974.31,placed,2026-02-21
ORD0001433,ORD0001433-L2239,CUST000214,PROD000239,West,marketplace,2,660.74,placed,2026-02-21
ORD0001634,ORD0001634-L3238,CUST000402,PROD000238,Midwest,web,3,283.65,placed,2026-02-21
ORD0001634,ORD0001634-L1100,CUST000402,PROD000100,Midwest,mobile,1,174.77,placed,2026-02-21
ORD0001698,ORD0001698-L1117,CUST000422,PROD000117,Northeast,marketplace,1,454.62,placed,2026-02-21
ORD0001698,ORD0001698-L1002,CUST000422,PROD000002,Southeast,web,1,440.58,placed,2026-02-21
ORD0001698,ORD0001698-L2048,CUST000422,PROD000048,Midwest,mobile,2,620.78,placed,2026-02-21
ORD0001899,ORD0001899-L2112,CUST000330,PROD000112,Northeast,store,2,523.56,placed,2026-02-21
ORD0002010,ORD0002010-L3197,CUST000021,PROD000197,Northeast,web,3,1221.06,placed,2026-02-21
ORD0002010,ORD0002010-L1062,CUST000021,PROD000062,Midwest,mobile,1,239.62,placed,2026-02-21
ORD0002010,ORD0002010-L3141,CUST000021,PROD000141,Southeast,web,3,1168.71,placed,2026-02-21
ORD0002011,ORD0002011-L2194,CUST000221,PROD000194,Southeast,web,2,409.68,placed,2026-02-21
ORD0002011,ORD0002011-L3003,CUST000221,PROD000003,Midwest,marketplace,3,702.39,placed,2026-02-21
ORD0002023,ORD0002023-L1088,CUST000125,PROD000088,Southeast,store,1,229.02,placed,2026-02-21
ORD0002203,ORD0002203-L3157,CUST000492,PROD000157,Northeast,mobile,3,827.22,placed,2026-02-21
ORD0002332,ORD0002332-L2202,CUST000394,PROD000202,Northeast,marketplace,2,739.14,placed,2026-02-21
ORD0002616,ORD0002616-L3150,CUST000350,PROD000150,Midwest,mobile,3,1404.72,placed,2026-02-21
ORD0002616,ORD0002616-L1019,CUST000350,PROD000019,Northeast,marketplace,1,300.34,placed,2026-02-21
ORD0002616,ORD0002616-L1081,CUST000350,PROD000081,Southeast,store,1,253.35,placed,2026-02-21
ORD0002619,ORD0002619-L2079,CUST000392,PROD000079,West,web,2,771.34,placed,2026-02-21
ORD0002619,ORD0002619-L1070,CUST000392,PROD000070,Midwest,mobile,1,238.08,placed,2026-02-21
ORD0002619,ORD0002619-L2098,CUST000392,PROD000098,Southeast,web,2,874.5,placed,2026-02-21
ORD0002619,ORD0002619-L1159,CUST000392,PROD000159,Midwest,mobile,1,372.34,placed,2026-02-21
ORD0002694,ORD0002694-L2009,CUST000214,PROD000009,West,mobile,2,689.72,placed,2026-02-21
ORD0002694,ORD0002694-L2215,CUST000214,PROD000215,Midwest,mobile,2,470.3,placed,2026-02-21
ORD0002694,ORD0002694-L2132,CUST000214,PROD000132,Midwest,mobile,2,764.16,placed,2026-02-21
ORD0002748,ORD0002748-L1221,CUST000407,PROD000221,West,marketplace,1,204.57,placed,2026-02-21
ORD0002748,ORD0002748-L1113,CUST000407,PROD000113,West,marketplace,1,26.08,placed,2026-02-21
ORD0002758,ORD0002758-L3065,CUST000363,PROD000065,Midwest,web,3,198.45,placed,2026-02-21
ORD0002758,ORD0002758-L3171,CUST000363,PROD000171,Southeast,mobile,3,594.57,placed,2026-02-21
ORD0002758,ORD0002758-L2071,CUST000363,PROD000071,Southeast,mobile,2,189.98,placed,2026-02-21
ORD0002758,ORD0002758-L3207,CUST000363,PROD000207,Northeast,marketplace,3,40.41,placed,2026-02-21
ORD0002779,ORD0002779-L1166,CUST000182,PROD000166,Northeast,marketplace,1,247.4,placed,2026-02-21
ORD0002779,ORD0002779-L1105,CUST000182,PROD000105,Northeast,store,1,389.72,placed,2026-02-21
ORD0002837,ORD0002837-L2180,CUST000063,PROD000180,Southeast,marketplace,2,744.3,placed,2026-02-21
ORD0002837,ORD0002837-L2086,CUST000063,PROD000086,Midwest,marketplace,2,930.58,placed,2026-02-21
ORD0002878,ORD0002878-L1114,CUST000232,PROD000114,West,mobile,1,397.45,placed,2026-02-21
ORD0003027,ORD0003027-L1109,CUST000418,PROD000109,Northeast,marketplace,1,252.78,placed,2026-02-21
ORD0003175,ORD0003175-L3002,CUST000037,PROD000002,Southeast,store,3,1321.74,placed,2026-02-21
ORD0003175,ORD0003175-L3097,CUST000037,PROD000097,Northeast,marketplace,3,1014.87,placed,2026-02-21
ORD0003285,ORD0003285-L2035,CUST000442,PROD000035,West,store,2,974.46,placed,2026-02-21
ORD0003285,ORD0003285-L3149,CUST000442,PROD000149,Northeast,web,3,910.32,placed,2026-02-21
ORD0003342,ORD0003342-L1172,CUST000055,PROD000172,Northeast,store,1,417.82,placed,2026-02-21
ORD0003342,ORD0003342-L2111,CUST000055,PROD000111,Southeast,store,2,28.64,placed,2026-02-21
ORD0003343,ORD0003343-L3141,CUST000314,PROD000141,Southeast,web,3,1168.71,placed,2026-02-21
ORD0003343,ORD0003343-L2055,CUST000314,PROD000055,Midwest,marketplace,2,625.36,placed,2026-02-21
ORD0003536,ORD0003536-L1070,CUST000305,PROD000070,Northeast,marketplace,1,238.08,placed,2026-02-21
ORD0003536,ORD0003536-L3032,CUST000305,PROD000032,Northeast,web,3,673.38,placed,2026-02-21
ORD0003753,ORD0003753-L1210,CUST000181,PROD000210,Midwest,marketplace,1,419.89,placed,2026-02-21
ORD0003753,ORD0003753-L2219,CUST000181,PROD000219,Midwest,web,2,848.12,placed,2026-02-21
ORD0003753,ORD0003753-L3231,CUST000181,PROD000231,Northeast,marketplace,3,228.93,placed,2026-02-21
ORD0003753,ORD0003753-L2223,CUST000181,PROD000223,Northeast,marketplace,2,606.28,placed,2026-02-21
ORD0003823,ORD0003823-L3045,CUST000050,PROD000045,Midwest,mobile,3,1068.72,placed,2026-02-21
ORD0003823,ORD0003823-L2187,CUST000050,PROD000187,West,mobile,2,198.6,placed,2026-02-21
ORD0003823,ORD0003823-L1205,CUST000050,PROD000205,West,web,1,270.86,placed,2026-02-21
ORD0003880,ORD0003880-L2176,CUST000411,PROD000176,West,mobile,2,668.16,placed,2026-02-21
ORD0003880,ORD0003880-L1051,CUST000411,PROD000051,Northeast,marketplace,1,345.88,placed,2026-02-21
ORD0003939,ORD0003939-L2170,CUST000445,PROD000170,Southeast,web,2,56.16,placed,2026-02-21
ORD0003939,ORD0003939-L3225,CUST000445,PROD000225,West,web,3,1254.84,placed,2026-02-21
ORD0003939,ORD0003939-L2240,CUST000445,PROD000240,Northeast,marketplace,2,726.38,placed,2026-02-21
ORD0003939,ORD0003939-L2140,CUST000445,PROD000140,West,mobile,2,565.58,placed,2026-02-21
ORD0000011,ORD0000011-L2147,CUST000199,PROD000147,Midwest,mobile,2,522.76,placed,2026-02-22
ORD0000011,ORD0000011-L3194,CUST000199,PROD000194,Southeast,store,3,614.52,placed,2026-02-22
ORD0000011,ORD0000011-L1208,CUST000199,PROD000208,Southeast,web,1,82.01,placed,2026-02-22
ORD0000015,ORD0000015-L1092,CUST000425,PROD000092,Midwest,mobile,1,471.5,placed,2026-02-22
ORD0000015,ORD0000015-L1107,CUST000425,PROD000107,Northeast,mobile,1,428.08,placed,2026-02-22
ORD0000091,ORD0000091-L2231,CUST000018,PROD000231,Northeast,mobile,2,152.62,placed,2026-02-22
ORD0000091,ORD0000091-L2144,CUST000018,PROD000144,Midwest,web,2,736.26,placed,2026-02-22
ORD0000091,ORD0000091-L1076,CUST000018,PROD000076,Southeast,store,1,67.83,placed,2026-02-22
ORD0000091,ORD0000091-L1180,CUST000018,PROD000180,West,marketplace,1,372.15,placed,2026-02-22
ORD0000102,ORD0000102-L2173,CUST000313,PROD000173,West,mobile,2,517.64,placed,2026-02-22
ORD0000102,ORD0000102-L2064,CUST000313,PROD000064,Southeast,web,2,593.0,placed,2026-02-22
ORD0000249,ORD0000249-L3064,CUST000056,PROD000064,Midwest,mobile,3,889.5,placed,2026-02-22
ORD0000249,ORD0000249-L1217,CUST000056,PROD000217,Southeast,web,1,138.47,placed,2026-02-22
ORD0000249,ORD0000249-L2056,CUST000056,PROD000056,West,store,2,168.36,placed,2026-02-22
ORD0000249,ORD0000249-L2172,CUST000056,PROD000172,West,store,2,928.48,placed,2026-02-22
ORD0000285,ORD0000285-L1164,CUST000075,PROD000164,Southeast,store,1,15.93,placed,2026-02-22
ORD0000285,ORD0000285-L2226,CUST000075,PROD000226,Northeast,web,2,453.02,placed,2026-02-22
ORD0000301,ORD0000301-L1038,CUST000014,PROD000038,West,web,1,35.33,placed,2026-02-22
ORD0000301,ORD0000301-L3148,CUST000014,PROD000148,West,store,3,403.41,placed,2026-02-22
ORD0000301,ORD0000301-L2172,CUST000014,PROD000172,West,mobile,2,835.64,placed,2026-02-22
ORD0000301,ORD0000301-L3053,CUST000014,PROD000053,West,mobile,3,611.97,placed,2026-02-22
ORD0000392,ORD0000392-L3001,CUST000489,PROD000001,West,web,3,1269.54,placed,2026-02-22
ORD0000392,ORD0000392-L3016,CUST000489,PROD000016,Southeast,mobile,3,1229.79,placed,2026-02-22
ORD0000392,ORD0000392-L3173,CUST000489,PROD000173,Southeast,store,3,776.46,placed,2026-02-22
ORD0000673,ORD0000673-L1173,CUST000263,PROD000173,Southeast,marketplace,1,245.88,placed,2026-02-22
ORD0000673,ORD0000673-L2140,CUST000263,PROD000140,West,web,2,565.58,placed,2026-02-22
ORD0000673,ORD0000673-L2250,CUST000263,PROD000250,West,web,2,743.94,placed,2026-02-22
ORD0000674,ORD0000674-L3088,CUST000344,PROD000088,Southeast,marketplace,3,687.06,placed,2026-02-22
ORD0000674,ORD0000674-L1240,CUST000344,PROD000240,West,mobile,1,383.36,placed,2026-02-22
ORD0000674,ORD0000674-L3037,CUST000344,PROD000037,Southeast,mobile,3,1243.32,placed,2026-02-22
ORD0000712,ORD0000712-L2026,CUST000246,PROD000026,Southeast,marketplace,2,168.2,placed,2026-02-22
ORD0000859,ORD0000859-L3200,CUST000324,PROD000200,Midwest,store,3,1021.26,placed,2026-02-22
ORD0001030,ORD0001030-L3153,CUST000333,PROD000153,Northeast,marketplace,3,1075.05,placed,2026-02-22
ORD0001030,ORD0001030-L1021,CUST000333,PROD000021,Midwest,store,1,24.92,placed,2026-02-22
ORD0001030,ORD0001030-L2200,CUST000333,PROD000200,Northeast,mobile,2,716.68,placed,2026-02-22
ORD0001030,ORD0001030-L2201,CUST000333,PROD000201,Northeast,mobile,2,737.0,placed,2026-02-22
ORD0001108,ORD0001108-L2011,CUST000489,PROD000011,Southeast,marketplace,2,610.4,placed,2026-02-22
ORD0001108,ORD0001108-L3131,CUST000489,PROD000131,Southeast,mobile,3,495.09,placed,2026-02-22
ORD0001108,ORD0001108-L1232,CUST000489,PROD000232,Northeast,store,1,131.83,placed,2026-02-22
ORD0001108,ORD0001108-L2038,CUST000489,PROD000038,Northeast,mobile,2,66.94,placed,2026-02-22
ORD0001201,ORD0001201-L3091,CUST000220,PROD000091,Midwest,mobile,3,568.92,placed,2026-02-22
ORD0001243,ORD0001243-L1086,CUST000359,PROD000086,West,mobile,1,465.29,placed,2026-02-22
ORD0001243,ORD0001243-L1115,CUST000359,PROD000115,Midwest,mobile,1,159.19,placed,2026-02-22
ORD0001275,ORD0001275-L1202,CUST000293,PROD000202,Southeast,mobile,1,350.12,placed,2026-02-22
ORD0001275,ORD0001275-L1224,CUST000293,PROD000224,Midwest,mobile,1,365.14,placed,2026-02-22
ORD0001298,ORD0001298-L2010,CUST000045,PROD000010,Northeast,mobile,2,234.74,placed,2026-02-22
ORD0001298,ORD0001298-L1250,CUST000045,PROD000250,West,mobile,1,371.97,placed,2026-02-22
ORD0001298,ORD0001298-L3154,CUST000045,PROD000154,Northeast,store,3,851.43,placed,2026-02-22
ORD0001298,ORD0001298-L1027,CUST000045,PROD000027,West,store,1,293.91,placed,2026-02-22
ORD0001412,ORD0001412-L1085,CUST000159,PROD000085,Northeast,store,1,440.94,placed,2026-02-22
ORD0001412,ORD0001412-L2162,CUST000159,PROD000162,West,mobile,2,575.22,placed,2026-02-22
ORD0001412,ORD0001412-L3178,CUST000159,PROD000178,West,store,3,712.35,placed,2026-02-22
ORD0001437,ORD0001437-L2185,CUST000358,PROD000185,Midwest,marketplace,2,720.48,placed,2026-02-22
ORD0001437,ORD0001437-L1055,CUST000358,PROD000055,Southeast,mobile,1,312.68,placed,2026-02-22
ORD0001437,ORD0001437-L3010,CUST000358,PROD000010,Southeast,store,3,370.65,placed,2026-02-22
ORD0001534,ORD0001534-L1103,CUST000110,PROD000103,Midwest,store,1,233.92,placed,2026-02-22
ORD0001534,ORD0001534-L2184,CUST000110,PROD000184,Northeast,marketplace,2,673.54,placed,2026-02-22
ORD0001567,ORD0001567-L3217,CUST000119,PROD000217,Southeast,marketplace,3,373.86,placed,2026-02-22
ORD0001567,ORD0001567-L3182,CUST000119,PROD000182,Midwest,mobile,3,777.48,placed,2026-02-22
ORD0001567,ORD0001567-L3149,CUST000119,PROD000149,Southeast,mobile,3,958.23,placed,2026-02-22
ORD0001744,ORD0001744-L2070,CUST000415,PROD000070,Northeast,web,2,502.6,placed,2026-02-22
ORD0001903,ORD0001903-L2092,CUST000449,PROD000092,Southeast,store,2,992.64,placed,2026-02-22
ORD0001906,ORD0001906-L2150,CUST000299,PROD000150,West,store,2,889.66,placed,2026-02-22
ORD0001906,ORD0001906-L3141,CUST000299,PROD000141,Midwest,web,3,1168.71,placed,2026-02-22
ORD0001906,ORD0001906-L1003,CUST000299,PROD000003,West,store,1,260.14,placed,2026-02-22
ORD0001906,ORD0001906-L1236,CUST000299,PROD000236,West,store,1,107.85,placed,2026-02-22
ORD0001912,ORD0001912-L3242,CUST000355,PROD000242,West,mobile,3,1096.29,placed,2026-02-22
ORD0001912,ORD0001912-L1140,CUST000355,PROD000140,Northeast,store,1,254.51,placed,2026-02-22
ORD0001912,ORD0001912-L3020,CUST000355,PROD000020,Midwest,web,3,1462.86,placed,2026-02-22
ORD0001912,ORD0001912-L1066,CUST000355,PROD000066,Southeast,store,1,466.43,placed,2026-02-22
ORD0001916,ORD0001916-L3008,CUST000499,PROD000008,Northeast,store,3,762.87,placed,2026-02-22
ORD0001916,ORD0001916-L1191,CUST000499,PROD000191,West,mobile,1,305.87,placed,2026-02-22
ORD0001990,ORD0001990-L3187,CUST000113,PROD000187,Northeast,store,3,297.9,placed,2026-02-22
ORD0001990,ORD0001990-L1059,CUST000113,PROD000059,Northeast,mobile,1,25.45,placed,2026-02-22
ORD0001996,ORD0001996-L2003,CUST000033,PROD000003,Northeast,mobile,2,520.28,placed,2026-02-22
ORD0001996,ORD0001996-L2158,CUST000033,PROD000158,Southeast,marketplace,2,166.84,placed,2026-02-22
ORD0001996,ORD0001996-L2141,CUST000033,PROD000141,Northeast,web,2,701.22,placed,2026-02-22
ORD0001996,ORD0001996-L2182,CUST000033,PROD000182,Midwest,mobile,2,518.32,placed,2026-02-22
ORD0002152,ORD0002152-L2097,CUST000168,PROD000097,Northeast,marketplace,2,751.76,placed,2026-02-22
ORD0002152,ORD0002152-L2058,CUST000168,PROD000058,Midwest,store,2,617.16,placed,2026-02-22
ORD0002152,ORD0002152-L3158,CUST000168,PROD000158,Northeast,marketplace,3,264.99,placed,2026-02-22
ORD0002194,ORD0002194-L1065,CUST000430,PROD000065,West,store,1,66.15,placed,2026-02-22
ORD0002194,ORD0002194-L1214,CUST000430,PROD000214,Midwest,store,1,129.39,placed,2026-02-22
ORD0002325,ORD0002325-L2212,CUST000073,PROD000212,West,web,2,409.56,placed,2026-02-22
ORD0002325,ORD0002325-L2086,CUST000073,PROD000086,Southeast,store,2,930.58,placed,2026-02-22
ORD0002344,ORD0002344-L3174,CUST000239,PROD000174,West,store,3,969.84,placed,2026-02-22
ORD0002344,ORD0002344-L3177,CUST000239,PROD000177,Midwest,web,3,107.31,placed,2026-02-22
ORD0002344,ORD0002344-L3044,CUST000239,PROD000044,Midwest,mobile,3,1135.95,placed,2026-02-22
ORD0002442,ORD0002442-L1028,CUST000076,PROD000028,Northeast,web,1,52.1,placed,2026-02-22
ORD0002442,ORD0002442-L1066,CUST000076,PROD000066,Midwest,marketplace,1,466.43,placed,2026-02-22
ORD0002442,ORD0002442-L2157,CUST000076,PROD000157,West,marketplace,2,551.48,placed,2026-02-22
ORD0002442,ORD0002442-L2130,CUST000076,PROD000130,Northeast,marketplace,2,784.16,placed,2026-02-22
ORD0002508,ORD0002508-L1022,CUST000207,PROD000022,West,web,1,60.39,placed,2026-02-22
ORD0002508,ORD0002508-L2145,CUST000207,PROD000145,West,store,2,192.76,placed,2026-02-22
ORD0002508,ORD0002508-L3154,CUST000207,PROD000154,Midwest,store,3,901.5,placed,2026-02-22
ORD0002723,ORD0002723-L1229,CUST000335,PROD000229,West,mobile,1,60.55,placed,2026-02-22
ORD0002734,ORD0002734-L1241,CUST000179,PROD000241,Midwest,store,1,72.58,placed,2026-02-22
ORD0002743,ORD0002743-L1107,CUST000405,PROD000107,Southeast,web,1,406.68,placed,2026-02-22
ORD0002743,ORD0002743-L3166,CUST000405,PROD000166,Northeast,marketplace,3,667.98,placed,2026-02-22
ORD0002751,ORD0002751-L3114,CUST000476,PROD000114,West,mobile,3,1129.59,placed,2026-02-22
ORD0002751,ORD0002751-L2024,CUST000476,PROD000024,West,mobile,2,423.28,placed,2026-02-22
ORD0002813,ORD0002813-L3067,CUST000056,PROD000067,Southeast,store,3,454.56,placed,2026-02-22
ORD0002813,ORD0002813-L2212,CUST000056,PROD000212,Northeast,web,2,409.56,placed,2026-02-22
ORD0002813,ORD0002813-L2127,CUST000056,PROD000127,West,web,2,184.68,placed,2026-02-22
ORD0002824,ORD0002824-L2197,CUST000151,PROD000197,Northeast,marketplace,2,856.88,placed,2026-02-22
ORD0002824,ORD0002824-L2040,CUST000151,PROD000040,Midwest,store,2,61.7,placed,2026-02-22
ORD0003031,ORD0003031-L1168,CUST000158,PROD000168,Northeast,mobile,1,321.33,placed,2026-02-22
ORD0003031,ORD0003031-L3156,CUST000158,PROD000156,Northeast,store,3,212.82,placed,2026-02-22
ORD0003031,ORD0003031-L3050,CUST000158,PROD000050,Midwest,marketplace,3,1088.73,placed,2026-02-22
ORD0003031,ORD0003031-L2129,CUST000158,PROD000129,Midwest,web,2,239.18,placed,2026-02-22
ORD0003047,ORD0003047-L2096,CUST000310,PROD000096,Midwest,web,2,183.62,placed,2026-02-22
ORD0003047,ORD0003047-L3135,CUST000310,PROD000135,West,web,3,597.72,placed,2026-02-22
ORD0003047,ORD0003047-L2112,CUST000310,PROD000112,Midwest,web,2,471.2,placed,2026-02-22
ORD0003047,ORD0003047-L1134,CUST000310,PROD000134,West,marketplace,1,388.55,placed,2026-02-22
ORD0003228,ORD0003228-L1249,CUST000083,PROD000249,Midwest,mobile,1,103.78,placed,2026-02-22
ORD0003228,ORD0003228-L1044,CUST000083,PROD000044,Northeast,mobile,1,378.65,placed,2026-02-22
ORD0003280,ORD0003280-L1197,CUST000360,PROD000197,West,marketplace,1,428.44,placed,2026-02-22
ORD0003280,ORD0003280-L1125,CUST000360,PROD000125,West,marketplace,1,205.83,placed,2026-02-22
ORD0003280,ORD0003280-L2223,CUST000360,PROD000223,Northeast,mobile,2,606.28,placed,2026-02-22
ORD0003298,ORD0003298-L3129,CUST000056,PROD000129,West,marketplace,3,377.64,placed,2026-02-22
ORD0003298,ORD0003298-L2214,CUST000056,PROD000214,Midwest,marketplace,2,232.9,placed,2026-02-22
ORD0003298,ORD0003298-L1028,CUST000056,PROD000028,Southeast,web,1,49.49,placed,2026-02-22
ORD0003298,ORD0003298-L3114,CUST000056,PROD000114,Northeast,web,3,1255.11,placed,2026-02-22
ORD0003585,ORD0003585-L1174,CUST000199,PROD000174,Midwest,marketplace,1,323.28,placed,2026-02-22
ORD0003585,ORD0003585-L2130,CUST000199,PROD000130,Northeast,web,2,784.16,placed,2026-02-22
ORD0003585,ORD0003585-L3113,CUST000199,PROD000113,West,store,3,82.35,placed,2026-02-22
ORD0003739,ORD0003739-L3055,CUST000101,PROD000055,Northeast,store,3,844.23,placed,2026-02-22
ORD0003739,ORD0003739-L1050,CUST000101,PROD000050,Midwest,store,1,344.76,placed,2026-02-22
ORD0003744,ORD0003744-L3021,CUST000055,PROD000021,West,marketplace,3,74.76,placed,2026-02-22
ORD0003744,ORD0003744-L1107,CUST000055,PROD000107,West,mobile,1,406.68,placed,2026-02-22
ORD0003744,ORD0003744-L3148,CUST000055,PROD000148,Midwest,marketplace,3,360.96,placed,2026-02-22
ORD0003744,ORD0003744-L1104,CUST000055,PROD000104,Northeast,mobile,1,310.89,placed,2026-02-22
ORD0003904,ORD0003904-L2146,CUST000122,PROD000146,Southeast,web,2,685.52,placed,2026-02-22
ORD0003904,ORD0003904-L2087,CUST000122,PROD000087,Northeast,mobile,2,333.7,placed,2026-02-22
ORD0003904,ORD0003904-L3058,CUST000122,PROD000058,Northeast,mobile,3,879.45,placed,2026-02-22
ORD0003904,ORD0003904-L3027,CUST000122,PROD000027,West,web,3,979.71,placed,2026-02-22
ORD0003905,ORD0003905-L2061,CUST000225,PROD000061,Northeast,mobile,2,672.26,placed,2026-02-22
ORD0003905,ORD0003905-L2077,CUST000225,PROD000077,West,mobile,2,291.06,placed,2026-02-22
ORD0003913,ORD0003913-L2003,CUST000139,PROD000003,Northeast,marketplace,2,520.28,placed,2026-02-22
ORD0003913,ORD0003913-L3250,CUST000139,PROD000250,Southeast,web,3,1115.91,placed,2026-02-22
ORD0003913,ORD0003913-L2072,CUST000139,PROD000072,Midwest,web,2,499.84,placed,2026-02-22
ORD0003913,ORD0003913-L2063,CUST000139,PROD000063,Northeast,marketplace,2,590.84,placed,2026-02-22
ORD0003952,ORD0003952-L3198,CUST000400,PROD000198,Southeast,store,3,1372.77,placed,2026-02-22
ORD0003952,ORD0003952-L2107,CUST000400,PROD000107,West,web,2,856.16,placed,2026-02-22
ORD0003952,ORD0003952-L2197,CUST000400,PROD000197,Midwest,marketplace,2,856.88,placed,2026-02-22
ORD0003975,ORD0003975-L1184,CUST000386,PROD000184,Northeast,mobile,1,336.77,placed,2026-02-22
ORD0003975,ORD0003975-L3145,CUST000386,PROD000145,Midwest,mobile,3,289.14,placed,2026-02-22
ORD0003993,ORD0003993-L2086,CUST000177,PROD000086,West,mobile,2,884.06,placed,2026-02-22
ORD0003993,ORD0003993-L1147,CUST000177,PROD000147,Southeast,store,1,275.14,placed,2026-02-22
ORD0003993,ORD0003993-L1128,CUST000177,PROD000128,Southeast,web,1,34.24,placed,2026-02-22
ORD0000110,ORD0000110-L3047,CUST000215,PROD000047,Northeast,store,3,376.5,placed,2026-02-23
ORD0000110,ORD0000110-L2131,CUST000215,PROD000131,Southeast,store,2,330.06,placed,2026-02-23
ORD0000194,ORD0000194-L1178,CUST000446,PROD000178,Northeast,store,1,237.45,placed,2026-02-23
ORD0000194,ORD0000194-L3208,CUST000446,PROD000208,Southeast,marketplace,3,259.68,placed,2026-02-23
ORD0000194,ORD0000194-L1081,CUST000446,PROD000081,Southeast,mobile,1,240.68,placed,2026-02-23
ORD0000194,ORD0000194-L1190,CUST000446,PROD000190,West,web,1,73.7,placed,2026-02-23
ORD0000196,ORD0000196-L3202,CUST000205,PROD000202,Midwest,marketplace,3,1167.06,placed,2026-02-23
ORD0000196,ORD0000196-L1130,CUST000205,PROD000130,Midwest,marketplace,1,370.29,placed,2026-02-23
ORD0000265,ORD0000265-L2068,CUST000310,PROD000068,Northeast,mobile,2,286.7,placed,2026-02-23
ORD0000340,ORD0000340-L2072,CUST000229,PROD000072,Southeast,mobile,2,474.84,placed,2026-02-23
ORD0000340,ORD0000340-L3063,CUST000229,PROD000063,Southeast,store,3,935.49,placed,2026-02-23
ORD0000493,ORD0000493-L1205,CUST000484,PROD000205,Midwest,web,1,255.82,placed,2026-02-23
ORD0000493,ORD0000493-L3034,CUST000484,PROD000034,Southeast,mobile,3,871.08,placed,2026-02-23
ORD0000493,ORD0000493-L1016,CUST000484,PROD000016,Southeast,marketplace,1,409.93,placed,2026-02-23
ORD0000579,ORD0000579-L2184,CUST000281,PROD000184,Northeast,marketplace,2,673.54,placed,2026-02-23
ORD0000579,ORD0000579-L2089,CUST000281,PROD000089,Midwest,web,2,70.14,placed,2026-02-23
ORD0000579,ORD0000579-L2035,CUST000281,PROD000035,Midwest,mobile,2,974.46,placed,2026-02-23
ORD0000579,ORD0000579-L2175,CUST000281,PROD000175,Northeast,store,2,709.36,placed,2026-02-23
ORD0000588,ORD0000588-L3115,CUST000358,PROD000115,Northeast,marketplace,3,477.57,placed,2026-02-23
ORD0000687,ORD0000687-L2223,CUST000085,PROD000223,Northeast,store,2,575.96,placed,2026-02-23
ORD0000687,ORD0000687-L2179,CUST000085,PROD000179,Midwest,marketplace,2,407.98,placed,2026-02-23
ORD0000687,ORD0000687-L1026,CUST000085,PROD000026,Southeast,store,1,79.68,placed,2026-02-23
ORD0000687,ORD0000687-L2071,CUST000085,PROD000071,Northeast,store,2,199.98,placed,2026-02-23
ORD0000822,ORD0000822-L1104,CUST000014,PROD000104,Northeast,store,1,310.89,placed,2026-02-23
ORD0000822,ORD0000822-L1112,CUST000014,PROD000112,Midwest,store,1,261.78,placed,2026-02-23
ORD0000822,ORD0000822-L3140,CUST000014,PROD000140,Midwest,marketplace,3,763.53,placed,2026-02-23
ORD0000822,ORD0000822-L1159,CUST000014,PROD000159,West,store,1,353.72,placed,2026-02-23
ORD0000888,ORD0000888-L1104,CUST000445,PROD000104,Midwest,web,1,345.43,placed,2026-02-23
ORD0000888,ORD0000888-L3110,CUST000445,PROD000110,Midwest,web,3,611.04,placed,2026-02-23
ORD0000888,ORD0000888-L1246,CUST000445,PROD000246,West,marketplace,1,97.95,placed,2026-02-23
ORD0000888,ORD0000888-L1045,CUST000445,PROD000045,Midwest,marketplace,1,419.11,placed,2026-02-23
ORD0000915,ORD0000915-L3044,CUST000418,PROD000044,West,store,3,1079.16,placed,2026-02-23
ORD0000915,ORD0000915-L1040,CUST000418,PROD000040,Midwest,marketplace,1,30.85,placed,2026-02-23
ORD0000958,ORD0000958-L1046,CUST000006,PROD000046,Southeast,mobile,1,249.78,placed,2026-02-23
ORD0000989,ORD0000989-L1049,CUST000397,PROD000049,Southeast,marketplace,1,144.34,placed,2026-02-23
ORD0000989,ORD0000989-L3023,CUST000397,PROD000023,Midwest,web,3,91.53,placed,2026-02-23
ORD0000989,ORD0000989-L1230,CUST000397,PROD000230,Midwest,marketplace,1,305.64,placed,2026-02-23
ORD0001001,ORD0001001-L3217,CUST000205,PROD000217,Southeast,store,3,415.41,placed,2026-02-23
ORD0001022,ORD0001022-L3163,CUST000086,PROD000163,West,mobile,3,1127.88,placed,2026-02-23
ORD0001022,ORD0001022-L3077,CUST000086,PROD000077,Midwest,web,3,414.75,placed,2026-02-23
ORD0001241,ORD0001241-L2120,CUST000347,PROD000120,Southeast,mobile,2,161.16,placed,2026-02-23
ORD0001241,ORD0001241-L3124,CUST000347,PROD000124,Northeast,web,3,544.08,placed,2026-02-23
ORD0001241,ORD0001241-L1027,CUST000347,PROD000027,Midwest,store,1,326.57,placed,2026-02-23
ORD0001252,ORD0001252-L2167,CUST000067,PROD000167,West,web,2,324.92,placed,2026-02-23
ORD0001254,ORD0001254-L2074,CUST000221,PROD000074,Midwest,web,2,563.5,placed,2026-02-23
ORD0001254,ORD0001254-L3235,CUST000221,PROD000235,Southeast,mobile,3,203.82,placed,2026-02-23
ORD0001337,ORD0001337-L1207,CUST000345,PROD000207,Southeast,web,1,14.18,placed,2026-02-23
ORD0001337,ORD0001337-L1123,CUST000345,PROD000123,West,mobile,1,152.78,placed,2026-02-23
ORD0001337,ORD0001337-L3194,CUST000345,PROD000194,West,store,3,583.8,placed,2026-02-23
ORD0001337,ORD0001337-L3132,CUST000345,PROD000132,West,store,3,1031.61,placed,2026-02-23
ORD0001485,ORD0001485-L3085,CUST000313,PROD000085,Northeast,store,3,1392.45,placed,2026-02-23
ORD0001485,ORD0001485-L3058,CUST000313,PROD000058,Midwest,web,3,925.74,placed,2026-02-23
ORD0001626,ORD0001626-L1060,CUST000166,PROD000060,Midwest,web,1,297.34,placed,2026-02-23
ORD0001626,ORD0001626-L1177,CUST000166,PROD000177,Midwest,mobile,1,35.77,placed,2026-02-23
ORD0001626,ORD0001626-L3040,CUST000166,PROD000040,Midwest,marketplace,3,92.55,placed,2026-02-23
ORD0001626,ORD0001626-L2237,CUST000166,PROD000237,Northeast,marketplace,2,456.02,placed,2026-02-23
ORD0001777,ORD0001777-L2239,CUST000003,PROD000239,Southeast,mobile,2,660.74,placed,2026-02-23
ORD0001777,ORD0001777-L3248,CUST000003,PROD000248,Midwest,mobile,3,991.29,placed,2026-02-23
ORD0001777,ORD0001777-L1214,CUST000003,PROD000214,Northeast,marketplace,1,122.92,placed,2026-02-23
ORD0001827,ORD0001827-L1139,CUST000128,PROD000139,Midwest,web,1,389.38,placed,2026-02-23
ORD0001857,ORD0001857-L2173,CUST000194,PROD000173,Midwest,web,2,517.64,placed,2026-02-23
ORD0002073,ORD0002073-L3085,CUST000071,PROD000085,Northeast,marketplace,3,1392.45,placed,2026-02-23
ORD0002073,ORD0002073-L1154,CUST000071,PROD000154,Southeast,marketplace,1,333.89,placed,2026-02-23
ORD0002081,ORD0002081-L1174,CUST000005,PROD000174,Midwest,web,1,323.28,placed,2026-02-23
ORD0002081,ORD0002081-L1142,CUST000005,PROD000142,Southeast,marketplace,1,94.34,placed,2026-02-23
ORD0002322,ORD0002322-L1061,CUST000413,PROD000061,Midwest,mobile,1,336.13,placed,2026-02-23
ORD0002322,ORD0002322-L1207,CUST000413,PROD000207,Midwest,store,1,14.18,placed,2026-02-23
ORD0002322,ORD0002322-L3232,CUST000413,PROD000232,Midwest,store,3,395.49,placed,2026-02-23
ORD0002608,ORD0002608-L3082,CUST000151,PROD000082,West,marketplace,3,991.38,placed,2026-02-23
ORD0002608,ORD0002608-L3048,CUST000151,PROD000048,Northeast,mobile,3,982.92,placed,2026-02-23
ORD0002608,ORD0002608-L2238,CUST000151,PROD000238,West,store,2,179.64,placed,2026-02-23
ORD0002608,ORD0002608-L3236,CUST000151,PROD000236,Midwest,store,3,306.54,placed,2026-02-23
ORD0002642,ORD0002642-L2245,CUST000473,PROD000245,West,mobile,2,140.72,placed,2026-02-23
ORD0002642,ORD0002642-L1166,CUST000473,PROD000166,Northeast,marketplace,1,235.03,placed,2026-02-23
ORD0002642,ORD0002642-L2149,CUST000473,PROD000149,Midwest,web,2,638.82,placed,2026-02-23
ORD0002642,ORD0002642-L1020,CUST000473,PROD000020,Midwest,mobile,1,487.62,placed,2026-02-23
ORD0002765,ORD0002765-L3123,CUST000346,PROD000123,Southeast,mobile,3,509.25,placed,2026-02-23
ORD0002765,ORD0002765-L3054,CUST000346,PROD000054,Midwest,web,3,713.19,placed,2026-02-23
ORD0002833,ORD0002833-L2137,CUST000277,PROD000137,West,web,2,959.78,placed,2026-02-23
ORD0002833,ORD0002833-L2019,CUST000277,PROD000019,Northeast,web,2,632.3,placed,2026-02-23
ORD0002847,ORD0002847-L1093,CUST000097,PROD000093,Midwest,store,1,372.91,placed,2026-02-23
ORD0002847,ORD0002847-L1066,CUST000097,PROD000066,West,store,1,466.43,placed,2026-02-23
ORD0002847,ORD0002847-L2055,CUST000097,PROD000055,Northeast,marketplace,2,594.1,placed,2026-02-23
ORD0002876,ORD0002876-L1088,CUST000434,PROD000088,Northeast,marketplace,1,229.02,placed,2026-02-23
ORD0002876,ORD0002876-L3193,CUST000434,PROD000193,Midwest,store,3,1473.39,placed,2026-02-23
ORD0003168,ORD0003168-L3205,CUST000437,PROD000205,Midwest,marketplace,3,857.73,placed,2026-02-23
ORD0003168,ORD0003168-L3219,CUST000437,PROD000219,Southeast,mobile,3,1413.54,placed,2026-02-23
ORD0003346,ORD0003346-L1129,CUST000007,PROD000129,Northeast,marketplace,1,125.88,placed,2026-02-23
ORD0003346,ORD0003346-L2139,CUST000007,PROD000139,Northeast,store,2,735.5,placed,2026-02-23
ORD0003346,ORD0003346-L2244,CUST000007,PROD000244,West,store,2,866.12,placed,2026-02-23
ORD0003346,ORD0003346-L1014,CUST000007,PROD000014,Northeast,marketplace,1,206.24,placed,2026-02-23
ORD0003430,ORD0003430-L2199,CUST000464,PROD000199,Northeast,store,2,61.6,placed,2026-02-23
ORD0003430,ORD0003430-L3049,CUST000464,PROD000049,Midwest,marketplace,3,455.82,placed,2026-02-23
ORD0003453,ORD0003453-L2024,CUST000125,PROD000024,Midwest,web,2,470.3,placed,2026-02-23
ORD0003525,ORD0003525-L1034,CUST000004,PROD000034,Midwest,web,1,305.64,placed,2026-02-23
ORD0003525,ORD0003525-L2016,CUST000004,PROD000016,Northeast,marketplace,2,737.88,placed,2026-02-23
ORD0003525,ORD0003525-L1175,CUST000004,PROD000175,Midwest,marketplace,1,396.41,placed,2026-02-23
ORD0003548,ORD0003548-L2059,CUST000425,PROD000059,West,mobile,2,45.82,placed,2026-02-23
ORD0003548,ORD0003548-L1218,CUST000425,PROD000218,Northeast,mobile,1,74.5,placed,2026-02-23
ORD0003548,ORD0003548-L1124,CUST000425,PROD000124,Southeast,store,1,181.36,placed,2026-02-23
ORD0003847,ORD0003847-L1243,CUST000239,PROD000243,Midwest,web,1,182.11,placed,2026-02-23
ORD0003861,ORD0003861-L3175,CUST000427,PROD000175,Southeast,mobile,3,1251.81,placed,2026-02-23
ORD0003928,ORD0003928-L1004,CUST000099,PROD000004,Northeast,marketplace,1,382.74,placed,2026-02-23
ORD0003928,ORD0003928-L2025,CUST000099,PROD000025,West,mobile,2,715.14,placed,2026-02-23
ORD0003928,ORD0003928-L3246,CUST000099,PROD000246,Midwest,store,3,279.15,placed,2026-02-23
ORD0000357,ORD0000357-L1136,CUST000449,PROD000136,West,marketplace,1,117.98,placed,2026-02-24
ORD0000357,ORD0000357-L3071,CUST000449,PROD000071,Southeast,marketplace,3,299.97,placed,2026-02-24
ORD0000357,ORD0000357-L1088,CUST000449,PROD000088,Midwest,marketplace,1,229.02,placed,2026-02-24
ORD0000357,ORD0000357-L2148,CUST000449,PROD000148,Midwest,marketplace,2,283.1,placed,2026-02-24
ORD0000358,ORD0000358-L1089,CUST000349,PROD000089,Northeast,web,1,33.32,placed,2026-02-24
ORD0000358,ORD0000358-L2225,CUST000349,PROD000225,West,web,2,836.56,placed,2026-02-24
ORD0000358,ORD0000358-L2230,CUST000349,PROD000230,Southeast,store,2,643.46,placed,2026-02-24
ORD0000381,ORD0000381-L3155,CUST000324,PROD000155,Southeast,mobile,3,430.53,placed,2026-02-24
ORD0000381,ORD0000381-L3127,CUST000324,PROD000127,West,marketplace,3,277.02,placed,2026-02-24
ORD0000576,ORD0000576-L1206,CUST000055,PROD000206,Midwest,store,1,392.44,placed,2026-02-24
ORD0000576,ORD0000576-L2113,CUST000055,PROD000113,Northeast,store,2,49.4,placed,2026-02-24
ORD0000576,ORD0000576-L3052,CUST000055,PROD000052,Midwest,mobile,3,567.84,placed,2026-02-24
ORD0000576,ORD0000576-L2054,CUST000055,PROD000054,Midwest,store,2,475.46,placed,2026-02-24
ORD0000662,ORD0000662-L1081,CUST000048,PROD000081,Northeast,mobile,1,253.35,placed,2026-02-24
ORD0000662,ORD0000662-L2085,CUST000048,PROD000085,Midwest,web,2,881.88,placed,2026-02-24
ORD0000662,ORD0000662-L3171,CUST000048,PROD000171,Northeast,web,3,564.84,placed,2026-02-24
ORD0000775,ORD0000775-L3206,CUST000392,PROD000206,Midwest,web,3,1177.32,placed,2026-02-24
ORD0000775,ORD0000775-L2176,CUST000392,PROD000176,Midwest,web,2,742.4,placed,2026-02-24
ORD0000775,ORD0000775-L2007,CUST000392,PROD000007,West,marketplace,2,729.88,placed,2026-02-24
ORD0001029,ORD0001029-L1230,CUST000033,PROD000230,Northeast,store,1,321.73,placed,2026-02-24
ORD0001077,ORD0001077-L1007,CUST000214,PROD000007,Southeast,store,1,328.45,placed,2026-02-24
ORD0001077,ORD0001077-L3184,CUST000214,PROD000184,Northeast,web,3,959.79,placed,2026-02-24
ORD0001077,ORD0001077-L2075,CUST000214,PROD000075,Midwest,store,2,534.34,placed,2026-02-24
ORD0001157,ORD0001157-L2242,CUST000195,PROD000242,Midwest,marketplace,2,730.86,placed,2026-02-24
ORD0001173,ORD0001173-L2039,CUST000256,PROD000039,Southeast,mobile,2,773.1,placed,2026-02-24
ORD0001316,ORD0001316-L3211,CUST000129,PROD000211,West,marketplace,3,862.86,placed,2026-02-24
ORD0001316,ORD0001316-L2144,CUST000129,PROD000144,West,store,2,625.82,placed,2026-02-24
ORD0001316,ORD0001316-L2096,CUST000129,PROD000096,Midwest,store,2,204.02,placed,2026-02-24
ORD0001318,ORD0001318-L2186,CUST000469,PROD000186,Northeast,web,2,672.24,placed,2026-02-24
ORD0001318,ORD0001318-L1024,CUST000469,PROD000024,Midwest,mobile,1,235.15,placed,2026-02-24
ORD0001318,ORD0001318-L1231,CUST000469,PROD000231,Midwest,web,1,72.49,placed,2026-02-24
ORD0001362,ORD0001362-L1118,CUST000265,PROD000118,West,marketplace,1,288.32,placed,2026-02-24
ORD0001372,ORD0001372-L1130,CUST000326,PROD000130,Northeast,store,1,413.86,placed,2026-02-24
ORD0001456,ORD0001456-L3108,CUST000411,PROD000108,Northeast,mobile,3,864.36,placed,2026-02-24
ORD0001576,ORD0001576-L2074,CUST000165,PROD000074,West,web,2,563.5,placed,2026-02-24
ORD0001576,ORD0001576-L1121,CUST000165,PROD000121,West,marketplace,1,314.29,placed,2026-02-24
ORD0001576,ORD0001576-L2186,CUST000165,PROD000186,Midwest,mobile,2,605.02,placed,2026-02-24
ORD0001576,ORD0001576-L3229,CUST000165,PROD000229,Southeast,web,3,181.65,placed,2026-02-24
ORD0001606,ORD0001606-L3103,CUST000047,PROD000103,Midwest,marketplace,3,784.32,placed,2026-02-24
ORD0001606,ORD0001606-L2099,CUST000047,PROD000099,Northeast,marketplace,2,762.56,placed,2026-02-24
ORD0001606,ORD0001606-L1111,CUST000047,PROD000111,Northeast,web,1,13.56,placed,2026-02-24
ORD0001664,ORD0001664-L1075,CUST000076,PROD000075,Northeast,marketplace,1,296.85,placed,2026-02-24
ORD0001664,ORD0001664-L2056,CUST000076,PROD000056,Southeast,mobile,2,177.22,placed,2026-02-24
ORD0001664,ORD0001664-L1149,CUST000076,PROD000149,Midwest,web,1,287.47,placed,2026-02-24
ORD0001664,ORD0001664-L3067,CUST000076,PROD000067,Southeast,web,3,505.08,placed,2026-02-24
ORD0001695,ORD0001695-L2207,CUST000041,PROD000207,Northeast,marketplace,2,28.36,placed,2026-02-24
ORD0001695,ORD0001695-L2080,CUST000041,PROD000080,Northeast,store,2,547.12,placed,2026-02-24
ORD0001700,ORD0001700-L1174,CUST000383,PROD000174,West,web,1,307.12,placed,2026-02-24
ORD0001728,ORD0001728-L1154,CUST000466,PROD000154,West,store,1,300.5,placed,2026-02-24
ORD0001771,ORD0001771-L3094,CUST000302,PROD000094,West,mobile,3,242.76,placed,2026-02-24
ORD0001771,ORD0001771-L2069,CUST000302,PROD000069,Midwest,mobile,2,272.32,placed,2026-02-24
ORD0001771,ORD0001771-L2032,CUST000302,PROD000032,West,web,2,404.02,placed,2026-02-24
ORD0001771,ORD0001771-L3047,CUST000302,PROD000047,Northeast,store,3,397.44,placed,2026-02-24
ORD0001780,ORD0001780-L1158,CUST000452,PROD000158,West,web,1,93.23,placed,2026-02-24
ORD0001780,ORD0001780-L1038,CUST000452,PROD000038,West,store,1,37.19,placed,2026-02-24
ORD0001780,ORD0001780-L3133,CUST000452,PROD000133,Midwest,mobile,3,330.87,placed,2026-02-24
ORD0001806,ORD0001806-L2224,CUST000255,PROD000224,West,web,2,768.72,placed,2026-02-24
ORD0001970,ORD0001970-L3223,CUST000251,PROD000223,West,mobile,3,863.94,placed,2026-02-24
ORD0002013,ORD0002013-L1131,CUST000019,PROD000131,Midwest,web,1,156.78,placed,2026-02-24
ORD0002013,ORD0002013-L2054,CUST000019,PROD000054,Northeast,marketplace,2,475.46,placed,2026-02-24
ORD0002207,ORD0002207-L2074,CUST000007,PROD000074,Midwest,marketplace,2,563.5,placed,2026-02-24
ORD0002207,ORD0002207-L1093,CUST000007,PROD000093,West,mobile,1,414.34,placed,2026-02-24
ORD0002207,ORD0002207-L1242,CUST000007,PROD000242,Midwest,marketplace,1,365.43,placed,2026-02-24
ORD0002493,ORD0002493-L3223,CUST000405,PROD000223,West,web,3,909.42,placed,2026-02-24
ORD0002625,ORD0002625-L1036,CUST000396,PROD000036,West,mobile,1,354.94,placed,2026-02-24
ORD0002625,ORD0002625-L1054,CUST000396,PROD000054,Southeast,store,1,237.73,placed,2026-02-24
ORD0002625,ORD0002625-L2014,CUST000396,PROD000014,Southeast,marketplace,2,412.48,placed,2026-02-24
ORD0002625,ORD0002625-L1166,CUST000396,PROD000166,Southeast,marketplace,1,247.4,placed,2026-02-24
ORD0002701,ORD0002701-L3193,CUST000375,PROD000193,West,mobile,3,1473.39,placed,2026-02-24
ORD0002701,ORD0002701-L2188,CUST000375,PROD000188,Midwest,marketplace,2,66.96,placed,2026-02-24
ORD0002701,ORD0002701-L3134,CUST000375,PROD000134,Northeast,mobile,3,1049.07,placed,2026-02-24
ORD0002845,ORD0002845-L3116,CUST000066,PROD000116,West,store,3,686.58,placed,2026-02-24
ORD0002845,ORD0002845-L2075,CUST000066,PROD000075,Southeast,mobile,2,534.34,placed,2026-02-24
ORD0003071,ORD0003071-L3195,CUST000033,PROD000195,West,web,3,577.74,placed,2026-02-24
ORD0003071,ORD0003071-L1191,CUST000033,PROD000191,Southeast,marketplace,1,305.87,placed,2026-02-24
ORD0003071,ORD0003071-L1042,CUST000033,PROD000042,Midwest,web,1,123.78,placed,2026-02-24
ORD0003184,ORD0003184-L2052,CUST000433,PROD000052,West,web,2,358.64,placed,2026-02-24
ORD0003184,ORD0003184-L3181,CUST000433,PROD000181,Southeast,store,3,128.31,placed,2026-02-24
ORD0003184,ORD0003184-L1131,CUST000433,PROD000131,Midwest,mobile,1,156.78,placed,2026-02-24
ORD0003297,ORD0003297-L3168,CUST000144,PROD000168,Southeast,mobile,3,963.99,placed,2026-02-24
ORD0003297,ORD0003297-L1059,CUST000144,PROD000059,Northeast,store,1,24.18,placed,2026-02-24
ORD0003297,ORD0003297-L1216,CUST000144,PROD000216,Southeast,web,1,47.22,placed,2026-02-24
ORD0003297,ORD0003297-L3106,CUST000144,PROD000106,Northeast,web,3,409.17,placed,2026-02-24
ORD0003354,ORD0003354-L1229,CUST000227,PROD000229,West,marketplace,1,60.55,placed,2026-02-24
ORD0003354,ORD0003354-L1098,CUST000227,PROD000098,Southeast,web,1,437.25,placed,2026-02-24
ORD0003354,ORD0003354-L1113,CUST000227,PROD000113,Southeast,marketplace,1,26.08,placed,2026-02-24
ORD0003477,ORD0003477-L1067,CUST000228,PROD000067,Northeast,marketplace,1,159.94,placed,2026-02-24
ORD0003477,ORD0003477-L2114,CUST000228,PROD000114,West,store,2,794.9,placed,2026-02-24
ORD0003533,ORD0003533-L3066,CUST000068,PROD000066,Southeast,mobile,3,1399.29,placed,2026-02-24
ORD0003602,ORD0003602-L3009,CUST000177,PROD000009,Southeast,marketplace,3,1089.03,placed,2026-02-24
ORD0003748,ORD0003748-L2091,CUST000051,PROD000091,Midwest,web,2,379.28,placed,2026-02-24
ORD0003803,ORD0003803-L3087,CUST000431,PROD000087,Midwest,marketplace,3,556.17,placed,2026-02-24
ORD0000035,ORD0000035-L3047,CUST000355,PROD000047,Northeast,web,3,397.44,placed,2026-02-25
ORD0000035,ORD0000035-L1030,CUST000355,PROD000030,Southeast,store,1,71.09,placed,2026-02-25
ORD0000035,ORD0000035-L2031,CUST000355,PROD000031,West,store,2,196.02,placed,2026-02-25
ORD0000035,ORD0000035-L3098,CUST000355,PROD000098,Northeast,marketplace,3,1311.75,placed,2026-02-25
ORD0000181,ORD0000181-L2213,CUST000341,PROD000213,West,mobile,2,20.7,placed,2026-02-25
ORD0000181,ORD0000181-L1174,CUST000341,PROD000174,Midwest,store,1,323.28,placed,2026-02-25
ORD0000181,ORD0000181-L3161,CUST000341,PROD000161,West,mobile,3,664.77,placed,2026-02-25
ORD0000181,ORD0000181-L1025,CUST000341,PROD000025,Northeast,store,1,357.57,placed,2026-02-25
ORD0000228,ORD0000228-L1160,CUST000304,PROD000160,Northeast,web,1,72.4,placed,2026-02-25
ORD0000351,ORD0000351-L3167,CUST000167,PROD000167,Southeast,mobile,3,513.03,placed,2026-02-25
ORD0000428,ORD0000428-L2074,CUST000362,PROD000074,Southeast,mobile,2,478.98,placed,2026-02-25
ORD0000437,ORD0000437-L2153,CUST000363,PROD000153,Northeast,web,2,796.34,placed,2026-02-25
ORD0000437,ORD0000437-L1149,CUST000363,PROD000149,West,store,1,287.47,placed,2026-02-25
ORD0000437,ORD0000437-L3147,CUST000363,PROD000147,Northeast,web,3,825.42,placed,2026-02-25
ORD0000437,ORD0000437-L1065,CUST000363,PROD000065,West,store,1,59.54,placed,2026-02-25
ORD0000499,ORD0000499-L3025,CUST000478,PROD000025,West,web,3,1129.17,placed,2026-02-25
ORD0000499,ORD0000499-L2067,CUST000478,PROD000067,Midwest,marketplace,2,303.04,placed,2026-02-25
ORD0000499,ORD0000499-L3189,CUST000478,PROD000189,Northeast,mobile,3,286.11,placed,2026-02-25
ORD0000499,ORD0000499-L2229,CUST000478,PROD000229,Midwest,store,2,115.04,placed,2026-02-25
ORD0000582,ORD0000582-L2236,CUST000008,PROD000236,Southeast,mobile,2,215.7,placed,2026-02-25
ORD0000582,ORD0000582-L3131,CUST000008,PROD000131,Midwest,store,3,495.09,placed,2026-02-25
ORD0000651,ORD0000651-L1069,CUST000394,PROD000069,Northeast,web,1,122.54,placed,2026-02-25
ORD0000651,ORD0000651-L2213,CUST000394,PROD000213,West,store,2,21.78,placed,2026-02-25
ORD0000651,ORD0000651-L3115,CUST000394,PROD000115,West,web,3,405.93,placed,2026-02-25
ORD0000667,ORD0000667-L3233,CUST000191,PROD000233,West,mobile,3,1100.4,placed,2026-02-25
ORD0000667,ORD0000667-L2134,CUST000191,PROD000134,Midwest,marketplace,2,738.24,placed,2026-02-25
ORD0000719,ORD0000719-L2035,CUST000420,PROD000035,Northeast,mobile,2,828.3,placed,2026-02-25
ORD0000869,ORD0000869-L2239,CUST000107,PROD000239,Northeast,marketplace,2,625.96,placed,2026-02-25
ORD0000878,ORD0000878-L3236,CUST000359,PROD000236,West,web,3,340.59,placed,2026-02-25
ORD0000878,ORD0000878-L3125,CUST000359,PROD000125,Southeast,mobile,3,586.62,placed,2026-02-25
ORD0000878,ORD0000878-L3091,CUST000359,PROD000091,Northeast,marketplace,3,540.48,placed,2026-02-25
ORD0000895,ORD0000895-L2153,CUST000293,PROD000153,Northeast,store,2,756.52,placed,2026-02-25
ORD0000895,ORD0000895-L2087,CUST000293,PROD000087,Southeast,web,2,370.78,placed,2026-02-25
ORD0000980,ORD0000980-L2229,CUST000241,PROD000229,Midwest,web,2,115.04,placed,2026-02-25
ORD0000992,ORD0000992-L2141,CUST000242,PROD000141,Southeast,marketplace,2,779.14,placed,2026-02-25
ORD0001069,ORD0001069-L3074,CUST000004,PROD000074,Southeast,mobile,3,802.98,placed,2026-02-25
ORD0001069,ORD0001069-L3248,CUST000004,PROD000248,Northeast,mobile,3,991.29,placed,2026-02-25
ORD0001095,ORD0001095-L2034,CUST000244,PROD000034,Midwest,store,2,580.72,placed,2026-02-25
ORD0001095,ORD0001095-L2119,CUST000244,PROD000119,Midwest,store,2,663.38,placed,2026-02-25
ORD0001095,ORD0001095-L3094,CUST000244,PROD000094,Midwest,store,3,218.49,placed,2026-02-25
ORD0001095,ORD0001095-L2118,CUST000244,PROD000118,Midwest,mobile,2,576.64,placed,2026-02-25
ORD0001139,ORD0001139-L3047,CUST000045,PROD000047,Northeast,marketplace,3,418.35,placed,2026-02-25
ORD0001139,ORD0001139-L2104,CUST000045,PROD000104,West,marketplace,2,690.86,placed,2026-02-25
ORD0001139,ORD0001139-L1100,CUST000045,PROD000100,West,store,1,183.97,placed,2026-02-25
ORD0001186,ORD0001186-L1087,CUST000407,PROD000087,Northeast,store,1,176.12,placed,2026-02-25
ORD0001186,ORD0001186-L1124,CUST000407,PROD000124,West,marketplace,1,172.29,placed,2026-02-25
ORD0001312,ORD0001312-L3135,CUST000283,PROD000135,Southeast,web,3,537.96,placed,2026-02-25
ORD0001312,ORD0001312-L3117,CUST000283,PROD000117,Southeast,marketplace,3,1363.86,placed,2026-02-25
ORD0001312,ORD0001312-L2154,CUST000283,PROD000154,Midwest,marketplace,2,667.78,placed,2026-02-25
ORD0001422,ORD0001422-L1040,CUST000007,PROD000040,Midwest,web,1,30.85,placed,2026-02-25
ORD0001422,ORD0001422-L2060,CUST000007,PROD000060,West,store,2,564.94,placed,2026-02-25
ORD0001422,ORD0001422-L1115,CUST000007,PROD000115,Midwest,store,1,159.19,placed,2026-02-25
ORD0001422,ORD0001422-L3219,CUST000007,PROD000219,Southeast,store,3,1272.18,placed,2026-02-25
ORD0001515,ORD0001515-L3146,CUST000312,PROD000146,Northeast,mobile,3,1082.4,placed,2026-02-25
ORD0001670,ORD0001670-L3242,CUST000261,PROD000242,Northeast,marketplace,3,931.86,placed,2026-02-25
ORD0001670,ORD0001670-L1192,CUST000261,PROD000192,West,marketplace,1,479.59,placed,2026-02-25
ORD0001670,ORD0001670-L2200,CUST000261,PROD000200,West,web,2,716.68,placed,2026-02-25
ORD0001697,ORD0001697-L1066,CUST000357,PROD000066,Northeast,store,1,466.43,placed,2026-02-25
ORD0001697,ORD0001697-L2050,CUST000357,PROD000050,Midwest,marketplace,2,689.52,placed,2026-02-25
ORD0001824,ORD0001824-L1072,CUST000203,PROD000072,Midwest,mobile,1,237.42,placed,2026-02-25
ORD0001824,ORD0001824-L2162,CUST000203,PROD000162,Midwest,marketplace,2,639.14,placed,2026-02-25
ORD0001824,ORD0001824-L3083,CUST000203,PROD000083,Midwest,mobile,3,552.03,placed,2026-02-25
ORD0001824,ORD0001824-L1182,CUST000203,PROD000182,Midwest,store,1,272.8,placed,2026-02-25
ORD0002098,ORD0002098-L2056,CUST000381,PROD000056,West,store,2,177.22,placed,2026-02-25
ORD0002098,ORD0002098-L3066,CUST000381,PROD000066,Midwest,store,3,1329.33,placed,2026-02-25
ORD0002098,ORD0002098-L1188,CUST000381,PROD000188,Southeast,store,1,33.48,placed,2026-02-25
ORD0002098,ORD0002098-L2171,CUST000381,PROD000171,Northeast,web,2,376.56,placed,2026-02-25
ORD0002119,ORD0002119-L1192,CUST000274,PROD000192,Northeast,web,1,431.63,placed,2026-02-25
ORD0002119,ORD0002119-L1205,CUST000274,PROD000205,Northeast,mobile,1,300.96,placed,2026-02-25
ORD0002119,ORD0002119-L3213,CUST000274,PROD000213,Midwest,marketplace,3,32.67,placed,2026-02-25
ORD0002119,ORD0002119-L2244,CUST000274,PROD000244,Northeast,web,2,736.2,placed,2026-02-25
ORD0002179,ORD0002179-L2136,CUST000470,PROD000136,West,web,2,200.56,placed,2026-02-25
ORD0002258,ORD0002258-L3045,CUST000306,PROD000045,Southeast,marketplace,3,1194.45,placed,2026-02-25
ORD0002258,ORD0002258-L2138,CUST000306,PROD000138,Midwest,mobile,2,649.98,placed,2026-02-25
ORD0002258,ORD0002258-L2141,CUST000306,PROD000141,West,web,2,701.22,placed,2026-02-25
ORD0002560,ORD0002560-L3044,CUST000090,PROD000044,Southeast,web,3,1135.95,placed,2026-02-25
ORD0002564,ORD0002564-L1151,CUST000408,PROD000151,Northeast,marketplace,1,335.54,placed,2026-02-25
ORD0002658,ORD0002658-L2070,CUST000241,PROD000070,Southeast,store,2,476.16,placed,2026-02-25
ORD0002658,ORD0002658-L1245,CUST000241,PROD000245,Northeast,web,1,74.06,placed,2026-02-25
ORD0002658,ORD0002658-L1122,CUST000241,PROD000122,Southeast,web,1,189.17,placed,2026-02-25
ORD0002677,ORD0002677-L2123,CUST000001,PROD000123,Southeast,store,2,339.5,placed,2026-02-25
ORD0002677,ORD0002677-L1211,CUST000001,PROD000211,Northeast,web,1,273.24,placed,2026-02-25
ORD0002677,ORD0002677-L2047,CUST000001,PROD000047,Northeast,marketplace,2,251.0,placed,2026-02-25
ORD0002677,ORD0002677-L2105,CUST000001,PROD000105,West,marketplace,2,779.44,placed,2026-02-25
ORD0002771,ORD0002771-L3050,CUST000318,PROD000050,Northeast,web,3,979.86,placed,2026-02-25
ORD0002771,ORD0002771-L3115,CUST000318,PROD000115,Northeast,web,3,429.81,placed,2026-02-25
ORD0002957,ORD0002957-L3076,CUST000468,PROD000076,West,mobile,3,172.98,placed,2026-02-25
ORD0002957,ORD0002957-L2037,CUST000468,PROD000037,West,store,2,872.5,placed,2026-02-25
ORD0003070,ORD0003070-L1249,CUST000393,PROD000249,West,store,1,115.99,placed,2026-02-25
ORD0003070,ORD0003070-L2139,CUST000393,PROD000139,Southeast,web,2,735.5,placed,2026-02-25
ORD0003070,ORD0003070-L1039,CUST000393,PROD000039,West,store,1,386.55,placed,2026-02-25
ORD0003070,ORD0003070-L3246,CUST000393,PROD000246,West,marketplace,3,279.15,placed,2026-02-25
ORD0003078,ORD0003078-L3127,CUST000064,PROD000127,Northeast,web,3,291.6,placed,2026-02-25
ORD0003078,ORD0003078-L3192,CUST000064,PROD000192,West,marketplace,3,1366.83,placed,2026-02-25
ORD0003078,ORD0003078-L2165,CUST000064,PROD000165,Midwest,mobile,2,836.78,placed,2026-02-25
ORD0003312,ORD0003312-L1114,CUST000080,PROD000114,Midwest,store,1,418.37,placed,2026-02-25
ORD0003312,ORD0003312-L2025,CUST000080,PROD000025,West,web,2,752.78,placed,2026-02-25
ORD0003358,ORD0003358-L3186,CUST000229,PROD000186,Northeast,web,3,1008.36,placed,2026-02-25
ORD0003358,ORD0003358-L2016,CUST000229,PROD000016,Northeast,store,2,778.86,placed,2026-02-25
ORD0003419,ORD0003419-L2227,CUST000064,PROD000227,Midwest,marketplace,2,802.36,placed,2026-02-25
ORD0003419,ORD0003419-L2042,CUST000064,PROD000042,Northeast,store,2,247.56,placed,2026-02-25
ORD0003419,ORD0003419-L3062,CUST000064,PROD000062,Midwest,web,3,646.98,placed,2026-02-25
ORD0003419,ORD0003419-L1180,CUST000064,PROD000180,Southeast,store,1,372.15,placed,2026-02-25
ORD0003687,ORD0003687-L3035,CUST000089,PROD000035,West,web,3,1388.61,placed,2026-02-25
ORD0003687,ORD0003687-L2031,CUST000089,PROD000031,Northeast,mobile,2,196.02,placed,2026-02-25
ORD0003687,ORD0003687-L1172,CUST000089,PROD000172,Southeast,marketplace,1,464.24,placed,2026-02-25
ORD0003825,ORD0003825-L1063,CUST000246,PROD000063,Midwest,marketplace,1,328.24,placed,2026-02-25
ORD0003825,ORD0003825-L1139,CUST000246,PROD000139,West,store,1,411.02,placed,2026-02-25
ORD0003919,ORD0003919-L3080,CUST000385,PROD000080,Northeast,mobile,3,779.64,placed,2026-02-25
ORD0003919,ORD0003919-L2079,CUST000385,PROD000079,Northeast,mobile,2,694.2,placed,2026-02-25
ORD0003919,ORD0003919-L1059,CUST000385,PROD000059,Northeast,marketplace,1,25.45,placed,2026-02-25
ORD0003943,ORD0003943-L2025,CUST000396,PROD000025,Midwest,store,2,677.5,placed,2026-02-25
ORD0000248,ORD0000248-L2078,CUST000104,PROD000078,Midwest,mobile,2,43.84,placed,2026-02-26
ORD0000248,ORD0000248-L3112,CUST000104,PROD000112,Northeast,marketplace,3,785.34,placed,2026-02-26
ORD0000478,ORD0000478-L1153,CUST000395,PROD000153,Midwest,web,1,398.17,placed,2026-02-26
ORD0000478,ORD0000478-L1077,CUST000395,PROD000077,West,marketplace,1,138.25,placed,2026-02-26
ORD0000478,ORD0000478-L3213,CUST000395,PROD000213,Midwest,store,3,32.67,placed,2026-02-26
ORD0000478,ORD0000478-L1006,CUST000395,PROD000006,Northeast,marketplace,1,141.61,placed,2026-02-26
ORD0000549,ORD0000549-L2020,CUST000426,PROD000020,Northeast,mobile,2,975.24,placed,2026-02-26
ORD0000549,ORD0000549-L3087,CUST000426,PROD000087,Southeast,marketplace,3,528.36,placed,2026-02-26
ORD0000549,ORD0000549-L2154,CUST000426,PROD000154,Midwest,marketplace,2,601.0,placed,2026-02-26
ORD0000549,ORD0000549-L2187,CUST000426,PROD000187,Midwest,web,2,198.6,placed,2026-02-26
ORD0000555,ORD0000555-L1105,CUST000016,PROD000105,Northeast,store,1,389.72,placed,2026-02-26
ORD0000555,ORD0000555-L3192,CUST000016,PROD000192,West,marketplace,3,1366.83,placed,2026-02-26
ORD0000578,ORD0000578-L2006,CUST000174,PROD000006,Midwest,marketplace,2,283.22,placed,2026-02-26
ORD0000578,ORD0000578-L3200,CUST000174,PROD000200,Northeast,web,3,1075.02,placed,2026-02-26
ORD0000580,ORD0000580-L1017,CUST000435,PROD000017,West,mobile,1,282.8,placed,2026-02-26
ORD0000580,ORD0000580-L2171,CUST000435,PROD000171,Midwest,mobile,2,376.56,placed,2026-02-26
ORD0000580,ORD0000580-L2071,CUST000435,PROD000071,Midwest,marketplace,2,199.98,placed,2026-02-26
ORD0000599,ORD0000599-L1204,CUST000360,PROD000204,Midwest,web,1,450.52,placed,2026-02-26
ORD0000735,ORD0000735-L3046,CUST000178,PROD000046,Southeast,web,3,674.4,placed,2026-02-26
ORD0000772,ORD0000772-L2240,CUST000010,PROD000240,Midwest,web,2,686.02,placed,2026-02-26
ORD0000772,ORD0000772-L3019,CUST000010,PROD000019,West,web,3,901.02,placed,2026-02-26
ORD0000772,ORD0000772-L1231,CUST000010,PROD000231,West,marketplace,1,68.68,placed,2026-02-26
ORD0000772,ORD0000772-L3026,CUST000010,PROD000026,Northeast,mobile,3,265.59,placed,2026-02-26
ORD0000836,ORD0000836-L2232,CUST000392,PROD000232,Midwest,mobile,2,263.66,placed,2026-02-26
ORD0000836,ORD0000836-L1206,CUST000392,PROD000206,West,web,1,413.1,placed,2026-02-26
ORD0001032,ORD0001032-L3180,CUST000214,PROD000180,Midwest,web,3,1116.45,placed,2026-02-26
ORD0001032,ORD0001032-L1247,CUST000214,PROD000247,Southeast,store,1,325.78,placed,2026-02-26
ORD0001064,ORD0001064-L2146,CUST000078,PROD000146,West,store,2,721.6,placed,2026-02-26
ORD0001064,ORD0001064-L2077,CUST000078,PROD000077,West,marketplace,2,276.5,placed,2026-02-26
ORD0001064,ORD0001064-L3207,CUST000078,PROD000207,Northeast,store,3,42.54,placed,2026-02-26
ORD0001085,ORD0001085-L2103,CUST000320,PROD000103,Midwest,web,2,550.4,placed,2026-02-26
ORD0001085,ORD0001085-L2198,CUST000320,PROD000198,West,store,2,869.42,placed,2026-02-26
ORD0001147,ORD0001147-L1008,CUST000152,PROD000008,Northeast,mobile,1,241.58,placed,2026-02-26
ORD0001147,ORD0001147-L3042,CUST000152,PROD000042,West,web,3,352.77,placed,2026-02-26
ORD0001147,ORD0001147-L1014,CUST000152,PROD000014,West,store,1,217.09,placed,2026-02-26
ORD0001154,ORD0001154-L2070,CUST000247,PROD000070,Northeast,marketplace,2,529.06,placed,2026-02-26
ORD0001227,ORD0001227-L2009,CUST000007,PROD000009,Northeast,store,2,653.42,placed,2026-02-26
ORD0001227,ORD0001227-L2250,CUST000007,PROD000250,Northeast,mobile,2,743.94,placed,2026-02-26
ORD0001227,ORD0001227-L2003,CUST000007,PROD000003,Southeast,marketplace,2,494.26,placed,2026-02-26
ORD0001227,ORD0001227-L1170,CUST000007,PROD000170,West,mobile,1,31.38,placed,2026-02-26
ORD0001274,ORD0001274-L3006,CUST000292,PROD000006,West,marketplace,3,424.83,placed,2026-02-26
ORD0001274,ORD0001274-L1174,CUST000292,PROD000174,West,web,1,323.28,placed,2026-02-26
ORD0001336,ORD0001336-L1182,CUST000383,PROD000182,Northeast,web,1,259.16,placed,2026-02-26
ORD0001336,ORD0001336-L3175,CUST000383,PROD000175,Midwest,marketplace,3,1189.23,placed,2026-02-26
ORD0001336,ORD0001336-L2217,CUST000383,PROD000217,Southeast,marketplace,2,276.94,placed,2026-02-26
ORD0001476,ORD0001476-L3243,CUST000298,PROD000243,Northeast,mobile,3,578.49,placed,2026-02-26
ORD0001476,ORD0001476-L1071,CUST000298,PROD000071,West,mobile,1,99.99,placed,2026-02-26
ORD0001476,ORD0001476-L3080,CUST000298,PROD000080,West,store,3,820.68,placed,2026-02-26
ORD0001476,ORD0001476-L3051,CUST000298,PROD000051,Southeast,web,3,1095.27,placed,2026-02-26
ORD0001569,ORD0001569-L1145,CUST000179,PROD000145,Northeast,mobile,1,107.09,placed,2026-02-26
ORD0001623,ORD0001623-L2098,CUST000399,PROD000098,Midwest,store,2,787.06,placed,2026-02-26
ORD0001623,ORD0001623-L2064,CUST000399,PROD000064,West,store,2,624.22,placed,2026-02-26
ORD0001623,ORD0001623-L3113,CUST000399,PROD000113,West,mobile,3,78.24,placed,2026-02-26
ORD0001623,ORD0001623-L2035,CUST000399,PROD000035,West,web,2,877.02,placed,2026-02-26
ORD0001648,ORD0001648-L2246,CUST000439,PROD000246,Midwest,marketplace,2,186.1,placed,2026-02-26
ORD0001648,ORD0001648-L1152,CUST000439,PROD000152,Southeast,mobile,1,347.26,placed,2026-02-26
ORD0001648,ORD0001648-L3021,CUST000439,PROD000021,Northeast,marketplace,3,71.01,placed,2026-02-26
ORD0001648,ORD0001648-L1085,CUST000439,PROD000085,Northeast,store,1,417.74,placed,2026-02-26
ORD0001793,ORD0001793-L3085,CUST000181,PROD000085,Northeast,web,3,1392.45,placed,2026-02-26
ORD0001793,ORD0001793-L3156,CUST000181,PROD000156,West,web,3,236.46,placed,2026-02-26
ORD0001793,ORD0001793-L2107,CUST000181,PROD000107,Southeast,marketplace,2,813.36,placed,2026-02-26
ORD0001793,ORD0001793-L3226,CUST000181,PROD000226,Northeast,web,3,645.54,placed,2026-02-26
ORD0002021,ORD0002021-L1109,CUST000184,PROD000109,Midwest,store,1,280.87,placed,2026-02-26
ORD0002021,ORD0002021-L2075,CUST000184,PROD000075,Midwest,store,2,593.7,placed,2026-02-26
ORD0002040,ORD0002040-L1247,CUST000056,PROD000247,Midwest,marketplace,1,361.98,placed,2026-02-26
ORD0002040,ORD0002040-L3240,CUST000056,PROD000240,Midwest,web,3,1210.62,placed,2026-02-26
ORD0002040,ORD0002040-L3035,CUST000056,PROD000035,Midwest,mobile,3,1388.61,placed,2026-02-26
ORD0002133,ORD0002133-L3150,CUST000157,PROD000150,Northeast,mobile,3,1334.49,placed,2026-02-26
ORD0002133,ORD0002133-L3107,CUST000157,PROD000107,Northeast,web,3,1220.04,placed,2026-02-26
ORD0002186,ORD0002186-L3034,CUST000329,PROD000034,Midwest,marketplace,3,825.24,placed,2026-02-26
ORD0002186,ORD0002186-L1184,CUST000329,PROD000184,West,store,1,336.77,placed,2026-02-26
ORD0002186,ORD0002186-L1242,CUST000329,PROD000242,Southeast,marketplace,1,347.16,placed,2026-02-26
ORD0002186,ORD0002186-L2208,CUST000329,PROD000208,Midwest,marketplace,2,164.02,placed,2026-02-26
ORD0002360,ORD0002360-L2067,CUST000321,PROD000067,Midwest,mobile,2,319.88,placed,2026-02-26
ORD0002360,ORD0002360-L2142,CUST000321,PROD000142,Southeast,mobile,2,188.68,placed,2026-02-26
ORD0002371,ORD0002371-L2077,CUST000045,PROD000077,West,marketplace,2,291.06,placed,2026-02-26
ORD0002371,ORD0002371-L1169,CUST000045,PROD000169,West,marketplace,1,327.74,placed,2026-02-26
ORD0002372,ORD0002372-L3206,CUST000032,PROD000206,Northeast,mobile,3,1177.32,placed,2026-02-26
ORD0002773,ORD0002773-L2126,CUST000253,PROD000126,Midwest,store,2,532.22,placed,2026-02-26
ORD0002788,ORD0002788-L3134,CUST000361,PROD000134,Northeast,web,3,1165.65,placed,2026-02-26
ORD0002788,ORD0002788-L3099,CUST000361,PROD000099,Northeast,mobile,3,1029.45,placed,2026-02-26
ORD0002822,ORD0002822-L2170,CUST000456,PROD000170,Northeast,mobile,2,59.46,placed,2026-02-26
ORD0002822,ORD0002822-L2212,CUST000456,PROD000212,Midwest,mobile,2,389.08,placed,2026-02-26
ORD0002855,ORD0002855-L3163,CUST000413,PROD000163,West,marketplace,3,1127.88,placed,2026-02-26
ORD0002855,ORD0002855-L2234,CUST000413,PROD000234,West,mobile,2,938.14,placed,2026-02-26
ORD0002855,ORD0002855-L3123,CUST000413,PROD000123,Midwest,store,3,509.25,placed,2026-02-26
ORD0002855,ORD0002855-L2205,CUST000413,PROD000205,West,marketplace,2,601.92,placed,2026-02-26
ORD0003055,ORD0003055-L2172,CUST000407,PROD000172,Midwest,mobile,2,928.48,placed,2026-02-26
ORD0003055,ORD0003055-L1141,CUST000407,PROD000141,Northeast,mobile,1,350.61,placed,2026-02-26
ORD0003055,ORD0003055-L2229,CUST000407,PROD000229,West,marketplace,2,108.98,placed,2026-02-26
ORD0003260,ORD0003260-L1180,CUST000145,PROD000180,Northeast,store,1,353.54,placed,2026-02-26
ORD0003302,ORD0003302-L3075,CUST000450,PROD000075,Southeast,mobile,3,890.55,placed,2026-02-26
ORD0003362,ORD0003362-L1110,CUST000357,PROD000110,Southeast,marketplace,1,203.68,placed,2026-02-26
ORD0003362,ORD0003362-L2202,CUST000357,PROD000202,Midwest,store,2,739.14,placed,2026-02-26
ORD0003362,ORD0003362-L2074,CUST000357,PROD000074,Southeast,mobile,2,478.98,placed,2026-02-26
ORD0003362,ORD0003362-L2184,CUST000357,PROD000184,Southeast,web,2,606.18,placed,2026-02-26
ORD0003447,ORD0003447-L2131,CUST000040,PROD000131,Southeast,web,2,330.06,placed,2026-02-26
ORD0003697,ORD0003697-L2191,CUST000268,PROD000191,Northeast,store,2,679.72,placed,2026-02-26
ORD0003697,ORD0003697-L3218,CUST000268,PROD000218,Southeast,store,3,235.26,placed,2026-02-26
ORD0003697,ORD0003697-L2018,CUST000268,PROD000018,Southeast,store,2,481.1,placed,2026-02-26
ORD0003816,ORD0003816-L2191,CUST000019,PROD000191,West,store,2,679.72,placed,2026-02-26
ORD0003816,ORD0003816-L2241,CUST000019,PROD000241,Northeast,web,2,145.16,placed,2026-02-26
ORD0003816,ORD0003816-L1122,CUST000019,PROD000122,West,mobile,1,189.17,placed,2026-02-26
ORD0003831,ORD0003831-L3011,CUST000355,PROD000011,West,web,3,915.6,placed,2026-02-26
ORD0000013,ORD0000013-L2078,CUST000449,PROD000078,Southeast,mobile,2,46.14,placed,2026-02-27
ORD0000013,ORD0000013-L3204,CUST000449,PROD000204,Southeast,mobile,3,1351.56,placed,2026-02-27
ORD0000013,ORD0000013-L2008,CUST000449,PROD000008,Southeast,web,2,508.58,placed,2026-02-27
ORD0000013,ORD0000013-L2175,CUST000449,PROD000175,West,store,2,751.08,placed,2026-02-27
ORD0000185,ORD0000185-L2070,CUST000257,PROD000070,Northeast,mobile,2,529.06,placed,2026-02-27
ORD0000185,ORD0000185-L2022,CUST000257,PROD000022,Northeast,mobile,2,114.74,placed,2026-02-27
ORD0000254,ORD0000254-L1072,CUST000011,PROD000072,West,store,1,249.92,placed,2026-02-27
ORD0000254,ORD0000254-L1106,CUST000011,PROD000106,Southeast,web,1,129.21,placed,2026-02-27
ORD0000254,ORD0000254-L3042,CUST000011,PROD000042,Southeast,marketplace,3,371.34,placed,2026-02-27
ORD0000254,ORD0000254-L3043,CUST000011,PROD000043,Northeast,marketplace,3,431.16,placed,2026-02-27
ORD0000361,ORD0000361-L1054,CUST000227,PROD000054,Southeast,store,1,237.73,placed,2026-02-27
ORD0000361,ORD0000361-L2079,CUST000227,PROD000079,Midwest,marketplace,2,771.34,placed,2026-02-27
ORD0000361,ORD0000361-L2211,CUST000227,PROD000211,Midwest,mobile,2,575.24,placed,2026-02-27
ORD0000361,ORD0000361-L3032,CUST000227,PROD000032,Midwest,mobile,3,673.38,placed,2026-02-27
ORD0000442,ORD0000442-L3044,CUST000127,PROD000044,Northeast,mobile,3,1079.16,placed,2026-02-27
ORD0000591,ORD0000591-L1140,CUST000364,PROD000140,Midwest,mobile,1,282.79,placed,2026-02-27
ORD0000668,ORD0000668-L1042,CUST000264,PROD000042,Midwest,web,1,117.59,placed,2026-02-27
ORD0000668,ORD0000668-L2212,CUST000264,PROD000212,Northeast,marketplace,2,409.56,placed,2026-02-27
ORD0000745,ORD0000745-L3128,CUST000407,PROD000128,Midwest,store,3,102.72,placed,2026-02-27
ORD0000796,ORD0000796-L2238,CUST000114,PROD000238,West,store,2,170.18,placed,2026-02-27
ORD0000796,ORD0000796-L2100,CUST000114,PROD000100,Southeast,web,2,367.94,placed,2026-02-27
ORD0000832,ORD0000832-L2188,CUST000285,PROD000188,Midwest,web,2,63.62,placed,2026-02-27
ORD0000937,ORD0000937-L3042,CUST000022,PROD000042,Midwest,store,3,334.2,placed,2026-02-27
ORD0000937,ORD0000937-L2051,CUST000022,PROD000051,West,store,2,768.62,placed,2026-02-27
ORD0000973,ORD0000973-L1195,CUST000461,PROD000195,Midwest,web,1,182.95,placed,2026-02-27
ORD0000973,ORD0000973-L1177,CUST000461,PROD000177,Southeast,mobile,1,35.77,placed,2026-02-27
ORD0001155,ORD0001155-L2085,CUST000275,PROD000085,Southeast,web,2,881.88,placed,2026-02-27
ORD0001185,ORD0001185-L3119,CUST000068,PROD000119,Southeast,web,3,995.07,placed,2026-02-27
ORD0001185,ORD0001185-L1249,CUST000068,PROD000249,West,store,1,109.89,placed,2026-02-27
ORD0001185,ORD0001185-L3015,CUST000068,PROD000015,Northeast,web,3,847.35,placed,2026-02-27
ORD0001332,ORD0001332-L2114,CUST000014,PROD000114,Midwest,store,2,836.74,placed,2026-02-27
ORD0001366,ORD0001366-L1061,CUST000336,PROD000061,Midwest,web,1,319.32,placed,2026-02-27
ORD0001366,ORD0001366-L2205,CUST000336,PROD000205,Southeast,marketplace,2,601.92,placed,2026-02-27
ORD0001366,ORD0001366-L2007,CUST000336,PROD000007,Southeast,store,2,693.38,placed,2026-02-27
ORD0001384,ORD0001384-L1182,CUST000186,PROD000182,Northeast,web,1,259.16,placed,2026-02-27
ORD0001384,ORD0001384-L3212,CUST000186,PROD000212,Southeast,marketplace,3,614.34,placed,2026-02-27
ORD0001384,ORD0001384-L2023,CUST000186,PROD000023,Midwest,store,2,57.96,placed,2026-02-27
ORD0001384,ORD0001384-L1194,CUST000186,PROD000194,Northeast,store,1,204.84,placed,2026-02-27
ORD0001409,ORD0001409-L2049,CUST000315,PROD000049,Southeast,store,2,273.5,placed,2026-02-27
ORD0001409,ORD0001409-L3181,CUST000315,PROD000181,Midwest,mobile,3,128.31,placed,2026-02-27
ORD0001409,ORD0001409-L2124,CUST000315,PROD000124,West,web,2,326.44,placed,2026-02-27
ORD0001570,ORD0001570-L3250,CUST000308,PROD000250,West,mobile,3,1004.31,placed,2026-02-27
ORD0001689,ORD0001689-L2065,CUST000064,PROD000065,Midwest,marketplace,2,132.3,placed,2026-02-27
ORD0001689,ORD0001689-L2165,CUST000064,PROD000165,Southeast,store,2,880.82,placed,2026-02-27
ORD0001689,ORD0001689-L2216,CUST000064,PROD000216,West,marketplace,2,99.4,placed,2026-02-27
ORD0001689,ORD0001689-L1094,CUST000064,PROD000094,Southeast,store,1,80.92,placed,2026-02-27
ORD0001719,ORD0001719-L1228,CUST000088,PROD000228,Midwest,store,1,71.06,placed,2026-02-27
ORD0001719,ORD0001719-L1037,CUST000088,PROD000037,West,mobile,1,436.25,placed,2026-02-27
ORD0001719,ORD0001719-L2065,CUST000088,PROD000065,Midwest,marketplace,2,125.68,placed,2026-02-27
ORD0001719,ORD0001719-L1121,CUST000088,PROD000121,Southeast,web,1,314.29,placed,2026-02-27
ORD0001741,ORD0001741-L2054,CUST000233,PROD000054,Midwest,marketplace,2,475.46,placed,2026-02-27
ORD0001741,ORD0001741-L3176,CUST000233,PROD000176,West,marketplace,3,1057.92,placed,2026-02-27
ORD0001773,ORD0001773-L2072,CUST000283,PROD000072,Southeast,marketplace,2,474.84,placed,2026-02-27
ORD0001773,ORD0001773-L3192,CUST000283,PROD000192,Northeast,store,3,1366.83,placed,2026-02-27
ORD0001773,ORD0001773-L2105,CUST000283,PROD000105,Southeast,marketplace,2,779.44,placed,2026-02-27
ORD0002059,ORD0002059-L2055,CUST000362,PROD000055,West,marketplace,2,625.36,placed,2026-02-27
ORD0002085,ORD0002085-L2099,CUST000399,PROD000099,Northeast,marketplace,2,724.44,placed,2026-02-27
ORD0002085,ORD0002085-L2148,CUST000399,PROD000148,West,marketplace,2,268.94,placed,2026-02-27
ORD0002101,ORD0002101-L3089,CUST000380,PROD000089,Midwest,mobile,3,105.21,placed,2026-02-27
ORD0002149,ORD0002149-L2138,CUST000372,PROD000138,Northeast,marketplace,2,649.98,placed,2026-02-27
ORD0002315,ORD0002315-L1165,CUST000236,PROD000165,Southeast,marketplace,1,440.41,placed,2026-02-27
ORD0002331,ORD0002331-L1179,CUST000162,PROD000179,Northeast,web,1,226.66,placed,2026-02-27
ORD0002390,ORD0002390-L3002,CUST000452,PROD000002,Northeast,store,3,1189.56,placed,2026-02-27
ORD0002390,ORD0002390-L1214,CUST000452,PROD000214,West,marketplace,1,116.45,placed,2026-02-27
ORD0002521,ORD0002521-L2045,CUST000332,PROD000045,West,marketplace,2,796.3,placed,2026-02-27
ORD0002521,ORD0002521-L3089,CUST000332,PROD000089,Midwest,store,3,105.21,placed,2026-02-27
ORD0002592,ORD0002592-L2217,CUST000362,PROD000217,Southeast,web,2,276.94,placed,2026-02-27
ORD0002592,ORD0002592-L3042,CUST000362,PROD000042,Midwest,marketplace,3,371.34,placed,2026-02-27
ORD0002592,ORD0002592-L3029,CUST000362,PROD000029,Southeast,marketplace,3,1279.86,placed,2026-02-27
ORD0002875,ORD0002875-L2200,CUST000280,PROD000200,Southeast,store,2,645.02,placed,2026-02-27
ORD0002875,ORD0002875-L2019,CUST000280,PROD000019,West,mobile,2,600.68,placed,2026-02-27
ORD0002875,ORD0002875-L1066,CUST000280,PROD000066,West,mobile,1,443.11,placed,2026-02-27
ORD0002875,ORD0002875-L2074,CUST000280,PROD000074,Southeast,mobile,2,563.5,placed,2026-02-27
ORD0002891,ORD0002891-L2193,CUST000075,PROD000193,West,marketplace,2,982.26,placed,2026-02-27
ORD0002891,ORD0002891-L2186,CUST000075,PROD000186,Northeast,marketplace,2,672.24,placed,2026-02-27
ORD0002891,ORD0002891-L1207,CUST000075,PROD000207,Midwest,mobile,1,14.18,placed,2026-02-27
ORD0002926,ORD0002926-L3138,CUST000097,PROD000138,Southeast,store,3,877.47,placed,2026-02-27
ORD0002929,ORD0002929-L2210,CUST000067,PROD000210,Northeast,store,2,883.98,placed,2026-02-27
ORD0002929,ORD0002929-L1218,CUST000067,PROD000218,Northeast,store,1,70.58,placed,2026-02-27
ORD0003021,ORD0003021-L2137,CUST000349,PROD000137,Southeast,store,2,863.8,placed,2026-02-27
ORD0003021,ORD0003021-L3145,CUST000349,PROD000145,Midwest,marketplace,3,321.27,placed,2026-02-27
ORD0003021,ORD0003021-L1022,CUST000349,PROD000022,Northeast,mobile,1,54.35,placed,2026-02-27
ORD0003265,ORD0003265-L2175,CUST000108,PROD000175,West,mobile,2,792.82,placed,2026-02-27
ORD0003265,ORD0003265-L2162,CUST000108,PROD000162,Midwest,mobile,2,639.14,placed,2026-02-27
ORD0003265,ORD0003265-L3147,CUST000108,PROD000147,Northeast,mobile,3,825.42,placed,2026-02-27
ORD0003265,ORD0003265-L1127,CUST000108,PROD000127,Midwest,marketplace,1,97.2,placed,2026-02-27
ORD0003272,ORD0003272-L3028,CUST000399,PROD000028,Northeast,marketplace,3,156.3,placed,2026-02-27
ORD0003272,ORD0003272-L1017,CUST000399,PROD000017,Midwest,store,1,267.91,placed,2026-02-27
ORD0003272,ORD0003272-L1237,CUST000399,PROD000237,Midwest,web,1,216.61,placed,2026-02-27
ORD0003272,ORD0003272-L1116,CUST000399,PROD000116,Northeast,web,1,228.86,placed,2026-02-27
ORD0003349,ORD0003349-L1235,CUST000347,PROD000235,Northeast,marketplace,1,64.54,placed,2026-02-27
ORD0003349,ORD0003349-L2149,CUST000347,PROD000149,Northeast,store,2,638.82,placed,2026-02-27
ORD0003349,ORD0003349-L1193,CUST000347,PROD000193,Southeast,marketplace,1,466.57,placed,2026-02-27
ORD0003454,ORD0003454-L1180,CUST000350,PROD000180,Northeast,marketplace,1,353.54,placed,2026-02-27
ORD0003566,ORD0003566-L1117,CUST000312,PROD000117,Northeast,mobile,1,454.62,placed,2026-02-27
ORD0003643,ORD0003643-L3013,CUST000072,PROD000013,West,marketplace,3,1326.78,placed,2026-02-27
ORD0003643,ORD0003643-L1076,CUST000072,PROD000076,Northeast,marketplace,1,64.44,placed,2026-02-27
ORD0003643,ORD0003643-L2149,CUST000072,PROD000149,Southeast,web,2,543.0,placed,2026-02-27
ORD0003675,ORD0003675-L2103,CUST000274,PROD000103,Midwest,marketplace,2,550.4,placed,2026-02-27
ORD0003675,ORD0003675-L3175,CUST000274,PROD000175,West,store,3,1126.62,placed,2026-02-27
ORD0003675,ORD0003675-L3014,CUST000274,PROD000014,Midwest,web,3,618.72,placed,2026-02-27
ORD0003675,ORD0003675-L3124,CUST000274,PROD000124,Northeast,store,3,516.87,placed,2026-02-27
ORD0003738,ORD0003738-L1176,CUST000192,PROD000176,Northeast,marketplace,1,371.2,placed,2026-02-27
ORD0003738,ORD0003738-L2101,CUST000192,PROD000101,Northeast,marketplace,2,820.62,placed,2026-02-27
ORD0003738,ORD0003738-L3158,CUST000192,PROD000158,West,mobile,3,294.42,placed,2026-02-27
ORD0003738,ORD0003738-L3159,CUST000192,PROD000159,Northeast,web,3,1061.16,placed,2026-02-27
ORD0000021,ORD0000021-L3250,CUST000077,PROD000250,West,web,3,1115.91,placed,2026-02-28
ORD0000112,ORD0000112-L3204,CUST000008,PROD000204,Midwest,store,3,1351.56,placed,2026-02-28
ORD0000112,ORD0000112-L2244,CUST000008,PROD000244,Northeast,web,2,779.5,placed,2026-02-28
ORD0000135,ORD0000135-L1221,CUST000136,PROD000221,Southeast,marketplace,1,193.81,placed,2026-02-28
ORD0000135,ORD0000135-L3059,CUST000136,PROD000059,Northeast,store,3,76.35,placed,2026-02-28
ORD0000203,ORD0000203-L2158,CUST000281,PROD000158,Southeast,store,2,186.46,placed,2026-02-28
ORD0000203,ORD0000203-L1248,CUST000281,PROD000248,West,mobile,1,297.39,placed,2026-02-28
ORD0000203,ORD0000203-L3225,CUST000281,PROD000225,West,web,3,1320.87,placed,2026-02-28
ORD0000230,ORD0000230-L2042,CUST000257,PROD000042,Northeast,web,2,247.56,placed,2026-02-28
ORD0000230,ORD0000230-L3191,CUST000257,PROD000191,West,mobile,3,968.61,placed,2026-02-28
ORD0000230,ORD0000230-L1099,CUST000257,PROD000099,Southeast,store,1,343.15,placed,2026-02-28
ORD0000230,ORD0000230-L1032,CUST000257,PROD000032,Midwest,web,1,224.46,placed,2026-02-28
ORD0000296,ORD0000296-L2194,CUST000295,PROD000194,Southeast,mobile,2,409.68,placed,2026-02-28
ORD0000405,ORD0000405-L1121,CUST000391,PROD000121,Northeast,web,1,298.58,placed,2026-02-28
ORD0000405,ORD0000405-L1036,CUST000391,PROD000036,Southeast,marketplace,1,394.38,placed,2026-02-28
ORD0000405,ORD0000405-L3050,CUST000391,PROD000050,Northeast,mobile,3,979.86,placed,2026-02-28
ORD0000405,ORD0000405-L3240,CUST000391,PROD000240,Southeast,mobile,3,1210.62,placed,2026-02-28
ORD0000410,ORD0000410-L2106,CUST000401,PROD000106,West,marketplace,2,287.14,placed,2026-02-28
ORD0000410,ORD0000410-L2176,CUST000401,PROD000176,West,store,2,742.4,placed,2026-02-28
ORD0000410,ORD0000410-L1062,CUST000401,PROD000062,Northeast,marketplace,1,239.62,placed,2026-02-28
ORD0000436,ORD0000436-L2166,CUST000442,PROD000166,Southeast,web,2,494.8,placed,2026-02-28
ORD0000436,ORD0000436-L3131,CUST000442,PROD000131,Southeast,mobile,3,445.59,placed,2026-02-28
ORD0000532,ORD0000532-L1042,CUST000368,PROD000042,Southeast,mobile,1,111.4,placed,2026-02-28
ORD0000532,ORD0000532-L3243,CUST000368,PROD000243,West,store,3,642.75,placed,2026-02-28
ORD0000659,ORD0000659-L2149,CUST000351,PROD000149,Southeast,mobile,2,606.88,placed,2026-02-28
ORD0000659,ORD0000659-L2052,CUST000351,PROD000052,Midwest,web,2,398.48,placed,2026-02-28
ORD0000659,ORD0000659-L2021,CUST000351,PROD000021,Southeast,web,2,44.86,placed,2026-02-28
ORD0000659,ORD0000659-L2213,CUST000351,PROD000213,Southeast,store,2,21.78,placed,2026-02-28
ORD0000672,ORD0000672-L1108,CUST000289,PROD000108,Northeast,mobile,1,288.12,placed,2026-02-28
ORD0000864,ORD0000864-L1064,CUST000057,PROD000064,Midwest,marketplace,1,312.11,placed,2026-02-28
ORD0000864,ORD0000864-L3128,CUST000057,PROD000128,Midwest,marketplace,3,102.72,placed,2026-02-28
ORD0000864,ORD0000864-L2235,CUST000057,PROD000235,Southeast,store,2,135.88,placed,2026-02-28
ORD0000864,ORD0000864-L1173,CUST000057,PROD000173,Southeast,mobile,1,258.82,placed,2026-02-28
ORD0000906,ORD0000906-L1236,CUST000324,PROD000236,Midwest,web,1,107.85,placed,2026-02-28
ORD0000906,ORD0000906-L1136,CUST000324,PROD000136,Midwest,marketplace,1,106.18,placed,2026-02-28
ORD0000906,ORD0000906-L3139,CUST000324,PROD000139,Northeast,store,3,1103.25,placed,2026-02-28
ORD0000928,ORD0000928-L1088,CUST000243,PROD000088,Midwest,mobile,1,229.02,placed,2026-02-28
ORD0000928,ORD0000928-L3093,CUST000243,PROD000093,Northeast,mobile,3,1243.02,placed,2026-02-28
ORD0000966,ORD0000966-L3160,CUST000003,PROD000160,West,marketplace,3,206.34,placed,2026-02-28
ORD0000966,ORD0000966-L2211,CUST000003,PROD000211,West,mobile,2,517.72,placed,2026-02-28
ORD0001121,ORD0001121-L3107,CUST000269,PROD000107,Northeast,marketplace,3,1220.04,placed,2026-02-28
ORD0001121,ORD0001121-L3152,CUST000269,PROD000152,Southeast,marketplace,3,1041.78,placed,2026-02-28
ORD0001121,ORD0001121-L3147,CUST000269,PROD000147,Southeast,store,3,825.42,placed,2026-02-28
ORD0001121,ORD0001121-L1079,CUST000269,PROD000079,Southeast,marketplace,1,385.67,placed,2026-02-28
ORD0001169,ORD0001169-L3129,CUST000175,PROD000129,Northeast,web,3,339.87,placed,2026-02-28
ORD0001490,ORD0001490-L2211,CUST000260,PROD000211,West,web,2,575.24,placed,2026-02-28
ORD0001490,ORD0001490-L2126,CUST000260,PROD000126,Southeast,mobile,2,591.36,placed,2026-02-28
ORD0001490,ORD0001490-L2179,CUST000260,PROD000179,Northeast,store,2,453.32,placed,2026-02-28
ORD0001490,ORD0001490-L3147,CUST000260,PROD000147,Southeast,web,3,701.61,placed,2026-02-28
ORD0001494,ORD0001494-L1155,CUST000345,PROD000155,Midwest,web,1,168.84,placed,2026-02-28
ORD0001615,ORD0001615-L3069,CUST000494,PROD000069,Northeast,mobile,3,408.48,placed,2026-02-28
ORD0001615,ORD0001615-L3017,CUST000494,PROD000017,West,web,3,893.04,placed,2026-02-28
ORD0001615,ORD0001615-L1142,CUST000494,PROD000142,Northeast,web,1,99.31,placed,2026-02-28
ORD0001642,ORD0001642-L3117,CUST000073,PROD000117,Southeast,web,3,1363.86,placed,2026-02-28
ORD0001757,ORD0001757-L1060,CUST000349,PROD000060,West,mobile,1,282.47,placed,2026-02-28
ORD0001859,ORD0001859-L3097,CUST000098,PROD000097,Northeast,web,3,1127.64,placed,2026-02-28
ORD0001859,ORD0001859-L1010,CUST000098,PROD000010,West,mobile,1,123.55,placed,2026-02-28
ORD0001859,ORD0001859-L2167,CUST000098,PROD000167,Southeast,web,2,290.72,placed,2026-02-28
ORD0001859,ORD0001859-L2162,CUST000098,PROD000162,Southeast,web,2,639.14,placed,2026-02-28
ORD0001871,ORD0001871-L3213,CUST000454,PROD000213,Northeast,store,3,29.4,placed,2026-02-28
ORD0001871,ORD0001871-L1112,CUST000454,PROD000112,Midwest,marketplace,1,261.78,placed,2026-02-28
ORD0001871,ORD0001871-L3056,CUST000454,PROD000056,Midwest,mobile,3,265.83,placed,2026-02-28
ORD0001871,ORD0001871-L1218,CUST000454,PROD000218,Southeast,marketplace,1,74.5,placed,2026-02-28
ORD0001886,ORD0001886-L1036,CUST000420,PROD000036,Midwest,web,1,374.66,placed,2026-02-28
ORD0002001,ORD0002001-L1092,CUST000131,PROD000092,Midwest,web,1,446.69,placed,2026-02-28
ORD0002078,ORD0002078-L2093,CUST000295,PROD000093,West,store,2,787.24,placed,2026-02-28
ORD0002078,ORD0002078-L3078,CUST000295,PROD000078,Northeast,web,3,58.83,placed,2026-02-28
ORD0002094,ORD0002094-L1039,CUST000285,PROD000039,Southeast,mobile,1,366.21,placed,2026-02-28
ORD0002094,ORD0002094-L2046,CUST000285,PROD000046,Northeast,mobile,2,449.6,placed,2026-02-28
ORD0002189,ORD0002189-L1093,CUST000338,PROD000093,Midwest,marketplace,1,372.91,placed,2026-02-28
ORD0002189,ORD0002189-L3175,CUST000338,PROD000175,Southeast,mobile,3,1126.62,placed,2026-02-28
ORD0002189,ORD0002189-L1075,CUST000338,PROD000075,Northeast,store,1,267.17,placed,2026-02-28
ORD0002189,ORD0002189-L3130,CUST000338,PROD000130,West,store,3,1306.92,placed,2026-02-28
ORD0002247,ORD0002247-L1216,CUST000055,PROD000216,Northeast,mobile,1,47.22,placed,2026-02-28
ORD0002363,ORD0002363-L1167,CUST000179,PROD000167,Southeast,mobile,1,162.46,placed,2026-02-28
ORD0002411,ORD0002411-L2006,CUST000374,PROD000006,Midwest,web,2,254.9,placed,2026-02-28
ORD0002533,ORD0002533-L2233,CUST000029,PROD000233,West,store,2,772.2,placed,2026-02-28
ORD0002553,ORD0002553-L1067,CUST000283,PROD000067,Northeast,marketplace,1,159.94,placed,2026-02-28
ORD0002593,ORD0002593-L3197,CUST000419,PROD000197,Midwest,marketplace,3,1156.8,placed,2026-02-28
ORD0002593,ORD0002593-L1191,CUST000419,PROD000191,Southeast,web,1,305.87,placed,2026-02-28
ORD0002593,ORD0002593-L1021,CUST000419,PROD000021,Midwest,marketplace,1,24.92,placed,2026-02-28
ORD0002680,ORD0002680-L2006,CUST000040,PROD000006,Midwest,store,2,283.22,placed,2026-02-28
ORD0002680,ORD0002680-L1249,CUST000040,PROD000249,Southeast,marketplace,1,115.99,placed,2026-02-28
ORD0002680,ORD0002680-L2157,CUST000040,PROD000157,West,web,2,523.9,placed,2026-02-28
ORD0002680,ORD0002680-L3019,CUST000040,PROD000019,Northeast,store,3,948.45,placed,2026-02-28
ORD0002684,ORD0002684-L3230,CUST000220,PROD000230,Midwest,web,3,965.19,placed,2026-02-28
ORD0002806,ORD0002806-L1022,CUST000355,PROD000022,West,marketplace,1,57.37,placed,2026-02-28
ORD0002806,ORD0002806-L1005,CUST000355,PROD000005,Southeast,mobile,1,319.36,placed,2026-02-28
ORD0002841,ORD0002841-L2050,CUST000462,PROD000050,Northeast,web,2,689.52,placed,2026-02-28
ORD0002841,ORD0002841-L1241,CUST000462,PROD000241,Northeast,store,1,68.95,placed,2026-02-28
ORD0002843,ORD0002843-L1179,CUST000057,PROD000179,West,marketplace,1,226.66,placed,2026-02-28
ORD0002843,ORD0002843-L1203,CUST000057,PROD000203,West,marketplace,1,335.95,placed,2026-02-28
ORD0002843,ORD0002843-L3198,CUST000057,PROD000198,Midwest,store,3,1235.49,placed,2026-02-28
ORD0002843,ORD0002843-L1074,CUST000057,PROD000074,Midwest,store,1,253.58,placed,2026-02-28
ORD0002865,ORD0002865-L1123,CUST000041,PROD000123,Southeast,mobile,1,169.75,placed,2026-02-28
ORD0002865,ORD0002865-L3246,CUST000041,PROD000246,Northeast,mobile,3,279.15,placed,2026-02-28
ORD0002865,ORD0002865-L2237,CUST000041,PROD000237,West,store,2,433.22,placed,2026-02-28
ORD0002865,ORD0002865-L2065,CUST000041,PROD000065,Midwest,marketplace,2,112.46,placed,2026-02-28
ORD0003008,ORD0003008-L3162,CUST000269,PROD000162,Southeast,web,3,910.77,placed,2026-02-28
ORD0003008,ORD0003008-L3116,CUST000269,PROD000116,West,store,3,686.58,placed,2026-02-28
ORD0003015,ORD0003015-L3120,CUST000384,PROD000120,West,store,3,254.46,placed,2026-02-28
ORD0003015,ORD0003015-L3194,CUST000384,PROD000194,Northeast,store,3,614.52,placed,2026-02-28
ORD0003015,ORD0003015-L2191,CUST000384,PROD000191,West,web,2,645.74,placed,2026-02-28
ORD0003015,ORD0003015-L1108,CUST000384,PROD000108,Southeast,web,1,288.12,placed,2026-02-28
ORD0003018,ORD0003018-L1097,CUST000181,PROD000097,Midwest,store,1,319.5,placed,2026-02-28
ORD0003018,ORD0003018-L2227,CUST000181,PROD000227,West,web,2,722.12,placed,2026-02-28
ORD0003018,ORD0003018-L3197,CUST000181,PROD000197,West,store,3,1285.32,placed,2026-02-28
ORD0003018,ORD0003018-L3154,CUST000181,PROD000154,Midwest,web,3,1001.67,placed,2026-02-28
ORD0003039,ORD0003039-L2036,CUST000048,PROD000036,Northeast,web,2,749.32,placed,2026-02-28
ORD0003052,ORD0003052-L2012,CUST000223,PROD000012,Southeast,mobile,2,838.54,placed,2026-02-28
ORD0003052,ORD0003052-L1165,CUST000223,PROD000165,Southeast,mobile,1,440.41,placed,2026-02-28
ORD0003152,ORD0003152-L3103,CUST000049,PROD000103,Northeast,marketplace,3,784.32,placed,2026-02-28
ORD0003192,ORD0003192-L2167,CUST000273,PROD000167,West,marketplace,2,290.72,placed,2026-02-28
ORD0003192,ORD0003192-L1094,CUST000273,PROD000094,West,web,1,76.87,placed,2026-02-28
ORD0003192,ORD0003192-L2163,CUST000273,PROD000163,Northeast,store,2,714.32,placed,2026-02-28
ORD0003192,ORD0003192-L3179,CUST000273,PROD000179,West,marketplace,3,645.99,placed,2026-02-28
ORD0003246,ORD0003246-L3133,CUST000038,PROD000133,Southeast,mobile,3,330.87,placed,2026-02-28
ORD0003271,ORD0003271-L1119,CUST000406,PROD000119,Midwest,store,1,349.15,placed,2026-02-28
ORD0003281,ORD0003281-L3213,CUST000252,PROD000213,Midwest,marketplace,3,32.67,placed,2026-02-28
ORD0003281,ORD0003281-L3026,CUST000252,PROD000026,Northeast,mobile,3,265.59,placed,2026-02-28
ORD0003281,ORD0003281-L3199,CUST000252,PROD000199,Midwest,marketplace,3,108.72,placed,2026-02-28
ORD0003472,ORD0003472-L2205,CUST000403,PROD000205,Midwest,marketplace,2,601.92,placed,2026-02-28
ORD0003472,ORD0003472-L1045,CUST000403,PROD000045,Midwest,mobile,1,398.15,placed,2026-02-28
ORD0003641,ORD0003641-L1230,CUST000309,PROD000230,Southeast,mobile,1,305.64,placed,2026-02-28
ORD0003641,ORD0003641-L2071,CUST000309,PROD000071,West,marketplace,2,199.98,placed,2026-02-28
ORD0003696,ORD0003696-L3097,CUST000039,PROD000097,Southeast,mobile,3,1127.64,placed,2026-02-28
ORD0003696,ORD0003696-L2152,CUST000039,PROD000152,Midwest,marketplace,2,694.52,placed,2026-02-28
ORD0003696,ORD0003696-L1012,CUST000039,PROD000012,Southeast,store,1,442.56,placed,2026-02-28
ORD0003696,ORD0003696-L2203,CUST000039,PROD000203,West,mobile,2,707.26,placed,2026-02-28
ORD0003726,ORD0003726-L2215,CUST000368,PROD000215,Southeast,mobile,2,446.78,placed,2026-02-28
ORD0003804,ORD0003804-L2016,CUST000244,PROD000016,West,web,2,819.86,placed,2026-02-28
ORD0003804,ORD0003804-L1157,CUST000244,PROD000157,Midwest,web,1,261.95,placed,2026-02-28
ORD0003858,ORD0003858-L3053,CUST000041,PROD000053,Southeast,marketplace,3,645.96,placed,2026-02-28
ORD0003858,ORD0003858-L2067,CUST000041,PROD000067,Southeast,marketplace,2,319.88,placed,2026-02-28
ORD0003858,ORD0003858-L2162,CUST000041,PROD000162,Southeast,marketplace,2,607.18,placed,2026-02-28
ORD0003858,ORD0003858-L3237,CUST000041,PROD000237,Midwest,marketplace,3,684.03,placed,2026-02-28
ORD0003931,ORD0003931-L3100,CUST000348,PROD000100,West,store,3,551.91,placed,2026-02-28
ORD0003940,ORD0003940-L1146,CUST000195,PROD000146,West,mobile,1,360.8,placed,2026-02-28
ORD0003940,ORD0003940-L2184,CUST000195,PROD000184,Southeast,store,2,639.86,placed,2026-02-28
ORD0003940,ORD0003940-L2087,CUST000195,PROD000087,West,mobile,2,333.7,placed,2026-02-28
ORD0003940,ORD0003940-L3203,CUST000195,PROD000203,Northeast,marketplace,3,1007.85,placed,2026-02-28
ORD0000109,ORD0000109-L1223,CUST000369,PROD000223,Northeast,marketplace,1,303.14,placed,2026-03-01
ORD0000109,ORD0000109-L1043,CUST000369,PROD000043,West,store,1,136.53,placed,2026-03-01
ORD0000139,ORD0000139-L1075,CUST000220,PROD000075,Southeast,mobile,1,296.85,placed,2026-03-01
ORD0000139,ORD0000139-L2048,CUST000220,PROD000048,West,store,2,689.76,placed,2026-03-01
ORD0000246,ORD0000246-L1027,CUST000207,PROD000027,Northeast,marketplace,1,310.24,placed,2026-03-01
ORD0000246,ORD0000246-L1073,CUST000207,PROD000073,West,marketplace,1,281.38,placed,2026-03-01
ORD0000246,ORD0000246-L1236,CUST000207,PROD000236,West,web,1,102.18,placed,2026-03-01
ORD0000272,ORD0000272-L3038,CUST000452,PROD000038,West,mobile,3,111.57,placed,2026-03-01
ORD0000272,ORD0000272-L3172,CUST000452,PROD000172,West,store,3,1392.72,placed,2026-03-01
ORD0000520,ORD0000520-L2195,CUST000001,PROD000195,Southeast,marketplace,2,385.16,placed,2026-03-01
ORD0000520,ORD0000520-L2228,CUST000001,PROD000228,Midwest,mobile,2,157.92,placed,2026-03-01
ORD0000520,ORD0000520-L1220,CUST000001,PROD000220,Southeast,web,1,377.77,placed,2026-03-01
ORD0000520,ORD0000520-L2226,CUST000001,PROD000226,Southeast,web,2,453.02,placed,2026-03-01
ORD0000540,ORD0000540-L1157,CUST000059,PROD000157,Midwest,mobile,1,261.95,placed,2026-03-01
ORD0000540,ORD0000540-L3130,CUST000059,PROD000130,West,store,3,1306.92,placed,2026-03-01
ORD0000540,ORD0000540-L2003,CUST000059,PROD000003,West,store,2,520.28,placed,2026-03-01
ORD0000540,ORD0000540-L3200,CUST000059,PROD000200,Midwest,marketplace,3,967.53,placed,2026-03-01
ORD0000694,ORD0000694-L3094,CUST000189,PROD000094,Midwest,web,3,218.49,placed,2026-03-01
ORD0000694,ORD0000694-L1181,CUST000189,PROD000181,West,mobile,1,42.77,placed,2026-03-01
ORD0000694,ORD0000694-L3061,CUST000189,PROD000061,Midwest,store,3,1008.39,placed,2026-03-01
ORD0000785,ORD0000785-L1076,CUST000011,PROD000076,Midwest,marketplace,1,67.83,placed,2026-03-01
ORD0000785,ORD0000785-L2079,CUST000011,PROD000079,West,web,2,694.2,placed,2026-03-01
ORD0000814,ORD0000814-L2010,CUST000019,PROD000010,Northeast,store,2,247.1,placed,2026-03-01
ORD0000815,ORD0000815-L1108,CUST000298,PROD000108,Southeast,web,1,259.31,placed,2026-03-01
ORD0000815,ORD0000815-L2236,CUST000298,PROD000236,West,store,2,227.06,placed,2026-03-01
ORD0000815,ORD0000815-L2065,CUST000298,PROD000065,West,mobile,2,112.46,placed,2026-03-01
ORD0000815,ORD0000815-L2200,CUST000298,PROD000200,Southeast,mobile,2,645.02,placed,2026-03-01
ORD0000828,ORD0000828-L1177,CUST000374,PROD000177,Northeast,store,1,35.77,placed,2026-03-01
ORD0000828,ORD0000828-L1125,CUST000374,PROD000125,Southeast,marketplace,1,205.83,placed,2026-03-01
ORD0000828,ORD0000828-L2161,CUST000374,PROD000161,Northeast,mobile,2,492.42,placed,2026-03-01
ORD0000828,ORD0000828-L2144,CUST000374,PROD000144,Midwest,store,2,736.26,placed,2026-03-01
ORD0000852,ORD0000852-L2225,CUST000073,PROD000225,Northeast,web,2,748.5,placed,2026-03-01
ORD0000852,ORD0000852-L1118,CUST000073,PROD000118,Midwest,store,1,273.14,placed,2026-03-01
ORD0000852,ORD0000852-L2030,CUST000073,PROD000030,Northeast,mobile,2,135.08,placed,2026-03-01
ORD0000852,ORD0000852-L2021,CUST000073,PROD000021,Northeast,store,2,49.84,placed,2026-03-01
ORD0000944,ORD0000944-L1122,CUST000280,PROD000122,Midwest,mobile,1,179.71,placed,2026-03-01
ORD0000944,ORD0000944-L3100,CUST000280,PROD000100,Southeast,marketplace,3,551.91,placed,2026-03-01
ORD0000944,ORD0000944-L1097,CUST000280,PROD000097,West,mobile,1,357.09,placed,2026-03-01
ORD0000944,ORD0000944-L3082,CUST000280,PROD000082,Southeast,marketplace,3,1101.54,placed,2026-03-01
ORD0001049,ORD0001049-L2148,CUST000293,PROD000148,Southeast,mobile,2,283.1,placed,2026-03-01
ORD0001049,ORD0001049-L3211,CUST000293,PROD000211,Northeast,web,3,862.86,placed,2026-03-01
ORD0001049,ORD0001049-L2185,CUST000293,PROD000185,Midwest,store,2,762.86,placed,2026-03-01
ORD0001049,ORD0001049-L3027,CUST000293,PROD000027,Midwest,mobile,3,979.71,placed,2026-03-01
ORD0001338,ORD0001338-L1083,CUST000333,PROD000083,Midwest,mobile,1,205.66,placed,2026-03-01
ORD0001338,ORD0001338-L2198,CUST000333,PROD000198,West,marketplace,2,823.66,placed,2026-03-01
ORD0001338,ORD0001338-L3154,CUST000333,PROD000154,West,store,3,951.6,placed,2026-03-01
ORD0001338,ORD0001338-L1117,CUST000333,PROD000117,Midwest,marketplace,1,454.62,placed,2026-03-01
ORD0001340,ORD0001340-L3115,CUST000006,PROD000115,Midwest,web,3,453.69,placed,2026-03-01
ORD0001340,ORD0001340-L3009,CUST000006,PROD000009,West,marketplace,3,980.13,placed,2026-03-01
ORD0001465,ORD0001465-L3138,CUST000455,PROD000138,Northeast,marketplace,3,926.22,placed,2026-03-01
ORD0001465,ORD0001465-L2135,CUST000455,PROD000135,Midwest,store,2,378.56,placed,2026-03-01
ORD0001465,ORD0001465-L1139,CUST000455,PROD000139,Midwest,mobile,1,411.02,placed,2026-03-01
ORD0001465,ORD0001465-L1166,CUST000455,PROD000166,West,mobile,1,222.66,placed,2026-03-01
ORD0001517,ORD0001517-L2227,CUST000291,PROD000227,West,store,2,802.36,placed,2026-03-01
ORD0001517,ORD0001517-L1215,CUST000291,PROD000215,Northeast,marketplace,1,223.39,placed,2026-03-01
ORD0001524,ORD0001524-L1248,CUST000273,PROD000248,Northeast,store,1,313.91,placed,2026-03-01
ORD0001627,ORD0001627-L3057,CUST000206,PROD000057,Northeast,marketplace,3,1084.26,placed,2026-03-01
ORD0001766,ORD0001766-L2194,CUST000295,PROD000194,West,store,2,389.2,placed,2026-03-01
ORD0001842,ORD0001842-L3011,CUST000366,PROD000011,Midwest,web,3,915.6,placed,2026-03-01
ORD0002089,ORD0002089-L3097,CUST000360,PROD000097,West,mobile,3,1127.64,placed,2026-03-01
ORD0002089,ORD0002089-L2151,CUST000360,PROD000151,West,mobile,2,635.76,placed,2026-03-01
ORD0002089,ORD0002089-L1055,CUST000360,PROD000055,Northeast,store,1,297.05,placed,2026-03-01
ORD0002089,ORD0002089-L3040,CUST000360,PROD000040,Southeast,web,3,92.55,placed,2026-03-01
ORD0002150,ORD0002150-L2152,CUST000336,PROD000152,Northeast,web,2,659.8,placed,2026-03-01
ORD0002150,ORD0002150-L2025,CUST000336,PROD000025,Northeast,mobile,2,752.78,placed,2026-03-01
ORD0002150,ORD0002150-L1011,CUST000336,PROD000011,Midwest,store,1,289.13,placed,2026-03-01
ORD0002150,ORD0002150-L3128,CUST000336,PROD000128,Midwest,web,3,97.59,placed,2026-03-01
ORD0002265,ORD0002265-L3062,CUST000108,PROD000062,West,web,3,682.92,placed,2026-03-01
ORD0002265,ORD0002265-L2123,CUST000108,PROD000123,West,store,2,339.5,placed,2026-03-01
ORD0002265,ORD0002265-L1049,CUST000108,PROD000049,Southeast,marketplace,1,136.75,placed,2026-03-01
ORD0002296,ORD0002296-L1107,CUST000115,PROD000107,Midwest,mobile,1,428.08,placed,2026-03-01
ORD0002304,ORD0002304-L1135,CUST000198,PROD000135,West,web,1,199.24,placed,2026-03-01
ORD0002304,ORD0002304-L1214,CUST000198,PROD000214,Northeast,marketplace,1,129.39,placed,2026-03-01
ORD0002304,ORD0002304-L1250,CUST000198,PROD000250,Northeast,web,1,316.17,placed,2026-03-01
ORD0002304,ORD0002304-L1201,CUST000198,PROD000201,West,mobile,1,368.5,placed,2026-03-01
ORD0002334,ORD0002334-L2005,CUST000286,PROD000005,West,mobile,2,638.72,placed,2026-03-01
ORD0002334,ORD0002334-L3040,CUST000286,PROD000040,West,store,3,92.55,placed,2026-03-01
ORD0002334,ORD0002334-L2162,CUST000286,PROD000162,Midwest,mobile,2,543.26,placed,2026-03-01
ORD0002334,ORD0002334-L1099,CUST000286,PROD000099,Northeast,store,1,362.22,placed,2026-03-01
ORD0002392,ORD0002392-L1240,CUST000235,PROD000240,Midwest,web,1,383.36,placed,2026-03-01
ORD0002392,ORD0002392-L3181,CUST000235,PROD000181,Midwest,marketplace,3,109.05,placed,2026-03-01
ORD0002392,ORD0002392-L2189,CUST000235,PROD000189,Northeast,mobile,2,181.2,placed,2026-03-01
ORD0002659,ORD0002659-L3070,CUST000021,PROD000070,Midwest,web,3,753.9,placed,2026-03-01
ORD0002659,ORD0002659-L2173,CUST000021,PROD000173,Midwest,web,2,491.76,placed,2026-03-01
ORD0002706,ORD0002706-L3150,CUST000316,PROD000150,Southeast,store,3,1404.72,placed,2026-03-01
ORD0002706,ORD0002706-L1117,CUST000316,PROD000117,Southeast,store,1,454.62,placed,2026-03-01
ORD0002706,ORD0002706-L2095,CUST000316,PROD000095,Northeast,store,2,40.8,placed,2026-03-01
ORD0002721,ORD0002721-L2019,CUST000498,PROD000019,Southeast,web,2,569.06,placed,2026-03-01
ORD0002721,ORD0002721-L3055,CUST000498,PROD000055,West,store,3,891.15,placed,2026-03-01
ORD0002721,ORD0002721-L2033,CUST000498,PROD000033,Southeast,web,2,776.2,placed,2026-03-01
ORD0002721,ORD0002721-L1044,CUST000498,PROD000044,West,marketplace,1,378.65,placed,2026-03-01
ORD0002859,ORD0002859-L1067,CUST000408,PROD000067,Northeast,mobile,1,168.36,placed,2026-03-01
ORD0002859,ORD0002859-L2158,CUST000408,PROD000158,Midwest,web,2,196.28,placed,2026-03-01
ORD0002859,ORD0002859-L2032,CUST000408,PROD000032,Midwest,marketplace,2,448.92,placed,2026-03-01
ORD0002962,ORD0002962-L1122,CUST000198,PROD000122,Northeast,store,1,189.17,placed,2026-03-01
ORD0003005,ORD0003005-L2056,CUST000193,PROD000056,Southeast,mobile,2,159.5,placed,2026-03-01
ORD0003005,ORD0003005-L3132,CUST000193,PROD000132,Southeast,web,3,1088.94,placed,2026-03-01
ORD0003014,ORD0003014-L3126,CUST000218,PROD000126,Midwest,marketplace,3,887.04,placed,2026-03-01
ORD0003091,ORD0003091-L1024,CUST000254,PROD000024,Southeast,store,1,211.64,placed,2026-03-01
ORD0003091,ORD0003091-L2189,CUST000254,PROD000189,Midwest,store,2,171.66,placed,2026-03-01
ORD0003091,ORD0003091-L2104,CUST000254,PROD000104,Southeast,mobile,2,690.86,placed,2026-03-01
ORD0003091,ORD0003091-L1103,CUST000254,PROD000103,Southeast,store,1,275.2,placed,2026-03-01
ORD0003162,ORD0003162-L2077,CUST000365,PROD000077,Southeast,web,2,291.06,placed,2026-03-01
ORD0003350,ORD0003350-L2196,CUST000239,PROD000196,Midwest,marketplace,2,760.4,placed,2026-03-01
ORD0003350,ORD0003350-L2165,CUST000239,PROD000165,West,mobile,2,880.82,placed,2026-03-01
ORD0003387,ORD0003387-L3156,CUST000395,PROD000156,Southeast,marketplace,3,224.64,placed,2026-03-01
ORD0003387,ORD0003387-L2118,CUST000395,PROD000118,Southeast,store,2,606.98,placed,2026-03-01
ORD0003415,ORD0003415-L2040,CUST000306,PROD000040,Southeast,web,2,58.62,placed,2026-03-01
ORD0003426,ORD0003426-L3130,CUST000053,PROD000130,West,mobile,3,1306.92,placed,2026-03-01
ORD0003456,ORD0003456-L2107,CUST000135,PROD000107,West,mobile,2,770.54,placed,2026-03-01
ORD0003458,ORD0003458-L2239,CUST000418,PROD000239,Southeast,web,2,695.52,placed,2026-03-01
ORD0003621,ORD0003621-L3058,CUST000372,PROD000058,Southeast,marketplace,3,833.16,placed,2026-03-01
ORD0003621,ORD0003621-L3022,CUST000372,PROD000022,Northeast,web,3,172.11,placed,2026-03-01
ORD0003621,ORD0003621-L1162,CUST000372,PROD000162,Midwest,marketplace,1,319.57,placed,2026-03-01
ORD0003631,ORD0003631-L2100,CUST000409,PROD000100,Southeast,mobile,2,367.94,placed,2026-03-01
ORD0003665,ORD0003665-L2147,CUST000207,PROD000147,Southeast,web,2,550.28,placed,2026-03-01
ORD0003665,ORD0003665-L3196,CUST000207,PROD000196,Midwest,store,3,1140.6,placed,2026-03-01
ORD0003665,ORD0003665-L3179,CUST000207,PROD000179,Midwest,store,3,679.98,placed,2026-03-01
ORD0003665,ORD0003665-L1046,CUST000207,PROD000046,Southeast,web,1,237.29,placed,2026-03-01
ORD0003742,ORD0003742-L1204,CUST000357,PROD000204,Northeast,store,1,450.52,placed,2026-03-01
ORD0003742,ORD0003742-L3035,CUST000357,PROD000035,Northeast,web,3,1315.53,placed,2026-03-01
ORD0003742,ORD0003742-L1209,CUST000357,PROD000209,Midwest,web,1,135.13,placed,2026-03-01
ORD0003742,ORD0003742-L1024,CUST000357,PROD000024,Midwest,web,1,223.39,placed,2026-03-01
ORD0003778,ORD0003778-L1026,CUST000289,PROD000026,Northeast,web,1,88.53,placed,2026-03-01
ORD0003778,ORD0003778-L1175,CUST000289,PROD000175,Midwest,web,1,417.27,placed,2026-03-01
ORD0003778,ORD0003778-L3062,CUST000289,PROD000062,Midwest,marketplace,3,682.92,placed,2026-03-01
ORD0003851,ORD0003851-L2114,CUST000140,PROD000114,Southeast,web,2,794.9,placed,2026-03-01
ORD0003851,ORD0003851-L3007,CUST000140,PROD000007,Northeast,marketplace,3,1094.82,placed,2026-03-01
ORD0003851,ORD0003851-L3186,CUST000140,PROD000186,Northeast,marketplace,3,957.93,placed,2026-03-01
ORD0000074,ORD0000074-L3181,CUST000202,PROD000181,Northeast,web,3,121.89,placed,2026-03-02
ORD0000074,ORD0000074-L1240,CUST000202,PROD000240,Southeast,mobile,1,383.36,placed,2026-03-02
ORD0000074,ORD0000074-L1128,CUST000202,PROD000128,Southeast,store,1,32.53,placed,2026-03-02
ORD0000074,ORD0000074-L3141,CUST000202,PROD000141,Southeast,web,3,1110.27,placed,2026-03-02
ORD0000152,ORD0000152-L3065,CUST000236,PROD000065,Northeast,marketplace,3,198.45,placed,2026-03-02
ORD0000152,ORD0000152-L1096,CUST000236,PROD000096,Northeast,store,1,102.01,placed,2026-03-02
ORD0000152,ORD0000152-L3066,CUST000236,PROD000066,Midwest,mobile,3,1399.29,placed,2026-03-02
ORD0000152,ORD0000152-L2128,CUST000236,PROD000128,Midwest,store,2,68.48,placed,2026-03-02
ORD0000233,ORD0000233-L1160,CUST000469,PROD000160,Midwest,marketplace,1,61.54,placed,2026-03-02
ORD0000233,ORD0000233-L1167,CUST000469,PROD000167,West,web,1,162.46,placed,2026-03-02
ORD0000233,ORD0000233-L2161,CUST000469,PROD000161,Midwest,store,2,492.42,placed,2026-03-02
ORD0000233,ORD0000233-L2168,CUST000469,PROD000168,Northeast,web,2,642.66,placed,2026-03-02
ORD0000253,ORD0000253-L1013,CUST000051,PROD000013,Southeast,mobile,1,375.92,placed,2026-03-02
ORD0000253,ORD0000253-L1246,CUST000051,PROD000246,Northeast,mobile,1,93.05,placed,2026-03-02
ORD0000500,ORD0000500-L3243,CUST000412,PROD000243,Midwest,web,3,642.75,placed,2026-03-02
ORD0000500,ORD0000500-L3013,CUST000412,PROD000013,Northeast,web,3,1326.78,placed,2026-03-02
ORD0000500,ORD0000500-L2158,CUST000412,PROD000158,Midwest,mobile,2,196.28,placed,2026-03-02
ORD0000506,ORD0000506-L1027,CUST000499,PROD000027,Midwest,web,1,310.24,placed,2026-03-02
ORD0000506,ORD0000506-L1249,CUST000499,PROD000249,Northeast,marketplace,1,122.1,placed,2026-03-02
ORD0000506,ORD0000506-L3088,CUST000499,PROD000088,West,web,3,652.71,placed,2026-03-02
ORD0000511,ORD0000511-L1164,CUST000110,PROD000164,Southeast,web,1,16.77,placed,2026-03-02
ORD0000526,ORD0000526-L2011,CUST000148,PROD000011,West,marketplace,2,610.4,placed,2026-03-02
ORD0000526,ORD0000526-L1180,CUST000148,PROD000180,Midwest,mobile,1,372.15,placed,2026-03-02
ORD0000546,ORD0000546-L1022,CUST000044,PROD000022,Northeast,store,1,60.39,placed,2026-03-02
ORD0000546,ORD0000546-L3172,CUST000044,PROD000172,West,web,3,1392.72,placed,2026-03-02
ORD0000605,ORD0000605-L2033,CUST000031,PROD000033,Southeast,web,2,776.2,placed,2026-03-02
ORD0000605,ORD0000605-L2158,CUST000031,PROD000158,Southeast,marketplace,2,186.46,placed,2026-03-02
ORD0000605,ORD0000605-L2127,CUST000031,PROD000127,Midwest,marketplace,2,194.4,placed,2026-03-02
ORD0000702,ORD0000702-L2103,CUST000329,PROD000103,Midwest,marketplace,2,522.88,placed,2026-03-02
ORD0000702,ORD0000702-L1016,CUST000329,PROD000016,Northeast,mobile,1,409.93,placed,2026-03-02
ORD0000702,ORD0000702-L2134,CUST000329,PROD000134,West,store,2,699.38,placed,2026-03-02
ORD0000756,ORD0000756-L1033,CUST000385,PROD000033,Northeast,marketplace,1,368.69,placed,2026-03-02
ORD0000756,ORD0000756-L3192,CUST000385,PROD000192,Southeast,mobile,3,1294.89,placed,2026-03-02
ORD0000756,ORD0000756-L3190,CUST000385,PROD000190,Midwest,store,3,198.99,placed,2026-03-02
ORD0000756,ORD0000756-L3198,CUST000385,PROD000198,Southeast,web,3,1304.13,placed,2026-03-02
ORD0000774,ORD0000774-L1203,CUST000208,PROD000203,Northeast,web,1,353.63,placed,2026-03-02
ORD0000774,ORD0000774-L1107,CUST000208,PROD000107,Midwest,marketplace,1,428.08,placed,2026-03-02
ORD0000774,ORD0000774-L3228,CUST000208,PROD000228,West,mobile,3,225.03,placed,2026-03-02
ORD0000811,ORD0000811-L3071,CUST000252,PROD000071,Southeast,store,3,299.97,placed,2026-03-02
ORD0001044,ORD0001044-L3018,CUST000237,PROD000018,West,store,3,806.55,placed,2026-03-02
ORD0001044,ORD0001044-L3210,CUST000237,PROD000210,Northeast,web,3,1259.67,placed,2026-03-02
ORD0001044,ORD0001044-L2157,CUST000237,PROD000157,Midwest,store,2,523.9,placed,2026-03-02
ORD0001044,ORD0001044-L1062,CUST000237,PROD000062,West,store,1,239.62,placed,2026-03-02
ORD0001080,ORD0001080-L2191,CUST000025,PROD000191,Northeast,marketplace,2,679.72,placed,2026-03-02
ORD0001286,ORD0001286-L3238,CUST000448,PROD000238,Midwest,marketplace,3,269.46,placed,2026-03-02
ORD0001290,ORD0001290-L2005,CUST000035,PROD000005,Midwest,mobile,2,574.84,placed,2026-03-02
ORD0001290,ORD0001290-L2154,CUST000035,PROD000154,Midwest,web,2,634.4,placed,2026-03-02
ORD0001290,ORD0001290-L3116,CUST000035,PROD000116,West,store,3,722.73,placed,2026-03-02
ORD0001290,ORD0001290-L1167,CUST000035,PROD000167,Northeast,store,1,171.01,placed,2026-03-02
ORD0001345,ORD0001345-L3114,CUST000263,PROD000114,Northeast,store,3,1255.11,placed,2026-03-02
ORD0001368,ORD0001368-L3156,CUST000426,PROD000156,Northeast,web,3,236.46,placed,2026-03-02
ORD0001368,ORD0001368-L1233,CUST000426,PROD000233,Midwest,web,1,347.49,placed,2026-03-02
ORD0001398,ORD0001398-L1038,CUST000182,PROD000038,Southeast,web,1,33.47,placed,2026-03-02
ORD0001398,ORD0001398-L3160,CUST000182,PROD000160,West,web,3,217.2,placed,2026-03-02
ORD0001398,ORD0001398-L3219,CUST000182,PROD000219,Northeast,mobile,3,1413.54,placed,2026-03-02
ORD0001398,ORD0001398-L2180,CUST000182,PROD000180,West,marketplace,2,707.08,placed,2026-03-02
ORD0001442,ORD0001442-L2224,CUST000484,PROD000224,Southeast,marketplace,2,768.72,placed,2026-03-02
ORD0001624,ORD0001624-L1218,CUST000005,PROD000218,Midwest,web,1,70.58,placed,2026-03-02
ORD0001624,ORD0001624-L2007,CUST000005,PROD000007,Southeast,mobile,2,693.38,placed,2026-03-02
ORD0001624,ORD0001624-L1108,CUST000005,PROD000108,Midwest,store,1,288.12,placed,2026-03-02
ORD0001624,ORD0001624-L2125,CUST000005,PROD000125,Midwest,mobile,2,411.66,placed,2026-03-02
ORD0001639,ORD0001639-L3065,CUST000254,PROD000065,West,web,3,198.45,placed,2026-03-02
ORD0001639,ORD0001639-L1071,CUST000254,PROD000071,Midwest,marketplace,1,89.99,placed,2026-03-02
ORD0001639,ORD0001639-L2118,CUST000254,PROD000118,Midwest,mobile,2,606.98,placed,2026-03-02
ORD0001659,ORD0001659-L3170,CUST000014,PROD000170,West,mobile,3,99.09,placed,2026-03-02
ORD0001659,ORD0001659-L1052,CUST000014,PROD000052,Northeast,store,1,189.28,placed,2026-03-02
ORD0001659,ORD0001659-L2161,CUST000014,PROD000161,Northeast,marketplace,2,492.42,placed,2026-03-02
ORD0001933,ORD0001933-L2093,CUST000253,PROD000093,Midwest,marketplace,2,828.68,placed,2026-03-02
ORD0001933,ORD0001933-L2101,CUST000253,PROD000101,Southeast,web,2,779.58,placed,2026-03-02
ORD0001933,ORD0001933-L1009,CUST000253,PROD000009,Northeast,store,1,363.01,placed,2026-03-02
ORD0001999,ORD0001999-L3225,CUST000205,PROD000225,Northeast,store,3,1254.84,placed,2026-03-02
ORD0002065,ORD0002065-L1162,CUST000028,PROD000162,Midwest,mobile,1,319.57,placed,2026-03-02
ORD0002065,ORD0002065-L2151,CUST000028,PROD000151,Northeast,marketplace,2,706.4,placed,2026-03-02
ORD0002065,ORD0002065-L1108,CUST000028,PROD000108,Southeast,mobile,1,259.31,placed,2026-03-02
ORD0002065,ORD0002065-L1045,CUST000028,PROD000045,Midwest,marketplace,1,398.15,placed,2026-03-02
ORD0002097,ORD0002097-L3184,CUST000487,PROD000184,Northeast,marketplace,3,959.79,placed,2026-03-02
ORD0002097,ORD0002097-L2016,CUST000487,PROD000016,Southeast,web,2,737.88,placed,2026-03-02
ORD0002215,ORD0002215-L2131,CUST000446,PROD000131,Northeast,marketplace,2,330.06,placed,2026-03-02
ORD0002215,ORD0002215-L1107,CUST000446,PROD000107,West,mobile,1,363.87,placed,2026-03-02
ORD0002215,ORD0002215-L1030,CUST000446,PROD000030,Midwest,store,1,60.43,placed,2026-03-02
ORD0002215,ORD0002215-L1229,CUST000446,PROD000229,Midwest,mobile,1,60.55,placed,2026-03-02
ORD0002241,ORD0002241-L3054,CUST000467,PROD000054,Southeast,marketplace,3,713.19,placed,2026-03-02
ORD0002241,ORD0002241-L3092,CUST000467,PROD000092,West,marketplace,3,1414.5,placed,2026-03-02
ORD0002310,ORD0002310-L3144,CUST000228,PROD000144,Southeast,marketplace,3,1104.39,placed,2026-03-02
ORD0002310,ORD0002310-L1128,CUST000228,PROD000128,Midwest,web,1,30.82,placed,2026-03-02
ORD0002310,ORD0002310-L2009,CUST000228,PROD000009,Northeast,mobile,2,653.42,placed,2026-03-02
ORD0002314,ORD0002314-L3158,CUST000216,PROD000158,Northeast,marketplace,3,279.69,placed,2026-03-02
ORD0002314,ORD0002314-L3248,CUST000216,PROD000248,Midwest,web,3,941.73,placed,2026-03-02
ORD0002314,ORD0002314-L3104,CUST000216,PROD000104,West,marketplace,3,1036.29,placed,2026-03-02
ORD0002431,ORD0002431-L3152,CUST000146,PROD000152,Southeast,mobile,3,989.7,placed,2026-03-02
ORD0002431,ORD0002431-L3111,CUST000146,PROD000111,Southeast,marketplace,3,45.21,placed,2026-03-02
ORD0002452,ORD0002452-L3114,CUST000489,PROD000114,West,web,3,1129.59,placed,2026-03-02
ORD0002627,ORD0002627-L2109,CUST000243,PROD000109,West,marketplace,2,561.74,placed,2026-03-02
ORD0002627,ORD0002627-L3182,CUST000243,PROD000182,Southeast,web,3,818.4,placed,2026-03-02
ORD0002627,ORD0002627-L1043,CUST000243,PROD000043,Northeast,store,1,143.72,placed,2026-03-02
ORD0002627,ORD0002627-L3026,CUST000243,PROD000026,Southeast,marketplace,3,265.59,placed,2026-03-02
ORD0002668,ORD0002668-L3219,CUST000137,PROD000219,Midwest,marketplace,3,1342.86,placed,2026-03-02
ORD0002668,ORD0002668-L1069,CUST000137,PROD000069,Southeast,mobile,1,136.16,placed,2026-03-02
ORD0002669,ORD0002669-L1148,CUST000287,PROD000148,West,mobile,1,141.55,placed,2026-03-02
ORD0002669,ORD0002669-L3142,CUST000287,PROD000142,Northeast,marketplace,3,297.93,placed,2026-03-02
ORD0002669,ORD0002669-L1041,CUST000287,PROD000041,Northeast,web,1,17.32,placed,2026-03-02
ORD0002851,ORD0002851-L3200,CUST000338,PROD000200,Northeast,web,3,1021.26,placed,2026-03-02
ORD0002851,ORD0002851-L1048,CUST000338,PROD000048,Northeast,web,1,310.39,placed,2026-03-02
ORD0002851,ORD0002851-L2231,CUST000338,PROD000231,Southeast,marketplace,2,144.98,placed,2026-03-02
ORD0002851,ORD0002851-L1105,CUST000338,PROD000105,Northeast,mobile,1,370.23,placed,2026-03-02
ORD0002884,ORD0002884-L3226,CUST000151,PROD000226,Northeast,store,3,611.58,placed,2026-03-02
ORD0002884,ORD0002884-L1192,CUST000151,PROD000192,Midwest,marketplace,1,431.63,placed,2026-03-02
ORD0002884,ORD0002884-L3237,CUST000151,PROD000237,Midwest,mobile,3,684.03,placed,2026-03-02
ORD0002903,ORD0002903-L1201,CUST000310,PROD000201,West,web,1,368.5,placed,2026-03-02
ORD0002903,ORD0002903-L1216,CUST000310,PROD000216,Midwest,mobile,1,44.73,placed,2026-03-02
ORD0002903,ORD0002903-L1236,CUST000310,PROD000236,Northeast,mobile,1,113.53,placed,2026-03-02
ORD0002903,ORD0002903-L3243,CUST000310,PROD000243,West,store,3,642.75,placed,2026-03-02
ORD0003208,ORD0003208-L1037,CUST000295,PROD000037,Midwest,store,1,414.44,placed,2026-03-02
ORD0003208,ORD0003208-L3214,CUST000295,PROD000214,Northeast,mobile,3,388.17,placed,2026-03-02
ORD0003208,ORD0003208-L2115,CUST000295,PROD000115,Northeast,store,2,318.38,placed,2026-03-02
ORD0003236,ORD0003236-L3248,CUST000062,PROD000248,Midwest,marketplace,3,991.29,placed,2026-03-02
ORD0003236,ORD0003236-L1040,CUST000062,PROD000040,Midwest,marketplace,1,27.77,placed,2026-03-02
ORD0003296,ORD0003296-L2241,CUST000360,PROD000241,West,web,2,130.64,placed,2026-03-02
ORD0003296,ORD0003296-L1202,CUST000360,PROD000202,Southeast,mobile,1,389.02,placed,2026-03-02
ORD0003296,ORD0003296-L3079,CUST000360,PROD000079,Midwest,store,3,1157.01,placed,2026-03-02
ORD0003296,ORD0003296-L3088,CUST000360,PROD000088,Southeast,marketplace,3,652.71,placed,2026-03-02
ORD0003316,ORD0003316-L2190,CUST000209,PROD000190,Midwest,mobile,2,147.4,placed,2026-03-02
ORD0003316,ORD0003316-L1250,CUST000209,PROD000250,West,marketplace,1,371.97,placed,2026-03-02
ORD0003450,ORD0003450-L3100,CUST000288,PROD000100,Midwest,web,3,551.91,placed,2026-03-02
ORD0003450,ORD0003450-L2116,CUST000288,PROD000116,West,marketplace,2,481.82,placed,2026-03-02
ORD0003515,ORD0003515-L2178,CUST000121,PROD000178,West,marketplace,2,451.16,placed,2026-03-02
ORD0003587,ORD0003587-L3003,CUST000373,PROD000003,Southeast,store,3,741.39,placed,2026-03-02
ORD0003587,ORD0003587-L3158,CUST000373,PROD000158,Midwest,store,3,279.69,placed,2026-03-02
ORD0003587,ORD0003587-L3002,CUST000373,PROD000002,Midwest,mobile,3,1321.74,placed,2026-03-02
ORD0003587,ORD0003587-L3095,CUST000373,PROD000095,West,store,3,61.2,placed,2026-03-02
ORD0003607,ORD0003607-L1214,CUST000106,PROD000214,West,marketplace,1,129.39,placed,2026-03-02
ORD0003736,ORD0003736-L3031,CUST000408,PROD000031,West,store,3,264.63,placed,2026-03-02
ORD0003736,ORD0003736-L2224,CUST000408,PROD000224,Northeast,web,2,768.72,placed,2026-03-02
ORD0003965,ORD0003965-L1049,CUST000240,PROD000049,West,web,1,151.94,placed,2026-03-02
ORD0003965,ORD0003965-L1154,CUST000240,PROD000154,Northeast,store,1,333.89,placed,2026-03-02
ORD0003965,ORD0003965-L1218,CUST000240,PROD000218,West,web,1,66.66,placed,2026-03-02
ORD0003972,ORD0003972-L3160,CUST000255,PROD000160,Northeast,web,3,217.2,placed,2026-03-02
ORD0003972,ORD0003972-L1136,CUST000255,PROD000136,Midwest,marketplace,1,117.98,placed,2026-03-02
ORD0003972,ORD0003972-L1149,CUST000255,PROD000149,Midwest,mobile,1,271.5,placed,2026-03-02
ORD0000063,ORD0000063-L3113,CUST000013,PROD000113,Southeast,mobile,3,82.35,placed,2026-03-03
ORD0000063,ORD0000063-L2215,CUST000013,PROD000215,West,store,2,470.3,placed,2026-03-03
ORD0000063,ORD0000063-L1100,CUST000013,PROD000100,Northeast,web,1,183.97,placed,2026-03-03
ORD0000063,ORD0000063-L2239,CUST000013,PROD000239,Northeast,web,2,625.96,placed,2026-03-03
ORD0000446,ORD0000446-L3082,CUST000416,PROD000082,Midwest,store,3,991.38,placed,2026-03-03
ORD0000618,ORD0000618-L2015,CUST000371,PROD000015,Northeast,store,2,596.28,placed,2026-03-03
ORD0000618,ORD0000618-L2217,CUST000371,PROD000217,Southeast,marketplace,2,276.94,placed,2026-03-03
ORD0000740,ORD0000740-L1184,CUST000340,PROD000184,Northeast,mobile,1,303.09,placed,2026-03-03
ORD0000889,ORD0000889-L2080,CUST000048,PROD000080,Southeast,mobile,2,492.4,placed,2026-03-03
ORD0000889,ORD0000889-L3221,CUST000048,PROD000221,Midwest,marketplace,3,646.02,placed,2026-03-03
ORD0001045,ORD0001045-L1052,CUST000418,PROD000052,Northeast,marketplace,1,199.24,placed,2026-03-03
ORD0001117,ORD0001117-L1145,CUST000080,PROD000145,Midwest,web,1,101.74,placed,2026-03-03
ORD0001117,ORD0001117-L3201,CUST000080,PROD000201,Northeast,web,3,939.66,placed,2026-03-03
ORD0001117,ORD0001117-L1009,CUST000080,PROD000009,Midwest,web,1,308.56,placed,2026-03-03
ORD0001120,ORD0001120-L2211,CUST000225,PROD000211,Midwest,web,2,546.48,placed,2026-03-03
ORD0001120,ORD0001120-L3127,CUST000225,PROD000127,Southeast,web,3,291.6,placed,2026-03-03
ORD0001120,ORD0001120-L1240,CUST000225,PROD000240,Southeast,web,1,403.54,placed,2026-03-03
ORD0001120,ORD0001120-L3083,CUST000225,PROD000083,Northeast,marketplace,3,649.44,placed,2026-03-03
ORD0001165,ORD0001165-L1211,CUST000153,PROD000211,Northeast,marketplace,1,287.62,placed,2026-03-03
ORD0001165,ORD0001165-L1118,CUST000153,PROD000118,Northeast,store,1,303.49,placed,2026-03-03
ORD0001321,ORD0001321-L2022,CUST000433,PROD000022,Southeast,mobile,2,120.78,placed,2026-03-03
ORD0001321,ORD0001321-L2159,CUST000433,PROD000159,West,store,2,707.44,placed,2026-03-03
ORD0001507,ORD0001507-L2055,CUST000063,PROD000055,Midwest,web,2,594.1,placed,2026-03-03
ORD0001523,ORD0001523-L3213,CUST000112,PROD000213,Midwest,marketplace,3,31.05,placed,2026-03-03
ORD0001551,ORD0001551-L3236,CUST000317,PROD000236,Midwest,store,3,306.54,placed,2026-03-03
ORD0001551,ORD0001551-L3179,CUST000317,PROD000179,Northeast,web,3,645.99,placed,2026-03-03
ORD0001551,ORD0001551-L2090,CUST000317,PROD000090,West,mobile,2,260.42,placed,2026-03-03
ORD0001651,ORD0001651-L3028,CUST000275,PROD000028,Midwest,mobile,3,148.47,placed,2026-03-03
ORD0001651,ORD0001651-L3022,CUST000275,PROD000022,Northeast,store,3,181.17,placed,2026-03-03
ORD0001651,ORD0001651-L3141,CUST000275,PROD000141,Midwest,web,3,1110.27,placed,2026-03-03
ORD0001651,ORD0001651-L2197,CUST000275,PROD000197,West,store,2,728.34,placed,2026-03-03
ORD0001922,ORD0001922-L1102,CUST000063,PROD000102,Northeast,web,1,116.2,placed,2026-03-03
ORD0001922,ORD0001922-L1049,CUST000063,PROD000049,West,store,1,136.75,placed,2026-03-03
ORD0001922,ORD0001922-L3217,CUST000063,PROD000217,Northeast,mobile,3,415.41,placed,2026-03-03
ORD0001922,ORD0001922-L1086,CUST000063,PROD000086,Northeast,mobile,1,418.76,placed,2026-03-03
ORD0001929,ORD0001929-L2206,CUST000433,PROD000206,Northeast,marketplace,2,826.2,placed,2026-03-03
ORD0001929,ORD0001929-L3055,CUST000433,PROD000055,West,web,3,891.15,placed,2026-03-03
ORD0001929,ORD0001929-L2091,CUST000433,PROD000091,West,mobile,2,379.28,placed,2026-03-03
ORD0001929,ORD0001929-L3111,CUST000433,PROD000111,Northeast,web,3,42.96,placed,2026-03-03
ORD0001937,ORD0001937-L2153,CUST000255,PROD000153,West,mobile,2,796.34,placed,2026-03-03
ORD0001937,ORD0001937-L1057,CUST000255,PROD000057,Northeast,web,1,361.42,placed,2026-03-03
ORD0001937,ORD0001937-L2215,CUST000255,PROD000215,Southeast,mobile,2,446.78,placed,2026-03-03
ORD0001937,ORD0001937-L3169,CUST000255,PROD000169,West,marketplace,3,934.05,placed,2026-03-03
ORD0002100,ORD0002100-L3143,CUST000322,PROD000143,West,store,3,993.84,placed,2026-03-03
ORD0002118,ORD0002118-L1068,CUST000073,PROD000068,West,store,1,143.35,placed,2026-03-03
ORD0002204,ORD0002204-L1033,CUST000028,PROD000033,Midwest,web,1,349.29,placed,2026-03-03
ORD0002204,ORD0002204-L1093,CUST000028,PROD000093,Midwest,marketplace,1,352.19,placed,2026-03-03
ORD0002204,ORD0002204-L1191,CUST000028,PROD000191,Midwest,web,1,339.86,placed,2026-03-03
ORD0002204,ORD0002204-L1155,CUST000028,PROD000155,West,mobile,1,168.84,placed,2026-03-03
ORD0002236,ORD0002236-L2039,CUST000411,PROD000039,Midwest,store,2,691.72,placed,2026-03-03
ORD0002236,ORD0002236-L1047,CUST000411,PROD000047,Southeast,web,1,139.45,placed,2026-03-03
ORD0002259,ORD0002259-L3028,CUST000150,PROD000028,Southeast,mobile,3,148.47,placed,2026-03-03
ORD0002278,ORD0002278-L2178,CUST000233,PROD000178,Midwest,marketplace,2,451.16,placed,2026-03-03
ORD0002278,ORD0002278-L2201,CUST000233,PROD000201,Northeast,store,2,737.0,placed,2026-03-03
ORD0002309,ORD0002309-L2042,CUST000034,PROD000042,Northeast,web,2,235.18,placed,2026-03-03
ORD0002309,ORD0002309-L2188,CUST000034,PROD000188,Midwest,mobile,2,60.26,placed,2026-03-03
ORD0002309,ORD0002309-L2134,CUST000034,PROD000134,Southeast,mobile,2,777.1,placed,2026-03-03
ORD0002309,ORD0002309-L3115,CUST000034,PROD000115,Northeast,store,3,477.57,placed,2026-03-03
ORD0002416,ORD0002416-L3136,CUST000343,PROD000136,Southeast,store,3,353.94,placed,2026-03-03
ORD0002416,ORD0002416-L3038,CUST000343,PROD000038,Southeast,marketplace,3,105.99,placed,2026-03-03
ORD0002416,ORD0002416-L2243,CUST000343,PROD000243,West,store,2,385.66,placed,2026-03-03
ORD0002416,ORD0002416-L2114,CUST000343,PROD000114,Midwest,web,2,836.74,placed,2026-03-03
ORD0002489,ORD0002489-L1080,CUST000134,PROD000080,Midwest,mobile,1,273.56,placed,2026-03-03
ORD0002489,ORD0002489-L2073,CUST000134,PROD000073,West,store,2,562.76,placed,2026-03-03
ORD0002520,ORD0002520-L1130,CUST000135,PROD000130,West,marketplace,1,435.64,placed,2026-03-03
ORD0002547,ORD0002547-L3231,CUST000197,PROD000231,Southeast,store,3,217.47,placed,2026-03-03
ORD0002547,ORD0002547-L3022,CUST000197,PROD000022,Midwest,web,3,172.11,placed,2026-03-03
ORD0002547,ORD0002547-L3219,CUST000197,PROD000219,Midwest,mobile,3,1342.86,placed,2026-03-03
ORD0002577,ORD0002577-L2059,CUST000130,PROD000059,West,marketplace,2,45.82,placed,2026-03-03
ORD0002577,ORD0002577-L1204,CUST000130,PROD000204,Midwest,store,1,450.52,placed,2026-03-03
ORD0002649,ORD0002649-L1226,CUST000160,PROD000226,Northeast,marketplace,1,226.51,placed,2026-03-03
ORD0002671,ORD0002671-L2135,CUST000076,PROD000135,Midwest,marketplace,2,398.48,placed,2026-03-03
ORD0002671,ORD0002671-L2175,CUST000076,PROD000175,Southeast,web,2,792.82,placed,2026-03-03
ORD0002671,ORD0002671-L2246,CUST000076,PROD000246,Midwest,mobile,2,195.9,placed,2026-03-03
ORD0002671,ORD0002671-L1165,CUST000076,PROD000165,Southeast,marketplace,1,418.39,placed,2026-03-03
ORD0002695,ORD0002695-L3054,CUST000137,PROD000054,Midwest,store,3,677.52,placed,2026-03-03
ORD0002860,ORD0002860-L1247,CUST000129,PROD000247,West,mobile,1,361.98,placed,2026-03-03
ORD0002860,ORD0002860-L1065,CUST000129,PROD000065,Midwest,mobile,1,66.15,placed,2026-03-03
ORD0003011,ORD0003011-L2098,CUST000426,PROD000098,Midwest,store,2,787.06,placed,2026-03-03
ORD0003011,ORD0003011-L1226,CUST000426,PROD000226,West,web,1,192.53,placed,2026-03-03
ORD0003011,ORD0003011-L1151,CUST000426,PROD000151,West,marketplace,1,335.54,placed,2026-03-03
ORD0003011,ORD0003011-L3131,CUST000426,PROD000131,Southeast,marketplace,3,470.34,placed,2026-03-03
ORD0003143,ORD0003143-L2064,CUST000078,PROD000064,Northeast,marketplace,2,593.0,placed,2026-03-03
ORD0003143,ORD0003143-L2159,CUST000078,PROD000159,West,mobile,2,670.22,placed,2026-03-03
ORD0003143,ORD0003143-L2033,CUST000078,PROD000033,West,web,2,776.2,placed,2026-03-03
ORD0003143,ORD0003143-L3107,CUST000078,PROD000107,Southeast,store,3,1284.24,placed,2026-03-03
ORD0003155,ORD0003155-L1230,CUST000069,PROD000230,Southeast,store,1,321.73,placed,2026-03-03
ORD0003155,ORD0003155-L3118,CUST000069,PROD000118,Northeast,marketplace,3,864.96,placed,2026-03-03
ORD0003155,ORD0003155-L1200,CUST000069,PROD000200,West,mobile,1,358.34,placed,2026-03-03
ORD0003155,ORD0003155-L1191,CUST000069,PROD000191,Southeast,marketplace,1,322.87,placed,2026-03-03
ORD0003199,ORD0003199-L3170,CUST000296,PROD000170,Northeast,store,3,94.14,placed,2026-03-03
ORD0003199,ORD0003199-L1081,CUST000296,PROD000081,Midwest,web,1,253.35,placed,2026-03-03
ORD0003199,ORD0003199-L2183,CUST000296,PROD000183,Midwest,mobile,2,346.74,placed,2026-03-03
ORD0003233,ORD0003233-L1126,CUST000132,PROD000126,Northeast,marketplace,1,280.9,placed,2026-03-03
ORD0003233,ORD0003233-L2068,CUST000132,PROD000068,Midwest,store,2,258.02,placed,2026-03-03
ORD0003233,ORD0003233-L2237,CUST000132,PROD000237,Midwest,store,2,433.22,placed,2026-03-03
ORD0003306,ORD0003306-L2112,CUST000162,PROD000112,West,marketplace,2,523.56,placed,2026-03-03
ORD0003306,ORD0003306-L2049,CUST000162,PROD000049,Northeast,store,2,303.88,placed,2026-03-03
ORD0003306,ORD0003306-L1197,CUST000162,PROD000197,Southeast,marketplace,1,385.6,placed,2026-03-03
ORD0003432,ORD0003432-L3084,CUST000171,PROD000084,Midwest,web,3,339.57,placed,2026-03-03
ORD0003432,ORD0003432-L2117,CUST000171,PROD000117,Southeast,store,2,909.24,placed,2026-03-03
ORD0003432,ORD0003432-L1116,CUST000171,PROD000116,Southeast,mobile,1,216.82,placed,2026-03-03
ORD0003603,ORD0003603-L2032,CUST000378,PROD000032,Midwest,store,2,448.92,placed,2026-03-03
ORD0003606,ORD0003606-L3230,CUST000392,PROD000230,Northeast,web,3,965.19,placed,2026-03-03
ORD0003606,ORD0003606-L2062,CUST000392,PROD000062,West,mobile,2,479.24,placed,2026-03-03
ORD0003606,ORD0003606-L3170,CUST000392,PROD000170,Northeast,store,3,99.09,placed,2026-03-03
ORD0003606,ORD0003606-L1187,CUST000392,PROD000187,Midwest,marketplace,1,99.3,placed,2026-03-03
ORD0003677,ORD0003677-L1217,CUST000168,PROD000217,Southeast,marketplace,1,138.47,placed,2026-03-03
ORD0003732,ORD0003732-L1184,CUST000165,PROD000184,Midwest,store,1,336.77,placed,2026-03-03
ORD0003732,ORD0003732-L2069,CUST000165,PROD000069,West,store,2,258.7,placed,2026-03-03
ORD0003758,ORD0003758-L3084,CUST000434,PROD000084,Northeast,web,3,322.59,placed,2026-03-03
ORD0003758,ORD0003758-L1120,CUST000434,PROD000120,Northeast,store,1,84.82,placed,2026-03-03
ORD0003866,ORD0003866-L1168,CUST000071,PROD000168,Midwest,web,1,289.2,placed,2026-03-03
ORD0003876,ORD0003876-L2058,CUST000190,PROD000058,Southeast,web,2,555.44,placed,2026-03-03
ORD0000157,ORD0000157-L1117,CUST000013,PROD000117,Southeast,web,1,431.89,placed,2026-03-04
ORD0000310,ORD0000310-L3045,CUST000334,PROD000045,Southeast,store,3,1257.33,placed,2026-03-04
ORD0000310,ORD0000310-L3135,CUST000334,PROD000135,West,web,3,537.96,placed,2026-03-04
ORD0000310,ORD0000310-L1126,CUST000334,PROD000126,Midwest,web,1,266.11,placed,2026-03-04
ORD0000606,ORD0000606-L2205,CUST000212,PROD000205,Midwest,web,2,541.72,placed,2026-03-04
ORD0000606,ORD0000606-L2050,CUST000212,PROD000050,Northeast,marketplace,2,689.52,placed,2026-03-04
ORD0000609,ORD0000609-L1145,CUST000371,PROD000145,Northeast,marketplace,1,107.09,placed,2026-03-04
ORD0000683,ORD0000683-L2150,CUST000190,PROD000150,Northeast,mobile,2,936.48,placed,2026-03-04
ORD0000693,ORD0000693-L2168,CUST000361,PROD000168,Southeast,marketplace,2,610.52,placed,2026-03-04
ORD0000693,ORD0000693-L2079,CUST000361,PROD000079,Southeast,web,2,732.78,placed,2026-03-04
ORD0000693,ORD0000693-L2186,CUST000361,PROD000186,Southeast,mobile,2,672.24,placed,2026-03-04
ORD0000720,ORD0000720-L1043,CUST000497,PROD000043,Midwest,web,1,136.53,placed,2026-03-04
ORD0000720,ORD0000720-L2158,CUST000497,PROD000158,Southeast,mobile,2,196.28,placed,2026-03-04
ORD0000720,ORD0000720-L3149,CUST000497,PROD000149,West,store,3,958.23,placed,2026-03-04
ORD0001090,ORD0001090-L1148,CUST000335,PROD000148,Midwest,mobile,1,134.47,placed,2026-03-04
ORD0001090,ORD0001090-L3130,CUST000335,PROD000130,Northeast,marketplace,3,1306.92,placed,2026-03-04
ORD0001090,ORD0001090-L3041,CUST000335,PROD000041,Northeast,web,3,57.72,placed,2026-03-04
ORD0001153,ORD0001153-L3015,CUST000314,PROD000015,Midwest,marketplace,3,894.42,placed,2026-03-04
ORD0001153,ORD0001153-L3183,CUST000314,PROD000183,Midwest,mobile,3,577.89,placed,2026-03-04
ORD0001224,ORD0001224-L2171,CUST000318,PROD000171,West,web,2,376.56,placed,2026-03-04
ORD0001224,ORD0001224-L1075,CUST000318,PROD000075,Northeast,marketplace,1,296.85,placed,2026-03-04
ORD0001325,ORD0001325-L2242,CUST000424,PROD000242,West,mobile,2,730.86,placed,2026-03-04
ORD0001325,ORD0001325-L1101,CUST000424,PROD000101,Northeast,web,1,369.28,placed,2026-03-04
ORD0001325,ORD0001325-L3082,CUST000424,PROD000082,Southeast,store,3,1101.54,placed,2026-03-04
ORD0001325,ORD0001325-L2016,CUST000424,PROD000016,Northeast,store,2,819.86,placed,2026-03-04
ORD0001399,ORD0001399-L2021,CUST000335,PROD000021,Southeast,mobile,2,44.86,placed,2026-03-04
ORD0001399,ORD0001399-L2088,CUST000335,PROD000088,Southeast,store,2,458.04,placed,2026-03-04
ORD0001399,ORD0001399-L3102,CUST000335,PROD000102,West,store,3,331.17,placed,2026-03-04
ORD0001474,ORD0001474-L1063,CUST000192,PROD000063,Northeast,web,1,295.42,placed,2026-03-04
ORD0001474,ORD0001474-L1094,CUST000192,PROD000094,West,store,1,76.87,placed,2026-03-04
ORD0001474,ORD0001474-L1098,CUST000192,PROD000098,Southeast,web,1,393.53,placed,2026-03-04
ORD0001645,ORD0001645-L1223,CUST000090,PROD000223,Midwest,mobile,1,287.98,placed,2026-03-04
ORD0001645,ORD0001645-L1108,CUST000090,PROD000108,West,marketplace,1,244.9,placed,2026-03-04
ORD0001645,ORD0001645-L3015,CUST000090,PROD000015,Midwest,web,3,800.28,placed,2026-03-04
ORD0001645,ORD0001645-L1055,CUST000090,PROD000055,Southeast,marketplace,1,265.78,placed,2026-03-04
ORD0001701,ORD0001701-L1007,CUST000075,PROD000007,Midwest,store,1,364.94,placed,2026-03-04
ORD0001701,ORD0001701-L3218,CUST000075,PROD000218,Southeast,marketplace,3,235.26,placed,2026-03-04
ORD0001701,ORD0001701-L3106,CUST000075,PROD000106,West,marketplace,3,430.71,placed,2026-03-04
ORD0001755,ORD0001755-L2098,CUST000032,PROD000098,West,marketplace,2,874.5,placed,2026-03-04
ORD0001755,ORD0001755-L2071,CUST000032,PROD000071,Southeast,mobile,2,179.98,placed,2026-03-04
ORD0001755,ORD0001755-L2088,CUST000032,PROD000088,Midwest,store,2,458.04,placed,2026-03-04
ORD0001755,ORD0001755-L2042,CUST000032,PROD000042,West,store,2,235.18,placed,2026-03-04
ORD0001895,ORD0001895-L3218,CUST000178,PROD000218,Midwest,marketplace,3,223.5,placed,2026-03-04
ORD0001895,ORD0001895-L1206,CUST000178,PROD000206,Midwest,marketplace,1,413.1,placed,2026-03-04
ORD0001895,ORD0001895-L2221,CUST000178,PROD000221,Midwest,mobile,2,430.68,placed,2026-03-04
ORD0001963,ORD0001963-L3012,CUST000475,PROD000012,Southeast,store,3,1257.81,placed,2026-03-04
ORD0001963,ORD0001963-L1148,CUST000475,PROD000148,Northeast,marketplace,1,127.4,placed,2026-03-04
ORD0002018,ORD0002018-L1132,CUST000394,PROD000132,Midwest,store,1,382.08,placed,2026-03-04
ORD0002018,ORD0002018-L1086,CUST000394,PROD000086,Northeast,store,1,465.29,placed,2026-03-04
ORD0002018,ORD0002018-L3134,CUST000394,PROD000134,Midwest,mobile,3,1165.65,placed,2026-03-04
ORD0002018,ORD0002018-L1049,CUST000394,PROD000049,Northeast,store,1,151.94,placed,2026-03-04
ORD0002130,ORD0002130-L1003,CUST000328,PROD000003,West,mobile,1,260.14,placed,2026-03-04
ORD0002257,ORD0002257-L1118,CUST000492,PROD000118,Northeast,store,1,303.49,placed,2026-03-04
ORD0002434,ORD0002434-L1071,CUST000348,PROD000071,Midwest,mobile,1,99.99,placed,2026-03-04
ORD0002434,ORD0002434-L3007,CUST000348,PROD000007,Northeast,marketplace,3,1040.07,placed,2026-03-04
ORD0002434,ORD0002434-L3088,CUST000348,PROD000088,Southeast,mobile,3,687.06,placed,2026-03-04
ORD0002464,ORD0002464-L3020,CUST000054,PROD000020,Midwest,web,3,1462.86,placed,2026-03-04
ORD0002545,ORD0002545-L3091,CUST000272,PROD000091,Midwest,mobile,3,512.04,placed,2026-03-04
ORD0002545,ORD0002545-L3048,CUST000272,PROD000048,Southeast,mobile,3,1034.64,placed,2026-03-04
ORD0002558,ORD0002558-L3238,CUST000185,PROD000238,Southeast,store,3,283.65,placed,2026-03-04
ORD0002558,ORD0002558-L3184,CUST000185,PROD000184,Northeast,mobile,3,909.27,placed,2026-03-04
ORD0002558,ORD0002558-L1135,CUST000185,PROD000135,Southeast,marketplace,1,199.24,placed,2026-03-04
ORD0002558,ORD0002558-L3247,CUST000185,PROD000247,Midwest,web,3,977.34,placed,2026-03-04
ORD0002604,ORD0002604-L3062,CUST000432,PROD000062,Northeast,marketplace,3,646.98,placed,2026-03-04
ORD0002604,ORD0002604-L1136,CUST000432,PROD000136,Southeast,store,1,106.18,placed,2026-03-04
ORD0002740,ORD0002740-L1182,CUST000035,PROD000182,Midwest,marketplace,1,272.8,placed,2026-03-04
ORD0002740,ORD0002740-L3131,CUST000035,PROD000131,Southeast,marketplace,3,495.09,placed,2026-03-04
ORD0002740,ORD0002740-L3057,CUST000035,PROD000057,Northeast,store,3,1204.74,placed,2026-03-04
ORD0002897,ORD0002897-L1179,CUST000327,PROD000179,West,store,1,203.99,placed,2026-03-04
ORD0002897,ORD0002897-L3204,CUST000327,PROD000204,Midwest,mobile,3,1351.56,placed,2026-03-04
ORD0002897,ORD0002897-L2218,CUST000327,PROD000218,West,store,2,141.16,placed,2026-03-04
ORD0002897,ORD0002897-L1195,CUST000327,PROD000195,Midwest,marketplace,1,192.58,placed,2026-03-04
ORD0003129,ORD0003129-L2166,CUST000063,PROD000166,Northeast,mobile,2,494.8,placed,2026-03-04
ORD0003211,ORD0003211-L2162,CUST000165,PROD000162,Northeast,marketplace,2,639.14,placed,2026-03-04
ORD0003335,ORD0003335-L2196,CUST000386,PROD000196,Southeast,marketplace,2,760.4,placed,2026-03-04
ORD0003335,ORD0003335-L1174,CUST000386,PROD000174,Southeast,store,1,323.28,placed,2026-03-04
ORD0003335,ORD0003335-L3226,CUST000386,PROD000226,West,marketplace,3,645.54,placed,2026-03-04
ORD0003395,ORD0003395-L3007,CUST000311,PROD000007,Southeast,store,3,1094.82,placed,2026-03-04
ORD0003561,ORD0003561-L1243,CUST000480,PROD000243,Midwest,web,1,192.83,placed,2026-03-04
ORD0003561,ORD0003561-L3141,CUST000480,PROD000141,Northeast,marketplace,3,1168.71,placed,2026-03-04
ORD0003561,ORD0003561-L1096,CUST000480,PROD000096,West,web,1,91.81,placed,2026-03-04
ORD0003909,ORD0003909-L2202,CUST000334,PROD000202,Northeast,web,2,778.04,placed,2026-03-04
ORD0003909,ORD0003909-L2059,CUST000334,PROD000059,Southeast,store,2,48.36,placed,2026-03-04
ORD0003909,ORD0003909-L1148,CUST000334,PROD000148,Northeast,web,1,141.55,placed,2026-03-04
ORD0003909,ORD0003909-L2150,CUST000334,PROD000150,West,store,2,936.48,placed,2026-03-04
ORD0003918,ORD0003918-L3021,CUST000124,PROD000021,West,marketplace,3,71.01,placed,2026-03-04
ORD0000086,ORD0000086-L3002,CUST000324,PROD000002,Northeast,web,3,1321.74,placed,2026-03-05
ORD0000086,ORD0000086-L1205,CUST000324,PROD000205,Southeast,marketplace,1,285.91,placed,2026-03-05
ORD0000171,ORD0000171-L3165,CUST000129,PROD000165,Northeast,web,3,1321.23,placed,2026-03-05
ORD0000224,ORD0000224-L1129,CUST000406,PROD000129,Midwest,web,1,125.88,placed,2026-03-05
ORD0000346,ORD0000346-L1179,CUST000130,PROD000179,Midwest,mobile,1,226.66,placed,2026-03-05
ORD0000384,ORD0000384-L2205,CUST000336,PROD000205,Midwest,store,2,601.92,placed,2026-03-05
ORD0000384,ORD0000384-L2053,CUST000336,PROD000053,Southeast,web,2,430.64,placed,2026-03-05
ORD0000384,ORD0000384-L3203,CUST000336,PROD000203,Midwest,mobile,3,1060.89,placed,2026-03-05
ORD0000433,ORD0000433-L3029,CUST000207,PROD000029,Northeast,web,3,1422.06,placed,2026-03-05
ORD0000433,ORD0000433-L2158,CUST000207,PROD000158,Southeast,web,2,196.28,placed,2026-03-05
ORD0000433,ORD0000433-L1172,CUST000207,PROD000172,Southeast,mobile,1,417.82,placed,2026-03-05
ORD0000433,ORD0000433-L2199,CUST000207,PROD000199,Midwest,marketplace,2,72.48,placed,2026-03-05
ORD0000628,ORD0000628-L2019,CUST000097,PROD000019,Northeast,web,2,632.3,placed,2026-03-05
ORD0000818,ORD0000818-L1092,CUST000393,PROD000092,West,mobile,1,446.69,placed,2026-03-05
ORD0000818,ORD0000818-L2022,CUST000393,PROD000022,Midwest,store,2,120.78,placed,2026-03-05
ORD0000818,ORD0000818-L2202,CUST000393,PROD000202,Northeast,mobile,2,778.04,placed,2026-03-05
ORD0000818,ORD0000818-L3128,CUST000393,PROD000128,Midwest,marketplace,3,102.72,placed,2026-03-05
ORD0000920,ORD0000920-L1155,CUST000277,PROD000155,Midwest,mobile,1,160.4,placed,2026-03-05
ORD0000921,ORD0000921-L1123,CUST000021,PROD000123,Southeast,web,1,169.75,placed,2026-03-05
ORD0000946,ORD0000946-L1233,CUST000360,PROD000233,West,store,1,386.1,placed,2026-03-05
ORD0000946,ORD0000946-L1143,CUST000360,PROD000143,Southeast,mobile,1,331.28,placed,2026-03-05
ORD0000946,ORD0000946-L1104,CUST000360,PROD000104,Midwest,mobile,1,345.43,placed,2026-03-05
ORD0000955,ORD0000955-L3033,CUST000500,PROD000033,West,store,3,1106.07,placed,2026-03-05
ORD0000955,ORD0000955-L1194,CUST000500,PROD000194,Midwest,marketplace,1,184.36,placed,2026-03-05
ORD0000998,ORD0000998-L2019,CUST000047,PROD000019,Midwest,mobile,2,569.06,placed,2026-03-05
ORD0000998,ORD0000998-L2159,CUST000047,PROD000159,Midwest,web,2,670.22,placed,2026-03-05
ORD0001071,ORD0001071-L3098,CUST000474,PROD000098,Southeast,store,3,1311.75,placed,2026-03-05
ORD0001071,ORD0001071-L2202,CUST000474,PROD000202,Southeast,store,2,778.04,placed,2026-03-05
ORD0001175,ORD0001175-L1169,CUST000194,PROD000169,Southeast,store,1,294.97,placed,2026-03-05
ORD0001175,ORD0001175-L2217,CUST000194,PROD000217,West,store,2,263.1,placed,2026-03-05
ORD0001195,ORD0001195-L2075,CUST000416,PROD000075,Midwest,store,2,593.7,placed,2026-03-05
ORD0001195,ORD0001195-L3066,CUST000416,PROD000066,Southeast,marketplace,3,1399.29,placed,2026-03-05
ORD0001195,ORD0001195-L3188,CUST000416,PROD000188,Northeast,store,3,90.39,placed,2026-03-05
ORD0001235,ORD0001235-L3064,CUST000355,PROD000064,Midwest,mobile,3,889.5,placed,2026-03-05
ORD0001239,ORD0001239-L3145,CUST000369,PROD000145,Southeast,web,3,289.14,placed,2026-03-05
ORD0001239,ORD0001239-L1179,CUST000369,PROD000179,Southeast,store,1,192.66,placed,2026-03-05
ORD0001374,ORD0001374-L2085,CUST000423,PROD000085,West,marketplace,2,928.3,placed,2026-03-05
ORD0001389,ORD0001389-L2143,CUST000390,PROD000143,Northeast,mobile,2,662.56,placed,2026-03-05
ORD0001438,ORD0001438-L3184,CUST000066,PROD000184,Northeast,marketplace,3,1010.31,placed,2026-03-05
ORD0001438,ORD0001438-L3232,CUST000066,PROD000232,West,marketplace,3,375.72,placed,2026-03-05
ORD0001438,ORD0001438-L2248,CUST000066,PROD000248,Southeast,mobile,2,660.86,placed,2026-03-05
ORD0001481,ORD0001481-L3057,CUST000356,PROD000057,Northeast,store,3,1144.5,placed,2026-03-05
ORD0001481,ORD0001481-L2244,CUST000356,PROD000244,Midwest,mobile,2,779.5,placed,2026-03-05
ORD0001533,ORD0001533-L1162,CUST000048,PROD000162,Northeast,mobile,1,287.61,placed,2026-03-05
ORD0001661,ORD0001661-L2013,CUST000156,PROD000013,West,store,2,840.3,placed,2026-03-05
ORD0001661,ORD0001661-L3204,CUST000156,PROD000204,West,web,3,1351.56,placed,2026-03-05
ORD0001735,ORD0001735-L2088,CUST000147,PROD000088,Northeast,mobile,2,458.04,placed,2026-03-05
ORD0001826,ORD0001826-L1061,CUST000034,PROD000061,West,mobile,1,336.13,placed,2026-03-05
ORD0001826,ORD0001826-L2085,CUST000034,PROD000085,West,web,2,835.48,placed,2026-03-05
ORD0001930,ORD0001930-L2136,CUST000365,PROD000136,Southeast,marketplace,2,235.96,placed,2026-03-05
ORD0001930,ORD0001930-L2079,CUST000365,PROD000079,Northeast,mobile,2,771.34,placed,2026-03-05
ORD0001930,ORD0001930-L2075,CUST000365,PROD000075,Southeast,mobile,2,593.7,placed,2026-03-05
ORD0001952,ORD0001952-L1023,CUST000012,PROD000023,Midwest,web,1,30.51,placed,2026-03-05
ORD0001952,ORD0001952-L2199,CUST000012,PROD000199,West,web,2,72.48,placed,2026-03-05
ORD0001952,ORD0001952-L1181,CUST000012,PROD000181,West,marketplace,1,42.77,placed,2026-03-05
ORD0001969,ORD0001969-L3096,CUST000116,PROD000096,Northeast,marketplace,3,306.03,placed,2026-03-05
ORD0002036,ORD0002036-L2207,CUST000350,PROD000207,West,store,2,28.36,placed,2026-03-05
ORD0002036,ORD0002036-L1136,CUST000350,PROD000136,West,marketplace,1,117.98,placed,2026-03-05
ORD0002077,ORD0002077-L1175,CUST000192,PROD000175,Northeast,marketplace,1,417.27,placed,2026-03-05
ORD0002583,ORD0002583-L1139,CUST000231,PROD000139,Northeast,store,1,432.65,placed,2026-03-05
ORD0002583,ORD0002583-L3197,CUST000231,PROD000197,Northeast,marketplace,3,1221.06,placed,2026-03-05
ORD0002583,ORD0002583-L3162,CUST000231,PROD000162,West,mobile,3,910.77,placed,2026-03-05
ORD0002583,ORD0002583-L3043,CUST000231,PROD000043,Southeast,mobile,3,431.16,placed,2026-03-05
ORD0002711,ORD0002711-L2042,CUST000255,PROD000042,West,mobile,2,222.8,placed,2026-03-05
ORD0002741,ORD0002741-L2030,CUST000162,PROD000030,Southeast,marketplace,2,135.08,placed,2026-03-05
ORD0002741,ORD0002741-L3053,CUST000162,PROD000053,Southeast,marketplace,3,679.95,placed,2026-03-05
ORD0002741,ORD0002741-L2013,CUST000162,PROD000013,Northeast,web,2,796.06,placed,2026-03-05
ORD0002741,ORD0002741-L3214,CUST000162,PROD000214,Midwest,mobile,3,368.76,placed,2026-03-05
ORD0002809,ORD0002809-L3029,CUST000199,PROD000029,Southeast,web,3,1422.06,placed,2026-03-05
ORD0002872,ORD0002872-L2119,CUST000220,PROD000119,Midwest,mobile,2,628.48,placed,2026-03-05
ORD0002917,ORD0002917-L3194,CUST000193,PROD000194,Southeast,mobile,3,614.52,placed,2026-03-05
ORD0002917,ORD0002917-L2097,CUST000193,PROD000097,West,store,2,714.18,placed,2026-03-05
ORD0002917,ORD0002917-L3078,CUST000193,PROD000078,Northeast,web,3,62.28,placed,2026-03-05
ORD0002917,ORD0002917-L1136,CUST000193,PROD000136,Northeast,mobile,1,117.98,placed,2026-03-05
ORD0002966,ORD0002966-L3117,CUST000320,PROD000117,Northeast,marketplace,3,1363.86,placed,2026-03-05
ORD0002966,ORD0002966-L2203,CUST000320,PROD000203,West,web,2,707.26,placed,2026-03-05
ORD0003084,ORD0003084-L1098,CUST000124,PROD000098,Northeast,marketplace,1,437.25,placed,2026-03-05
ORD0003137,ORD0003137-L1232,CUST000443,PROD000232,Midwest,marketplace,1,131.83,placed,2026-03-05
ORD0003137,ORD0003137-L1234,CUST000443,PROD000234,Southeast,marketplace,1,469.07,placed,2026-03-05
ORD0003261,ORD0003261-L1029,CUST000032,PROD000029,Northeast,web,1,426.62,placed,2026-03-05
ORD0003261,ORD0003261-L3125,CUST000032,PROD000125,Northeast,mobile,3,586.62,placed,2026-03-05
ORD0003261,ORD0003261-L2094,CUST000032,PROD000094,Midwest,mobile,2,161.84,placed,2026-03-05
ORD0003261,ORD0003261-L2082,CUST000032,PROD000082,Midwest,web,2,624.2,placed,2026-03-05
ORD0003264,ORD0003264-L2098,CUST000231,PROD000098,Northeast,web,2,874.5,placed,2026-03-05
ORD0003264,ORD0003264-L1197,CUST000231,PROD000197,Northeast,web,1,385.6,placed,2026-03-05
ORD0003264,ORD0003264-L3041,CUST000231,PROD000041,Southeast,mobile,3,57.72,placed,2026-03-05
ORD0003270,ORD0003270-L2230,CUST000468,PROD000230,Southeast,web,2,643.46,placed,2026-03-05
ORD0003283,ORD0003283-L1009,CUST000206,PROD000009,Midwest,mobile,1,326.71,placed,2026-03-05
ORD0003283,ORD0003283-L1081,CUST000206,PROD000081,West,marketplace,1,253.35,placed,2026-03-05
ORD0003283,ORD0003283-L1045,CUST000206,PROD000045,West,marketplace,1,377.2,placed,2026-03-05
ORD0003283,ORD0003283-L3171,CUST000206,PROD000171,West,mobile,3,594.57,placed,2026-03-05
ORD0003664,ORD0003664-L1088,CUST000159,PROD000088,West,store,1,217.57,placed,2026-03-05
ORD0003664,ORD0003664-L2115,CUST000159,PROD000115,West,mobile,2,318.38,placed,2026-03-05
ORD0003664,ORD0003664-L3203,CUST000159,PROD000203,Southeast,marketplace,3,1060.89,placed,2026-03-05
ORD0003706,ORD0003706-L1236,CUST000394,PROD000236,West,mobile,1,107.85,placed,2026-03-05
ORD0003706,ORD0003706-L3055,CUST000394,PROD000055,Midwest,store,3,891.15,placed,2026-03-05
ORD0003706,ORD0003706-L1146,CUST000394,PROD000146,Southeast,mobile,1,360.8,placed,2026-03-05
ORD0000156,ORD0000156-L1150,CUST000410,PROD000150,Northeast,store,1,444.83,placed,2026-03-06
ORD0000156,ORD0000156-L3232,CUST000410,PROD000232,Northeast,store,3,395.49,placed,2026-03-06
ORD0000165,ORD0000165-L1022,CUST000161,PROD000022,West,marketplace,1,57.37,placed,2026-03-06
ORD0000165,ORD0000165-L2016,CUST000161,PROD000016,Southeast,store,2,819.86,placed,2026-03-06
ORD0000165,ORD0000165-L3134,CUST000161,PROD000134,Midwest,marketplace,3,990.81,placed,2026-03-06
ORD0000165,ORD0000165-L2172,CUST000161,PROD000172,West,mobile,2,928.48,placed,2026-03-06
ORD0000311,ORD0000311-L3090,CUST000487,PROD000090,West,marketplace,3,371.1,placed,2026-03-06
ORD0000311,ORD0000311-L1115,CUST000487,PROD000115,West,web,1,159.19,placed,2026-03-06
ORD0000311,ORD0000311-L2243,CUST000487,PROD000243,Southeast,web,2,428.5,placed,2026-03-06
ORD0000311,ORD0000311-L3001,CUST000487,PROD000001,Northeast,store,3,1269.54,placed,2026-03-06
ORD0000331,ORD0000331-L2157,CUST000207,PROD000157,Midwest,web,2,523.9,placed,2026-03-06
ORD0000331,ORD0000331-L2226,CUST000207,PROD000226,Northeast,mobile,2,407.72,placed,2026-03-06
ORD0000331,ORD0000331-L3161,CUST000207,PROD000161,Midwest,marketplace,3,738.63,placed,2026-03-06
ORD0000331,ORD0000331-L2127,CUST000207,PROD000127,Northeast,web,2,194.4,placed,2026-03-06
ORD0000420,ORD0000420-L2112,CUST000231,PROD000112,Midwest,store,2,497.38,placed,2026-03-06
ORD0000420,ORD0000420-L3188,CUST000231,PROD000188,Southeast,marketplace,3,95.43,placed,2026-03-06
ORD0000420,ORD0000420-L1121,CUST000231,PROD000121,West,marketplace,1,314.29,placed,2026-03-06
ORD0000420,ORD0000420-L2111,CUST000231,PROD000111,Northeast,web,2,28.64,placed,2026-03-06
ORD0000569,ORD0000569-L1218,CUST000472,PROD000218,Midwest,web,1,74.5,placed,2026-03-06
ORD0000569,ORD0000569-L2067,CUST000472,PROD000067,Northeast,mobile,2,319.88,placed,2026-03-06
ORD0000569,ORD0000569-L2146,CUST000472,PROD000146,Midwest,mobile,2,721.6,placed,2026-03-06
ORD0000685,ORD0000685-L2054,CUST000082,PROD000054,Southeast,mobile,2,475.46,placed,2026-03-06
ORD0000685,ORD0000685-L3140,CUST000082,PROD000140,Northeast,web,3,763.53,placed,2026-03-06
ORD0000877,ORD0000877-L2231,CUST000151,PROD000231,West,web,2,152.62,placed,2026-03-06
ORD0000930,ORD0000930-L1016,CUST000465,PROD000016,West,web,1,389.43,placed,2026-03-06
ORD0001037,ORD0001037-L2043,CUST000218,PROD000043,West,store,2,258.7,placed,2026-03-06
ORD0001037,ORD0001037-L1005,CUST000218,PROD000005,Northeast,store,1,319.36,placed,2026-03-06
ORD0001037,ORD0001037-L3006,CUST000218,PROD000006,Southeast,marketplace,3,382.35,placed,2026-03-06
ORD0001037,ORD0001037-L2185,CUST000218,PROD000185,Southeast,store,2,847.62,placed,2026-03-06
ORD0001140,ORD0001140-L3009,CUST000410,PROD000009,Southeast,store,3,980.13,placed,2026-03-06
ORD0001140,ORD0001140-L1188,CUST000410,PROD000188,Southeast,web,1,28.46,placed,2026-03-06
ORD0001140,ORD0001140-L2072,CUST000410,PROD000072,Midwest,mobile,2,499.84,placed,2026-03-06
ORD0001248,ORD0001248-L3178,CUST000455,PROD000178,Midwest,marketplace,3,712.35,placed,2026-03-06
ORD0001248,ORD0001248-L1119,CUST000455,PROD000119,Southeast,store,1,296.78,placed,2026-03-06
ORD0001248,ORD0001248-L3031,CUST000455,PROD000031,Northeast,web,3,279.33,placed,2026-03-06
ORD0001248,ORD0001248-L2241,CUST000455,PROD000241,West,mobile,2,145.16,placed,2026-03-06
ORD0001326,ORD0001326-L3191,CUST000334,PROD000191,Midwest,marketplace,3,1019.58,placed,2026-03-06
ORD0001326,ORD0001326-L2162,CUST000334,PROD000162,West,store,2,607.18,placed,2026-03-06
ORD0001326,ORD0001326-L1211,CUST000334,PROD000211,West,mobile,1,258.86,placed,2026-03-06
ORD0001350,ORD0001350-L3051,CUST000114,PROD000051,Midwest,web,3,1037.64,placed,2026-03-06
ORD0001350,ORD0001350-L2045,CUST000114,PROD000045,Southeast,marketplace,2,754.4,placed,2026-03-06
ORD0001350,ORD0001350-L1111,CUST000114,PROD000111,Midwest,store,1,12.81,placed,2026-03-06
ORD0001392,ORD0001392-L1125,CUST000074,PROD000125,Southeast,mobile,1,205.83,placed,2026-03-06
ORD0001392,ORD0001392-L2224,CUST000074,PROD000224,West,store,2,768.72,placed,2026-03-06
ORD0001493,ORD0001493-L3063,CUST000374,PROD000063,Northeast,mobile,3,935.49,placed,2026-03-06
ORD0001493,ORD0001493-L1005,CUST000374,PROD000005,Northeast,store,1,303.39,placed,2026-03-06
ORD0001578,ORD0001578-L3031,CUST000032,PROD000031,Southeast,marketplace,3,249.93,placed,2026-03-06
ORD0001578,ORD0001578-L1133,CUST000032,PROD000133,West,store,1,116.09,placed,2026-03-06
ORD0001578,ORD0001578-L3104,CUST000032,PROD000104,West,store,3,880.86,placed,2026-03-06
ORD0001578,ORD0001578-L2001,CUST000032,PROD000001,Northeast,mobile,2,761.72,placed,2026-03-06
ORD0001653,ORD0001653-L2002,CUST000321,PROD000002,West,mobile,2,793.04,placed,2026-03-06
ORD0001653,ORD0001653-L2158,CUST000321,PROD000158,West,web,2,196.28,placed,2026-03-06
ORD0001653,ORD0001653-L3236,CUST000321,PROD000236,West,marketplace,3,340.59,placed,2026-03-06
ORD0001683,ORD0001683-L1242,CUST000292,PROD000242,Midwest,marketplace,1,365.43,placed,2026-03-06
ORD0001683,ORD0001683-L1165,CUST000292,PROD000165,Southeast,store,1,440.41,placed,2026-03-06
ORD0001909,ORD0001909-L3017,CUST000356,PROD000017,Northeast,marketplace,3,803.73,placed,2026-03-06
ORD0001909,ORD0001909-L3138,CUST000356,PROD000138,Southeast,web,3,926.22,placed,2026-03-06
ORD0001909,ORD0001909-L2105,CUST000356,PROD000105,Southeast,web,2,740.46,placed,2026-03-06
ORD0002000,ORD0002000-L3139,CUST000466,PROD000139,Northeast,web,3,1297.95,placed,2026-03-06
ORD0002000,ORD0002000-L3006,CUST000466,PROD000006,West,marketplace,3,361.11,placed,2026-03-06
ORD0002042,ORD0002042-L3064,CUST000310,PROD000064,Midwest,marketplace,3,936.33,placed,2026-03-06
ORD0002042,ORD0002042-L1240,CUST000310,PROD000240,Midwest,web,1,383.36,placed,2026-03-06
ORD0002042,ORD0002042-L3155,CUST000310,PROD000155,Northeast,web,3,506.52,placed,2026-03-06
ORD0002072,ORD0002072-L2176,CUST000416,PROD000176,Midwest,store,2,631.04,placed,2026-03-06
ORD0002072,ORD0002072-L3144,CUST000416,PROD000144,Northeast,marketplace,3,1104.39,placed,2026-03-06
ORD0002072,ORD0002072-L3250,CUST000416,PROD000250,Northeast,store,3,1115.91,placed,2026-03-06
ORD0002072,ORD0002072-L1110,CUST000416,PROD000110,Midwest,store,1,214.99,placed,2026-03-06
ORD0002350,ORD0002350-L1239,CUST000238,PROD000239,Northeast,store,1,312.98,placed,2026-03-06
ORD0002350,ORD0002350-L1213,CUST000238,PROD000213,Southeast,mobile,1,9.8,placed,2026-03-06
ORD0002350,ORD0002350-L1069,CUST000238,PROD000069,West,web,1,136.16,placed,2026-03-06
ORD0002427,ORD0002427-L1234,CUST000333,PROD000234,Midwest,web,1,469.07,placed,2026-03-06
ORD0002427,ORD0002427-L3223,CUST000333,PROD000223,West,web,3,909.42,placed,2026-03-06
ORD0002443,ORD0002443-L3023,CUST000322,PROD000023,West,store,3,91.53,placed,2026-03-06
ORD0002443,ORD0002443-L3035,CUST000322,PROD000035,Southeast,web,3,1388.61,placed,2026-03-06
ORD0002458,ORD0002458-L1227,CUST000406,PROD000227,Midwest,marketplace,1,401.18,placed,2026-03-06
ORD0002469,ORD0002469-L3199,CUST000041,PROD000199,Midwest,web,3,108.72,placed,2026-03-06
ORD0002469,ORD0002469-L2081,CUST000041,PROD000081,Southeast,web,2,506.7,placed,2026-03-06
ORD0002877,ORD0002877-L2111,CUST000489,PROD000111,Southeast,marketplace,2,28.64,placed,2026-03-06
ORD0003022,ORD0003022-L1033,CUST000102,PROD000033,Southeast,web,1,388.1,placed,2026-03-06
ORD0003069,ORD0003069-L2024,CUST000221,PROD000024,West,web,2,470.3,placed,2026-03-06
ORD0003074,ORD0003074-L2009,CUST000463,PROD000009,Midwest,store,2,726.02,placed,2026-03-06
ORD0003074,ORD0003074-L2207,CUST000463,PROD000207,Midwest,store,2,28.36,placed,2026-03-06
ORD0003074,ORD0003074-L2212,CUST000463,PROD000212,Northeast,mobile,2,368.6,placed,2026-03-06
ORD0003074,ORD0003074-L3079,CUST000463,PROD000079,Northeast,marketplace,3,1041.3,placed,2026-03-06
ORD0003148,ORD0003148-L2214,CUST000270,PROD000214,West,mobile,2,258.78,placed,2026-03-06
ORD0003170,ORD0003170-L1029,CUST000488,PROD000029,Southeast,web,1,474.02,placed,2026-03-06
ORD0003198,ORD0003198-L1121,CUST000407,PROD000121,Midwest,marketplace,1,314.29,placed,2026-03-06
ORD0003223,ORD0003223-L2064,CUST000042,PROD000064,Midwest,store,2,593.0,placed,2026-03-06
ORD0003223,ORD0003223-L3220,CUST000042,PROD000220,Southeast,marketplace,3,1333.32,placed,2026-03-06
ORD0003223,ORD0003223-L2005,CUST000042,PROD000005,Northeast,marketplace,2,606.78,placed,2026-03-06
ORD0003235,ORD0003235-L2225,CUST000083,PROD000225,Southeast,marketplace,2,880.58,placed,2026-03-06
ORD0003235,ORD0003235-L3195,CUST000083,PROD000195,Midwest,web,3,548.85,placed,2026-03-06
ORD0003235,ORD0003235-L3228,CUST000083,PROD000228,Northeast,store,3,236.88,placed,2026-03-06
ORD0003235,ORD0003235-L2239,CUST000083,PROD000239,Northeast,marketplace,2,625.96,placed,2026-03-06
ORD0003239,ORD0003239-L3146,CUST000275,PROD000146,West,store,3,974.16,placed,2026-03-06
ORD0003239,ORD0003239-L1118,CUST000275,PROD000118,Southeast,store,1,288.32,placed,2026-03-06
ORD0003239,ORD0003239-L2120,CUST000275,PROD000120,Northeast,mobile,2,161.16,placed,2026-03-06
ORD0003239,ORD0003239-L3244,CUST000275,PROD000244,West,marketplace,3,1299.18,placed,2026-03-06
ORD0003251,ORD0003251-L1103,CUST000288,PROD000103,Midwest,marketplace,1,247.68,placed,2026-03-06
ORD0003251,ORD0003251-L1012,CUST000288,PROD000012,West,mobile,1,395.97,placed,2026-03-06
ORD0003251,ORD0003251-L2077,CUST000288,PROD000077,Midwest,marketplace,2,291.06,placed,2026-03-06
ORD0003461,ORD0003461-L2059,CUST000276,PROD000059,Northeast,marketplace,2,45.82,placed,2026-03-06
ORD0003461,ORD0003461-L1107,CUST000276,PROD000107,Northeast,web,1,428.08,placed,2026-03-06
ORD0003494,ORD0003494-L3227,CUST000112,PROD000227,Northeast,web,3,1203.54,placed,2026-03-06
ORD0003494,ORD0003494-L1042,CUST000112,PROD000042,West,store,1,111.4,placed,2026-03-06
ORD0003494,ORD0003494-L3226,CUST000112,PROD000226,Southeast,store,3,679.53,placed,2026-03-06
ORD0003494,ORD0003494-L1059,CUST000112,PROD000059,West,web,1,25.45,placed,2026-03-06
ORD0003805,ORD0003805-L2203,CUST000229,PROD000203,West,store,2,601.18,placed,2026-03-06
ORD0003807,ORD0003807-L2097,CUST000428,PROD000097,Northeast,store,2,751.76,placed,2026-03-06
ORD0003807,ORD0003807-L1009,CUST000428,PROD000009,Midwest,mobile,1,363.01,placed,2026-03-06
ORD0003941,ORD0003941-L3148,CUST000160,PROD000148,Southeast,marketplace,3,403.41,placed,2026-03-06
ORD0003941,ORD0003941-L3060,CUST000160,PROD000060,West,marketplace,3,802.83,placed,2026-03-06
ORD0003941,ORD0003941-L1155,CUST000160,PROD000155,Southeast,marketplace,1,160.4,placed,2026-03-06
ORD0003941,ORD0003941-L1158,CUST000160,PROD000158,Southeast,mobile,1,98.14,placed,2026-03-06
ORD0003963,ORD0003963-L1233,CUST000251,PROD000233,Northeast,mobile,1,366.8,placed,2026-03-06
ORD0003967,ORD0003967-L3022,CUST000178,PROD000022,Northeast,web,3,172.11,placed,2026-03-06
ORD0000024,ORD0000024-L3243,CUST000036,PROD000243,Midwest,marketplace,3,642.75,placed,2026-03-07
ORD0000059,ORD0000059-L3167,CUST000143,PROD000167,Southeast,mobile,3,487.38,placed,2026-03-07
ORD0000059,ORD0000059-L1097,CUST000143,PROD000097,West,mobile,1,357.09,placed,2026-03-07
ORD0000059,ORD0000059-L3164,CUST000143,PROD000164,Northeast,mobile,3,50.31,placed,2026-03-07
ORD0000202,ORD0000202-L1107,CUST000017,PROD000107,Northeast,mobile,1,428.08,placed,2026-03-07
ORD0000202,ORD0000202-L3145,CUST000017,PROD000145,Northeast,web,3,305.22,placed,2026-03-07
ORD0000202,ORD0000202-L1175,CUST000017,PROD000175,Midwest,mobile,1,354.68,placed,2026-03-07
ORD0000243,ORD0000243-L1052,CUST000036,PROD000052,Midwest,mobile,1,199.24,placed,2026-03-07
ORD0000243,ORD0000243-L1240,CUST000036,PROD000240,West,store,1,363.19,placed,2026-03-07
ORD0000243,ORD0000243-L3189,CUST000036,PROD000189,Southeast,mobile,3,286.11,placed,2026-03-07
ORD0000270,ORD0000270-L3228,CUST000226,PROD000228,West,web,3,236.88,placed,2026-03-07
ORD0000271,ORD0000271-L3203,CUST000148,PROD000203,West,store,3,1007.85,placed,2026-03-07
ORD0000271,ORD0000271-L3055,CUST000148,PROD000055,Northeast,store,3,938.04,placed,2026-03-07
ORD0000281,ORD0000281-L3029,CUST000015,PROD000029,West,store,3,1279.86,placed,2026-03-07
ORD0000281,ORD0000281-L1134,CUST000015,PROD000134,Southeast,mobile,1,388.55,placed,2026-03-07
ORD0000281,ORD0000281-L1227,CUST000015,PROD000227,Northeast,marketplace,1,401.18,placed,2026-03-07
ORD0000281,ORD0000281-L2133,CUST000015,PROD000133,Southeast,web,2,220.58,placed,2026-03-07
ORD0000293,ORD0000293-L2135,CUST000295,PROD000135,West,store,2,398.48,placed,2026-03-07
ORD0000293,ORD0000293-L2067,CUST000295,PROD000067,Midwest,web,2,303.04,placed,2026-03-07
ORD0000395,ORD0000395-L2066,CUST000388,PROD000066,West,web,2,792.94,placed,2026-03-07
ORD0000395,ORD0000395-L2134,CUST000388,PROD000134,Southeast,store,2,777.1,placed,2026-03-07
ORD0000395,ORD0000395-L1045,CUST000388,PROD000045,Southeast,store,1,419.11,placed,2026-03-07
ORD0000395,ORD0000395-L3157,CUST000388,PROD000157,West,store,3,827.22,placed,2026-03-07
ORD0000487,ORD0000487-L1049,CUST000283,PROD000049,West,mobile,1,144.34,placed,2026-03-07
ORD0000487,ORD0000487-L3007,CUST000283,PROD000007,Northeast,mobile,3,1040.07,placed,2026-03-07
ORD0000487,ORD0000487-L3132,CUST000283,PROD000132,Southeast,marketplace,3,1031.61,placed,2026-03-07
ORD0000487,ORD0000487-L1122,CUST000283,PROD000122,Northeast,store,1,170.25,placed,2026-03-07
ORD0000530,ORD0000530-L1247,CUST000482,PROD000247,Northeast,mobile,1,325.78,placed,2026-03-07
ORD0000530,ORD0000530-L1146,CUST000482,PROD000146,Midwest,marketplace,1,342.76,placed,2026-03-07
ORD0000530,ORD0000530-L2157,CUST000482,PROD000157,West,marketplace,2,551.48,placed,2026-03-07
ORD0000530,ORD0000530-L1215,CUST000482,PROD000215,West,store,1,223.39,placed,2026-03-07
ORD0000552,ORD0000552-L1152,CUST000429,PROD000152,Southeast,store,1,347.26,placed,2026-03-07
ORD0000552,ORD0000552-L3104,CUST000429,PROD000104,Southeast,mobile,3,932.67,placed,2026-03-07
ORD0000552,ORD0000552-L2199,CUST000429,PROD000199,West,web,2,65.24,placed,2026-03-07
ORD0000642,ORD0000642-L3235,CUST000239,PROD000235,Northeast,mobile,3,193.62,placed,2026-03-07
ORD0000642,ORD0000642-L3178,CUST000239,PROD000178,Midwest,web,3,712.35,placed,2026-03-07
ORD0000654,ORD0000654-L2042,CUST000201,PROD000042,West,mobile,2,247.56,placed,2026-03-07
ORD0000654,ORD0000654-L1041,CUST000201,PROD000041,Northeast,store,1,19.24,placed,2026-03-07
ORD0000654,ORD0000654-L1039,CUST000201,PROD000039,Midwest,mobile,1,366.21,placed,2026-03-07
ORD0000697,ORD0000697-L2013,CUST000270,PROD000013,Midwest,web,2,840.3,placed,2026-03-07
ORD0000697,ORD0000697-L3061,CUST000270,PROD000061,Midwest,marketplace,3,1008.39,placed,2026-03-07
ORD0000697,ORD0000697-L2062,CUST000270,PROD000062,West,mobile,2,455.28,placed,2026-03-07
ORD0000697,ORD0000697-L2141,CUST000270,PROD000141,Northeast,marketplace,2,779.14,placed,2026-03-07
ORD0000714,ORD0000714-L2047,CUST000451,PROD000047,Northeast,web,2,237.06,placed,2026-03-07
ORD0000714,ORD0000714-L1149,CUST000451,PROD000149,Midwest,mobile,1,303.44,placed,2026-03-07
ORD0000784,ORD0000784-L1018,CUST000281,PROD000018,West,web,1,283.0,placed,2026-03-07
ORD0000784,ORD0000784-L1037,CUST000281,PROD000037,West,web,1,436.25,placed,2026-03-07
ORD0000784,ORD0000784-L3153,CUST000281,PROD000153,Southeast,marketplace,3,1194.51,placed,2026-03-07
ORD0000784,ORD0000784-L2219,CUST000281,PROD000219,West,web,2,942.36,placed,2026-03-07
ORD0000805,ORD0000805-L1142,CUST000039,PROD000142,West,web,1,99.31,placed,2026-03-07
ORD0000805,ORD0000805-L3227,CUST000039,PROD000227,Northeast,marketplace,3,1203.54,placed,2026-03-07
ORD0000805,ORD0000805-L2170,CUST000039,PROD000170,West,mobile,2,66.06,placed,2026-03-07
ORD0000805,ORD0000805-L1243,CUST000039,PROD000243,Southeast,mobile,1,182.11,placed,2026-03-07
ORD0000974,ORD0000974-L2166,CUST000134,PROD000166,Northeast,mobile,2,494.8,placed,2026-03-07
ORD0000974,ORD0000974-L2163,CUST000134,PROD000163,West,web,2,751.92,placed,2026-03-07
ORD0000974,ORD0000974-L2018,CUST000134,PROD000018,Northeast,store,2,566.0,placed,2026-03-07
ORD0000999,ORD0000999-L2012,CUST000430,PROD000012,Midwest,web,2,791.94,placed,2026-03-07
ORD0000999,ORD0000999-L2209,CUST000430,PROD000209,West,store,2,284.48,placed,2026-03-07
ORD0000999,ORD0000999-L2110,CUST000430,PROD000110,Midwest,mobile,2,452.62,placed,2026-03-07
ORD0001009,ORD0001009-L2057,CUST000398,PROD000057,Southeast,web,2,763.0,placed,2026-03-07
ORD0001009,ORD0001009-L1169,CUST000398,PROD000169,West,store,1,294.97,placed,2026-03-07
ORD0001009,ORD0001009-L2228,CUST000398,PROD000228,Northeast,web,2,150.02,placed,2026-03-07
ORD0001009,ORD0001009-L3134,CUST000398,PROD000134,Southeast,mobile,3,1165.65,placed,2026-03-07
ORD0001054,ORD0001054-L3080,CUST000038,PROD000080,Southeast,web,3,820.68,placed,2026-03-07
ORD0001054,ORD0001054-L3215,CUST000038,PROD000215,Midwest,marketplace,3,634.92,placed,2026-03-07
ORD0001054,ORD0001054-L1122,CUST000038,PROD000122,West,store,1,170.25,placed,2026-03-07
ORD0001093,ORD0001093-L3038,CUST000142,PROD000038,Southeast,store,3,111.57,placed,2026-03-07
ORD0001130,ORD0001130-L1217,CUST000154,PROD000217,West,store,1,138.47,placed,2026-03-07
ORD0001130,ORD0001130-L3174,CUST000154,PROD000174,West,mobile,3,921.36,placed,2026-03-07
ORD0001225,ORD0001225-L2179,CUST000377,PROD000179,Northeast,mobile,2,430.66,placed,2026-03-07
ORD0001289,ORD0001289-L1111,CUST000270,PROD000111,Midwest,store,1,14.32,placed,2026-03-07
ORD0001289,ORD0001289-L2239,CUST000270,PROD000239,West,store,2,625.96,placed,2026-03-07
ORD0001289,ORD0001289-L2217,CUST000270,PROD000217,Northeast,marketplace,2,276.94,placed,2026-03-07
ORD0001289,ORD0001289-L3131,CUST000270,PROD000131,West,web,3,495.09,placed,2026-03-07
ORD0001306,ORD0001306-L2004,CUST000053,PROD000004,Southeast,mobile,2,900.56,placed,2026-03-07
ORD0001306,ORD0001306-L3215,CUST000053,PROD000215,Northeast,web,3,634.92,placed,2026-03-07
ORD0001306,ORD0001306-L2063,CUST000053,PROD000063,Southeast,store,2,656.48,placed,2026-03-07
ORD0001400,ORD0001400-L1234,CUST000144,PROD000234,West,store,1,469.07,placed,2026-03-07
ORD0001505,ORD0001505-L2127,CUST000423,PROD000127,Midwest,marketplace,2,184.68,placed,2026-03-07
ORD0001505,ORD0001505-L1001,CUST000423,PROD000001,Midwest,marketplace,1,359.7,placed,2026-03-07
ORD0001505,ORD0001505-L3236,CUST000423,PROD000236,Southeast,web,3,323.55,placed,2026-03-07
ORD0001505,ORD0001505-L1047,CUST000423,PROD000047,West,web,1,118.53,placed,2026-03-07
ORD0001738,ORD0001738-L2065,CUST000071,PROD000065,Northeast,store,2,132.3,placed,2026-03-07
ORD0001738,ORD0001738-L1133,CUST000071,PROD000133,Southeast,store,1,104.48,placed,2026-03-07
ORD0001738,ORD0001738-L2051,CUST000071,PROD000051,Southeast,marketplace,2,768.62,placed,2026-03-07
ORD0001837,ORD0001837-L2053,CUST000335,PROD000053,West,store,2,430.64,placed,2026-03-07
ORD0001837,ORD0001837-L1045,CUST000335,PROD000045,Midwest,store,1,419.11,placed,2026-03-07
ORD0001837,ORD0001837-L2119,CUST000335,PROD000119,Southeast,store,2,663.38,placed,2026-03-07
ORD0001837,ORD0001837-L2106,CUST000335,PROD000106,Midwest,web,2,272.78,placed,2026-03-07
ORD0002080,ORD0002080-L3240,CUST000054,PROD000240,Midwest,store,3,1089.57,placed,2026-03-07
ORD0002080,ORD0002080-L3053,CUST000054,PROD000053,West,mobile,3,679.95,placed,2026-03-07
ORD0002080,ORD0002080-L3080,CUST000054,PROD000080,Southeast,web,3,820.68,placed,2026-03-07
ORD0002108,ORD0002108-L1047,CUST000468,PROD000047,West,store,1,139.45,placed,2026-03-07
ORD0002108,ORD0002108-L1192,CUST000468,PROD000192,Midwest,web,1,431.63,placed,2026-03-07
ORD0002108,ORD0002108-L2128,CUST000468,PROD000128,Midwest,marketplace,2,68.48,placed,2026-03-07
ORD0002108,ORD0002108-L1056,CUST000468,PROD000056,West,mobile,1,84.18,placed,2026-03-07
ORD0002109,ORD0002109-L2130,CUST000005,PROD000130,Midwest,store,2,784.16,placed,2026-03-07
ORD0002109,ORD0002109-L1056,CUST000005,PROD000056,Northeast,mobile,1,79.75,placed,2026-03-07
ORD0002109,ORD0002109-L2158,CUST000005,PROD000158,Midwest,store,2,196.28,placed,2026-03-07
ORD0002109,ORD0002109-L2157,CUST000005,PROD000157,West,mobile,2,551.48,placed,2026-03-07
ORD0002173,ORD0002173-L1114,CUST000312,PROD000114,Southeast,web,1,418.37,placed,2026-03-07
ORD0002173,ORD0002173-L3202,CUST000312,PROD000202,Northeast,marketplace,3,992.01,placed,2026-03-07
ORD0002182,ORD0002182-L2192,CUST000259,PROD000192,Southeast,marketplace,2,863.26,placed,2026-03-07
ORD0002182,ORD0002182-L1074,CUST000259,PROD000074,Southeast,store,1,253.58,placed,2026-03-07
ORD0002340,ORD0002340-L2216,CUST000232,PROD000216,West,marketplace,2,94.44,placed,2026-03-07
ORD0002340,ORD0002340-L1200,CUST000232,PROD000200,Northeast,marketplace,1,358.34,placed,2026-03-07
ORD0002528,ORD0002528-L2196,CUST000052,PROD000196,Southeast,store,2,760.4,placed,2026-03-07
ORD0002528,ORD0002528-L3141,CUST000052,PROD000141,West,marketplace,3,1051.83,placed,2026-03-07
ORD0002620,ORD0002620-L3163,CUST000359,PROD000163,West,mobile,3,958.71,placed,2026-03-07
ORD0002906,ORD0002906-L1151,CUST000498,PROD000151,Midwest,web,1,353.2,placed,2026-03-07
ORD0002906,ORD0002906-L1096,CUST000498,PROD000096,Midwest,store,1,96.91,placed,2026-03-07
ORD0002931,ORD0002931-L3081,CUST000461,PROD000081,Northeast,marketplace,3,646.05,placed,2026-03-07
ORD0002993,ORD0002993-L3171,CUST000493,PROD000171,Southeast,web,3,594.57,placed,2026-03-07
ORD0002993,ORD0002993-L2114,CUST000493,PROD000114,Northeast,mobile,2,836.74,placed,2026-03-07
ORD0002993,ORD0002993-L1152,CUST000493,PROD000152,West,mobile,1,347.26,placed,2026-03-07
ORD0003057,ORD0003057-L2005,CUST000163,PROD000005,Midwest,store,2,638.72,placed,2026-03-07
ORD0003139,ORD0003139-L1028,CUST000096,PROD000028,Northeast,store,1,52.1,placed,2026-03-07
ORD0003139,ORD0003139-L3157,CUST000096,PROD000157,Midwest,marketplace,3,827.22,placed,2026-03-07
ORD0003139,ORD0003139-L2217,CUST000096,PROD000217,Midwest,store,2,276.94,placed,2026-03-07
ORD0003139,ORD0003139-L3083,CUST000096,PROD000083,Southeast,mobile,3,616.98,placed,2026-03-07
ORD0003317,ORD0003317-L1147,CUST000367,PROD000147,West,web,1,261.38,placed,2026-03-07
ORD0003353,ORD0003353-L2011,CUST000040,PROD000011,Northeast,mobile,2,642.52,placed,2026-03-07
ORD0003545,ORD0003545-L2143,CUST000013,PROD000143,West,mobile,2,697.44,placed,2026-03-07
ORD0003788,ORD0003788-L2222,CUST000383,PROD000222,Northeast,mobile,2,372.4,placed,2026-03-07
ORD0003908,ORD0003908-L3141,CUST000022,PROD000141,Northeast,store,3,1110.27,placed,2026-03-07
ORD0003908,ORD0003908-L2150,CUST000022,PROD000150,Midwest,web,2,936.48,placed,2026-03-07
ORD0003908,ORD0003908-L1165,CUST000022,PROD000165,Southeast,store,1,418.39,placed,2026-03-07
ORD0003926,ORD0003926-L3226,CUST000142,PROD000226,Southeast,mobile,3,679.53,placed,2026-03-07
ORD0003926,ORD0003926-L1103,CUST000142,PROD000103,Midwest,marketplace,1,261.44,placed,2026-03-07
ORD0003926,ORD0003926-L3121,CUST000142,PROD000121,Midwest,mobile,3,895.74,placed,2026-03-07
ORD0003926,ORD0003926-L3097,CUST000142,PROD000097,Midwest,marketplace,3,1014.87,placed,2026-03-07
ORD0003969,ORD0003969-L1228,CUST000321,PROD000228,Northeast,store,1,75.01,placed,2026-03-07
ORD0003969,ORD0003969-L1015,CUST000321,PROD000015,West,marketplace,1,298.14,placed,2026-03-07
ORD0003969,ORD0003969-L2055,CUST000321,PROD000055,Northeast,mobile,2,594.1,placed,2026-03-07
ORD0000010,ORD0000010-L2233,CUST000007,PROD000233,Midwest,marketplace,2,733.6,placed,2026-03-08
ORD0000010,ORD0000010-L1202,CUST000007,PROD000202,Northeast,marketplace,1,389.02,placed,2026-03-08
ORD0000010,ORD0000010-L2219,CUST000007,PROD000219,Northeast,web,2,942.36,placed,2026-03-08
ORD0000064,ORD0000064-L2083,CUST000385,PROD000083,Northeast,store,2,389.66,placed,2026-03-08
ORD0000064,ORD0000064-L1236,CUST000385,PROD000236,West,store,1,113.53,placed,2026-03-08
ORD0000064,ORD0000064-L1214,CUST000385,PROD000214,West,marketplace,1,129.39,placed,2026-03-08
ORD0000088,ORD0000088-L3123,CUST000190,PROD000123,West,marketplace,3,483.78,placed,2026-03-08
ORD0000088,ORD0000088-L3048,CUST000190,PROD000048,Midwest,web,3,1034.64,placed,2026-03-08
ORD0000088,ORD0000088-L1182,CUST000190,PROD000182,West,mobile,1,272.8,placed,2026-03-08
ORD0000160,ORD0000160-L3075,CUST000339,PROD000075,Southeast,store,3,846.03,placed,2026-03-08
ORD0000160,ORD0000160-L2081,CUST000339,PROD000081,Southeast,mobile,2,481.36,placed,2026-03-08
ORD0000160,ORD0000160-L3115,CUST000339,PROD000115,Midwest,marketplace,3,429.81,placed,2026-03-08
ORD0000215,ORD0000215-L1208,CUST000322,PROD000208,West,marketplace,1,86.56,placed,2026-03-08
ORD0000215,ORD0000215-L2217,CUST000322,PROD000217,West,store,2,249.24,placed,2026-03-08
ORD0000237,ORD0000237-L3151,CUST000234,PROD000151,Northeast,web,3,1059.6,placed,2026-03-08
ORD0000237,ORD0000237-L2177,CUST000234,PROD000177,Northeast,store,2,71.54,placed,2026-03-08
ORD0000237,ORD0000237-L1059,CUST000234,PROD000059,West,marketplace,1,25.45,placed,2026-03-08
ORD0000237,ORD0000237-L1142,CUST000234,PROD000142,Southeast,store,1,99.31,placed,2026-03-08
ORD0000298,ORD0000298-L1020,CUST000384,PROD000020,West,store,1,438.86,placed,2026-03-08
ORD0000456,ORD0000456-L2070,CUST000015,PROD000070,Midwest,web,2,502.6,placed,2026-03-08
ORD0000456,ORD0000456-L1035,CUST000015,PROD000035,Southeast,web,1,462.87,placed,2026-03-08
ORD0000456,ORD0000456-L1056,CUST000015,PROD000056,Northeast,store,1,88.61,placed,2026-03-08
ORD0000456,ORD0000456-L1212,CUST000015,PROD000212,Midwest,mobile,1,204.78,placed,2026-03-08
ORD0000460,ORD0000460-L3052,CUST000031,PROD000052,Northeast,web,3,597.72,placed,2026-03-08
ORD0000460,ORD0000460-L2245,CUST000031,PROD000245,Midwest,store,2,140.72,placed,2026-03-08
ORD0000547,ORD0000547-L1160,CUST000077,PROD000160,Northeast,mobile,1,68.78,placed,2026-03-08
ORD0000547,ORD0000547-L2161,CUST000077,PROD000161,Midwest,marketplace,2,492.42,placed,2026-03-08
ORD0000547,ORD0000547-L2245,CUST000077,PROD000245,Southeast,web,2,148.12,placed,2026-03-08
ORD0000547,ORD0000547-L2183,CUST000077,PROD000183,Southeast,web,2,346.74,placed,2026-03-08
ORD0000624,ORD0000624-L3031,CUST000121,PROD000031,Midwest,mobile,3,279.33,placed,2026-03-08
ORD0000757,ORD0000757-L2245,CUST000257,PROD000245,West,web,2,133.3,placed,2026-03-08
ORD0000872,ORD0000872-L2227,CUST000240,PROD000227,Southeast,web,2,762.24,placed,2026-03-08
ORD0000872,ORD0000872-L2087,CUST000240,PROD000087,Southeast,marketplace,2,352.24,placed,2026-03-08
ORD0000872,ORD0000872-L3210,CUST000240,PROD000210,West,store,3,1259.67,placed,2026-03-08
ORD0000872,ORD0000872-L1141,CUST000240,PROD000141,Southeast,marketplace,1,389.57,placed,2026-03-08
ORD0001057,ORD0001057-L2238,CUST000023,PROD000238,Midwest,store,2,179.64,placed,2026-03-08
ORD0001148,ORD0001148-L2046,CUST000230,PROD000046,Midwest,web,2,449.6,placed,2026-03-08
ORD0001148,ORD0001148-L1056,CUST000230,PROD000056,Northeast,store,1,79.75,placed,2026-03-08
ORD0001161,ORD0001161-L2153,CUST000311,PROD000153,Midwest,web,2,796.34,placed,2026-03-08
ORD0001168,ORD0001168-L1184,CUST000215,PROD000184,Southeast,marketplace,1,319.93,placed,2026-03-08
ORD0001168,ORD0001168-L2137,CUST000215,PROD000137,West,marketplace,2,959.78,placed,2026-03-08
ORD0001168,ORD0001168-L2215,CUST000215,PROD000215,Midwest,mobile,2,446.78,placed,2026-03-08
ORD0001240,ORD0001240-L2250,CUST000319,PROD000250,Midwest,store,2,743.94,placed,2026-03-08
ORD0001240,ORD0001240-L1084,CUST000319,PROD000084,Northeast,mobile,1,113.19,placed,2026-03-08
ORD0001240,ORD0001240-L1025,CUST000319,PROD000025,Midwest,store,1,357.57,placed,2026-03-08
ORD0001240,ORD0001240-L1048,CUST000319,PROD000048,Southeast,store,1,344.88,placed,2026-03-08
ORD0001367,ORD0001367-L3131,CUST000457,PROD000131,Southeast,web,3,420.84,placed,2026-03-08
ORD0001413,ORD0001413-L1025,CUST000347,PROD000025,Midwest,mobile,1,376.39,placed,2026-03-08
ORD0001413,ORD0001413-L3081,CUST000347,PROD000081,Southeast,marketplace,3,760.05,placed,2026-03-08
ORD0001413,ORD0001413-L2134,CUST000347,PROD000134,Southeast,web,2,660.54,placed,2026-03-08
ORD0001413,ORD0001413-L2061,CUST000347,PROD000061,Northeast,web,2,672.26,placed,2026-03-08
ORD0001454,ORD0001454-L1065,CUST000473,PROD000065,West,web,1,66.15,placed,2026-03-08
ORD0001454,ORD0001454-L3161,CUST000473,PROD000161,Midwest,mobile,3,738.63,placed,2026-03-08
ORD0001454,ORD0001454-L1036,CUST000473,PROD000036,Southeast,mobile,1,354.94,placed,2026-03-08
ORD0001454,ORD0001454-L2147,CUST000473,PROD000147,West,store,2,550.28,placed,2026-03-08
ORD0001513,ORD0001513-L2126,CUST000457,PROD000126,West,web,2,591.36,placed,2026-03-08
ORD0001513,ORD0001513-L3129,CUST000457,PROD000129,Midwest,store,3,339.87,placed,2026-03-08
ORD0001513,ORD0001513-L2127,CUST000457,PROD000127,Southeast,marketplace,2,174.96,placed,2026-03-08
ORD0001528,ORD0001528-L2113,CUST000112,PROD000113,West,store,2,49.4,placed,2026-03-08
ORD0001528,ORD0001528-L3097,CUST000112,PROD000097,West,marketplace,3,1014.87,placed,2026-03-08
ORD0001582,ORD0001582-L2189,CUST000210,PROD000189,Southeast,marketplace,2,171.66,placed,2026-03-08
ORD0001582,ORD0001582-L2250,CUST000210,PROD000250,Southeast,web,2,743.94,placed,2026-03-08
ORD0001684,ORD0001684-L2110,CUST000350,PROD000110,Southeast,web,2,452.62,placed,2026-03-08
ORD0001684,ORD0001684-L2084,CUST000350,PROD000084,Midwest,mobile,2,226.38,placed,2026-03-08
ORD0001782,ORD0001782-L3005,CUST000017,PROD000005,Southeast,mobile,3,958.08,placed,2026-03-08
ORD0001782,ORD0001782-L3137,CUST000017,PROD000137,Midwest,mobile,3,1295.7,placed,2026-03-08
ORD0001782,ORD0001782-L1117,CUST000017,PROD000117,Southeast,store,1,454.62,placed,2026-03-08
ORD0001815,ORD0001815-L2175,CUST000090,PROD000175,Midwest,mobile,2,834.54,placed,2026-03-08
ORD0001815,ORD0001815-L1146,CUST000090,PROD000146,West,store,1,324.72,placed,2026-03-08
ORD0001815,ORD0001815-L1232,CUST000090,PROD000232,Southeast,marketplace,1,131.83,placed,2026-03-08
ORD0001815,ORD0001815-L3140,CUST000090,PROD000140,Southeast,web,3,848.37,placed,2026-03-08
ORD0001983,ORD0001983-L3161,CUST000068,PROD000161,Southeast,marketplace,3,664.77,placed,2026-03-08
ORD0002229,ORD0002229-L3124,CUST000234,PROD000124,Northeast,mobile,3,462.48,placed,2026-03-08
ORD0002229,ORD0002229-L1090,CUST000234,PROD000090,Midwest,store,1,117.19,placed,2026-03-08
ORD0002229,ORD0002229-L2042,CUST000234,PROD000042,Southeast,mobile,2,210.42,placed,2026-03-08
ORD0002229,ORD0002229-L3016,CUST000234,PROD000016,West,web,3,1168.29,placed,2026-03-08
ORD0002357,ORD0002357-L1242,CUST000478,PROD000242,West,marketplace,1,347.16,placed,2026-03-08
ORD0002472,ORD0002472-L1098,CUST000260,PROD000098,West,marketplace,1,415.39,placed,2026-03-08
ORD0002472,ORD0002472-L3036,CUST000260,PROD000036,Northeast,store,3,1183.14,placed,2026-03-08
ORD0002472,ORD0002472-L3220,CUST000260,PROD000220,Southeast,web,3,1333.32,placed,2026-03-08
ORD0002524,ORD0002524-L1031,CUST000254,PROD000031,Southeast,web,1,93.11,placed,2026-03-08
ORD0002713,ORD0002713-L3068,CUST000011,PROD000068,Northeast,web,3,430.05,placed,2026-03-08
ORD0002713,ORD0002713-L1197,CUST000011,PROD000197,Northeast,web,1,428.44,placed,2026-03-08
ORD0002713,ORD0002713-L1028,CUST000011,PROD000028,Southeast,web,1,52.1,placed,2026-03-08
ORD0002713,ORD0002713-L1246,CUST000011,PROD000246,Southeast,store,1,88.16,placed,2026-03-08
ORD0002714,ORD0002714-L3144,CUST000490,PROD000144,West,marketplace,3,1104.39,placed,2026-03-08
ORD0002714,ORD0002714-L2038,CUST000490,PROD000038,West,store,2,70.66,placed,2026-03-08
ORD0002714,ORD0002714-L1226,CUST000490,PROD000226,Northeast,mobile,1,215.18,placed,2026-03-08
ORD0002803,ORD0002803-L1044,CUST000135,PROD000044,Northeast,web,1,378.65,placed,2026-03-08
ORD0002803,ORD0002803-L1108,CUST000135,PROD000108,Southeast,store,1,273.71,placed,2026-03-08
ORD0002803,ORD0002803-L3178,CUST000135,PROD000178,Southeast,mobile,3,712.35,placed,2026-03-08
ORD0002840,ORD0002840-L1092,CUST000085,PROD000092,Midwest,web,1,496.32,placed,2026-03-08
ORD0002844,ORD0002844-L2088,CUST000198,PROD000088,Northeast,marketplace,2,458.04,placed,2026-03-08
ORD0002844,ORD0002844-L3062,CUST000198,PROD000062,Northeast,marketplace,3,646.98,placed,2026-03-08
ORD0002867,ORD0002867-L1201,CUST000070,PROD000201,Southeast,mobile,1,368.5,placed,2026-03-08
ORD0002988,ORD0002988-L3239,CUST000335,PROD000239,Southeast,web,3,1043.28,placed,2026-03-08
ORD0003010,ORD0003010-L1084,CUST000213,PROD000084,Midwest,marketplace,1,96.21,placed,2026-03-08
ORD0003010,ORD0003010-L3107,CUST000213,PROD000107,Midwest,marketplace,3,1284.24,placed,2026-03-08
ORD0003010,ORD0003010-L1014,CUST000213,PROD000014,Northeast,web,1,217.09,placed,2026-03-08
ORD0003010,ORD0003010-L2036,CUST000213,PROD000036,Northeast,web,2,788.76,placed,2026-03-08
ORD0003097,ORD0003097-L3190,CUST000016,PROD000190,West,mobile,3,210.06,placed,2026-03-08
ORD0003097,ORD0003097-L3095,CUST000016,PROD000095,Southeast,marketplace,3,61.2,placed,2026-03-08
ORD0003097,ORD0003097-L1129,CUST000016,PROD000129,Midwest,marketplace,1,119.59,placed,2026-03-08
ORD0003169,ORD0003169-L3227,CUST000153,PROD000227,Southeast,web,3,1203.54,placed,2026-03-08
ORD0003169,ORD0003169-L1232,CUST000153,PROD000232,Northeast,marketplace,1,112.06,placed,2026-03-08
ORD0003169,ORD0003169-L1062,CUST000153,PROD000062,West,store,1,239.62,placed,2026-03-08
ORD0003201,ORD0003201-L3156,CUST000261,PROD000156,Southeast,store,3,212.82,placed,2026-03-08
ORD0003222,ORD0003222-L1237,CUST000117,PROD000237,Midwest,web,1,205.21,placed,2026-03-08
ORD0003222,ORD0003222-L2016,CUST000117,PROD000016,Southeast,marketplace,2,696.88,placed,2026-03-08
ORD0003222,ORD0003222-L2073,CUST000117,PROD000073,Southeast,web,2,562.76,placed,2026-03-08
ORD0003463,ORD0003463-L2180,CUST000221,PROD000180,Southeast,web,2,707.08,placed,2026-03-08
ORD0003479,ORD0003479-L2200,CUST000066,PROD000200,Midwest,mobile,2,716.68,placed,2026-03-08
ORD0003479,ORD0003479-L2167,CUST000066,PROD000167,West,store,2,342.02,placed,2026-03-08
ORD0003514,ORD0003514-L2157,CUST000113,PROD000157,Northeast,web,2,523.9,placed,2026-03-08
ORD0003711,ORD0003711-L3240,CUST000286,PROD000240,Southeast,marketplace,3,1089.57,placed,2026-03-08
ORD0003711,ORD0003711-L2031,CUST000286,PROD000031,Northeast,mobile,2,196.02,placed,2026-03-08
ORD0003715,ORD0003715-L3160,CUST000072,PROD000160,Midwest,marketplace,3,217.2,placed,2026-03-08
ORD0003715,ORD0003715-L2011,CUST000072,PROD000011,Southeast,store,2,642.52,placed,2026-03-08
ORD0003868,ORD0003868-L3215,CUST000425,PROD000215,Northeast,web,3,705.45,placed,2026-03-08
ORD0003868,ORD0003868-L2147,CUST000425,PROD000147,Northeast,mobile,2,522.76,placed,2026-03-08
ORD0003868,ORD0003868-L3239,CUST000425,PROD000239,Midwest,mobile,3,991.11,placed,2026-03-08
ORD0003979,ORD0003979-L3216,CUST000239,PROD000216,Midwest,mobile,3,141.66,placed,2026-03-08
ORD0003979,ORD0003979-L1139,CUST000239,PROD000139,Southeast,web,1,411.02,placed,2026-03-08
ORD0003979,ORD0003979-L1053,CUST000239,PROD000053,Midwest,web,1,192.65,placed,2026-03-08
ORD0000004,ORD0000004-L1140,CUST000288,PROD000140,Midwest,web,1,254.51,placed,2026-03-09
ORD0000004,ORD0000004-L3124,CUST000288,PROD000124,Midwest,web,3,489.66,placed,2026-03-09
ORD0000004,ORD0000004-L3159,CUST000288,PROD000159,Midwest,web,3,949.47,placed,2026-03-09
ORD0000292,ORD0000292-L1111,CUST000317,PROD000111,Midwest,mobile,1,14.32,placed,2026-03-09
ORD0000292,ORD0000292-L2239,CUST000317,PROD000239,Northeast,mobile,2,625.96,placed,2026-03-09
ORD0000324,ORD0000324-L1170,CUST000160,PROD000170,Midwest,web,1,29.73,placed,2026-03-09
ORD0000324,ORD0000324-L3230,CUST000160,PROD000230,Northeast,mobile,3,965.19,placed,2026-03-09
ORD0000324,ORD0000324-L2059,CUST000160,PROD000059,Northeast,marketplace,2,50.9,placed,2026-03-09
ORD0000377,ORD0000377-L3053,CUST000215,PROD000053,Northeast,marketplace,3,611.97,placed,2026-03-09
ORD0000422,ORD0000422-L2208,CUST000188,PROD000208,Northeast,mobile,2,164.02,placed,2026-03-09
ORD0000422,ORD0000422-L3139,CUST000188,PROD000139,Northeast,mobile,3,1168.14,placed,2026-03-09
ORD0000422,ORD0000422-L3092,CUST000188,PROD000092,Midwest,mobile,3,1414.5,placed,2026-03-09
ORD0000422,ORD0000422-L3154,CUST000188,PROD000154,West,marketplace,3,1001.67,placed,2026-03-09
ORD0000596,ORD0000596-L2055,CUST000334,PROD000055,Midwest,web,2,625.36,placed,2026-03-09
ORD0000596,ORD0000596-L1048,CUST000334,PROD000048,West,mobile,1,344.88,placed,2026-03-09
ORD0000596,ORD0000596-L1036,CUST000334,PROD000036,Southeast,mobile,1,335.22,placed,2026-03-09
ORD0000846,ORD0000846-L3162,CUST000189,PROD000162,Midwest,store,3,862.83,placed,2026-03-09
ORD0000846,ORD0000846-L3024,CUST000189,PROD000024,Southeast,web,3,705.45,placed,2026-03-09
ORD0000862,ORD0000862-L3014,CUST000453,PROD000014,West,store,3,553.59,placed,2026-03-09
ORD0000862,ORD0000862-L1113,CUST000453,PROD000113,Southeast,marketplace,1,27.45,placed,2026-03-09
ORD0000867,ORD0000867-L1151,CUST000192,PROD000151,Southeast,mobile,1,353.2,placed,2026-03-09
ORD0000867,ORD0000867-L2173,CUST000192,PROD000173,West,store,2,517.64,placed,2026-03-09
ORD0000867,ORD0000867-L2145,CUST000192,PROD000145,Southeast,marketplace,2,214.18,placed,2026-03-09
ORD0001018,ORD0001018-L1055,CUST000189,PROD000055,Midwest,web,1,297.05,placed,2026-03-09
ORD0001018,ORD0001018-L2108,CUST000189,PROD000108,Midwest,mobile,2,518.62,placed,2026-03-09
ORD0001067,ORD0001067-L1198,CUST000415,PROD000198,Southeast,mobile,1,411.83,placed,2026-03-09
ORD0001209,ORD0001209-L1234,CUST000133,PROD000234,Midwest,store,1,422.16,placed,2026-03-09
ORD0001209,ORD0001209-L1220,CUST000133,PROD000220,Southeast,store,1,422.22,placed,2026-03-09
ORD0001209,ORD0001209-L3123,CUST000133,PROD000123,Southeast,web,3,483.78,placed,2026-03-09
ORD0001209,ORD0001209-L2106,CUST000133,PROD000106,Northeast,web,2,287.14,placed,2026-03-09
ORD0001542,ORD0001542-L3198,CUST000369,PROD000198,West,mobile,3,1372.77,placed,2026-03-09
ORD0001542,ORD0001542-L2199,CUST000369,PROD000199,West,mobile,2,61.6,placed,2026-03-09
ORD0001542,ORD0001542-L3250,CUST000369,PROD000250,West,marketplace,3,1004.31,placed,2026-03-09
ORD0001547,ORD0001547-L3102,CUST000476,PROD000102,Southeast,web,3,348.6,placed,2026-03-09
ORD0001547,ORD0001547-L2203,CUST000476,PROD000203,Northeast,marketplace,2,707.26,placed,2026-03-09
ORD0001547,ORD0001547-L1023,CUST000476,PROD000023,Southeast,marketplace,1,28.98,placed,2026-03-09
ORD0001547,ORD0001547-L2141,CUST000476,PROD000141,West,web,2,740.18,placed,2026-03-09
ORD0001814,ORD0001814-L3062,CUST000402,PROD000062,West,marketplace,3,718.86,placed,2026-03-09
ORD0001814,ORD0001814-L3067,CUST000402,PROD000067,West,mobile,3,505.08,placed,2026-03-09
ORD0001814,ORD0001814-L2103,CUST000402,PROD000103,Midwest,store,2,550.4,placed,2026-03-09
ORD0002051,ORD0002051-L1099,CUST000073,PROD000099,Southeast,web,1,343.15,placed,2026-03-09
ORD0002051,ORD0002051-L2206,CUST000073,PROD000206,Northeast,store,2,743.58,placed,2026-03-09
ORD0002051,ORD0002051-L3105,CUST000073,PROD000105,Midwest,store,3,1169.16,placed,2026-03-09
ORD0002232,ORD0002232-L3060,CUST000404,PROD000060,West,marketplace,3,892.02,placed,2026-03-09
ORD0002232,ORD0002232-L3178,CUST000404,PROD000178,Southeast,web,3,676.74,placed,2026-03-09
ORD0002308,ORD0002308-L2243,CUST000427,PROD000243,Midwest,marketplace,2,428.5,placed,2026-03-09
ORD0002466,ORD0002466-L3123,CUST000013,PROD000123,Southeast,store,3,509.25,placed,2026-03-09
ORD0002466,ORD0002466-L1087,CUST000013,PROD000087,Northeast,web,1,185.39,placed,2026-03-09
ORD0002466,ORD0002466-L2020,CUST000013,PROD000020,Northeast,marketplace,2,975.24,placed,2026-03-09
ORD0002466,ORD0002466-L3009,CUST000013,PROD000009,Southeast,web,3,1089.03,placed,2026-03-09
ORD0002645,ORD0002645-L3163,CUST000446,PROD000163,Northeast,mobile,3,1127.88,placed,2026-03-09
ORD0002645,ORD0002645-L2174,CUST000446,PROD000174,Midwest,store,2,581.9,placed,2026-03-09
ORD0002645,ORD0002645-L3235,CUST000446,PROD000235,Midwest,mobile,3,203.82,placed,2026-03-09
ORD0002645,ORD0002645-L2153,CUST000446,PROD000153,Northeast,mobile,2,796.34,placed,2026-03-09
ORD0002776,ORD0002776-L3015,CUST000139,PROD000015,Southeast,store,3,847.35,placed,2026-03-09
ORD0002776,ORD0002776-L3124,CUST000139,PROD000124,Southeast,web,3,516.87,placed,2026-03-09
ORD0002804,ORD0002804-L1214,CUST000179,PROD000214,West,marketplace,1,129.39,placed,2026-03-09
ORD0002804,ORD0002804-L1180,CUST000179,PROD000180,Northeast,marketplace,1,372.15,placed,2026-03-09
ORD0002804,ORD0002804-L1069,CUST000179,PROD000069,Northeast,web,1,136.16,placed,2026-03-09
ORD0002804,ORD0002804-L1165,CUST000179,PROD000165,West,marketplace,1,440.41,placed,2026-03-09
ORD0002933,ORD0002933-L3189,CUST000005,PROD000189,West,web,3,243.18,placed,2026-03-09
ORD0002933,ORD0002933-L2221,CUST000005,PROD000221,West,mobile,2,430.68,placed,2026-03-09
ORD0002933,ORD0002933-L3062,CUST000005,PROD000062,West,marketplace,3,718.86,placed,2026-03-09
ORD0002954,ORD0002954-L2085,CUST000025,PROD000085,Northeast,mobile,2,928.3,placed,2026-03-09
ORD0002954,ORD0002954-L2001,CUST000025,PROD000001,Southeast,marketplace,2,846.36,placed,2026-03-09
ORD0002954,ORD0002954-L3240,CUST000025,PROD000240,Midwest,mobile,3,1210.62,placed,2026-03-09
ORD0002954,ORD0002954-L2110,CUST000025,PROD000110,Northeast,store,2,452.62,placed,2026-03-09
ORD0002985,ORD0002985-L1225,CUST000266,PROD000225,Southeast,mobile,1,440.29,placed,2026-03-09
ORD0002996,ORD0002996-L2155,CUST000240,PROD000155,Northeast,web,2,337.68,placed,2026-03-09
ORD0003083,ORD0003083-L3164,CUST000029,PROD000164,Southeast,mobile,3,50.31,placed,2026-03-09
ORD0003269,ORD0003269-L2112,CUST000206,PROD000112,Northeast,web,2,497.38,placed,2026-03-09
ORD0003269,ORD0003269-L2053,CUST000206,PROD000053,Southeast,store,2,453.3,placed,2026-03-09
ORD0003269,ORD0003269-L1014,CUST000206,PROD000014,Midwest,web,1,206.24,placed,2026-03-09
ORD0003269,ORD0003269-L3055,CUST000206,PROD000055,Midwest,web,3,797.34,placed,2026-03-09
ORD0003391,ORD0003391-L1108,CUST000153,PROD000108,West,marketplace,1,288.12,placed,2026-03-09
ORD0003391,ORD0003391-L3063,CUST000153,PROD000063,Midwest,mobile,3,935.49,placed,2026-03-09
ORD0003391,ORD0003391-L3234,CUST000153,PROD000234,Midwest,marketplace,3,1266.48,placed,2026-03-09
ORD0003391,ORD0003391-L1031,CUST000153,PROD000031,Southeast,mobile,1,98.01,placed,2026-03-09
ORD0003471,ORD0003471-L2242,CUST000199,PROD000242,West,marketplace,2,694.32,placed,2026-03-09
ORD0003634,ORD0003634-L3133,CUST000239,PROD000133,Northeast,web,3,348.27,placed,2026-03-09
ORD0003634,ORD0003634-L3187,CUST000239,PROD000187,West,web,3,282.99,placed,2026-03-09
ORD0003647,ORD0003647-L2240,CUST000276,PROD000240,West,web,2,766.72,placed,2026-03-09
ORD0003647,ORD0003647-L3081,CUST000276,PROD000081,Midwest,mobile,3,760.05,placed,2026-03-09
ORD0003647,ORD0003647-L1131,CUST000276,PROD000131,Midwest,mobile,1,165.03,placed,2026-03-09
ORD0003648,ORD0003648-L3241,CUST000319,PROD000241,Northeast,store,3,206.85,placed,2026-03-09
ORD0003648,ORD0003648-L3039,CUST000319,PROD000039,Northeast,store,3,1220.7,placed,2026-03-09
ORD0003658,ORD0003658-L3007,CUST000416,PROD000007,Southeast,marketplace,3,1040.07,placed,2026-03-09
ORD0003658,ORD0003658-L3082,CUST000416,PROD000082,Midwest,mobile,3,991.38,placed,2026-03-09
ORD0003682,ORD0003682-L2095,CUST000421,PROD000095,Midwest,mobile,2,40.8,placed,2026-03-09
ORD0003682,ORD0003682-L1059,CUST000421,PROD000059,West,web,1,22.91,placed,2026-03-09
ORD0003717,ORD0003717-L1035,CUST000026,PROD000035,Northeast,mobile,1,487.23,placed,2026-03-09
ORD0003717,ORD0003717-L3209,CUST000026,PROD000209,West,marketplace,3,405.39,placed,2026-03-09
ORD0003721,ORD0003721-L1087,CUST000302,PROD000087,Southeast,mobile,1,185.39,placed,2026-03-09
ORD0003721,ORD0003721-L3140,CUST000302,PROD000140,Southeast,web,3,805.95,placed,2026-03-09
ORD0003721,ORD0003721-L1017,CUST000302,PROD000017,Northeast,marketplace,1,253.03,placed,2026-03-09
ORD0003728,ORD0003728-L3042,CUST000348,PROD000042,Northeast,marketplace,3,371.34,placed,2026-03-09
ORD0003970,ORD0003970-L1065,CUST000316,PROD000065,West,marketplace,1,62.84,placed,2026-03-09
ORD0000089,ORD0000089-L1109,CUST000297,PROD000109,West,mobile,1,280.87,placed,2026-03-10
ORD0000089,ORD0000089-L2183,CUST000297,PROD000183,West,web,2,346.74,placed,2026-03-10
ORD0000089,ORD0000089-L2177,CUST000297,PROD000177,West,web,2,67.96,placed,2026-03-10
ORD0000089,ORD0000089-L1147,CUST000297,PROD000147,Northeast,mobile,1,247.63,placed,2026-03-10
ORD0000461,ORD0000461-L3151,CUST000463,PROD000151,Midwest,web,3,1059.6,placed,2026-03-10
ORD0000461,ORD0000461-L1121,CUST000463,PROD000121,Southeast,store,1,314.29,placed,2026-03-10
ORD0000461,ORD0000461-L3156,CUST000463,PROD000156,Midwest,mobile,3,212.82,placed,2026-03-10
ORD0000484,ORD0000484-L1032,CUST000218,PROD000032,Northeast,web,1,224.46,placed,2026-03-10
ORD0000484,ORD0000484-L1055,CUST000218,PROD000055,Midwest,web,1,312.68,placed,2026-03-10
ORD0000484,ORD0000484-L3225,CUST000218,PROD000225,West,marketplace,3,1188.78,placed,2026-03-10
ORD0000501,ORD0000501-L3024,CUST000138,PROD000024,Northeast,web,3,705.45,placed,2026-03-10
ORD0000501,ORD0000501-L2014,CUST000138,PROD000014,Southeast,web,2,412.48,placed,2026-03-10
ORD0000501,ORD0000501-L2213,CUST000138,PROD000213,West,web,2,19.6,placed,2026-03-10
ORD0000501,ORD0000501-L1237,CUST000138,PROD000237,Midwest,mobile,1,228.01,placed,2026-03-10
ORD0000602,ORD0000602-L2027,CUST000332,PROD000027,Midwest,mobile,2,620.48,placed,2026-03-10
ORD0000602,ORD0000602-L2169,CUST000332,PROD000169,West,store,2,622.7,placed,2026-03-10
ORD0000602,ORD0000602-L1247,CUST000332,PROD000247,Southeast,mobile,1,361.98,placed,2026-03-10
ORD0000602,ORD0000602-L3034,CUST000332,PROD000034,Midwest,marketplace,3,871.08,placed,2026-03-10
ORD0000644,ORD0000644-L2068,CUST000011,PROD000068,Southeast,mobile,2,286.7,placed,2026-03-10
ORD0000690,ORD0000690-L2242,CUST000103,PROD000242,West,web,2,621.24,placed,2026-03-10
ORD0000690,ORD0000690-L3207,CUST000103,PROD000207,West,marketplace,3,42.54,placed,2026-03-10
ORD0000750,ORD0000750-L1029,CUST000298,PROD000029,West,web,1,474.02,placed,2026-03-10
ORD0000763,ORD0000763-L2017,CUST000206,PROD000017,Midwest,web,2,595.36,placed,2026-03-10
ORD0001007,ORD0001007-L1105,CUST000360,PROD000105,West,marketplace,1,389.72,placed,2026-03-10
ORD0001007,ORD0001007-L2163,CUST000360,PROD000163,West,marketplace,2,751.92,placed,2026-03-10
ORD0001007,ORD0001007-L3223,CUST000360,PROD000223,Midwest,mobile,3,863.94,placed,2026-03-10
ORD0001138,ORD0001138-L3240,CUST000127,PROD000240,West,store,3,1089.57,placed,2026-03-10
ORD0001207,ORD0001207-L3188,CUST000239,PROD000188,Northeast,marketplace,3,100.44,placed,2026-03-10
ORD0001207,ORD0001207-L1097,CUST000239,PROD000097,Midwest,store,1,375.88,placed,2026-03-10
ORD0001212,ORD0001212-L3129,CUST000077,PROD000129,West,store,3,339.87,placed,2026-03-10
ORD0001212,ORD0001212-L3113,CUST000077,PROD000113,West,marketplace,3,78.24,placed,2026-03-10
ORD0001307,ORD0001307-L1202,CUST000146,PROD000202,West,store,1,350.12,placed,2026-03-10
ORD0001307,ORD0001307-L3147,CUST000146,PROD000147,Midwest,mobile,3,825.42,placed,2026-03-10
ORD0001371,ORD0001371-L1080,CUST000040,PROD000080,Southeast,marketplace,1,273.56,placed,2026-03-10
ORD0001371,ORD0001371-L2122,CUST000040,PROD000122,West,web,2,340.5,placed,2026-03-10
ORD0001379,ORD0001379-L3220,CUST000226,PROD000220,West,store,3,1333.32,placed,2026-03-10
ORD0001379,ORD0001379-L2226,CUST000226,PROD000226,Southeast,store,2,430.36,placed,2026-03-10
ORD0001379,ORD0001379-L3235,CUST000226,PROD000235,West,store,3,193.62,placed,2026-03-10
ORD0001397,ORD0001397-L1163,CUST000444,PROD000163,Midwest,mobile,1,375.96,placed,2026-03-10
ORD0001477,ORD0001477-L2157,CUST000433,PROD000157,Northeast,marketplace,2,551.48,placed,2026-03-10
ORD0001477,ORD0001477-L1039,CUST000433,PROD000039,Midwest,marketplace,1,345.86,placed,2026-03-10
ORD0001477,ORD0001477-L1044,CUST000433,PROD000044,Northeast,mobile,1,340.78,placed,2026-03-10
ORD0001724,ORD0001724-L1233,CUST000410,PROD000233,Northeast,web,1,366.8,placed,2026-03-10
ORD0001834,ORD0001834-L1224,CUST000097,PROD000224,Midwest,web,1,384.36,placed,2026-03-10
ORD0001834,ORD0001834-L1094,CUST000097,PROD000094,Midwest,store,1,76.87,placed,2026-03-10
ORD0001834,ORD0001834-L1193,CUST000097,PROD000193,Midwest,store,1,466.57,placed,2026-03-10
ORD0001834,ORD0001834-L1062,CUST000097,PROD000062,Southeast,web,1,215.66,placed,2026-03-10
ORD0001854,ORD0001854-L2018,CUST000027,PROD000018,West,web,2,566.0,placed,2026-03-10
ORD0001854,ORD0001854-L2055,CUST000027,PROD000055,Southeast,mobile,2,625.36,placed,2026-03-10
ORD0001854,ORD0001854-L2190,CUST000027,PROD000190,West,mobile,2,147.4,placed,2026-03-10
ORD0002131,ORD0002131-L2023,CUST000029,PROD000023,West,web,2,61.02,placed,2026-03-10
ORD0002131,ORD0002131-L3022,CUST000029,PROD000022,Midwest,web,3,181.17,placed,2026-03-10
ORD0002131,ORD0002131-L3245,CUST000029,PROD000245,Midwest,web,3,222.18,placed,2026-03-10
ORD0002140,ORD0002140-L2006,CUST000337,PROD000006,Northeast,store,2,283.22,placed,2026-03-10
ORD0002140,ORD0002140-L3228,CUST000337,PROD000228,Southeast,web,3,225.03,placed,2026-03-10
ORD0002140,ORD0002140-L3157,CUST000337,PROD000157,Midwest,marketplace,3,744.51,placed,2026-03-10
ORD0002140,ORD0002140-L2102,CUST000337,PROD000102,Midwest,mobile,2,232.4,placed,2026-03-10
ORD0002143,ORD0002143-L1196,CUST000267,PROD000196,Northeast,mobile,1,361.19,placed,2026-03-10
ORD0002143,ORD0002143-L1041,CUST000267,PROD000041,Southeast,mobile,1,18.28,placed,2026-03-10
ORD0002167,ORD0002167-L3040,CUST000046,PROD000040,West,mobile,3,87.93,placed,2026-03-10
ORD0002184,ORD0002184-L3035,CUST000002,PROD000035,Southeast,web,3,1461.69,placed,2026-03-10
ORD0002202,ORD0002202-L1069,CUST000053,PROD000069,Midwest,web,1,136.16,placed,2026-03-10
ORD0002220,ORD0002220-L1123,CUST000459,PROD000123,Midwest,mobile,1,152.78,placed,2026-03-10
ORD0002220,ORD0002220-L2093,CUST000459,PROD000093,West,marketplace,2,787.24,placed,2026-03-10
ORD0002220,ORD0002220-L1121,CUST000459,PROD000121,Northeast,web,1,298.58,placed,2026-03-10
ORD0002287,ORD0002287-L2037,CUST000419,PROD000037,Northeast,mobile,2,872.5,placed,2026-03-10
ORD0002316,ORD0002316-L1076,CUST000075,PROD000076,West,marketplace,1,64.44,placed,2026-03-10
ORD0002316,ORD0002316-L3139,CUST000075,PROD000139,Southeast,marketplace,3,1297.95,placed,2026-03-10
ORD0002316,ORD0002316-L3038,CUST000075,PROD000038,Midwest,store,3,111.57,placed,2026-03-10
ORD0002409,ORD0002409-L3208,CUST000284,PROD000208,Northeast,web,3,246.03,placed,2026-03-10
ORD0002409,ORD0002409-L1127,CUST000284,PROD000127,Northeast,store,1,97.2,placed,2026-03-10
ORD0002409,ORD0002409-L1250,CUST000284,PROD000250,West,store,1,334.77,placed,2026-03-10
ORD0002494,ORD0002494-L2175,CUST000128,PROD000175,Midwest,store,2,792.82,placed,2026-03-10
ORD0002494,ORD0002494-L3159,CUST000128,PROD000159,Southeast,marketplace,3,1117.02,placed,2026-03-10
ORD0002709,ORD0002709-L3075,CUST000220,PROD000075,West,web,3,890.55,placed,2026-03-10
ORD0002709,ORD0002709-L1028,CUST000220,PROD000028,Midwest,mobile,1,46.89,placed,2026-03-10
ORD0002967,ORD0002967-L1160,CUST000305,PROD000160,Northeast,marketplace,1,72.4,placed,2026-03-10
ORD0002967,ORD0002967-L2068,CUST000305,PROD000068,Northeast,store,2,286.7,placed,2026-03-10
ORD0002967,ORD0002967-L3120,CUST000305,PROD000120,Midwest,mobile,3,254.46,placed,2026-03-10
ORD0003244,ORD0003244-L3117,CUST000451,PROD000117,Midwest,marketplace,3,1159.29,placed,2026-03-10
ORD0003244,ORD0003244-L1139,CUST000451,PROD000139,Midwest,marketplace,1,389.38,placed,2026-03-10
ORD0003244,ORD0003244-L3166,CUST000451,PROD000166,Southeast,marketplace,3,742.2,placed,2026-03-10
ORD0003244,ORD0003244-L1144,CUST000451,PROD000144,Southeast,mobile,1,368.13,placed,2026-03-10
ORD0003348,ORD0003348-L3204,CUST000333,PROD000204,Midwest,marketplace,3,1351.56,placed,2026-03-10
ORD0003407,ORD0003407-L3089,CUST000200,PROD000089,Northeast,mobile,3,94.68,placed,2026-03-10
ORD0003407,ORD0003407-L2044,CUST000200,PROD000044,Southeast,mobile,2,719.44,placed,2026-03-10
ORD0003407,ORD0003407-L1171,CUST000200,PROD000171,Midwest,mobile,1,168.46,placed,2026-03-10
ORD0003416,ORD0003416-L3205,CUST000297,PROD000205,West,web,3,857.73,placed,2026-03-10
ORD0003416,ORD0003416-L3163,CUST000297,PROD000163,Midwest,marketplace,3,1071.48,placed,2026-03-10
ORD0003535,ORD0003535-L1197,CUST000193,PROD000197,West,web,1,428.44,placed,2026-03-10
ORD0003535,ORD0003535-L2129,CUST000193,PROD000129,West,store,2,251.76,placed,2026-03-10
ORD0003611,ORD0003611-L1171,CUST000342,PROD000171,Northeast,mobile,1,198.19,placed,2026-03-10
ORD0003611,ORD0003611-L2084,CUST000342,PROD000084,Southeast,store,2,215.06,placed,2026-03-10
ORD0003729,ORD0003729-L2044,CUST000470,PROD000044,West,mobile,2,719.44,placed,2026-03-10
ORD0003729,ORD0003729-L2096,CUST000470,PROD000096,West,mobile,2,193.82,placed,2026-03-10
ORD0003887,ORD0003887-L2236,CUST000236,PROD000236,Southeast,web,2,193.0,placed,2026-03-10
ORD0003887,ORD0003887-L1167,CUST000236,PROD000167,West,store,1,171.01,placed,2026-03-10
ORD0003887,ORD0003887-L1002,CUST000236,PROD000002,Southeast,mobile,1,418.55,placed,2026-03-10
ORD0003887,ORD0003887-L3105,CUST000236,PROD000105,West,mobile,3,1169.16,placed,2026-03-10
ORD0000054,ORD0000054-L1212,CUST000015,PROD000212,West,web,1,184.3,placed,2026-03-11
ORD0000077,ORD0000077-L3029,CUST000330,PROD000029,West,store,3,1422.06,placed,2026-03-11
ORD0000077,ORD0000077-L3192,CUST000330,PROD000192,Northeast,marketplace,3,1438.77,placed,2026-03-11
ORD0000080,ORD0000080-L2086,CUST000324,PROD000086,Northeast,marketplace,2,837.52,placed,2026-03-11
ORD0000080,ORD0000080-L3049,CUST000324,PROD000049,West,mobile,3,455.82,placed,2026-03-11
ORD0000080,ORD0000080-L2141,CUST000324,PROD000141,West,mobile,2,701.22,placed,2026-03-11
ORD0000218,ORD0000218-L1088,CUST000301,PROD000088,Southeast,store,1,206.12,placed,2026-03-11
ORD0000256,ORD0000256-L2032,CUST000228,PROD000032,Southeast,mobile,2,448.92,placed,2026-03-11
ORD0000393,ORD0000393-L3192,CUST000081,PROD000192,West,web,3,1294.89,placed,2026-03-11
ORD0000502,ORD0000502-L1037,CUST000048,PROD000037,Northeast,mobile,1,436.25,placed,2026-03-11
ORD0000502,ORD0000502-L1036,CUST000048,PROD000036,Southeast,marketplace,1,374.66,placed,2026-03-11
ORD0000502,ORD0000502-L3056,CUST000048,PROD000056,Northeast,mobile,3,265.83,placed,2026-03-11
ORD0000502,ORD0000502-L3199,CUST000048,PROD000199,Northeast,store,3,97.86,placed,2026-03-11
ORD0000625,ORD0000625-L1128,CUST000104,PROD000128,Midwest,store,1,30.82,placed,2026-03-11
ORD0000625,ORD0000625-L2103,CUST000104,PROD000103,Northeast,mobile,2,550.4,placed,2026-03-11
ORD0000914,ORD0000914-L1117,CUST000161,PROD000117,Midwest,marketplace,1,454.62,placed,2026-03-11
ORD0001177,ORD0001177-L3116,CUST000282,PROD000116,Midwest,store,3,686.58,placed,2026-03-11
ORD0001177,ORD0001177-L2169,CUST000282,PROD000169,Northeast,mobile,2,655.48,placed,2026-03-11
ORD0001177,ORD0001177-L3091,CUST000282,PROD000091,Midwest,store,3,540.48,placed,2026-03-11
ORD0001177,ORD0001177-L1119,CUST000282,PROD000119,Northeast,marketplace,1,349.15,placed,2026-03-11
ORD0001356,ORD0001356-L3073,CUST000094,PROD000073,Southeast,mobile,3,801.93,placed,2026-03-11
ORD0001356,ORD0001356-L3155,CUST000094,PROD000155,Midwest,marketplace,3,506.52,placed,2026-03-11
ORD0001356,ORD0001356-L3189,CUST000094,PROD000189,West,store,3,257.49,placed,2026-03-11
ORD0001555,ORD0001555-L2151,CUST000465,PROD000151,Southeast,store,2,635.76,placed,2026-03-11
ORD0001555,ORD0001555-L3088,CUST000465,PROD000088,Midwest,marketplace,3,687.06,placed,2026-03-11
ORD0001679,ORD0001679-L1042,CUST000443,PROD000042,Southeast,web,1,117.59,placed,2026-03-11
ORD0001890,ORD0001890-L3158,CUST000280,PROD000158,West,store,3,294.42,placed,2026-03-11
ORD0001890,ORD0001890-L2212,CUST000280,PROD000212,West,store,2,389.08,placed,2026-03-11
ORD0002027,ORD0002027-L2070,CUST000052,PROD000070,West,web,2,529.06,placed,2026-03-11
ORD0002027,ORD0002027-L3229,CUST000052,PROD000229,West,marketplace,3,163.47,placed,2026-03-11
ORD0002027,ORD0002027-L2072,CUST000052,PROD000072,Northeast,mobile,2,499.84,placed,2026-03-11
ORD0002047,ORD0002047-L3127,CUST000048,PROD000127,West,web,3,291.6,placed,2026-03-11
ORD0002047,ORD0002047-L3113,CUST000048,PROD000113,Southeast,store,3,82.35,placed,2026-03-11
ORD0002474,ORD0002474-L3092,CUST000067,PROD000092,Midwest,web,3,1488.96,placed,2026-03-11
ORD0002474,ORD0002474-L1051,CUST000067,PROD000051,Midwest,mobile,1,365.09,placed,2026-03-11
ORD0002505,ORD0002505-L2069,CUST000331,PROD000069,Northeast,mobile,2,258.7,placed,2026-03-11
ORD0002590,ORD0002590-L3153,CUST000079,PROD000153,Southeast,web,3,1194.51,placed,2026-03-11
ORD0002653,ORD0002653-L3238,CUST000240,PROD000238,Southeast,marketplace,3,269.46,placed,2026-03-11
ORD0002653,ORD0002653-L1199,CUST000240,PROD000199,Midwest,web,1,36.24,placed,2026-03-11
ORD0002653,ORD0002653-L2230,CUST000240,PROD000230,West,marketplace,2,643.46,placed,2026-03-11
ORD0002712,ORD0002712-L2130,CUST000124,PROD000130,Midwest,store,2,827.72,placed,2026-03-11
ORD0002712,ORD0002712-L2120,CUST000124,PROD000120,West,marketplace,2,169.64,placed,2026-03-11
ORD0002712,ORD0002712-L2038,CUST000124,PROD000038,West,mobile,2,66.94,placed,2026-03-11
ORD0002712,ORD0002712-L2155,CUST000124,PROD000155,Northeast,mobile,2,337.68,placed,2026-03-11
ORD0002907,ORD0002907-L1207,CUST000361,PROD000207,Northeast,store,1,13.47,placed,2026-03-11
ORD0002907,ORD0002907-L2136,CUST000361,PROD000136,Southeast,mobile,2,235.96,placed,2026-03-11
ORD0002907,ORD0002907-L2041,CUST000361,PROD000041,Midwest,store,2,38.48,placed,2026-03-11
ORD0002907,ORD0002907-L1007,CUST000361,PROD000007,Midwest,marketplace,1,364.94,placed,2026-03-11
ORD0002914,ORD0002914-L1124,CUST000044,PROD000124,Midwest,marketplace,1,181.36,placed,2026-03-11
ORD0002914,ORD0002914-L2189,CUST000044,PROD000189,Northeast,marketplace,2,190.74,placed,2026-03-11
ORD0002914,ORD0002914-L2118,CUST000044,PROD000118,Northeast,mobile,2,606.98,placed,2026-03-11
ORD0002914,ORD0002914-L1203,CUST000044,PROD000203,Midwest,store,1,300.59,placed,2026-03-11
ORD0002963,ORD0002963-L3032,CUST000056,PROD000032,Southeast,web,3,673.38,placed,2026-03-11
ORD0002972,ORD0002972-L3042,CUST000066,PROD000042,Southeast,web,3,371.34,placed,2026-03-11
ORD0002972,ORD0002972-L1224,CUST000066,PROD000224,Northeast,store,1,345.92,placed,2026-03-11
ORD0002972,ORD0002972-L1112,CUST000066,PROD000112,West,mobile,1,261.78,placed,2026-03-11
ORD0002992,ORD0002992-L2051,CUST000443,PROD000051,Southeast,store,2,691.76,placed,2026-03-11
ORD0003026,ORD0003026-L3207,CUST000449,PROD000207,Southeast,web,3,42.54,placed,2026-03-11
ORD0003026,ORD0003026-L1130,CUST000449,PROD000130,Southeast,store,1,435.64,placed,2026-03-11
ORD0003026,ORD0003026-L3081,CUST000449,PROD000081,Southeast,store,3,760.05,placed,2026-03-11
ORD0003026,ORD0003026-L1126,CUST000449,PROD000126,West,store,1,280.9,placed,2026-03-11
ORD0003054,ORD0003054-L2244,CUST000234,PROD000244,Midwest,store,2,866.12,placed,2026-03-11
ORD0003188,ORD0003188-L2046,CUST000244,PROD000046,Northeast,mobile,2,499.56,placed,2026-03-11
ORD0003188,ORD0003188-L3021,CUST000244,PROD000021,Midwest,mobile,3,74.76,placed,2026-03-11
ORD0003188,ORD0003188-L1134,CUST000244,PROD000134,Midwest,store,1,330.27,placed,2026-03-11
ORD0003268,ORD0003268-L1238,CUST000223,PROD000238,Southeast,web,1,94.55,placed,2026-03-11
ORD0003268,ORD0003268-L3193,CUST000223,PROD000193,Northeast,marketplace,3,1399.71,placed,2026-03-11
ORD0003291,ORD0003291-L2208,CUST000270,PROD000208,Midwest,store,2,164.02,placed,2026-03-11
ORD0003291,ORD0003291-L2159,CUST000270,PROD000159,West,mobile,2,707.44,placed,2026-03-11
ORD0003292,ORD0003292-L2148,CUST000013,PROD000148,Southeast,web,2,254.8,placed,2026-03-11
ORD0003327,ORD0003327-L3212,CUST000216,PROD000212,Southeast,store,3,583.62,placed,2026-03-11
ORD0003327,ORD0003327-L2068,CUST000216,PROD000068,Northeast,marketplace,2,272.36,placed,2026-03-11
ORD0003327,ORD0003327-L3150,CUST000216,PROD000150,Northeast,mobile,3,1404.72,placed,2026-03-11
ORD0003327,ORD0003327-L3234,CUST000216,PROD000234,West,web,3,1266.48,placed,2026-03-11
ORD0003376,ORD0003376-L3041,CUST000212,PROD000041,Northeast,web,3,51.96,placed,2026-03-11
ORD0003556,ORD0003556-L2022,CUST000386,PROD000022,West,mobile,2,120.78,placed,2026-03-11
ORD0003678,ORD0003678-L3089,CUST000392,PROD000089,West,marketplace,3,94.68,placed,2026-03-11
ORD0003678,ORD0003678-L3150,CUST000392,PROD000150,Midwest,marketplace,3,1404.72,placed,2026-03-11
ORD0003678,ORD0003678-L1091,CUST000392,PROD000091,Northeast,web,1,180.16,placed,2026-03-11
ORD0003800,ORD0003800-L2015,CUST000415,PROD000015,Northeast,web,2,627.66,placed,2026-03-11
ORD0003826,ORD0003826-L2054,CUST000181,PROD000054,Midwest,mobile,2,451.68,placed,2026-03-11
ORD0003826,ORD0003826-L1111,CUST000181,PROD000111,Northeast,store,1,15.07,placed,2026-03-11
ORD0003826,ORD0003826-L3072,CUST000181,PROD000072,Southeast,store,3,674.79,placed,2026-03-11
ORD0003826,ORD0003826-L3102,CUST000181,PROD000102,Midwest,marketplace,3,348.6,placed,2026-03-11
ORD0003833,ORD0003833-L3176,CUST000400,PROD000176,Southeast,mobile,3,1113.6,placed,2026-03-11
ORD0003833,ORD0003833-L2107,CUST000400,PROD000107,Midwest,mobile,2,856.16,placed,2026-03-11
ORD0003833,ORD0003833-L1238,CUST000400,PROD000238,West,mobile,1,94.55,placed,2026-03-11
ORD0003833,ORD0003833-L2200,CUST000400,PROD000200,Midwest,web,2,680.84,placed,2026-03-11
ORD0003959,ORD0003959-L3104,CUST000475,PROD000104,Midwest,marketplace,3,932.67,placed,2026-03-11
ORD0003959,ORD0003959-L2044,CUST000475,PROD000044,Midwest,web,2,757.3,placed,2026-03-11
ORD0003959,ORD0003959-L2241,CUST000475,PROD000241,Midwest,mobile,2,145.16,placed,2026-03-11
ORD0000120,ORD0000120-L3136,CUST000364,PROD000136,Northeast,mobile,3,353.94,placed,2026-03-12
ORD0000120,ORD0000120-L3137,CUST000364,PROD000137,Southeast,mobile,3,1367.7,placed,2026-03-12
ORD0000205,ORD0000205-L1007,CUST000478,PROD000007,Southeast,mobile,1,346.69,placed,2026-03-12
ORD0000205,ORD0000205-L1015,CUST000478,PROD000015,West,store,1,313.83,placed,2026-03-12
ORD0000207,ORD0000207-L2139,CUST000132,PROD000139,Southeast,mobile,2,778.76,placed,2026-03-12
ORD0000207,ORD0000207-L1077,CUST000132,PROD000077,West,web,1,145.53,placed,2026-03-12
ORD0000209,ORD0000209-L3111,CUST000287,PROD000111,Midwest,store,3,45.21,placed,2026-03-12
ORD0000209,ORD0000209-L2190,CUST000287,PROD000190,Southeast,marketplace,2,147.4,placed,2026-03-12
ORD0000209,ORD0000209-L2025,CUST000287,PROD000025,Northeast,store,2,752.78,placed,2026-03-12
ORD0000322,ORD0000322-L2119,CUST000462,PROD000119,West,web,2,628.48,placed,2026-03-12
ORD0000322,ORD0000322-L3248,CUST000462,PROD000248,Northeast,store,3,991.29,placed,2026-03-12
ORD0000322,ORD0000322-L3122,CUST000462,PROD000122,Southeast,mobile,3,510.75,placed,2026-03-12
ORD0000323,ORD0000323-L1108,CUST000224,PROD000108,West,store,1,273.71,placed,2026-03-12
ORD0000323,ORD0000323-L1061,CUST000224,PROD000061,Southeast,store,1,302.52,placed,2026-03-12
ORD0000415,ORD0000415-L1117,CUST000219,PROD000117,Midwest,store,1,454.62,placed,2026-03-12
ORD0000415,ORD0000415-L1060,CUST000219,PROD000060,Northeast,marketplace,1,282.47,placed,2026-03-12
ORD0000415,ORD0000415-L2078,CUST000219,PROD000078,Midwest,store,2,46.14,placed,2026-03-12
ORD0000415,ORD0000415-L3138,CUST000219,PROD000138,Southeast,web,3,974.97,placed,2026-03-12
ORD0000483,ORD0000483-L1193,CUST000363,PROD000193,West,marketplace,1,491.13,placed,2026-03-12
ORD0000483,ORD0000483-L1077,CUST000363,PROD000077,West,web,1,145.53,placed,2026-03-12
ORD0000483,ORD0000483-L1215,CUST000363,PROD000215,Midwest,web,1,235.15,placed,2026-03-12
ORD0000556,ORD0000556-L1143,CUST000111,PROD000143,Northeast,mobile,1,313.85,placed,2026-03-12
ORD0000556,ORD0000556-L2062,CUST000111,PROD000062,Midwest,store,2,455.28,placed,2026-03-12
ORD0000556,ORD0000556-L3103,CUST000111,PROD000103,Midwest,mobile,3,825.6,placed,2026-03-12
ORD0000556,ORD0000556-L1057,CUST000111,PROD000057,Northeast,marketplace,1,401.58,placed,2026-03-12
ORD0000568,ORD0000568-L3200,CUST000176,PROD000200,Southeast,web,3,967.53,placed,2026-03-12
ORD0000638,ORD0000638-L3204,CUST000365,PROD000204,Northeast,web,3,1351.56,placed,2026-03-12
ORD0000638,ORD0000638-L2206,CUST000365,PROD000206,West,web,2,743.58,placed,2026-03-12
ORD0000638,ORD0000638-L2107,CUST000365,PROD000107,West,web,2,770.54,placed,2026-03-12
ORD0001083,ORD0001083-L3091,CUST000351,PROD000091,Midwest,marketplace,3,540.48,placed,2026-03-12
ORD0001083,ORD0001083-L3023,CUST000351,PROD000023,Southeast,web,3,86.94,placed,2026-03-12
ORD0001083,ORD0001083-L1137,CUST000351,PROD000137,Southeast,mobile,1,431.9,placed,2026-03-12
ORD0001083,ORD0001083-L1101,CUST000351,PROD000101,Midwest,mobile,1,410.31,placed,2026-03-12
ORD0001092,ORD0001092-L2176,CUST000207,PROD000176,West,marketplace,2,705.28,placed,2026-03-12
ORD0001092,ORD0001092-L2105,CUST000207,PROD000105,West,mobile,2,740.46,placed,2026-03-12
ORD0001118,ORD0001118-L3074,CUST000292,PROD000074,West,mobile,3,845.25,placed,2026-03-12
ORD0001118,ORD0001118-L1224,CUST000292,PROD000224,West,store,1,384.36,placed,2026-03-12
ORD0001118,ORD0001118-L1128,CUST000292,PROD000128,Midwest,web,1,30.82,placed,2026-03-12
ORD0001198,ORD0001198-L3142,CUST000027,PROD000142,West,mobile,3,297.93,placed,2026-03-12
ORD0001198,ORD0001198-L2088,CUST000027,PROD000088,Northeast,store,2,458.04,placed,2026-03-12
ORD0001198,ORD0001198-L3010,CUST000027,PROD000010,Southeast,marketplace,3,370.65,placed,2026-03-12
ORD0001198,ORD0001198-L2238,CUST000027,PROD000238,Midwest,web,2,170.18,placed,2026-03-12
ORD0001358,ORD0001358-L1234,CUST000487,PROD000234,Southeast,web,1,469.07,placed,2026-03-12
ORD0001396,ORD0001396-L3075,CUST000040,PROD000075,West,mobile,3,890.55,placed,2026-03-12
ORD0001396,ORD0001396-L2040,CUST000040,PROD000040,Southeast,mobile,2,61.7,placed,2026-03-12
ORD0001396,ORD0001396-L2186,CUST000040,PROD000186,Northeast,web,2,672.24,placed,2026-03-12
ORD0001396,ORD0001396-L1161,CUST000040,PROD000161,Midwest,mobile,1,209.28,placed,2026-03-12
ORD0001403,ORD0001403-L2048,CUST000089,PROD000048,Northeast,store,2,689.76,placed,2026-03-12
ORD0001403,ORD0001403-L2235,CUST000089,PROD000235,Midwest,marketplace,2,115.5,placed,2026-03-12
ORD0001403,ORD0001403-L1026,CUST000089,PROD000026,West,marketplace,1,79.68,placed,2026-03-12
ORD0001403,ORD0001403-L2058,CUST000089,PROD000058,West,store,2,617.16,placed,2026-03-12
ORD0001665,ORD0001665-L3087,CUST000090,PROD000087,West,web,3,528.36,placed,2026-03-12
ORD0001665,ORD0001665-L1017,CUST000090,PROD000017,Southeast,web,1,267.91,placed,2026-03-12
ORD0001676,ORD0001676-L2178,CUST000370,PROD000178,Midwest,mobile,2,451.16,placed,2026-03-12
ORD0001676,ORD0001676-L2101,CUST000370,PROD000101,Southeast,web,2,820.62,placed,2026-03-12
ORD0001736,ORD0001736-L1041,CUST000110,PROD000041,West,web,1,19.24,placed,2026-03-12
ORD0001736,ORD0001736-L3110,CUST000110,PROD000110,Midwest,marketplace,3,678.93,placed,2026-03-12
ORD0001736,ORD0001736-L2246,CUST000110,PROD000246,Northeast,store,2,195.9,placed,2026-03-12
ORD0001745,ORD0001745-L3228,CUST000053,PROD000228,Midwest,store,3,236.88,placed,2026-03-12
ORD0001745,ORD0001745-L2246,CUST000053,PROD000246,Southeast,mobile,2,195.9,placed,2026-03-12
ORD0001745,ORD0001745-L2211,CUST000053,PROD000211,Northeast,store,2,517.72,placed,2026-03-12
ORD0001745,ORD0001745-L3096,CUST000053,PROD000096,Northeast,web,3,290.73,placed,2026-03-12
ORD0001836,ORD0001836-L1163,CUST000317,PROD000163,Midwest,marketplace,1,375.96,placed,2026-03-12
ORD0001836,ORD0001836-L3025,CUST000317,PROD000025,Northeast,store,3,1129.17,placed,2026-03-12
ORD0001836,ORD0001836-L3113,CUST000317,PROD000113,Southeast,marketplace,3,69.99,placed,2026-03-12
ORD0001846,ORD0001846-L1022,CUST000389,PROD000022,Southeast,web,1,60.39,placed,2026-03-12
ORD0001846,ORD0001846-L3151,CUST000389,PROD000151,Midwest,marketplace,3,953.64,placed,2026-03-12
ORD0001853,ORD0001853-L1122,CUST000125,PROD000122,West,marketplace,1,170.25,placed,2026-03-12
ORD0001853,ORD0001853-L3167,CUST000125,PROD000167,Northeast,marketplace,3,513.03,placed,2026-03-12
ORD0001853,ORD0001853-L2092,CUST000125,PROD000092,West,store,2,992.64,placed,2026-03-12
ORD0001905,ORD0001905-L2113,CUST000454,PROD000113,West,mobile,2,54.9,placed,2026-03-12
ORD0001905,ORD0001905-L1171,CUST000454,PROD000171,Midwest,mobile,1,188.28,placed,2026-03-12
ORD0001987,ORD0001987-L3034,CUST000291,PROD000034,Southeast,marketplace,3,916.92,placed,2026-03-12
ORD0001987,ORD0001987-L3219,CUST000291,PROD000219,Southeast,mobile,3,1413.54,placed,2026-03-12
ORD0001987,ORD0001987-L2186,CUST000291,PROD000186,Northeast,mobile,2,638.62,placed,2026-03-12
ORD0002095,ORD0002095-L2031,CUST000011,PROD000031,West,marketplace,2,176.42,placed,2026-03-12
ORD0002095,ORD0002095-L3222,CUST000011,PROD000222,Midwest,web,3,530.67,placed,2026-03-12
ORD0002212,ORD0002212-L3227,CUST000463,PROD000227,Northeast,web,3,1203.54,placed,2026-03-12
ORD0002281,ORD0002281-L2234,CUST000478,PROD000234,Midwest,mobile,2,938.14,placed,2026-03-12
ORD0002281,ORD0002281-L2250,CUST000478,PROD000250,Northeast,marketplace,2,706.74,placed,2026-03-12
ORD0002281,ORD0002281-L3241,CUST000478,PROD000241,West,marketplace,3,217.74,placed,2026-03-12
ORD0002281,ORD0002281-L3163,CUST000478,PROD000163,Northeast,mobile,3,1071.48,placed,2026-03-12
ORD0002329,ORD0002329-L1019,CUST000283,PROD000019,West,mobile,1,316.15,placed,2026-03-12
ORD0002329,ORD0002329-L2129,CUST000283,PROD000129,West,mobile,2,251.76,placed,2026-03-12
ORD0002523,ORD0002523-L2069,CUST000044,PROD000069,Midwest,store,2,258.7,placed,2026-03-12
ORD0002523,ORD0002523-L3245,CUST000044,PROD000245,Northeast,web,3,222.18,placed,2026-03-12
ORD0002523,ORD0002523-L1045,CUST000044,PROD000045,Midwest,marketplace,1,419.11,placed,2026-03-12
ORD0002523,ORD0002523-L2107,CUST000044,PROD000107,Northeast,web,2,856.16,placed,2026-03-12
ORD0002569,ORD0002569-L1108,CUST000081,PROD000108,Midwest,mobile,1,244.9,placed,2026-03-12
ORD0002569,ORD0002569-L3236,CUST000081,PROD000236,Northeast,marketplace,3,340.59,placed,2026-03-12
ORD0002753,ORD0002753-L2171,CUST000334,PROD000171,Midwest,store,2,376.56,placed,2026-03-12
ORD0002753,ORD0002753-L1132,CUST000334,PROD000132,West,marketplace,1,343.87,placed,2026-03-12
ORD0002753,ORD0002753-L2186,CUST000334,PROD000186,West,marketplace,2,672.24,placed,2026-03-12
ORD0002753,ORD0002753-L2035,CUST000334,PROD000035,Southeast,store,2,974.46,placed,2026-03-12
ORD0002965,ORD0002965-L2229,CUST000198,PROD000229,Southeast,mobile,2,115.04,placed,2026-03-12
ORD0002965,ORD0002965-L2013,CUST000198,PROD000013,Southeast,mobile,2,884.52,placed,2026-03-12
ORD0002965,ORD0002965-L1090,CUST000198,PROD000090,West,mobile,1,130.21,placed,2026-03-12
ORD0002965,ORD0002965-L1172,CUST000198,PROD000172,Midwest,store,1,464.24,placed,2026-03-12
ORD0003020,ORD0003020-L3118,CUST000322,PROD000118,Southeast,mobile,3,819.42,placed,2026-03-12
ORD0003048,ORD0003048-L3030,CUST000201,PROD000030,Northeast,mobile,3,202.62,placed,2026-03-12
ORD0003048,ORD0003048-L3003,CUST000201,PROD000003,Midwest,store,3,780.42,placed,2026-03-12
ORD0003048,ORD0003048-L3037,CUST000201,PROD000037,West,web,3,1177.86,placed,2026-03-12
ORD0003048,ORD0003048-L1239,CUST000201,PROD000239,Southeast,web,1,330.37,placed,2026-03-12
ORD0003087,ORD0003087-L3226,CUST000173,PROD000226,Northeast,store,3,679.53,placed,2026-03-12
ORD0003087,ORD0003087-L2187,CUST000173,PROD000187,Northeast,marketplace,2,198.6,placed,2026-03-12
ORD0003087,ORD0003087-L3246,CUST000173,PROD000246,Northeast,store,3,293.85,placed,2026-03-12
ORD0003225,ORD0003225-L2007,CUST000126,PROD000007,Midwest,mobile,2,656.9,placed,2026-03-12
ORD0003541,ORD0003541-L1108,CUST000328,PROD000108,Midwest,web,1,288.12,placed,2026-03-12
ORD0003670,ORD0003670-L1242,CUST000287,PROD000242,Southeast,web,1,365.43,placed,2026-03-12
ORD0003670,ORD0003670-L2042,CUST000287,PROD000042,Southeast,marketplace,2,247.56,placed,2026-03-12
ORD0003670,ORD0003670-L1214,CUST000287,PROD000214,Midwest,web,1,122.92,placed,2026-03-12
ORD0003670,ORD0003670-L2038,CUST000287,PROD000038,Southeast,mobile,2,74.38,placed,2026-03-12
ORD0003917,ORD0003917-L3222,CUST000036,PROD000222,Southeast,store,3,530.67,placed,2026-03-12
ORD0003917,ORD0003917-L2142,CUST000036,PROD000142,Southeast,mobile,2,188.68,placed,2026-03-12
ORD0000090,ORD0000090-L2015,CUST000078,PROD000015,Midwest,web,2,627.66,placed,2026-03-13
ORD0000090,ORD0000090-L3122,CUST000078,PROD000122,Midwest,marketplace,3,567.51,placed,2026-03-13
ORD0000090,ORD0000090-L1136,CUST000078,PROD000136,West,web,1,117.98,placed,2026-03-13
ORD0000090,ORD0000090-L3203,CUST000078,PROD000203,Northeast,web,3,1007.85,placed,2026-03-13
ORD0000376,ORD0000376-L1122,CUST000113,PROD000122,Southeast,web,1,189.17,placed,2026-03-13
ORD0000376,ORD0000376-L3154,CUST000113,PROD000154,Midwest,marketplace,3,1001.67,placed,2026-03-13
ORD0000376,ORD0000376-L2228,CUST000113,PROD000228,Southeast,marketplace,2,142.12,placed,2026-03-13
ORD0000376,ORD0000376-L2013,CUST000113,PROD000013,Northeast,marketplace,2,796.06,placed,2026-03-13
ORD0000387,ORD0000387-L1142,CUST000300,PROD000142,West,marketplace,1,84.41,placed,2026-03-13
ORD0000387,ORD0000387-L3180,CUST000300,PROD000180,West,marketplace,3,1004.82,placed,2026-03-13
ORD0000387,ORD0000387-L1219,CUST000300,PROD000219,West,store,1,424.06,placed,2026-03-13
ORD0000387,ORD0000387-L1244,CUST000300,PROD000244,Midwest,marketplace,1,433.06,placed,2026-03-13
ORD0000399,ORD0000399-L2158,CUST000493,PROD000158,West,store,2,186.46,placed,2026-03-13
ORD0000399,ORD0000399-L3059,CUST000493,PROD000059,West,web,3,76.35,placed,2026-03-13
ORD0000399,ORD0000399-L2033,CUST000493,PROD000033,Southeast,mobile,2,776.2,placed,2026-03-13
ORD0000454,ORD0000454-L2210,CUST000035,PROD000210,Midwest,marketplace,2,883.98,placed,2026-03-13
ORD0000454,ORD0000454-L3007,CUST000035,PROD000007,Northeast,store,3,985.35,placed,2026-03-13
ORD0000454,ORD0000454-L2190,CUST000035,PROD000190,Southeast,mobile,2,147.4,placed,2026-03-13
ORD0000533,ORD0000533-L2077,CUST000205,PROD000077,West,marketplace,2,276.5,placed,2026-03-13
ORD0000534,ORD0000534-L1088,CUST000040,PROD000088,West,mobile,1,217.57,placed,2026-03-13
ORD0000534,ORD0000534-L2241,CUST000040,PROD000241,Midwest,mobile,2,145.16,placed,2026-03-13
ORD0000536,ORD0000536-L1101,CUST000471,PROD000101,West,store,1,410.31,placed,2026-03-13
ORD0000536,ORD0000536-L2229,CUST000471,PROD000229,West,marketplace,2,108.98,placed,2026-03-13
ORD0000604,ORD0000604-L3235,CUST000133,PROD000235,West,web,3,183.45,placed,2026-03-13
ORD0000604,ORD0000604-L1113,CUST000133,PROD000113,Southeast,store,1,26.08,placed,2026-03-13
ORD0000604,ORD0000604-L3003,CUST000133,PROD000003,Southeast,mobile,3,741.39,placed,2026-03-13
ORD0000604,ORD0000604-L2245,CUST000133,PROD000245,West,marketplace,2,125.9,placed,2026-03-13
ORD0000640,ORD0000640-L1079,CUST000242,PROD000079,West,web,1,347.1,placed,2026-03-13
ORD0000640,ORD0000640-L1006,CUST000242,PROD000006,Southeast,store,1,141.61,placed,2026-03-13
ORD0000938,ORD0000938-L3078,CUST000004,PROD000078,Southeast,marketplace,3,65.76,placed,2026-03-13
ORD0000938,ORD0000938-L3246,CUST000004,PROD000246,Midwest,marketplace,3,279.15,placed,2026-03-13
ORD0000938,ORD0000938-L2069,CUST000004,PROD000069,Southeast,store,2,272.32,placed,2026-03-13
ORD0001215,ORD0001215-L3162,CUST000260,PROD000162,Midwest,web,3,958.71,placed,2026-03-13
ORD0001215,ORD0001215-L2208,CUST000260,PROD000208,Midwest,marketplace,2,173.12,placed,2026-03-13
ORD0001215,ORD0001215-L2173,CUST000260,PROD000173,Midwest,marketplace,2,517.64,placed,2026-03-13
ORD0001215,ORD0001215-L2121,CUST000260,PROD000121,Southeast,web,2,628.58,placed,2026-03-13
ORD0001373,ORD0001373-L3034,CUST000114,PROD000034,West,marketplace,3,825.24,placed,2026-03-13
ORD0001373,ORD0001373-L1140,CUST000114,PROD000140,Northeast,mobile,1,268.65,placed,2026-03-13
ORD0001373,ORD0001373-L3186,CUST000114,PROD000186,West,store,3,907.53,placed,2026-03-13
ORD0001373,ORD0001373-L3085,CUST000114,PROD000085,Southeast,web,3,1392.45,placed,2026-03-13
ORD0001386,ORD0001386-L3004,CUST000240,PROD000004,Southeast,marketplace,3,1350.84,placed,2026-03-13
ORD0001499,ORD0001499-L3100,CUST000464,PROD000100,Midwest,web,3,496.71,placed,2026-03-13
ORD0001499,ORD0001499-L1015,CUST000464,PROD000015,Northeast,mobile,1,313.83,placed,2026-03-13
ORD0001499,ORD0001499-L2216,CUST000464,PROD000216,West,mobile,2,99.4,placed,2026-03-13
ORD0001499,ORD0001499-L2237,CUST000464,PROD000237,West,store,2,433.22,placed,2026-03-13
ORD0001512,ORD0001512-L2059,CUST000347,PROD000059,Southeast,mobile,2,43.26,placed,2026-03-13
ORD0001545,ORD0001545-L1154,CUST000385,PROD000154,Southeast,web,1,333.89,placed,2026-03-13
ORD0001545,ORD0001545-L1218,CUST000385,PROD000218,Midwest,store,1,78.42,placed,2026-03-13
ORD0001545,ORD0001545-L1095,CUST000385,PROD000095,Southeast,store,1,20.4,placed,2026-03-13
ORD0001545,ORD0001545-L1163,CUST000385,PROD000163,Northeast,mobile,1,375.96,placed,2026-03-13
ORD0001574,ORD0001574-L3244,CUST000389,PROD000244,West,store,3,1234.23,placed,2026-03-13
ORD0001587,ORD0001587-L2173,CUST000206,PROD000173,Northeast,web,2,491.76,placed,2026-03-13
ORD0001784,ORD0001784-L1049,CUST000122,PROD000049,Northeast,web,1,151.94,placed,2026-03-13
ORD0001784,ORD0001784-L2216,CUST000122,PROD000216,Northeast,web,2,99.4,placed,2026-03-13
ORD0001784,ORD0001784-L1144,CUST000122,PROD000144,Southeast,marketplace,1,331.32,placed,2026-03-13
ORD0001784,ORD0001784-L1032,CUST000122,PROD000032,Southeast,store,1,224.46,placed,2026-03-13
ORD0001810,ORD0001810-L3191,CUST000308,PROD000191,West,web,3,1019.58,placed,2026-03-13
ORD0001810,ORD0001810-L1087,CUST000308,PROD000087,West,marketplace,1,185.39,placed,2026-03-13
ORD0001810,ORD0001810-L3185,CUST000308,PROD000185,West,store,3,1080.72,placed,2026-03-13
ORD0001810,ORD0001810-L1242,CUST000308,PROD000242,Southeast,store,1,347.16,placed,2026-03-13
ORD0002063,ORD0002063-L1181,CUST000212,PROD000181,Northeast,store,1,42.77,placed,2026-03-13
ORD0002063,ORD0002063-L2086,CUST000212,PROD000086,Northeast,store,2,837.52,placed,2026-03-13
ORD0002063,ORD0002063-L2096,CUST000212,PROD000096,Northeast,marketplace,2,204.02,placed,2026-03-13
ORD0002063,ORD0002063-L3047,CUST000212,PROD000047,Northeast,marketplace,3,355.59,placed,2026-03-13
ORD0002111,ORD0002111-L1017,CUST000469,PROD000017,Midwest,store,1,282.8,placed,2026-03-13
ORD0002111,ORD0002111-L2066,CUST000469,PROD000066,Northeast,web,2,932.86,placed,2026-03-13
ORD0002111,ORD0002111-L1072,CUST000469,PROD000072,West,mobile,1,224.93,placed,2026-03-13
ORD0002121,ORD0002121-L2216,CUST000498,PROD000216,Midwest,mobile,2,94.44,placed,2026-03-13
ORD0002121,ORD0002121-L1119,CUST000498,PROD000119,Southeast,store,1,331.69,placed,2026-03-13
ORD0002121,ORD0002121-L3197,CUST000498,PROD000197,West,store,3,1221.06,placed,2026-03-13
ORD0002154,ORD0002154-L3222,CUST000156,PROD000222,Northeast,marketplace,3,530.67,placed,2026-03-13
ORD0002154,ORD0002154-L2113,CUST000156,PROD000113,Southeast,marketplace,2,52.16,placed,2026-03-13
ORD0002154,ORD0002154-L1167,CUST000156,PROD000167,West,web,1,162.46,placed,2026-03-13
ORD0002240,ORD0002240-L1202,CUST000047,PROD000202,Midwest,web,1,330.67,placed,2026-03-13
ORD0002240,ORD0002240-L1250,CUST000047,PROD000250,Southeast,mobile,1,371.97,placed,2026-03-13
ORD0002240,ORD0002240-L2182,CUST000047,PROD000182,West,web,2,545.6,placed,2026-03-13
ORD0002240,ORD0002240-L2229,CUST000047,PROD000229,Northeast,marketplace,2,115.04,placed,2026-03-13
ORD0002512,ORD0002512-L1187,CUST000026,PROD000187,Midwest,marketplace,1,94.33,placed,2026-03-13
ORD0002512,ORD0002512-L2059,CUST000026,PROD000059,Southeast,marketplace,2,50.9,placed,2026-03-13
ORD0002512,ORD0002512-L3218,CUST000026,PROD000218,West,marketplace,3,235.26,placed,2026-03-13
ORD0002536,ORD0002536-L1046,CUST000056,PROD000046,Southeast,mobile,1,224.8,placed,2026-03-13
ORD0002536,ORD0002536-L2067,CUST000056,PROD000067,West,store,2,336.72,placed,2026-03-13
ORD0002536,ORD0002536-L1212,CUST000056,PROD000212,Southeast,marketplace,1,204.78,placed,2026-03-13
ORD0002609,ORD0002609-L2173,CUST000402,PROD000173,Midwest,web,2,491.76,placed,2026-03-13
ORD0002612,ORD0002612-L2042,CUST000396,PROD000042,West,web,2,247.56,placed,2026-03-13
ORD0002612,ORD0002612-L3249,CUST000396,PROD000249,Southeast,mobile,3,347.97,placed,2026-03-13
ORD0002612,ORD0002612-L2140,CUST000396,PROD000140,Midwest,web,2,509.02,placed,2026-03-13
ORD0002612,ORD0002612-L1027,CUST000396,PROD000027,Southeast,marketplace,1,310.24,placed,2026-03-13
ORD0002672,ORD0002672-L1152,CUST000081,PROD000152,West,marketplace,1,329.9,placed,2026-03-13
ORD0002722,ORD0002722-L1180,CUST000196,PROD000180,West,mobile,1,372.15,placed,2026-03-13
ORD0002722,ORD0002722-L2176,CUST000196,PROD000176,Southeast,web,2,668.16,placed,2026-03-13
ORD0002722,ORD0002722-L2060,CUST000196,PROD000060,Southeast,marketplace,2,594.68,placed,2026-03-13
ORD0002746,ORD0002746-L2187,CUST000306,PROD000187,West,mobile,2,168.82,placed,2026-03-13
ORD0002918,ORD0002918-L3248,CUST000377,PROD000248,Southeast,marketplace,3,991.29,placed,2026-03-13
ORD0002918,ORD0002918-L1230,CUST000377,PROD000230,West,store,1,305.64,placed,2026-03-13
ORD0002918,ORD0002918-L3225,CUST000377,PROD000225,Midwest,web,3,1188.78,placed,2026-03-13
ORD0002928,ORD0002928-L2074,CUST000080,PROD000074,Southeast,store,2,507.16,placed,2026-03-13
ORD0002928,ORD0002928-L2105,CUST000080,PROD000105,Southeast,web,2,779.44,placed,2026-03-13
ORD0003016,ORD0003016-L1068,CUST000479,PROD000068,Northeast,mobile,1,129.01,placed,2026-03-13
ORD0003016,ORD0003016-L1117,CUST000479,PROD000117,Midwest,marketplace,1,409.16,placed,2026-03-13
ORD0003035,ORD0003035-L2125,CUST000153,PROD000125,Midwest,store,2,411.66,placed,2026-03-13
ORD0003035,ORD0003035-L1055,CUST000153,PROD000055,Southeast,store,1,297.05,placed,2026-03-13
ORD0003035,ORD0003035-L1172,CUST000153,PROD000172,Midwest,web,1,441.03,placed,2026-03-13
ORD0003064,ORD0003064-L1037,CUST000064,PROD000037,Southeast,marketplace,1,436.25,placed,2026-03-13
ORD0003064,ORD0003064-L1106,CUST000064,PROD000106,Midwest,marketplace,1,143.57,placed,2026-03-13
ORD0003099,ORD0003099-L1127,CUST000005,PROD000127,West,marketplace,1,97.2,placed,2026-03-13
ORD0003099,ORD0003099-L2094,CUST000005,PROD000094,Northeast,marketplace,2,153.74,placed,2026-03-13
ORD0003099,ORD0003099-L3246,CUST000005,PROD000246,Southeast,mobile,3,293.85,placed,2026-03-13
ORD0003099,ORD0003099-L2100,CUST000005,PROD000100,Southeast,mobile,2,367.94,placed,2026-03-13
ORD0003165,ORD0003165-L1021,CUST000169,PROD000021,West,marketplace,1,24.92,placed,2026-03-13
ORD0003165,ORD0003165-L3183,CUST000169,PROD000183,West,store,3,577.89,placed,2026-03-13
ORD0003427,ORD0003427-L2138,CUST000061,PROD000138,West,marketplace,2,649.98,placed,2026-03-13
ORD0003427,ORD0003427-L3215,CUST000061,PROD000215,Midwest,marketplace,3,705.45,placed,2026-03-13
ORD0003427,ORD0003427-L1022,CUST000061,PROD000022,Midwest,mobile,1,60.39,placed,2026-03-13
ORD0003427,ORD0003427-L2239,CUST000061,PROD000239,Midwest,mobile,2,660.74,placed,2026-03-13
ORD0003434,ORD0003434-L3151,CUST000220,PROD000151,West,web,3,1059.6,placed,2026-03-13
ORD0003434,ORD0003434-L2210,CUST000220,PROD000210,West,store,2,751.38,placed,2026-03-13
ORD0003434,ORD0003434-L3040,CUST000220,PROD000040,Northeast,mobile,3,92.55,placed,2026-03-13
ORD0003434,ORD0003434-L2237,CUST000220,PROD000237,West,web,2,456.02,placed,2026-03-13
ORD0003489,ORD0003489-L2083,CUST000231,PROD000083,West,web,2,432.96,placed,2026-03-13
ORD0003489,ORD0003489-L2027,CUST000231,PROD000027,West,mobile,2,653.14,placed,2026-03-13
ORD0003489,ORD0003489-L1017,CUST000231,PROD000017,Northeast,web,1,282.8,placed,2026-03-13
ORD0003489,ORD0003489-L2119,CUST000231,PROD000119,Midwest,mobile,2,663.38,placed,2026-03-13
ORD0003560,ORD0003560-L1065,CUST000296,PROD000065,West,store,1,62.84,placed,2026-03-13
ORD0003560,ORD0003560-L3126,CUST000296,PROD000126,Southeast,marketplace,3,798.33,placed,2026-03-13
ORD0003560,ORD0003560-L3198,CUST000296,PROD000198,West,store,3,1166.85,placed,2026-03-13
ORD0003560,ORD0003560-L3189,CUST000296,PROD000189,Southeast,mobile,3,286.11,placed,2026-03-13
ORD0003689,ORD0003689-L3054,CUST000308,PROD000054,Midwest,web,3,713.19,placed,2026-03-13
ORD0003689,ORD0003689-L1041,CUST000308,PROD000041,Midwest,marketplace,1,19.24,placed,2026-03-13
ORD0003713,ORD0003713-L2045,CUST000133,PROD000045,West,mobile,2,838.22,placed,2026-03-13
ORD0003713,ORD0003713-L2083,CUST000133,PROD000083,Northeast,marketplace,2,432.96,placed,2026-03-13
ORD0003785,ORD0003785-L1215,CUST000168,PROD000215,West,mobile,1,235.15,placed,2026-03-13
ORD0003878,ORD0003878-L3097,CUST000419,PROD000097,Southeast,marketplace,3,1071.27,placed,2026-03-13
ORD0003878,ORD0003878-L2039,CUST000419,PROD000039,Midwest,web,2,732.42,placed,2026-03-13
ORD0003878,ORD0003878-L3131,CUST000419,PROD000131,Northeast,mobile,3,495.09,placed,2026-03-13
ORD0003994,ORD0003994-L1103,CUST000129,PROD000103,Midwest,web,1,261.44,placed,2026-03-13
ORD0003994,ORD0003994-L2129,CUST000129,PROD000129,Southeast,web,2,239.18,placed,2026-03-13
ORD0003994,ORD0003994-L1028,CUST000129,PROD000028,Midwest,mobile,1,44.28,placed,2026-03-13
ORD0000247,ORD0000247-L2128,CUST000277,PROD000128,Southeast,store,2,65.06,placed,2026-03-14
ORD0000247,ORD0000247-L2140,CUST000277,PROD000140,Northeast,mobile,2,537.3,placed,2026-03-14
ORD0000257,ORD0000257-L1116,CUST000297,PROD000116,Southeast,web,1,240.91,placed,2026-03-14
ORD0000257,ORD0000257-L3034,CUST000297,PROD000034,Northeast,store,3,779.37,placed,2026-03-14
ORD0000275,ORD0000275-L2026,CUST000089,PROD000026,Southeast,web,2,177.06,placed,2026-03-14
ORD0000275,ORD0000275-L3110,CUST000089,PROD000110,Southeast,web,3,644.97,placed,2026-03-14
ORD0000275,ORD0000275-L2191,CUST000089,PROD000191,Midwest,store,2,679.72,placed,2026-03-14
ORD0000402,ORD0000402-L1175,CUST000486,PROD000175,Northeast,store,1,375.54,placed,2026-03-14
ORD0000462,ORD0000462-L2244,CUST000408,PROD000244,Southeast,mobile,2,822.82,placed,2026-03-14
ORD0000462,ORD0000462-L1250,CUST000408,PROD000250,Midwest,store,1,371.97,placed,2026-03-14
ORD0000462,ORD0000462-L3017,CUST000408,PROD000017,Midwest,web,3,893.04,placed,2026-03-14
ORD0000538,ORD0000538-L3110,CUST000020,PROD000110,Midwest,web,3,644.97,placed,2026-03-14
ORD0000538,ORD0000538-L1173,CUST000020,PROD000173,Southeast,web,1,232.94,placed,2026-03-14
ORD0000538,ORD0000538-L3118,CUST000020,PROD000118,Midwest,web,3,864.96,placed,2026-03-14
ORD0000634,ORD0000634-L1098,CUST000223,PROD000098,Southeast,store,1,437.25,placed,2026-03-14
ORD0000634,ORD0000634-L2052,CUST000223,PROD000052,Midwest,web,2,398.48,placed,2026-03-14
ORD0000634,ORD0000634-L2193,CUST000223,PROD000193,Midwest,store,2,982.26,placed,2026-03-14
ORD0000634,ORD0000634-L1062,CUST000223,PROD000062,Northeast,mobile,1,239.62,placed,2026-03-14
ORD0000658,ORD0000658-L2167,CUST000351,PROD000167,West,store,2,324.92,placed,2026-03-14
ORD0000658,ORD0000658-L1156,CUST000351,PROD000156,Midwest,marketplace,1,78.82,placed,2026-03-14
ORD0000658,ORD0000658-L2237,CUST000351,PROD000237,West,store,2,456.02,placed,2026-03-14
ORD0000658,ORD0000658-L2175,CUST000351,PROD000175,Northeast,web,2,751.08,placed,2026-03-14
ORD0000666,ORD0000666-L3217,CUST000293,PROD000217,Midwest,mobile,3,394.65,placed,2026-03-14
ORD0000666,ORD0000666-L2230,CUST000293,PROD000230,West,mobile,2,546.94,placed,2026-03-14
ORD0000666,ORD0000666-L3032,CUST000293,PROD000032,Southeast,marketplace,3,606.03,placed,2026-03-14
ORD0000666,ORD0000666-L2103,CUST000293,PROD000103,Southeast,marketplace,2,550.4,placed,2026-03-14
ORD0000743,ORD0000743-L2095,CUST000042,PROD000095,Midwest,marketplace,2,36.72,placed,2026-03-14
ORD0000743,ORD0000743-L3083,CUST000042,PROD000083,Southeast,store,3,649.44,placed,2026-03-14
ORD0000743,ORD0000743-L1112,CUST000042,PROD000112,West,web,1,261.78,placed,2026-03-14
ORD0000767,ORD0000767-L3071,CUST000205,PROD000071,Midwest,store,3,269.97,placed,2026-03-14
ORD0000842,ORD0000842-L3162,CUST000355,PROD000162,West,store,3,814.89,placed,2026-03-14
ORD0000842,ORD0000842-L2247,CUST000355,PROD000247,Midwest,store,2,651.56,placed,2026-03-14
ORD0000926,ORD0000926-L1025,CUST000165,PROD000025,Northeast,store,1,357.57,placed,2026-03-14
ORD0000926,ORD0000926-L3097,CUST000165,PROD000097,Southeast,mobile,3,1071.27,placed,2026-03-14
ORD0000926,ORD0000926-L1085,CUST000165,PROD000085,West,mobile,1,464.15,placed,2026-03-14
ORD0000926,ORD0000926-L1080,CUST000165,PROD000080,West,web,1,273.56,placed,2026-03-14
ORD0001079,ORD0001079-L1096,CUST000033,PROD000096,West,web,1,86.71,placed,2026-03-14
ORD0001079,ORD0001079-L1201,CUST000033,PROD000201,Northeast,store,1,368.5,placed,2026-03-14
ORD0001116,ORD0001116-L2069,CUST000283,PROD000069,Northeast,marketplace,2,258.7,placed,2026-03-14
ORD0001116,ORD0001116-L1163,CUST000283,PROD000163,Midwest,marketplace,1,375.96,placed,2026-03-14
ORD0001116,ORD0001116-L3161,CUST000283,PROD000161,Southeast,store,3,738.63,placed,2026-03-14
ORD0001142,ORD0001142-L2068,CUST000326,PROD000068,Midwest,mobile,2,272.36,placed,2026-03-14
ORD0001142,ORD0001142-L1005,CUST000326,PROD000005,Midwest,mobile,1,319.36,placed,2026-03-14
ORD0001142,ORD0001142-L1176,CUST000326,PROD000176,Southeast,web,1,352.64,placed,2026-03-14
ORD0001204,ORD0001204-L1097,CUST000499,PROD000097,Northeast,store,1,375.88,placed,2026-03-14
ORD0001204,ORD0001204-L2013,CUST000499,PROD000013,West,web,2,884.52,placed,2026-03-14
ORD0001229,ORD0001229-L2014,CUST000056,PROD000014,Midwest,marketplace,2,434.18,placed,2026-03-14
ORD0001229,ORD0001229-L3206,CUST000056,PROD000206,Northeast,store,3,1115.37,placed,2026-03-14
ORD0001229,ORD0001229-L1070,CUST000056,PROD000070,Midwest,web,1,238.08,placed,2026-03-14
ORD0001348,ORD0001348-L3072,CUST000429,PROD000072,Northeast,marketplace,3,674.79,placed,2026-03-14
ORD0001348,ORD0001348-L1128,CUST000429,PROD000128,Southeast,marketplace,1,34.24,placed,2026-03-14
ORD0001451,ORD0001451-L1114,CUST000100,PROD000114,Northeast,marketplace,1,418.37,placed,2026-03-14
ORD0001451,ORD0001451-L3212,CUST000100,PROD000212,Northeast,store,3,614.34,placed,2026-03-14
ORD0001451,ORD0001451-L1216,CUST000100,PROD000216,Northeast,marketplace,1,42.25,placed,2026-03-14
ORD0001451,ORD0001451-L3046,CUST000100,PROD000046,West,store,3,674.4,placed,2026-03-14
ORD0001498,ORD0001498-L1173,CUST000461,PROD000173,Midwest,store,1,232.94,placed,2026-03-14
ORD0001498,ORD0001498-L2075,CUST000461,PROD000075,Southeast,web,2,564.02,placed,2026-03-14
ORD0001498,ORD0001498-L2230,CUST000461,PROD000230,Southeast,store,2,579.12,placed,2026-03-14
ORD0001635,ORD0001635-L1022,CUST000494,PROD000022,Midwest,web,1,60.39,placed,2026-03-14
ORD0001682,ORD0001682-L1162,CUST000399,PROD000162,Midwest,web,1,319.57,placed,2026-03-14
ORD0001682,ORD0001682-L3010,CUST000399,PROD000010,Midwest,store,3,370.65,placed,2026-03-14
ORD0001682,ORD0001682-L3201,CUST000399,PROD000201,West,mobile,3,1050.21,placed,2026-03-14
ORD0001682,ORD0001682-L3149,CUST000399,PROD000149,Northeast,web,3,958.23,placed,2026-03-14
ORD0001710,ORD0001710-L1089,CUST000497,PROD000089,Southeast,web,1,31.56,placed,2026-03-14
ORD0001710,ORD0001710-L1172,CUST000497,PROD000172,Southeast,web,1,464.24,placed,2026-03-14
ORD0001710,ORD0001710-L2180,CUST000497,PROD000180,Northeast,store,2,669.88,placed,2026-03-14
ORD0001788,ORD0001788-L2069,CUST000279,PROD000069,Southeast,marketplace,2,258.7,placed,2026-03-14
ORD0001896,ORD0001896-L2002,CUST000166,PROD000002,Midwest,mobile,2,837.1,placed,2026-03-14
ORD0001896,ORD0001896-L3223,CUST000166,PROD000223,West,marketplace,3,818.49,placed,2026-03-14
ORD0001896,ORD0001896-L1130,CUST000166,PROD000130,Northeast,mobile,1,435.64,placed,2026-03-14
ORD0001968,ORD0001968-L3168,CUST000051,PROD000168,Southeast,marketplace,3,963.99,placed,2026-03-14
ORD0001968,ORD0001968-L2128,CUST000051,PROD000128,Northeast,store,2,68.48,placed,2026-03-14
ORD0001968,ORD0001968-L3173,CUST000051,PROD000173,West,web,3,660.0,placed,2026-03-14
ORD0002031,ORD0002031-L1124,CUST000317,PROD000124,West,marketplace,1,154.16,placed,2026-03-14
ORD0002031,ORD0002031-L2067,CUST000317,PROD000067,Midwest,mobile,2,303.04,placed,2026-03-14
ORD0002031,ORD0002031-L1007,CUST000317,PROD000007,Midwest,marketplace,1,364.94,placed,2026-03-14
ORD0002074,ORD0002074-L1028,CUST000074,PROD000028,West,store,1,52.1,placed,2026-03-14
ORD0002074,ORD0002074-L2149,CUST000074,PROD000149,West,mobile,2,574.94,placed,2026-03-14
ORD0002122,ORD0002122-L1100,CUST000014,PROD000100,West,web,1,165.57,placed,2026-03-14
ORD0002122,ORD0002122-L3102,CUST000014,PROD000102,Southeast,store,3,296.31,placed,2026-03-14
ORD0002122,ORD0002122-L2126,CUST000014,PROD000126,Southeast,marketplace,2,591.36,placed,2026-03-14
ORD0002122,ORD0002122-L2141,CUST000014,PROD000141,Midwest,marketplace,2,779.14,placed,2026-03-14
ORD0002168,ORD0002168-L3153,CUST000245,PROD000153,West,store,3,1075.05,placed,2026-03-14
ORD0002168,ORD0002168-L3187,CUST000245,PROD000187,Northeast,mobile,3,282.99,placed,2026-03-14
ORD0002504,ORD0002504-L2207,CUST000499,PROD000207,Southeast,mobile,2,26.94,placed,2026-03-14
ORD0002504,ORD0002504-L3160,CUST000499,PROD000160,Northeast,store,3,195.48,placed,2026-03-14
ORD0002513,ORD0002513-L3184,CUST000011,PROD000184,West,web,3,1010.31,placed,2026-03-14
ORD0002513,ORD0002513-L1225,CUST000011,PROD000225,West,mobile,1,418.28,placed,2026-03-14
ORD0002513,ORD0002513-L1027,CUST000011,PROD000027,Northeast,mobile,1,326.57,placed,2026-03-14
ORD0002513,ORD0002513-L2020,CUST000011,PROD000020,Northeast,mobile,2,877.72,placed,2026-03-14
ORD0002584,ORD0002584-L1052,CUST000016,PROD000052,Northeast,marketplace,1,179.32,placed,2026-03-14
ORD0002584,ORD0002584-L1117,CUST000016,PROD000117,Southeast,mobile,1,431.89,placed,2026-03-14
ORD0002584,ORD0002584-L1044,CUST000016,PROD000044,Southeast,marketplace,1,378.65,placed,2026-03-14
ORD0002584,ORD0002584-L2086,CUST000016,PROD000086,Northeast,store,2,884.06,placed,2026-03-14
ORD0002700,ORD0002700-L3039,CUST000140,PROD000039,Southeast,store,3,1159.65,placed,2026-03-14
ORD0002700,ORD0002700-L3204,CUST000140,PROD000204,West,web,3,1283.97,placed,2026-03-14
ORD0002700,ORD0002700-L2085,CUST000140,PROD000085,Northeast,web,2,881.88,placed,2026-03-14
ORD0002700,ORD0002700-L2088,CUST000140,PROD000088,West,store,2,458.04,placed,2026-03-14
ORD0002726,ORD0002726-L1058,CUST000385,PROD000058,Northeast,store,1,308.58,placed,2026-03-14
ORD0002726,ORD0002726-L2120,CUST000385,PROD000120,Midwest,store,2,144.2,placed,2026-03-14
ORD0002726,ORD0002726-L3125,CUST000385,PROD000125,Midwest,marketplace,3,586.62,placed,2026-03-14
ORD0002726,ORD0002726-L2054,CUST000385,PROD000054,West,store,2,475.46,placed,2026-03-14
ORD0002780,ORD0002780-L3129,CUST000298,PROD000129,Northeast,web,3,358.77,placed,2026-03-14
ORD0002780,ORD0002780-L2212,CUST000298,PROD000212,Northeast,mobile,2,389.08,placed,2026-03-14
ORD0002780,ORD0002780-L1102,CUST000298,PROD000102,Northeast,web,1,116.2,placed,2026-03-14
ORD0002857,ORD0002857-L1102,CUST000185,PROD000102,Midwest,store,1,104.58,placed,2026-03-14
ORD0002857,ORD0002857-L2008,CUST000185,PROD000008,Southeast,store,2,508.58,placed,2026-03-14
ORD0002857,ORD0002857-L1108,CUST000185,PROD000108,Northeast,mobile,1,259.31,placed,2026-03-14
ORD0002857,ORD0002857-L2104,CUST000185,PROD000104,West,mobile,2,656.32,placed,2026-03-14
ORD0002930,ORD0002930-L2157,CUST000174,PROD000157,Southeast,marketplace,2,551.48,placed,2026-03-14
ORD0002930,ORD0002930-L1068,CUST000174,PROD000068,Midwest,web,1,143.35,placed,2026-03-14
ORD0002930,ORD0002930-L3214,CUST000174,PROD000214,Northeast,mobile,3,388.17,placed,2026-03-14
ORD0002930,ORD0002930-L2198,CUST000174,PROD000198,Southeast,web,2,823.66,placed,2026-03-14
ORD0002976,ORD0002976-L1136,CUST000411,PROD000136,Midwest,mobile,1,106.18,placed,2026-03-14
ORD0002976,ORD0002976-L3100,CUST000411,PROD000100,West,mobile,3,551.91,placed,2026-03-14
ORD0002976,ORD0002976-L1176,CUST000411,PROD000176,Southeast,marketplace,1,371.2,placed,2026-03-14
ORD0002980,ORD0002980-L1121,CUST000483,PROD000121,Midwest,marketplace,1,314.29,placed,2026-03-14
ORD0002980,ORD0002980-L3035,CUST000483,PROD000035,Southeast,mobile,3,1461.69,placed,2026-03-14
ORD0002980,ORD0002980-L3169,CUST000483,PROD000169,Southeast,web,3,934.05,placed,2026-03-14
ORD0002980,ORD0002980-L2236,CUST000483,PROD000236,West,web,2,215.7,placed,2026-03-14
ORD0002995,ORD0002995-L3219,CUST000492,PROD000219,Northeast,web,3,1272.18,placed,2026-03-14
ORD0002995,ORD0002995-L2116,CUST000492,PROD000116,Midwest,mobile,2,481.82,placed,2026-03-14
ORD0002995,ORD0002995-L1191,CUST000492,PROD000191,Northeast,mobile,1,305.87,placed,2026-03-14
ORD0002995,ORD0002995-L2030,CUST000492,PROD000030,Northeast,web,2,142.18,placed,2026-03-14
ORD0003037,ORD0003037-L2167,CUST000233,PROD000167,Midwest,store,2,324.92,placed,2026-03-14
ORD0003037,ORD0003037-L3008,CUST000233,PROD000008,Northeast,marketplace,3,724.74,placed,2026-03-14
ORD0003037,ORD0003037-L1056,CUST000233,PROD000056,Midwest,mobile,1,84.18,placed,2026-03-14
ORD0003081,ORD0003081-L3080,CUST000317,PROD000080,Midwest,store,3,779.64,placed,2026-03-14
ORD0003092,ORD0003092-L3165,CUST000174,PROD000165,Southeast,web,3,1255.17,placed,2026-03-14
ORD0003092,ORD0003092-L1087,CUST000174,PROD000087,Southeast,marketplace,1,176.12,placed,2026-03-14
ORD0003209,ORD0003209-L3222,CUST000206,PROD000222,Northeast,web,3,558.6,placed,2026-03-14
ORD0003232,ORD0003232-L2121,CUST000365,PROD000121,Southeast,marketplace,2,597.16,placed,2026-03-14
ORD0003232,ORD0003232-L1047,CUST000365,PROD000047,Northeast,store,1,132.48,placed,2026-03-14
ORD0003232,ORD0003232-L3231,CUST000365,PROD000231,West,store,3,228.93,placed,2026-03-14
ORD0003330,ORD0003330-L2177,CUST000086,PROD000177,Midwest,mobile,2,67.96,placed,2026-03-14
ORD0003330,ORD0003330-L3136,CUST000086,PROD000136,West,mobile,3,353.94,placed,2026-03-14
ORD0003344,ORD0003344-L1214,CUST000097,PROD000214,West,mobile,1,129.39,placed,2026-03-14
ORD0003344,ORD0003344-L2007,CUST000097,PROD000007,Midwest,mobile,2,729.88,placed,2026-03-14
ORD0003380,ORD0003380-L1191,CUST000432,PROD000191,Midwest,web,1,339.86,placed,2026-03-14
ORD0003380,ORD0003380-L2107,CUST000432,PROD000107,West,mobile,2,856.16,placed,2026-03-14
ORD0003380,ORD0003380-L3070,CUST000432,PROD000070,Northeast,web,3,753.9,placed,2026-03-14
ORD0003412,ORD0003412-L2017,CUST000121,PROD000017,Northeast,mobile,2,535.82,placed,2026-03-14
ORD0003412,ORD0003412-L2217,CUST000121,PROD000217,West,web,2,263.1,placed,2026-03-14
ORD0003412,ORD0003412-L2228,CUST000121,PROD000228,Northeast,web,2,157.92,placed,2026-03-14
ORD0003412,ORD0003412-L3018,CUST000121,PROD000018,Midwest,marketplace,3,764.1,placed,2026-03-14
ORD0003414,ORD0003414-L1071,CUST000347,PROD000071,Northeast,marketplace,1,99.99,placed,2026-03-14
ORD0003414,ORD0003414-L3176,CUST000347,PROD000176,Midwest,mobile,3,1113.6,placed,2026-03-14
ORD0003414,ORD0003414-L1140,CUST000347,PROD000140,Midwest,mobile,1,254.51,placed,2026-03-14
ORD0003733,ORD0003733-L3056,CUST000349,PROD000056,Midwest,marketplace,3,239.25,placed,2026-03-14
ORD0003796,ORD0003796-L3225,CUST000235,PROD000225,Midwest,marketplace,3,1254.84,placed,2026-03-14
ORD0003796,ORD0003796-L1160,CUST000235,PROD000160,West,store,1,68.78,placed,2026-03-14
ORD0003796,ORD0003796-L2194,CUST000235,PROD000194,Northeast,store,2,368.72,placed,2026-03-14
ORD0003796,ORD0003796-L1005,CUST000235,PROD000005,West,mobile,1,303.39,placed,2026-03-14
ORD0003812,ORD0003812-L1083,CUST000379,PROD000083,Midwest,web,1,216.48,placed,2026-03-14
ORD0003812,ORD0003812-L2235,CUST000379,PROD000235,West,store,2,129.08,placed,2026-03-14
ORD0003812,ORD0003812-L1058,CUST000379,PROD000058,West,mobile,1,308.58,placed,2026-03-14
ORD0003812,ORD0003812-L3124,CUST000379,PROD000124,Southeast,marketplace,3,489.66,placed,2026-03-14
ORD0003836,ORD0003836-L2037,CUST000354,PROD000037,Midwest,store,2,872.5,placed,2026-03-14
ORD0003836,ORD0003836-L3110,CUST000354,PROD000110,Midwest,marketplace,3,611.04,placed,2026-03-14
ORD0003836,ORD0003836-L1212,CUST000354,PROD000212,West,mobile,1,184.3,placed,2026-03-14
ORD0000312,ORD0000312-L1162,CUST000087,PROD000162,West,mobile,1,287.61,placed,2026-03-15
ORD0000312,ORD0000312-L1002,CUST000087,PROD000002,Southeast,store,1,440.58,placed,2026-03-15
ORD0000327,ORD0000327-L2013,CUST000402,PROD000013,Southeast,web,2,884.52,placed,2026-03-15
ORD0000327,ORD0000327-L2178,CUST000402,PROD000178,Northeast,marketplace,2,451.16,placed,2026-03-15
ORD0000327,ORD0000327-L1029,CUST000402,PROD000029,West,marketplace,1,450.32,placed,2026-03-15
ORD0000327,ORD0000327-L1237,CUST000402,PROD000237,West,marketplace,1,228.01,placed,2026-03-15
ORD0000362,ORD0000362-L3068,CUST000271,PROD000068,Midwest,mobile,3,430.05,placed,2026-03-15
ORD0000362,ORD0000362-L1076,CUST000271,PROD000076,Northeast,store,1,67.83,placed,2026-03-15
ORD0000373,ORD0000373-L2188,CUST000434,PROD000188,West,web,2,63.62,placed,2026-03-15
ORD0000373,ORD0000373-L1049,CUST000434,PROD000049,Northeast,store,1,136.75,placed,2026-03-15
ORD0000425,ORD0000425-L3126,CUST000338,PROD000126,Northeast,web,3,798.33,placed,2026-03-15
ORD0000425,ORD0000425-L2093,CUST000338,PROD000093,Southeast,marketplace,2,745.82,placed,2026-03-15
ORD0000425,ORD0000425-L1205,CUST000338,PROD000205,Southeast,mobile,1,270.86,placed,2026-03-15
ORD0000425,ORD0000425-L2009,CUST000338,PROD000009,Northeast,store,2,726.02,placed,2026-03-15
ORD0000858,ORD0000858-L3078,CUST000045,PROD000078,West,marketplace,3,69.21,placed,2026-03-15
ORD0000858,ORD0000858-L3212,CUST000045,PROD000212,Midwest,mobile,3,522.18,placed,2026-03-15
ORD0000975,ORD0000975-L2213,CUST000062,PROD000213,Southeast,mobile,2,20.7,placed,2026-03-15
ORD0001082,ORD0001082-L1017,CUST000339,PROD000017,Northeast,store,1,282.8,placed,2026-03-15
ORD0001082,ORD0001082-L2193,CUST000339,PROD000193,Southeast,store,2,933.14,placed,2026-03-15
ORD0001082,ORD0001082-L3001,CUST000339,PROD000001,Southeast,marketplace,3,1142.58,placed,2026-03-15
ORD0001082,ORD0001082-L2199,CUST000339,PROD000199,Southeast,web,2,68.86,placed,2026-03-15
ORD0001101,ORD0001101-L3162,CUST000140,PROD000162,West,mobile,3,862.83,placed,2026-03-15
ORD0001159,ORD0001159-L2244,CUST000016,PROD000244,Midwest,mobile,2,866.12,placed,2026-03-15
ORD0001217,ORD0001217-L2067,CUST000251,PROD000067,Northeast,marketplace,2,336.72,placed,2026-03-15
ORD0001257,ORD0001257-L1235,CUST000335,PROD000235,Northeast,mobile,1,64.54,placed,2026-03-15
ORD0001257,ORD0001257-L1210,CUST000335,PROD000210,West,web,1,419.89,placed,2026-03-15
ORD0001257,ORD0001257-L1158,CUST000335,PROD000158,Midwest,mobile,1,98.14,placed,2026-03-15
ORD0001257,ORD0001257-L1169,CUST000335,PROD000169,Southeast,web,1,327.74,placed,2026-03-15
ORD0001328,ORD0001328-L1061,CUST000455,PROD000061,Northeast,web,1,319.32,placed,2026-03-15
ORD0001328,ORD0001328-L2238,CUST000455,PROD000238,Southeast,web,2,170.18,placed,2026-03-15
ORD0001328,ORD0001328-L1164,CUST000455,PROD000164,Southeast,store,1,15.93,placed,2026-03-15
ORD0001328,ORD0001328-L1040,CUST000455,PROD000040,Midwest,store,1,29.31,placed,2026-03-15
ORD0001376,ORD0001376-L3147,CUST000205,PROD000147,Southeast,marketplace,3,742.89,placed,2026-03-15
ORD0001376,ORD0001376-L3184,CUST000205,PROD000184,West,store,3,959.79,placed,2026-03-15
ORD0001376,ORD0001376-L1174,CUST000205,PROD000174,Midwest,web,1,323.28,placed,2026-03-15
ORD0001509,ORD0001509-L3119,CUST000120,PROD000119,Northeast,store,3,1047.45,placed,2026-03-15
ORD0001509,ORD0001509-L2025,CUST000120,PROD000025,Southeast,marketplace,2,715.14,placed,2026-03-15
ORD0001509,ORD0001509-L3072,CUST000120,PROD000072,Northeast,marketplace,3,749.76,placed,2026-03-15
ORD0001647,ORD0001647-L3150,CUST000037,PROD000150,Southeast,store,3,1264.26,placed,2026-03-15
ORD0001647,ORD0001647-L1177,CUST000037,PROD000177,Northeast,mobile,1,33.98,placed,2026-03-15
ORD0001655,ORD0001655-L2196,CUST000030,PROD000196,Northeast,marketplace,2,684.36,placed,2026-03-15
ORD0001754,ORD0001754-L1249,CUST000135,PROD000249,Southeast,marketplace,1,122.1,placed,2026-03-15
ORD0001754,ORD0001754-L2208,CUST000135,PROD000208,Midwest,web,2,182.24,placed,2026-03-15
ORD0001797,ORD0001797-L2170,CUST000317,PROD000170,West,marketplace,2,66.06,placed,2026-03-15
ORD0001797,ORD0001797-L3240,CUST000317,PROD000240,Southeast,marketplace,3,1150.08,placed,2026-03-15
ORD0001865,ORD0001865-L1250,CUST000142,PROD000250,Northeast,mobile,1,371.97,placed,2026-03-15
ORD0001953,ORD0001953-L3062,CUST000112,PROD000062,West,web,3,718.86,placed,2026-03-15
ORD0001953,ORD0001953-L1191,CUST000112,PROD000191,West,mobile,1,339.86,placed,2026-03-15
ORD0001953,ORD0001953-L1084,CUST000112,PROD000084,Northeast,marketplace,1,113.19,placed,2026-03-15
ORD0001953,ORD0001953-L2143,CUST000112,PROD000143,Northeast,store,2,662.56,placed,2026-03-15
ORD0001988,ORD0001988-L3157,CUST000445,PROD000157,Northeast,marketplace,3,785.85,placed,2026-03-15
ORD0001988,ORD0001988-L3174,CUST000445,PROD000174,West,mobile,3,921.36,placed,2026-03-15
ORD0002004,ORD0002004-L2093,CUST000274,PROD000093,Northeast,marketplace,2,828.68,placed,2026-03-15
ORD0002004,ORD0002004-L2011,CUST000274,PROD000011,Southeast,web,2,642.52,placed,2026-03-15
ORD0002004,ORD0002004-L3125,CUST000274,PROD000125,Northeast,web,3,555.75,placed,2026-03-15
ORD0002004,ORD0002004-L2174,CUST000274,PROD000174,Midwest,mobile,2,614.24,placed,2026-03-15
ORD0002086,ORD0002086-L2102,CUST000442,PROD000102,Midwest,mobile,2,220.78,placed,2026-03-15
ORD0002086,ORD0002086-L2196,CUST000442,PROD000196,West,mobile,2,760.4,placed,2026-03-15
ORD0002086,ORD0002086-L3081,CUST000442,PROD000081,West,marketplace,3,760.05,placed,2026-03-15
ORD0002086,ORD0002086-L2203,CUST000442,PROD000203,Midwest,store,2,671.9,placed,2026-03-15
ORD0002181,ORD0002181-L1160,CUST000181,PROD000160,Northeast,mobile,1,68.78,placed,2026-03-15
ORD0002185,ORD0002185-L1128,CUST000350,PROD000128,West,marketplace,1,34.24,placed,2026-03-15
ORD0002185,ORD0002185-L2158,CUST000350,PROD000158,Northeast,web,2,196.28,placed,2026-03-15
ORD0002268,ORD0002268-L3031,CUST000057,PROD000031,Southeast,web,3,264.63,placed,2026-03-15
ORD0002268,ORD0002268-L3002,CUST000057,PROD000002,Northeast,mobile,3,1321.74,placed,2026-03-15
ORD0002268,ORD0002268-L3001,CUST000057,PROD000001,Midwest,store,3,1206.06,placed,2026-03-15
ORD0002337,ORD0002337-L3246,CUST000107,PROD000246,Southeast,marketplace,3,293.85,placed,2026-03-15
ORD0002337,ORD0002337-L2058,CUST000107,PROD000058,West,store,2,586.3,placed,2026-03-15
ORD0002337,ORD0002337-L2109,CUST000107,PROD000109,West,marketplace,2,561.74,placed,2026-03-15
ORD0002337,ORD0002337-L3066,CUST000107,PROD000066,Southeast,store,3,1399.29,placed,2026-03-15
ORD0002351,ORD0002351-L3096,CUST000334,PROD000096,Northeast,web,3,260.13,placed,2026-03-15
ORD0002351,ORD0002351-L2139,CUST000334,PROD000139,Southeast,marketplace,2,735.5,placed,2026-03-15
ORD0002351,ORD0002351-L2200,CUST000334,PROD000200,Midwest,web,2,680.84,placed,2026-03-15
ORD0002525,ORD0002525-L2192,CUST000386,PROD000192,Southeast,store,2,863.26,placed,2026-03-15
ORD0002525,ORD0002525-L3029,CUST000386,PROD000029,Northeast,web,3,1350.96,placed,2026-03-15
ORD0002525,ORD0002525-L2024,CUST000386,PROD000024,Northeast,marketplace,2,446.78,placed,2026-03-15
ORD0002728,ORD0002728-L1206,CUST000485,PROD000206,Southeast,marketplace,1,413.1,placed,2026-03-15
ORD0002728,ORD0002728-L2164,CUST000485,PROD000164,Southeast,mobile,2,31.86,placed,2026-03-15
ORD0002811,ORD0002811-L2115,CUST000320,PROD000115,Midwest,marketplace,2,286.54,placed,2026-03-15
ORD0003006,ORD0003006-L3145,CUST000323,PROD000145,West,store,3,321.27,placed,2026-03-15
ORD0003006,ORD0003006-L1165,CUST000323,PROD000165,Midwest,marketplace,1,440.41,placed,2026-03-15
ORD0003006,ORD0003006-L1062,CUST000323,PROD000062,Northeast,marketplace,1,239.62,placed,2026-03-15
ORD0003006,ORD0003006-L1111,CUST000323,PROD000111,Northeast,web,1,15.07,placed,2026-03-15
ORD0003024,ORD0003024-L1020,CUST000034,PROD000020,Southeast,web,1,438.86,placed,2026-03-15
ORD0003181,ORD0003181-L3180,CUST000007,PROD000180,Northeast,marketplace,3,1116.45,placed,2026-03-15
ORD0003181,ORD0003181-L2068,CUST000007,PROD000068,Northeast,mobile,2,272.36,placed,2026-03-15
ORD0003181,ORD0003181-L2017,CUST000007,PROD000017,Midwest,mobile,2,535.82,placed,2026-03-15
ORD0003210,ORD0003210-L2170,CUST000338,PROD000170,Southeast,marketplace,2,62.76,placed,2026-03-15
ORD0003371,ORD0003371-L3069,CUST000146,PROD000069,West,store,3,367.62,placed,2026-03-15
ORD0003371,ORD0003371-L1144,CUST000146,PROD000144,Midwest,marketplace,1,349.72,placed,2026-03-15
ORD0003371,ORD0003371-L2049,CUST000146,PROD000049,Midwest,marketplace,2,273.5,placed,2026-03-15
ORD0003417,ORD0003417-L3200,CUST000003,PROD000200,West,mobile,3,967.53,placed,2026-03-15
ORD0003417,ORD0003417-L3222,CUST000003,PROD000222,West,web,3,558.6,placed,2026-03-15
ORD0003433,ORD0003433-L3168,CUST000306,PROD000168,West,marketplace,3,915.78,placed,2026-03-15
ORD0003433,ORD0003433-L2201,CUST000306,PROD000201,Midwest,mobile,2,737.0,placed,2026-03-15
ORD0003433,ORD0003433-L3128,CUST000306,PROD000128,Southeast,store,3,87.3,placed,2026-03-15
ORD0003438,ORD0003438-L3230,CUST000019,PROD000230,Midwest,marketplace,3,965.19,placed,2026-03-15
ORD0003438,ORD0003438-L1121,CUST000019,PROD000121,Midwest,marketplace,1,282.86,placed,2026-03-15
ORD0003438,ORD0003438-L2141,CUST000019,PROD000141,Midwest,store,2,701.22,placed,2026-03-15
ORD0003438,ORD0003438-L2213,CUST000019,PROD000213,Southeast,store,2,21.78,placed,2026-03-15
ORD0003532,ORD0003532-L3247,CUST000048,PROD000247,Southeast,marketplace,3,1085.94,placed,2026-03-15
ORD0003532,ORD0003532-L3075,CUST000048,PROD000075,Midwest,web,3,801.51,placed,2026-03-15
ORD0003532,ORD0003532-L3135,CUST000048,PROD000135,Northeast,web,3,597.72,placed,2026-03-15
ORD0003618,ORD0003618-L1210,CUST000183,PROD000210,West,web,1,441.99,placed,2026-03-15
ORD0003618,ORD0003618-L2226,CUST000183,PROD000226,West,web,2,453.02,placed,2026-03-15
ORD0003618,ORD0003618-L3011,CUST000183,PROD000011,Midwest,store,3,915.6,placed,2026-03-15
ORD0003907,ORD0003907-L1076,CUST000395,PROD000076,West,web,1,64.44,placed,2026-03-15
ORD0003907,ORD0003907-L1086,CUST000395,PROD000086,Midwest,marketplace,1,465.29,placed,2026-03-15
ORD0003930,ORD0003930-L1018,CUST000034,PROD000018,Northeast,store,1,268.85,placed,2026-03-15
ORD0003977,ORD0003977-L2035,CUST000498,PROD000035,Southeast,store,2,877.02,placed,2026-03-15
ORD0003977,ORD0003977-L1107,CUST000498,PROD000107,West,store,1,428.08,placed,2026-03-15
ORD0000183,ORD0000183-L3124,CUST000143,PROD000124,Midwest,store,3,462.48,placed,2026-03-16
ORD0000183,ORD0000183-L1214,CUST000143,PROD000214,Midwest,store,1,116.45,placed,2026-03-16
ORD0000183,ORD0000183-L2161,CUST000143,PROD000161,Southeast,web,2,492.42,placed,2026-03-16
ORD0000183,ORD0000183-L2207,CUST000143,PROD000207,West,web,2,28.36,placed,2026-03-16
ORD0000210,ORD0000210-L1202,CUST000002,PROD000202,Southeast,marketplace,1,389.02,placed,2026-03-16
ORD0000210,ORD0000210-L1057,CUST000002,PROD000057,West,web,1,401.58,placed,2026-03-16
ORD0000216,ORD0000216-L1240,CUST000053,PROD000240,Northeast,mobile,1,383.36,placed,2026-03-16
ORD0000216,ORD0000216-L3134,CUST000053,PROD000134,Midwest,web,3,1107.36,placed,2026-03-16
ORD0000216,ORD0000216-L1058,CUST000053,PROD000058,Midwest,store,1,277.72,placed,2026-03-16
ORD0000216,ORD0000216-L1176,CUST000053,PROD000176,Southeast,store,1,371.2,placed,2026-03-16
ORD0000303,ORD0000303-L2164,CUST000267,PROD000164,Northeast,marketplace,2,30.18,placed,2026-03-16
ORD0000303,ORD0000303-L3181,CUST000267,PROD000181,Southeast,marketplace,3,115.47,placed,2026-03-16
ORD0000385,ORD0000385-L1181,CUST000336,PROD000181,Midwest,mobile,1,40.63,placed,2026-03-16
ORD0000385,ORD0000385-L3241,CUST000336,PROD000241,Southeast,store,3,195.96,placed,2026-03-16
ORD0000385,ORD0000385-L3018,CUST000336,PROD000018,Southeast,store,3,849.0,placed,2026-03-16
ORD0000385,ORD0000385-L1071,CUST000336,PROD000071,West,mobile,1,99.99,placed,2026-03-16
ORD0000429,ORD0000429-L1092,CUST000406,PROD000092,Northeast,marketplace,1,471.5,placed,2026-03-16
ORD0000429,ORD0000429-L2215,CUST000406,PROD000215,Southeast,marketplace,2,470.3,placed,2026-03-16
ORD0000429,ORD0000429-L2118,CUST000406,PROD000118,Midwest,web,2,576.64,placed,2026-03-16
ORD0000429,ORD0000429-L1214,CUST000406,PROD000214,Midwest,marketplace,1,129.39,placed,2026-03-16
ORD0000431,ORD0000431-L1224,CUST000015,PROD000224,Northeast,web,1,365.14,placed,2026-03-16
ORD0000431,ORD0000431-L3088,CUST000015,PROD000088,Southeast,mobile,3,687.06,placed,2026-03-16
ORD0000449,ORD0000449-L1148,CUST000488,PROD000148,Southeast,web,1,141.55,placed,2026-03-16
ORD0000449,ORD0000449-L1106,CUST000488,PROD000106,Midwest,web,1,136.39,placed,2026-03-16
ORD0000466,ORD0000466-L1209,CUST000200,PROD000209,West,mobile,1,142.24,placed,2026-03-16
ORD0000466,ORD0000466-L2037,CUST000200,PROD000037,Northeast,web,2,872.5,placed,2026-03-16
ORD0000470,ORD0000470-L2085,CUST000244,PROD000085,Midwest,marketplace,2,835.48,placed,2026-03-16
ORD0000470,ORD0000470-L1146,CUST000244,PROD000146,Southeast,web,1,360.8,placed,2026-03-16
ORD0000470,ORD0000470-L3107,CUST000244,PROD000107,Midwest,marketplace,3,1284.24,placed,2026-03-16
ORD0000470,ORD0000470-L3191,CUST000244,PROD000191,Midwest,mobile,3,1019.58,placed,2026-03-16
ORD0000550,ORD0000550-L1085,CUST000077,PROD000085,West,web,1,417.74,placed,2026-03-16
ORD0000550,ORD0000550-L3105,CUST000077,PROD000105,Southeast,marketplace,3,1110.69,placed,2026-03-16
ORD0000581,ORD0000581-L1015,CUST000426,PROD000015,Midwest,web,1,298.14,placed,2026-03-16
ORD0000581,ORD0000581-L3207,CUST000426,PROD000207,Southeast,marketplace,3,42.54,placed,2026-03-16
ORD0000581,ORD0000581-L3012,CUST000426,PROD000012,Southeast,web,3,1327.68,placed,2026-03-16
ORD0000581,ORD0000581-L3154,CUST000426,PROD000154,Southeast,store,3,951.6,placed,2026-03-16
ORD0000718,ORD0000718-L1170,CUST000143,PROD000170,Northeast,store,1,31.38,placed,2026-03-16
ORD0000718,ORD0000718-L1160,CUST000143,PROD000160,Midwest,mobile,1,72.4,placed,2026-03-16
ORD0000718,ORD0000718-L1100,CUST000143,PROD000100,Midwest,mobile,1,183.97,placed,2026-03-16
ORD0000797,ORD0000797-L1055,CUST000029,PROD000055,Northeast,marketplace,1,297.05,placed,2026-03-16
ORD0000797,ORD0000797-L3198,CUST000029,PROD000198,Northeast,store,3,1372.77,placed,2026-03-16
ORD0000797,ORD0000797-L2233,CUST000029,PROD000233,West,web,2,733.6,placed,2026-03-16
ORD0000797,ORD0000797-L3050,CUST000029,PROD000050,Midwest,mobile,3,979.86,placed,2026-03-16
ORD0000959,ORD0000959-L2069,CUST000311,PROD000069,West,mobile,2,258.7,placed,2026-03-16
ORD0000959,ORD0000959-L3158,CUST000311,PROD000158,Northeast,marketplace,3,264.99,placed,2026-03-16
ORD0000959,ORD0000959-L3221,CUST000311,PROD000221,Midwest,mobile,3,613.71,placed,2026-03-16
ORD0000959,ORD0000959-L3148,CUST000311,PROD000148,Southeast,store,3,382.2,placed,2026-03-16
ORD0000978,ORD0000978-L1160,CUST000368,PROD000160,Midwest,web,1,72.4,placed,2026-03-16
ORD0000979,ORD0000979-L1143,CUST000429,PROD000143,Northeast,mobile,1,331.28,placed,2026-03-16
ORD0000979,ORD0000979-L1183,CUST000429,PROD000183,Southeast,store,1,173.37,placed,2026-03-16
ORD0001058,ORD0001058-L2029,CUST000252,PROD000029,Midwest,marketplace,2,948.04,placed,2026-03-16
ORD0001106,ORD0001106-L2239,CUST000328,PROD000239,Midwest,store,2,695.52,placed,2026-03-16
ORD0001112,ORD0001112-L3091,CUST000292,PROD000091,Midwest,store,3,540.48,placed,2026-03-16
ORD0001112,ORD0001112-L2128,CUST000292,PROD000128,West,store,2,65.06,placed,2026-03-16
ORD0001112,ORD0001112-L2063,CUST000292,PROD000063,West,marketplace,2,656.48,placed,2026-03-16
ORD0001112,ORD0001112-L2020,CUST000292,PROD000020,Southeast,web,2,877.72,placed,2026-03-16
ORD0001355,ORD0001355-L3242,CUST000316,PROD000242,Southeast,mobile,3,1096.29,placed,2026-03-16
ORD0001355,ORD0001355-L3241,CUST000316,PROD000241,Northeast,marketplace,3,195.96,placed,2026-03-16
ORD0001410,ORD0001410-L1131,CUST000150,PROD000131,Southeast,marketplace,1,156.78,placed,2026-03-16
ORD0001488,ORD0001488-L1192,CUST000156,PROD000192,Midwest,web,1,479.59,placed,2026-03-16
ORD0001488,ORD0001488-L3007,CUST000156,PROD000007,Northeast,store,3,985.35,placed,2026-03-16
ORD0001488,ORD0001488-L2014,CUST000156,PROD000014,Northeast,web,2,412.48,placed,2026-03-16
ORD0001531,ORD0001531-L1247,CUST000052,PROD000247,Midwest,store,1,361.98,placed,2026-03-16
ORD0001531,ORD0001531-L1138,CUST000052,PROD000138,Midwest,mobile,1,324.99,placed,2026-03-16
ORD0001543,ORD0001543-L1224,CUST000367,PROD000224,West,web,1,384.36,placed,2026-03-16
ORD0001565,ORD0001565-L2087,CUST000072,PROD000087,Southeast,store,2,333.7,placed,2026-03-16
ORD0001565,ORD0001565-L3215,CUST000072,PROD000215,West,marketplace,3,670.17,placed,2026-03-16
ORD0001579,ORD0001579-L3044,CUST000300,PROD000044,West,marketplace,3,1135.95,placed,2026-03-16
ORD0001579,ORD0001579-L2037,CUST000300,PROD000037,Northeast,mobile,2,872.5,placed,2026-03-16
ORD0001579,ORD0001579-L3238,CUST000300,PROD000238,Northeast,mobile,3,269.46,placed,2026-03-16
ORD0001579,ORD0001579-L3227,CUST000300,PROD000227,Midwest,web,3,1203.54,placed,2026-03-16
ORD0001602,ORD0001602-L2206,CUST000237,PROD000206,Southeast,web,2,784.88,placed,2026-03-16
ORD0001602,ORD0001602-L3046,CUST000237,PROD000046,Northeast,mobile,3,749.34,placed,2026-03-16
ORD0001666,ORD0001666-L3244,CUST000349,PROD000244,West,web,3,1234.23,placed,2026-03-16
ORD0001666,ORD0001666-L1180,CUST000349,PROD000180,Southeast,marketplace,1,372.15,placed,2026-03-16
ORD0001666,ORD0001666-L1189,CUST000349,PROD000189,Northeast,store,1,95.37,placed,2026-03-16
ORD0001666,ORD0001666-L1081,CUST000349,PROD000081,Midwest,mobile,1,240.68,placed,2026-03-16
ORD0001669,ORD0001669-L3149,CUST000012,PROD000149,Southeast,web,3,958.23,placed,2026-03-16
ORD0001669,ORD0001669-L1099,CUST000012,PROD000099,Northeast,web,1,381.28,placed,2026-03-16
ORD0001669,ORD0001669-L2112,CUST000012,PROD000112,West,marketplace,2,523.56,placed,2026-03-16
ORD0001669,ORD0001669-L1244,CUST000012,PROD000244,West,marketplace,1,411.41,placed,2026-03-16
ORD0001838,ORD0001838-L1231,CUST000111,PROD000231,Northeast,marketplace,1,68.68,placed,2026-03-16
ORD0001838,ORD0001838-L3238,CUST000111,PROD000238,Northeast,web,3,283.65,placed,2026-03-16
ORD0001838,ORD0001838-L1054,CUST000111,PROD000054,Northeast,web,1,225.84,placed,2026-03-16
ORD0001943,ORD0001943-L1239,CUST000207,PROD000239,West,web,1,330.37,placed,2026-03-16
ORD0001943,ORD0001943-L2032,CUST000207,PROD000032,Northeast,web,2,381.58,placed,2026-03-16
ORD0001943,ORD0001943-L3139,CUST000207,PROD000139,Northeast,store,3,1168.14,placed,2026-03-16
ORD0001994,ORD0001994-L1046,CUST000473,PROD000046,Midwest,marketplace,1,237.29,placed,2026-03-16
ORD0001994,ORD0001994-L1230,CUST000473,PROD000230,West,store,1,321.73,placed,2026-03-16
ORD0001994,ORD0001994-L2191,CUST000473,PROD000191,Southeast,mobile,2,645.74,placed,2026-03-16
ORD0002145,ORD0002145-L2225,CUST000082,PROD000225,Southeast,mobile,2,880.58,placed,2026-03-16
ORD0002377,ORD0002377-L2192,CUST000324,PROD000192,West,marketplace,2,863.26,placed,2026-03-16
ORD0002377,ORD0002377-L3186,CUST000324,PROD000186,Southeast,marketplace,3,1008.36,placed,2026-03-16
ORD0002377,ORD0002377-L1058,CUST000324,PROD000058,Southeast,marketplace,1,308.58,placed,2026-03-16
ORD0002440,ORD0002440-L2005,CUST000005,PROD000005,Northeast,marketplace,2,638.72,placed,2026-03-16
ORD0002440,ORD0002440-L2146,CUST000005,PROD000146,Midwest,web,2,721.6,placed,2026-03-16
ORD0002509,ORD0002509-L3053,CUST000376,PROD000053,Midwest,web,3,679.95,placed,2026-03-16
ORD0002509,ORD0002509-L1225,CUST000376,PROD000225,Northeast,mobile,1,440.29,placed,2026-03-16
ORD0002554,ORD0002554-L1085,CUST000435,PROD000085,Midwest,mobile,1,464.15,placed,2026-03-16
ORD0002554,ORD0002554-L3043,CUST000435,PROD000043,Southeast,mobile,3,388.05,placed,2026-03-16
ORD0002554,ORD0002554-L2090,CUST000435,PROD000090,West,mobile,2,260.42,placed,2026-03-16
ORD0003141,ORD0003141-L1188,CUST000334,PROD000188,West,store,1,33.48,placed,2026-03-16
ORD0003141,ORD0003141-L2084,CUST000334,PROD000084,Southeast,mobile,2,215.06,placed,2026-03-16
ORD0003141,ORD0003141-L1027,CUST000334,PROD000027,Midwest,web,1,293.91,placed,2026-03-16
ORD0003141,ORD0003141-L3130,CUST000334,PROD000130,Northeast,marketplace,3,1306.92,placed,2026-03-16
ORD0003250,ORD0003250-L3102,CUST000427,PROD000102,Northeast,marketplace,3,313.74,placed,2026-03-16
ORD0003250,ORD0003250-L2042,CUST000427,PROD000042,Southeast,marketplace,2,235.18,placed,2026-03-16
ORD0003250,ORD0003250-L3155,CUST000427,PROD000155,Northeast,store,3,506.52,placed,2026-03-16
ORD0003250,ORD0003250-L1135,CUST000427,PROD000135,Southeast,marketplace,1,189.28,placed,2026-03-16
ORD0003408,ORD0003408-L1033,CUST000357,PROD000033,Northeast,marketplace,1,349.29,placed,2026-03-16
ORD0003408,ORD0003408-L2125,CUST000357,PROD000125,Midwest,web,2,349.92,placed,2026-03-16
ORD0003408,ORD0003408-L3037,CUST000357,PROD000037,Northeast,mobile,3,1308.75,placed,2026-03-16
ORD0003408,ORD0003408-L1174,CUST000357,PROD000174,Northeast,store,1,323.28,placed,2026-03-16
ORD0003493,ORD0003493-L2189,CUST000295,PROD000189,Midwest,marketplace,2,190.74,placed,2026-03-16
ORD0003493,ORD0003493-L2232,CUST000295,PROD000232,Midwest,store,2,263.66,placed,2026-03-16
ORD0003495,ORD0003495-L3230,CUST000183,PROD000230,West,marketplace,3,965.19,placed,2026-03-16
ORD0003495,ORD0003495-L1053,CUST000183,PROD000053,West,web,1,192.65,placed,2026-03-16
ORD0003516,ORD0003516-L2011,CUST000334,PROD000011,Midwest,mobile,2,610.4,placed,2026-03-16
ORD0003516,ORD0003516-L2136,CUST000334,PROD000136,West,web,2,200.56,placed,2026-03-16
ORD0003516,ORD0003516-L2204,CUST000334,PROD000204,Northeast,marketplace,2,855.98,placed,2026-03-16
ORD0003516,ORD0003516-L1217,CUST000334,PROD000217,Southeast,web,1,131.55,placed,2026-03-16
ORD0003636,ORD0003636-L2064,CUST000314,PROD000064,Southeast,marketplace,2,624.22,placed,2026-03-16
ORD0003636,ORD0003636-L1164,CUST000314,PROD000164,Southeast,marketplace,1,15.93,placed,2026-03-16
ORD0003636,ORD0003636-L1105,CUST000314,PROD000105,West,marketplace,1,370.23,placed,2026-03-16
ORD0003702,ORD0003702-L1193,CUST000099,PROD000193,Northeast,marketplace,1,491.13,placed,2026-03-16
ORD0003702,ORD0003702-L2029,CUST000099,PROD000029,Midwest,web,2,948.04,placed,2026-03-16
ORD0003702,ORD0003702-L3160,CUST000099,PROD000160,Northeast,marketplace,3,217.2,placed,2026-03-16
ORD0003702,ORD0003702-L2096,CUST000099,PROD000096,Northeast,web,2,204.02,placed,2026-03-16
ORD0003756,ORD0003756-L2230,CUST000405,PROD000230,Midwest,mobile,2,611.28,placed,2026-03-16
ORD0003756,ORD0003756-L3121,CUST000405,PROD000121,Midwest,marketplace,3,848.58,placed,2026-03-16
ORD0003756,ORD0003756-L3192,CUST000405,PROD000192,West,mobile,3,1294.89,placed,2026-03-16
ORD0003756,ORD0003756-L3232,CUST000405,PROD000232,Northeast,store,3,395.49,placed,2026-03-16
ORD0003777,ORD0003777-L2220,CUST000396,PROD000220,Midwest,mobile,2,844.44,placed,2026-03-16
ORD0003777,ORD0003777-L1169,CUST000396,PROD000169,Southeast,marketplace,1,327.74,placed,2026-03-16
ORD0003777,ORD0003777-L1216,CUST000396,PROD000216,Southeast,web,1,44.73,placed,2026-03-16
ORD0003797,ORD0003797-L1197,CUST000309,PROD000197,Midwest,web,1,428.44,placed,2026-03-16
ORD0003797,ORD0003797-L3035,CUST000309,PROD000035,West,mobile,3,1461.69,placed,2026-03-16
ORD0003797,ORD0003797-L1102,CUST000309,PROD000102,Northeast,store,1,104.58,placed,2026-03-16
ORD0003797,ORD0003797-L2033,CUST000309,PROD000033,Northeast,mobile,2,776.2,placed,2026-03-16
ORD0003820,ORD0003820-L3186,CUST000117,PROD000186,West,mobile,3,1008.36,placed,2026-03-16
ORD0003936,ORD0003936-L2205,CUST000051,PROD000205,Southeast,web,2,601.92,placed,2026-03-16
ORD0003936,ORD0003936-L3199,CUST000051,PROD000199,Midwest,store,3,97.86,placed,2026-03-16
ORD0003936,ORD0003936-L3229,CUST000051,PROD000229,Midwest,web,3,172.56,placed,2026-03-16
ORD0003968,ORD0003968-L3179,CUST000136,PROD000179,Southeast,store,3,679.98,placed,2026-03-16
ORD0000262,ORD0000262-L3070,CUST000286,PROD000070,Northeast,mobile,3,753.9,placed,2026-03-17
ORD0000262,ORD0000262-L1188,CUST000286,PROD000188,Northeast,web,1,30.13,placed,2026-03-17
ORD0000262,ORD0000262-L2074,CUST000286,PROD000074,Northeast,web,2,535.32,placed,2026-03-17
ORD0000315,ORD0000315-L1079,CUST000029,PROD000079,West,mobile,1,347.1,placed,2026-03-17
ORD0000315,ORD0000315-L1132,CUST000029,PROD000132,Southeast,mobile,1,343.87,placed,2026-03-17
ORD0000440,ORD0000440-L1172,CUST000148,PROD000172,Midwest,mobile,1,417.82,placed,2026-03-17
ORD0000490,ORD0000490-L1222,CUST000195,PROD000222,West,mobile,1,186.2,placed,2026-03-17
ORD0000490,ORD0000490-L3083,CUST000195,PROD000083,Southeast,marketplace,3,649.44,placed,2026-03-17
ORD0000514,ORD0000514-L1027,CUST000491,PROD000027,West,marketplace,1,326.57,placed,2026-03-17
ORD0000562,ORD0000562-L1014,CUST000236,PROD000014,Northeast,mobile,1,217.09,placed,2026-03-17
ORD0000562,ORD0000562-L2066,CUST000236,PROD000066,Northeast,web,2,932.86,placed,2026-03-17
ORD0000680,ORD0000680-L3131,CUST000323,PROD000131,Midwest,mobile,3,495.09,placed,2026-03-17
ORD0000680,ORD0000680-L1026,CUST000323,PROD000026,Northeast,marketplace,1,79.68,placed,2026-03-17
ORD0000766,ORD0000766-L3140,CUST000045,PROD000140,Northeast,marketplace,3,721.11,placed,2026-03-17
ORD0000766,ORD0000766-L3031,CUST000045,PROD000031,Northeast,web,3,294.03,placed,2026-03-17
ORD0000766,ORD0000766-L1162,CUST000045,PROD000162,West,marketplace,1,287.61,placed,2026-03-17
ORD0000819,ORD0000819-L2231,CUST000403,PROD000231,Southeast,web,2,152.62,placed,2026-03-17
ORD0000827,ORD0000827-L2157,CUST000231,PROD000157,West,mobile,2,523.9,placed,2026-03-17
ORD0000831,ORD0000831-L3002,CUST000279,PROD000002,Southeast,marketplace,3,1321.74,placed,2026-03-17
ORD0000831,ORD0000831-L2118,CUST000279,PROD000118,West,web,2,576.64,placed,2026-03-17
ORD0000831,ORD0000831-L1008,CUST000279,PROD000008,Northeast,marketplace,1,254.29,placed,2026-03-17
ORD0000831,ORD0000831-L1128,CUST000279,PROD000128,Southeast,store,1,29.1,placed,2026-03-17
ORD0000933,ORD0000933-L1138,CUST000200,PROD000138,West,store,1,308.74,placed,2026-03-17
ORD0000933,ORD0000933-L3061,CUST000200,PROD000061,Northeast,mobile,3,957.96,placed,2026-03-17
ORD0000933,ORD0000933-L2230,CUST000200,PROD000230,Midwest,web,2,611.28,placed,2026-03-17
ORD0000933,ORD0000933-L3071,CUST000200,PROD000071,Northeast,marketplace,3,299.97,placed,2026-03-17
ORD0000991,ORD0000991-L1083,CUST000387,PROD000083,Northeast,web,1,205.66,placed,2026-03-17
ORD0001162,ORD0001162-L2023,CUST000060,PROD000023,Northeast,marketplace,2,61.02,placed,2026-03-17
ORD0001162,ORD0001162-L1034,CUST000060,PROD000034,Midwest,store,1,290.36,placed,2026-03-17
ORD0001202,ORD0001202-L1074,CUST000457,PROD000074,Northeast,store,1,253.58,placed,2026-03-17
ORD0001202,ORD0001202-L2234,CUST000457,PROD000234,Northeast,store,2,844.32,placed,2026-03-17
ORD0001236,ORD0001236-L1181,CUST000277,PROD000181,Midwest,mobile,1,40.63,placed,2026-03-17
ORD0001236,ORD0001236-L2084,CUST000277,PROD000084,Midwest,web,2,226.38,placed,2026-03-17
ORD0001267,ORD0001267-L2246,CUST000099,PROD000246,Midwest,store,2,195.9,placed,2026-03-17
ORD0001267,ORD0001267-L2184,CUST000099,PROD000184,Northeast,store,2,606.18,placed,2026-03-17
ORD0001267,ORD0001267-L2020,CUST000099,PROD000020,Northeast,web,2,975.24,placed,2026-03-17
ORD0001267,ORD0001267-L3245,CUST000099,PROD000245,Midwest,marketplace,3,222.18,placed,2026-03-17
ORD0001324,ORD0001324-L1140,CUST000178,PROD000140,Northeast,web,1,254.51,placed,2026-03-17
ORD0001459,ORD0001459-L3219,CUST000230,PROD000219,Midwest,mobile,3,1272.18,placed,2026-03-17
ORD0001459,ORD0001459-L3054,CUST000230,PROD000054,Northeast,marketplace,3,677.52,placed,2026-03-17
ORD0001459,ORD0001459-L2040,CUST000230,PROD000040,West,web,2,58.62,placed,2026-03-17
ORD0001459,ORD0001459-L2112,CUST000230,PROD000112,West,mobile,2,523.56,placed,2026-03-17
ORD0001758,ORD0001758-L2215,CUST000474,PROD000215,Northeast,marketplace,2,470.3,placed,2026-03-17
ORD0001758,ORD0001758-L1234,CUST000474,PROD000234,Midwest,mobile,1,445.62,placed,2026-03-17
ORD0001927,ORD0001927-L1171,CUST000001,PROD000171,Midwest,marketplace,1,198.19,placed,2026-03-17
ORD0002082,ORD0002082-L2168,CUST000152,PROD000168,Midwest,store,2,642.66,placed,2026-03-17
ORD0002082,ORD0002082-L3109,CUST000152,PROD000109,Midwest,marketplace,3,842.61,placed,2026-03-17
ORD0002082,ORD0002082-L3222,CUST000152,PROD000222,Northeast,web,3,502.74,placed,2026-03-17
ORD0002082,ORD0002082-L1047,CUST000152,PROD000047,Midwest,store,1,125.5,placed,2026-03-17
ORD0002120,ORD0002120-L2199,CUST000144,PROD000199,Northeast,mobile,2,65.24,placed,2026-03-17
ORD0002120,ORD0002120-L1009,CUST000144,PROD000009,Southeast,web,1,363.01,placed,2026-03-17
ORD0002120,ORD0002120-L1042,CUST000144,PROD000042,Southeast,store,1,123.78,placed,2026-03-17
ORD0002219,ORD0002219-L1137,CUST000375,PROD000137,Southeast,web,1,455.9,placed,2026-03-17
ORD0002298,ORD0002298-L1144,CUST000170,PROD000144,Midwest,mobile,1,368.13,placed,2026-03-17
ORD0002333,ORD0002333-L1079,CUST000363,PROD000079,Midwest,mobile,1,385.67,placed,2026-03-17
ORD0002333,ORD0002333-L1199,CUST000363,PROD000199,West,mobile,1,36.24,placed,2026-03-17
ORD0002333,ORD0002333-L2187,CUST000363,PROD000187,Northeast,mobile,2,198.6,placed,2026-03-17
ORD0002333,ORD0002333-L2060,CUST000363,PROD000060,Northeast,mobile,2,594.68,placed,2026-03-17
ORD0002393,ORD0002393-L1040,CUST000353,PROD000040,Northeast,web,1,30.85,placed,2026-03-17
ORD0002393,ORD0002393-L1202,CUST000353,PROD000202,Midwest,web,1,350.12,placed,2026-03-17
ORD0002393,ORD0002393-L2218,CUST000353,PROD000218,West,mobile,2,141.16,placed,2026-03-17
ORD0002393,ORD0002393-L2065,CUST000353,PROD000065,Northeast,mobile,2,132.3,placed,2026-03-17
ORD0002444,ORD0002444-L2065,CUST000358,PROD000065,Midwest,marketplace,2,119.08,placed,2026-03-17
ORD0002541,ORD0002541-L3211,CUST000009,PROD000211,Northeast,web,3,862.86,placed,2026-03-17
ORD0002541,ORD0002541-L1120,CUST000009,PROD000120,Southeast,marketplace,1,84.82,placed,2026-03-17
ORD0002541,ORD0002541-L3083,CUST000009,PROD000083,Southeast,web,3,552.03,placed,2026-03-17
ORD0002541,ORD0002541-L2141,CUST000009,PROD000141,Midwest,mobile,2,779.14,placed,2026-03-17
ORD0002644,ORD0002644-L2108,CUST000246,PROD000108,Midwest,mobile,2,518.62,placed,2026-03-17
ORD0002644,ORD0002644-L2155,CUST000246,PROD000155,Southeast,store,2,337.68,placed,2026-03-17
ORD0002644,ORD0002644-L2098,CUST000246,PROD000098,Northeast,marketplace,2,743.32,placed,2026-03-17
ORD0002644,ORD0002644-L3248,CUST000246,PROD000248,West,mobile,3,991.29,placed,2026-03-17
ORD0002678,ORD0002678-L2238,CUST000035,PROD000238,Southeast,marketplace,2,189.1,placed,2026-03-17
ORD0002678,ORD0002678-L3233,CUST000035,PROD000233,Southeast,store,3,1158.3,placed,2026-03-17
ORD0002678,ORD0002678-L2070,CUST000035,PROD000070,Southeast,store,2,529.06,placed,2026-03-17
ORD0002678,ORD0002678-L1212,CUST000035,PROD000212,Southeast,store,1,204.78,placed,2026-03-17
ORD0002699,ORD0002699-L1248,CUST000156,PROD000248,Southeast,store,1,330.43,placed,2026-03-17
ORD0002699,ORD0002699-L1086,CUST000156,PROD000086,Midwest,mobile,1,465.29,placed,2026-03-17
ORD0002699,ORD0002699-L3031,CUST000156,PROD000031,West,marketplace,3,294.03,placed,2026-03-17
ORD0002699,ORD0002699-L1225,CUST000156,PROD000225,West,store,1,418.28,placed,2026-03-17
ORD0002704,ORD0002704-L3020,CUST000247,PROD000020,Midwest,marketplace,3,1389.72,placed,2026-03-17
ORD0002704,ORD0002704-L1012,CUST000247,PROD000012,Midwest,store,1,465.85,placed,2026-03-17
ORD0002704,ORD0002704-L1131,CUST000247,PROD000131,Southeast,store,1,156.78,placed,2026-03-17
ORD0002704,ORD0002704-L3187,CUST000247,PROD000187,Northeast,store,3,297.9,placed,2026-03-17
ORD0002747,ORD0002747-L1058,CUST000487,PROD000058,West,store,1,277.72,placed,2026-03-17
ORD0002747,ORD0002747-L2022,CUST000487,PROD000022,Southeast,marketplace,2,120.78,placed,2026-03-17
ORD0002747,ORD0002747-L1167,CUST000487,PROD000167,Northeast,marketplace,1,153.91,placed,2026-03-17
ORD0002795,ORD0002795-L1027,CUST000477,PROD000027,Midwest,mobile,1,293.91,placed,2026-03-17
ORD0002795,ORD0002795-L3113,CUST000477,PROD000113,Northeast,web,3,82.35,placed,2026-03-17
ORD0002795,ORD0002795-L2195,CUST000477,PROD000195,Southeast,store,2,385.16,placed,2026-03-17
ORD0002795,ORD0002795-L1108,CUST000477,PROD000108,Northeast,web,1,288.12,placed,2026-03-17
ORD0002817,ORD0002817-L2130,CUST000373,PROD000130,Midwest,web,2,871.28,placed,2026-03-17
ORD0002817,ORD0002817-L2201,CUST000373,PROD000201,Midwest,marketplace,2,700.14,placed,2026-03-17
ORD0003156,ORD0003156-L2130,CUST000306,PROD000130,Southeast,marketplace,2,871.28,placed,2026-03-17
ORD0003156,ORD0003156-L1081,CUST000306,PROD000081,Midwest,mobile,1,240.68,placed,2026-03-17
ORD0003156,ORD0003156-L2032,CUST000306,PROD000032,West,web,2,381.58,placed,2026-03-17
ORD0003156,ORD0003156-L2098,CUST000306,PROD000098,Southeast,store,2,874.5,placed,2026-03-17
ORD0003179,ORD0003179-L3243,CUST000476,PROD000243,West,web,3,642.75,placed,2026-03-17
ORD0003179,ORD0003179-L2080,CUST000476,PROD000080,Northeast,store,2,519.76,placed,2026-03-17
ORD0003379,ORD0003379-L3036,CUST000213,PROD000036,Midwest,web,3,1183.14,placed,2026-03-17
ORD0003379,ORD0003379-L2008,CUST000213,PROD000008,Midwest,marketplace,2,457.72,placed,2026-03-17
ORD0003394,ORD0003394-L1090,CUST000290,PROD000090,Northeast,store,1,130.21,placed,2026-03-17
ORD0003581,ORD0003581-L2040,CUST000334,PROD000040,Southeast,marketplace,2,61.7,placed,2026-03-17
ORD0003581,ORD0003581-L2043,CUST000334,PROD000043,Midwest,mobile,2,273.06,placed,2026-03-17
ORD0003581,ORD0003581-L1032,CUST000334,PROD000032,Midwest,mobile,1,213.24,placed,2026-03-17
ORD0003581,ORD0003581-L1020,CUST000334,PROD000020,Midwest,web,1,438.86,placed,2026-03-17
ORD0003637,ORD0003637-L1112,CUST000252,PROD000112,West,marketplace,1,261.78,placed,2026-03-17
ORD0003637,ORD0003637-L2078,CUST000252,PROD000078,Southeast,marketplace,2,41.52,placed,2026-03-17
ORD0003637,ORD0003637-L1007,CUST000252,PROD000007,Southeast,mobile,1,328.45,placed,2026-03-17
ORD0003637,ORD0003637-L2002,CUST000252,PROD000002,Midwest,web,2,837.1,placed,2026-03-17
ORD0003674,ORD0003674-L3182,CUST000181,PROD000182,West,store,3,818.4,placed,2026-03-17
ORD0003674,ORD0003674-L1162,CUST000181,PROD000162,Midwest,marketplace,1,271.63,placed,2026-03-17
ORD0003674,ORD0003674-L3124,CUST000181,PROD000124,Southeast,marketplace,3,462.48,placed,2026-03-17
ORD0003674,ORD0003674-L3211,CUST000181,PROD000211,West,marketplace,3,862.86,placed,2026-03-17
ORD0003827,ORD0003827-L3243,CUST000008,PROD000243,Southeast,store,3,642.75,placed,2026-03-17
ORD0003827,ORD0003827-L2161,CUST000008,PROD000161,Northeast,store,2,443.18,placed,2026-03-17
ORD0003827,ORD0003827-L2221,CUST000008,PROD000221,Northeast,marketplace,2,387.62,placed,2026-03-17
ORD0003827,ORD0003827-L2114,CUST000008,PROD000114,Northeast,web,2,753.06,placed,2026-03-17
ORD0000028,ORD0000028-L3058,CUST000372,PROD000058,Northeast,store,3,925.74,placed,2026-03-18
ORD0000103,ORD0000103-L1143,CUST000078,PROD000143,West,store,1,313.85,placed,2026-03-18
ORD0000103,ORD0000103-L2110,CUST000078,PROD000110,West,web,2,452.62,placed,2026-03-18
ORD0000103,ORD0000103-L3033,CUST000078,PROD000033,West,mobile,3,1164.3,placed,2026-03-18
ORD0000103,ORD0000103-L2207,CUST000078,PROD000207,Northeast,mobile,2,24.1,placed,2026-03-18
ORD0000290,ORD0000290-L1100,CUST000486,PROD000100,Northeast,marketplace,1,183.97,placed,2026-03-18
ORD0000290,ORD0000290-L1073,CUST000486,PROD000073,Southeast,web,1,253.24,placed,2026-03-18
ORD0000290,ORD0000290-L2033,CUST000486,PROD000033,Midwest,web,2,737.38,placed,2026-03-18
ORD0000325,ORD0000325-L2063,CUST000474,PROD000063,West,web,2,558.0,placed,2026-03-18
ORD0000325,ORD0000325-L2097,CUST000474,PROD000097,Southeast,store,2,714.18,placed,2026-03-18
ORD0000325,ORD0000325-L1195,CUST000474,PROD000195,Southeast,store,1,192.58,placed,2026-03-18
ORD0000394,ORD0000394-L2247,CUST000003,PROD000247,Midwest,mobile,2,723.96,placed,2026-03-18
ORD0000394,ORD0000394-L3190,CUST000003,PROD000190,West,web,3,210.06,placed,2026-03-18
ORD0000394,ORD0000394-L1112,CUST000003,PROD000112,Southeast,web,1,235.6,placed,2026-03-18
ORD0000474,ORD0000474-L2203,CUST000174,PROD000203,Midwest,store,2,707.26,placed,2026-03-18
ORD0000474,ORD0000474-L3212,CUST000174,PROD000212,Northeast,store,3,583.62,placed,2026-03-18
ORD0000474,ORD0000474-L3197,CUST000174,PROD000197,Southeast,web,3,1221.06,placed,2026-03-18
ORD0001050,ORD0001050-L2243,CUST000162,PROD000243,Midwest,marketplace,2,428.5,placed,2026-03-18
ORD0001050,ORD0001050-L2191,CUST000162,PROD000191,Midwest,marketplace,2,645.74,placed,2026-03-18
ORD0001050,ORD0001050-L3106,CUST000162,PROD000106,West,web,3,409.17,placed,2026-03-18
ORD0001050,ORD0001050-L3220,CUST000162,PROD000220,West,web,3,1333.32,placed,2026-03-18
ORD0001097,ORD0001097-L3084,CUST000268,PROD000084,Midwest,web,3,339.57,placed,2026-03-18
ORD0001097,ORD0001097-L2047,CUST000268,PROD000047,Midwest,marketplace,2,264.96,placed,2026-03-18
ORD0001097,ORD0001097-L2192,CUST000268,PROD000192,Midwest,web,2,815.3,placed,2026-03-18
ORD0001145,ORD0001145-L1206,CUST000277,PROD000206,Southeast,web,1,413.1,placed,2026-03-18
ORD0001145,ORD0001145-L2134,CUST000277,PROD000134,Northeast,web,2,777.1,placed,2026-03-18
ORD0001145,ORD0001145-L3056,CUST000277,PROD000056,Midwest,web,3,252.54,placed,2026-03-18
ORD0001145,ORD0001145-L1159,CUST000277,PROD000159,Northeast,store,1,353.72,placed,2026-03-18
ORD0001200,ORD0001200-L2202,CUST000084,PROD000202,Midwest,mobile,2,700.24,placed,2026-03-18
ORD0001200,ORD0001200-L1045,CUST000084,PROD000045,Midwest,mobile,1,419.11,placed,2026-03-18
ORD0001463,ORD0001463-L1178,CUST000389,PROD000178,Northeast,mobile,1,225.58,placed,2026-03-18
ORD0001463,ORD0001463-L3237,CUST000389,PROD000237,Midwest,marketplace,3,684.03,placed,2026-03-18
ORD0001501,ORD0001501-L1065,CUST000399,PROD000065,West,store,1,66.15,placed,2026-03-18
ORD0001501,ORD0001501-L3137,CUST000399,PROD000137,Midwest,marketplace,3,1367.7,placed,2026-03-18
ORD0001501,ORD0001501-L2147,CUST000399,PROD000147,Northeast,store,2,522.76,placed,2026-03-18
ORD0001501,ORD0001501-L2089,CUST000399,PROD000089,Midwest,marketplace,2,63.12,placed,2026-03-18
ORD0001538,ORD0001538-L3170,CUST000220,PROD000170,Northeast,mobile,3,99.09,placed,2026-03-18
ORD0001538,ORD0001538-L3153,CUST000220,PROD000153,Northeast,web,3,1134.78,placed,2026-03-18
ORD0001538,ORD0001538-L3171,CUST000220,PROD000171,West,marketplace,3,594.57,placed,2026-03-18
ORD0001688,ORD0001688-L3064,CUST000045,PROD000064,Northeast,store,3,936.33,placed,2026-03-18
ORD0001688,ORD0001688-L1110,CUST000045,PROD000110,Southeast,store,1,203.68,placed,2026-03-18
ORD0001688,ORD0001688-L3171,CUST000045,PROD000171,Northeast,store,3,535.11,placed,2026-03-18
ORD0001706,ORD0001706-L2011,CUST000426,PROD000011,Midwest,marketplace,2,642.52,placed,2026-03-18
ORD0001706,ORD0001706-L1024,CUST000426,PROD000024,West,store,1,235.15,placed,2026-03-18
ORD0001706,ORD0001706-L1128,CUST000426,PROD000128,Southeast,mobile,1,32.53,placed,2026-03-18
ORD0001897,ORD0001897-L3223,CUST000399,PROD000223,Southeast,mobile,3,909.42,placed,2026-03-18
ORD0001979,ORD0001979-L2248,CUST000168,PROD000248,Northeast,web,2,660.86,placed,2026-03-18
ORD0001979,ORD0001979-L3054,CUST000168,PROD000054,Northeast,store,3,677.52,placed,2026-03-18
ORD0001979,ORD0001979-L2057,CUST000168,PROD000057,Southeast,web,2,803.16,placed,2026-03-18
ORD0001979,ORD0001979-L1046,CUST000168,PROD000046,Southeast,web,1,249.78,placed,2026-03-18
ORD0002016,ORD0002016-L2007,CUST000069,PROD000007,Midwest,marketplace,2,693.38,placed,2026-03-18
ORD0002016,ORD0002016-L1241,CUST000069,PROD000241,Midwest,marketplace,1,72.58,placed,2026-03-18
ORD0002016,ORD0002016-L3058,CUST000069,PROD000058,Midwest,mobile,3,879.45,placed,2026-03-18
ORD0002024,ORD0002024-L1110,CUST000317,PROD000110,West,store,1,226.31,placed,2026-03-18
ORD0002158,ORD0002158-L2067,CUST000064,PROD000067,West,mobile,2,336.72,placed,2026-03-18
ORD0002326,ORD0002326-L1073,CUST000409,PROD000073,Northeast,marketplace,1,281.38,placed,2026-03-18
ORD0002661,ORD0002661-L1097,CUST000121,PROD000097,Southeast,web,1,375.88,placed,2026-03-18
ORD0002661,ORD0002661-L2083,CUST000121,PROD000083,Northeast,marketplace,2,368.02,placed,2026-03-18
ORD0002664,ORD0002664-L3212,CUST000091,PROD000212,West,web,3,614.34,placed,2026-03-18
ORD0002692,ORD0002692-L2022,CUST000345,PROD000022,West,mobile,2,120.78,placed,2026-03-18
ORD0002692,ORD0002692-L3246,CUST000345,PROD000246,Southeast,mobile,3,264.48,placed,2026-03-18
ORD0002834,ORD0002834-L2146,CUST000039,PROD000146,Southeast,store,2,721.6,placed,2026-03-18
ORD0002834,ORD0002834-L3050,CUST000039,PROD000050,West,marketplace,3,1034.28,placed,2026-03-18
ORD0002834,ORD0002834-L2019,CUST000039,PROD000019,Northeast,marketplace,2,600.68,placed,2026-03-18
ORD0002834,ORD0002834-L2124,CUST000039,PROD000124,Southeast,mobile,2,344.58,placed,2026-03-18
ORD0002846,ORD0002846-L1105,CUST000096,PROD000105,West,mobile,1,350.75,placed,2026-03-18
ORD0002846,ORD0002846-L1075,CUST000096,PROD000075,Southeast,marketplace,1,282.01,placed,2026-03-18
ORD0002846,ORD0002846-L2076,CUST000096,PROD000076,Northeast,web,2,135.66,placed,2026-03-18
ORD0002846,ORD0002846-L1232,CUST000096,PROD000232,Northeast,store,1,125.24,placed,2026-03-18
ORD0003372,ORD0003372-L1176,CUST000031,PROD000176,West,store,1,371.2,placed,2026-03-18
ORD0003372,ORD0003372-L2136,CUST000031,PROD000136,West,store,2,224.16,placed,2026-03-18
ORD0003372,ORD0003372-L3086,CUST000031,PROD000086,Midwest,store,3,1256.28,placed,2026-03-18
ORD0003372,ORD0003372-L2163,CUST000031,PROD000163,West,store,2,751.92,placed,2026-03-18
ORD0003750,ORD0003750-L2174,CUST000107,PROD000174,West,web,2,646.56,placed,2026-03-18
ORD0003750,ORD0003750-L2166,CUST000107,PROD000166,Northeast,marketplace,2,494.8,placed,2026-03-18
ORD0003750,ORD0003750-L2064,CUST000107,PROD000064,Northeast,mobile,2,561.8,placed,2026-03-18
ORD0003830,ORD0003830-L2081,CUST000047,PROD000081,Midwest,marketplace,2,456.02,placed,2026-03-18
ORD0003839,ORD0003839-L1097,CUST000037,PROD000097,Northeast,marketplace,1,375.88,placed,2026-03-18
ORD0003877,ORD0003877-L2022,CUST000476,PROD000022,Midwest,mobile,2,102.66,placed,2026-03-18
ORD0003937,ORD0003937-L2227,CUST000088,PROD000227,Midwest,marketplace,2,722.12,placed,2026-03-18
ORD0003937,ORD0003937-L3128,CUST000088,PROD000128,Southeast,mobile,3,92.46,placed,2026-03-18
ORD0003937,ORD0003937-L3010,CUST000088,PROD000010,Midwest,web,3,370.65,placed,2026-03-18
ORD0000012,ORD0000012-L3175,CUST000108,PROD000175,Southeast,mobile,3,1126.62,placed,2026-03-19
ORD0000012,ORD0000012-L3069,CUST000108,PROD000069,Midwest,store,3,388.05,placed,2026-03-19
ORD0000012,ORD0000012-L2199,CUST000108,PROD000199,West,store,2,68.86,placed,2026-03-19
ORD0000012,ORD0000012-L1189,CUST000108,PROD000189,West,web,1,95.37,placed,2026-03-19
ORD0000105,ORD0000105-L1198,CUST000370,PROD000198,Midwest,store,1,411.83,placed,2026-03-19
ORD0000225,ORD0000225-L2127,CUST000193,PROD000127,West,store,2,194.4,placed,2026-03-19
ORD0000360,ORD0000360-L3142,CUST000313,PROD000142,Northeast,web,3,283.02,placed,2026-03-19
ORD0000360,ORD0000360-L3196,CUST000313,PROD000196,Midwest,web,3,1140.6,placed,2026-03-19
ORD0000360,ORD0000360-L2013,CUST000313,PROD000013,Northeast,mobile,2,884.52,placed,2026-03-19
ORD0000453,ORD0000453-L2224,CUST000404,PROD000224,Midwest,store,2,691.84,placed,2026-03-19
ORD0000453,ORD0000453-L3138,CUST000404,PROD000138,Northeast,mobile,3,877.47,placed,2026-03-19
ORD0000508,ORD0000508-L2232,CUST000335,PROD000232,Northeast,store,2,250.48,placed,2026-03-19
ORD0000508,ORD0000508-L2211,CUST000335,PROD000211,Midwest,store,2,488.96,placed,2026-03-19
ORD0000508,ORD0000508-L3236,CUST000335,PROD000236,West,web,3,306.54,placed,2026-03-19
ORD0000531,ORD0000531-L2168,CUST000053,PROD000168,Southeast,marketplace,2,610.52,placed,2026-03-19
ORD0000531,ORD0000531-L3002,CUST000053,PROD000002,Midwest,marketplace,3,1255.65,placed,2026-03-19
ORD0000531,ORD0000531-L3074,CUST000053,PROD000074,Northeast,web,3,802.98,placed,2026-03-19
ORD0000531,ORD0000531-L2083,CUST000053,PROD000083,Midwest,store,2,432.96,placed,2026-03-19
ORD0000809,ORD0000809-L1033,CUST000233,PROD000033,West,marketplace,1,388.1,placed,2026-03-19
ORD0000809,ORD0000809-L2023,CUST000233,PROD000023,Midwest,marketplace,2,61.02,placed,2026-03-19
ORD0000809,ORD0000809-L2184,CUST000233,PROD000184,Northeast,marketplace,2,639.86,placed,2026-03-19
ORD0000809,ORD0000809-L3143,CUST000233,PROD000143,Midwest,marketplace,3,941.55,placed,2026-03-19
ORD0000826,ORD0000826-L2110,CUST000152,PROD000110,Southeast,marketplace,2,407.36,placed,2026-03-19
ORD0000826,ORD0000826-L2221,CUST000152,PROD000221,Southeast,web,2,387.62,placed,2026-03-19
ORD0000826,ORD0000826-L1048,CUST000152,PROD000048,Northeast,mobile,1,344.88,placed,2026-03-19
ORD0000826,ORD0000826-L1178,CUST000152,PROD000178,Midwest,mobile,1,225.58,placed,2026-03-19
ORD0000874,ORD0000874-L2061,CUST000040,PROD000061,West,mobile,2,672.26,placed,2026-03-19
ORD0000894,ORD0000894-L3037,CUST000195,PROD000037,Southeast,store,3,1177.86,placed,2026-03-19
ORD0000894,ORD0000894-L2243,CUST000195,PROD000243,Midwest,marketplace,2,428.5,placed,2026-03-19
ORD0000894,ORD0000894-L2198,CUST000195,PROD000198,Midwest,marketplace,2,823.66,placed,2026-03-19
ORD0000923,ORD0000923-L2151,CUST000037,PROD000151,Northeast,mobile,2,635.76,placed,2026-03-19
ORD0000923,ORD0000923-L1025,CUST000037,PROD000025,West,store,1,357.57,placed,2026-03-19
ORD0000923,ORD0000923-L2067,CUST000037,PROD000067,West,web,2,303.04,placed,2026-03-19
ORD0000976,ORD0000976-L2172,CUST000467,PROD000172,West,web,2,882.06,placed,2026-03-19
ORD0000976,ORD0000976-L3204,CUST000467,PROD000204,West,store,3,1283.97,placed,2026-03-19
ORD0001086,ORD0001086-L1012,CUST000047,PROD000012,Southeast,mobile,1,465.85,placed,2026-03-19
ORD0001086,ORD0001086-L1082,CUST000047,PROD000082,Midwest,mobile,1,348.82,placed,2026-03-19
ORD0001086,ORD0001086-L3243,CUST000047,PROD000243,Southeast,mobile,3,610.62,placed,2026-03-19
ORD0001135,ORD0001135-L1066,CUST000389,PROD000066,West,web,1,466.43,placed,2026-03-19
ORD0001135,ORD0001135-L3168,CUST000389,PROD000168,Midwest,web,3,867.6,placed,2026-03-19
ORD0001135,ORD0001135-L3102,CUST000389,PROD000102,Southeast,marketplace,3,348.6,placed,2026-03-19
ORD0001255,ORD0001255-L1083,CUST000213,PROD000083,Northeast,web,1,205.66,placed,2026-03-19
ORD0001255,ORD0001255-L3037,CUST000213,PROD000037,Northeast,marketplace,3,1177.86,placed,2026-03-19
ORD0001255,ORD0001255-L3050,CUST000213,PROD000050,Midwest,store,3,1034.28,placed,2026-03-19
ORD0001335,ORD0001335-L3020,CUST000433,PROD000020,West,mobile,3,1389.72,placed,2026-03-19
ORD0001335,ORD0001335-L1243,CUST000433,PROD000243,West,store,1,192.83,placed,2026-03-19
ORD0001335,ORD0001335-L3105,CUST000433,PROD000105,West,mobile,3,1169.16,placed,2026-03-19
ORD0001335,ORD0001335-L1083,CUST000433,PROD000083,Northeast,marketplace,1,194.83,placed,2026-03-19
ORD0001469,ORD0001469-L3055,CUST000463,PROD000055,Northeast,marketplace,3,938.04,placed,2026-03-19
ORD0001469,ORD0001469-L3059,CUST000463,PROD000059,Midwest,marketplace,3,76.35,placed,2026-03-19
ORD0001469,ORD0001469-L1005,CUST000463,PROD000005,Midwest,mobile,1,319.36,placed,2026-03-19
ORD0001469,ORD0001469-L1163,CUST000463,PROD000163,West,mobile,1,375.96,placed,2026-03-19
ORD0001508,ORD0001508-L2202,CUST000444,PROD000202,Southeast,mobile,2,778.04,placed,2026-03-19
ORD0001535,ORD0001535-L2242,CUST000439,PROD000242,Midwest,store,2,730.86,placed,2026-03-19
ORD0001535,ORD0001535-L1248,CUST000439,PROD000248,West,mobile,1,313.91,placed,2026-03-19
ORD0001690,ORD0001690-L1187,CUST000383,PROD000187,Southeast,mobile,1,89.37,placed,2026-03-19
ORD0001690,ORD0001690-L2246,CUST000383,PROD000246,Southeast,mobile,2,166.52,placed,2026-03-19
ORD0001877,ORD0001877-L1068,CUST000272,PROD000068,West,web,1,136.18,placed,2026-03-19
ORD0001877,ORD0001877-L1191,CUST000272,PROD000191,West,web,1,339.86,placed,2026-03-19
ORD0001928,ORD0001928-L2059,CUST000468,PROD000059,West,store,2,43.26,placed,2026-03-19
ORD0001928,ORD0001928-L3022,CUST000468,PROD000022,Midwest,marketplace,3,181.17,placed,2026-03-19
ORD0001971,ORD0001971-L1086,CUST000353,PROD000086,Midwest,store,1,465.29,placed,2026-03-19
ORD0001971,ORD0001971-L1126,CUST000353,PROD000126,Southeast,store,1,295.68,placed,2026-03-19
ORD0001986,ORD0001986-L3044,CUST000083,PROD000044,Northeast,marketplace,3,1135.95,placed,2026-03-19
ORD0001986,ORD0001986-L1188,CUST000083,PROD000188,Midwest,mobile,1,33.48,placed,2026-03-19
ORD0001986,ORD0001986-L1001,CUST000083,PROD000001,Southeast,web,1,402.02,placed,2026-03-19
ORD0002049,ORD0002049-L1201,CUST000499,PROD000201,West,mobile,1,368.5,placed,2026-03-19
ORD0002107,ORD0002107-L3153,CUST000042,PROD000153,Midwest,store,3,1194.51,placed,2026-03-19
ORD0002192,ORD0002192-L3110,CUST000348,PROD000110,West,mobile,3,644.97,placed,2026-03-19
ORD0002192,ORD0002192-L2237,CUST000348,PROD000237,Midwest,mobile,2,456.02,placed,2026-03-19
ORD0002192,ORD0002192-L2200,CUST000348,PROD000200,Midwest,mobile,2,680.84,placed,2026-03-19
ORD0002228,ORD0002228-L1078,CUST000461,PROD000078,Midwest,web,1,23.07,placed,2026-03-19
ORD0002342,ORD0002342-L3038,CUST000495,PROD000038,Southeast,web,3,100.41,placed,2026-03-19
ORD0002342,ORD0002342-L1045,CUST000495,PROD000045,Midwest,mobile,1,377.2,placed,2026-03-19
ORD0002342,ORD0002342-L3203,CUST000495,PROD000203,West,mobile,3,1060.89,placed,2026-03-19
ORD0002342,ORD0002342-L1223,CUST000495,PROD000223,West,store,1,303.14,placed,2026-03-19
ORD0002417,ORD0002417-L2155,CUST000348,PROD000155,Southeast,marketplace,2,337.68,placed,2026-03-19
ORD0002417,ORD0002417-L2205,CUST000348,PROD000205,Southeast,marketplace,2,601.92,placed,2026-03-19
ORD0002417,ORD0002417-L1098,CUST000348,PROD000098,Midwest,mobile,1,393.53,placed,2026-03-19
ORD0002417,ORD0002417-L3048,CUST000348,PROD000048,West,mobile,3,982.92,placed,2026-03-19
ORD0002463,ORD0002463-L3095,CUST000467,PROD000095,Midwest,store,3,61.2,placed,2026-03-19
ORD0002463,ORD0002463-L1152,CUST000467,PROD000152,Southeast,web,1,347.26,placed,2026-03-19
ORD0002506,ORD0002506-L3235,CUST000489,PROD000235,Southeast,web,3,203.82,placed,2026-03-19
ORD0002506,ORD0002506-L3087,CUST000489,PROD000087,Northeast,store,3,556.17,placed,2026-03-19
ORD0002643,ORD0002643-L2175,CUST000001,PROD000175,Southeast,mobile,2,751.08,placed,2026-03-19
ORD0002643,ORD0002643-L2238,CUST000001,PROD000238,Southeast,mobile,2,170.18,placed,2026-03-19
ORD0002885,ORD0002885-L3051,CUST000135,PROD000051,Northeast,marketplace,3,1152.93,placed,2026-03-19
ORD0002885,ORD0002885-L2241,CUST000135,PROD000241,Southeast,mobile,2,145.16,placed,2026-03-19
ORD0002889,ORD0002889-L1039,CUST000014,PROD000039,Northeast,store,1,386.55,placed,2026-03-19
ORD0002889,ORD0002889-L1002,CUST000014,PROD000002,Southeast,marketplace,1,440.58,placed,2026-03-19
ORD0003013,ORD0003013-L3232,CUST000335,PROD000232,West,mobile,3,395.49,placed,2026-03-19
ORD0003013,ORD0003013-L2143,CUST000335,PROD000143,Southeast,web,2,697.44,placed,2026-03-19
ORD0003013,ORD0003013-L1031,CUST000335,PROD000031,West,mobile,1,98.01,placed,2026-03-19
ORD0003038,ORD0003038-L2153,CUST000077,PROD000153,Midwest,mobile,2,756.52,placed,2026-03-19
ORD0003038,ORD0003038-L2190,CUST000077,PROD000190,Southeast,web,2,132.66,placed,2026-03-19
ORD0003072,ORD0003072-L1250,CUST000124,PROD000250,West,web,1,353.37,placed,2026-03-19
ORD0003072,ORD0003072-L3163,CUST000124,PROD000163,Northeast,web,3,1127.88,placed,2026-03-19
ORD0003072,ORD0003072-L2037,CUST000124,PROD000037,Midwest,store,2,828.88,placed,2026-03-19
ORD0003161,ORD0003161-L1171,CUST000306,PROD000171,Southeast,web,1,198.19,placed,2026-03-19
ORD0003161,ORD0003161-L3029,CUST000306,PROD000029,Northeast,store,3,1422.06,placed,2026-03-19
ORD0003161,ORD0003161-L3140,CUST000306,PROD000140,West,store,3,805.95,placed,2026-03-19
ORD0003161,ORD0003161-L3225,CUST000306,PROD000225,Northeast,web,3,1320.87,placed,2026-03-19
ORD0003245,ORD0003245-L1121,CUST000255,PROD000121,Northeast,marketplace,1,314.29,placed,2026-03-19
ORD0003245,ORD0003245-L2040,CUST000255,PROD000040,Northeast,mobile,2,61.7,placed,2026-03-19
ORD0003313,ORD0003313-L3004,CUST000260,PROD000004,Midwest,marketplace,3,1215.75,placed,2026-03-19
ORD0003366,ORD0003366-L2125,CUST000414,PROD000125,Midwest,store,2,370.5,placed,2026-03-19
ORD0003366,ORD0003366-L3218,CUST000414,PROD000218,Midwest,marketplace,3,211.74,placed,2026-03-19
ORD0003366,ORD0003366-L2036,CUST000414,PROD000036,Southeast,marketplace,2,709.88,placed,2026-03-19
ORD0003370,ORD0003370-L3149,CUST000011,PROD000149,Midwest,web,3,958.23,placed,2026-03-19
ORD0003370,ORD0003370-L2157,CUST000011,PROD000157,West,marketplace,2,551.48,placed,2026-03-19
ORD0003370,ORD0003370-L3193,CUST000011,PROD000193,Southeast,mobile,3,1399.71,placed,2026-03-19
ORD0003768,ORD0003768-L3096,CUST000311,PROD000096,Midwest,web,3,260.13,placed,2026-03-19
ORD0003768,ORD0003768-L2057,CUST000311,PROD000057,Southeast,mobile,2,803.16,placed,2026-03-19
ORD0003808,ORD0003808-L1240,CUST000236,PROD000240,Northeast,store,1,363.19,placed,2026-03-19
ORD0003810,ORD0003810-L2179,CUST000170,PROD000179,Midwest,web,2,453.32,placed,2026-03-19
ORD0003810,ORD0003810-L2028,CUST000170,PROD000028,Northeast,store,2,88.56,placed,2026-03-19
ORD0003864,ORD0003864-L2147,CUST000147,PROD000147,Northeast,mobile,2,550.28,placed,2026-03-19
ORD0003864,ORD0003864-L2182,CUST000147,PROD000182,Northeast,mobile,2,545.6,placed,2026-03-19
ORD0000031,ORD0000031-L1240,CUST000275,PROD000240,Midwest,web,1,403.54,placed,2026-03-20
ORD0000169,ORD0000169-L2034,CUST000087,PROD000034,Southeast,mobile,2,550.16,placed,2026-03-20
ORD0000169,ORD0000169-L1120,CUST000087,PROD000120,West,web,1,84.82,placed,2026-03-20
ORD0000169,ORD0000169-L2114,CUST000087,PROD000114,Northeast,web,2,753.06,placed,2026-03-20
ORD0000169,ORD0000169-L3181,CUST000087,PROD000181,Southeast,web,3,128.31,placed,2026-03-20
ORD0000341,ORD0000341-L1098,CUST000172,PROD000098,Northeast,web,1,393.53,placed,2026-03-20
ORD0000341,ORD0000341-L3246,CUST000172,PROD000246,Midwest,mobile,3,264.48,placed,2026-03-20
ORD0000341,ORD0000341-L1167,CUST000172,PROD000167,Southeast,store,1,171.01,placed,2026-03-20
ORD0000583,ORD0000583-L3236,CUST000472,PROD000236,Southeast,mobile,3,306.54,placed,2026-03-20
ORD0000583,ORD0000583-L2058,CUST000472,PROD000058,Northeast,web,2,524.58,placed,2026-03-20
ORD0000650,ORD0000650-L1059,CUST000223,PROD000059,Northeast,web,1,25.45,placed,2026-03-20
ORD0000792,ORD0000792-L3092,CUST000425,PROD000092,Midwest,web,3,1488.96,placed,2026-03-20
ORD0000808,ORD0000808-L1139,CUST000226,PROD000139,Midwest,store,1,411.02,placed,2026-03-20
ORD0000808,ORD0000808-L2095,CUST000226,PROD000095,Midwest,store,2,38.76,placed,2026-03-20
ORD0000882,ORD0000882-L2224,CUST000219,PROD000224,Southeast,marketplace,2,768.72,placed,2026-03-20
ORD0000882,ORD0000882-L3022,CUST000219,PROD000022,Midwest,mobile,3,172.11,placed,2026-03-20
ORD0000882,ORD0000882-L2061,CUST000219,PROD000061,Midwest,mobile,2,672.26,placed,2026-03-20
ORD0000945,ORD0000945-L1226,CUST000061,PROD000226,Northeast,mobile,1,203.86,placed,2026-03-20
ORD0000945,ORD0000945-L1150,CUST000061,PROD000150,West,store,1,468.24,placed,2026-03-20
ORD0000997,ORD0000997-L3026,CUST000482,PROD000026,Southeast,marketplace,3,239.04,placed,2026-03-20
ORD0001017,ORD0001017-L2138,CUST000178,PROD000138,Northeast,store,2,649.98,placed,2026-03-20
ORD0001017,ORD0001017-L2179,CUST000178,PROD000179,West,mobile,2,453.32,placed,2026-03-20
ORD0001017,ORD0001017-L1091,CUST000178,PROD000091,Northeast,marketplace,1,189.64,placed,2026-03-20
ORD0001144,ORD0001144-L2172,CUST000035,PROD000172,West,web,2,882.06,placed,2026-03-20
ORD0001144,ORD0001144-L3211,CUST000035,PROD000211,West,mobile,3,862.86,placed,2026-03-20
ORD0001144,ORD0001144-L1210,CUST000035,PROD000210,West,store,1,441.99,placed,2026-03-20
ORD0001144,ORD0001144-L1024,CUST000035,PROD000024,West,mobile,1,211.64,placed,2026-03-20
ORD0001276,ORD0001276-L2089,CUST000187,PROD000089,Northeast,mobile,2,70.14,placed,2026-03-20
ORD0001276,ORD0001276-L3191,CUST000187,PROD000191,Southeast,web,3,1019.58,placed,2026-03-20
ORD0001361,ORD0001361-L1066,CUST000057,PROD000066,Southeast,web,1,443.11,placed,2026-03-20
ORD0001361,ORD0001361-L3163,CUST000057,PROD000163,Southeast,marketplace,3,1071.48,placed,2026-03-20
ORD0001361,ORD0001361-L3097,CUST000057,PROD000097,Midwest,store,3,1127.64,placed,2026-03-20
ORD0001590,ORD0001590-L1012,CUST000171,PROD000012,West,store,1,442.56,placed,2026-03-20
ORD0001590,ORD0001590-L2135,CUST000171,PROD000135,West,mobile,2,398.48,placed,2026-03-20
ORD0001608,ORD0001608-L3213,CUST000231,PROD000213,Midwest,web,3,32.67,placed,2026-03-20
ORD0001608,ORD0001608-L1169,CUST000231,PROD000169,West,marketplace,1,311.35,placed,2026-03-20
ORD0001636,ORD0001636-L2241,CUST000465,PROD000241,West,store,2,137.9,placed,2026-03-20
ORD0001636,ORD0001636-L2242,CUST000465,PROD000242,Midwest,mobile,2,730.86,placed,2026-03-20
ORD0001636,ORD0001636-L2199,CUST000465,PROD000199,Southeast,marketplace,2,72.48,placed,2026-03-20
ORD0001636,ORD0001636-L3122,CUST000465,PROD000122,Northeast,marketplace,3,567.51,placed,2026-03-20
ORD0002068,ORD0002068-L3189,CUST000368,PROD000189,Southeast,mobile,3,286.11,placed,2026-03-20
ORD0002068,ORD0002068-L1146,CUST000368,PROD000146,West,store,1,324.72,placed,2026-03-20
ORD0002264,ORD0002264-L1149,CUST000047,PROD000149,West,web,1,271.5,placed,2026-03-20
ORD0002264,ORD0002264-L2020,CUST000047,PROD000020,Midwest,marketplace,2,975.24,placed,2026-03-20
ORD0002264,ORD0002264-L1130,CUST000047,PROD000130,Midwest,web,1,392.08,placed,2026-03-20
ORD0002282,ORD0002282-L1103,CUST000453,PROD000103,West,web,1,261.44,placed,2026-03-20
ORD0002355,ORD0002355-L2015,CUST000107,PROD000015,Southeast,mobile,2,564.9,placed,2026-03-20
ORD0002355,ORD0002355-L3035,CUST000107,PROD000035,Northeast,mobile,3,1315.53,placed,2026-03-20
ORD0002387,ORD0002387-L1229,CUST000088,PROD000229,Northeast,marketplace,1,54.49,placed,2026-03-20
ORD0002387,ORD0002387-L1051,CUST000088,PROD000051,Midwest,store,1,384.31,placed,2026-03-20
ORD0002387,ORD0002387-L1119,CUST000088,PROD000119,West,web,1,349.15,placed,2026-03-20
ORD0002387,ORD0002387-L2178,CUST000088,PROD000178,Midwest,mobile,2,474.9,placed,2026-03-20
ORD0002481,ORD0002481-L3034,CUST000282,PROD000034,Southeast,marketplace,3,916.92,placed,2026-03-20
ORD0002481,ORD0002481-L1227,CUST000282,PROD000227,West,store,1,401.18,placed,2026-03-20
ORD0002481,ORD0002481-L2077,CUST000282,PROD000077,West,marketplace,2,276.5,placed,2026-03-20
ORD0002487,ORD0002487-L3081,CUST000303,PROD000081,Midwest,mobile,3,684.03,placed,2026-03-20
ORD0002662,ORD0002662-L2054,CUST000470,PROD000054,West,web,2,451.68,placed,2026-03-20
ORD0002662,ORD0002662-L2210,CUST000470,PROD000210,West,web,2,883.98,placed,2026-03-20
ORD0002697,ORD0002697-L3237,CUST000281,PROD000237,Northeast,store,3,684.03,placed,2026-03-20
ORD0002697,ORD0002697-L3035,CUST000281,PROD000035,Northeast,mobile,3,1461.69,placed,2026-03-20
ORD0002697,ORD0002697-L2024,CUST000281,PROD000024,Southeast,store,2,399.76,placed,2026-03-20
ORD0002697,ORD0002697-L3160,CUST000281,PROD000160,Southeast,store,3,217.2,placed,2026-03-20
ORD0002715,ORD0002715-L3016,CUST000063,PROD000016,Southeast,store,3,1168.29,placed,2026-03-20
ORD0002715,ORD0002715-L1194,CUST000063,PROD000194,Midwest,store,1,204.84,placed,2026-03-20
ORD0002823,ORD0002823-L2067,CUST000268,PROD000067,Southeast,store,2,336.72,placed,2026-03-20
ORD0002823,ORD0002823-L3178,CUST000268,PROD000178,Northeast,store,3,712.35,placed,2026-03-20
ORD0002828,ORD0002828-L2175,CUST000239,PROD000175,West,marketplace,2,834.54,placed,2026-03-20
ORD0002828,ORD0002828-L3111,CUST000239,PROD000111,Southeast,mobile,3,42.96,placed,2026-03-20
ORD0002828,ORD0002828-L3138,CUST000239,PROD000138,Northeast,marketplace,3,926.22,placed,2026-03-20
ORD0002870,ORD0002870-L2128,CUST000394,PROD000128,West,mobile,2,65.06,placed,2026-03-20
ORD0002879,ORD0002879-L3176,CUST000078,PROD000176,Midwest,marketplace,3,1057.92,placed,2026-03-20
ORD0002879,ORD0002879-L1034,CUST000078,PROD000034,Northeast,store,1,305.64,placed,2026-03-20
ORD0003023,ORD0003023-L1235,CUST000015,PROD000235,Northeast,mobile,1,67.94,placed,2026-03-20
ORD0003023,ORD0003023-L3212,CUST000015,PROD000212,Northeast,mobile,3,552.9,placed,2026-03-20
ORD0003023,ORD0003023-L3024,CUST000015,PROD000024,Midwest,marketplace,3,670.17,placed,2026-03-20
ORD0003023,ORD0003023-L1068,CUST000015,PROD000068,Midwest,store,1,143.35,placed,2026-03-20
ORD0003036,ORD0003036-L3215,CUST000034,PROD000215,Southeast,mobile,3,705.45,placed,2026-03-20
ORD0003036,ORD0003036-L2145,CUST000034,PROD000145,Northeast,web,2,203.48,placed,2026-03-20
ORD0003036,ORD0003036-L3194,CUST000034,PROD000194,Southeast,marketplace,3,614.52,placed,2026-03-20
ORD0003042,ORD0003042-L2192,CUST000302,PROD000192,Northeast,web,2,863.26,placed,2026-03-20
ORD0003042,ORD0003042-L3175,CUST000302,PROD000175,Northeast,mobile,3,1189.23,placed,2026-03-20
ORD0003077,ORD0003077-L3009,CUST000298,PROD000009,Northeast,marketplace,3,925.68,placed,2026-03-20
ORD0003133,ORD0003133-L1229,CUST000109,PROD000229,West,web,1,57.52,placed,2026-03-20
ORD0003133,ORD0003133-L3120,CUST000109,PROD000120,Southeast,marketplace,3,254.46,placed,2026-03-20
ORD0003133,ORD0003133-L3201,CUST000109,PROD000201,Northeast,marketplace,3,994.95,placed,2026-03-20
ORD0003172,ORD0003172-L3137,CUST000389,PROD000137,Southeast,store,3,1367.7,placed,2026-03-20
ORD0003172,ORD0003172-L1239,CUST000389,PROD000239,West,store,1,312.98,placed,2026-03-20
ORD0003172,ORD0003172-L2214,CUST000389,PROD000214,Southeast,store,2,232.9,placed,2026-03-20
ORD0003290,ORD0003290-L3178,CUST000259,PROD000178,West,web,3,712.35,placed,2026-03-20
ORD0003290,ORD0003290-L1248,CUST000259,PROD000248,Midwest,store,1,330.43,placed,2026-03-20
ORD0003290,ORD0003290-L1212,CUST000259,PROD000212,West,web,1,204.78,placed,2026-03-20
ORD0003325,ORD0003325-L1211,CUST000062,PROD000211,Northeast,web,1,287.62,placed,2026-03-20
ORD0003325,ORD0003325-L1242,CUST000062,PROD000242,Northeast,web,1,347.16,placed,2026-03-20
ORD0003325,ORD0003325-L2228,CUST000062,PROD000228,Southeast,store,2,157.92,placed,2026-03-20
ORD0003325,ORD0003325-L3223,CUST000062,PROD000223,Southeast,marketplace,3,863.94,placed,2026-03-20
ORD0003329,ORD0003329-L2166,CUST000443,PROD000166,Southeast,marketplace,2,494.8,placed,2026-03-20
ORD0003329,ORD0003329-L3090,CUST000443,PROD000090,West,web,3,351.57,placed,2026-03-20
ORD0003329,ORD0003329-L3162,CUST000443,PROD000162,Northeast,web,3,910.77,placed,2026-03-20
ORD0003329,ORD0003329-L3006,CUST000443,PROD000006,Midwest,store,3,382.35,placed,2026-03-20
ORD0003393,ORD0003393-L2088,CUST000104,PROD000088,Northeast,web,2,435.14,placed,2026-03-20
ORD0003393,ORD0003393-L2170,CUST000104,PROD000170,Midwest,marketplace,2,66.06,placed,2026-03-20
ORD0003393,ORD0003393-L2210,CUST000104,PROD000210,Northeast,web,2,839.78,placed,2026-03-20
ORD0003500,ORD0003500-L2016,CUST000163,PROD000016,Southeast,web,2,696.88,placed,2026-03-20
ORD0003500,ORD0003500-L2074,CUST000163,PROD000074,West,marketplace,2,563.5,placed,2026-03-20
ORD0003500,ORD0003500-L2220,CUST000163,PROD000220,Southeast,web,2,800.0,placed,2026-03-20
ORD0003550,ORD0003550-L2005,CUST000330,PROD000005,Midwest,mobile,2,638.72,placed,2026-03-20
ORD0003550,ORD0003550-L2115,CUST000330,PROD000115,Southeast,marketplace,2,318.38,placed,2026-03-20
ORD0003550,ORD0003550-L3147,CUST000330,PROD000147,West,marketplace,3,825.42,placed,2026-03-20
ORD0003550,ORD0003550-L3072,CUST000330,PROD000072,Southeast,mobile,3,674.79,placed,2026-03-20
ORD0003775,ORD0003775-L1039,CUST000338,PROD000039,Southeast,store,1,366.21,placed,2026-03-20
ORD0003775,ORD0003775-L1037,CUST000338,PROD000037,West,marketplace,1,436.25,placed,2026-03-20
ORD0003987,ORD0003987-L1212,CUST000065,PROD000212,Midwest,marketplace,1,204.78,placed,2026-03-20
ORD0003987,ORD0003987-L2012,CUST000065,PROD000012,Northeast,mobile,2,931.7,placed,2026-03-20
ORD0003987,ORD0003987-L3222,CUST000065,PROD000222,Northeast,web,3,558.6,placed,2026-03-20
ORD0003987,ORD0003987-L2192,CUST000065,PROD000192,Northeast,web,2,959.18,placed,2026-03-20
ORD0000127,ORD0000127-L2212,CUST000035,PROD000212,Midwest,mobile,2,409.56,placed,2026-03-21
ORD0000127,ORD0000127-L1234,CUST000035,PROD000234,West,store,1,445.62,placed,2026-03-21
ORD0000349,ORD0000349-L3222,CUST000488,PROD000222,West,mobile,3,558.6,placed,2026-03-21
ORD0000349,ORD0000349-L1054,CUST000488,PROD000054,West,store,1,225.84,placed,2026-03-21
ORD0000349,ORD0000349-L3194,CUST000488,PROD000194,Midwest,marketplace,3,583.8,placed,2026-03-21
ORD0000349,ORD0000349-L3011,CUST000488,PROD000011,Southeast,store,3,867.39,placed,2026-03-21
ORD0000643,ORD0000643-L3145,CUST000169,PROD000145,Midwest,web,3,321.27,placed,2026-03-21
ORD0000643,ORD0000643-L1161,CUST000169,PROD000161,West,mobile,1,233.9,placed,2026-03-21
ORD0000643,ORD0000643-L2231,CUST000169,PROD000231,West,marketplace,2,137.36,placed,2026-03-21
ORD0000646,ORD0000646-L3150,CUST000225,PROD000150,Southeast,web,3,1404.72,placed,2026-03-21
ORD0000646,ORD0000646-L2059,CUST000225,PROD000059,West,marketplace,2,45.82,placed,2026-03-21
ORD0000731,ORD0000731-L1097,CUST000120,PROD000097,Northeast,marketplace,1,338.29,placed,2026-03-21
ORD0000731,ORD0000731-L1034,CUST000120,PROD000034,Midwest,marketplace,1,305.64,placed,2026-03-21
ORD0000731,ORD0000731-L3154,CUST000120,PROD000154,Midwest,web,3,1001.67,placed,2026-03-21
ORD0000934,ORD0000934-L1225,CUST000457,PROD000225,Southeast,mobile,1,396.26,placed,2026-03-21
ORD0000934,ORD0000934-L2018,CUST000457,PROD000018,Northeast,mobile,2,509.4,placed,2026-03-21
ORD0001126,ORD0001126-L3089,CUST000488,PROD000089,Northeast,marketplace,3,105.21,placed,2026-03-21
ORD0001126,ORD0001126-L2110,CUST000488,PROD000110,Southeast,store,2,384.72,placed,2026-03-21
ORD0001126,ORD0001126-L2083,CUST000488,PROD000083,West,store,2,411.32,placed,2026-03-21
ORD0001247,ORD0001247-L3139,CUST000168,PROD000139,West,web,3,1233.06,placed,2026-03-21
ORD0001247,ORD0001247-L2016,CUST000168,PROD000016,West,mobile,2,819.86,placed,2026-03-21
ORD0001247,ORD0001247-L1154,CUST000168,PROD000154,Midwest,web,1,300.5,placed,2026-03-21
ORD0001378,ORD0001378-L1197,CUST000396,PROD000197,Southeast,web,1,428.44,placed,2026-03-21
ORD0001471,ORD0001471-L2124,CUST000172,PROD000124,Northeast,marketplace,2,344.58,placed,2026-03-21
ORD0001471,ORD0001471-L2218,CUST000172,PROD000218,West,web,2,156.84,placed,2026-03-21
ORD0001471,ORD0001471-L2182,CUST000172,PROD000182,Midwest,mobile,2,518.32,placed,2026-03-21
ORD0001521,ORD0001521-L1111,CUST000472,PROD000111,Northeast,store,1,14.32,placed,2026-03-21
ORD0001521,ORD0001521-L3226,CUST000472,PROD000226,Northeast,store,3,645.54,placed,2026-03-21
ORD0001540,ORD0001540-L1030,CUST000479,PROD000030,Midwest,mobile,1,63.98,placed,2026-03-21
ORD0001540,ORD0001540-L2114,CUST000479,PROD000114,Southeast,marketplace,2,753.06,placed,2026-03-21
ORD0001540,ORD0001540-L2183,CUST000479,PROD000183,Northeast,mobile,2,346.74,placed,2026-03-21
ORD0001573,ORD0001573-L2020,CUST000046,PROD000020,Northeast,web,2,877.72,placed,2026-03-21
ORD0001573,ORD0001573-L3227,CUST000046,PROD000227,West,mobile,3,1083.18,placed,2026-03-21
ORD0001739,ORD0001739-L2090,CUST000069,PROD000090,West,marketplace,2,247.4,placed,2026-03-21
ORD0001739,ORD0001739-L1137,CUST000069,PROD000137,Midwest,web,1,455.9,placed,2026-03-21
ORD0001739,ORD0001739-L3033,CUST000069,PROD000033,Northeast,marketplace,3,1164.3,placed,2026-03-21
ORD0001841,ORD0001841-L1099,CUST000286,PROD000099,Northeast,mobile,1,324.09,placed,2026-03-21
ORD0001841,ORD0001841-L3158,CUST000286,PROD000158,West,web,3,279.69,placed,2026-03-21
ORD0001860,ORD0001860-L3029,CUST000361,PROD000029,Northeast,web,3,1422.06,placed,2026-03-21
ORD0001891,ORD0001891-L1161,CUST000194,PROD000161,Midwest,mobile,1,246.21,placed,2026-03-21
ORD0001891,ORD0001891-L2007,CUST000194,PROD000007,West,marketplace,2,729.88,placed,2026-03-21
ORD0001891,ORD0001891-L2231,CUST000194,PROD000231,Midwest,store,2,152.62,placed,2026-03-21
ORD0001891,ORD0001891-L2176,CUST000194,PROD000176,Midwest,marketplace,2,705.28,placed,2026-03-21
ORD0001920,ORD0001920-L1148,CUST000150,PROD000148,Midwest,marketplace,1,141.55,placed,2026-03-21
ORD0002061,ORD0002061-L2220,CUST000310,PROD000220,Midwest,store,2,800.0,placed,2026-03-21
ORD0002289,ORD0002289-L1020,CUST000095,PROD000020,Midwest,marketplace,1,438.86,placed,2026-03-21
ORD0002289,ORD0002289-L1156,CUST000095,PROD000156,Midwest,web,1,78.82,placed,2026-03-21
ORD0002289,ORD0002289-L3028,CUST000095,PROD000028,Southeast,mobile,3,156.3,placed,2026-03-21
ORD0002321,ORD0002321-L2105,CUST000035,PROD000105,Midwest,store,2,779.44,placed,2026-03-21
ORD0002321,ORD0002321-L3223,CUST000035,PROD000223,West,marketplace,3,909.42,placed,2026-03-21
ORD0002335,ORD0002335-L2223,CUST000272,PROD000223,West,marketplace,2,606.28,placed,2026-03-21
ORD0002335,ORD0002335-L2245,CUST000272,PROD000245,Northeast,mobile,2,148.12,placed,2026-03-21
ORD0002529,ORD0002529-L3209,CUST000271,PROD000209,West,marketplace,3,426.72,placed,2026-03-21
ORD0002529,ORD0002529-L1232,CUST000271,PROD000232,West,marketplace,1,118.65,placed,2026-03-21
ORD0002636,ORD0002636-L2197,CUST000004,PROD000197,West,marketplace,2,856.88,placed,2026-03-21
ORD0002636,ORD0002636-L3172,CUST000004,PROD000172,Southeast,web,3,1253.46,placed,2026-03-21
ORD0002850,ORD0002850-L2113,CUST000173,PROD000113,Northeast,mobile,2,54.9,placed,2026-03-21
ORD0002850,ORD0002850-L2203,CUST000173,PROD000203,West,store,2,671.9,placed,2026-03-21
ORD0002850,ORD0002850-L1216,CUST000173,PROD000216,Midwest,mobile,1,47.22,placed,2026-03-21
ORD0002890,ORD0002890-L2032,CUST000342,PROD000032,Southeast,store,2,426.48,placed,2026-03-21
ORD0002890,ORD0002890-L1207,CUST000342,PROD000207,Midwest,store,1,14.18,placed,2026-03-21
ORD0002890,ORD0002890-L2115,CUST000342,PROD000115,Southeast,store,2,318.38,placed,2026-03-21
ORD0002890,ORD0002890-L1155,CUST000342,PROD000155,Midwest,store,1,143.51,placed,2026-03-21
ORD0002915,ORD0002915-L3195,CUST000031,PROD000195,Southeast,store,3,577.74,placed,2026-03-21
ORD0002915,ORD0002915-L2204,CUST000031,PROD000204,Southeast,marketplace,2,901.04,placed,2026-03-21
ORD0002915,ORD0002915-L1016,CUST000031,PROD000016,Midwest,mobile,1,409.93,placed,2026-03-21
ORD0002919,ORD0002919-L2161,CUST000270,PROD000161,Southeast,web,2,443.18,placed,2026-03-21
ORD0003158,ORD0003158-L3082,CUST000157,PROD000082,Northeast,mobile,3,1101.54,placed,2026-03-21
ORD0003163,ORD0003163-L3107,CUST000380,PROD000107,Northeast,mobile,3,1155.81,placed,2026-03-21
ORD0003163,ORD0003163-L2022,CUST000380,PROD000022,Midwest,web,2,120.78,placed,2026-03-21
ORD0003163,ORD0003163-L2004,CUST000380,PROD000004,Midwest,web,2,900.56,placed,2026-03-21
ORD0003206,ORD0003206-L2219,CUST000409,PROD000219,West,store,2,942.36,placed,2026-03-21
ORD0003206,ORD0003206-L2043,CUST000409,PROD000043,Southeast,web,2,287.44,placed,2026-03-21
ORD0003206,ORD0003206-L2088,CUST000409,PROD000088,Southeast,web,2,458.04,placed,2026-03-21
ORD0003206,ORD0003206-L3064,CUST000409,PROD000064,West,mobile,3,889.5,placed,2026-03-21
ORD0003277,ORD0003277-L2090,CUST000250,PROD000090,Northeast,web,2,247.4,placed,2026-03-21
ORD0003277,ORD0003277-L1141,CUST000250,PROD000141,Southeast,store,1,389.57,placed,2026-03-21
ORD0003277,ORD0003277-L1198,CUST000250,PROD000198,West,store,1,411.83,placed,2026-03-21
ORD0003277,ORD0003277-L2021,CUST000250,PROD000021,Southeast,mobile,2,47.34,placed,2026-03-21
ORD0003282,ORD0003282-L2057,CUST000082,PROD000057,West,store,2,803.16,placed,2026-03-21
ORD0003282,ORD0003282-L3166,CUST000082,PROD000166,Northeast,store,3,742.2,placed,2026-03-21
ORD0003282,ORD0003282-L3148,CUST000082,PROD000148,West,marketplace,3,382.2,placed,2026-03-21
ORD0003734,ORD0003734-L2199,CUST000395,PROD000199,Midwest,store,2,72.48,placed,2026-03-21
ORD0003734,ORD0003734-L3109,CUST000395,PROD000109,West,web,3,800.49,placed,2026-03-21
ORD0003734,ORD0003734-L3138,CUST000395,PROD000138,Northeast,web,3,974.97,placed,2026-03-21
ORD0003734,ORD0003734-L3148,CUST000395,PROD000148,Southeast,store,3,424.65,placed,2026-03-21
ORD0003867,ORD0003867-L1226,CUST000264,PROD000226,Northeast,mobile,1,226.51,placed,2026-03-21
ORD0003867,ORD0003867-L2164,CUST000264,PROD000164,Northeast,marketplace,2,33.54,placed,2026-03-21
ORD0003867,ORD0003867-L1242,CUST000264,PROD000242,Southeast,mobile,1,328.89,placed,2026-03-21
ORD0003957,ORD0003957-L2092,CUST000326,PROD000092,Southeast,store,2,992.64,placed,2026-03-21
ORD0000026,ORD0000026-L1185,CUST000383,PROD000185,Southeast,mobile,1,423.81,placed,2026-03-22
ORD0000026,ORD0000026-L1081,CUST000383,PROD000081,West,web,1,253.35,placed,2026-03-22
ORD0000040,ORD0000040-L2125,CUST000183,PROD000125,West,mobile,2,411.66,placed,2026-03-22
ORD0000040,ORD0000040-L2011,CUST000183,PROD000011,Midwest,mobile,2,578.26,placed,2026-03-22
ORD0000131,ORD0000131-L3219,CUST000203,PROD000219,Southeast,mobile,3,1342.86,placed,2026-03-22
ORD0000131,ORD0000131-L3103,CUST000203,PROD000103,West,store,3,784.32,placed,2026-03-22
ORD0000192,ORD0000192-L2029,CUST000132,PROD000029,Midwest,store,2,948.04,placed,2026-03-22
ORD0000192,ORD0000192-L1011,CUST000132,PROD000011,Northeast,store,1,321.26,placed,2026-03-22
ORD0000264,ORD0000264-L1148,CUST000353,PROD000148,Midwest,mobile,1,127.4,placed,2026-03-22
ORD0000406,ORD0000406-L2062,CUST000218,PROD000062,Midwest,mobile,2,431.32,placed,2026-03-22
ORD0000406,ORD0000406-L1091,CUST000218,PROD000091,Midwest,marketplace,1,180.16,placed,2026-03-22
ORD0000406,ORD0000406-L1166,CUST000218,PROD000166,Midwest,store,1,247.4,placed,2026-03-22
ORD0000406,ORD0000406-L3181,CUST000218,PROD000181,Southeast,web,3,121.89,placed,2026-03-22
ORD0000473,ORD0000473-L3088,CUST000137,PROD000088,Southeast,mobile,3,618.36,placed,2026-03-22
ORD0000505,ORD0000505-L1231,CUST000487,PROD000231,West,mobile,1,76.31,placed,2026-03-22
ORD0000671,ORD0000671-L2012,CUST000301,PROD000012,Midwest,store,2,931.7,placed,2026-03-22
ORD0000689,ORD0000689-L2149,CUST000480,PROD000149,West,store,2,638.82,placed,2026-03-22
ORD0000717,ORD0000717-L2109,CUST000488,PROD000109,West,marketplace,2,561.74,placed,2026-03-22
ORD0000717,ORD0000717-L1195,CUST000488,PROD000195,Northeast,web,1,192.58,placed,2026-03-22
ORD0000717,ORD0000717-L3134,CUST000488,PROD000134,Southeast,store,3,1165.65,placed,2026-03-22
ORD0000717,ORD0000717-L2128,CUST000488,PROD000128,Midwest,mobile,2,61.64,placed,2026-03-22
ORD0000721,ORD0000721-L2240,CUST000258,PROD000240,Midwest,marketplace,2,807.08,placed,2026-03-22
ORD0000725,ORD0000725-L3192,CUST000484,PROD000192,Midwest,web,3,1294.89,placed,2026-03-22
ORD0000725,ORD0000725-L2075,CUST000484,PROD000075,Midwest,store,2,593.7,placed,2026-03-22
ORD0000779,ORD0000779-L2138,CUST000211,PROD000138,Northeast,marketplace,2,584.98,placed,2026-03-22
ORD0000779,ORD0000779-L3046,CUST000211,PROD000046,Midwest,mobile,3,711.87,placed,2026-03-22
ORD0000779,ORD0000779-L2069,CUST000211,PROD000069,Midwest,mobile,2,272.32,placed,2026-03-22
ORD0000779,ORD0000779-L2075,CUST000211,PROD000075,Southeast,web,2,593.7,placed,2026-03-22
ORD0000793,ORD0000793-L2076,CUST000442,PROD000076,Midwest,marketplace,2,128.88,placed,2026-03-22
ORD0000793,ORD0000793-L2077,CUST000442,PROD000077,West,mobile,2,276.5,placed,2026-03-22
ORD0000812,ORD0000812-L2026,CUST000268,PROD000026,Northeast,mobile,2,177.06,placed,2026-03-22
ORD0000812,ORD0000812-L2032,CUST000268,PROD000032,Midwest,marketplace,2,404.02,placed,2026-03-22
ORD0000952,ORD0000952-L1041,CUST000319,PROD000041,Northeast,mobile,1,18.28,placed,2026-03-22
ORD0001300,ORD0001300-L1012,CUST000278,PROD000012,West,marketplace,1,465.85,placed,2026-03-22
ORD0001300,ORD0001300-L3224,CUST000278,PROD000224,Northeast,marketplace,3,1037.76,placed,2026-03-22
ORD0001319,ORD0001319-L3123,CUST000123,PROD000123,Midwest,store,3,483.78,placed,2026-03-22
ORD0001319,ORD0001319-L2099,CUST000123,PROD000099,Midwest,marketplace,2,762.56,placed,2026-03-22
ORD0001319,ORD0001319-L3077,CUST000123,PROD000077,Midwest,web,3,436.59,placed,2026-03-22
ORD0001447,ORD0001447-L3146,CUST000304,PROD000146,Southeast,store,3,974.16,placed,2026-03-22
ORD0001449,ORD0001449-L3145,CUST000436,PROD000145,West,marketplace,3,321.27,placed,2026-03-22
ORD0001556,ORD0001556-L2158,CUST000102,PROD000158,West,web,2,166.84,placed,2026-03-22
ORD0001556,ORD0001556-L1183,CUST000102,PROD000183,Southeast,store,1,192.63,placed,2026-03-22
ORD0001743,ORD0001743-L1018,CUST000126,PROD000018,Midwest,store,1,268.85,placed,2026-03-22
ORD0001764,ORD0001764-L1233,CUST000099,PROD000233,West,web,1,366.8,placed,2026-03-22
ORD0001764,ORD0001764-L2218,CUST000099,PROD000218,Southeast,marketplace,2,149.0,placed,2026-03-22
ORD0001764,ORD0001764-L2187,CUST000099,PROD000187,Northeast,mobile,2,198.6,placed,2026-03-22
ORD0001764,ORD0001764-L1065,CUST000099,PROD000065,Midwest,mobile,1,62.84,placed,2026-03-22
ORD0001794,ORD0001794-L3205,CUST000205,PROD000205,Southeast,marketplace,3,857.73,placed,2026-03-22
ORD0001794,ORD0001794-L2187,CUST000205,PROD000187,West,web,2,188.66,placed,2026-03-22
ORD0001879,ORD0001879-L2028,CUST000220,PROD000028,Southeast,marketplace,2,98.98,placed,2026-03-22
ORD0001954,ORD0001954-L2055,CUST000481,PROD000055,Southeast,store,2,594.1,placed,2026-03-22
ORD0001954,ORD0001954-L3178,CUST000481,PROD000178,Southeast,marketplace,3,712.35,placed,2026-03-22
ORD0001954,ORD0001954-L1200,CUST000481,PROD000200,West,web,1,340.42,placed,2026-03-22
ORD0001993,ORD0001993-L1046,CUST000201,PROD000046,Northeast,store,1,224.8,placed,2026-03-22
ORD0001993,ORD0001993-L2248,CUST000201,PROD000248,Northeast,marketplace,2,627.82,placed,2026-03-22
ORD0001993,ORD0001993-L2191,CUST000201,PROD000191,Southeast,marketplace,2,679.72,placed,2026-03-22
ORD0001993,ORD0001993-L2109,CUST000201,PROD000109,Northeast,mobile,2,561.74,placed,2026-03-22
ORD0002003,ORD0002003-L1049,CUST000432,PROD000049,West,marketplace,1,151.94,placed,2026-03-22
ORD0002045,ORD0002045-L1063,CUST000246,PROD000063,West,store,1,328.24,placed,2026-03-22
ORD0002045,ORD0002045-L3112,CUST000246,PROD000112,Southeast,mobile,3,706.8,placed,2026-03-22
ORD0002045,ORD0002045-L3097,CUST000246,PROD000097,Southeast,web,3,1127.64,placed,2026-03-22
ORD0002137,ORD0002137-L3165,CUST000213,PROD000165,Southeast,mobile,3,1321.23,placed,2026-03-22
ORD0002137,ORD0002137-L3210,CUST000213,PROD000210,Midwest,marketplace,3,1259.67,placed,2026-03-22
ORD0002137,ORD0002137-L2197,CUST000213,PROD000197,Southeast,mobile,2,856.88,placed,2026-03-22
ORD0002137,ORD0002137-L3070,CUST000213,PROD000070,West,web,3,793.59,placed,2026-03-22
ORD0002138,ORD0002138-L3083,CUST000457,PROD000083,Midwest,store,3,584.49,placed,2026-03-22
ORD0002250,ORD0002250-L3005,CUST000443,PROD000005,Southeast,mobile,3,958.08,placed,2026-03-22
ORD0002311,ORD0002311-L3157,CUST000344,PROD000157,Southeast,mobile,3,827.22,placed,2026-03-22
ORD0002311,ORD0002311-L1198,CUST000344,PROD000198,Southeast,marketplace,1,411.83,placed,2026-03-22
ORD0002311,ORD0002311-L3019,CUST000344,PROD000019,Midwest,web,3,853.59,placed,2026-03-22
ORD0002311,ORD0002311-L1173,CUST000344,PROD000173,Northeast,marketplace,1,258.82,placed,2026-03-22
ORD0002312,ORD0002312-L1227,CUST000226,PROD000227,Northeast,store,1,401.18,placed,2026-03-22
ORD0002312,ORD0002312-L2185,CUST000226,PROD000185,West,mobile,2,805.24,placed,2026-03-22
ORD0002415,ORD0002415-L2121,CUST000455,PROD000121,West,marketplace,2,628.58,placed,2026-03-22
ORD0002415,ORD0002415-L2093,CUST000455,PROD000093,Northeast,mobile,2,745.82,placed,2026-03-22
ORD0002415,ORD0002415-L2049,CUST000455,PROD000049,Northeast,web,2,303.88,placed,2026-03-22
ORD0002605,ORD0002605-L3038,CUST000459,PROD000038,West,marketplace,3,105.99,placed,2026-03-22
ORD0002605,ORD0002605-L2183,CUST000459,PROD000183,Southeast,store,2,366.0,placed,2026-03-22
ORD0002777,ORD0002777-L1081,CUST000364,PROD000081,Northeast,store,1,253.35,placed,2026-03-22
ORD0002898,ORD0002898-L1168,CUST000251,PROD000168,West,marketplace,1,289.2,placed,2026-03-22
ORD0002898,ORD0002898-L1031,CUST000251,PROD000031,West,mobile,1,88.21,placed,2026-03-22
ORD0002898,ORD0002898-L3131,CUST000251,PROD000131,West,mobile,3,495.09,placed,2026-03-22
ORD0002925,ORD0002925-L1030,CUST000337,PROD000030,West,web,1,63.98,placed,2026-03-22
ORD0002925,ORD0002925-L3195,CUST000337,PROD000195,Northeast,marketplace,3,577.74,placed,2026-03-22
ORD0002925,ORD0002925-L1250,CUST000337,PROD000250,Southeast,mobile,1,334.77,placed,2026-03-22
ORD0002925,ORD0002925-L2120,CUST000337,PROD000120,Southeast,web,2,169.64,placed,2026-03-22
ORD0003051,ORD0003051-L1231,CUST000388,PROD000231,Northeast,web,1,72.49,placed,2026-03-22
ORD0003086,ORD0003086-L1198,CUST000147,PROD000198,West,mobile,1,434.71,placed,2026-03-22
ORD0003086,ORD0003086-L1171,CUST000147,PROD000171,West,marketplace,1,188.28,placed,2026-03-22
ORD0003086,ORD0003086-L2003,CUST000147,PROD000003,Midwest,web,2,468.26,placed,2026-03-22
ORD0003119,ORD0003119-L2216,CUST000099,PROD000216,Midwest,marketplace,2,99.4,placed,2026-03-22
ORD0003119,ORD0003119-L1170,CUST000099,PROD000170,Southeast,store,1,33.03,placed,2026-03-22
ORD0003119,ORD0003119-L1076,CUST000099,PROD000076,Midwest,marketplace,1,67.83,placed,2026-03-22
ORD0003180,ORD0003180-L1040,CUST000055,PROD000040,Southeast,web,1,30.85,placed,2026-03-22
ORD0003180,ORD0003180-L1010,CUST000055,PROD000010,Midwest,marketplace,1,123.55,placed,2026-03-22
ORD0003204,ORD0003204-L1203,CUST000130,PROD000203,Northeast,web,1,318.27,placed,2026-03-22
ORD0003204,ORD0003204-L3198,CUST000130,PROD000198,Northeast,marketplace,3,1372.77,placed,2026-03-22
ORD0003660,ORD0003660-L1113,CUST000422,PROD000113,Midwest,web,1,24.7,placed,2026-03-22
ORD0003660,ORD0003660-L1017,CUST000422,PROD000017,Northeast,mobile,1,297.68,placed,2026-03-22
ORD0003694,ORD0003694-L3043,CUST000018,PROD000043,Northeast,mobile,3,366.48,placed,2026-03-22
ORD0003694,ORD0003694-L1101,CUST000018,PROD000101,Midwest,mobile,1,369.28,placed,2026-03-22
ORD0003694,ORD0003694-L2243,CUST000018,PROD000243,Northeast,store,2,428.5,placed,2026-03-22
ORD0003694,ORD0003694-L1099,CUST000018,PROD000099,Midwest,marketplace,1,343.15,placed,2026-03-22
ORD0003723,ORD0003723-L3037,CUST000138,PROD000037,Southeast,marketplace,3,1308.75,placed,2026-03-22
ORD0003723,ORD0003723-L2186,CUST000138,PROD000186,Midwest,web,2,672.24,placed,2026-03-22
ORD0003794,ORD0003794-L3010,CUST000177,PROD000010,Midwest,web,3,370.65,placed,2026-03-22
ORD0003794,ORD0003794-L1099,CUST000177,PROD000099,Northeast,web,1,343.15,placed,2026-03-22
ORD0003806,ORD0003806-L3152,CUST000238,PROD000152,Northeast,store,3,1041.78,placed,2026-03-22
ORD0003806,ORD0003806-L2167,CUST000238,PROD000167,Midwest,store,2,324.92,placed,2026-03-22
ORD0003806,ORD0003806-L1165,CUST000238,PROD000165,Southeast,marketplace,1,396.37,placed,2026-03-22
ORD0003824,ORD0003824-L3237,CUST000448,PROD000237,Southeast,store,3,684.03,placed,2026-03-22
ORD0000101,ORD0000101-L3074,CUST000349,PROD000074,West,store,3,760.74,placed,2026-03-23
ORD0000390,ORD0000390-L1185,CUST000239,PROD000185,Southeast,mobile,1,423.81,placed,2026-03-23
ORD0000390,ORD0000390-L1240,CUST000239,PROD000240,Midwest,web,1,403.54,placed,2026-03-23
ORD0000390,ORD0000390-L2069,CUST000239,PROD000069,Southeast,marketplace,2,258.7,placed,2026-03-23
ORD0000390,ORD0000390-L3114,CUST000239,PROD000114,Northeast,mobile,3,1255.11,placed,2026-03-23
ORD0000557,ORD0000557-L3171,CUST000233,PROD000171,Midwest,web,3,564.84,placed,2026-03-23
ORD0000573,ORD0000573-L1089,CUST000263,PROD000089,Midwest,store,1,33.32,placed,2026-03-23
ORD0000573,ORD0000573-L3103,CUST000263,PROD000103,Southeast,mobile,3,784.32,placed,2026-03-23
ORD0000573,ORD0000573-L2120,CUST000263,PROD000120,Northeast,web,2,169.64,placed,2026-03-23
ORD0000573,ORD0000573-L1135,CUST000263,PROD000135,Southeast,store,1,199.24,placed,2026-03-23
ORD0000653,ORD0000653-L3122,CUST000471,PROD000122,West,mobile,3,567.51,placed,2026-03-23
ORD0000653,ORD0000653-L1183,CUST000471,PROD000183,Southeast,store,1,173.37,placed,2026-03-23
ORD0000653,ORD0000653-L1118,CUST000471,PROD000118,Midwest,marketplace,1,288.32,placed,2026-03-23
ORD0000653,ORD0000653-L1247,CUST000471,PROD000247,Northeast,web,1,361.98,placed,2026-03-23
ORD0000707,ORD0000707-L3106,CUST000246,PROD000106,West,mobile,3,430.71,placed,2026-03-23
ORD0000967,ORD0000967-L3239,CUST000470,PROD000239,Northeast,marketplace,3,1043.28,placed,2026-03-23
ORD0000967,ORD0000967-L1096,CUST000470,PROD000096,Midwest,store,1,96.91,placed,2026-03-23
ORD0000967,ORD0000967-L1216,CUST000470,PROD000216,Southeast,mobile,1,44.73,placed,2026-03-23
ORD0000969,ORD0000969-L3039,CUST000316,PROD000039,West,web,3,1159.65,placed,2026-03-23
ORD0000969,ORD0000969-L3246,CUST000316,PROD000246,West,marketplace,3,264.48,placed,2026-03-23
ORD0000969,ORD0000969-L2049,CUST000316,PROD000049,West,mobile,2,288.68,placed,2026-03-23
ORD0000969,ORD0000969-L1224,CUST000316,PROD000224,Midwest,web,1,384.36,placed,2026-03-23
ORD0001042,ORD0001042-L3068,CUST000411,PROD000068,Southeast,mobile,3,408.54,placed,2026-03-23
ORD0001042,ORD0001042-L1117,CUST000411,PROD000117,West,web,1,454.62,placed,2026-03-23
ORD0001042,ORD0001042-L1075,CUST000411,PROD000075,West,mobile,1,267.17,placed,2026-03-23
ORD0001042,ORD0001042-L3001,CUST000411,PROD000001,Northeast,store,3,1269.54,placed,2026-03-23
ORD0001141,ORD0001141-L2118,CUST000363,PROD000118,Midwest,store,2,606.98,placed,2026-03-23
ORD0001450,ORD0001450-L2081,CUST000186,PROD000081,Northeast,mobile,2,506.7,placed,2026-03-23
ORD0001450,ORD0001450-L2119,CUST000186,PROD000119,Southeast,marketplace,2,698.3,placed,2026-03-23
ORD0001462,ORD0001462-L2113,CUST000043,PROD000113,Southeast,store,2,54.9,placed,2026-03-23
ORD0001462,ORD0001462-L2175,CUST000043,PROD000175,Northeast,mobile,2,792.82,placed,2026-03-23
ORD0001491,ORD0001491-L1031,CUST000299,PROD000031,Southeast,store,1,98.01,placed,2026-03-23
ORD0001491,ORD0001491-L3170,CUST000299,PROD000170,Northeast,marketplace,3,99.09,placed,2026-03-23
ORD0001491,ORD0001491-L1067,CUST000299,PROD000067,West,store,1,168.36,placed,2026-03-23
ORD0001704,ORD0001704-L2020,CUST000028,PROD000020,Midwest,mobile,2,877.72,placed,2026-03-23
ORD0001704,ORD0001704-L3196,CUST000028,PROD000196,West,marketplace,3,1140.6,placed,2026-03-23
ORD0001704,ORD0001704-L3017,CUST000028,PROD000017,Midwest,mobile,3,803.73,placed,2026-03-23
ORD0002054,ORD0002054-L2127,CUST000290,PROD000127,Southeast,marketplace,2,174.96,placed,2026-03-23
ORD0002054,ORD0002054-L3015,CUST000290,PROD000015,Northeast,mobile,3,941.49,placed,2026-03-23
ORD0002054,ORD0002054-L3026,CUST000290,PROD000026,Northeast,store,3,265.59,placed,2026-03-23
ORD0002054,ORD0002054-L1193,CUST000290,PROD000193,Southeast,web,1,442.02,placed,2026-03-23
ORD0002056,ORD0002056-L2085,CUST000048,PROD000085,West,mobile,2,928.3,placed,2026-03-23
ORD0002079,ORD0002079-L2013,CUST000009,PROD000013,West,mobile,2,840.3,placed,2026-03-23
ORD0002079,ORD0002079-L3157,CUST000009,PROD000157,West,marketplace,3,785.85,placed,2026-03-23
ORD0002079,ORD0002079-L1152,CUST000009,PROD000152,Midwest,web,1,312.53,placed,2026-03-23
ORD0002079,ORD0002079-L3190,CUST000009,PROD000190,Southeast,web,3,221.1,placed,2026-03-23
ORD0002099,ORD0002099-L1103,CUST000087,PROD000103,Midwest,store,1,275.2,placed,2026-03-23
ORD0002099,ORD0002099-L1126,CUST000087,PROD000126,Southeast,mobile,1,266.11,placed,2026-03-23
ORD0002099,ORD0002099-L1098,CUST000087,PROD000098,Midwest,mobile,1,415.39,placed,2026-03-23
ORD0002126,ORD0002126-L2079,CUST000415,PROD000079,Northeast,store,2,694.2,placed,2026-03-23
ORD0002475,ORD0002475-L2191,CUST000500,PROD000191,West,web,2,645.74,placed,2026-03-23
ORD0002502,ORD0002502-L2122,CUST000096,PROD000122,Southeast,marketplace,2,321.58,placed,2026-03-23
ORD0002502,ORD0002502-L3140,CUST000096,PROD000140,Southeast,marketplace,3,805.95,placed,2026-03-23
ORD0002539,ORD0002539-L3217,CUST000184,PROD000217,Southeast,mobile,3,373.86,placed,2026-03-23
ORD0002539,ORD0002539-L2106,CUST000184,PROD000106,Northeast,web,2,272.78,placed,2026-03-23
ORD0002710,ORD0002710-L1016,CUST000131,PROD000016,Northeast,mobile,1,389.43,placed,2026-03-23
ORD0002710,ORD0002710-L1204,CUST000131,PROD000204,Midwest,web,1,427.99,placed,2026-03-23
ORD0002710,ORD0002710-L2063,CUST000131,PROD000063,Southeast,mobile,2,623.66,placed,2026-03-23
ORD0002710,ORD0002710-L2093,CUST000131,PROD000093,West,store,2,828.68,placed,2026-03-23
ORD0002750,ORD0002750-L3172,CUST000101,PROD000172,Southeast,web,3,1392.72,placed,2026-03-23
ORD0002750,ORD0002750-L1073,CUST000101,PROD000073,Northeast,marketplace,1,281.38,placed,2026-03-23
ORD0002750,ORD0002750-L2052,CUST000101,PROD000052,West,store,2,398.48,placed,2026-03-23
ORD0002848,ORD0002848-L1212,CUST000437,PROD000212,Midwest,store,1,204.78,placed,2026-03-23
ORD0002848,ORD0002848-L1091,CUST000437,PROD000091,Midwest,web,1,189.64,placed,2026-03-23
ORD0002848,ORD0002848-L2033,CUST000437,PROD000033,Northeast,store,2,776.2,placed,2026-03-23
ORD0003401,ORD0003401-L1165,CUST000004,PROD000165,Midwest,store,1,440.41,placed,2026-03-23
ORD0003568,ORD0003568-L3054,CUST000483,PROD000054,Southeast,store,3,713.19,placed,2026-03-23
ORD0003568,ORD0003568-L2167,CUST000483,PROD000167,Northeast,web,2,342.02,placed,2026-03-23
ORD0003568,ORD0003568-L2100,CUST000483,PROD000100,West,web,2,331.14,placed,2026-03-23
ORD0003855,ORD0003855-L1191,CUST000247,PROD000191,Southeast,web,1,305.87,placed,2026-03-23
ORD0003855,ORD0003855-L2043,CUST000247,PROD000043,West,mobile,2,258.7,placed,2026-03-23
ORD0003855,ORD0003855-L3221,CUST000247,PROD000221,Midwest,mobile,3,646.02,placed,2026-03-23
ORD0003855,ORD0003855-L3077,CUST000247,PROD000077,Northeast,marketplace,3,436.59,placed,2026-03-23
ORD0003992,ORD0003992-L1029,CUST000323,PROD000029,Southeast,web,1,474.02,placed,2026-03-23
ORD0003992,ORD0003992-L2196,CUST000323,PROD000196,West,web,2,722.38,placed,2026-03-23
ORD0003992,ORD0003992-L3066,CUST000323,PROD000066,Midwest,web,3,1189.41,placed,2026-03-23
ORD0000055,ORD0000055-L1058,CUST000009,PROD000058,Northeast,mobile,1,277.72,placed,2026-03-24
ORD0000302,ORD0000302-L2035,CUST000032,PROD000035,Southeast,store,2,877.02,placed,2026-03-24
ORD0000302,ORD0000302-L1024,CUST000032,PROD000024,Southeast,store,1,223.39,placed,2026-03-24
ORD0000302,ORD0000302-L3123,CUST000032,PROD000123,Southeast,mobile,3,432.87,placed,2026-03-24
ORD0000302,ORD0000302-L1111,CUST000032,PROD000111,Midwest,marketplace,1,15.07,placed,2026-03-24
ORD0000352,ORD0000352-L3205,CUST000007,PROD000205,Southeast,store,3,812.58,placed,2026-03-24
ORD0000353,ORD0000353-L1053,CUST000093,PROD000053,Southeast,store,1,226.65,placed,2026-03-24
ORD0000353,ORD0000353-L2001,CUST000093,PROD000001,Northeast,mobile,2,804.04,placed,2026-03-24
ORD0000353,ORD0000353-L3088,CUST000093,PROD000088,West,marketplace,3,652.71,placed,2026-03-24
ORD0000353,ORD0000353-L2219,CUST000093,PROD000219,West,mobile,2,895.24,placed,2026-03-24
ORD0000416,ORD0000416-L3094,CUST000358,PROD000094,Midwest,store,3,230.61,placed,2026-03-24
ORD0000416,ORD0000416-L3124,CUST000358,PROD000124,West,mobile,3,489.66,placed,2026-03-24
ORD0000416,ORD0000416-L3114,CUST000358,PROD000114,West,mobile,3,1255.11,placed,2026-03-24
ORD0000416,ORD0000416-L3092,CUST000358,PROD000092,Midwest,web,3,1414.5,placed,2026-03-24
ORD0000447,ORD0000447-L2160,CUST000157,PROD000160,Midwest,store,2,144.8,placed,2026-03-24
ORD0000447,ORD0000447-L1239,CUST000157,PROD000239,Southeast,web,1,347.76,placed,2026-03-24
ORD0000447,ORD0000447-L3136,CUST000157,PROD000136,Southeast,mobile,3,336.24,placed,2026-03-24
ORD0000447,ORD0000447-L2020,CUST000157,PROD000020,Northeast,store,2,926.48,placed,2026-03-24
ORD0000486,ORD0000486-L3135,CUST000489,PROD000135,Midwest,marketplace,3,597.72,placed,2026-03-24
ORD0000544,ORD0000544-L2030,CUST000327,PROD000030,Midwest,store,2,135.08,placed,2026-03-24
ORD0000544,ORD0000544-L2223,CUST000327,PROD000223,Northeast,store,2,575.96,placed,2026-03-24
ORD0000544,ORD0000544-L3139,CUST000327,PROD000139,West,marketplace,3,1297.95,placed,2026-03-24
ORD0000554,ORD0000554-L3078,CUST000464,PROD000078,Southeast,web,3,69.21,placed,2026-03-24
ORD0000595,ORD0000595-L2017,CUST000386,PROD000017,Midwest,store,2,595.36,placed,2026-03-24
ORD0000595,ORD0000595-L1006,CUST000386,PROD000006,Southeast,mobile,1,127.45,placed,2026-03-24
ORD0000595,ORD0000595-L3004,CUST000386,PROD000004,Southeast,mobile,3,1215.75,placed,2026-03-24
ORD0000595,ORD0000595-L2243,CUST000386,PROD000243,Northeast,mobile,2,407.08,placed,2026-03-24
ORD0000730,ORD0000730-L1140,CUST000139,PROD000140,Southeast,store,1,268.65,placed,2026-03-24
ORD0000777,ORD0000777-L1005,CUST000377,PROD000005,West,store,1,319.36,placed,2026-03-24
ORD0000777,ORD0000777-L1246,CUST000377,PROD000246,Midwest,mobile,1,88.16,placed,2026-03-24
ORD0000777,ORD0000777-L1046,CUST000377,PROD000046,West,store,1,224.8,placed,2026-03-24
ORD0001047,ORD0001047-L3140,CUST000436,PROD000140,Southeast,mobile,3,848.37,placed,2026-03-24
ORD0001047,ORD0001047-L1115,CUST000436,PROD000115,West,marketplace,1,159.19,placed,2026-03-24
ORD0001047,ORD0001047-L3189,CUST000436,PROD000189,West,mobile,3,243.18,placed,2026-03-24
ORD0001047,ORD0001047-L2194,CUST000436,PROD000194,Northeast,web,2,389.2,placed,2026-03-24
ORD0001284,ORD0001284-L1154,CUST000282,PROD000154,Northeast,mobile,1,333.89,placed,2026-03-24
ORD0001284,ORD0001284-L2061,CUST000282,PROD000061,Northeast,web,2,605.04,placed,2026-03-24
ORD0001297,ORD0001297-L3232,CUST000076,PROD000232,Midwest,mobile,3,395.49,placed,2026-03-24
ORD0001297,ORD0001297-L3114,CUST000076,PROD000114,Northeast,web,3,1255.11,placed,2026-03-24
ORD0001297,ORD0001297-L1047,CUST000076,PROD000047,West,marketplace,1,139.45,placed,2026-03-24
ORD0001425,ORD0001425-L2242,CUST000229,PROD000242,Southeast,marketplace,2,730.86,placed,2026-03-24
ORD0001425,ORD0001425-L2150,CUST000229,PROD000150,Northeast,web,2,936.48,placed,2026-03-24
ORD0001425,ORD0001425-L1187,CUST000229,PROD000187,Midwest,store,1,89.37,placed,2026-03-24
ORD0001425,ORD0001425-L2025,CUST000229,PROD000025,Northeast,web,2,715.14,placed,2026-03-24
ORD0001429,ORD0001429-L2116,CUST000350,PROD000116,West,marketplace,2,481.82,placed,2026-03-24
ORD0001443,ORD0001443-L2179,CUST000285,PROD000179,Northeast,store,2,453.32,placed,2026-03-24
ORD0001443,ORD0001443-L2125,CUST000285,PROD000125,Midwest,marketplace,2,411.66,placed,2026-03-24
ORD0001650,ORD0001650-L2115,CUST000480,PROD000115,Southeast,web,2,318.38,placed,2026-03-24
ORD0001650,ORD0001650-L1041,CUST000480,PROD000041,West,mobile,1,19.24,placed,2026-03-24
ORD0001650,ORD0001650-L3120,CUST000480,PROD000120,Southeast,marketplace,3,254.46,placed,2026-03-24
ORD0001650,ORD0001650-L1145,CUST000480,PROD000145,West,store,1,107.09,placed,2026-03-24
ORD0001654,ORD0001654-L1072,CUST000422,PROD000072,Northeast,store,1,224.93,placed,2026-03-24
ORD0001654,ORD0001654-L1154,CUST000422,PROD000154,West,marketplace,1,333.89,placed,2026-03-24
ORD0001654,ORD0001654-L2170,CUST000422,PROD000170,West,store,2,66.06,placed,2026-03-24
ORD0001830,ORD0001830-L3096,CUST000420,PROD000096,West,marketplace,3,306.03,placed,2026-03-24
ORD0001894,ORD0001894-L2022,CUST000159,PROD000022,Northeast,marketplace,2,120.78,placed,2026-03-24
ORD0001894,ORD0001894-L3208,CUST000159,PROD000208,Southeast,mobile,3,273.36,placed,2026-03-24
ORD0001923,ORD0001923-L3080,CUST000401,PROD000080,Southeast,web,3,779.64,placed,2026-03-24
ORD0001923,ORD0001923-L2224,CUST000401,PROD000224,Northeast,store,2,768.72,placed,2026-03-24
ORD0002430,ORD0002430-L2007,CUST000389,PROD000007,Northeast,marketplace,2,729.88,placed,2026-03-24
ORD0002496,ORD0002496-L2071,CUST000436,PROD000071,West,marketplace,2,199.98,placed,2026-03-24
ORD0002496,ORD0002496-L2001,CUST000436,PROD000001,Midwest,marketplace,2,846.36,placed,2026-03-24
ORD0002522,ORD0002522-L1236,CUST000433,PROD000236,Northeast,store,1,113.53,placed,2026-03-24
ORD0002522,ORD0002522-L2047,CUST000433,PROD000047,Southeast,marketplace,2,264.96,placed,2026-03-24
ORD0002522,ORD0002522-L1050,CUST000433,PROD000050,West,mobile,1,326.62,placed,2026-03-24
ORD0002646,ORD0002646-L1052,CUST000091,PROD000052,Southeast,store,1,179.32,placed,2026-03-24
ORD0002646,ORD0002646-L1163,CUST000091,PROD000163,Southeast,marketplace,1,338.36,placed,2026-03-24
ORD0002646,ORD0002646-L3234,CUST000091,PROD000234,Southeast,store,3,1336.86,placed,2026-03-24
ORD0002871,ORD0002871-L1245,CUST000498,PROD000245,Midwest,marketplace,1,70.36,placed,2026-03-24
ORD0002871,ORD0002871-L2035,CUST000498,PROD000035,West,mobile,2,925.74,placed,2026-03-24
ORD0002871,ORD0002871-L2233,CUST000498,PROD000233,Southeast,web,2,772.2,placed,2026-03-24
ORD0002871,ORD0002871-L1171,CUST000498,PROD000171,Northeast,store,1,198.19,placed,2026-03-24
ORD0002892,ORD0002892-L3138,CUST000430,PROD000138,West,web,3,926.22,placed,2026-03-24
ORD0002892,ORD0002892-L3105,CUST000430,PROD000105,Southeast,web,3,1110.69,placed,2026-03-24
ORD0002892,ORD0002892-L2198,CUST000430,PROD000198,West,store,2,777.9,placed,2026-03-24
ORD0002961,ORD0002961-L1203,CUST000196,PROD000203,Northeast,mobile,1,353.63,placed,2026-03-24
ORD0002961,ORD0002961-L3020,CUST000196,PROD000020,Midwest,store,3,1462.86,placed,2026-03-24
ORD0003116,ORD0003116-L1145,CUST000115,PROD000145,Northeast,mobile,1,107.09,placed,2026-03-24
ORD0003123,ORD0003123-L2222,CUST000455,PROD000222,Midwest,marketplace,2,372.4,placed,2026-03-24
ORD0003123,ORD0003123-L3235,CUST000455,PROD000235,Midwest,marketplace,3,203.82,placed,2026-03-24
ORD0003123,ORD0003123-L3166,CUST000455,PROD000166,Southeast,marketplace,3,742.2,placed,2026-03-24
ORD0003145,ORD0003145-L2210,CUST000381,PROD000210,Midwest,store,2,751.38,placed,2026-03-24
ORD0003145,ORD0003145-L2135,CUST000381,PROD000135,Midwest,marketplace,2,398.48,placed,2026-03-24
ORD0003145,ORD0003145-L1010,CUST000381,PROD000010,Midwest,store,1,123.55,placed,2026-03-24
ORD0003145,ORD0003145-L1007,CUST000381,PROD000007,Midwest,marketplace,1,364.94,placed,2026-03-24
ORD0003191,ORD0003191-L1066,CUST000469,PROD000066,Southeast,web,1,466.43,placed,2026-03-24
ORD0003234,ORD0003234-L3212,CUST000068,PROD000212,Northeast,web,3,614.34,placed,2026-03-24
ORD0003315,ORD0003315-L2055,CUST000406,PROD000055,Midwest,mobile,2,594.1,placed,2026-03-24
ORD0003339,ORD0003339-L2018,CUST000204,PROD000018,West,web,2,566.0,placed,2026-03-24
ORD0003406,ORD0003406-L1134,CUST000028,PROD000134,Northeast,marketplace,1,369.12,placed,2026-03-24
ORD0003406,ORD0003406-L2237,CUST000028,PROD000237,Midwest,mobile,2,456.02,placed,2026-03-24
ORD0003406,ORD0003406-L1137,CUST000028,PROD000137,Northeast,store,1,455.9,placed,2026-03-24
ORD0003406,ORD0003406-L1003,CUST000028,PROD000003,Northeast,marketplace,1,234.13,placed,2026-03-24
ORD0003425,ORD0003425-L2112,CUST000189,PROD000112,Midwest,mobile,2,471.2,placed,2026-03-24
ORD0003425,ORD0003425-L1064,CUST000189,PROD000064,Northeast,mobile,1,312.11,placed,2026-03-24
ORD0003425,ORD0003425-L1150,CUST000189,PROD000150,Northeast,marketplace,1,444.83,placed,2026-03-24
ORD0003491,ORD0003491-L3026,CUST000387,PROD000026,West,marketplace,3,265.59,placed,2026-03-24
ORD0003491,ORD0003491-L3089,CUST000387,PROD000089,West,store,3,105.21,placed,2026-03-24
ORD0003491,ORD0003491-L3175,CUST000387,PROD000175,West,store,3,1251.81,placed,2026-03-24
ORD0003491,ORD0003491-L2136,CUST000387,PROD000136,Southeast,store,2,224.16,placed,2026-03-24
ORD0003555,ORD0003555-L3236,CUST000425,PROD000236,Midwest,store,3,323.55,placed,2026-03-24
ORD0003555,ORD0003555-L1207,CUST000425,PROD000207,Southeast,marketplace,1,14.18,placed,2026-03-24
ORD0003813,ORD0003813-L3124,CUST000209,PROD000124,Southeast,marketplace,3,544.08,placed,2026-03-24
ORD0003813,ORD0003813-L1186,CUST000209,PROD000186,Southeast,marketplace,1,302.51,placed,2026-03-24
ORD0003813,ORD0003813-L1075,CUST000209,PROD000075,West,marketplace,1,296.85,placed,2026-03-24
ORD0003813,ORD0003813-L1209,CUST000209,PROD000209,Midwest,web,1,128.02,placed,2026-03-24
ORD0003822,ORD0003822-L1097,CUST000149,PROD000097,Southeast,web,1,357.09,placed,2026-03-24
ORD0003822,ORD0003822-L2013,CUST000149,PROD000013,Southeast,store,2,796.06,placed,2026-03-24
ORD0003822,ORD0003822-L1185,CUST000149,PROD000185,Southeast,mobile,1,381.43,placed,2026-03-24
ORD0003822,ORD0003822-L3054,CUST000149,PROD000054,Northeast,mobile,3,641.88,placed,2026-03-24
ORD0003947,ORD0003947-L2078,CUST000225,PROD000078,West,web,2,43.84,placed,2026-03-24
ORD0003947,ORD0003947-L2159,CUST000225,PROD000159,Northeast,marketplace,2,670.22,placed,2026-03-24
ORD0000083,ORD0000083-L1086,CUST000203,PROD000086,Midwest,web,1,465.29,placed,2026-03-25
ORD0000129,ORD0000129-L1095,CUST000116,PROD000095,West,mobile,1,20.4,placed,2026-03-25
ORD0000129,ORD0000129-L2105,CUST000116,PROD000105,Southeast,mobile,2,779.44,placed,2026-03-25
ORD0000129,ORD0000129-L2142,CUST000116,PROD000142,West,store,2,188.68,placed,2026-03-25
ORD0000140,ORD0000140-L1210,CUST000094,PROD000210,Midwest,mobile,1,441.99,placed,2026-03-25
ORD0000140,ORD0000140-L2065,CUST000094,PROD000065,Midwest,web,2,132.3,placed,2026-03-25
ORD0000140,ORD0000140-L2167,CUST000094,PROD000167,Southeast,store,2,342.02,placed,2026-03-25
ORD0000144,ORD0000144-L3127,CUST000378,PROD000127,Northeast,web,3,262.44,placed,2026-03-25
ORD0000144,ORD0000144-L1035,CUST000378,PROD000035,Midwest,store,1,438.51,placed,2026-03-25
ORD0000150,ORD0000150-L3232,CUST000456,PROD000232,Midwest,web,3,375.72,placed,2026-03-25
ORD0000150,ORD0000150-L1149,CUST000456,PROD000149,Midwest,web,1,319.41,placed,2026-03-25
ORD0000150,ORD0000150-L3221,CUST000456,PROD000221,Northeast,mobile,3,646.02,placed,2026-03-25
ORD0000226,ORD0000226-L1125,CUST000014,PROD000125,Northeast,store,1,205.83,placed,2026-03-25
ORD0000226,ORD0000226-L1098,CUST000014,PROD000098,Midwest,marketplace,1,415.39,placed,2026-03-25
ORD0000279,ORD0000279-L1102,CUST000435,PROD000102,Midwest,marketplace,1,110.39,placed,2026-03-25
ORD0000297,ORD0000297-L1151,CUST000406,PROD000151,Midwest,store,1,335.54,placed,2026-03-25
ORD0000297,ORD0000297-L1027,CUST000406,PROD000027,West,store,1,326.57,placed,2026-03-25
ORD0000297,ORD0000297-L1022,CUST000406,PROD000022,Southeast,web,1,57.37,placed,2026-03-25
ORD0000328,ORD0000328-L2069,CUST000128,PROD000069,Southeast,marketplace,2,272.32,placed,2026-03-25
ORD0000328,ORD0000328-L1054,CUST000128,PROD000054,Southeast,store,1,237.73,placed,2026-03-25
ORD0000398,ORD0000398-L3063,CUST000268,PROD000063,Midwest,marketplace,3,984.72,placed,2026-03-25
ORD0000398,ORD0000398-L3028,CUST000268,PROD000028,West,store,3,156.3,placed,2026-03-25
ORD0000617,ORD0000617-L2148,CUST000146,PROD000148,Northeast,mobile,2,240.64,placed,2026-03-25
ORD0000664,ORD0000664-L1108,CUST000258,PROD000108,Southeast,store,1,288.12,placed,2026-03-25
ORD0000664,ORD0000664-L1222,CUST000258,PROD000222,West,web,1,176.89,placed,2026-03-25
ORD0000710,ORD0000710-L3240,CUST000394,PROD000240,West,store,3,1210.62,placed,2026-03-25
ORD0000710,ORD0000710-L3059,CUST000394,PROD000059,Northeast,mobile,3,76.35,placed,2026-03-25
ORD0000710,ORD0000710-L1033,CUST000394,PROD000033,West,web,1,388.1,placed,2026-03-25
ORD0000710,ORD0000710-L1219,CUST000394,PROD000219,West,store,1,447.62,placed,2026-03-25
ORD0000734,ORD0000734-L3075,CUST000079,PROD000075,Northeast,store,3,890.55,placed,2026-03-25
ORD0000765,ORD0000765-L1142,CUST000143,PROD000142,Northeast,store,1,99.31,placed,2026-03-25
ORD0000765,ORD0000765-L2059,CUST000143,PROD000059,Southeast,web,2,50.9,placed,2026-03-25
ORD0000765,ORD0000765-L3099,CUST000143,PROD000099,Northeast,store,3,1086.66,placed,2026-03-25
ORD0000765,ORD0000765-L2118,CUST000143,PROD000118,Southeast,mobile,2,576.64,placed,2026-03-25
ORD0000768,ORD0000768-L3012,CUST000014,PROD000012,Midwest,store,3,1397.55,placed,2026-03-25
ORD0000768,ORD0000768-L3025,CUST000014,PROD000025,West,web,3,1129.17,placed,2026-03-25
ORD0000768,ORD0000768-L1178,CUST000014,PROD000178,Southeast,store,1,237.45,placed,2026-03-25
ORD0000798,ORD0000798-L3132,CUST000275,PROD000132,Midwest,web,3,1088.94,placed,2026-03-25
ORD0000798,ORD0000798-L3220,CUST000275,PROD000220,Southeast,web,3,1266.66,placed,2026-03-25
ORD0000798,ORD0000798-L1194,CUST000275,PROD000194,West,mobile,1,204.84,placed,2026-03-25
ORD0000798,ORD0000798-L2106,CUST000275,PROD000106,West,marketplace,2,287.14,placed,2026-03-25
ORD0000803,ORD0000803-L1026,CUST000352,PROD000026,West,marketplace,1,79.68,placed,2026-03-25
ORD0000803,ORD0000803-L3249,CUST000352,PROD000249,Southeast,mobile,3,347.97,placed,2026-03-25
ORD0000803,ORD0000803-L3044,CUST000352,PROD000044,Midwest,mobile,3,1079.16,placed,2026-03-25
ORD0000829,ORD0000829-L2222,CUST000137,PROD000222,Northeast,mobile,2,335.16,placed,2026-03-25
ORD0000903,ORD0000903-L2195,CUST000297,PROD000195,West,mobile,2,365.9,placed,2026-03-25
ORD0000903,ORD0000903-L1009,CUST000297,PROD000009,Southeast,web,1,363.01,placed,2026-03-25
ORD0001249,ORD0001249-L3053,CUST000099,PROD000053,Southeast,web,3,679.95,placed,2026-03-25
ORD0001249,ORD0001249-L3063,CUST000099,PROD000063,West,store,3,935.49,placed,2026-03-25
ORD0001249,ORD0001249-L3154,CUST000099,PROD000154,Southeast,store,3,1001.67,placed,2026-03-25
ORD0001249,ORD0001249-L2211,CUST000099,PROD000211,Midwest,store,2,575.24,placed,2026-03-25
ORD0001259,ORD0001259-L3211,CUST000207,PROD000211,West,marketplace,3,776.58,placed,2026-03-25
ORD0001259,ORD0001259-L1132,CUST000207,PROD000132,West,mobile,1,382.08,placed,2026-03-25
ORD0001259,ORD0001259-L1168,CUST000207,PROD000168,Northeast,store,1,289.2,placed,2026-03-25
ORD0001259,ORD0001259-L3230,CUST000207,PROD000230,West,store,3,965.19,placed,2026-03-25
ORD0001330,ORD0001330-L3250,CUST000123,PROD000250,Southeast,store,3,1060.11,placed,2026-03-25
ORD0001330,ORD0001330-L1164,CUST000123,PROD000164,Southeast,web,1,15.09,placed,2026-03-25
ORD0001331,ORD0001331-L1063,CUST000037,PROD000063,Midwest,mobile,1,311.83,placed,2026-03-25
ORD0001402,ORD0001402-L2226,CUST000312,PROD000226,West,store,2,453.02,placed,2026-03-25
ORD0001402,ORD0001402-L3177,CUST000312,PROD000177,Southeast,marketplace,3,107.31,placed,2026-03-25
ORD0001432,ORD0001432-L1021,CUST000139,PROD000021,Northeast,store,1,24.92,placed,2026-03-25
ORD0001599,ORD0001599-L3095,CUST000242,PROD000095,West,web,3,61.2,placed,2026-03-25
ORD0001681,ORD0001681-L1087,CUST000087,PROD000087,West,marketplace,1,166.85,placed,2026-03-25
ORD0001855,ORD0001855-L3209,CUST000454,PROD000209,West,marketplace,3,362.7,placed,2026-03-25
ORD0001855,ORD0001855-L2212,CUST000454,PROD000212,West,store,2,389.08,placed,2026-03-25
ORD0001855,ORD0001855-L2143,CUST000454,PROD000143,Southeast,web,2,662.56,placed,2026-03-25
ORD0001873,ORD0001873-L3179,CUST000284,PROD000179,Midwest,store,3,679.98,placed,2026-03-25
ORD0001907,ORD0001907-L1220,CUST000137,PROD000220,Midwest,store,1,444.44,placed,2026-03-25
ORD0002034,ORD0002034-L3093,CUST000423,PROD000093,Southeast,marketplace,3,1180.86,placed,2026-03-25
ORD0002034,ORD0002034-L1211,CUST000423,PROD000211,Southeast,marketplace,1,287.62,placed,2026-03-25
ORD0002034,ORD0002034-L3197,CUST000423,PROD000197,West,web,3,1285.32,placed,2026-03-25
ORD0002034,ORD0002034-L2225,CUST000423,PROD000225,Northeast,mobile,2,792.52,placed,2026-03-25
ORD0002225,ORD0002225-L2166,CUST000378,PROD000166,West,mobile,2,445.32,placed,2026-03-25
ORD0002225,ORD0002225-L1032,CUST000378,PROD000032,West,web,1,224.46,placed,2026-03-25
ORD0002225,ORD0002225-L2156,CUST000378,PROD000156,Midwest,web,2,157.64,placed,2026-03-25
ORD0002267,ORD0002267-L1018,CUST000351,PROD000018,Southeast,marketplace,1,254.7,placed,2026-03-25
ORD0002348,ORD0002348-L3171,CUST000227,PROD000171,Midwest,web,3,535.11,placed,2026-03-25
ORD0002348,ORD0002348-L1106,CUST000227,PROD000106,Southeast,web,1,143.57,placed,2026-03-25
ORD0002348,ORD0002348-L1233,CUST000227,PROD000233,Southeast,store,1,366.8,placed,2026-03-25
ORD0002368,ORD0002368-L3115,CUST000358,PROD000115,Northeast,marketplace,3,453.69,placed,2026-03-25
ORD0002368,ORD0002368-L3207,CUST000358,PROD000207,Southeast,marketplace,3,40.41,placed,2026-03-25
ORD0002468,ORD0002468-L3188,CUST000376,PROD000188,Southeast,web,3,95.43,placed,2026-03-25
ORD0002468,ORD0002468-L3231,CUST000376,PROD000231,Northeast,web,3,217.47,placed,2026-03-25
ORD0002468,ORD0002468-L3116,CUST000376,PROD000116,Southeast,marketplace,3,650.46,placed,2026-03-25
ORD0002468,ORD0002468-L3039,CUST000376,PROD000039,Southeast,web,3,1159.65,placed,2026-03-25
ORD0002821,ORD0002821-L1225,CUST000091,PROD000225,Northeast,web,1,396.26,placed,2026-03-25
ORD0002945,ORD0002945-L2198,CUST000457,PROD000198,West,marketplace,2,915.18,placed,2026-03-25
ORD0002945,ORD0002945-L1195,CUST000457,PROD000195,Southeast,web,1,192.58,placed,2026-03-25
ORD0002945,ORD0002945-L2014,CUST000457,PROD000014,Midwest,marketplace,2,434.18,placed,2026-03-25
ORD0002945,ORD0002945-L2095,CUST000457,PROD000095,Midwest,web,2,36.72,placed,2026-03-25
ORD0002952,ORD0002952-L2172,CUST000256,PROD000172,Northeast,mobile,2,928.48,placed,2026-03-25
ORD0002952,ORD0002952-L3126,CUST000256,PROD000126,Northeast,store,3,842.7,placed,2026-03-25
ORD0002982,ORD0002982-L1157,CUST000144,PROD000157,Southeast,mobile,1,275.74,placed,2026-03-25
ORD0002982,ORD0002982-L3121,CUST000144,PROD000121,Southeast,mobile,3,942.87,placed,2026-03-25
ORD0002982,ORD0002982-L3030,CUST000144,PROD000030,Midwest,store,3,202.62,placed,2026-03-25
ORD0003001,ORD0003001-L3215,CUST000229,PROD000215,Midwest,mobile,3,634.92,placed,2026-03-25
ORD0003045,ORD0003045-L2082,CUST000278,PROD000082,Southeast,marketplace,2,697.64,placed,2026-03-25
ORD0003045,ORD0003045-L2116,CUST000278,PROD000116,Midwest,web,2,481.82,placed,2026-03-25
ORD0003106,ORD0003106-L1145,CUST000274,PROD000145,Southeast,store,1,107.09,placed,2026-03-25
ORD0003124,ORD0003124-L1078,CUST000107,PROD000078,Southeast,mobile,1,20.76,placed,2026-03-25
ORD0003124,ORD0003124-L2172,CUST000107,PROD000172,Southeast,store,2,882.06,placed,2026-03-25
ORD0003124,ORD0003124-L2149,CUST000107,PROD000149,Southeast,store,2,638.82,placed,2026-03-25
ORD0003124,ORD0003124-L3108,CUST000107,PROD000108,West,store,3,864.36,placed,2026-03-25
ORD0003185,ORD0003185-L3008,CUST000478,PROD000008,Northeast,mobile,3,762.87,placed,2026-03-25
ORD0003185,ORD0003185-L2088,CUST000478,PROD000088,Southeast,web,2,435.14,placed,2026-03-25
ORD0003185,ORD0003185-L2199,CUST000478,PROD000199,West,marketplace,2,65.24,placed,2026-03-25
ORD0003240,ORD0003240-L2247,CUST000015,PROD000247,West,web,2,651.56,placed,2026-03-25
ORD0003240,ORD0003240-L3093,CUST000015,PROD000093,Southeast,marketplace,3,1243.02,placed,2026-03-25
ORD0003240,ORD0003240-L1190,CUST000015,PROD000190,Midwest,mobile,1,66.33,placed,2026-03-25
ORD0003385,ORD0003385-L3135,CUST000467,PROD000135,West,marketplace,3,597.72,placed,2026-03-25
ORD0003398,ORD0003398-L3183,CUST000232,PROD000183,West,mobile,3,577.89,placed,2026-03-25
ORD0003398,ORD0003398-L3205,CUST000232,PROD000205,Midwest,mobile,3,857.73,placed,2026-03-25
ORD0003398,ORD0003398-L2243,CUST000232,PROD000243,Northeast,web,2,428.5,placed,2026-03-25
ORD0003440,ORD0003440-L2074,CUST000188,PROD000074,West,marketplace,2,563.5,placed,2026-03-25
ORD0003440,ORD0003440-L2210,CUST000188,PROD000210,Northeast,web,2,883.98,placed,2026-03-25
ORD0003440,ORD0003440-L2072,CUST000188,PROD000072,Northeast,mobile,2,449.86,placed,2026-03-25
ORD0003440,ORD0003440-L1151,CUST000188,PROD000151,Southeast,web,1,353.2,placed,2026-03-25
ORD0003546,ORD0003546-L1171,CUST000389,PROD000171,Midwest,store,1,198.19,placed,2026-03-25
ORD0003546,ORD0003546-L2134,CUST000389,PROD000134,Southeast,marketplace,2,738.24,placed,2026-03-25
ORD0003546,ORD0003546-L2165,CUST000389,PROD000165,West,marketplace,2,836.78,placed,2026-03-25
ORD0003659,ORD0003659-L2216,CUST000241,PROD000216,Midwest,web,2,89.46,placed,2026-03-25
ORD0003659,ORD0003659-L1192,CUST000241,PROD000192,West,marketplace,1,479.59,placed,2026-03-25
ORD0003690,ORD0003690-L3174,CUST000138,PROD000174,Midwest,marketplace,3,921.36,placed,2026-03-25
ORD0003690,ORD0003690-L1193,CUST000138,PROD000193,Midwest,web,1,466.57,placed,2026-03-25
ORD0003705,ORD0003705-L3178,CUST000049,PROD000178,Midwest,web,3,712.35,placed,2026-03-25
ORD0003705,ORD0003705-L2074,CUST000049,PROD000074,Midwest,mobile,2,563.5,placed,2026-03-25
ORD0003860,ORD0003860-L3212,CUST000269,PROD000212,Midwest,marketplace,3,614.34,placed,2026-03-25
ORD0003860,ORD0003860-L2038,CUST000269,PROD000038,Northeast,web,2,66.94,placed,2026-03-25
ORD0003860,ORD0003860-L2235,CUST000269,PROD000235,Southeast,store,2,135.88,placed,2026-03-25
ORD0003860,ORD0003860-L3016,CUST000269,PROD000016,Northeast,marketplace,3,1106.82,placed,2026-03-25
ORD0000006,ORD0000006-L2178,CUST000293,PROD000178,Southeast,mobile,2,474.9,placed,2026-03-26
ORD0000006,ORD0000006-L3249,CUST000293,PROD000249,Midwest,marketplace,3,329.67,placed,2026-03-26
ORD0000087,ORD0000087-L2085,CUST000332,PROD000085,West,mobile,2,789.06,placed,2026-03-26
ORD0000138,ORD0000138-L3243,CUST000364,PROD000243,Northeast,mobile,3,642.75,placed,2026-03-26
ORD0000407,ORD0000407-L2133,CUST000122,PROD000133,Northeast,marketplace,2,220.58,placed,2026-03-26
ORD0000407,ORD0000407-L1112,CUST000122,PROD000112,Northeast,marketplace,1,261.78,placed,2026-03-26
ORD0000407,ORD0000407-L3154,CUST000122,PROD000154,West,marketplace,3,951.6,placed,2026-03-26
ORD0000423,ORD0000423-L1087,CUST000385,PROD000087,Northeast,web,1,185.39,placed,2026-03-26
ORD0000423,ORD0000423-L3219,CUST000385,PROD000219,Southeast,marketplace,3,1342.86,placed,2026-03-26
ORD0000423,ORD0000423-L2139,CUST000385,PROD000139,Southeast,mobile,2,865.3,placed,2026-03-26
ORD0000467,ORD0000467-L1117,CUST000422,PROD000117,Midwest,marketplace,1,431.89,placed,2026-03-26
ORD0000467,ORD0000467-L1007,CUST000422,PROD000007,Southeast,web,1,346.69,placed,2026-03-26
ORD0000467,ORD0000467-L2163,CUST000422,PROD000163,West,marketplace,2,751.92,placed,2026-03-26
ORD0000467,ORD0000467-L1053,CUST000422,PROD000053,Northeast,store,1,203.99,placed,2026-03-26
ORD0000760,ORD0000760-L1127,CUST000338,PROD000127,Midwest,mobile,1,97.2,placed,2026-03-26
ORD0000760,ORD0000760-L2164,CUST000338,PROD000164,West,mobile,2,33.54,placed,2026-03-26
ORD0000760,ORD0000760-L1181,CUST000338,PROD000181,Northeast,mobile,1,40.63,placed,2026-03-26
ORD0000760,ORD0000760-L3196,CUST000338,PROD000196,West,web,3,1140.6,placed,2026-03-26
ORD0000790,ORD0000790-L3072,CUST000156,PROD000072,Northeast,mobile,3,674.79,placed,2026-03-26
ORD0000790,ORD0000790-L2053,CUST000156,PROD000053,West,store,2,453.3,placed,2026-03-26
ORD0000790,ORD0000790-L3102,CUST000156,PROD000102,Southeast,marketplace,3,348.6,placed,2026-03-26
ORD0000790,ORD0000790-L2084,CUST000156,PROD000084,Southeast,store,2,215.06,placed,2026-03-26
ORD0000794,ORD0000794-L3073,CUST000051,PROD000073,West,web,3,844.14,placed,2026-03-26
ORD0000794,ORD0000794-L1061,CUST000051,PROD000061,Northeast,store,1,336.13,placed,2026-03-26
ORD0000794,ORD0000794-L2199,CUST000051,PROD000199,Southeast,store,2,72.48,placed,2026-03-26
ORD0000799,ORD0000799-L2151,CUST000337,PROD000151,Southeast,store,2,706.4,placed,2026-03-26
ORD0001091,ORD0001091-L1187,CUST000328,PROD000187,West,mobile,1,99.3,placed,2026-03-26
ORD0001091,ORD0001091-L1137,CUST000328,PROD000137,West,store,1,479.89,placed,2026-03-26
ORD0001114,ORD0001114-L1238,CUST000452,PROD000238,Northeast,marketplace,1,94.55,placed,2026-03-26
ORD0001114,ORD0001114-L1022,CUST000452,PROD000022,Midwest,web,1,60.39,placed,2026-03-26
ORD0001114,ORD0001114-L1017,CUST000452,PROD000017,Midwest,mobile,1,282.8,placed,2026-03-26
ORD0001114,ORD0001114-L2072,CUST000452,PROD000072,Midwest,store,2,474.84,placed,2026-03-26
ORD0001233,ORD0001233-L1183,CUST000123,PROD000183,West,store,1,192.63,placed,2026-03-26
ORD0001346,ORD0001346-L2095,CUST000428,PROD000095,Northeast,marketplace,2,36.72,placed,2026-03-26
ORD0001346,ORD0001346-L1092,CUST000428,PROD000092,Northeast,web,1,446.69,placed,2026-03-26
ORD0001346,ORD0001346-L1177,CUST000428,PROD000177,West,mobile,1,35.77,placed,2026-03-26
ORD0001455,ORD0001455-L1204,CUST000482,PROD000204,Midwest,mobile,1,450.52,placed,2026-03-26
ORD0001455,ORD0001455-L3096,CUST000482,PROD000096,Southeast,mobile,3,275.43,placed,2026-03-26
ORD0001455,ORD0001455-L1169,CUST000482,PROD000169,Southeast,web,1,294.97,placed,2026-03-26
ORD0001455,ORD0001455-L2111,CUST000482,PROD000111,Southeast,mobile,2,30.14,placed,2026-03-26
ORD0001464,ORD0001464-L3168,CUST000483,PROD000168,West,web,3,963.99,placed,2026-03-26
ORD0001464,ORD0001464-L1156,CUST000483,PROD000156,Northeast,store,1,70.94,placed,2026-03-26
ORD0001464,ORD0001464-L3162,CUST000483,PROD000162,Southeast,mobile,3,862.83,placed,2026-03-26
ORD0001464,ORD0001464-L3161,CUST000483,PROD000161,Midwest,web,3,664.77,placed,2026-03-26
ORD0001470,ORD0001470-L3012,CUST000057,PROD000012,Midwest,web,3,1257.81,placed,2026-03-26
ORD0001470,ORD0001470-L2115,CUST000057,PROD000115,Midwest,marketplace,2,286.54,placed,2026-03-26
ORD0001470,ORD0001470-L2137,CUST000057,PROD000137,Northeast,marketplace,2,959.78,placed,2026-03-26
ORD0001470,ORD0001470-L3117,CUST000057,PROD000117,Midwest,mobile,3,1363.86,placed,2026-03-26
ORD0001537,ORD0001537-L2004,CUST000353,PROD000004,Southeast,marketplace,2,900.56,placed,2026-03-26
ORD0001537,ORD0001537-L2003,CUST000353,PROD000003,Midwest,web,2,494.26,placed,2026-03-26
ORD0001596,ORD0001596-L2148,CUST000413,PROD000148,Northeast,marketplace,2,283.1,placed,2026-03-26
ORD0001596,ORD0001596-L2241,CUST000413,PROD000241,Midwest,marketplace,2,145.16,placed,2026-03-26
ORD0001711,ORD0001711-L2154,CUST000163,PROD000154,Midwest,web,2,634.4,placed,2026-03-26
ORD0001711,ORD0001711-L2215,CUST000163,PROD000215,West,store,2,470.3,placed,2026-03-26
ORD0001893,ORD0001893-L1013,CUST000136,PROD000013,Northeast,store,1,442.26,placed,2026-03-26
ORD0001893,ORD0001893-L2059,CUST000136,PROD000059,West,web,2,45.82,placed,2026-03-26
ORD0001893,ORD0001893-L2190,CUST000136,PROD000190,Southeast,mobile,2,132.66,placed,2026-03-26
ORD0001893,ORD0001893-L1042,CUST000136,PROD000042,Midwest,mobile,1,117.59,placed,2026-03-26
ORD0001910,ORD0001910-L2231,CUST000419,PROD000231,West,web,2,137.36,placed,2026-03-26
ORD0002020,ORD0002020-L3066,CUST000113,PROD000066,Southeast,web,3,1189.41,placed,2026-03-26
ORD0002020,ORD0002020-L3238,CUST000113,PROD000238,Southeast,marketplace,3,283.65,placed,2026-03-26
ORD0002020,ORD0002020-L2137,CUST000113,PROD000137,West,marketplace,2,911.8,placed,2026-03-26
ORD0002057,ORD0002057-L2011,CUST000099,PROD000011,Northeast,mobile,2,578.26,placed,2026-03-26
ORD0002163,ORD0002163-L3220,CUST000479,PROD000220,Northeast,store,3,1200.0,placed,2026-03-26
ORD0002188,ORD0002188-L3073,CUST000358,PROD000073,Southeast,marketplace,3,759.72,placed,2026-03-26
ORD0002216,ORD0002216-L1197,CUST000042,PROD000197,Northeast,marketplace,1,364.17,placed,2026-03-26
ORD0002216,ORD0002216-L2191,CUST000042,PROD000191,Southeast,marketplace,2,611.74,placed,2026-03-26
ORD0002216,ORD0002216-L2221,CUST000042,PROD000221,Midwest,web,2,430.68,placed,2026-03-26
ORD0002216,ORD0002216-L3090,CUST000042,PROD000090,West,mobile,3,390.63,placed,2026-03-26
ORD0002291,ORD0002291-L1158,CUST000389,PROD000158,West,mobile,1,98.14,placed,2026-03-26
ORD0002291,ORD0002291-L3056,CUST000389,PROD000056,Midwest,store,3,252.54,placed,2026-03-26
ORD0002413,ORD0002413-L1227,CUST000230,PROD000227,West,mobile,1,401.18,placed,2026-03-26
ORD0002413,ORD0002413-L2074,CUST000230,PROD000074,Southeast,mobile,2,563.5,placed,2026-03-26
ORD0002567,ORD0002567-L1211,CUST000147,PROD000211,West,marketplace,1,273.24,placed,2026-03-26
ORD0002567,ORD0002567-L1056,CUST000147,PROD000056,Northeast,mobile,1,88.61,placed,2026-03-26
ORD0002567,ORD0002567-L2243,CUST000147,PROD000243,Midwest,store,2,428.5,placed,2026-03-26
ORD0002567,ORD0002567-L3011,CUST000147,PROD000011,Midwest,web,3,963.78,placed,2026-03-26
ORD0002579,ORD0002579-L3195,CUST000036,PROD000195,Northeast,web,3,519.96,placed,2026-03-26
ORD0002579,ORD0002579-L1098,CUST000036,PROD000098,Southeast,marketplace,1,393.53,placed,2026-03-26
ORD0002579,ORD0002579-L3028,CUST000036,PROD000028,Midwest,store,3,156.3,placed,2026-03-26
ORD0002579,ORD0002579-L3061,CUST000036,PROD000061,Southeast,marketplace,3,907.56,placed,2026-03-26
ORD0002626,ORD0002626-L1236,CUST000208,PROD000236,West,mobile,1,113.53,placed,2026-03-26
ORD0002626,ORD0002626-L3028,CUST000208,PROD000028,Midwest,store,3,140.67,placed,2026-03-26
ORD0002626,ORD0002626-L3002,CUST000208,PROD000002,Midwest,mobile,3,1321.74,placed,2026-03-26
ORD0002626,ORD0002626-L1136,CUST000208,PROD000136,Northeast,web,1,112.08,placed,2026-03-26
ORD0002640,ORD0002640-L1163,CUST000153,PROD000163,Midwest,marketplace,1,338.36,placed,2026-03-26
ORD0002640,ORD0002640-L1248,CUST000153,PROD000248,West,store,1,330.43,placed,2026-03-26
ORD0002640,ORD0002640-L3141,CUST000153,PROD000141,Southeast,store,3,1168.71,placed,2026-03-26
ORD0002667,ORD0002667-L1124,CUST000229,PROD000124,Northeast,store,1,172.29,placed,2026-03-26
ORD0002732,ORD0002732-L1110,CUST000229,PROD000110,Midwest,store,1,203.68,placed,2026-03-26
ORD0002732,ORD0002732-L3129,CUST000229,PROD000129,Northeast,mobile,3,339.87,placed,2026-03-26
ORD0002732,ORD0002732-L2079,CUST000229,PROD000079,Southeast,mobile,2,771.34,placed,2026-03-26
ORD0002732,ORD0002732-L1106,CUST000229,PROD000106,West,web,1,136.39,placed,2026-03-26
ORD0002759,ORD0002759-L3135,CUST000016,PROD000135,Midwest,store,3,567.84,placed,2026-03-26
ORD0002762,ORD0002762-L1002,CUST000043,PROD000002,West,mobile,1,440.58,placed,2026-03-26
ORD0002762,ORD0002762-L2028,CUST000043,PROD000028,West,web,2,88.56,placed,2026-03-26
ORD0002908,ORD0002908-L3234,CUST000301,PROD000234,West,marketplace,3,1407.21,placed,2026-03-26
ORD0002908,ORD0002908-L2039,CUST000301,PROD000039,Midwest,store,2,773.1,placed,2026-03-26
ORD0002908,ORD0002908-L1158,CUST000301,PROD000158,Southeast,web,1,98.14,placed,2026-03-26
ORD0002909,ORD0002909-L2195,CUST000431,PROD000195,Southeast,store,2,385.16,placed,2026-03-26
ORD0002971,ORD0002971-L1155,CUST000312,PROD000155,Midwest,mobile,1,168.84,placed,2026-03-26
ORD0002971,ORD0002971-L2207,CUST000312,PROD000207,Northeast,store,2,25.52,placed,2026-03-26
ORD0002971,ORD0002971-L2022,CUST000312,PROD000022,Midwest,mobile,2,108.7,placed,2026-03-26
ORD0002971,ORD0002971-L2085,CUST000312,PROD000085,Southeast,web,2,928.3,placed,2026-03-26
ORD0003009,ORD0003009-L3188,CUST000105,PROD000188,Midwest,web,3,95.43,placed,2026-03-26
ORD0003009,ORD0003009-L1052,CUST000105,PROD000052,Midwest,marketplace,1,189.28,placed,2026-03-26
ORD0003009,ORD0003009-L3007,CUST000105,PROD000007,Southeast,mobile,3,1094.82,placed,2026-03-26
ORD0003025,ORD0003025-L2094,CUST000443,PROD000094,Northeast,store,2,153.74,placed,2026-03-26
ORD0003025,ORD0003025-L3009,CUST000443,PROD000009,Southeast,marketplace,3,925.68,placed,2026-03-26
ORD0003025,ORD0003025-L3177,CUST000443,PROD000177,Northeast,store,3,96.57,placed,2026-03-26
ORD0003025,ORD0003025-L1111,CUST000443,PROD000111,Midwest,store,1,13.56,placed,2026-03-26
ORD0003030,ORD0003030-L3075,CUST000437,PROD000075,Southeast,web,3,801.51,placed,2026-03-26
ORD0003030,ORD0003030-L2167,CUST000437,PROD000167,Northeast,store,2,307.82,placed,2026-03-26
ORD0003085,ORD0003085-L2020,CUST000128,PROD000020,Midwest,marketplace,2,828.96,placed,2026-03-26
ORD0003085,ORD0003085-L1060,CUST000128,PROD000060,Southeast,store,1,282.47,placed,2026-03-26
ORD0003085,ORD0003085-L2068,CUST000128,PROD000068,West,web,2,272.36,placed,2026-03-26
ORD0003085,ORD0003085-L3216,CUST000128,PROD000216,Midwest,store,3,149.1,placed,2026-03-26
ORD0003103,ORD0003103-L3143,CUST000432,PROD000143,Midwest,web,3,1046.16,placed,2026-03-26
ORD0003103,ORD0003103-L3005,CUST000432,PROD000005,Southeast,web,3,862.26,placed,2026-03-26
ORD0003103,ORD0003103-L3192,CUST000432,PROD000192,Midwest,web,3,1438.77,placed,2026-03-26
ORD0003311,ORD0003311-L3124,CUST000112,PROD000124,West,mobile,3,544.08,placed,2026-03-26
ORD0003311,ORD0003311-L2109,CUST000112,PROD000109,Midwest,mobile,2,533.66,placed,2026-03-26
ORD0003311,ORD0003311-L2067,CUST000112,PROD000067,West,mobile,2,336.72,placed,2026-03-26
ORD0003311,ORD0003311-L3182,CUST000112,PROD000182,Southeast,marketplace,3,818.4,placed,2026-03-26
ORD0003320,ORD0003320-L2068,CUST000389,PROD000068,Northeast,web,2,286.7,placed,2026-03-26
ORD0003320,ORD0003320-L2171,CUST000389,PROD000171,Northeast,marketplace,2,396.38,placed,2026-03-26
ORD0003320,ORD0003320-L2091,CUST000389,PROD000091,Southeast,marketplace,2,341.36,placed,2026-03-26
ORD0003320,ORD0003320-L3093,CUST000389,PROD000093,Midwest,mobile,3,1118.73,placed,2026-03-26
ORD0003420,ORD0003420-L1205,CUST000389,PROD000205,Northeast,web,1,270.86,placed,2026-03-26
ORD0003420,ORD0003420-L3090,CUST000389,PROD000090,Southeast,web,3,351.57,placed,2026-03-26
ORD0003420,ORD0003420-L1244,CUST000389,PROD000244,Northeast,web,1,433.06,placed,2026-03-26
ORD0003420,ORD0003420-L1235,CUST000389,PROD000235,Midwest,marketplace,1,67.94,placed,2026-03-26
ORD0003457,ORD0003457-L1166,CUST000475,PROD000166,Northeast,mobile,1,247.4,placed,2026-03-26
ORD0003457,ORD0003457-L2050,CUST000475,PROD000050,West,mobile,2,689.52,placed,2026-03-26
ORD0003462,ORD0003462-L1108,CUST000409,PROD000108,Southeast,marketplace,1,288.12,placed,2026-03-26
ORD0003462,ORD0003462-L2072,CUST000409,PROD000072,Midwest,mobile,2,499.84,placed,2026-03-26
ORD0003462,ORD0003462-L1039,CUST000409,PROD000039,West,marketplace,1,406.9,placed,2026-03-26
ORD0003504,ORD0003504-L2221,CUST000085,PROD000221,West,store,2,430.68,placed,2026-03-26
ORD0003504,ORD0003504-L1047,CUST000085,PROD000047,Midwest,web,1,139.45,placed,2026-03-26
ORD0003504,ORD0003504-L1088,CUST000085,PROD000088,Southeast,marketplace,1,206.12,placed,2026-03-26
ORD0003504,ORD0003504-L2187,CUST000085,PROD000187,West,mobile,2,198.6,placed,2026-03-26
ORD0003684,ORD0003684-L2064,CUST000496,PROD000064,Northeast,mobile,2,624.22,placed,2026-03-26
ORD0003747,ORD0003747-L3102,CUST000166,PROD000102,Midwest,web,3,313.74,placed,2026-03-26
ORD0003944,ORD0003944-L3003,CUST000014,PROD000003,Southeast,web,3,741.39,placed,2026-03-26
ORD0003944,ORD0003944-L1023,CUST000014,PROD000023,Midwest,web,1,30.51,placed,2026-03-26
ORD0003944,ORD0003944-L3016,CUST000014,PROD000016,Northeast,mobile,3,1106.82,placed,2026-03-26
ORD0003944,ORD0003944-L3101,CUST000014,PROD000101,Northeast,store,3,1230.93,placed,2026-03-26
ORD0000191,ORD0000191-L3158,CUST000158,PROD000158,West,web,3,294.42,placed,2026-03-27
ORD0000282,ORD0000282-L1098,CUST000174,PROD000098,Northeast,marketplace,1,437.25,placed,2026-03-27
ORD0000289,ORD0000289-L2112,CUST000434,PROD000112,Southeast,mobile,2,523.56,placed,2026-03-27
ORD0000289,ORD0000289-L1159,CUST000434,PROD000159,Midwest,mobile,1,372.34,placed,2026-03-27
ORD0000333,ORD0000333-L1104,CUST000351,PROD000104,Midwest,store,1,310.89,placed,2026-03-27
ORD0000333,ORD0000333-L3210,CUST000351,PROD000210,Southeast,marketplace,3,1193.37,placed,2026-03-27
ORD0000333,ORD0000333-L3129,CUST000351,PROD000129,Southeast,mobile,3,377.64,placed,2026-03-27
ORD0000333,ORD0000333-L2108,CUST000351,PROD000108,Midwest,mobile,2,518.62,placed,2026-03-27
ORD0000347,ORD0000347-L2132,CUST000041,PROD000132,West,store,2,725.96,placed,2026-03-27
ORD0000479,ORD0000479-L2019,CUST000073,PROD000019,West,mobile,2,537.46,placed,2026-03-27
ORD0000479,ORD0000479-L1092,CUST000073,PROD000092,Midwest,web,1,496.32,placed,2026-03-27
ORD0000479,ORD0000479-L2176,CUST000073,PROD000176,Midwest,store,2,631.04,placed,2026-03-27
ORD0000479,ORD0000479-L1114,CUST000073,PROD000114,Midwest,marketplace,1,355.61,placed,2026-03-27
ORD0000494,ORD0000494-L3117,CUST000296,PROD000117,West,mobile,3,1295.67,placed,2026-03-27
ORD0000494,ORD0000494-L1225,CUST000296,PROD000225,Southeast,web,1,396.26,placed,2026-03-27
ORD0000494,ORD0000494-L2096,CUST000296,PROD000096,West,marketplace,2,193.82,placed,2026-03-27
ORD0000572,ORD0000572-L1242,CUST000163,PROD000242,Northeast,marketplace,1,365.43,placed,2026-03-27
ORD0000572,ORD0000572-L2155,CUST000163,PROD000155,Southeast,mobile,2,337.68,placed,2026-03-27
ORD0000572,ORD0000572-L3117,CUST000163,PROD000117,Northeast,web,3,1295.67,placed,2026-03-27
ORD0000572,ORD0000572-L1018,CUST000163,PROD000018,Midwest,store,1,268.85,placed,2026-03-27
ORD0000738,ORD0000738-L2067,CUST000105,PROD000067,Southeast,mobile,2,286.22,placed,2026-03-27
ORD0000738,ORD0000738-L2051,CUST000105,PROD000051,Midwest,web,2,768.62,placed,2026-03-27
ORD0000738,ORD0000738-L1024,CUST000105,PROD000024,West,store,1,223.39,placed,2026-03-27
ORD0000744,ORD0000744-L1188,CUST000104,PROD000188,Northeast,mobile,1,33.48,placed,2026-03-27
ORD0000787,ORD0000787-L2182,CUST000164,PROD000182,Northeast,store,2,545.6,placed,2026-03-27
ORD0000787,ORD0000787-L2230,CUST000164,PROD000230,Southeast,mobile,2,579.12,placed,2026-03-27
ORD0000787,ORD0000787-L2060,CUST000164,PROD000060,West,marketplace,2,535.22,placed,2026-03-27
ORD0000787,ORD0000787-L1158,CUST000164,PROD000158,Midwest,web,1,98.14,placed,2026-03-27
ORD0000908,ORD0000908-L1163,CUST000428,PROD000163,Southeast,store,1,375.96,placed,2026-03-27
ORD0000970,ORD0000970-L1045,CUST000305,PROD000045,Midwest,marketplace,1,419.11,placed,2026-03-27
ORD0000970,ORD0000970-L1099,CUST000305,PROD000099,Southeast,store,1,362.22,placed,2026-03-27
ORD0000970,ORD0000970-L1239,CUST000305,PROD000239,West,store,1,347.76,placed,2026-03-27
ORD0000970,ORD0000970-L3212,CUST000305,PROD000212,Northeast,web,3,583.62,placed,2026-03-27
ORD0000986,ORD0000986-L3157,CUST000301,PROD000157,Southeast,web,3,744.51,placed,2026-03-27
ORD0000986,ORD0000986-L2048,CUST000301,PROD000048,Southeast,store,2,689.76,placed,2026-03-27
ORD0000986,ORD0000986-L3203,CUST000301,PROD000203,West,web,3,954.81,placed,2026-03-27
ORD0000986,ORD0000986-L2109,CUST000301,PROD000109,Southeast,marketplace,2,561.74,placed,2026-03-27
ORD0001214,ORD0001214-L1035,CUST000215,PROD000035,West,mobile,1,438.51,placed,2026-03-27
ORD0001214,ORD0001214-L1164,CUST000215,PROD000164,West,web,1,15.09,placed,2026-03-27
ORD0001214,ORD0001214-L1023,CUST000215,PROD000023,Midwest,store,1,30.51,placed,2026-03-27
ORD0001230,ORD0001230-L3217,CUST000398,PROD000217,Midwest,store,3,415.41,placed,2026-03-27
ORD0001230,ORD0001230-L3223,CUST000398,PROD000223,Southeast,store,3,818.49,placed,2026-03-27
ORD0001427,ORD0001427-L2063,CUST000033,PROD000063,Midwest,web,2,656.48,placed,2026-03-27
ORD0001604,ORD0001604-L3150,CUST000369,PROD000150,Southeast,mobile,3,1404.72,placed,2026-03-27
ORD0001604,ORD0001604-L2237,CUST000369,PROD000237,West,web,2,410.42,placed,2026-03-27
ORD0001638,ORD0001638-L1160,CUST000274,PROD000160,Northeast,mobile,1,72.4,placed,2026-03-27
ORD0001638,ORD0001638-L3146,CUST000274,PROD000146,West,mobile,3,920.04,placed,2026-03-27
ORD0001638,ORD0001638-L1054,CUST000274,PROD000054,Midwest,mobile,1,237.73,placed,2026-03-27
ORD0001678,ORD0001678-L3137,CUST000072,PROD000137,Southeast,web,3,1439.67,placed,2026-03-27
ORD0001678,ORD0001678-L3055,CUST000072,PROD000055,Southeast,web,3,938.04,placed,2026-03-27
ORD0001678,ORD0001678-L3037,CUST000072,PROD000037,West,marketplace,3,1308.75,placed,2026-03-27
ORD0001678,ORD0001678-L2098,CUST000072,PROD000098,Southeast,web,2,787.06,placed,2026-03-27
ORD0001712,ORD0001712-L3213,CUST000424,PROD000213,Southeast,marketplace,3,29.4,placed,2026-03-27
ORD0001712,ORD0001712-L1207,CUST000424,PROD000207,Midwest,web,1,12.76,placed,2026-03-27
ORD0001712,ORD0001712-L1200,CUST000424,PROD000200,Northeast,marketplace,1,340.42,placed,2026-03-27
ORD0001712,ORD0001712-L2103,CUST000424,PROD000103,Southeast,web,2,467.84,placed,2026-03-27
ORD0001820,ORD0001820-L1093,CUST000372,PROD000093,Southeast,web,1,393.62,placed,2026-03-27
ORD0001831,ORD0001831-L2166,CUST000436,PROD000166,Southeast,mobile,2,494.8,placed,2026-03-27
ORD0001831,ORD0001831-L1054,CUST000436,PROD000054,Southeast,marketplace,1,237.73,placed,2026-03-27
ORD0001831,ORD0001831-L3125,CUST000436,PROD000125,Northeast,web,3,555.75,placed,2026-03-27
ORD0001831,ORD0001831-L2028,CUST000436,PROD000028,Southeast,marketplace,2,104.2,placed,2026-03-27
ORD0001882,ORD0001882-L2148,CUST000337,PROD000148,Southeast,web,2,283.1,placed,2026-03-27
ORD0001882,ORD0001882-L2061,CUST000337,PROD000061,Southeast,web,2,672.26,placed,2026-03-27
ORD0001977,ORD0001977-L3203,CUST000217,PROD000203,West,web,3,1060.89,placed,2026-03-27
ORD0001977,ORD0001977-L2056,CUST000217,PROD000056,Northeast,web,2,159.5,placed,2026-03-27
ORD0001977,ORD0001977-L2155,CUST000217,PROD000155,Northeast,store,2,320.8,placed,2026-03-27
ORD0002102,ORD0002102-L2138,CUST000298,PROD000138,Southeast,web,2,649.98,placed,2026-03-27
ORD0002102,ORD0002102-L2092,CUST000298,PROD000092,West,web,2,893.38,placed,2026-03-27
ORD0002128,ORD0002128-L2120,CUST000413,PROD000120,West,store,2,169.64,placed,2026-03-27
ORD0002132,ORD0002132-L1002,CUST000084,PROD000002,West,mobile,1,440.58,placed,2026-03-27
ORD0002132,ORD0002132-L3176,CUST000084,PROD000176,West,marketplace,3,1002.24,placed,2026-03-27
ORD0002132,ORD0002132-L1052,CUST000084,PROD000052,Southeast,mobile,1,199.24,placed,2026-03-27
ORD0002132,ORD0002132-L1225,CUST000084,PROD000225,Southeast,mobile,1,396.26,placed,2026-03-27
ORD0002206,ORD0002206-L1133,CUST000419,PROD000133,West,mobile,1,104.48,placed,2026-03-27
ORD0002352,ORD0002352-L2143,CUST000304,PROD000143,Midwest,web,2,697.44,placed,2026-03-27
ORD0002383,ORD0002383-L2091,CUST000362,PROD000091,Northeast,store,2,379.28,placed,2026-03-27
ORD0002383,ORD0002383-L3082,CUST000362,PROD000082,Southeast,web,3,1101.54,placed,2026-03-27
ORD0002383,ORD0002383-L3239,CUST000362,PROD000239,West,web,3,991.11,placed,2026-03-27
ORD0002383,ORD0002383-L2067,CUST000362,PROD000067,West,mobile,2,336.72,placed,2026-03-27
ORD0002455,ORD0002455-L2211,CUST000049,PROD000211,Midwest,store,2,575.24,placed,2026-03-27
ORD0002455,ORD0002455-L1098,CUST000049,PROD000098,West,mobile,1,415.39,placed,2026-03-27
ORD0002484,ORD0002484-L3192,CUST000107,PROD000192,West,store,3,1438.77,placed,2026-03-27
ORD0002622,ORD0002622-L1241,CUST000213,PROD000241,Southeast,mobile,1,72.58,placed,2026-03-27
ORD0002622,ORD0002622-L2161,CUST000213,PROD000161,West,mobile,2,492.42,placed,2026-03-27
ORD0002622,ORD0002622-L1025,CUST000213,PROD000025,Northeast,web,1,376.39,placed,2026-03-27
ORD0002635,ORD0002635-L1234,CUST000043,PROD000234,Northeast,store,1,469.07,placed,2026-03-27
ORD0002635,ORD0002635-L2153,CUST000043,PROD000153,West,store,2,716.7,placed,2026-03-27
ORD0002635,ORD0002635-L1035,CUST000043,PROD000035,Midwest,web,1,487.23,placed,2026-03-27
ORD0002793,ORD0002793-L1248,CUST000136,PROD000248,Northeast,marketplace,1,313.91,placed,2026-03-27
ORD0002793,ORD0002793-L2077,CUST000136,PROD000077,Northeast,mobile,2,291.06,placed,2026-03-27
ORD0002793,ORD0002793-L3035,CUST000136,PROD000035,Northeast,marketplace,3,1242.45,placed,2026-03-27
ORD0003060,ORD0003060-L2205,CUST000194,PROD000205,Midwest,marketplace,2,511.64,placed,2026-03-27
ORD0003060,ORD0003060-L2214,CUST000194,PROD000214,Southeast,marketplace,2,258.78,placed,2026-03-27
ORD0003182,ORD0003182-L3150,CUST000065,PROD000150,West,marketplace,3,1404.72,placed,2026-03-27
ORD0003182,ORD0003182-L2113,CUST000065,PROD000113,Southeast,mobile,2,46.66,placed,2026-03-27
ORD0003258,ORD0003258-L2124,CUST000250,PROD000124,West,marketplace,2,344.58,placed,2026-03-27
ORD0003258,ORD0003258-L1054,CUST000250,PROD000054,West,store,1,237.73,placed,2026-03-27
ORD0003258,ORD0003258-L2167,CUST000250,PROD000167,West,store,2,307.82,placed,2026-03-27
ORD0003258,ORD0003258-L3046,CUST000250,PROD000046,Midwest,mobile,3,711.87,placed,2026-03-27
ORD0003275,ORD0003275-L2067,CUST000141,PROD000067,Midwest,store,2,336.72,placed,2026-03-27
ORD0003275,ORD0003275-L3027,CUST000141,PROD000027,Midwest,web,3,930.72,placed,2026-03-27
ORD0003275,ORD0003275-L1117,CUST000141,PROD000117,Northeast,mobile,1,454.62,placed,2026-03-27
ORD0003275,ORD0003275-L1101,CUST000141,PROD000101,Midwest,marketplace,1,410.31,placed,2026-03-27
ORD0003476,ORD0003476-L1116,CUST000044,PROD000116,Northeast,mobile,1,228.86,placed,2026-03-27
ORD0003476,ORD0003476-L1166,CUST000044,PROD000166,Northeast,store,1,222.66,placed,2026-03-27
ORD0003698,ORD0003698-L2207,CUST000091,PROD000207,West,store,2,26.94,placed,2026-03-27
ORD0003698,ORD0003698-L3053,CUST000091,PROD000053,Southeast,web,3,679.95,placed,2026-03-27
ORD0003698,ORD0003698-L1003,CUST000091,PROD000003,Northeast,store,1,260.14,placed,2026-03-27
ORD0003698,ORD0003698-L2011,CUST000091,PROD000011,Midwest,web,2,610.4,placed,2026-03-27
ORD0003704,ORD0003704-L2206,CUST000336,PROD000206,Northeast,store,2,743.58,placed,2026-03-27
ORD0003704,ORD0003704-L2070,CUST000336,PROD000070,Southeast,web,2,529.06,placed,2026-03-27
ORD0003704,ORD0003704-L2138,CUST000336,PROD000138,Midwest,marketplace,2,649.98,placed,2026-03-27
ORD0003708,ORD0003708-L3082,CUST000265,PROD000082,West,marketplace,3,1101.54,placed,2026-03-27
ORD0003714,ORD0003714-L1209,CUST000071,PROD000209,West,mobile,1,120.9,placed,2026-03-27
ORD0003798,ORD0003798-L3013,CUST000383,PROD000013,Northeast,mobile,3,1326.78,placed,2026-03-27
ORD0003798,ORD0003798-L1124,CUST000383,PROD000124,West,web,1,181.36,placed,2026-03-27
ORD0003798,ORD0003798-L1127,CUST000383,PROD000127,Midwest,web,1,97.2,placed,2026-03-27
ORD0003899,ORD0003899-L2243,CUST000166,PROD000243,West,marketplace,2,385.66,placed,2026-03-27
ORD0000130,ORD0000130-L2216,CUST000122,PROD000216,Northeast,marketplace,2,99.4,placed,2026-03-28
ORD0000162,ORD0000162-L2245,CUST000406,PROD000245,Southeast,web,2,133.3,placed,2026-03-28
ORD0000162,ORD0000162-L1136,CUST000406,PROD000136,Southeast,marketplace,1,112.08,placed,2026-03-28
ORD0000162,ORD0000162-L1151,CUST000406,PROD000151,Southeast,web,1,335.54,placed,2026-03-28
ORD0000162,ORD0000162-L1037,CUST000406,PROD000037,Northeast,marketplace,1,370.81,placed,2026-03-28
ORD0000182,ORD0000182-L1026,CUST000294,PROD000026,West,mobile,1,84.1,placed,2026-03-28
ORD0000182,ORD0000182-L2012,CUST000294,PROD000012,West,store,2,885.12,placed,2026-03-28
ORD0000190,ORD0000190-L1116,CUST000071,PROD000116,Midwest,store,1,240.91,placed,2026-03-28
ORD0000190,ORD0000190-L2113,CUST000071,PROD000113,West,store,2,54.9,placed,2026-03-28
ORD0000308,ORD0000308-L2242,CUST000348,PROD000242,West,mobile,2,657.78,placed,2026-03-28
ORD0000308,ORD0000308-L3179,CUST000348,PROD000179,West,marketplace,3,611.97,placed,2026-03-28
ORD0000356,ORD0000356-L3113,CUST000176,PROD000113,West,marketplace,3,82.35,placed,2026-03-28
ORD0000356,ORD0000356-L2139,CUST000176,PROD000139,West,store,2,865.3,placed,2026-03-28
ORD0000382,ORD0000382-L2149,CUST000206,PROD000149,Southeast,web,2,638.82,placed,2026-03-28
ORD0000421,ORD0000421-L1231,CUST000456,PROD000231,Midwest,marketplace,1,68.68,placed,2026-03-28
ORD0000464,ORD0000464-L3024,CUST000098,PROD000024,Northeast,web,3,634.92,placed,2026-03-28
ORD0000464,ORD0000464-L1175,CUST000098,PROD000175,Northeast,mobile,1,417.27,placed,2026-03-28
ORD0000464,ORD0000464-L2118,CUST000098,PROD000118,West,mobile,2,606.98,placed,2026-03-28
ORD0000464,ORD0000464-L1241,CUST000098,PROD000241,West,mobile,1,68.95,placed,2026-03-28
ORD0000608,ORD0000608-L2232,CUST000148,PROD000232,Midwest,marketplace,2,250.48,placed,2026-03-28
ORD0000769,ORD0000769-L3033,CUST000130,PROD000033,Southeast,mobile,3,1164.3,placed,2026-03-28
ORD0000769,ORD0000769-L3210,CUST000130,PROD000210,Midwest,mobile,3,1325.97,placed,2026-03-28
ORD0000769,ORD0000769-L2161,CUST000130,PROD000161,Northeast,store,2,492.42,placed,2026-03-28
ORD0000769,ORD0000769-L1021,CUST000130,PROD000021,Southeast,web,1,23.67,placed,2026-03-28
ORD0000917,ORD0000917-L3101,CUST000417,PROD000101,Midwest,marketplace,3,1230.93,placed,2026-03-28
ORD0000917,ORD0000917-L2068,CUST000417,PROD000068,Northeast,marketplace,2,272.36,placed,2026-03-28
ORD0001113,ORD0001113-L2063,CUST000006,PROD000063,Northeast,store,2,623.66,placed,2026-03-28
ORD0001113,ORD0001113-L3046,CUST000006,PROD000046,Midwest,marketplace,3,749.34,placed,2026-03-28
ORD0001113,ORD0001113-L3057,CUST000006,PROD000057,Southeast,web,3,1144.5,placed,2026-03-28
ORD0001113,ORD0001113-L1017,CUST000006,PROD000017,West,store,1,297.68,placed,2026-03-28
ORD0001137,ORD0001137-L2087,CUST000082,PROD000087,Southeast,web,2,370.78,placed,2026-03-28
ORD0001160,ORD0001160-L2224,CUST000390,PROD000224,Northeast,web,2,730.28,placed,2026-03-28
ORD0001160,ORD0001160-L2075,CUST000390,PROD000075,Northeast,web,2,564.02,placed,2026-03-28
ORD0001160,ORD0001160-L1065,CUST000390,PROD000065,Midwest,marketplace,1,59.54,placed,2026-03-28
ORD0001213,ORD0001213-L3052,CUST000254,PROD000052,Northeast,mobile,3,597.72,placed,2026-03-28
ORD0001213,ORD0001213-L2194,CUST000254,PROD000194,Northeast,web,2,409.68,placed,2026-03-28
ORD0001213,ORD0001213-L1192,CUST000254,PROD000192,Southeast,mobile,1,479.59,placed,2026-03-28
ORD0001213,ORD0001213-L1027,CUST000254,PROD000027,West,mobile,1,326.57,placed,2026-03-28
ORD0001360,ORD0001360-L2228,CUST000155,PROD000228,Northeast,mobile,2,157.92,placed,2026-03-28
ORD0001360,ORD0001360-L1121,CUST000155,PROD000121,West,marketplace,1,298.58,placed,2026-03-28
ORD0001360,ORD0001360-L3169,CUST000155,PROD000169,Northeast,web,3,983.22,placed,2026-03-28
ORD0001360,ORD0001360-L3164,CUST000155,PROD000164,Northeast,store,3,47.79,placed,2026-03-28
ORD0001518,ORD0001518-L2146,CUST000388,PROD000146,Midwest,mobile,2,721.6,placed,2026-03-28
ORD0001518,ORD0001518-L1221,CUST000388,PROD000221,West,web,1,183.04,placed,2026-03-28
ORD0001518,ORD0001518-L1044,CUST000388,PROD000044,Midwest,store,1,359.72,placed,2026-03-28
ORD0001518,ORD0001518-L3211,CUST000388,PROD000211,Midwest,mobile,3,819.72,placed,2026-03-28
ORD0001657,ORD0001657-L1119,CUST000141,PROD000119,West,marketplace,1,349.15,placed,2026-03-28
ORD0001657,ORD0001657-L2058,CUST000141,PROD000058,Southeast,mobile,2,617.16,placed,2026-03-28
ORD0001657,ORD0001657-L2050,CUST000141,PROD000050,Midwest,store,2,616.94,placed,2026-03-28
ORD0001742,ORD0001742-L1096,CUST000056,PROD000096,West,web,1,102.01,placed,2026-03-28
ORD0001783,ORD0001783-L1198,CUST000450,PROD000198,Southeast,mobile,1,388.95,placed,2026-03-28
ORD0001783,ORD0001783-L3116,CUST000450,PROD000116,West,mobile,3,650.46,placed,2026-03-28
ORD0001783,ORD0001783-L2208,CUST000450,PROD000208,Southeast,mobile,2,182.24,placed,2026-03-28
ORD0001809,ORD0001809-L3063,CUST000073,PROD000063,Northeast,marketplace,3,886.26,placed,2026-03-28
ORD0001809,ORD0001809-L1130,CUST000073,PROD000130,Northeast,marketplace,1,413.86,placed,2026-03-28
ORD0001809,ORD0001809-L3151,CUST000073,PROD000151,Northeast,mobile,3,1006.62,placed,2026-03-28
ORD0001809,ORD0001809-L1051,CUST000073,PROD000051,West,web,1,384.31,placed,2026-03-28
ORD0001874,ORD0001874-L3131,CUST000077,PROD000131,Southeast,web,3,420.84,placed,2026-03-28
ORD0001874,ORD0001874-L3193,CUST000077,PROD000193,Northeast,marketplace,3,1473.39,placed,2026-03-28
ORD0001967,ORD0001967-L1112,CUST000156,PROD000112,Midwest,store,1,235.6,placed,2026-03-28
ORD0001967,ORD0001967-L3087,CUST000156,PROD000087,West,marketplace,3,556.17,placed,2026-03-28
ORD0001967,ORD0001967-L1052,CUST000156,PROD000052,Northeast,store,1,189.28,placed,2026-03-28
ORD0001967,ORD0001967-L3187,CUST000156,PROD000187,Midwest,marketplace,3,282.99,placed,2026-03-28
ORD0002117,ORD0002117-L3195,CUST000432,PROD000195,Midwest,mobile,3,548.85,placed,2026-03-28
ORD0002117,ORD0002117-L2038,CUST000432,PROD000038,Southeast,mobile,2,70.66,placed,2026-03-28
ORD0002117,ORD0002117-L2024,CUST000432,PROD000024,Northeast,web,2,470.3,placed,2026-03-28
ORD0002123,ORD0002123-L3100,CUST000229,PROD000100,Midwest,marketplace,3,496.71,placed,2026-03-28
ORD0002123,ORD0002123-L2201,CUST000229,PROD000201,Southeast,mobile,2,737.0,placed,2026-03-28
ORD0002284,ORD0002284-L1093,CUST000104,PROD000093,Northeast,store,1,393.62,placed,2026-03-28
ORD0002284,ORD0002284-L1248,CUST000104,PROD000248,Midwest,marketplace,1,330.43,placed,2026-03-28
ORD0002284,ORD0002284-L3103,CUST000104,PROD000103,West,mobile,3,825.6,placed,2026-03-28
ORD0002284,ORD0002284-L1181,CUST000104,PROD000181,Midwest,web,1,40.63,placed,2026-03-28
ORD0002364,ORD0002364-L1012,CUST000015,PROD000012,Southeast,store,1,465.85,placed,2026-03-28
ORD0002364,ORD0002364-L3037,CUST000015,PROD000037,Northeast,web,3,1177.86,placed,2026-03-28
ORD0002365,ORD0002365-L3249,CUST000317,PROD000249,Northeast,store,3,366.3,placed,2026-03-28
ORD0002365,ORD0002365-L3201,CUST000317,PROD000201,West,web,3,994.95,placed,2026-03-28
ORD0002365,ORD0002365-L3098,CUST000317,PROD000098,Midwest,mobile,3,1311.75,placed,2026-03-28
ORD0002365,ORD0002365-L2250,CUST000317,PROD000250,Midwest,marketplace,2,743.94,placed,2026-03-28
ORD0002423,ORD0002423-L3087,CUST000268,PROD000087,West,store,3,556.17,placed,2026-03-28
ORD0002423,ORD0002423-L3038,CUST000268,PROD000038,West,marketplace,3,100.41,placed,2026-03-28
ORD0002471,ORD0002471-L1093,CUST000442,PROD000093,Southeast,web,1,414.34,placed,2026-03-28
ORD0002610,ORD0002610-L1238,CUST000366,PROD000238,Northeast,web,1,85.09,placed,2026-03-28
ORD0002610,ORD0002610-L2157,CUST000366,PROD000157,Midwest,web,2,551.48,placed,2026-03-28
ORD0002610,ORD0002610-L3244,CUST000366,PROD000244,Midwest,web,3,1234.23,placed,2026-03-28
ORD0002656,ORD0002656-L2097,CUST000225,PROD000097,Midwest,store,2,639.0,placed,2026-03-28
ORD0002656,ORD0002656-L2137,CUST000225,PROD000137,Midwest,store,2,959.78,placed,2026-03-28
ORD0002810,ORD0002810-L3206,CUST000481,PROD000206,Northeast,marketplace,3,1053.39,placed,2026-03-28
ORD0002810,ORD0002810-L1101,CUST000481,PROD000101,Northeast,marketplace,1,410.31,placed,2026-03-28
ORD0002810,ORD0002810-L1069,CUST000481,PROD000069,Southeast,store,1,129.35,placed,2026-03-28
ORD0002810,ORD0002810-L3096,CUST000481,PROD000096,Midwest,web,3,275.43,placed,2026-03-28
ORD0002964,ORD0002964-L3169,CUST000373,PROD000169,Midwest,web,3,983.22,placed,2026-03-28
ORD0002964,ORD0002964-L2142,CUST000373,PROD000142,Midwest,web,2,168.82,placed,2026-03-28
ORD0002964,ORD0002964-L3123,CUST000373,PROD000123,West,mobile,3,509.25,placed,2026-03-28
ORD0002999,ORD0002999-L2241,CUST000332,PROD000241,Southeast,mobile,2,137.9,placed,2026-03-28
ORD0002999,ORD0002999-L2121,CUST000332,PROD000121,Midwest,store,2,597.16,placed,2026-03-28
ORD0002999,ORD0002999-L1009,CUST000332,PROD000009,Midwest,store,1,363.01,placed,2026-03-28
ORD0002999,ORD0002999-L1006,CUST000332,PROD000006,Northeast,web,1,141.61,placed,2026-03-28
ORD0003113,ORD0003113-L2022,CUST000343,PROD000022,Southeast,web,2,114.74,placed,2026-03-28
ORD0003113,ORD0003113-L2105,CUST000343,PROD000105,West,store,2,701.5,placed,2026-03-28
ORD0003113,ORD0003113-L3178,CUST000343,PROD000178,West,mobile,3,712.35,placed,2026-03-28
ORD0003146,ORD0003146-L3021,CUST000379,PROD000021,West,web,3,74.76,placed,2026-03-28
ORD0003146,ORD0003146-L1001,CUST000379,PROD000001,Southeast,web,1,402.02,placed,2026-03-28
ORD0003146,ORD0003146-L3191,CUST000379,PROD000191,Midwest,web,3,968.61,placed,2026-03-28
ORD0003146,ORD0003146-L2091,CUST000379,PROD000091,Northeast,web,2,360.32,placed,2026-03-28
ORD0003811,ORD0003811-L1099,CUST000222,PROD000099,West,store,1,343.15,placed,2026-03-28
ORD0003811,ORD0003811-L1247,CUST000222,PROD000247,Northeast,store,1,343.88,placed,2026-03-28
ORD0003811,ORD0003811-L2189,CUST000222,PROD000189,Northeast,store,2,181.2,placed,2026-03-28
ORD0003811,ORD0003811-L2131,CUST000222,PROD000131,Northeast,marketplace,2,313.56,placed,2026-03-28
ORD0000166,ORD0000166-L1114,CUST000119,PROD000114,West,store,1,418.37,placed,2026-03-29
ORD0000512,ORD0000512-L2130,CUST000484,PROD000130,Northeast,mobile,2,871.28,placed,2026-03-29
ORD0000512,ORD0000512-L1122,CUST000484,PROD000122,Midwest,web,1,189.17,placed,2026-03-29
ORD0000512,ORD0000512-L1186,CUST000484,PROD000186,Northeast,mobile,1,302.51,placed,2026-03-29
ORD0000512,ORD0000512-L1144,CUST000484,PROD000144,West,store,1,331.32,placed,2026-03-29
ORD0000613,ORD0000613-L2243,CUST000240,PROD000243,Northeast,mobile,2,428.5,placed,2026-03-29
ORD0000613,ORD0000613-L3123,CUST000240,PROD000123,Northeast,marketplace,3,483.78,placed,2026-03-29
ORD0000613,ORD0000613-L2101,CUST000240,PROD000101,West,marketplace,2,820.62,placed,2026-03-29
ORD0000620,ORD0000620-L2059,CUST000218,PROD000059,Midwest,store,2,48.36,placed,2026-03-29
ORD0000620,ORD0000620-L3018,CUST000218,PROD000018,Southeast,mobile,3,721.65,placed,2026-03-29
ORD0000782,ORD0000782-L3219,CUST000156,PROD000219,Southeast,marketplace,3,1413.54,placed,2026-03-29
ORD0000821,ORD0000821-L3016,CUST000424,PROD000016,Midwest,marketplace,3,1229.79,placed,2026-03-29
ORD0000821,ORD0000821-L2234,CUST000424,PROD000234,West,web,2,938.14,placed,2026-03-29
ORD0000821,ORD0000821-L3058,CUST000424,PROD000058,Northeast,marketplace,3,925.74,placed,2026-03-29
ORD0000821,ORD0000821-L3085,CUST000424,PROD000085,Southeast,mobile,3,1392.45,placed,2026-03-29
ORD0000891,ORD0000891-L3096,CUST000077,PROD000096,West,web,3,275.43,placed,2026-03-29
ORD0000891,ORD0000891-L2242,CUST000077,PROD000242,Northeast,mobile,2,730.86,placed,2026-03-29
ORD0000891,ORD0000891-L1134,CUST000077,PROD000134,West,mobile,1,388.55,placed,2026-03-29
ORD0000891,ORD0000891-L2188,CUST000077,PROD000188,Northeast,store,2,66.96,placed,2026-03-29
ORD0001234,ORD0001234-L3223,CUST000468,PROD000223,Midwest,marketplace,3,773.01,placed,2026-03-29
ORD0001234,ORD0001234-L1022,CUST000468,PROD000022,Midwest,web,1,60.39,placed,2026-03-29
ORD0001234,ORD0001234-L1003,CUST000468,PROD000003,Midwest,store,1,260.14,placed,2026-03-29
ORD0001234,ORD0001234-L3211,CUST000468,PROD000211,Midwest,store,3,776.58,placed,2026-03-29
ORD0001391,ORD0001391-L2006,CUST000121,PROD000006,West,mobile,2,269.06,placed,2026-03-29
ORD0001391,ORD0001391-L2042,CUST000121,PROD000042,Northeast,store,2,210.42,placed,2026-03-29
ORD0001391,ORD0001391-L1024,CUST000121,PROD000024,West,marketplace,1,235.15,placed,2026-03-29
ORD0001391,ORD0001391-L2105,CUST000121,PROD000105,Southeast,mobile,2,740.46,placed,2026-03-29
ORD0001586,ORD0001586-L1110,CUST000184,PROD000110,Southeast,store,1,226.31,placed,2026-03-29
ORD0001808,ORD0001808-L2096,CUST000209,PROD000096,West,web,2,204.02,placed,2026-03-29
ORD0001856,ORD0001856-L1131,CUST000310,PROD000131,Northeast,web,1,165.03,placed,2026-03-29
ORD0001856,ORD0001856-L3070,CUST000310,PROD000070,West,store,3,793.59,placed,2026-03-29
ORD0002006,ORD0002006-L3065,CUST000492,PROD000065,Northeast,mobile,3,198.45,placed,2026-03-29
ORD0002006,ORD0002006-L3114,CUST000492,PROD000114,Southeast,mobile,3,1192.35,placed,2026-03-29
ORD0002009,ORD0002009-L3175,CUST000313,PROD000175,Southeast,store,3,1251.81,placed,2026-03-29
ORD0002136,ORD0002136-L3202,CUST000400,PROD000202,Southeast,web,3,1167.06,placed,2026-03-29
ORD0002136,ORD0002136-L2175,CUST000400,PROD000175,Southeast,marketplace,2,834.54,placed,2026-03-29
ORD0002136,ORD0002136-L3164,CUST000400,PROD000164,Northeast,web,3,50.31,placed,2026-03-29
ORD0002178,ORD0002178-L1065,CUST000441,PROD000065,West,mobile,1,59.54,placed,2026-03-29
ORD0002178,ORD0002178-L2122,CUST000441,PROD000122,West,store,2,378.34,placed,2026-03-29
ORD0002178,ORD0002178-L2030,CUST000441,PROD000030,Midwest,marketplace,2,142.18,placed,2026-03-29
ORD0002178,ORD0002178-L1041,CUST000441,PROD000041,Southeast,mobile,1,18.28,placed,2026-03-29
ORD0002209,ORD0002209-L2076,CUST000164,PROD000076,Midwest,web,2,135.66,placed,2026-03-29
ORD0002209,ORD0002209-L1043,CUST000164,PROD000043,Southeast,marketplace,1,143.72,placed,2026-03-29
ORD0002327,ORD0002327-L2138,CUST000354,PROD000138,Southeast,mobile,2,584.98,placed,2026-03-29
ORD0002327,ORD0002327-L1058,CUST000354,PROD000058,West,marketplace,1,277.72,placed,2026-03-29
ORD0002327,ORD0002327-L2090,CUST000354,PROD000090,West,marketplace,2,234.38,placed,2026-03-29
ORD0002400,ORD0002400-L3024,CUST000362,PROD000024,West,store,3,705.45,placed,2026-03-29
ORD0002400,ORD0002400-L2193,CUST000362,PROD000193,Southeast,marketplace,2,982.26,placed,2026-03-29
ORD0002400,ORD0002400-L1097,CUST000362,PROD000097,Southeast,mobile,1,338.29,placed,2026-03-29
ORD0002400,ORD0002400-L2047,CUST000362,PROD000047,Northeast,web,2,264.96,placed,2026-03-29
ORD0002488,ORD0002488-L2233,CUST000105,PROD000233,Southeast,store,2,772.2,placed,2026-03-29
ORD0002647,ORD0002647-L1161,CUST000319,PROD000161,Northeast,mobile,1,246.21,placed,2026-03-29
ORD0002647,ORD0002647-L2076,CUST000319,PROD000076,Southeast,marketplace,2,122.1,placed,2026-03-29
ORD0002686,ORD0002686-L2103,CUST000118,PROD000103,Southeast,mobile,2,495.36,placed,2026-03-29
ORD0002686,ORD0002686-L2117,CUST000118,PROD000117,Midwest,marketplace,2,909.24,placed,2026-03-29
ORD0002769,ORD0002769-L3061,CUST000050,PROD000061,Northeast,mobile,3,1008.39,placed,2026-03-29
ORD0002769,ORD0002769-L2004,CUST000050,PROD000004,Midwest,mobile,2,900.56,placed,2026-03-29
ORD0002769,ORD0002769-L2236,CUST000050,PROD000236,Northeast,web,2,227.06,placed,2026-03-29
ORD0002769,ORD0002769-L3225,CUST000050,PROD000225,Midwest,store,3,1320.87,placed,2026-03-29
ORD0003150,ORD0003150-L3194,CUST000408,PROD000194,Southeast,mobile,3,614.52,placed,2026-03-29
ORD0003150,ORD0003150-L3110,CUST000408,PROD000110,Southeast,mobile,3,678.93,placed,2026-03-29
ORD0003150,ORD0003150-L1007,CUST000408,PROD000007,Midwest,store,1,364.94,placed,2026-03-29
ORD0003150,ORD0003150-L2075,CUST000408,PROD000075,West,store,2,593.7,placed,2026-03-29
ORD0003229,ORD0003229-L2244,CUST000457,PROD000244,West,mobile,2,866.12,placed,2026-03-29
ORD0003382,ORD0003382-L1017,CUST000369,PROD000017,West,web,1,267.91,placed,2026-03-29
ORD0003382,ORD0003382-L1219,CUST000369,PROD000219,Northeast,mobile,1,400.5,placed,2026-03-29
ORD0003382,ORD0003382-L3117,CUST000369,PROD000117,Midwest,mobile,3,1363.86,placed,2026-03-29
ORD0003382,ORD0003382-L2010,CUST000369,PROD000010,Midwest,marketplace,2,247.1,placed,2026-03-29
ORD0003538,ORD0003538-L2215,CUST000204,PROD000215,West,store,2,446.78,placed,2026-03-29
ORD0003538,ORD0003538-L2023,CUST000204,PROD000023,Northeast,marketplace,2,51.86,placed,2026-03-29
ORD0003538,ORD0003538-L2196,CUST000204,PROD000196,West,marketplace,2,760.4,placed,2026-03-29
ORD0003549,ORD0003549-L1076,CUST000319,PROD000076,Southeast,store,1,67.83,placed,2026-03-29
ORD0003549,ORD0003549-L2239,CUST000319,PROD000239,West,web,2,695.52,placed,2026-03-29
ORD0003869,ORD0003869-L2115,CUST000128,PROD000115,Northeast,web,2,318.38,placed,2026-03-29
ORD0003869,ORD0003869-L1019,CUST000128,PROD000019,Southeast,web,1,300.34,placed,2026-03-29
ORD0003869,ORD0003869-L3064,CUST000128,PROD000064,Midwest,web,3,889.5,placed,2026-03-29
ORD0003869,ORD0003869-L2137,CUST000128,PROD000137,Midwest,store,2,863.8,placed,2026-03-29
ORD0000252,ORD0000252-L2047,CUST000241,PROD000047,Midwest,web,2,264.96,placed,2026-03-30
ORD0000252,ORD0000252-L2164,CUST000241,PROD000164,Southeast,web,2,31.86,placed,2026-03-30
ORD0000252,ORD0000252-L1004,CUST000241,PROD000004,Northeast,marketplace,1,382.74,placed,2026-03-30
ORD0000283,ORD0000283-L1051,CUST000066,PROD000051,West,web,1,326.66,placed,2026-03-30
ORD0000283,ORD0000283-L2083,CUST000066,PROD000083,West,store,2,389.66,placed,2026-03-30
ORD0000314,ORD0000314-L1063,CUST000250,PROD000063,Midwest,store,1,311.83,placed,2026-03-30
ORD0000314,ORD0000314-L1246,CUST000250,PROD000246,Northeast,web,1,97.95,placed,2026-03-30
ORD0000314,ORD0000314-L2057,CUST000250,PROD000057,Northeast,store,2,803.16,placed,2026-03-30
ORD0000314,ORD0000314-L3186,CUST000250,PROD000186,West,mobile,3,1008.36,placed,2026-03-30
ORD0000444,ORD0000444-L1187,CUST000169,PROD000187,Northeast,store,1,99.3,placed,2026-03-30
ORD0000444,ORD0000444-L2138,CUST000169,PROD000138,West,mobile,2,584.98,placed,2026-03-30
ORD0000444,ORD0000444-L3131,CUST000169,PROD000131,Midwest,marketplace,3,495.09,placed,2026-03-30
ORD0000444,ORD0000444-L3034,CUST000169,PROD000034,Midwest,store,3,871.08,placed,2026-03-30
ORD0000571,ORD0000571-L2163,CUST000219,PROD000163,Southeast,web,2,751.92,placed,2026-03-30
ORD0000610,ORD0000610-L3146,CUST000011,PROD000146,Northeast,web,3,1028.28,placed,2026-03-30
ORD0000610,ORD0000610-L2177,CUST000011,PROD000177,West,web,2,71.54,placed,2026-03-30
ORD0000610,ORD0000610-L2043,CUST000011,PROD000043,Southeast,web,2,287.44,placed,2026-03-30
ORD0000610,ORD0000610-L3024,CUST000011,PROD000024,West,web,3,705.45,placed,2026-03-30
ORD0000706,ORD0000706-L2124,CUST000231,PROD000124,West,marketplace,2,362.72,placed,2026-03-30
ORD0000706,ORD0000706-L2033,CUST000231,PROD000033,Northeast,marketplace,2,737.38,placed,2026-03-30
ORD0000706,ORD0000706-L2210,CUST000231,PROD000210,West,mobile,2,883.98,placed,2026-03-30
ORD0000810,ORD0000810-L2082,CUST000294,PROD000082,Midwest,mobile,2,660.92,placed,2026-03-30
ORD0000810,ORD0000810-L1221,CUST000294,PROD000221,Northeast,mobile,1,215.34,placed,2026-03-30
ORD0000881,ORD0000881-L2012,CUST000062,PROD000012,Northeast,web,2,931.7,placed,2026-03-30
ORD0000881,ORD0000881-L3115,CUST000062,PROD000115,Southeast,mobile,3,453.69,placed,2026-03-30
ORD0000925,ORD0000925-L2196,CUST000323,PROD000196,Southeast,store,2,760.4,placed,2026-03-30
ORD0001036,ORD0001036-L3077,CUST000258,PROD000077,Southeast,store,3,392.94,placed,2026-03-30
ORD0001036,ORD0001036-L1198,CUST000258,PROD000198,West,web,1,457.59,placed,2026-03-30
ORD0001036,ORD0001036-L2196,CUST000258,PROD000196,Midwest,web,2,760.4,placed,2026-03-30
ORD0001051,ORD0001051-L1154,CUST000259,PROD000154,Southeast,web,1,317.2,placed,2026-03-30
ORD0001051,ORD0001051-L1148,CUST000259,PROD000148,Southeast,mobile,1,141.55,placed,2026-03-30
ORD0001051,ORD0001051-L1066,CUST000259,PROD000066,Southeast,mobile,1,466.43,placed,2026-03-30
ORD0001189,ORD0001189-L2158,CUST000172,PROD000158,West,marketplace,2,186.46,placed,2026-03-30
ORD0001189,ORD0001189-L2220,CUST000172,PROD000220,Southeast,mobile,2,800.0,placed,2026-03-30
ORD0001304,ORD0001304-L2035,CUST000111,PROD000035,Midwest,mobile,2,925.74,placed,2026-03-30
ORD0001304,ORD0001304-L2041,CUST000111,PROD000041,Southeast,marketplace,2,36.56,placed,2026-03-30
ORD0001304,ORD0001304-L2157,CUST000111,PROD000157,West,store,2,496.34,placed,2026-03-30
ORD0001304,ORD0001304-L1226,CUST000111,PROD000226,Southeast,store,1,215.18,placed,2026-03-30
ORD0001347,ORD0001347-L2071,CUST000094,PROD000071,Midwest,mobile,2,189.98,placed,2026-03-30
ORD0001347,ORD0001347-L3094,CUST000094,PROD000094,Midwest,web,3,206.34,placed,2026-03-30
ORD0001347,ORD0001347-L2090,CUST000094,PROD000090,Southeast,store,2,260.42,placed,2026-03-30
ORD0001347,ORD0001347-L3101,CUST000094,PROD000101,Southeast,mobile,3,1169.37,placed,2026-03-30
ORD0001563,ORD0001563-L2187,CUST000210,PROD000187,Southeast,store,2,198.6,placed,2026-03-30
ORD0001563,ORD0001563-L1208,CUST000210,PROD000208,Southeast,marketplace,1,77.45,placed,2026-03-30
ORD0001563,ORD0001563-L1250,CUST000210,PROD000250,West,web,1,371.97,placed,2026-03-30
ORD0001628,ORD0001628-L3009,CUST000059,PROD000009,West,store,3,925.68,placed,2026-03-30
ORD0001628,ORD0001628-L3114,CUST000059,PROD000114,Northeast,web,3,1066.83,placed,2026-03-30
ORD0001628,ORD0001628-L3001,CUST000059,PROD000001,West,marketplace,3,1269.54,placed,2026-03-30
ORD0001628,ORD0001628-L2180,CUST000059,PROD000180,Southeast,marketplace,2,744.3,placed,2026-03-30
ORD0001694,ORD0001694-L2173,CUST000074,PROD000173,Northeast,marketplace,2,440.0,placed,2026-03-30
ORD0001694,ORD0001694-L2053,CUST000074,PROD000053,Northeast,web,2,430.64,placed,2026-03-30
ORD0001694,ORD0001694-L3214,CUST000074,PROD000214,Southeast,store,3,349.35,placed,2026-03-30
ORD0001720,ORD0001720-L3127,CUST000191,PROD000127,Southeast,store,3,277.02,placed,2026-03-30
ORD0001748,ORD0001748-L1239,CUST000057,PROD000239,Midwest,marketplace,1,295.6,placed,2026-03-30
ORD0001748,ORD0001748-L2067,CUST000057,PROD000067,Northeast,web,2,319.88,placed,2026-03-30
ORD0001748,ORD0001748-L3049,CUST000057,PROD000049,Northeast,web,3,387.45,placed,2026-03-30
ORD0001850,ORD0001850-L2039,CUST000489,PROD000039,Southeast,web,2,813.8,placed,2026-03-30
ORD0001883,ORD0001883-L2228,CUST000283,PROD000228,Midwest,marketplace,2,142.12,placed,2026-03-30
ORD0001883,ORD0001883-L3181,CUST000283,PROD000181,Northeast,web,3,109.05,placed,2026-03-30
ORD0001887,ORD0001887-L3158,CUST000374,PROD000158,Southeast,store,3,294.42,placed,2026-03-30
ORD0001887,ORD0001887-L2123,CUST000374,PROD000123,Southeast,store,2,322.52,placed,2026-03-30
ORD0001926,ORD0001926-L3090,CUST000364,PROD000090,Midwest,web,3,390.63,placed,2026-03-30
ORD0001926,ORD0001926-L2159,CUST000364,PROD000159,Southeast,store,2,744.68,placed,2026-03-30
ORD0001926,ORD0001926-L1083,CUST000364,PROD000083,Southeast,web,1,194.83,placed,2026-03-30
ORD0001978,ORD0001978-L2016,CUST000360,PROD000016,Southeast,store,2,819.86,placed,2026-03-30
ORD0002008,ORD0002008-L3016,CUST000235,PROD000016,West,mobile,3,1229.79,placed,2026-03-30
ORD0002008,ORD0002008-L3134,CUST000235,PROD000134,West,web,3,1165.65,placed,2026-03-30
ORD0002008,ORD0002008-L3077,CUST000235,PROD000077,Northeast,marketplace,3,436.59,placed,2026-03-30
ORD0002055,ORD0002055-L3236,CUST000219,PROD000236,West,marketplace,3,340.59,placed,2026-03-30
ORD0002055,ORD0002055-L2050,CUST000219,PROD000050,Southeast,web,2,725.82,placed,2026-03-30
ORD0002354,ORD0002354-L3248,CUST000409,PROD000248,West,mobile,3,991.29,placed,2026-03-30
ORD0002354,ORD0002354-L2132,CUST000409,PROD000132,West,marketplace,2,764.16,placed,2026-03-30
ORD0002354,ORD0002354-L3090,CUST000409,PROD000090,West,mobile,3,390.63,placed,2026-03-30
ORD0002354,ORD0002354-L1083,CUST000409,PROD000083,West,marketplace,1,216.48,placed,2026-03-30
ORD0002362,ORD0002362-L1214,CUST000284,PROD000214,Northeast,mobile,1,129.39,placed,2026-03-30
ORD0002362,ORD0002362-L1145,CUST000284,PROD000145,West,mobile,1,107.09,placed,2026-03-30
ORD0002362,ORD0002362-L2201,CUST000284,PROD000201,Northeast,web,2,737.0,placed,2026-03-30
ORD0002362,ORD0002362-L1165,CUST000284,PROD000165,West,marketplace,1,418.39,placed,2026-03-30
ORD0002500,ORD0002500-L1118,CUST000340,PROD000118,Southeast,web,1,303.49,placed,2026-03-30
ORD0002591,ORD0002591-L2227,CUST000101,PROD000227,Midwest,mobile,2,762.24,placed,2026-03-30
ORD0002591,ORD0002591-L1125,CUST000101,PROD000125,West,web,1,195.54,placed,2026-03-30
ORD0002591,ORD0002591-L2231,CUST000101,PROD000231,West,mobile,2,144.98,placed,2026-03-30
ORD0002611,ORD0002611-L2228,CUST000349,PROD000228,Midwest,marketplace,2,157.92,placed,2026-03-30
ORD0002611,ORD0002611-L2179,CUST000349,PROD000179,Southeast,mobile,2,430.66,placed,2026-03-30
ORD0002611,ORD0002611-L2062,CUST000349,PROD000062,Midwest,marketplace,2,479.24,placed,2026-03-30
ORD0002660,ORD0002660-L2110,CUST000156,PROD000110,Southeast,web,2,452.62,placed,2026-03-30
ORD0002660,ORD0002660-L1088,CUST000156,PROD000088,West,web,1,206.12,placed,2026-03-30
ORD0002660,ORD0002660-L1082,CUST000156,PROD000082,Southeast,marketplace,1,367.18,placed,2026-03-30
ORD0002660,ORD0002660-L2015,CUST000156,PROD000015,Northeast,mobile,2,596.28,placed,2026-03-30
ORD0002673,ORD0002673-L3197,CUST000226,PROD000197,Southeast,marketplace,3,1156.8,placed,2026-03-30
ORD0002673,ORD0002673-L2102,CUST000226,PROD000102,Midwest,web,2,232.4,placed,2026-03-30
ORD0002673,ORD0002673-L3002,CUST000226,PROD000002,Southeast,marketplace,3,1321.74,placed,2026-03-30
ORD0002673,ORD0002673-L2099,CUST000226,PROD000099,Southeast,web,2,724.44,placed,2026-03-30
ORD0002682,ORD0002682-L3008,CUST000173,PROD000008,Midwest,web,3,762.87,placed,2026-03-30
ORD0002691,ORD0002691-L2214,CUST000019,PROD000214,Southeast,web,2,258.78,placed,2026-03-30
ORD0002691,ORD0002691-L2120,CUST000019,PROD000120,Northeast,store,2,144.2,placed,2026-03-30
ORD0002736,ORD0002736-L1222,CUST000098,PROD000222,Northeast,store,1,186.2,placed,2026-03-30
ORD0002736,ORD0002736-L3156,CUST000098,PROD000156,Southeast,marketplace,3,224.64,placed,2026-03-30
ORD0002736,ORD0002736-L2060,CUST000098,PROD000060,Southeast,store,2,564.94,placed,2026-03-30
ORD0002805,ORD0002805-L3125,CUST000003,PROD000125,West,web,3,586.62,placed,2026-03-30
ORD0002805,ORD0002805-L1009,CUST000003,PROD000009,Midwest,web,1,326.71,placed,2026-03-30
ORD0002805,ORD0002805-L3168,CUST000003,PROD000168,Northeast,marketplace,3,867.6,placed,2026-03-30
ORD0002815,ORD0002815-L3146,CUST000432,PROD000146,Northeast,web,3,1082.4,placed,2026-03-30
ORD0002815,ORD0002815-L2075,CUST000432,PROD000075,West,mobile,2,593.7,placed,2026-03-30
ORD0003088,ORD0003088-L2208,CUST000045,PROD000208,Northeast,marketplace,2,182.24,placed,2026-03-30
ORD0003088,ORD0003088-L1149,CUST000045,PROD000149,Northeast,web,1,319.41,placed,2026-03-30
ORD0003105,ORD0003105-L1100,CUST000295,PROD000100,Northeast,marketplace,1,183.97,placed,2026-03-30
ORD0003105,ORD0003105-L3064,CUST000295,PROD000064,West,store,3,889.5,placed,2026-03-30
ORD0003105,ORD0003105-L1036,CUST000295,PROD000036,Southeast,web,1,374.66,placed,2026-03-30
ORD0003105,ORD0003105-L2193,CUST000295,PROD000193,Midwest,store,2,884.04,placed,2026-03-30
ORD0003126,ORD0003126-L3230,CUST000371,PROD000230,West,marketplace,3,965.19,placed,2026-03-30
ORD0003126,ORD0003126-L1212,CUST000371,PROD000212,Southeast,marketplace,1,204.78,placed,2026-03-30
ORD0003224,ORD0003224-L1068,CUST000244,PROD000068,Northeast,mobile,1,136.18,placed,2026-03-30
ORD0003224,ORD0003224-L3077,CUST000244,PROD000077,Northeast,mobile,3,414.75,placed,2026-03-30
ORD0003256,ORD0003256-L3071,CUST000289,PROD000071,Northeast,store,3,299.97,placed,2026-03-30
ORD0003256,ORD0003256-L1016,CUST000289,PROD000016,West,store,1,409.93,placed,2026-03-30
ORD0003318,ORD0003318-L1162,CUST000244,PROD000162,Midwest,mobile,1,303.59,placed,2026-03-30
ORD0003318,ORD0003318-L1186,CUST000244,PROD000186,West,web,1,302.51,placed,2026-03-30
ORD0003363,ORD0003363-L3096,CUST000167,PROD000096,West,web,3,275.43,placed,2026-03-30
ORD0003363,ORD0003363-L3154,CUST000167,PROD000154,West,marketplace,3,1001.67,placed,2026-03-30
ORD0003503,ORD0003503-L1194,CUST000305,PROD000194,Northeast,web,1,204.84,placed,2026-03-30
ORD0003521,ORD0003521-L3127,CUST000497,PROD000127,Midwest,store,3,291.6,placed,2026-03-30
ORD0003521,ORD0003521-L3216,CUST000497,PROD000216,Southeast,marketplace,3,149.1,placed,2026-03-30
ORD0003521,ORD0003521-L1232,CUST000497,PROD000232,Midwest,web,1,131.83,placed,2026-03-30
ORD0003521,ORD0003521-L3066,CUST000497,PROD000066,Midwest,marketplace,3,1399.29,placed,2026-03-30
ORD0003630,ORD0003630-L3031,CUST000481,PROD000031,Northeast,web,3,294.03,placed,2026-03-30
ORD0003882,ORD0003882-L3208,CUST000300,PROD000208,West,web,3,259.68,placed,2026-03-30
ORD0003903,ORD0003903-L2248,CUST000146,PROD000248,Northeast,marketplace,2,660.86,placed,2026-03-30
ORD0003903,ORD0003903-L2214,CUST000146,PROD000214,Midwest,mobile,2,245.84,placed,2026-03-30
ORD0000023,ORD0000023-L2100,CUST000343,PROD000100,West,store,2,367.94,placed,2026-03-31
ORD0000027,ORD0000027-L2141,CUST000026,PROD000141,West,mobile,2,779.14,placed,2026-03-31
ORD0000027,ORD0000027-L3196,CUST000026,PROD000196,West,web,3,1140.6,placed,2026-03-31
ORD0000027,ORD0000027-L1043,CUST000026,PROD000043,Midwest,marketplace,1,129.35,placed,2026-03-31
ORD0000043,ORD0000043-L1032,CUST000108,PROD000032,Southeast,web,1,224.46,placed,2026-03-31
ORD0000043,ORD0000043-L1108,CUST000108,PROD000108,West,mobile,1,288.12,placed,2026-03-31
ORD0000043,ORD0000043-L2085,CUST000108,PROD000085,Midwest,mobile,2,881.88,placed,2026-03-31
ORD0000366,ORD0000366-L3189,CUST000257,PROD000189,West,store,3,271.8,placed,2026-03-31
ORD0000366,ORD0000366-L3154,CUST000257,PROD000154,Midwest,store,3,901.5,placed,2026-03-31
ORD0000519,ORD0000519-L1143,CUST000485,PROD000143,Northeast,marketplace,1,313.85,placed,2026-03-31
ORD0000519,ORD0000519-L1105,CUST000485,PROD000105,Northeast,marketplace,1,370.23,placed,2026-03-31
ORD0000519,ORD0000519-L1212,CUST000485,PROD000212,Midwest,marketplace,1,204.78,placed,2026-03-31
ORD0000519,ORD0000519-L2205,CUST000485,PROD000205,Northeast,marketplace,2,541.72,placed,2026-03-31
ORD0000570,ORD0000570-L2246,CUST000023,PROD000246,Northeast,mobile,2,186.1,placed,2026-03-31
ORD0000630,ORD0000630-L2012,CUST000119,PROD000012,Midwest,marketplace,2,931.7,placed,2026-03-31
ORD0000630,ORD0000630-L1158,CUST000119,PROD000158,Southeast,marketplace,1,93.23,placed,2026-03-31
ORD0000630,ORD0000630-L2049,CUST000119,PROD000049,West,web,2,288.68,placed,2026-03-31
ORD0000637,ORD0000637-L1205,CUST000443,PROD000205,Midwest,marketplace,1,300.96,placed,2026-03-31
ORD0000749,ORD0000749-L3011,CUST000461,PROD000011,Midwest,marketplace,3,963.78,placed,2026-03-31
ORD0000749,ORD0000749-L3041,CUST000461,PROD000041,West,mobile,3,51.96,placed,2026-03-31
ORD0000749,ORD0000749-L1097,CUST000461,PROD000097,Northeast,marketplace,1,338.29,placed,2026-03-31
ORD0000755,ORD0000755-L1213,CUST000170,PROD000213,Midwest,web,1,10.89,placed,2026-03-31
ORD0000755,ORD0000755-L2068,CUST000170,PROD000068,Southeast,store,2,286.7,placed,2026-03-31
ORD0000755,ORD0000755-L1009,CUST000170,PROD000009,Midwest,marketplace,1,344.86,placed,2026-03-31
ORD0000863,ORD0000863-L1054,CUST000301,PROD000054,Midwest,marketplace,1,237.73,placed,2026-03-31
ORD0000965,ORD0000965-L1114,CUST000380,PROD000114,West,mobile,1,418.37,placed,2026-03-31
ORD0000965,ORD0000965-L1142,CUST000380,PROD000142,Southeast,marketplace,1,94.34,placed,2026-03-31
ORD0000965,ORD0000965-L3212,CUST000380,PROD000212,Midwest,web,3,614.34,placed,2026-03-31
ORD0001000,ORD0001000-L3146,CUST000483,PROD000146,West,mobile,3,1082.4,placed,2026-03-31
ORD0001000,ORD0001000-L2094,CUST000483,PROD000094,Northeast,web,2,153.74,placed,2026-03-31
ORD0001000,ORD0001000-L2175,CUST000483,PROD000175,Northeast,mobile,2,792.82,placed,2026-03-31
ORD0001021,ORD0001021-L1115,CUST000279,PROD000115,Midwest,marketplace,1,159.19,placed,2026-03-31
ORD0001031,ORD0001031-L2048,CUST000016,PROD000048,Midwest,mobile,2,689.76,placed,2026-03-31
ORD0001031,ORD0001031-L3241,CUST000016,PROD000241,Northeast,marketplace,3,195.96,placed,2026-03-31
ORD0001031,ORD0001031-L1243,CUST000016,PROD000243,Midwest,store,1,214.25,placed,2026-03-31
ORD0001031,ORD0001031-L1159,CUST000016,PROD000159,Northeast,web,1,372.34,placed,2026-03-31
ORD0001061,ORD0001061-L1176,CUST000370,PROD000176,Southeast,store,1,371.2,placed,2026-03-31
ORD0001074,ORD0001074-L3250,CUST000119,PROD000250,Northeast,web,3,1115.91,placed,2026-03-31
ORD0001074,ORD0001074-L1204,CUST000119,PROD000204,Southeast,web,1,450.52,placed,2026-03-31
ORD0001074,ORD0001074-L3179,CUST000119,PROD000179,West,marketplace,3,645.99,placed,2026-03-31
ORD0001242,ORD0001242-L3230,CUST000489,PROD000230,West,store,3,916.92,placed,2026-03-31
ORD0001246,ORD0001246-L1046,CUST000269,PROD000046,Northeast,mobile,1,224.8,placed,2026-03-31
ORD0001329,ORD0001329-L1156,CUST000126,PROD000156,Southeast,marketplace,1,74.88,placed,2026-03-31
ORD0001329,ORD0001329-L3008,CUST000126,PROD000008,West,web,3,762.87,placed,2026-03-31
ORD0001404,ORD0001404-L1181,CUST000458,PROD000181,Southeast,marketplace,1,42.77,placed,2026-03-31
ORD0001404,ORD0001404-L2028,CUST000458,PROD000028,Southeast,web,2,104.2,placed,2026-03-31
ORD0001406,ORD0001406-L1099,CUST000006,PROD000099,West,store,1,362.22,placed,2026-03-31
ORD0001406,ORD0001406-L1199,CUST000006,PROD000199,West,marketplace,1,36.24,placed,2026-03-31
ORD0001406,ORD0001406-L3048,CUST000006,PROD000048,West,marketplace,3,931.17,placed,2026-03-31
ORD0001406,ORD0001406-L2018,CUST000006,PROD000018,Midwest,store,2,537.7,placed,2026-03-31
ORD0001431,ORD0001431-L3185,CUST000233,PROD000185,Northeast,web,3,1207.86,placed,2026-03-31
ORD0001431,ORD0001431-L1023,CUST000233,PROD000023,Northeast,mobile,1,27.46,placed,2026-03-31
ORD0001584,ORD0001584-L1111,CUST000175,PROD000111,Southeast,web,1,15.07,placed,2026-03-31
ORD0001584,ORD0001584-L2094,CUST000175,PROD000094,Midwest,mobile,2,161.84,placed,2026-03-31
ORD0001584,ORD0001584-L3053,CUST000175,PROD000053,Southeast,mobile,3,577.95,placed,2026-03-31
ORD0001732,ORD0001732-L1078,CUST000277,PROD000078,Midwest,marketplace,1,19.61,placed,2026-03-31
ORD0001732,ORD0001732-L3160,CUST000277,PROD000160,Midwest,web,3,206.34,placed,2026-03-31
ORD0001819,ORD0001819-L3105,CUST000072,PROD000105,Midwest,marketplace,3,1110.69,placed,2026-03-31
ORD0001884,ORD0001884-L1005,CUST000272,PROD000005,Northeast,marketplace,1,303.39,placed,2026-03-31
ORD0001958,ORD0001958-L1209,CUST000194,PROD000209,Southeast,store,1,142.24,placed,2026-03-31
ORD0001958,ORD0001958-L2109,CUST000194,PROD000109,Southeast,store,2,561.74,placed,2026-03-31
ORD0001989,ORD0001989-L1147,CUST000064,PROD000147,Southeast,store,1,261.38,placed,2026-03-31
ORD0001989,ORD0001989-L2083,CUST000064,PROD000083,Northeast,web,2,432.96,placed,2026-03-31
ORD0001989,ORD0001989-L2213,CUST000064,PROD000213,Southeast,mobile,2,20.7,placed,2026-03-31
ORD0002052,ORD0002052-L1250,CUST000142,PROD000250,Northeast,store,1,371.97,placed,2026-03-31
ORD0002052,ORD0002052-L2055,CUST000142,PROD000055,Northeast,store,2,625.36,placed,2026-03-31
ORD0002052,ORD0002052-L3188,CUST000142,PROD000188,West,mobile,3,100.44,placed,2026-03-31
ORD0002052,ORD0002052-L2142,CUST000142,PROD000142,Southeast,marketplace,2,198.62,placed,2026-03-31
ORD0002053,ORD0002053-L2219,CUST000182,PROD000219,Midwest,web,2,942.36,placed,2026-03-31
ORD0002092,ORD0002092-L3003,CUST000415,PROD000003,Southeast,mobile,3,780.42,placed,2026-03-31
ORD0002092,ORD0002092-L3080,CUST000415,PROD000080,Midwest,web,3,779.64,placed,2026-03-31
ORD0002112,ORD0002112-L3073,CUST000036,PROD000073,Northeast,web,3,844.14,placed,2026-03-31
ORD0002112,ORD0002112-L3038,CUST000036,PROD000038,Southeast,web,3,100.41,placed,2026-03-31
ORD0002112,ORD0002112-L3128,CUST000036,PROD000128,West,marketplace,3,102.72,placed,2026-03-31
ORD0002112,ORD0002112-L2160,CUST000036,PROD000160,Midwest,marketplace,2,144.8,placed,2026-03-31
ORD0002218,ORD0002218-L1067,CUST000178,PROD000067,Southeast,web,1,151.52,placed,2026-03-31
ORD0002218,ORD0002218-L1050,CUST000178,PROD000050,Midwest,web,1,308.47,placed,2026-03-31
ORD0002307,ORD0002307-L1079,CUST000435,PROD000079,West,store,1,347.1,placed,2026-03-31
ORD0002307,ORD0002307-L2066,CUST000435,PROD000066,Northeast,store,2,932.86,placed,2026-03-31
ORD0002385,ORD0002385-L3194,CUST000277,PROD000194,Northeast,web,3,553.08,placed,2026-03-31
ORD0002385,ORD0002385-L1201,CUST000277,PROD000201,Northeast,mobile,1,331.65,placed,2026-03-31
ORD0002385,ORD0002385-L3176,CUST000277,PROD000176,Southeast,store,3,946.56,placed,2026-03-31
ORD0002453,ORD0002453-L3053,CUST000475,PROD000053,Southeast,store,3,577.95,placed,2026-03-31
ORD0002453,ORD0002453-L2153,CUST000475,PROD000153,Northeast,marketplace,2,796.34,placed,2026-03-31
ORD0002589,ORD0002589-L1024,CUST000478,PROD000024,Northeast,marketplace,1,235.15,placed,2026-03-31
ORD0002624,ORD0002624-L1246,CUST000261,PROD000246,Southeast,store,1,97.95,placed,2026-03-31
ORD0002624,ORD0002624-L3100,CUST000261,PROD000100,Southeast,mobile,3,496.71,placed,2026-03-31
ORD0002624,ORD0002624-L3064,CUST000261,PROD000064,West,mobile,3,842.7,placed,2026-03-31
ORD0002624,ORD0002624-L3093,CUST000261,PROD000093,West,store,3,1243.02,placed,2026-03-31
ORD0002774,ORD0002774-L2141,CUST000015,PROD000141,Midwest,store,2,701.22,placed,2026-03-31
ORD0002774,ORD0002774-L1203,CUST000015,PROD000203,Northeast,marketplace,1,353.63,placed,2026-03-31
ORD0002775,ORD0002775-L1220,CUST000261,PROD000220,Midwest,store,1,444.44,placed,2026-03-31
ORD0002799,ORD0002799-L2166,CUST000191,PROD000166,Northeast,marketplace,2,494.8,placed,2026-03-31
ORD0002799,ORD0002799-L2026,CUST000191,PROD000026,Southeast,store,2,177.06,placed,2026-03-31
ORD0002799,ORD0002799-L1202,CUST000191,PROD000202,West,store,1,330.67,placed,2026-03-31
ORD0002799,ORD0002799-L1019,CUST000191,PROD000019,West,mobile,1,316.15,placed,2026-03-31
ORD0002864,ORD0002864-L1057,CUST000262,PROD000057,Northeast,store,1,401.58,placed,2026-03-31
ORD0003093,ORD0003093-L2207,CUST000314,PROD000207,Northeast,marketplace,2,26.94,placed,2026-03-31
ORD0003093,ORD0003093-L2004,CUST000314,PROD000004,Midwest,store,2,900.56,placed,2026-03-31
ORD0003093,ORD0003093-L2217,CUST000314,PROD000217,West,store,2,249.24,placed,2026-03-31
ORD0003093,ORD0003093-L1209,CUST000314,PROD000209,Midwest,mobile,1,135.13,placed,2026-03-31
ORD0003373,ORD0003373-L3176,CUST000209,PROD000176,Midwest,marketplace,3,1113.6,placed,2026-03-31
ORD0003373,ORD0003373-L1103,CUST000209,PROD000103,West,web,1,275.2,placed,2026-03-31
ORD0003383,ORD0003383-L1004,CUST000495,PROD000004,West,marketplace,1,427.77,placed,2026-03-31
ORD0003383,ORD0003383-L1125,CUST000495,PROD000125,Midwest,store,1,205.83,placed,2026-03-31
ORD0003383,ORD0003383-L3202,CUST000495,PROD000202,Southeast,marketplace,3,1050.36,placed,2026-03-31
ORD0003468,ORD0003468-L1194,CUST000268,PROD000194,Southeast,web,1,184.36,placed,2026-03-31
ORD0003468,ORD0003468-L3188,CUST000268,PROD000188,Southeast,marketplace,3,100.44,placed,2026-03-31
ORD0003501,ORD0003501-L3031,CUST000439,PROD000031,West,store,3,264.63,placed,2026-03-31
ORD0003501,ORD0003501-L1247,CUST000439,PROD000247,Northeast,mobile,1,361.98,placed,2026-03-31
ORD0003501,ORD0003501-L3052,CUST000439,PROD000052,West,store,3,537.96,placed,2026-03-31
ORD0003501,ORD0003501-L2073,CUST000439,PROD000073,West,store,2,562.76,placed,2026-03-31
ORD0003534,ORD0003534-L3193,CUST000194,PROD000193,Midwest,store,3,1473.39,placed,2026-03-31
ORD0003558,ORD0003558-L3061,CUST000411,PROD000061,Southeast,marketplace,3,907.56,placed,2026-03-31
ORD0003558,ORD0003558-L3168,CUST000411,PROD000168,Southeast,marketplace,3,963.99,placed,2026-03-31
ORD0003558,ORD0003558-L1103,CUST000411,PROD000103,Southeast,marketplace,1,275.2,placed,2026-03-31
ORD0003565,ORD0003565-L1011,CUST000476,PROD000011,Northeast,marketplace,1,321.26,placed,2026-03-31
ORD0003565,ORD0003565-L3115,CUST000476,PROD000115,Midwest,mobile,3,405.93,placed,2026-03-31
ORD0003565,ORD0003565-L3105,CUST000476,PROD000105,Southeast,web,3,993.78,placed,2026-03-31
ORD0003598,ORD0003598-L3099,CUST000131,PROD000099,Midwest,web,3,1086.66,placed,2026-03-31
ORD0003598,ORD0003598-L2078,CUST000131,PROD000078,Midwest,marketplace,2,43.84,placed,2026-03-31
ORD0003625,ORD0003625-L1125,CUST000358,PROD000125,West,store,1,205.83,placed,2026-03-31
ORD0003625,ORD0003625-L1014,CUST000358,PROD000014,Northeast,web,1,195.38,placed,2026-03-31
ORD0003625,ORD0003625-L1090,CUST000358,PROD000090,West,store,1,123.7,placed,2026-03-31
ORD0003625,ORD0003625-L2083,CUST000358,PROD000083,West,mobile,2,389.66,placed,2026-03-31
ORD0003815,ORD0003815-L3196,CUST000005,PROD000196,Southeast,store,3,1140.6,placed,2026-03-31
ORD0003815,ORD0003815-L3077,CUST000005,PROD000077,Northeast,marketplace,3,414.75,placed,2026-03-31
ORD0003815,ORD0003815-L2030,CUST000005,PROD000030,Midwest,marketplace,2,135.08,placed,2026-03-31
ORD0003815,ORD0003815-L1240,CUST000005,PROD000240,Southeast,store,1,403.54,placed,2026-03-31
ORD0000033,ORD0000033-L3134,CUST000328,PROD000134,Southeast,store,3,1049.07,placed,2026-04-01
ORD0000044,ORD0000044-L2145,CUST000075,PROD000145,West,store,2,182.06,placed,2026-04-01
ORD0000044,ORD0000044-L3096,CUST000075,PROD000096,Midwest,marketplace,3,306.03,placed,2026-04-01
ORD0000044,ORD0000044-L1011,CUST000075,PROD000011,Midwest,web,1,321.26,placed,2026-04-01
ORD0000044,ORD0000044-L3179,CUST000075,PROD000179,Northeast,store,3,679.98,placed,2026-04-01
ORD0000069,ORD0000069-L1043,CUST000151,PROD000043,Southeast,web,1,143.72,placed,2026-04-01
ORD0000069,ORD0000069-L1123,CUST000151,PROD000123,Southeast,web,1,152.78,placed,2026-04-01
ORD0000069,ORD0000069-L2127,CUST000151,PROD000127,West,store,2,194.4,placed,2026-04-01
ORD0000069,ORD0000069-L2149,CUST000151,PROD000149,Southeast,web,2,638.82,placed,2026-04-01
ORD0000147,ORD0000147-L3018,CUST000220,PROD000018,Midwest,mobile,3,721.65,placed,2026-04-01
ORD0000147,ORD0000147-L3093,CUST000220,PROD000093,Southeast,web,3,1243.02,placed,2026-04-01
ORD0000147,ORD0000147-L1152,CUST000220,PROD000152,Southeast,web,1,312.53,placed,2026-04-01
ORD0000147,ORD0000147-L3243,CUST000220,PROD000243,Midwest,mobile,3,642.75,placed,2026-04-01
ORD0000179,ORD0000179-L2191,CUST000093,PROD000191,Midwest,web,2,679.72,placed,2026-04-01
ORD0000313,ORD0000313-L1108,CUST000209,PROD000108,Northeast,web,1,244.9,placed,2026-04-01
ORD0000363,ORD0000363-L1141,CUST000399,PROD000141,Midwest,store,1,331.13,placed,2026-04-01
ORD0000408,ORD0000408-L3034,CUST000403,PROD000034,Midwest,store,3,916.92,placed,2026-04-01
ORD0000481,ORD0000481-L2118,CUST000060,PROD000118,Southeast,marketplace,2,606.98,placed,2026-04-01
ORD0000504,ORD0000504-L3023,CUST000028,PROD000023,Northeast,web,3,91.53,placed,2026-04-01
ORD0000504,ORD0000504-L2105,CUST000028,PROD000105,West,mobile,2,701.5,placed,2026-04-01
ORD0000504,ORD0000504-L2122,CUST000028,PROD000122,Midwest,mobile,2,359.42,placed,2026-04-01
ORD0000509,ORD0000509-L3024,CUST000038,PROD000024,Northeast,mobile,3,634.92,placed,2026-04-01
ORD0000564,ORD0000564-L2081,CUST000419,PROD000081,Midwest,web,2,506.7,placed,2026-04-01
ORD0000564,ORD0000564-L2164,CUST000419,PROD000164,West,marketplace,2,33.54,placed,2026-04-01
ORD0000564,ORD0000564-L1062,CUST000419,PROD000062,Southeast,web,1,239.62,placed,2026-04-01
ORD0000708,ORD0000708-L3107,CUST000084,PROD000107,West,web,3,1284.24,placed,2026-04-01
ORD0000708,ORD0000708-L1091,CUST000084,PROD000091,Northeast,mobile,1,180.16,placed,2026-04-01
ORD0000708,ORD0000708-L2154,CUST000084,PROD000154,Southeast,web,2,634.4,placed,2026-04-01
ORD0000708,ORD0000708-L3099,CUST000084,PROD000099,Midwest,web,3,1029.45,placed,2026-04-01
ORD0000737,ORD0000737-L1039,CUST000412,PROD000039,Northeast,web,1,386.55,placed,2026-04-01
ORD0000737,ORD0000737-L1132,CUST000412,PROD000132,Midwest,web,1,362.98,placed,2026-04-01
ORD0000737,ORD0000737-L3234,CUST000412,PROD000234,Southeast,mobile,3,1336.86,placed,2026-04-01
ORD0001104,ORD0001104-L2214,CUST000130,PROD000214,Southeast,mobile,2,232.9,placed,2026-04-01
ORD0001104,ORD0001104-L1116,CUST000130,PROD000116,Northeast,web,1,204.77,placed,2026-04-01
ORD0001104,ORD0001104-L2222,CUST000130,PROD000222,Northeast,store,2,335.16,placed,2026-04-01
ORD0001149,ORD0001149-L2206,CUST000329,PROD000206,Midwest,marketplace,2,702.26,placed,2026-04-01
ORD0001149,ORD0001149-L1106,CUST000329,PROD000106,Midwest,marketplace,1,129.21,placed,2026-04-01
ORD0001149,ORD0001149-L1013,CUST000329,PROD000013,Northeast,mobile,1,442.26,placed,2026-04-01
ORD0001149,ORD0001149-L3222,CUST000329,PROD000222,Southeast,mobile,3,530.67,placed,2026-04-01
ORD0001180,ORD0001180-L2087,CUST000176,PROD000087,Midwest,store,2,370.78,placed,2026-04-01
ORD0001292,ORD0001292-L3208,CUST000214,PROD000208,Midwest,marketplace,3,259.68,placed,2026-04-01
ORD0001292,ORD0001292-L2238,CUST000214,PROD000238,Northeast,marketplace,2,170.18,placed,2026-04-01
ORD0001334,ORD0001334-L3168,CUST000007,PROD000168,Northeast,marketplace,3,963.99,placed,2026-04-01
ORD0001334,ORD0001334-L2137,CUST000007,PROD000137,Southeast,store,2,863.8,placed,2026-04-01
ORD0001334,ORD0001334-L2117,CUST000007,PROD000117,Southeast,web,2,909.24,placed,2026-04-01
ORD0001740,ORD0001740-L3202,CUST000088,PROD000202,Midwest,store,3,1167.06,placed,2026-04-01
ORD0001740,ORD0001740-L1167,CUST000088,PROD000167,Midwest,marketplace,1,153.91,placed,2026-04-01
ORD0001740,ORD0001740-L3155,CUST000088,PROD000155,Southeast,mobile,3,506.52,placed,2026-04-01
ORD0001740,ORD0001740-L3055,CUST000088,PROD000055,West,web,3,844.23,placed,2026-04-01
ORD0001908,ORD0001908-L3025,CUST000423,PROD000025,West,web,3,1129.17,placed,2026-04-01
ORD0001908,ORD0001908-L1206,CUST000423,PROD000206,Northeast,mobile,1,413.1,placed,2026-04-01
ORD0001908,ORD0001908-L2227,CUST000423,PROD000227,Southeast,store,2,802.36,placed,2026-04-01
ORD0001908,ORD0001908-L3167,CUST000423,PROD000167,Southeast,store,3,513.03,placed,2026-04-01
ORD0001938,ORD0001938-L3194,CUST000033,PROD000194,West,store,3,583.8,placed,2026-04-01
ORD0001938,ORD0001938-L1185,CUST000033,PROD000185,Northeast,mobile,1,423.81,placed,2026-04-01
ORD0001938,ORD0001938-L3207,CUST000033,PROD000207,Midwest,web,3,42.54,placed,2026-04-01
ORD0001938,ORD0001938-L1049,CUST000033,PROD000049,Southeast,store,1,144.34,placed,2026-04-01
ORD0002071,ORD0002071-L3139,CUST000402,PROD000139,West,marketplace,3,1168.14,placed,2026-04-01
ORD0002071,ORD0002071-L2059,CUST000402,PROD000059,Southeast,store,2,50.9,placed,2026-04-01
ORD0002071,ORD0002071-L3078,CUST000402,PROD000078,Southeast,store,3,69.21,placed,2026-04-01
ORD0002071,ORD0002071-L1131,CUST000402,PROD000131,West,web,1,148.53,placed,2026-04-01
ORD0002233,ORD0002233-L3148,CUST000080,PROD000148,Northeast,marketplace,3,424.65,placed,2026-04-01
ORD0002233,ORD0002233-L3246,CUST000080,PROD000246,Midwest,marketplace,3,293.85,placed,2026-04-01
ORD0002233,ORD0002233-L3022,CUST000080,PROD000022,Midwest,web,3,153.99,placed,2026-04-01
ORD0002396,ORD0002396-L2234,CUST000112,PROD000234,Southeast,mobile,2,891.24,placed,2026-04-01
ORD0002396,ORD0002396-L2154,CUST000112,PROD000154,West,mobile,2,667.78,placed,2026-04-01
ORD0002396,ORD0002396-L2197,CUST000112,PROD000197,West,mobile,2,856.88,placed,2026-04-01
ORD0002396,ORD0002396-L2226,CUST000112,PROD000226,Northeast,store,2,407.72,placed,2026-04-01
ORD0002478,ORD0002478-L1175,CUST000074,PROD000175,Southeast,marketplace,1,375.54,placed,2026-04-01
ORD0002478,ORD0002478-L1032,CUST000074,PROD000032,West,store,1,224.46,placed,2026-04-01
ORD0002478,ORD0002478-L2045,CUST000074,PROD000045,West,store,2,754.4,placed,2026-04-01
ORD0002492,ORD0002492-L3068,CUST000158,PROD000068,West,mobile,3,430.05,placed,2026-04-01
ORD0002492,ORD0002492-L3059,CUST000158,PROD000059,West,web,3,76.35,placed,2026-04-01
ORD0002492,ORD0002492-L2124,CUST000158,PROD000124,West,marketplace,2,362.72,placed,2026-04-01
ORD0002880,ORD0002880-L1172,CUST000393,PROD000172,Southeast,mobile,1,441.03,placed,2026-04-01
ORD0002880,ORD0002880-L1216,CUST000393,PROD000216,Northeast,marketplace,1,49.7,placed,2026-04-01
ORD0002989,ORD0002989-L3199,CUST000263,PROD000199,West,web,3,108.72,placed,2026-04-01
ORD0003053,ORD0003053-L3056,CUST000362,PROD000056,West,web,3,252.54,placed,2026-04-01
ORD0003053,ORD0003053-L2142,CUST000362,PROD000142,Southeast,mobile,2,188.68,placed,2026-04-01
ORD0003053,ORD0003053-L2108,CUST000362,PROD000108,Midwest,mobile,2,576.24,placed,2026-04-01
ORD0003053,ORD0003053-L3240,CUST000362,PROD000240,West,store,3,1089.57,placed,2026-04-01
ORD0003065,ORD0003065-L1043,CUST000318,PROD000043,West,store,1,143.72,placed,2026-04-01
ORD0003108,ORD0003108-L1192,CUST000071,PROD000192,Northeast,mobile,1,479.59,placed,2026-04-01
ORD0003108,ORD0003108-L1060,CUST000071,PROD000060,West,marketplace,1,282.47,placed,2026-04-01
ORD0003108,ORD0003108-L2100,CUST000071,PROD000100,West,web,2,331.14,placed,2026-04-01
ORD0003108,ORD0003108-L2056,CUST000071,PROD000056,West,web,2,177.22,placed,2026-04-01
ORD0003118,ORD0003118-L2185,CUST000120,PROD000185,Southeast,mobile,2,847.62,placed,2026-04-01
ORD0003171,ORD0003171-L2063,CUST000396,PROD000063,Southeast,store,2,623.66,placed,2026-04-01
ORD0003171,ORD0003171-L2247,CUST000396,PROD000247,Northeast,marketplace,2,723.96,placed,2026-04-01
ORD0003171,ORD0003171-L1079,CUST000396,PROD000079,West,mobile,1,385.67,placed,2026-04-01
ORD0003293,ORD0003293-L1203,CUST000244,PROD000203,Midwest,web,1,335.95,placed,2026-04-01
ORD0003293,ORD0003293-L3006,CUST000244,PROD000006,West,marketplace,3,424.83,placed,2026-04-01
ORD0003293,ORD0003293-L3097,CUST000244,PROD000097,Southeast,marketplace,3,1071.27,placed,2026-04-01
ORD0003293,ORD0003293-L3068,CUST000244,PROD000068,Midwest,marketplace,3,387.03,placed,2026-04-01
ORD0003364,ORD0003364-L2153,CUST000110,PROD000153,Midwest,store,2,796.34,placed,2026-04-01
ORD0003364,ORD0003364-L2150,CUST000110,PROD000150,Midwest,store,2,889.66,placed,2026-04-01
ORD0003418,ORD0003418-L3217,CUST000362,PROD000217,Southeast,web,3,415.41,placed,2026-04-01
ORD0003428,ORD0003428-L1171,CUST000007,PROD000171,Southeast,marketplace,1,198.19,placed,2026-04-01
ORD0003431,ORD0003431-L1207,CUST000434,PROD000207,Southeast,store,1,12.05,placed,2026-04-01
ORD0003431,ORD0003431-L1025,CUST000434,PROD000025,Southeast,store,1,376.39,placed,2026-04-01
ORD0003632,ORD0003632-L3067,CUST000273,PROD000067,Midwest,store,3,505.08,placed,2026-04-01
ORD0003632,ORD0003632-L1229,CUST000273,PROD000229,Southeast,web,1,57.52,placed,2026-04-01
ORD0003673,ORD0003673-L1045,CUST000257,PROD000045,Northeast,store,1,419.11,placed,2026-04-01
ORD0003772,ORD0003772-L2109,CUST000022,PROD000109,Northeast,mobile,2,505.56,placed,2026-04-01
ORD0003902,ORD0003902-L3089,CUST000056,PROD000089,Southeast,store,3,99.96,placed,2026-04-01
ORD0003902,ORD0003902-L2073,CUST000056,PROD000073,Midwest,web,2,562.76,placed,2026-04-01
ORD0003902,ORD0003902-L3035,CUST000056,PROD000035,West,store,3,1461.69,placed,2026-04-01
ORD0003902,ORD0003902-L3146,CUST000056,PROD000146,West,web,3,1082.4,placed,2026-04-01
ORD0000081,ORD0000081-L3156,CUST000370,PROD000156,Southeast,mobile,3,236.46,placed,2026-04-02
ORD0000081,ORD0000081-L1222,CUST000370,PROD000222,Midwest,marketplace,1,186.2,placed,2026-04-02
ORD0000116,ORD0000116-L1164,CUST000198,PROD000164,West,mobile,1,15.93,placed,2026-04-02
ORD0000158,ORD0000158-L3212,CUST000073,PROD000212,Midwest,mobile,3,583.62,placed,2026-04-02
ORD0000354,ORD0000354-L1003,CUST000144,PROD000003,West,marketplace,1,234.13,placed,2026-04-02
ORD0000354,ORD0000354-L1208,CUST000144,PROD000208,Southeast,mobile,1,91.12,placed,2026-04-02
ORD0000354,ORD0000354-L1069,CUST000144,PROD000069,Southeast,web,1,136.16,placed,2026-04-02
ORD0000354,ORD0000354-L3192,CUST000144,PROD000192,West,web,3,1294.89,placed,2026-04-02
ORD0000451,ORD0000451-L2102,CUST000356,PROD000102,Midwest,web,2,209.16,placed,2026-04-02
ORD0000451,ORD0000451-L1029,CUST000356,PROD000029,West,web,1,450.32,placed,2026-04-02
ORD0000451,ORD0000451-L2027,CUST000356,PROD000027,Northeast,web,2,587.82,placed,2026-04-02
ORD0000451,ORD0000451-L3231,CUST000356,PROD000231,Midwest,web,3,228.93,placed,2026-04-02
ORD0000529,ORD0000529-L2183,CUST000485,PROD000183,West,store,2,346.74,placed,2026-04-02
ORD0000575,ORD0000575-L1004,CUST000193,PROD000004,West,mobile,1,450.28,placed,2026-04-02
ORD0000575,ORD0000575-L1049,CUST000193,PROD000049,Midwest,mobile,1,151.94,placed,2026-04-02
ORD0000575,ORD0000575-L2241,CUST000193,PROD000241,Southeast,mobile,2,145.16,placed,2026-04-02
ORD0000699,ORD0000699-L3042,CUST000252,PROD000042,West,store,3,371.34,placed,2026-04-02
ORD0000699,ORD0000699-L3077,CUST000252,PROD000077,Northeast,marketplace,3,436.59,placed,2026-04-02
ORD0000699,ORD0000699-L2071,CUST000252,PROD000071,Southeast,marketplace,2,179.98,placed,2026-04-02
ORD0000825,ORD0000825-L3210,CUST000194,PROD000210,Midwest,mobile,3,1325.97,placed,2026-04-02
ORD0001041,ORD0001041-L3031,CUST000188,PROD000031,West,mobile,3,294.03,placed,2026-04-02
ORD0001041,ORD0001041-L1192,CUST000188,PROD000192,West,mobile,1,479.59,placed,2026-04-02
ORD0001041,ORD0001041-L3011,CUST000188,PROD000011,Midwest,web,3,963.78,placed,2026-04-02
ORD0001099,ORD0001099-L3250,CUST000192,PROD000250,Midwest,store,3,1060.11,placed,2026-04-02
ORD0001099,ORD0001099-L3240,CUST000192,PROD000240,Midwest,marketplace,3,1150.08,placed,2026-04-02
ORD0001099,ORD0001099-L2033,CUST000192,PROD000033,Southeast,store,2,776.2,placed,2026-04-02
ORD0001099,ORD0001099-L1035,CUST000192,PROD000035,Midwest,web,1,438.51,placed,2026-04-02
ORD0001323,ORD0001323-L1101,CUST000343,PROD000101,Southeast,mobile,1,389.79,placed,2026-04-02
ORD0001323,ORD0001323-L3076,CUST000343,PROD000076,Midwest,store,3,183.15,placed,2026-04-02
ORD0001382,ORD0001382-L2136,CUST000352,PROD000136,West,mobile,2,224.16,placed,2026-04-02
ORD0001382,ORD0001382-L1195,CUST000352,PROD000195,Southeast,web,1,182.95,placed,2026-04-02
ORD0001436,ORD0001436-L2061,CUST000395,PROD000061,West,marketplace,2,672.26,placed,2026-04-02
ORD0001436,ORD0001436-L2201,CUST000395,PROD000201,Southeast,web,2,700.14,placed,2026-04-02
ORD0001446,ORD0001446-L1103,CUST000069,PROD000103,Midwest,mobile,1,247.68,placed,2026-04-02
ORD0001446,ORD0001446-L3190,CUST000069,PROD000190,Southeast,store,3,221.1,placed,2026-04-02
ORD0001478,ORD0001478-L1084,CUST000480,PROD000084,Northeast,web,1,113.19,placed,2026-04-02
ORD0001478,ORD0001478-L3091,CUST000480,PROD000091,Southeast,marketplace,3,568.92,placed,2026-04-02
ORD0001733,ORD0001733-L3051,CUST000268,PROD000051,Northeast,web,3,1152.93,placed,2026-04-02
ORD0001847,ORD0001847-L3007,CUST000325,PROD000007,Midwest,mobile,3,1040.07,placed,2026-04-02
ORD0001847,ORD0001847-L3044,CUST000325,PROD000044,Northeast,marketplace,3,1022.34,placed,2026-04-02
ORD0001997,ORD0001997-L2150,CUST000282,PROD000150,Southeast,web,2,936.48,placed,2026-04-02
ORD0001997,ORD0001997-L2014,CUST000282,PROD000014,Northeast,mobile,2,390.76,placed,2026-04-02
ORD0002198,ORD0002198-L2079,CUST000400,PROD000079,West,marketplace,2,771.34,placed,2026-04-02
ORD0002198,ORD0002198-L3166,CUST000400,PROD000166,Northeast,web,3,705.09,placed,2026-04-02
ORD0002238,ORD0002238-L1019,CUST000266,PROD000019,Southeast,store,1,316.15,placed,2026-04-02
ORD0002286,ORD0002286-L3010,CUST000229,PROD000010,Midwest,web,3,352.11,placed,2026-04-02
ORD0002286,ORD0002286-L2151,CUST000229,PROD000151,Midwest,marketplace,2,671.08,placed,2026-04-02
ORD0002286,ORD0002286-L2117,CUST000229,PROD000117,West,web,2,909.24,placed,2026-04-02
ORD0002286,ORD0002286-L2224,CUST000229,PROD000224,Northeast,marketplace,2,730.28,placed,2026-04-02
ORD0002318,ORD0002318-L2055,CUST000322,PROD000055,Southeast,mobile,2,625.36,placed,2026-04-02
ORD0002318,ORD0002318-L3243,CUST000322,PROD000243,West,web,3,642.75,placed,2026-04-02
ORD0002318,ORD0002318-L1147,CUST000322,PROD000147,Northeast,mobile,1,261.38,placed,2026-04-02
ORD0002562,ORD0002562-L2125,CUST000398,PROD000125,Northeast,web,2,370.5,placed,2026-04-02
ORD0002562,ORD0002562-L3188,CUST000398,PROD000188,West,web,3,100.44,placed,2026-04-02
ORD0002562,ORD0002562-L1179,CUST000398,PROD000179,West,marketplace,1,226.66,placed,2026-04-02
ORD0002571,ORD0002571-L2102,CUST000283,PROD000102,West,marketplace,2,220.78,placed,2026-04-02
ORD0002571,ORD0002571-L3241,CUST000283,PROD000241,Northeast,store,3,206.85,placed,2026-04-02
ORD0002571,ORD0002571-L3009,CUST000283,PROD000009,Southeast,web,3,1089.03,placed,2026-04-02
ORD0002571,ORD0002571-L1052,CUST000283,PROD000052,Southeast,marketplace,1,189.28,placed,2026-04-02
ORD0002585,ORD0002585-L1189,CUST000059,PROD000189,Southeast,web,1,85.83,placed,2026-04-02
ORD0002585,ORD0002585-L3038,CUST000059,PROD000038,West,mobile,3,105.99,placed,2026-04-02
ORD0002585,ORD0002585-L1044,CUST000059,PROD000044,Southeast,store,1,359.72,placed,2026-04-02
ORD0002585,ORD0002585-L2146,CUST000059,PROD000146,Midwest,store,2,649.44,placed,2026-04-02
ORD0002674,ORD0002674-L2009,CUST000257,PROD000009,Northeast,marketplace,2,726.02,placed,2026-04-02
ORD0002674,ORD0002674-L1039,CUST000257,PROD000039,Midwest,store,1,406.9,placed,2026-04-02
ORD0002674,ORD0002674-L2186,CUST000257,PROD000186,West,mobile,2,672.24,placed,2026-04-02
ORD0002674,ORD0002674-L1178,CUST000257,PROD000178,Southeast,marketplace,1,237.45,placed,2026-04-02
ORD0002792,ORD0002792-L2215,CUST000433,PROD000215,Northeast,web,2,423.28,placed,2026-04-02
ORD0002792,ORD0002792-L1142,CUST000433,PROD000142,Southeast,marketplace,1,99.31,placed,2026-04-02
ORD0003101,ORD0003101-L2082,CUST000256,PROD000082,Northeast,store,2,734.36,placed,2026-04-02
ORD0003101,ORD0003101-L2065,CUST000256,PROD000065,Midwest,mobile,2,132.3,placed,2026-04-02
ORD0003101,ORD0003101-L1051,CUST000256,PROD000051,Northeast,marketplace,1,326.66,placed,2026-04-02
ORD0003134,ORD0003134-L3091,CUST000215,PROD000091,Northeast,mobile,3,568.92,placed,2026-04-02
ORD0003284,ORD0003284-L3045,CUST000138,PROD000045,Northeast,mobile,3,1131.6,placed,2026-04-02
ORD0003284,ORD0003284-L1015,CUST000138,PROD000015,Northeast,store,1,313.83,placed,2026-04-02
ORD0003284,ORD0003284-L2230,CUST000138,PROD000230,Northeast,mobile,2,643.46,placed,2026-04-02
ORD0003284,ORD0003284-L3159,CUST000138,PROD000159,Midwest,mobile,3,1117.02,placed,2026-04-02
ORD0003375,ORD0003375-L2046,CUST000068,PROD000046,Southeast,store,2,499.56,placed,2026-04-02
ORD0003375,ORD0003375-L1188,CUST000068,PROD000188,Midwest,store,1,31.81,placed,2026-04-02
ORD0003421,ORD0003421-L2074,CUST000274,PROD000074,Midwest,store,2,563.5,placed,2026-04-02
ORD0003469,ORD0003469-L3121,CUST000376,PROD000121,West,web,3,942.87,placed,2026-04-02
ORD0003530,ORD0003530-L3201,CUST000015,PROD000201,West,web,3,1105.5,placed,2026-04-02
ORD0003530,ORD0003530-L2236,CUST000015,PROD000236,Southeast,mobile,2,204.36,placed,2026-04-02
ORD0003530,ORD0003530-L1090,CUST000015,PROD000090,West,web,1,117.19,placed,2026-04-02
ORD0003586,ORD0003586-L2058,CUST000416,PROD000058,Southeast,mobile,2,617.16,placed,2026-04-02
ORD0003586,ORD0003586-L2249,CUST000416,PROD000249,Northeast,web,2,244.2,placed,2026-04-02
ORD0003586,ORD0003586-L2201,CUST000416,PROD000201,Midwest,mobile,2,737.0,placed,2026-04-02
ORD0003586,ORD0003586-L2061,CUST000416,PROD000061,Southeast,mobile,2,672.26,placed,2026-04-02
ORD0003633,ORD0003633-L2164,CUST000186,PROD000164,Northeast,mobile,2,31.86,placed,2026-04-02
ORD0003633,ORD0003633-L3237,CUST000186,PROD000237,Northeast,store,3,684.03,placed,2026-04-02
ORD0003633,ORD0003633-L3117,CUST000186,PROD000117,Midwest,store,3,1363.86,placed,2026-04-02
ORD0003633,ORD0003633-L1129,CUST000186,PROD000129,Northeast,web,1,119.59,placed,2026-04-02
ORD0003710,ORD0003710-L1079,CUST000186,PROD000079,Midwest,marketplace,1,347.1,placed,2026-04-02
ORD0003710,ORD0003710-L3060,CUST000186,PROD000060,Southeast,marketplace,3,892.02,placed,2026-04-02
ORD0003850,ORD0003850-L3222,CUST000086,PROD000222,West,marketplace,3,558.6,placed,2026-04-02
ORD0003850,ORD0003850-L3234,CUST000086,PROD000234,West,mobile,3,1407.21,placed,2026-04-02
ORD0003850,ORD0003850-L2237,CUST000086,PROD000237,West,marketplace,2,456.02,placed,2026-04-02
ORD0003850,ORD0003850-L3200,CUST000086,PROD000200,Northeast,store,3,1021.26,placed,2026-04-02
ORD0003890,ORD0003890-L2190,CUST000444,PROD000190,Midwest,web,2,140.04,placed,2026-04-02
ORD0003890,ORD0003890-L3055,CUST000444,PROD000055,Midwest,mobile,3,938.04,placed,2026-04-02
ORD0003890,ORD0003890-L2150,CUST000444,PROD000150,Northeast,marketplace,2,842.84,placed,2026-04-02
ORD0003892,ORD0003892-L3153,CUST000348,PROD000153,Southeast,web,3,1134.78,placed,2026-04-02
ORD0003892,ORD0003892-L2187,CUST000348,PROD000187,West,store,2,198.6,placed,2026-04-02
ORD0003892,ORD0003892-L1101,CUST000348,PROD000101,Midwest,marketplace,1,389.79,placed,2026-04-02
ORD0003962,ORD0003962-L3139,CUST000443,PROD000139,Midwest,store,3,1168.14,placed,2026-04-02
ORD0003971,ORD0003971-L2142,CUST000238,PROD000142,Southeast,marketplace,2,168.82,placed,2026-04-02
ORD0003971,ORD0003971-L3128,CUST000238,PROD000128,Southeast,mobile,3,102.72,placed,2026-04-02
ORD0000052,ORD0000052-L1016,CUST000233,PROD000016,Northeast,mobile,1,368.94,placed,2026-04-03
ORD0000052,ORD0000052-L3160,CUST000233,PROD000160,Midwest,marketplace,3,206.34,placed,2026-04-03
ORD0000052,ORD0000052-L1010,CUST000233,PROD000010,West,store,1,123.55,placed,2026-04-03
ORD0000052,ORD0000052-L1218,CUST000233,PROD000218,Southeast,web,1,78.42,placed,2026-04-03
ORD0000092,ORD0000092-L3138,CUST000422,PROD000138,Midwest,store,3,828.72,placed,2026-04-03
ORD0000099,ORD0000099-L3169,CUST000187,PROD000169,Midwest,store,3,934.05,placed,2026-04-03
ORD0000099,ORD0000099-L2142,CUST000187,PROD000142,Midwest,marketplace,2,198.62,placed,2026-04-03
ORD0000099,ORD0000099-L1041,CUST000187,PROD000041,West,marketplace,1,17.32,placed,2026-04-03
ORD0000099,ORD0000099-L3088,CUST000187,PROD000088,Midwest,mobile,3,687.06,placed,2026-04-03
ORD0000208,ORD0000208-L2007,CUST000307,PROD000007,Southeast,mobile,2,693.38,placed,2026-04-03
ORD0000208,ORD0000208-L3043,CUST000307,PROD000043,West,store,3,431.16,placed,2026-04-03
ORD0000227,ORD0000227-L1113,CUST000031,PROD000113,Southeast,mobile,1,24.7,placed,2026-04-03
ORD0000227,ORD0000227-L2224,CUST000031,PROD000224,Midwest,marketplace,2,730.28,placed,2026-04-03
ORD0000227,ORD0000227-L2177,CUST000031,PROD000177,Southeast,store,2,71.54,placed,2026-04-03
ORD0000227,ORD0000227-L3058,CUST000031,PROD000058,Southeast,store,3,833.16,placed,2026-04-03
ORD0000475,ORD0000475-L1048,CUST000131,PROD000048,Northeast,store,1,344.88,placed,2026-04-03
ORD0000480,ORD0000480-L2133,CUST000358,PROD000133,Midwest,web,2,232.18,placed,2026-04-03
ORD0000480,ORD0000480-L2210,CUST000358,PROD000210,Northeast,store,2,751.38,placed,2026-04-03
ORD0000525,ORD0000525-L2136,CUST000335,PROD000136,Northeast,mobile,2,224.16,placed,2026-04-03
ORD0000525,ORD0000525-L3059,CUST000335,PROD000059,Midwest,marketplace,3,76.35,placed,2026-04-03
ORD0000525,ORD0000525-L2199,CUST000335,PROD000199,Northeast,web,2,65.24,placed,2026-04-03
ORD0000567,ORD0000567-L3182,CUST000316,PROD000182,West,mobile,3,818.4,placed,2026-04-03
ORD0000567,ORD0000567-L2173,CUST000316,PROD000173,Southeast,store,2,491.76,placed,2026-04-03
ORD0000567,ORD0000567-L1237,CUST000316,PROD000237,Southeast,mobile,1,205.21,placed,2026-04-03
ORD0000631,ORD0000631-L1020,CUST000188,PROD000020,Northeast,mobile,1,414.48,placed,2026-04-03
ORD0000677,ORD0000677-L2059,CUST000138,PROD000059,West,web,2,43.26,placed,2026-04-03
ORD0000677,ORD0000677-L3150,CUST000138,PROD000150,Southeast,marketplace,3,1334.49,placed,2026-04-03
ORD0000677,ORD0000677-L2014,CUST000138,PROD000014,Southeast,web,2,434.18,placed,2026-04-03
ORD0000736,ORD0000736-L1118,CUST000359,PROD000118,Northeast,mobile,1,303.49,placed,2026-04-03
ORD0000736,ORD0000736-L1054,CUST000359,PROD000054,Northeast,web,1,225.84,placed,2026-04-03
ORD0000981,ORD0000981-L1087,CUST000104,PROD000087,Southeast,marketplace,1,166.85,placed,2026-04-03
ORD0000981,ORD0000981-L1014,CUST000104,PROD000014,Southeast,marketplace,1,206.24,placed,2026-04-03
ORD0000981,ORD0000981-L2133,CUST000104,PROD000133,West,store,2,220.58,placed,2026-04-03
ORD0001003,ORD0001003-L3155,CUST000392,PROD000155,Southeast,store,3,481.2,placed,2026-04-03
ORD0001003,ORD0001003-L1095,CUST000392,PROD000095,Southeast,web,1,20.4,placed,2026-04-03
ORD0001003,ORD0001003-L2016,CUST000392,PROD000016,West,web,2,819.86,placed,2026-04-03
ORD0001075,ORD0001075-L2121,CUST000148,PROD000121,Northeast,marketplace,2,597.16,placed,2026-04-03
ORD0001075,ORD0001075-L2157,CUST000148,PROD000157,Northeast,web,2,523.9,placed,2026-04-03
ORD0001075,ORD0001075-L1156,CUST000148,PROD000156,Southeast,marketplace,1,67.0,placed,2026-04-03
ORD0001110,ORD0001110-L2098,CUST000339,PROD000098,Midwest,web,2,874.5,placed,2026-04-03
ORD0001110,ORD0001110-L2196,CUST000339,PROD000196,Southeast,store,2,722.38,placed,2026-04-03
ORD0001110,ORD0001110-L3117,CUST000339,PROD000117,West,mobile,3,1363.86,placed,2026-04-03
ORD0001265,ORD0001265-L2240,CUST000257,PROD000240,West,marketplace,2,807.08,placed,2026-04-03
ORD0001265,ORD0001265-L3117,CUST000257,PROD000117,Midwest,marketplace,3,1363.86,placed,2026-04-03
ORD0001265,ORD0001265-L3173,CUST000257,PROD000173,Midwest,marketplace,3,698.82,placed,2026-04-03
ORD0001265,ORD0001265-L2242,CUST000257,PROD000242,West,mobile,2,730.86,placed,2026-04-03
ORD0001630,ORD0001630-L1221,CUST000145,PROD000221,Southeast,web,1,204.57,placed,2026-04-03
ORD0001630,ORD0001630-L2008,CUST000145,PROD000008,Northeast,marketplace,2,483.16,placed,2026-04-03
ORD0001630,ORD0001630-L2049,CUST000145,PROD000049,West,mobile,2,303.88,placed,2026-04-03
ORD0001630,ORD0001630-L1089,CUST000145,PROD000089,Southeast,web,1,35.07,placed,2026-04-03
ORD0001885,ORD0001885-L1081,CUST000388,PROD000081,Northeast,web,1,253.35,placed,2026-04-03
ORD0001885,ORD0001885-L1174,CUST000388,PROD000174,Southeast,marketplace,1,323.28,placed,2026-04-03
ORD0001885,ORD0001885-L2214,CUST000388,PROD000214,West,web,2,232.9,placed,2026-04-03
ORD0001885,ORD0001885-L3223,CUST000388,PROD000223,West,web,3,818.49,placed,2026-04-03
ORD0001973,ORD0001973-L3031,CUST000394,PROD000031,Midwest,mobile,3,294.03,placed,2026-04-03
ORD0001973,ORD0001973-L2101,CUST000394,PROD000101,Midwest,mobile,2,738.56,placed,2026-04-03
ORD0002134,ORD0002134-L1121,CUST000251,PROD000121,West,mobile,1,298.58,placed,2026-04-03
ORD0002134,ORD0002134-L2021,CUST000251,PROD000021,West,store,2,49.84,placed,2026-04-03
ORD0002338,ORD0002338-L3072,CUST000122,PROD000072,West,web,3,674.79,placed,2026-04-03
ORD0002338,ORD0002338-L1201,CUST000122,PROD000201,Southeast,mobile,1,368.5,placed,2026-04-03
ORD0002338,ORD0002338-L2017,CUST000122,PROD000017,Midwest,mobile,2,595.36,placed,2026-04-03
ORD0002338,ORD0002338-L3164,CUST000122,PROD000164,Midwest,mobile,3,45.27,placed,2026-04-03
ORD0002347,ORD0002347-L1072,CUST000217,PROD000072,Northeast,mobile,1,249.92,placed,2026-04-03
ORD0002485,ORD0002485-L1080,CUST000474,PROD000080,West,store,1,273.56,placed,2026-04-03
ORD0002485,ORD0002485-L2229,CUST000474,PROD000229,Southeast,store,2,121.1,placed,2026-04-03
ORD0002576,ORD0002576-L2119,CUST000250,PROD000119,Midwest,store,2,698.3,placed,2026-04-03
ORD0002576,ORD0002576-L2023,CUST000250,PROD000023,Southeast,web,2,57.96,placed,2026-04-03
ORD0002576,ORD0002576-L3171,CUST000250,PROD000171,Midwest,web,3,564.84,placed,2026-04-03
ORD0002576,ORD0002576-L3189,CUST000250,PROD000189,Northeast,mobile,3,257.49,placed,2026-04-03
ORD0002614,ORD0002614-L3232,CUST000482,PROD000232,Midwest,marketplace,3,395.49,placed,2026-04-03
ORD0002614,ORD0002614-L2201,CUST000482,PROD000201,Midwest,mobile,2,737.0,placed,2026-04-03
ORD0002655,ORD0002655-L1063,CUST000440,PROD000063,Southeast,store,1,328.24,placed,2026-04-03
ORD0002655,ORD0002655-L2209,CUST000440,PROD000209,West,mobile,2,270.26,placed,2026-04-03
ORD0002655,ORD0002655-L1053,CUST000440,PROD000053,Southeast,marketplace,1,226.65,placed,2026-04-03
ORD0002688,ORD0002688-L2129,CUST000154,PROD000129,Midwest,web,2,251.76,placed,2026-04-03
ORD0002720,ORD0002720-L2014,CUST000357,PROD000014,West,marketplace,2,412.48,placed,2026-04-03
ORD0002720,ORD0002720-L3198,CUST000357,PROD000198,Southeast,mobile,3,1304.13,placed,2026-04-03
ORD0002720,ORD0002720-L1233,CUST000357,PROD000233,Midwest,web,1,366.8,placed,2026-04-03
ORD0002757,ORD0002757-L1016,CUST000473,PROD000016,Northeast,store,1,368.94,placed,2026-04-03
ORD0002757,ORD0002757-L1238,CUST000473,PROD000238,Northeast,store,1,94.55,placed,2026-04-03
ORD0002763,ORD0002763-L1250,CUST000318,PROD000250,Southeast,marketplace,1,371.97,placed,2026-04-03
ORD0002763,ORD0002763-L2163,CUST000318,PROD000163,West,marketplace,2,751.92,placed,2026-04-03
ORD0002772,ORD0002772-L2093,CUST000191,PROD000093,West,mobile,2,828.68,placed,2026-04-03
ORD0002772,ORD0002772-L3108,CUST000191,PROD000108,Northeast,mobile,3,777.93,placed,2026-04-03
ORD0002772,ORD0002772-L3156,CUST000191,PROD000156,Northeast,mobile,3,236.46,placed,2026-04-03
ORD0002772,ORD0002772-L1019,CUST000191,PROD000019,Midwest,mobile,1,300.34,placed,2026-04-03
ORD0002826,ORD0002826-L3089,CUST000495,PROD000089,Northeast,mobile,3,105.21,placed,2026-04-03
ORD0002904,ORD0002904-L3042,CUST000068,PROD000042,Northeast,store,3,371.34,placed,2026-04-03
ORD0002904,ORD0002904-L1056,CUST000068,PROD000056,West,store,1,88.61,placed,2026-04-03
ORD0002943,ORD0002943-L2083,CUST000062,PROD000083,Southeast,marketplace,2,432.96,placed,2026-04-03
ORD0002943,ORD0002943-L1046,CUST000062,PROD000046,Southeast,mobile,1,249.78,placed,2026-04-03
ORD0003000,ORD0003000-L3159,CUST000141,PROD000159,West,marketplace,3,1061.16,placed,2026-04-03
ORD0003000,ORD0003000-L1128,CUST000141,PROD000128,West,store,1,34.24,placed,2026-04-03
ORD0003046,ORD0003046-L1038,CUST000266,PROD000038,West,web,1,33.47,placed,2026-04-03
ORD0003046,ORD0003046-L3156,CUST000266,PROD000156,West,mobile,3,224.64,placed,2026-04-03
ORD0003046,ORD0003046-L3019,CUST000266,PROD000019,Midwest,marketplace,3,853.59,placed,2026-04-03
ORD0003287,ORD0003287-L3218,CUST000017,PROD000218,Northeast,mobile,3,235.26,placed,2026-04-03
ORD0003287,ORD0003287-L1043,CUST000017,PROD000043,West,store,1,143.72,placed,2026-04-03
ORD0003287,ORD0003287-L2175,CUST000017,PROD000175,West,web,2,792.82,placed,2026-04-03
ORD0003300,ORD0003300-L1029,CUST000277,PROD000029,Midwest,web,1,426.62,placed,2026-04-03
ORD0003300,ORD0003300-L3049,CUST000277,PROD000049,Southeast,store,3,433.02,placed,2026-04-03
ORD0003300,ORD0003300-L1022,CUST000277,PROD000022,Northeast,web,1,57.37,placed,2026-04-03
ORD0003300,ORD0003300-L3144,CUST000277,PROD000144,Midwest,store,3,1104.39,placed,2026-04-03
ORD0003303,ORD0003303-L2020,CUST000044,PROD000020,West,mobile,2,975.24,placed,2026-04-03
ORD0003303,ORD0003303-L2124,CUST000044,PROD000124,Northeast,mobile,2,362.72,placed,2026-04-03
ORD0003485,ORD0003485-L3191,CUST000124,PROD000191,Northeast,mobile,3,1019.58,placed,2026-04-03
ORD0003513,ORD0003513-L2075,CUST000462,PROD000075,Midwest,store,2,564.02,placed,2026-04-03
ORD0003513,ORD0003513-L3006,CUST000462,PROD000006,Northeast,marketplace,3,403.59,placed,2026-04-03
ORD0003513,ORD0003513-L3218,CUST000462,PROD000218,Midwest,mobile,3,235.26,placed,2026-04-03
ORD0003645,ORD0003645-L2143,CUST000266,PROD000143,Midwest,mobile,2,697.44,placed,2026-04-03
ORD0003645,ORD0003645-L2095,CUST000266,PROD000095,Northeast,mobile,2,40.8,placed,2026-04-03
ORD0003645,ORD0003645-L2164,CUST000266,PROD000164,Northeast,store,2,31.86,placed,2026-04-03
ORD0003645,ORD0003645-L1182,CUST000266,PROD000182,Midwest,marketplace,1,272.8,placed,2026-04-03
ORD0003650,ORD0003650-L2191,CUST000215,PROD000191,Northeast,web,2,679.72,placed,2026-04-03
ORD0003650,ORD0003650-L2036,CUST000215,PROD000036,Southeast,web,2,788.76,placed,2026-04-03
ORD0003942,ORD0003942-L2062,CUST000090,PROD000062,Midwest,mobile,2,479.24,placed,2026-04-03
ORD0003942,ORD0003942-L1210,CUST000090,PROD000210,Southeast,web,1,441.99,placed,2026-04-03
ORD0003942,ORD0003942-L1250,CUST000090,PROD000250,Midwest,marketplace,1,334.77,placed,2026-04-03
ORD0003942,ORD0003942-L3076,CUST000090,PROD000076,Southeast,mobile,3,193.32,placed,2026-04-03
ORD0003973,ORD0003973-L2204,CUST000390,PROD000204,Midwest,mobile,2,855.98,placed,2026-04-03
ORD0003973,ORD0003973-L1173,CUST000390,PROD000173,Southeast,marketplace,1,258.82,placed,2026-04-03
ORD0003973,ORD0003973-L1076,CUST000390,PROD000076,Southeast,web,1,67.83,placed,2026-04-03
ORD0003973,ORD0003973-L1022,CUST000390,PROD000022,Southeast,marketplace,1,60.39,placed,2026-04-03
ORD0000007,ORD0000007-L2001,CUST000270,PROD000001,Northeast,web,2,846.36,placed,2026-04-04
ORD0000007,ORD0000007-L3147,CUST000270,PROD000147,Northeast,web,3,742.89,placed,2026-04-04
ORD0000007,ORD0000007-L2022,CUST000270,PROD000022,Midwest,web,2,120.78,placed,2026-04-04
ORD0000268,ORD0000268-L1035,CUST000156,PROD000035,Southeast,mobile,1,438.51,placed,2026-04-04
ORD0000268,ORD0000268-L1188,CUST000156,PROD000188,Northeast,store,1,33.48,placed,2026-04-04
ORD0000268,ORD0000268-L2008,CUST000156,PROD000008,West,mobile,2,457.72,placed,2026-04-04
ORD0000401,ORD0000401-L3123,CUST000180,PROD000123,Southeast,store,3,458.34,placed,2026-04-04
ORD0000401,ORD0000401-L2206,CUST000180,PROD000206,Northeast,web,2,743.58,placed,2026-04-04
ORD0000435,ORD0000435-L3228,CUST000096,PROD000228,Northeast,store,3,236.88,placed,2026-04-04
ORD0000435,ORD0000435-L2071,CUST000096,PROD000071,Northeast,store,2,199.98,placed,2026-04-04
ORD0000458,ORD0000458-L2129,CUST000100,PROD000129,West,web,2,251.76,placed,2026-04-04
ORD0000458,ORD0000458-L2163,CUST000100,PROD000163,Northeast,mobile,2,714.32,placed,2026-04-04
ORD0000458,ORD0000458-L2144,CUST000100,PROD000144,West,marketplace,2,736.26,placed,2026-04-04
ORD0000458,ORD0000458-L2130,CUST000100,PROD000130,Northeast,store,2,827.72,placed,2026-04-04
ORD0000518,ORD0000518-L1132,CUST000050,PROD000132,Midwest,store,1,343.87,placed,2026-04-04
ORD0000518,ORD0000518-L1067,CUST000050,PROD000067,Midwest,web,1,168.36,placed,2026-04-04
ORD0000518,ORD0000518-L1094,CUST000050,PROD000094,Northeast,mobile,1,76.87,placed,2026-04-04
ORD0000518,ORD0000518-L3224,CUST000050,PROD000224,Northeast,mobile,3,1095.42,placed,2026-04-04
ORD0000545,ORD0000545-L3058,CUST000257,PROD000058,Northeast,store,3,925.74,placed,2026-04-04
ORD0000545,ORD0000545-L2245,CUST000257,PROD000245,West,marketplace,2,148.12,placed,2026-04-04
ORD0000545,ORD0000545-L1223,CUST000257,PROD000223,West,web,1,272.83,placed,2026-04-04
ORD0000545,ORD0000545-L1111,CUST000257,PROD000111,West,web,1,15.07,placed,2026-04-04
ORD0000600,ORD0000600-L2078,CUST000424,PROD000078,Southeast,web,2,43.84,placed,2026-04-04
ORD0000600,ORD0000600-L3060,CUST000424,PROD000060,Midwest,web,3,892.02,placed,2026-04-04
ORD0000600,ORD0000600-L1230,CUST000424,PROD000230,West,mobile,1,289.56,placed,2026-04-04
ORD0000600,ORD0000600-L2192,CUST000424,PROD000192,Midwest,web,2,911.22,placed,2026-04-04
ORD0000619,ORD0000619-L3193,CUST000376,PROD000193,Northeast,marketplace,3,1473.39,placed,2026-04-04
ORD0000619,ORD0000619-L1155,CUST000376,PROD000155,West,web,1,151.96,placed,2026-04-04
ORD0000619,ORD0000619-L1060,CUST000376,PROD000060,Midwest,mobile,1,297.34,placed,2026-04-04
ORD0000678,ORD0000678-L2200,CUST000294,PROD000200,West,web,2,716.68,placed,2026-04-04
ORD0000678,ORD0000678-L2143,CUST000294,PROD000143,Southeast,marketplace,2,697.44,placed,2026-04-04
ORD0000678,ORD0000678-L1218,CUST000294,PROD000218,Southeast,store,1,78.42,placed,2026-04-04
ORD0000681,ORD0000681-L3012,CUST000104,PROD000012,Northeast,web,3,1257.81,placed,2026-04-04
ORD0000681,ORD0000681-L3241,CUST000104,PROD000241,West,mobile,3,217.74,placed,2026-04-04
ORD0000681,ORD0000681-L1055,CUST000104,PROD000055,Midwest,web,1,297.05,placed,2026-04-04
ORD0000684,ORD0000684-L1009,CUST000058,PROD000009,West,web,1,344.86,placed,2026-04-04
ORD0000701,ORD0000701-L3146,CUST000323,PROD000146,Midwest,mobile,3,1028.28,placed,2026-04-04
ORD0000701,ORD0000701-L3058,CUST000323,PROD000058,Midwest,store,3,925.74,placed,2026-04-04
ORD0000701,ORD0000701-L2240,CUST000323,PROD000240,Northeast,store,2,807.08,placed,2026-04-04
ORD0000780,ORD0000780-L2197,CUST000240,PROD000197,Southeast,mobile,2,814.04,placed,2026-04-04
ORD0000902,ORD0000902-L1113,CUST000148,PROD000113,Midwest,web,1,26.08,placed,2026-04-04
ORD0000904,ORD0000904-L1136,CUST000066,PROD000136,Midwest,marketplace,1,112.08,placed,2026-04-04
ORD0000904,ORD0000904-L1060,CUST000066,PROD000060,Midwest,marketplace,1,282.47,placed,2026-04-04
ORD0000904,ORD0000904-L1096,CUST000066,PROD000096,Southeast,web,1,96.91,placed,2026-04-04
ORD0000904,ORD0000904-L3189,CUST000066,PROD000189,Northeast,store,3,286.11,placed,2026-04-04
ORD0001172,ORD0001172-L2106,CUST000002,PROD000106,Northeast,store,2,272.78,placed,2026-04-04
ORD0001172,ORD0001172-L2012,CUST000002,PROD000012,Northeast,mobile,2,931.7,placed,2026-04-04
ORD0001179,ORD0001179-L2028,CUST000280,PROD000028,Northeast,store,2,93.78,placed,2026-04-04
ORD0001179,ORD0001179-L1140,CUST000280,PROD000140,Northeast,store,1,240.37,placed,2026-04-04
ORD0001423,ORD0001423-L1104,CUST000423,PROD000104,Southeast,mobile,1,345.43,placed,2026-04-04
ORD0001423,ORD0001423-L1077,CUST000423,PROD000077,Midwest,store,1,145.53,placed,2026-04-04
ORD0001428,ORD0001428-L2147,CUST000354,PROD000147,Northeast,web,2,522.76,placed,2026-04-04
ORD0001428,ORD0001428-L1165,CUST000354,PROD000165,Midwest,marketplace,1,440.41,placed,2026-04-04
ORD0001851,ORD0001851-L1160,CUST000421,PROD000160,Midwest,marketplace,1,72.4,placed,2026-04-04
ORD0001851,ORD0001851-L3166,CUST000421,PROD000166,Southeast,store,3,742.2,placed,2026-04-04
ORD0001851,ORD0001851-L2187,CUST000421,PROD000187,Northeast,marketplace,2,198.6,placed,2026-04-04
ORD0001851,ORD0001851-L2232,CUST000421,PROD000232,Southeast,web,2,237.3,placed,2026-04-04
ORD0001861,ORD0001861-L1145,CUST000049,PROD000145,Midwest,mobile,1,107.09,placed,2026-04-04
ORD0001861,ORD0001861-L1190,CUST000049,PROD000190,West,web,1,70.02,placed,2026-04-04
ORD0001861,ORD0001861-L2036,CUST000049,PROD000036,Northeast,mobile,2,709.88,placed,2026-04-04
ORD0001870,ORD0001870-L3220,CUST000073,PROD000220,West,store,3,1333.32,placed,2026-04-04
ORD0001870,ORD0001870-L3230,CUST000073,PROD000230,Southeast,web,3,965.19,placed,2026-04-04
ORD0001872,ORD0001872-L3173,CUST000293,PROD000173,West,marketplace,3,737.64,placed,2026-04-04
ORD0001872,ORD0001872-L2005,CUST000293,PROD000005,Southeast,store,2,574.84,placed,2026-04-04
ORD0001872,ORD0001872-L2148,CUST000293,PROD000148,Northeast,store,2,268.94,placed,2026-04-04
ORD0002012,ORD0002012-L2149,CUST000339,PROD000149,Southeast,web,2,638.82,placed,2026-04-04
ORD0002012,ORD0002012-L2184,CUST000339,PROD000184,West,marketplace,2,606.18,placed,2026-04-04
ORD0002012,ORD0002012-L1179,CUST000339,PROD000179,Northeast,web,1,203.99,placed,2026-04-04
ORD0002012,ORD0002012-L1099,CUST000339,PROD000099,Midwest,mobile,1,381.28,placed,2026-04-04
ORD0002113,ORD0002113-L3244,CUST000386,PROD000244,Southeast,web,3,1169.25,placed,2026-04-04
ORD0002113,ORD0002113-L3073,CUST000386,PROD000073,West,marketplace,3,801.93,placed,2026-04-04
ORD0002113,ORD0002113-L3157,CUST000386,PROD000157,West,mobile,3,827.22,placed,2026-04-04
ORD0002244,ORD0002244-L1236,CUST000270,PROD000236,Northeast,web,1,113.53,placed,2026-04-04
ORD0002244,ORD0002244-L3176,CUST000270,PROD000176,West,web,3,1002.24,placed,2026-04-04
ORD0002244,ORD0002244-L1037,CUST000270,PROD000037,Southeast,marketplace,1,414.44,placed,2026-04-04
ORD0002244,ORD0002244-L2102,CUST000270,PROD000102,Midwest,mobile,2,232.4,placed,2026-04-04
ORD0002403,ORD0002403-L1146,CUST000096,PROD000146,Northeast,store,1,360.8,placed,2026-04-04
ORD0002403,ORD0002403-L1161,CUST000096,PROD000161,Northeast,web,1,246.21,placed,2026-04-04
ORD0002403,ORD0002403-L3097,CUST000096,PROD000097,Northeast,web,3,1127.64,placed,2026-04-04
ORD0002403,ORD0002403-L2233,CUST000096,PROD000233,Northeast,web,2,733.6,placed,2026-04-04
ORD0002446,ORD0002446-L1015,CUST000075,PROD000015,Midwest,marketplace,1,266.76,placed,2026-04-04
ORD0002563,ORD0002563-L2189,CUST000443,PROD000189,Northeast,store,2,190.74,placed,2026-04-04
ORD0002563,ORD0002563-L1148,CUST000443,PROD000148,Southeast,web,1,127.4,placed,2026-04-04
ORD0002563,ORD0002563-L3031,CUST000443,PROD000031,Northeast,marketplace,3,294.03,placed,2026-04-04
ORD0002573,ORD0002573-L2011,CUST000324,PROD000011,Midwest,marketplace,2,610.4,placed,2026-04-04
ORD0002580,ORD0002580-L3002,CUST000492,PROD000002,Northeast,marketplace,3,1255.65,placed,2026-04-04
ORD0002581,ORD0002581-L3192,CUST000349,PROD000192,Southeast,web,3,1366.83,placed,2026-04-04
ORD0002581,ORD0002581-L3030,CUST000349,PROD000030,Midwest,store,3,213.27,placed,2026-04-04
ORD0002873,ORD0002873-L2145,CUST000378,PROD000145,West,mobile,2,214.18,placed,2026-04-04
ORD0002882,ORD0002882-L2022,CUST000101,PROD000022,Southeast,mobile,2,114.74,placed,2026-04-04
ORD0002888,ORD0002888-L3120,CUST000256,PROD000120,Southeast,marketplace,3,241.74,placed,2026-04-04
ORD0002888,ORD0002888-L2208,CUST000256,PROD000208,West,mobile,2,182.24,placed,2026-04-04
ORD0002888,ORD0002888-L2093,CUST000256,PROD000093,Northeast,marketplace,2,787.24,placed,2026-04-04
ORD0002940,ORD0002940-L2011,CUST000365,PROD000011,Southeast,mobile,2,610.4,placed,2026-04-04
ORD0002940,ORD0002940-L2215,CUST000365,PROD000215,West,web,2,399.76,placed,2026-04-04
ORD0002940,ORD0002940-L3139,CUST000365,PROD000139,West,mobile,3,1168.14,placed,2026-04-04
ORD0002946,ORD0002946-L3126,CUST000424,PROD000126,Southeast,mobile,3,798.33,placed,2026-04-04
ORD0002946,ORD0002946-L1056,CUST000424,PROD000056,West,mobile,1,88.61,placed,2026-04-04
ORD0002946,ORD0002946-L3247,CUST000424,PROD000247,Northeast,store,3,1031.64,placed,2026-04-04
ORD0003004,ORD0003004-L3095,CUST000322,PROD000095,Midwest,store,3,61.2,placed,2026-04-04
ORD0003004,ORD0003004-L1208,CUST000322,PROD000208,Midwest,web,1,91.12,placed,2026-04-04
ORD0003193,ORD0003193-L2223,CUST000446,PROD000223,West,marketplace,2,606.28,placed,2026-04-04
ORD0003193,ORD0003193-L1230,CUST000446,PROD000230,Southeast,marketplace,1,321.73,placed,2026-04-04
ORD0003193,ORD0003193-L1076,CUST000446,PROD000076,West,mobile,1,67.83,placed,2026-04-04
ORD0003200,ORD0003200-L2193,CUST000181,PROD000193,Northeast,web,2,933.14,placed,2026-04-04
ORD0003200,ORD0003200-L3188,CUST000181,PROD000188,Southeast,mobile,3,95.43,placed,2026-04-04
ORD0003200,ORD0003200-L2006,CUST000181,PROD000006,Midwest,marketplace,2,269.06,placed,2026-04-04
ORD0003221,ORD0003221-L2097,CUST000303,PROD000097,Northeast,store,2,676.58,placed,2026-04-04
ORD0003221,ORD0003221-L2096,CUST000303,PROD000096,Midwest,store,2,193.82,placed,2026-04-04
ORD0003221,ORD0003221-L3014,CUST000303,PROD000014,Southeast,marketplace,3,618.72,placed,2026-04-04
ORD0003243,ORD0003243-L1179,CUST000295,PROD000179,Southeast,marketplace,1,226.66,placed,2026-04-04
ORD0003243,ORD0003243-L2053,CUST000295,PROD000053,West,store,2,430.64,placed,2026-04-04
ORD0003243,ORD0003243-L1060,CUST000295,PROD000060,Northeast,mobile,1,267.61,placed,2026-04-04
ORD0003319,ORD0003319-L3235,CUST000296,PROD000235,Northeast,store,3,203.82,placed,2026-04-04
ORD0003319,ORD0003319-L3126,CUST000296,PROD000126,Northeast,marketplace,3,887.04,placed,2026-04-04
ORD0003319,ORD0003319-L3039,CUST000296,PROD000039,Midwest,store,3,1220.7,placed,2026-04-04
ORD0003319,ORD0003319-L2228,CUST000296,PROD000228,Midwest,mobile,2,142.12,placed,2026-04-04
ORD0003352,ORD0003352-L2144,CUST000136,PROD000144,Midwest,store,2,736.26,placed,2026-04-04
ORD0003352,ORD0003352-L2042,CUST000136,PROD000042,Southeast,web,2,235.18,placed,2026-04-04
ORD0003528,ORD0003528-L1030,CUST000362,PROD000030,Southeast,store,1,63.98,placed,2026-04-04
ORD0003528,ORD0003528-L1130,CUST000362,PROD000130,West,marketplace,1,435.64,placed,2026-04-04
ORD0003528,ORD0003528-L1107,CUST000362,PROD000107,Southeast,web,1,428.08,placed,2026-04-04
ORD0003528,ORD0003528-L1048,CUST000362,PROD000048,Northeast,mobile,1,344.88,placed,2026-04-04
ORD0003707,ORD0003707-L3070,CUST000417,PROD000070,Southeast,mobile,3,793.59,placed,2026-04-04
ORD0003707,ORD0003707-L1246,CUST000417,PROD000246,Midwest,web,1,93.05,placed,2026-04-04
ORD0003770,ORD0003770-L3238,CUST000033,PROD000238,West,mobile,3,255.27,placed,2026-04-04
ORD0003770,ORD0003770-L2079,CUST000033,PROD000079,Northeast,store,2,732.78,placed,2026-04-04
ORD0003770,ORD0003770-L1166,CUST000033,PROD000166,Northeast,store,1,222.66,placed,2026-04-04
ORD0000030,ORD0000030-L2192,CUST000408,PROD000192,Midwest,mobile,2,863.26,placed,2026-04-05
ORD0000030,ORD0000030-L3132,CUST000408,PROD000132,West,web,3,1146.24,placed,2026-04-05
ORD0000065,ORD0000065-L1216,CUST000383,PROD000216,Northeast,store,1,49.7,placed,2026-04-05
ORD0000170,ORD0000170-L3074,CUST000200,PROD000074,Northeast,mobile,3,802.98,placed,2026-04-05
ORD0000170,ORD0000170-L2111,CUST000200,PROD000111,West,store,2,30.14,placed,2026-04-05
ORD0000170,ORD0000170-L3108,CUST000200,PROD000108,Northeast,store,3,777.93,placed,2026-04-05
ORD0000199,ORD0000199-L3231,CUST000104,PROD000231,Southeast,web,3,228.93,placed,2026-04-05
ORD0000199,ORD0000199-L3018,CUST000104,PROD000018,Southeast,marketplace,3,764.1,placed,2026-04-05
ORD0000234,ORD0000234-L1095,CUST000420,PROD000095,Southeast,mobile,1,20.4,placed,2026-04-05
ORD0000235,ORD0000235-L3122,CUST000024,PROD000122,Southeast,marketplace,3,482.37,placed,2026-04-05
ORD0000287,ORD0000287-L3107,CUST000477,PROD000107,Southeast,mobile,3,1284.24,placed,2026-04-05
ORD0000375,ORD0000375-L2206,CUST000048,PROD000206,Southeast,store,2,826.2,placed,2026-04-05
ORD0000375,ORD0000375-L1079,CUST000048,PROD000079,Northeast,marketplace,1,366.39,placed,2026-04-05
ORD0000375,ORD0000375-L1140,CUST000048,PROD000140,Midwest,mobile,1,282.79,placed,2026-04-05
ORD0000593,ORD0000593-L3047,CUST000434,PROD000047,Southeast,web,3,397.44,placed,2026-04-05
ORD0000593,ORD0000593-L3198,CUST000434,PROD000198,Southeast,marketplace,3,1372.77,placed,2026-04-05
ORD0000593,ORD0000593-L3058,CUST000434,PROD000058,Southeast,web,3,925.74,placed,2026-04-05
ORD0000593,ORD0000593-L3010,CUST000434,PROD000010,Midwest,marketplace,3,370.65,placed,2026-04-05
ORD0000853,ORD0000853-L2193,CUST000287,PROD000193,West,web,2,982.26,placed,2026-04-05
ORD0000853,ORD0000853-L3124,CUST000287,PROD000124,Southeast,store,3,489.66,placed,2026-04-05
ORD0000853,ORD0000853-L1111,CUST000287,PROD000111,Northeast,marketplace,1,13.56,placed,2026-04-05
ORD0000853,ORD0000853-L3096,CUST000287,PROD000096,West,marketplace,3,306.03,placed,2026-04-05
ORD0000968,ORD0000968-L1131,CUST000067,PROD000131,Midwest,store,1,156.78,placed,2026-04-05
ORD0001010,ORD0001010-L1076,CUST000234,PROD000076,West,marketplace,1,64.44,placed,2026-04-05
ORD0001010,ORD0001010-L3077,CUST000234,PROD000077,West,store,3,436.59,placed,2026-04-05
ORD0001010,ORD0001010-L1082,CUST000234,PROD000082,Midwest,mobile,1,330.46,placed,2026-04-05
ORD0001010,ORD0001010-L2185,CUST000234,PROD000185,Midwest,store,2,805.24,placed,2026-04-05
ORD0001125,ORD0001125-L2186,CUST000133,PROD000186,Northeast,web,2,638.62,placed,2026-04-05
ORD0001125,ORD0001125-L3238,CUST000133,PROD000238,West,marketplace,3,283.65,placed,2026-04-05
ORD0001125,ORD0001125-L2002,CUST000133,PROD000002,West,mobile,2,881.16,placed,2026-04-05
ORD0001250,ORD0001250-L1090,CUST000098,PROD000090,Northeast,web,1,117.19,placed,2026-04-05
ORD0001250,ORD0001250-L2197,CUST000098,PROD000197,Northeast,web,2,856.88,placed,2026-04-05
ORD0001250,ORD0001250-L1016,CUST000098,PROD000016,Midwest,store,1,368.94,placed,2026-04-05
ORD0001250,ORD0001250-L1186,CUST000098,PROD000186,Southeast,web,1,336.12,placed,2026-04-05
ORD0001553,ORD0001553-L3012,CUST000083,PROD000012,Northeast,mobile,3,1397.55,placed,2026-04-05
ORD0001656,ORD0001656-L2113,CUST000424,PROD000113,West,marketplace,2,54.9,placed,2026-04-05
ORD0001667,ORD0001667-L1140,CUST000442,PROD000140,Southeast,marketplace,1,254.51,placed,2026-04-05
ORD0001667,ORD0001667-L2062,CUST000442,PROD000062,Northeast,store,2,431.32,placed,2026-04-05
ORD0001667,ORD0001667-L2173,CUST000442,PROD000173,Southeast,store,2,517.64,placed,2026-04-05
ORD0001667,ORD0001667-L1182,CUST000442,PROD000182,Midwest,store,1,259.16,placed,2026-04-05
ORD0002017,ORD0002017-L1081,CUST000264,PROD000081,West,store,1,253.35,placed,2026-04-05
ORD0002050,ORD0002050-L2065,CUST000434,PROD000065,Southeast,web,2,125.68,placed,2026-04-05
ORD0002050,ORD0002050-L2035,CUST000434,PROD000035,Southeast,web,2,877.02,placed,2026-04-05
ORD0002050,ORD0002050-L2164,CUST000434,PROD000164,West,web,2,31.86,placed,2026-04-05
ORD0002050,ORD0002050-L1179,CUST000434,PROD000179,Northeast,web,1,203.99,placed,2026-04-05
ORD0002147,ORD0002147-L1154,CUST000071,PROD000154,West,marketplace,1,333.89,placed,2026-04-05
ORD0002147,ORD0002147-L3024,CUST000071,PROD000024,Northeast,web,3,705.45,placed,2026-04-05
ORD0002147,ORD0002147-L2244,CUST000071,PROD000244,Northeast,mobile,2,866.12,placed,2026-04-05
ORD0002147,ORD0002147-L1182,CUST000071,PROD000182,West,mobile,1,231.88,placed,2026-04-05
ORD0002177,ORD0002177-L3147,CUST000082,PROD000147,West,web,3,742.89,placed,2026-04-05
ORD0002177,ORD0002177-L3173,CUST000082,PROD000173,Midwest,marketplace,3,776.46,placed,2026-04-05
ORD0002410,ORD0002410-L3089,CUST000291,PROD000089,Midwest,mobile,3,89.43,placed,2026-04-05
ORD0002483,ORD0002483-L3089,CUST000468,PROD000089,Southeast,marketplace,3,105.21,placed,2026-04-05
ORD0002483,ORD0002483-L3081,CUST000468,PROD000081,Northeast,store,3,760.05,placed,2026-04-05
ORD0002483,ORD0002483-L3247,CUST000468,PROD000247,Midwest,web,3,1031.64,placed,2026-04-05
ORD0002483,ORD0002483-L3073,CUST000468,PROD000073,West,web,3,844.14,placed,2026-04-05
ORD0002503,ORD0002503-L1017,CUST000330,PROD000017,Northeast,mobile,1,297.68,placed,2026-04-05
ORD0002503,ORD0002503-L3054,CUST000330,PROD000054,Southeast,store,3,641.88,placed,2026-04-05
ORD0002503,ORD0002503-L2010,CUST000330,PROD000010,Southeast,marketplace,2,210.04,placed,2026-04-05
ORD0002618,ORD0002618-L2121,CUST000321,PROD000121,West,web,2,628.58,placed,2026-04-05
ORD0002618,ORD0002618-L1025,CUST000321,PROD000025,West,marketplace,1,376.39,placed,2026-04-05
ORD0002618,ORD0002618-L1173,CUST000321,PROD000173,Northeast,marketplace,1,245.88,placed,2026-04-05
ORD0002618,ORD0002618-L1172,CUST000321,PROD000172,West,web,1,464.24,placed,2026-04-05
ORD0002927,ORD0002927-L1008,CUST000229,PROD000008,Northeast,web,1,254.29,placed,2026-04-05
ORD0002927,ORD0002927-L2163,CUST000229,PROD000163,Southeast,store,2,751.92,placed,2026-04-05
ORD0002927,ORD0002927-L3234,CUST000229,PROD000234,Midwest,store,3,1407.21,placed,2026-04-05
ORD0003153,ORD0003153-L1135,CUST000352,PROD000135,Northeast,web,1,199.24,placed,2026-04-05
ORD0003153,ORD0003153-L2052,CUST000352,PROD000052,Midwest,marketplace,2,398.48,placed,2026-04-05
ORD0003153,ORD0003153-L2014,CUST000352,PROD000014,Midwest,marketplace,2,390.76,placed,2026-04-05
ORD0003153,ORD0003153-L3162,CUST000352,PROD000162,West,mobile,3,862.83,placed,2026-04-05
ORD0003374,ORD0003374-L1029,CUST000469,PROD000029,West,mobile,1,450.32,placed,2026-04-05
ORD0003374,ORD0003374-L1202,CUST000469,PROD000202,Midwest,web,1,389.02,placed,2026-04-05
ORD0003459,ORD0003459-L1148,CUST000140,PROD000148,Northeast,marketplace,1,141.55,placed,2026-04-05
ORD0003459,ORD0003459-L1175,CUST000140,PROD000175,Northeast,store,1,375.54,placed,2026-04-05
ORD0003475,ORD0003475-L2183,CUST000356,PROD000183,Midwest,store,2,366.0,placed,2026-04-05
ORD0003475,ORD0003475-L1179,CUST000356,PROD000179,West,web,1,203.99,placed,2026-04-05
ORD0003518,ORD0003518-L3135,CUST000111,PROD000135,Southeast,web,3,567.84,placed,2026-04-05
ORD0003725,ORD0003725-L3160,CUST000475,PROD000160,Northeast,store,3,206.34,placed,2026-04-05
ORD0003725,ORD0003725-L3069,CUST000475,PROD000069,Midwest,marketplace,3,388.05,placed,2026-04-05
ORD0003725,ORD0003725-L1229,CUST000475,PROD000229,Midwest,web,1,60.55,placed,2026-04-05
ORD0003784,ORD0003784-L1219,CUST000259,PROD000219,Midwest,store,1,424.06,placed,2026-04-05
ORD0003784,ORD0003784-L1080,CUST000259,PROD000080,West,store,1,273.56,placed,2026-04-05
ORD0003784,ORD0003784-L3204,CUST000259,PROD000204,Northeast,marketplace,3,1216.41,placed,2026-04-05
ORD0003817,ORD0003817-L1033,CUST000407,PROD000033,Northeast,mobile,1,388.1,placed,2026-04-05
ORD0003817,ORD0003817-L1154,CUST000407,PROD000154,Northeast,web,1,333.89,placed,2026-04-05
ORD0003817,ORD0003817-L2208,CUST000407,PROD000208,Midwest,marketplace,2,182.24,placed,2026-04-05
ORD0003893,ORD0003893-L2163,CUST000231,PROD000163,Southeast,marketplace,2,676.72,placed,2026-04-05
ORD0003893,ORD0003893-L2061,CUST000231,PROD000061,Southeast,mobile,2,638.64,placed,2026-04-05
ORD0000045,ORD0000045-L1205,CUST000289,PROD000205,Midwest,web,1,300.96,placed,2026-04-06
ORD0000118,ORD0000118-L3095,CUST000439,PROD000095,Southeast,marketplace,3,61.2,placed,2026-04-06
ORD0000118,ORD0000118-L2157,CUST000439,PROD000157,Northeast,store,2,551.48,placed,2026-04-06
ORD0000118,ORD0000118-L2234,CUST000439,PROD000234,Northeast,store,2,797.42,placed,2026-04-06
ORD0000118,ORD0000118-L1085,CUST000439,PROD000085,Southeast,mobile,1,464.15,placed,2026-04-06
ORD0000126,ORD0000126-L1156,CUST000194,PROD000156,Northeast,mobile,1,78.82,placed,2026-04-06
ORD0000126,ORD0000126-L3217,CUST000194,PROD000217,Midwest,mobile,3,415.41,placed,2026-04-06
ORD0000126,ORD0000126-L1237,CUST000194,PROD000237,West,web,1,205.21,placed,2026-04-06
ORD0000239,ORD0000239-L1043,CUST000201,PROD000043,Midwest,web,1,143.72,placed,2026-04-06
ORD0000255,ORD0000255-L3050,CUST000292,PROD000050,West,mobile,3,1034.28,placed,2026-04-06
ORD0000255,ORD0000255-L1089,CUST000292,PROD000089,Southeast,mobile,1,35.07,placed,2026-04-06
ORD0000255,ORD0000255-L2172,CUST000292,PROD000172,Midwest,mobile,2,789.2,placed,2026-04-06
ORD0000305,ORD0000305-L1173,CUST000450,PROD000173,Midwest,store,1,258.82,placed,2026-04-06
ORD0000305,ORD0000305-L1191,CUST000450,PROD000191,Northeast,marketplace,1,339.86,placed,2026-04-06
ORD0000305,ORD0000305-L3177,CUST000450,PROD000177,Southeast,marketplace,3,101.94,placed,2026-04-06
ORD0000338,ORD0000338-L2061,CUST000051,PROD000061,West,mobile,2,672.26,placed,2026-04-06
ORD0000338,ORD0000338-L1054,CUST000051,PROD000054,Southeast,store,1,225.84,placed,2026-04-06
ORD0000338,ORD0000338-L2216,CUST000051,PROD000216,Northeast,store,2,99.4,placed,2026-04-06
ORD0000338,ORD0000338-L3140,CUST000051,PROD000140,Southeast,marketplace,3,763.53,placed,2026-04-06
ORD0000365,ORD0000365-L2066,CUST000455,PROD000066,Northeast,mobile,2,839.58,placed,2026-04-06
ORD0000365,ORD0000365-L1168,CUST000455,PROD000168,Midwest,marketplace,1,321.33,placed,2026-04-06
ORD0000365,ORD0000365-L2176,CUST000455,PROD000176,West,marketplace,2,742.4,placed,2026-04-06
ORD0000365,ORD0000365-L3100,CUST000455,PROD000100,West,marketplace,3,551.91,placed,2026-04-06
ORD0000655,ORD0000655-L3202,CUST000282,PROD000202,Midwest,mobile,3,1167.06,placed,2026-04-06
ORD0000655,ORD0000655-L1176,CUST000282,PROD000176,Midwest,store,1,352.64,placed,2026-04-06
ORD0000657,ORD0000657-L3078,CUST000112,PROD000078,West,mobile,3,69.21,placed,2026-04-06
ORD0000657,ORD0000657-L1091,CUST000112,PROD000091,Southeast,mobile,1,189.64,placed,2026-04-06
ORD0000657,ORD0000657-L3221,CUST000112,PROD000221,Midwest,web,3,646.02,placed,2026-04-06
ORD0000686,ORD0000686-L3027,CUST000144,PROD000027,Midwest,web,3,979.71,placed,2026-04-06
ORD0000686,ORD0000686-L1156,CUST000144,PROD000156,Southeast,mobile,1,78.82,placed,2026-04-06
ORD0000686,ORD0000686-L1022,CUST000144,PROD000022,Southeast,web,1,57.37,placed,2026-04-06
ORD0000705,ORD0000705-L2233,CUST000210,PROD000233,West,marketplace,2,772.2,placed,2026-04-06
ORD0000705,ORD0000705-L1188,CUST000210,PROD000188,Northeast,store,1,31.81,placed,2026-04-06
ORD0000722,ORD0000722-L1026,CUST000350,PROD000026,Midwest,mobile,1,88.53,placed,2026-04-06
ORD0000722,ORD0000722-L3195,CUST000350,PROD000195,Midwest,web,3,577.74,placed,2026-04-06
ORD0000722,ORD0000722-L3057,CUST000350,PROD000057,West,store,3,1204.74,placed,2026-04-06
ORD0000722,ORD0000722-L2213,CUST000350,PROD000213,Northeast,marketplace,2,21.78,placed,2026-04-06
ORD0000873,ORD0000873-L1232,CUST000226,PROD000232,Midwest,store,1,131.83,placed,2026-04-06
ORD0000953,ORD0000953-L1074,CUST000241,PROD000074,West,web,1,253.58,placed,2026-04-06
ORD0000953,ORD0000953-L1160,CUST000241,PROD000160,Midwest,store,1,72.4,placed,2026-04-06
ORD0000953,ORD0000953-L2016,CUST000241,PROD000016,Southeast,store,2,819.86,placed,2026-04-06
ORD0000953,ORD0000953-L3135,CUST000241,PROD000135,Midwest,store,3,597.72,placed,2026-04-06
ORD0000960,ORD0000960-L3181,CUST000337,PROD000181,Southeast,mobile,3,128.31,placed,2026-04-06
ORD0001063,ORD0001063-L3121,CUST000171,PROD000121,Northeast,mobile,3,942.87,placed,2026-04-06
ORD0001063,ORD0001063-L1148,CUST000171,PROD000148,Northeast,mobile,1,141.55,placed,2026-04-06
ORD0001190,ORD0001190-L3212,CUST000425,PROD000212,Midwest,mobile,3,583.62,placed,2026-04-06
ORD0001190,ORD0001190-L1161,CUST000425,PROD000161,Southeast,mobile,1,233.9,placed,2026-04-06
ORD0001272,ORD0001272-L2097,CUST000022,PROD000097,Southeast,web,2,751.76,placed,2026-04-06
ORD0001272,ORD0001272-L1112,CUST000022,PROD000112,Southeast,marketplace,1,261.78,placed,2026-04-06
ORD0001272,ORD0001272-L1237,CUST000022,PROD000237,Southeast,store,1,228.01,placed,2026-04-06
ORD0001272,ORD0001272-L2161,CUST000022,PROD000161,West,web,2,492.42,placed,2026-04-06
ORD0001343,ORD0001343-L1149,CUST000200,PROD000149,Southeast,store,1,319.41,placed,2026-04-06
ORD0001343,ORD0001343-L2202,CUST000200,PROD000202,West,web,2,700.24,placed,2026-04-06
ORD0001343,ORD0001343-L2203,CUST000200,PROD000203,Midwest,marketplace,2,707.26,placed,2026-04-06
ORD0001343,ORD0001343-L1235,CUST000200,PROD000235,Northeast,mobile,1,64.54,placed,2026-04-06
ORD0001380,ORD0001380-L2142,CUST000244,PROD000142,Midwest,marketplace,2,198.62,placed,2026-04-06
ORD0001405,ORD0001405-L2087,CUST000220,PROD000087,West,marketplace,2,352.24,placed,2026-04-06
ORD0001424,ORD0001424-L3039,CUST000118,PROD000039,Southeast,mobile,3,1037.58,placed,2026-04-06
ORD0001424,ORD0001424-L3157,CUST000118,PROD000157,Northeast,store,3,703.14,placed,2026-04-06
ORD0001424,ORD0001424-L3072,CUST000118,PROD000072,Midwest,store,3,674.79,placed,2026-04-06
ORD0001424,ORD0001424-L3215,CUST000118,PROD000215,Southeast,store,3,634.92,placed,2026-04-06
ORD0001609,ORD0001609-L3183,CUST000326,PROD000183,Southeast,store,3,577.89,placed,2026-04-06
ORD0001609,ORD0001609-L1090,CUST000326,PROD000090,Midwest,store,1,130.21,placed,2026-04-06
ORD0001839,ORD0001839-L1096,CUST000090,PROD000096,Midwest,marketplace,1,102.01,placed,2026-04-06
ORD0001911,ORD0001911-L3164,CUST000331,PROD000164,Southeast,mobile,3,45.27,placed,2026-04-06
ORD0001911,ORD0001911-L2020,CUST000331,PROD000020,West,marketplace,2,926.48,placed,2026-04-06
ORD0001911,ORD0001911-L3035,CUST000331,PROD000035,West,mobile,3,1315.53,placed,2026-04-06
ORD0001911,ORD0001911-L3165,CUST000331,PROD000165,Midwest,store,3,1321.23,placed,2026-04-06
ORD0001942,ORD0001942-L3172,CUST000060,PROD000172,Southeast,web,3,1392.72,placed,2026-04-06
ORD0001942,ORD0001942-L1024,CUST000060,PROD000024,Midwest,marketplace,1,235.15,placed,2026-04-06
ORD0001942,ORD0001942-L2044,CUST000060,PROD000044,Midwest,web,2,681.56,placed,2026-04-06
ORD0002249,ORD0002249-L2196,CUST000496,PROD000196,Northeast,store,2,722.38,placed,2026-04-06
ORD0002346,ORD0002346-L3201,CUST000283,PROD000201,Midwest,marketplace,3,939.66,placed,2026-04-06
ORD0002346,ORD0002346-L1199,CUST000283,PROD000199,Midwest,marketplace,1,34.43,placed,2026-04-06
ORD0002346,ORD0002346-L3060,CUST000283,PROD000060,Midwest,marketplace,3,847.41,placed,2026-04-06
ORD0002346,ORD0002346-L3235,CUST000283,PROD000235,West,web,3,203.82,placed,2026-04-06
ORD0002386,ORD0002386-L2112,CUST000250,PROD000112,Southeast,marketplace,2,497.38,placed,2026-04-06
ORD0002808,ORD0002808-L1213,CUST000364,PROD000213,Midwest,mobile,1,10.89,placed,2026-04-06
ORD0002808,ORD0002808-L2120,CUST000364,PROD000120,West,marketplace,2,161.16,placed,2026-04-06
ORD0002808,ORD0002808-L1003,CUST000364,PROD000003,Midwest,web,1,260.14,placed,2026-04-06
ORD0002830,ORD0002830-L2156,CUST000117,PROD000156,Southeast,mobile,2,149.76,placed,2026-04-06
ORD0003007,ORD0003007-L1068,CUST000253,PROD000068,Northeast,web,1,136.18,placed,2026-04-06
ORD0003007,ORD0003007-L3195,CUST000253,PROD000195,Midwest,marketplace,3,577.74,placed,2026-04-06
ORD0003007,ORD0003007-L3250,CUST000253,PROD000250,Southeast,marketplace,3,1004.31,placed,2026-04-06
ORD0003263,ORD0003263-L1112,CUST000252,PROD000112,Southeast,web,1,248.69,placed,2026-04-06
ORD0003263,ORD0003263-L1055,CUST000252,PROD000055,Southeast,web,1,281.41,placed,2026-04-06
ORD0003263,ORD0003263-L3185,CUST000252,PROD000185,West,mobile,3,1271.43,placed,2026-04-06
ORD0003286,ORD0003286-L2226,CUST000353,PROD000226,West,mobile,2,453.02,placed,2026-04-06
ORD0003286,ORD0003286-L2216,CUST000353,PROD000216,Northeast,web,2,94.44,placed,2026-04-06
ORD0003331,ORD0003331-L1128,CUST000435,PROD000128,Midwest,store,1,34.24,placed,2026-04-06
ORD0003448,ORD0003448-L1018,CUST000260,PROD000018,West,web,1,268.85,placed,2026-04-06
ORD0003448,ORD0003448-L1172,CUST000260,PROD000172,Southeast,mobile,1,464.24,placed,2026-04-06
ORD0003455,ORD0003455-L3178,CUST000213,PROD000178,West,mobile,3,676.74,placed,2026-04-06
ORD0003455,ORD0003455-L1144,CUST000213,PROD000144,West,marketplace,1,368.13,placed,2026-04-06
ORD0003484,ORD0003484-L3120,CUST000198,PROD000120,Northeast,web,3,254.46,placed,2026-04-06
ORD0003484,ORD0003484-L3001,CUST000198,PROD000001,Northeast,store,3,1269.54,placed,2026-04-06
ORD0003484,ORD0003484-L2017,CUST000198,PROD000017,Northeast,web,2,595.36,placed,2026-04-06
ORD0003508,ORD0003508-L3108,CUST000287,PROD000108,Southeast,mobile,3,864.36,placed,2026-04-06
ORD0003508,ORD0003508-L1197,CUST000287,PROD000197,Midwest,marketplace,1,364.17,placed,2026-04-06
ORD0003751,ORD0003751-L2150,CUST000326,PROD000150,West,marketplace,2,842.84,placed,2026-04-06
ORD0003751,ORD0003751-L3160,CUST000326,PROD000160,Southeast,marketplace,3,206.34,placed,2026-04-06
ORD0003821,ORD0003821-L2108,CUST000244,PROD000108,Southeast,web,2,547.42,placed,2026-04-06
ORD0003821,ORD0003821-L1022,CUST000244,PROD000022,Southeast,mobile,1,57.37,placed,2026-04-06
ORD0003821,ORD0003821-L3081,CUST000244,PROD000081,Midwest,web,3,760.05,placed,2026-04-06
ORD0003821,ORD0003821-L3231,CUST000244,PROD000231,Northeast,mobile,3,228.93,placed,2026-04-06
ORD0003964,ORD0003964-L3120,CUST000367,PROD000120,Northeast,marketplace,3,254.46,placed,2026-04-06
ORD0003964,ORD0003964-L2028,CUST000367,PROD000028,West,store,2,98.98,placed,2026-04-06
ORD0003964,ORD0003964-L3084,CUST000367,PROD000084,Northeast,store,3,305.61,placed,2026-04-06
ORD0003964,ORD0003964-L1237,CUST000367,PROD000237,West,mobile,1,216.61,placed,2026-04-06
ORD0000079,ORD0000079-L3225,CUST000484,PROD000225,West,store,3,1188.78,placed,2026-04-07
ORD0000079,ORD0000079-L2167,CUST000484,PROD000167,Midwest,web,2,342.02,placed,2026-04-07
ORD0000079,ORD0000079-L3041,CUST000484,PROD000041,Midwest,web,3,57.72,placed,2026-04-07
ORD0000085,ORD0000085-L2102,CUST000442,PROD000102,Northeast,store,2,220.78,placed,2026-04-07
ORD0000085,ORD0000085-L3159,CUST000442,PROD000159,Midwest,marketplace,3,1117.02,placed,2026-04-07
ORD0000104,ORD0000104-L3210,CUST000271,PROD000210,Midwest,marketplace,3,1325.97,placed,2026-04-07
ORD0000104,ORD0000104-L3115,CUST000271,PROD000115,Northeast,web,3,429.81,placed,2026-04-07
ORD0000153,ORD0000153-L3079,CUST000373,PROD000079,West,store,3,1157.01,placed,2026-04-07
ORD0000317,ORD0000317-L3243,CUST000485,PROD000243,Midwest,web,3,578.49,placed,2026-04-07
ORD0000317,ORD0000317-L3033,CUST000485,PROD000033,West,store,3,1164.3,placed,2026-04-07
ORD0000317,ORD0000317-L2247,CUST000485,PROD000247,West,web,2,723.96,placed,2026-04-07
ORD0000317,ORD0000317-L1240,CUST000485,PROD000240,Southeast,web,1,403.54,placed,2026-04-07
ORD0000566,ORD0000566-L3020,CUST000045,PROD000020,Southeast,mobile,3,1316.58,placed,2026-04-07
ORD0000676,ORD0000676-L3231,CUST000323,PROD000231,Midwest,marketplace,3,194.58,placed,2026-04-07
ORD0000676,ORD0000676-L2246,CUST000323,PROD000246,Northeast,web,2,195.9,placed,2026-04-07
ORD0000695,ORD0000695-L1173,CUST000280,PROD000173,West,store,1,232.94,placed,2026-04-07
ORD0000715,ORD0000715-L1244,CUST000448,PROD000244,Southeast,store,1,433.06,placed,2026-04-07
ORD0000715,ORD0000715-L3180,CUST000448,PROD000180,Southeast,web,3,1116.45,placed,2026-04-07
ORD0000715,ORD0000715-L3056,CUST000448,PROD000056,West,marketplace,3,252.54,placed,2026-04-07
ORD0000830,ORD0000830-L1031,CUST000344,PROD000031,Midwest,web,1,98.01,placed,2026-04-07
ORD0000830,ORD0000830-L2036,CUST000344,PROD000036,Northeast,mobile,2,788.76,placed,2026-04-07
ORD0000830,ORD0000830-L3154,CUST000344,PROD000154,Southeast,web,3,1001.67,placed,2026-04-07
ORD0000840,ORD0000840-L3050,CUST000302,PROD000050,Midwest,web,3,1088.73,placed,2026-04-07
ORD0000840,ORD0000840-L3171,CUST000302,PROD000171,Southeast,marketplace,3,594.57,placed,2026-04-07
ORD0000840,ORD0000840-L1002,CUST000302,PROD000002,Southeast,mobile,1,440.58,placed,2026-04-07
ORD0000918,ORD0000918-L1186,CUST000049,PROD000186,Midwest,store,1,336.12,placed,2026-04-07
ORD0000918,ORD0000918-L1131,CUST000049,PROD000131,Midwest,mobile,1,156.78,placed,2026-04-07
ORD0000918,ORD0000918-L1167,CUST000049,PROD000167,West,mobile,1,171.01,placed,2026-04-07
ORD0001076,ORD0001076-L2107,CUST000156,PROD000107,Northeast,web,2,856.16,placed,2026-04-07
ORD0001076,ORD0001076-L3206,CUST000156,PROD000206,Midwest,web,3,1115.37,placed,2026-04-07
ORD0001076,ORD0001076-L2247,CUST000156,PROD000247,West,web,2,687.76,placed,2026-04-07
ORD0001111,ORD0001111-L3121,CUST000058,PROD000121,Midwest,marketplace,3,895.74,placed,2026-04-07
ORD0001111,ORD0001111-L1213,CUST000058,PROD000213,West,store,1,10.89,placed,2026-04-07
ORD0001158,ORD0001158-L3089,CUST000247,PROD000089,Northeast,web,3,99.96,placed,2026-04-07
ORD0001158,ORD0001158-L1160,CUST000247,PROD000160,Midwest,mobile,1,72.4,placed,2026-04-07
ORD0001158,ORD0001158-L3057,CUST000247,PROD000057,Northeast,mobile,3,1204.74,placed,2026-04-07
ORD0001237,ORD0001237-L2235,CUST000426,PROD000235,Southeast,web,2,135.88,placed,2026-04-07
ORD0001237,ORD0001237-L1162,CUST000426,PROD000162,Northeast,store,1,271.63,placed,2026-04-07
ORD0001333,ORD0001333-L1120,CUST000411,PROD000120,Northeast,mobile,1,84.82,placed,2026-04-07
ORD0001333,ORD0001333-L1068,CUST000411,PROD000068,Southeast,marketplace,1,143.35,placed,2026-04-07
ORD0001333,ORD0001333-L3173,CUST000411,PROD000173,Northeast,store,3,737.64,placed,2026-04-07
ORD0001333,ORD0001333-L1128,CUST000411,PROD000128,Midwest,marketplace,1,34.24,placed,2026-04-07
ORD0001395,ORD0001395-L1162,CUST000264,PROD000162,West,web,1,319.57,placed,2026-04-07
ORD0001395,ORD0001395-L1125,CUST000264,PROD000125,West,store,1,205.83,placed,2026-04-07
ORD0001415,ORD0001415-L2245,CUST000141,PROD000245,Southeast,web,2,133.3,placed,2026-04-07
ORD0001415,ORD0001415-L3207,CUST000141,PROD000207,West,web,3,42.54,placed,2026-04-07
ORD0001415,ORD0001415-L2046,CUST000141,PROD000046,Midwest,marketplace,2,499.56,placed,2026-04-07
ORD0001483,ORD0001483-L2013,CUST000069,PROD000013,West,marketplace,2,796.06,placed,2026-04-07
ORD0001484,ORD0001484-L1107,CUST000248,PROD000107,Southeast,store,1,428.08,placed,2026-04-07
ORD0001484,ORD0001484-L2216,CUST000248,PROD000216,Southeast,store,2,84.5,placed,2026-04-07
ORD0001484,ORD0001484-L2228,CUST000248,PROD000228,Midwest,mobile,2,150.02,placed,2026-04-07
ORD0001484,ORD0001484-L1075,CUST000248,PROD000075,Northeast,marketplace,1,282.01,placed,2026-04-07
ORD0001500,ORD0001500-L2198,CUST000364,PROD000198,Northeast,marketplace,2,869.42,placed,2026-04-07
ORD0001500,ORD0001500-L3050,CUST000364,PROD000050,West,store,3,1088.73,placed,2026-04-07
ORD0001500,ORD0001500-L1215,CUST000364,PROD000215,Southeast,marketplace,1,235.15,placed,2026-04-07
ORD0001643,ORD0001643-L2226,CUST000237,PROD000226,West,mobile,2,453.02,placed,2026-04-07
ORD0001643,ORD0001643-L1123,CUST000237,PROD000123,Southeast,store,1,169.75,placed,2026-04-07
ORD0001643,ORD0001643-L2188,CUST000237,PROD000188,Midwest,mobile,2,66.96,placed,2026-04-07
ORD0001715,ORD0001715-L2002,CUST000344,PROD000002,Southeast,web,2,748.98,placed,2026-04-07
ORD0001715,ORD0001715-L1195,CUST000344,PROD000195,Northeast,marketplace,1,192.58,placed,2026-04-07
ORD0001715,ORD0001715-L1081,CUST000344,PROD000081,Midwest,mobile,1,240.68,placed,2026-04-07
ORD0001715,ORD0001715-L3065,CUST000344,PROD000065,Northeast,mobile,3,198.45,placed,2026-04-07
ORD0001723,ORD0001723-L1112,CUST000142,PROD000112,West,web,1,248.69,placed,2026-04-07
ORD0001787,ORD0001787-L3115,CUST000371,PROD000115,Midwest,mobile,3,429.81,placed,2026-04-07
ORD0001787,ORD0001787-L2229,CUST000371,PROD000229,Northeast,marketplace,2,121.1,placed,2026-04-07
ORD0001787,ORD0001787-L2086,CUST000371,PROD000086,Midwest,mobile,2,884.06,placed,2026-04-07
ORD0001787,ORD0001787-L2186,CUST000371,PROD000186,West,mobile,2,672.24,placed,2026-04-07
ORD0001840,ORD0001840-L3026,CUST000226,PROD000026,Southeast,mobile,3,252.3,placed,2026-04-07
ORD0001840,ORD0001840-L1122,CUST000226,PROD000122,Midwest,mobile,1,189.17,placed,2026-04-07
ORD0002174,ORD0002174-L3089,CUST000345,PROD000089,Southeast,mobile,3,99.96,placed,2026-04-07
ORD0002174,ORD0002174-L1250,CUST000345,PROD000250,West,mobile,1,334.77,placed,2026-04-07
ORD0002237,ORD0002237-L3160,CUST000103,PROD000160,Midwest,web,3,217.2,placed,2026-04-07
ORD0002237,ORD0002237-L2025,CUST000103,PROD000025,Midwest,store,2,752.78,placed,2026-04-07
ORD0002237,ORD0002237-L3180,CUST000103,PROD000180,Southeast,store,3,1060.62,placed,2026-04-07
ORD0002237,ORD0002237-L3167,CUST000103,PROD000167,West,mobile,3,487.38,placed,2026-04-07
ORD0002252,ORD0002252-L2133,CUST000436,PROD000133,Southeast,store,2,232.18,placed,2026-04-07
ORD0002252,ORD0002252-L2157,CUST000436,PROD000157,Southeast,web,2,496.34,placed,2026-04-07
ORD0002252,ORD0002252-L1245,CUST000436,PROD000245,West,marketplace,1,70.36,placed,2026-04-07
ORD0002255,ORD0002255-L1016,CUST000466,PROD000016,Northeast,web,1,348.44,placed,2026-04-07
ORD0002345,ORD0002345-L1162,CUST000258,PROD000162,West,marketplace,1,319.57,placed,2026-04-07
ORD0002345,ORD0002345-L1223,CUST000258,PROD000223,Northeast,web,1,303.14,placed,2026-04-07
ORD0002345,ORD0002345-L1236,CUST000258,PROD000236,Northeast,marketplace,1,113.53,placed,2026-04-07
ORD0002345,ORD0002345-L1199,CUST000258,PROD000199,Northeast,marketplace,1,34.43,placed,2026-04-07
ORD0002459,ORD0002459-L2130,CUST000476,PROD000130,West,store,2,871.28,placed,2026-04-07
ORD0002459,ORD0002459-L2082,CUST000476,PROD000082,West,store,2,734.36,placed,2026-04-07
ORD0002459,ORD0002459-L3142,CUST000476,PROD000142,West,store,3,268.14,placed,2026-04-07
ORD0002499,ORD0002499-L3100,CUST000400,PROD000100,West,web,3,551.91,placed,2026-04-07
ORD0002683,ORD0002683-L3158,CUST000213,PROD000158,Southeast,store,3,279.69,placed,2026-04-07
ORD0002683,ORD0002683-L2238,CUST000213,PROD000238,Northeast,web,2,189.1,placed,2026-04-07
ORD0002683,ORD0002683-L3172,CUST000213,PROD000172,Midwest,store,3,1392.72,placed,2026-04-07
ORD0002785,ORD0002785-L3156,CUST000424,PROD000156,Northeast,marketplace,3,236.46,placed,2026-04-07
ORD0002785,ORD0002785-L3023,CUST000424,PROD000023,Midwest,web,3,82.38,placed,2026-04-07
ORD0002785,ORD0002785-L1118,CUST000424,PROD000118,West,store,1,288.32,placed,2026-04-07
ORD0002785,ORD0002785-L2245,CUST000424,PROD000245,Southeast,mobile,2,148.12,placed,2026-04-07
ORD0002820,ORD0002820-L2078,CUST000212,PROD000078,West,web,2,43.84,placed,2026-04-07
ORD0002820,ORD0002820-L3033,CUST000212,PROD000033,Northeast,mobile,3,1164.3,placed,2026-04-07
ORD0002820,ORD0002820-L2072,CUST000212,PROD000072,West,marketplace,2,449.86,placed,2026-04-07
ORD0002820,ORD0002820-L1020,CUST000212,PROD000020,Midwest,mobile,1,487.62,placed,2026-04-07
ORD0002934,ORD0002934-L3151,CUST000490,PROD000151,Northeast,mobile,3,1059.6,placed,2026-04-07
ORD0002934,ORD0002934-L3162,CUST000490,PROD000162,Midwest,mobile,3,862.83,placed,2026-04-07
ORD0002955,ORD0002955-L1013,CUST000283,PROD000013,Southeast,marketplace,1,442.26,placed,2026-04-07
ORD0002955,ORD0002955-L2069,CUST000283,PROD000069,Southeast,mobile,2,272.32,placed,2026-04-07
ORD0002955,ORD0002955-L1211,CUST000283,PROD000211,West,store,1,287.62,placed,2026-04-07
ORD0002955,ORD0002955-L3197,CUST000283,PROD000197,Northeast,mobile,3,1285.32,placed,2026-04-07
ORD0002990,ORD0002990-L1046,CUST000005,PROD000046,Southeast,web,1,249.78,placed,2026-04-07
ORD0002990,ORD0002990-L1059,CUST000005,PROD000059,West,web,1,25.45,placed,2026-04-07
ORD0002990,ORD0002990-L2151,CUST000005,PROD000151,West,mobile,2,706.4,placed,2026-04-07
ORD0003098,ORD0003098-L1151,CUST000166,PROD000151,West,mobile,1,353.2,placed,2026-04-07
ORD0003167,ORD0003167-L3055,CUST000437,PROD000055,Midwest,marketplace,3,891.15,placed,2026-04-07
ORD0003167,ORD0003167-L1053,CUST000437,PROD000053,Southeast,store,1,215.32,placed,2026-04-07
ORD0003215,ORD0003215-L2007,CUST000249,PROD000007,Southeast,web,2,693.38,placed,2026-04-07
ORD0003215,ORD0003215-L2163,CUST000249,PROD000163,Southeast,mobile,2,751.92,placed,2026-04-07
ORD0003215,ORD0003215-L2109,CUST000249,PROD000109,Northeast,web,2,477.48,placed,2026-04-07
ORD0003324,ORD0003324-L3118,CUST000201,PROD000118,Midwest,store,3,910.47,placed,2026-04-07
ORD0003324,ORD0003324-L3062,CUST000201,PROD000062,West,mobile,3,682.92,placed,2026-04-07
ORD0003324,ORD0003324-L1175,CUST000201,PROD000175,Northeast,web,1,417.27,placed,2026-04-07
ORD0003341,ORD0003341-L3157,CUST000467,PROD000157,Southeast,store,3,827.22,placed,2026-04-07
ORD0003552,ORD0003552-L3221,CUST000080,PROD000221,Midwest,web,3,646.02,placed,2026-04-07
ORD0003552,ORD0003552-L1011,CUST000080,PROD000011,Southeast,web,1,305.2,placed,2026-04-07
ORD0003651,ORD0003651-L2193,CUST000097,PROD000193,Northeast,store,2,884.04,placed,2026-04-07
ORD0003782,ORD0003782-L1126,CUST000390,PROD000126,Southeast,web,1,280.9,placed,2026-04-07
ORD0003782,ORD0003782-L2084,CUST000390,PROD000084,Northeast,marketplace,2,226.38,placed,2026-04-07
ORD0003782,ORD0003782-L2212,CUST000390,PROD000212,Midwest,marketplace,2,409.56,placed,2026-04-07
ORD0003782,ORD0003782-L2182,CUST000390,PROD000182,Midwest,marketplace,2,491.04,placed,2026-04-07
ORD0003787,ORD0003787-L2132,CUST000386,PROD000132,Southeast,mobile,2,725.96,placed,2026-04-07
ORD0003787,ORD0003787-L2057,CUST000386,PROD000057,Midwest,store,2,722.84,placed,2026-04-07
ORD0003888,ORD0003888-L2128,CUST000358,PROD000128,Northeast,web,2,68.48,placed,2026-04-07
ORD0003984,ORD0003984-L2113,CUST000072,PROD000113,Midwest,store,2,52.16,placed,2026-04-07
ORD0003984,ORD0003984-L1097,CUST000072,PROD000097,Midwest,store,1,375.88,placed,2026-04-07
ORD0003986,ORD0003986-L3170,CUST000068,PROD000170,Northeast,marketplace,3,99.09,placed,2026-04-07
ORD0003986,ORD0003986-L2045,CUST000068,PROD000045,Southeast,store,2,838.22,placed,2026-04-07
ORD0000039,ORD0000039-L1231,CUST000294,PROD000231,Southeast,web,1,68.68,placed,2026-04-08
ORD0000066,ORD0000066-L2086,CUST000464,PROD000086,Northeast,marketplace,2,930.58,placed,2026-04-08
ORD0000066,ORD0000066-L2050,CUST000464,PROD000050,Midwest,marketplace,2,689.52,placed,2026-04-08
ORD0000066,ORD0000066-L1079,CUST000464,PROD000079,Northeast,marketplace,1,385.67,placed,2026-04-08
ORD0000066,ORD0000066-L3214,CUST000464,PROD000214,Midwest,mobile,3,368.76,placed,2026-04-08
ORD0000067,ORD0000067-L1119,CUST000259,PROD000119,Midwest,web,1,296.78,placed,2026-04-08
ORD0000067,ORD0000067-L2077,CUST000259,PROD000077,Midwest,web,2,291.06,placed,2026-04-08
ORD0000067,ORD0000067-L2171,CUST000259,PROD000171,Northeast,marketplace,2,396.38,placed,2026-04-08
ORD0000174,ORD0000174-L3117,CUST000008,PROD000117,Midwest,mobile,3,1227.48,placed,2026-04-08
ORD0000174,ORD0000174-L2110,CUST000008,PROD000110,Midwest,mobile,2,407.36,placed,2026-04-08
ORD0000174,ORD0000174-L1223,CUST000008,PROD000223,Southeast,marketplace,1,287.98,placed,2026-04-08
ORD0000174,ORD0000174-L1069,CUST000008,PROD000069,Southeast,marketplace,1,129.35,placed,2026-04-08
ORD0000232,ORD0000232-L2139,CUST000102,PROD000139,Northeast,store,2,822.04,placed,2026-04-08
ORD0000232,ORD0000232-L2168,CUST000102,PROD000168,West,mobile,2,642.66,placed,2026-04-08
ORD0000370,ORD0000370-L2082,CUST000277,PROD000082,Southeast,web,2,660.92,placed,2026-04-08
ORD0000370,ORD0000370-L1048,CUST000277,PROD000048,Midwest,marketplace,1,327.64,placed,2026-04-08
ORD0000370,ORD0000370-L3216,CUST000277,PROD000216,Northeast,web,3,149.1,placed,2026-04-08
ORD0000522,ORD0000522-L1158,CUST000014,PROD000158,Southeast,marketplace,1,98.14,placed,2026-04-08
ORD0000522,ORD0000522-L1210,CUST000014,PROD000210,Southeast,store,1,397.79,placed,2026-04-08
ORD0000522,ORD0000522-L1237,CUST000014,PROD000237,Northeast,web,1,228.01,placed,2026-04-08
ORD0000585,ORD0000585-L2046,CUST000331,PROD000046,Southeast,store,2,474.58,placed,2026-04-08
ORD0000585,ORD0000585-L1059,CUST000331,PROD000059,West,web,1,25.45,placed,2026-04-08
ORD0000585,ORD0000585-L1075,CUST000331,PROD000075,Northeast,mobile,1,296.85,placed,2026-04-08
ORD0001028,ORD0001028-L2218,CUST000307,PROD000218,West,store,2,156.84,placed,2026-04-08
ORD0001048,ORD0001048-L3022,CUST000108,PROD000022,Southeast,store,3,181.17,placed,2026-04-08
ORD0001127,ORD0001127-L2133,CUST000326,PROD000133,Southeast,web,2,220.58,placed,2026-04-08
ORD0001283,ORD0001283-L3230,CUST000209,PROD000230,Southeast,mobile,3,868.68,placed,2026-04-08
ORD0001283,ORD0001283-L1215,CUST000209,PROD000215,Northeast,store,1,235.15,placed,2026-04-08
ORD0001283,ORD0001283-L1002,CUST000209,PROD000002,West,web,1,396.52,placed,2026-04-08
ORD0001311,ORD0001311-L3082,CUST000194,PROD000082,Midwest,web,3,1101.54,placed,2026-04-08
ORD0001311,ORD0001311-L2055,CUST000194,PROD000055,West,web,2,625.36,placed,2026-04-08
ORD0001311,ORD0001311-L1073,CUST000194,PROD000073,West,web,1,281.38,placed,2026-04-08
ORD0001341,ORD0001341-L2218,CUST000397,PROD000218,Southeast,mobile,2,156.84,placed,2026-04-08
ORD0001341,ORD0001341-L1192,CUST000397,PROD000192,Midwest,web,1,479.59,placed,2026-04-08
ORD0001341,ORD0001341-L2083,CUST000397,PROD000083,Southeast,mobile,2,368.02,placed,2026-04-08
ORD0001581,ORD0001581-L3062,CUST000456,PROD000062,Southeast,marketplace,3,718.86,placed,2026-04-08
ORD0001581,ORD0001581-L3180,CUST000456,PROD000180,Southeast,store,3,1060.62,placed,2026-04-08
ORD0001581,ORD0001581-L3069,CUST000456,PROD000069,West,marketplace,3,367.62,placed,2026-04-08
ORD0001581,ORD0001581-L2175,CUST000456,PROD000175,Northeast,mobile,2,834.54,placed,2026-04-08
ORD0001685,ORD0001685-L1240,CUST000444,PROD000240,Southeast,mobile,1,403.54,placed,2026-04-08
ORD0001685,ORD0001685-L3189,CUST000444,PROD000189,West,web,3,286.11,placed,2026-04-08
ORD0001685,ORD0001685-L3066,CUST000444,PROD000066,West,store,3,1259.37,placed,2026-04-08
ORD0001685,ORD0001685-L2155,CUST000444,PROD000155,Southeast,marketplace,2,337.68,placed,2026-04-08
ORD0001778,ORD0001778-L2080,CUST000132,PROD000080,Midwest,web,2,547.12,placed,2026-04-08
ORD0001778,ORD0001778-L3002,CUST000132,PROD000002,Midwest,web,3,1255.65,placed,2026-04-08
ORD0001778,ORD0001778-L3246,CUST000132,PROD000246,Northeast,web,3,279.15,placed,2026-04-08
ORD0001862,ORD0001862-L3110,CUST000153,PROD000110,Midwest,mobile,3,678.93,placed,2026-04-08
ORD0001862,ORD0001862-L3145,CUST000153,PROD000145,Midwest,store,3,321.27,placed,2026-04-08
ORD0001862,ORD0001862-L1030,CUST000153,PROD000030,West,web,1,67.54,placed,2026-04-08
ORD0001892,ORD0001892-L2017,CUST000328,PROD000017,Southeast,marketplace,2,535.82,placed,2026-04-08
ORD0001892,ORD0001892-L3099,CUST000328,PROD000099,Northeast,store,3,1029.45,placed,2026-04-08
ORD0001892,ORD0001892-L3064,CUST000328,PROD000064,Northeast,mobile,3,936.33,placed,2026-04-08
ORD0001892,ORD0001892-L1138,CUST000328,PROD000138,West,mobile,1,292.49,placed,2026-04-08
ORD0001985,ORD0001985-L1249,CUST000365,PROD000249,Midwest,marketplace,1,122.1,placed,2026-04-08
ORD0002037,ORD0002037-L3087,CUST000136,PROD000087,Midwest,store,3,500.55,placed,2026-04-08
ORD0002037,ORD0002037-L2139,CUST000136,PROD000139,Northeast,web,2,822.04,placed,2026-04-08
ORD0002261,ORD0002261-L2112,CUST000247,PROD000112,Midwest,marketplace,2,523.56,placed,2026-04-08
ORD0002261,ORD0002261-L1208,CUST000247,PROD000208,Midwest,store,1,86.56,placed,2026-04-08
ORD0002379,ORD0002379-L1045,CUST000011,PROD000045,Southeast,marketplace,1,419.11,placed,2026-04-08
ORD0002462,ORD0002462-L2037,CUST000110,PROD000037,Northeast,store,2,872.5,placed,2026-04-08
ORD0002462,ORD0002462-L2023,CUST000110,PROD000023,Southeast,marketplace,2,57.96,placed,2026-04-08
ORD0002462,ORD0002462-L2060,CUST000110,PROD000060,Midwest,mobile,2,535.22,placed,2026-04-08
ORD0002514,ORD0002514-L1100,CUST000003,PROD000100,Northeast,marketplace,1,165.57,placed,2026-04-08
ORD0002514,ORD0002514-L2090,CUST000003,PROD000090,Midwest,mobile,2,247.4,placed,2026-04-08
ORD0002514,ORD0002514-L2102,CUST000003,PROD000102,Southeast,marketplace,2,220.78,placed,2026-04-08
ORD0002745,ORD0002745-L3195,CUST000144,PROD000195,West,marketplace,3,577.74,placed,2026-04-08
ORD0002745,ORD0002745-L1236,CUST000144,PROD000236,Northeast,mobile,1,113.53,placed,2026-04-08
ORD0002745,ORD0002745-L3112,CUST000144,PROD000112,West,marketplace,3,785.34,placed,2026-04-08
ORD0002881,ORD0002881-L1195,CUST000211,PROD000195,Northeast,marketplace,1,192.58,placed,2026-04-08
ORD0002881,ORD0002881-L3139,CUST000211,PROD000139,West,mobile,3,1297.95,placed,2026-04-08
ORD0002881,ORD0002881-L3126,CUST000211,PROD000126,West,mobile,3,842.7,placed,2026-04-08
ORD0002887,ORD0002887-L3039,CUST000093,PROD000039,West,web,3,1098.63,placed,2026-04-08
ORD0002887,ORD0002887-L3090,CUST000093,PROD000090,Midwest,marketplace,3,390.63,placed,2026-04-08
ORD0002887,ORD0002887-L1155,CUST000093,PROD000155,Southeast,mobile,1,160.4,placed,2026-04-08
ORD0002887,ORD0002887-L3095,CUST000093,PROD000095,Northeast,mobile,3,61.2,placed,2026-04-08
ORD0003121,ORD0003121-L3053,CUST000362,PROD000053,Southeast,store,3,679.95,placed,2026-04-08
ORD0003121,ORD0003121-L2069,CUST000362,PROD000069,Southeast,web,2,272.32,placed,2026-04-08
ORD0003154,ORD0003154-L3031,CUST000284,PROD000031,Southeast,marketplace,3,294.03,placed,2026-04-08
ORD0003154,ORD0003154-L3030,CUST000284,PROD000030,Southeast,store,3,213.27,placed,2026-04-08
ORD0003154,ORD0003154-L1101,CUST000284,PROD000101,Northeast,web,1,410.31,placed,2026-04-08
ORD0003154,ORD0003154-L2168,CUST000284,PROD000168,Southeast,marketplace,2,578.4,placed,2026-04-08
ORD0003174,ORD0003174-L2048,CUST000032,PROD000048,West,marketplace,2,689.76,placed,2026-04-08
ORD0003174,ORD0003174-L2087,CUST000032,PROD000087,Midwest,mobile,2,370.78,placed,2026-04-08
ORD0003174,ORD0003174-L1241,CUST000032,PROD000241,Northeast,store,1,72.58,placed,2026-04-08
ORD0003242,ORD0003242-L1095,CUST000382,PROD000095,Southeast,marketplace,1,19.38,placed,2026-04-08
ORD0003242,ORD0003242-L2152,CUST000382,PROD000152,Southeast,marketplace,2,694.52,placed,2026-04-08
ORD0003253,ORD0003253-L3051,CUST000164,PROD000051,Southeast,web,3,1037.64,placed,2026-04-08
ORD0003253,ORD0003253-L3077,CUST000164,PROD000077,West,mobile,3,436.59,placed,2026-04-08
ORD0003253,ORD0003253-L2118,CUST000164,PROD000118,Northeast,store,2,606.98,placed,2026-04-08
ORD0003336,ORD0003336-L3053,CUST000152,PROD000053,Northeast,mobile,3,645.96,placed,2026-04-08
ORD0003336,ORD0003336-L2146,CUST000152,PROD000146,Southeast,web,2,649.44,placed,2026-04-08
ORD0003336,ORD0003336-L2058,CUST000152,PROD000058,Northeast,web,2,586.3,placed,2026-04-08
ORD0003527,ORD0003527-L3051,CUST000456,PROD000051,West,marketplace,3,1152.93,placed,2026-04-08
ORD0003527,ORD0003527-L1045,CUST000456,PROD000045,Northeast,marketplace,1,419.11,placed,2026-04-08
ORD0003527,ORD0003527-L1063,CUST000456,PROD000063,Northeast,store,1,295.42,placed,2026-04-08
ORD0003527,ORD0003527-L2135,CUST000456,PROD000135,Southeast,mobile,2,398.48,placed,2026-04-08
ORD0003593,ORD0003593-L3113,CUST000416,PROD000113,Northeast,store,3,82.35,placed,2026-04-08
ORD0003593,ORD0003593-L2063,CUST000416,PROD000063,Southeast,store,2,656.48,placed,2026-04-08
ORD0003628,ORD0003628-L1188,CUST000130,PROD000188,West,marketplace,1,33.48,placed,2026-04-08
ORD0003656,ORD0003656-L2226,CUST000326,PROD000226,West,web,2,385.06,placed,2026-04-08
ORD0003801,ORD0003801-L1052,CUST000181,PROD000052,Southeast,store,1,199.24,placed,2026-04-08
ORD0003874,ORD0003874-L1080,CUST000069,PROD000080,Northeast,web,1,259.88,placed,2026-04-08
ORD0003884,ORD0003884-L1236,CUST000328,PROD000236,Northeast,marketplace,1,107.85,placed,2026-04-08
ORD0003884,ORD0003884-L3129,CUST000328,PROD000129,Northeast,mobile,3,377.64,placed,2026-04-08
ORD0003884,ORD0003884-L2176,CUST000328,PROD000176,Northeast,marketplace,2,742.4,placed,2026-04-08
ORD0003884,ORD0003884-L3155,CUST000328,PROD000155,Southeast,mobile,3,481.2,placed,2026-04-08
ORD0003961,ORD0003961-L1080,CUST000154,PROD000080,Northeast,mobile,1,246.2,placed,2026-04-08
ORD0000005,ORD0000005-L2114,CUST000332,PROD000114,Midwest,mobile,2,836.74,placed,2026-04-09
ORD0000005,ORD0000005-L3050,CUST000332,PROD000050,Northeast,mobile,3,979.86,placed,2026-04-09
ORD0000005,ORD0000005-L2192,CUST000332,PROD000192,Northeast,store,2,863.26,placed,2026-04-09
ORD0000073,ORD0000073-L1057,CUST000396,PROD000057,Midwest,web,1,381.5,placed,2026-04-09
ORD0000073,ORD0000073-L3129,CUST000396,PROD000129,Northeast,web,3,339.87,placed,2026-04-09
ORD0000073,ORD0000073-L2193,CUST000396,PROD000193,Southeast,store,2,982.26,placed,2026-04-09
ORD0000073,ORD0000073-L3063,CUST000396,PROD000063,Southeast,marketplace,3,935.49,placed,2026-04-09
ORD0000151,ORD0000151-L1023,CUST000403,PROD000023,West,mobile,1,30.51,placed,2026-04-09
ORD0000151,ORD0000151-L2160,CUST000403,PROD000160,Southeast,mobile,2,137.56,placed,2026-04-09
ORD0000151,ORD0000151-L3050,CUST000403,PROD000050,Northeast,web,3,1088.73,placed,2026-04-09
ORD0000151,ORD0000151-L1240,CUST000403,PROD000240,Midwest,marketplace,1,403.54,placed,2026-04-09
ORD0000274,ORD0000274-L3204,CUST000405,PROD000204,Northeast,web,3,1216.41,placed,2026-04-09
ORD0000277,ORD0000277-L2187,CUST000219,PROD000187,Northeast,store,2,178.74,placed,2026-04-09
ORD0000280,ORD0000280-L3017,CUST000424,PROD000017,Northeast,store,3,893.04,placed,2026-04-09
ORD0000280,ORD0000280-L3103,CUST000424,PROD000103,West,mobile,3,825.6,placed,2026-04-09
ORD0000280,ORD0000280-L1046,CUST000424,PROD000046,Midwest,mobile,1,224.8,placed,2026-04-09
ORD0000355,ORD0000355-L3162,CUST000453,PROD000162,Midwest,web,3,862.83,placed,2026-04-09
ORD0000400,ORD0000400-L3161,CUST000163,PROD000161,West,mobile,3,701.7,placed,2026-04-09
ORD0000411,ORD0000411-L3202,CUST000230,PROD000202,Northeast,web,3,1167.06,placed,2026-04-09
ORD0000426,ORD0000426-L1008,CUST000089,PROD000008,Southeast,mobile,1,241.58,placed,2026-04-09
ORD0000426,ORD0000426-L3175,CUST000089,PROD000175,West,web,3,1064.04,placed,2026-04-09
ORD0000539,ORD0000539-L3238,CUST000124,PROD000238,Northeast,marketplace,3,283.65,placed,2026-04-09
ORD0000539,ORD0000539-L2206,CUST000124,PROD000206,West,store,2,743.58,placed,2026-04-09
ORD0000539,ORD0000539-L1215,CUST000124,PROD000215,West,marketplace,1,235.15,placed,2026-04-09
ORD0000539,ORD0000539-L3001,CUST000124,PROD000001,Midwest,store,3,1269.54,placed,2026-04-09
ORD0000747,ORD0000747-L2146,CUST000090,PROD000146,Midwest,store,2,721.6,placed,2026-04-09
ORD0000747,ORD0000747-L2147,CUST000090,PROD000147,Southeast,store,2,550.28,placed,2026-04-09
ORD0000747,ORD0000747-L2242,CUST000090,PROD000242,Southeast,store,2,657.78,placed,2026-04-09
ORD0000747,ORD0000747-L1165,CUST000090,PROD000165,West,store,1,396.37,placed,2026-04-09
ORD0001122,ORD0001122-L2146,CUST000052,PROD000146,West,store,2,721.6,placed,2026-04-09
ORD0001129,ORD0001129-L2110,CUST000431,PROD000110,Southeast,mobile,2,452.62,placed,2026-04-09
ORD0001129,ORD0001129-L1144,CUST000431,PROD000144,Northeast,marketplace,1,331.32,placed,2026-04-09
ORD0001129,ORD0001129-L3073,CUST000431,PROD000073,Midwest,mobile,3,801.93,placed,2026-04-09
ORD0001129,ORD0001129-L1096,CUST000431,PROD000096,West,marketplace,1,102.01,placed,2026-04-09
ORD0001315,ORD0001315-L3159,CUST000488,PROD000159,Northeast,web,3,1117.02,placed,2026-04-09
ORD0001315,ORD0001315-L2051,CUST000488,PROD000051,Southeast,store,2,691.76,placed,2026-04-09
ORD0001315,ORD0001315-L3014,CUST000488,PROD000014,Northeast,store,3,618.72,placed,2026-04-09
ORD0001315,ORD0001315-L1113,CUST000488,PROD000113,Midwest,web,1,27.45,placed,2026-04-09
ORD0001353,ORD0001353-L1227,CUST000020,PROD000227,Midwest,mobile,1,401.18,placed,2026-04-09
ORD0001353,ORD0001353-L2133,CUST000020,PROD000133,Northeast,store,2,208.96,placed,2026-04-09
ORD0001388,ORD0001388-L1073,CUST000336,PROD000073,Midwest,web,1,253.24,placed,2026-04-09
ORD0001388,ORD0001388-L3059,CUST000336,PROD000059,West,web,3,76.35,placed,2026-04-09
ORD0001401,ORD0001401-L1223,CUST000120,PROD000223,Midwest,store,1,303.14,placed,2026-04-09
ORD0001401,ORD0001401-L1021,CUST000120,PROD000021,Southeast,web,1,23.67,placed,2026-04-09
ORD0001401,ORD0001401-L1181,CUST000120,PROD000181,Southeast,mobile,1,40.63,placed,2026-04-09
ORD0001558,ORD0001558-L2110,CUST000442,PROD000110,Midwest,web,2,429.98,placed,2026-04-09
ORD0001558,ORD0001558-L2160,CUST000442,PROD000160,Midwest,marketplace,2,144.8,placed,2026-04-09
ORD0001558,ORD0001558-L1083,CUST000442,PROD000083,Northeast,web,1,205.66,placed,2026-04-09
ORD0001717,ORD0001717-L1004,CUST000061,PROD000004,Northeast,mobile,1,450.28,placed,2026-04-09
ORD0001752,ORD0001752-L3159,CUST000227,PROD000159,Northeast,store,3,1117.02,placed,2026-04-09
ORD0001752,ORD0001752-L3174,CUST000227,PROD000174,Northeast,store,3,872.85,placed,2026-04-09
ORD0001752,ORD0001752-L1250,CUST000227,PROD000250,Northeast,mobile,1,334.77,placed,2026-04-09
ORD0001752,ORD0001752-L2128,CUST000227,PROD000128,Northeast,web,2,68.48,placed,2026-04-09
ORD0001816,ORD0001816-L3016,CUST000231,PROD000016,Northeast,mobile,3,1106.82,placed,2026-04-09
ORD0001816,ORD0001816-L2171,CUST000231,PROD000171,Southeast,store,2,396.38,placed,2026-04-09
ORD0001816,ORD0001816-L1030,CUST000231,PROD000030,Northeast,mobile,1,63.98,placed,2026-04-09
ORD0001829,ORD0001829-L2060,CUST000109,PROD000060,Southeast,marketplace,2,564.94,placed,2026-04-09
ORD0001829,ORD0001829-L3002,CUST000109,PROD000002,Northeast,store,3,1321.74,placed,2026-04-09
ORD0001829,ORD0001829-L3009,CUST000109,PROD000009,West,store,3,1089.03,placed,2026-04-09
ORD0001913,ORD0001913-L2248,CUST000417,PROD000248,Midwest,mobile,2,660.86,placed,2026-04-09
ORD0001913,ORD0001913-L2226,CUST000417,PROD000226,Northeast,marketplace,2,430.36,placed,2026-04-09
ORD0001913,ORD0001913-L1097,CUST000417,PROD000097,Northeast,store,1,338.29,placed,2026-04-09
ORD0001913,ORD0001913-L1017,CUST000417,PROD000017,West,store,1,267.91,placed,2026-04-09
ORD0001972,ORD0001972-L3094,CUST000479,PROD000094,Midwest,marketplace,3,218.49,placed,2026-04-09
ORD0001972,ORD0001972-L2018,CUST000479,PROD000018,Southeast,mobile,2,566.0,placed,2026-04-09
ORD0001972,ORD0001972-L2057,CUST000479,PROD000057,Northeast,marketplace,2,803.16,placed,2026-04-09
ORD0001972,ORD0001972-L1189,CUST000479,PROD000189,Northeast,web,1,85.83,placed,2026-04-09
ORD0002014,ORD0002014-L1118,CUST000026,PROD000118,Midwest,mobile,1,303.49,placed,2026-04-09
ORD0002039,ORD0002039-L3063,CUST000157,PROD000063,Northeast,marketplace,3,935.49,placed,2026-04-09
ORD0002039,ORD0002039-L1070,CUST000157,PROD000070,Midwest,marketplace,1,251.3,placed,2026-04-09
ORD0002266,ORD0002266-L1094,CUST000116,PROD000094,Midwest,web,1,80.92,placed,2026-04-09
ORD0002266,ORD0002266-L3115,CUST000116,PROD000115,West,web,3,429.81,placed,2026-04-09
ORD0002266,ORD0002266-L1150,CUST000116,PROD000150,Midwest,marketplace,1,468.24,placed,2026-04-09
ORD0002388,ORD0002388-L2127,CUST000102,PROD000127,Midwest,store,2,184.68,placed,2026-04-09
ORD0002388,ORD0002388-L1019,CUST000102,PROD000019,Southeast,marketplace,1,300.34,placed,2026-04-09
ORD0002447,ORD0002447-L3029,CUST000414,PROD000029,West,mobile,3,1422.06,placed,2026-04-09
ORD0002652,ORD0002652-L1139,CUST000457,PROD000139,Northeast,web,1,432.65,placed,2026-04-09
ORD0002739,ORD0002739-L1028,CUST000122,PROD000028,West,store,1,52.1,placed,2026-04-09
ORD0002883,ORD0002883-L1219,CUST000191,PROD000219,Southeast,marketplace,1,471.18,placed,2026-04-09
ORD0002883,ORD0002883-L2197,CUST000191,PROD000197,West,store,2,856.88,placed,2026-04-09
ORD0002883,ORD0002883-L1234,CUST000191,PROD000234,Northeast,marketplace,1,445.62,placed,2026-04-09
ORD0003075,ORD0003075-L3155,CUST000146,PROD000155,West,marketplace,3,506.52,placed,2026-04-09
ORD0003075,ORD0003075-L2173,CUST000146,PROD000173,Midwest,mobile,2,491.76,placed,2026-04-09
ORD0003075,ORD0003075-L1065,CUST000146,PROD000065,Midwest,store,1,66.15,placed,2026-04-09
ORD0003075,ORD0003075-L2067,CUST000146,PROD000067,Southeast,web,2,336.72,placed,2026-04-09
ORD0003195,ORD0003195-L3192,CUST000113,PROD000192,Northeast,mobile,3,1438.77,placed,2026-04-09
ORD0003195,ORD0003195-L1094,CUST000113,PROD000094,West,web,1,76.87,placed,2026-04-09
ORD0003195,ORD0003195-L2230,CUST000113,PROD000230,Southeast,mobile,2,643.46,placed,2026-04-09
ORD0003195,ORD0003195-L1205,CUST000113,PROD000205,Southeast,store,1,270.86,placed,2026-04-09
ORD0003220,ORD0003220-L1019,CUST000107,PROD000019,Northeast,marketplace,1,316.15,placed,2026-04-09
ORD0003304,ORD0003304-L1212,CUST000466,PROD000212,Midwest,web,1,194.54,placed,2026-04-09
ORD0003404,ORD0003404-L3086,CUST000067,PROD000086,Midwest,web,3,1395.87,placed,2026-04-09
ORD0003404,ORD0003404-L1126,CUST000067,PROD000126,West,store,1,266.11,placed,2026-04-09
ORD0003562,ORD0003562-L2053,CUST000148,PROD000053,Northeast,mobile,2,407.98,placed,2026-04-09
ORD0003789,ORD0003789-L2141,CUST000346,PROD000141,Midwest,store,2,779.14,placed,2026-04-09
ORD0003789,ORD0003789-L1154,CUST000346,PROD000154,Midwest,web,1,317.2,placed,2026-04-09
ORD0003789,ORD0003789-L2036,CUST000346,PROD000036,Northeast,mobile,2,788.76,placed,2026-04-09
ORD0003789,ORD0003789-L2213,CUST000346,PROD000213,Southeast,marketplace,2,21.78,placed,2026-04-09
ORD0003872,ORD0003872-L3053,CUST000022,PROD000053,Midwest,store,3,611.97,placed,2026-04-09
ORD0003872,ORD0003872-L2028,CUST000022,PROD000028,Midwest,web,2,98.98,placed,2026-04-09
ORD0003872,ORD0003872-L3088,CUST000022,PROD000088,Northeast,marketplace,3,687.06,placed,2026-04-09
ORD0003872,ORD0003872-L3172,CUST000022,PROD000172,West,mobile,3,1392.72,placed,2026-04-09
ORD0003956,ORD0003956-L3006,CUST000117,PROD000006,Northeast,mobile,3,382.35,placed,2026-04-09
ORD0000128,ORD0000128-L2123,CUST000353,PROD000123,Midwest,mobile,2,322.52,placed,2026-04-10
ORD0000128,ORD0000128-L3227,CUST000353,PROD000227,Midwest,marketplace,3,1083.18,placed,2026-04-10
ORD0000128,ORD0000128-L3145,CUST000353,PROD000145,West,web,3,305.22,placed,2026-04-10
ORD0000128,ORD0000128-L3208,CUST000353,PROD000208,Southeast,store,3,273.36,placed,2026-04-10
ORD0000136,ORD0000136-L1238,CUST000334,PROD000238,Midwest,web,1,89.82,placed,2026-04-10
ORD0000434,ORD0000434-L2136,CUST000479,PROD000136,Midwest,marketplace,2,224.16,placed,2026-04-10
ORD0000434,ORD0000434-L3130,CUST000479,PROD000130,West,mobile,3,1306.92,placed,2026-04-10
ORD0000669,ORD0000669-L2165,CUST000047,PROD000165,Midwest,store,2,880.82,placed,2026-04-10
ORD0000669,ORD0000669-L3210,CUST000047,PROD000210,Midwest,web,3,1193.37,placed,2026-04-10
ORD0000692,ORD0000692-L1178,CUST000294,PROD000178,West,mobile,1,225.58,placed,2026-04-10
ORD0000692,ORD0000692-L1244,CUST000294,PROD000244,Southeast,mobile,1,433.06,placed,2026-04-10
ORD0000696,ORD0000696-L2193,CUST000351,PROD000193,Southeast,mobile,2,884.04,placed,2026-04-10
ORD0000696,ORD0000696-L3051,CUST000351,PROD000051,West,mobile,3,1152.93,placed,2026-04-10
ORD0000696,ORD0000696-L3032,CUST000351,PROD000032,West,mobile,3,639.72,placed,2026-04-10
ORD0000696,ORD0000696-L1118,CUST000351,PROD000118,West,marketplace,1,288.32,placed,2026-04-10
ORD0000929,ORD0000929-L3104,CUST000462,PROD000104,Northeast,marketplace,3,1036.29,placed,2026-04-10
ORD0000929,ORD0000929-L2172,CUST000462,PROD000172,Midwest,marketplace,2,835.64,placed,2026-04-10
ORD0000929,ORD0000929-L2096,CUST000462,PROD000096,Southeast,marketplace,2,193.82,placed,2026-04-10
ORD0000996,ORD0000996-L3065,CUST000079,PROD000065,West,web,3,198.45,placed,2026-04-10
ORD0001136,ORD0001136-L2136,CUST000212,PROD000136,Northeast,store,2,224.16,placed,2026-04-10
ORD0001136,ORD0001136-L1112,CUST000212,PROD000112,West,web,1,248.69,placed,2026-04-10
ORD0001197,ORD0001197-L3091,CUST000044,PROD000091,Southeast,store,3,568.92,placed,2026-04-10
ORD0001197,ORD0001197-L1152,CUST000044,PROD000152,Southeast,web,1,329.9,placed,2026-04-10
ORD0001197,ORD0001197-L2090,CUST000044,PROD000090,Southeast,web,2,260.42,placed,2026-04-10
ORD0001263,ORD0001263-L1058,CUST000414,PROD000058,Midwest,web,1,277.72,placed,2026-04-10
ORD0001263,ORD0001263-L2031,CUST000414,PROD000031,Midwest,marketplace,2,196.02,placed,2026-04-10
ORD0001263,ORD0001263-L2120,CUST000414,PROD000120,Southeast,store,2,169.64,placed,2026-04-10
ORD0001263,ORD0001263-L3221,CUST000414,PROD000221,West,mobile,3,581.43,placed,2026-04-10
ORD0001453,ORD0001453-L3157,CUST000243,PROD000157,Midwest,mobile,3,785.85,placed,2026-04-10
ORD0001453,ORD0001453-L1242,CUST000243,PROD000242,West,web,1,365.43,placed,2026-04-10
ORD0001453,ORD0001453-L2013,CUST000243,PROD000013,Southeast,store,2,884.52,placed,2026-04-10
ORD0001480,ORD0001480-L2113,CUST000407,PROD000113,West,web,2,54.9,placed,2026-04-10
ORD0001480,ORD0001480-L1235,CUST000407,PROD000235,Midwest,mobile,1,67.94,placed,2026-04-10
ORD0001480,ORD0001480-L1179,CUST000407,PROD000179,Northeast,marketplace,1,203.99,placed,2026-04-10
ORD0001510,ORD0001510-L1151,CUST000182,PROD000151,Northeast,store,1,335.54,placed,2026-04-10
ORD0001510,ORD0001510-L1087,CUST000182,PROD000087,Northeast,mobile,1,185.39,placed,2026-04-10
ORD0001526,ORD0001526-L3061,CUST000210,PROD000061,West,web,3,957.96,placed,2026-04-10
ORD0001529,ORD0001529-L1021,CUST000354,PROD000021,Northeast,marketplace,1,24.92,placed,2026-04-10
ORD0001530,ORD0001530-L3140,CUST000140,PROD000140,West,web,3,763.53,placed,2026-04-10
ORD0001530,ORD0001530-L3132,CUST000140,PROD000132,West,marketplace,3,1088.94,placed,2026-04-10
ORD0001530,ORD0001530-L2218,CUST000140,PROD000218,Southeast,marketplace,2,141.16,placed,2026-04-10
ORD0001530,ORD0001530-L2072,CUST000140,PROD000072,Northeast,mobile,2,499.84,placed,2026-04-10
ORD0001561,ORD0001561-L3224,CUST000311,PROD000224,West,marketplace,3,1037.76,placed,2026-04-10
ORD0001721,ORD0001721-L3103,CUST000044,PROD000103,West,marketplace,3,825.6,placed,2026-04-10
ORD0001721,ORD0001721-L1160,CUST000044,PROD000160,Midwest,web,1,72.4,placed,2026-04-10
ORD0001721,ORD0001721-L2019,CUST000044,PROD000019,Northeast,store,2,632.3,placed,2026-04-10
ORD0001721,ORD0001721-L3013,CUST000044,PROD000013,Midwest,mobile,3,1326.78,placed,2026-04-10
ORD0001781,ORD0001781-L2141,CUST000218,PROD000141,West,marketplace,2,662.26,placed,2026-04-10
ORD0001781,ORD0001781-L1236,CUST000218,PROD000236,Midwest,store,1,113.53,placed,2026-04-10
ORD0001781,ORD0001781-L3173,CUST000218,PROD000173,Midwest,store,3,698.82,placed,2026-04-10
ORD0001798,ORD0001798-L3098,CUST000367,PROD000098,Northeast,store,3,1180.59,placed,2026-04-10
ORD0001798,ORD0001798-L3111,CUST000367,PROD000111,Northeast,marketplace,3,42.96,placed,2026-04-10
ORD0001798,ORD0001798-L2249,CUST000367,PROD000249,Midwest,store,2,244.2,placed,2026-04-10
ORD0001848,ORD0001848-L1083,CUST000079,PROD000083,Midwest,web,1,184.01,placed,2026-04-10
ORD0001848,ORD0001848-L3177,CUST000079,PROD000177,Northeast,store,3,91.2,placed,2026-04-10
ORD0001848,ORD0001848-L3087,CUST000079,PROD000087,Midwest,mobile,3,528.36,placed,2026-04-10
ORD0001864,ORD0001864-L2073,CUST000189,PROD000073,Southeast,store,2,478.34,placed,2026-04-10
ORD0001864,ORD0001864-L3083,CUST000189,PROD000083,West,web,3,616.98,placed,2026-04-10
ORD0001936,ORD0001936-L1172,CUST000484,PROD000172,Northeast,mobile,1,464.24,placed,2026-04-10
ORD0001936,ORD0001936-L3042,CUST000484,PROD000042,Southeast,marketplace,3,334.2,placed,2026-04-10
ORD0001936,ORD0001936-L2025,CUST000484,PROD000025,Midwest,store,2,752.78,placed,2026-04-10
ORD0001949,ORD0001949-L1068,CUST000247,PROD000068,Southeast,web,1,136.18,placed,2026-04-10
ORD0001949,ORD0001949-L2051,CUST000247,PROD000051,Southeast,marketplace,2,768.62,placed,2026-04-10
ORD0001992,ORD0001992-L3230,CUST000332,PROD000230,Northeast,marketplace,3,916.92,placed,2026-04-10
ORD0001992,ORD0001992-L3039,CUST000332,PROD000039,West,store,3,1220.7,placed,2026-04-10
ORD0001992,ORD0001992-L1107,CUST000332,PROD000107,Midwest,mobile,1,428.08,placed,2026-04-10
ORD0001992,ORD0001992-L1087,CUST000332,PROD000087,Midwest,web,1,166.85,placed,2026-04-10
ORD0001995,ORD0001995-L1010,CUST000428,PROD000010,Southeast,mobile,1,105.02,placed,2026-04-10
ORD0002295,ORD0002295-L2229,CUST000202,PROD000229,Southeast,mobile,2,121.1,placed,2026-04-10
ORD0002300,ORD0002300-L1165,CUST000204,PROD000165,Midwest,store,1,440.41,placed,2026-04-10
ORD0002300,ORD0002300-L3011,CUST000204,PROD000011,West,store,3,963.78,placed,2026-04-10
ORD0002300,ORD0002300-L3029,CUST000204,PROD000029,Northeast,store,3,1422.06,placed,2026-04-10
ORD0002319,ORD0002319-L2220,CUST000277,PROD000220,Southeast,web,2,888.88,placed,2026-04-10
ORD0002319,ORD0002319-L2173,CUST000277,PROD000173,Northeast,web,2,517.64,placed,2026-04-10
ORD0002361,ORD0002361-L3157,CUST000251,PROD000157,Northeast,mobile,3,827.22,placed,2026-04-10
ORD0002361,ORD0002361-L1218,CUST000251,PROD000218,West,store,1,70.58,placed,2026-04-10
ORD0002361,ORD0002361-L1095,CUST000251,PROD000095,West,mobile,1,20.4,placed,2026-04-10
ORD0002394,ORD0002394-L2237,CUST000348,PROD000237,Southeast,mobile,2,433.22,placed,2026-04-10
ORD0002394,ORD0002394-L3248,CUST000348,PROD000248,West,mobile,3,991.29,placed,2026-04-10
ORD0002394,ORD0002394-L3045,CUST000348,PROD000045,Midwest,mobile,3,1257.33,placed,2026-04-10
ORD0002394,ORD0002394-L3119,CUST000348,PROD000119,Midwest,store,3,1047.45,placed,2026-04-10
ORD0002476,ORD0002476-L2171,CUST000314,PROD000171,Southeast,store,2,396.38,placed,2026-04-10
ORD0002476,ORD0002476-L1114,CUST000314,PROD000114,Northeast,marketplace,1,418.37,placed,2026-04-10
ORD0002476,ORD0002476-L1247,CUST000314,PROD000247,West,store,1,325.78,placed,2026-04-10
ORD0002480,ORD0002480-L1216,CUST000334,PROD000216,Northeast,mobile,1,49.7,placed,2026-04-10
ORD0002519,ORD0002519-L2079,CUST000497,PROD000079,Midwest,mobile,2,771.34,placed,2026-04-10
ORD0002527,ORD0002527-L3143,CUST000034,PROD000143,West,store,3,941.55,placed,2026-04-10
ORD0002527,ORD0002527-L3170,CUST000034,PROD000170,Midwest,marketplace,3,89.19,placed,2026-04-10
ORD0002527,ORD0002527-L1202,CUST000034,PROD000202,Southeast,web,1,389.02,placed,2026-04-10
ORD0002572,ORD0002572-L2218,CUST000420,PROD000218,Northeast,store,2,141.16,placed,2026-04-10
ORD0002572,ORD0002572-L2090,CUST000420,PROD000090,Southeast,store,2,247.4,placed,2026-04-10
ORD0002572,ORD0002572-L3226,CUST000420,PROD000226,Midwest,marketplace,3,611.58,placed,2026-04-10
ORD0002752,ORD0002752-L1028,CUST000342,PROD000028,West,mobile,1,52.1,placed,2026-04-10
ORD0002752,ORD0002752-L3110,CUST000342,PROD000110,Southeast,store,3,678.93,placed,2026-04-10
ORD0002752,ORD0002752-L1077,CUST000342,PROD000077,Northeast,web,1,138.25,placed,2026-04-10
ORD0002752,ORD0002752-L2047,CUST000342,PROD000047,Midwest,mobile,2,264.96,placed,2026-04-10
ORD0002862,ORD0002862-L2183,CUST000071,PROD000183,Northeast,store,2,385.26,placed,2026-04-10
ORD0002997,ORD0002997-L1184,CUST000493,PROD000184,Northeast,store,1,336.77,placed,2026-04-10
ORD0002997,ORD0002997-L3088,CUST000493,PROD000088,Southeast,store,3,618.36,placed,2026-04-10
ORD0002997,ORD0002997-L3242,CUST000493,PROD000242,Northeast,store,3,1096.29,placed,2026-04-10
ORD0002997,ORD0002997-L1067,CUST000493,PROD000067,Southeast,web,1,151.52,placed,2026-04-10
ORD0003079,ORD0003079-L1197,CUST000233,PROD000197,West,marketplace,1,407.02,placed,2026-04-10
ORD0003079,ORD0003079-L2066,CUST000233,PROD000066,Midwest,store,2,932.86,placed,2026-04-10
ORD0003079,ORD0003079-L2045,CUST000233,PROD000045,West,store,2,712.48,placed,2026-04-10
ORD0003079,ORD0003079-L2056,CUST000233,PROD000056,Midwest,web,2,177.22,placed,2026-04-10
ORD0003111,ORD0003111-L1243,CUST000259,PROD000243,Southeast,store,1,214.25,placed,2026-04-10
ORD0003111,ORD0003111-L1175,CUST000259,PROD000175,West,web,1,354.68,placed,2026-04-10
ORD0003111,ORD0003111-L2207,CUST000259,PROD000207,Midwest,mobile,2,25.52,placed,2026-04-10
ORD0003111,ORD0003111-L2231,CUST000259,PROD000231,Northeast,marketplace,2,137.36,placed,2026-04-10
ORD0003197,ORD0003197-L3136,CUST000226,PROD000136,Northeast,marketplace,3,336.24,placed,2026-04-10
ORD0003197,ORD0003197-L2244,CUST000226,PROD000244,Midwest,mobile,2,866.12,placed,2026-04-10
ORD0003326,ORD0003326-L3119,CUST000352,PROD000119,Southeast,store,3,995.07,placed,2026-04-10
ORD0003589,ORD0003589-L2005,CUST000152,PROD000005,West,store,2,606.78,placed,2026-04-10
ORD0003589,ORD0003589-L1145,CUST000152,PROD000145,Northeast,web,1,107.09,placed,2026-04-10
ORD0003589,ORD0003589-L2034,CUST000152,PROD000034,Southeast,mobile,2,611.28,placed,2026-04-10
ORD0003622,ORD0003622-L2120,CUST000264,PROD000120,Southeast,mobile,2,152.68,placed,2026-04-10
ORD0003622,ORD0003622-L3001,CUST000264,PROD000001,Midwest,web,3,1206.06,placed,2026-04-10
ORD0003622,ORD0003622-L3189,CUST000264,PROD000189,Southeast,marketplace,3,286.11,placed,2026-04-10
ORD0003622,ORD0003622-L1152,CUST000264,PROD000152,West,web,1,329.9,placed,2026-04-10
ORD0003657,ORD0003657-L3022,CUST000314,PROD000022,West,mobile,3,181.17,placed,2026-04-10
ORD0003688,ORD0003688-L2023,CUST000189,PROD000023,West,marketplace,2,57.96,placed,2026-04-10
ORD0003688,ORD0003688-L2189,CUST000189,PROD000189,West,marketplace,2,181.2,placed,2026-04-10
ORD0003688,ORD0003688-L1141,CUST000189,PROD000141,West,web,1,350.61,placed,2026-04-10
ORD0003695,ORD0003695-L1112,CUST000038,PROD000112,Northeast,web,1,235.6,placed,2026-04-10
ORD0003695,ORD0003695-L3034,CUST000038,PROD000034,Southeast,mobile,3,916.92,placed,2026-04-10
ORD0003695,ORD0003695-L3153,CUST000038,PROD000153,West,web,3,1015.32,placed,2026-04-10
ORD0003695,ORD0003695-L3086,CUST000038,PROD000086,Southeast,marketplace,3,1395.87,placed,2026-04-10
ORD0003731,ORD0003731-L2082,CUST000369,PROD000082,Northeast,web,2,697.64,placed,2026-04-10
ORD0003731,ORD0003731-L2064,CUST000369,PROD000064,Southeast,mobile,2,561.8,placed,2026-04-10
ORD0003731,ORD0003731-L1051,CUST000369,PROD000051,Midwest,marketplace,1,345.88,placed,2026-04-10
ORD0003731,ORD0003731-L3123,CUST000369,PROD000123,Southeast,marketplace,3,483.78,placed,2026-04-10
ORD0003735,ORD0003735-L2105,CUST000209,PROD000105,Southeast,marketplace,2,740.46,placed,2026-04-10
ORD0003735,ORD0003735-L1222,CUST000209,PROD000222,Midwest,store,1,176.89,placed,2026-04-10
ORD0003735,ORD0003735-L1224,CUST000209,PROD000224,Southeast,marketplace,1,384.36,placed,2026-04-10
ORD0003735,ORD0003735-L1029,CUST000209,PROD000029,Southeast,mobile,1,426.62,placed,2026-04-10
ORD0003843,ORD0003843-L1014,CUST000424,PROD000014,Northeast,web,1,195.38,placed,2026-04-10
ORD0003843,ORD0003843-L1219,CUST000424,PROD000219,Midwest,mobile,1,471.18,placed,2026-04-10
ORD0003843,ORD0003843-L1001,CUST000424,PROD000001,West,mobile,1,423.18,placed,2026-04-10
ORD0000017,ORD0000017-L1213,CUST000207,PROD000213,Midwest,web,1,10.89,placed,2026-04-11
ORD0000068,ORD0000068-L2012,CUST000205,PROD000012,Southeast,web,2,931.7,placed,2026-04-11
ORD0000119,ORD0000119-L1196,CUST000418,PROD000196,Northeast,web,1,380.2,placed,2026-04-11
ORD0000155,ORD0000155-L2033,CUST000074,PROD000033,Midwest,marketplace,2,776.2,placed,2026-04-11
ORD0000155,ORD0000155-L2207,CUST000074,PROD000207,Northeast,store,2,28.36,placed,2026-04-11
ORD0000155,ORD0000155-L2195,CUST000074,PROD000195,Midwest,web,2,385.16,placed,2026-04-11
ORD0000155,ORD0000155-L2006,CUST000074,PROD000006,West,mobile,2,254.9,placed,2026-04-11
ORD0000189,ORD0000189-L2198,CUST000186,PROD000198,Northeast,marketplace,2,869.42,placed,2026-04-11
ORD0000189,ORD0000189-L2115,CUST000186,PROD000115,West,marketplace,2,302.46,placed,2026-04-11
ORD0000189,ORD0000189-L2130,CUST000186,PROD000130,Midwest,store,2,827.72,placed,2026-04-11
ORD0000244,ORD0000244-L2102,CUST000353,PROD000102,West,marketplace,2,220.78,placed,2026-04-11
ORD0000244,ORD0000244-L1016,CUST000353,PROD000016,Southeast,web,1,409.93,placed,2026-04-11
ORD0000244,ORD0000244-L1146,CUST000353,PROD000146,Southeast,mobile,1,360.8,placed,2026-04-11
ORD0000295,ORD0000295-L2067,CUST000394,PROD000067,West,store,2,303.04,placed,2026-04-11
ORD0000295,ORD0000295-L3028,CUST000394,PROD000028,West,web,3,156.3,placed,2026-04-11
ORD0000295,ORD0000295-L1158,CUST000394,PROD000158,West,marketplace,1,98.14,placed,2026-04-11
ORD0000334,ORD0000334-L3003,CUST000380,PROD000003,West,mobile,3,780.42,placed,2026-04-11
ORD0000334,ORD0000334-L3126,CUST000380,PROD000126,Midwest,web,3,842.7,placed,2026-04-11
ORD0000334,ORD0000334-L3227,CUST000380,PROD000227,Southeast,store,3,1083.18,placed,2026-04-11
ORD0000334,ORD0000334-L3086,CUST000380,PROD000086,Southeast,store,3,1395.87,placed,2026-04-11
ORD0000403,ORD0000403-L2024,CUST000146,PROD000024,Midwest,web,2,470.3,placed,2026-04-11
ORD0000403,ORD0000403-L3128,CUST000146,PROD000128,Southeast,store,3,92.46,placed,2026-04-11
ORD0000403,ORD0000403-L1195,CUST000146,PROD000195,Northeast,marketplace,1,182.95,placed,2026-04-11
ORD0000403,ORD0000403-L1028,CUST000146,PROD000028,West,mobile,1,52.1,placed,2026-04-11
ORD0000417,ORD0000417-L2143,CUST000082,PROD000143,Midwest,mobile,2,627.7,placed,2026-04-11
ORD0000417,ORD0000417-L3092,CUST000082,PROD000092,West,store,3,1340.07,placed,2026-04-11
ORD0000919,ORD0000919-L3013,CUST000351,PROD000013,Midwest,store,3,1127.76,placed,2026-04-11
ORD0000919,ORD0000919-L3215,CUST000351,PROD000215,West,marketplace,3,634.92,placed,2026-04-11
ORD0000943,ORD0000943-L2129,CUST000172,PROD000129,Northeast,marketplace,2,251.76,placed,2026-04-11
ORD0000948,ORD0000948-L2081,CUST000303,PROD000081,Southeast,mobile,2,481.36,placed,2026-04-11
ORD0000971,ORD0000971-L1178,CUST000023,PROD000178,West,marketplace,1,213.7,placed,2026-04-11
ORD0000971,ORD0000971-L2131,CUST000023,PROD000131,Midwest,store,2,330.06,placed,2026-04-11
ORD0000971,ORD0000971-L3030,CUST000023,PROD000030,West,mobile,3,202.62,placed,2026-04-11
ORD0000971,ORD0000971-L2057,CUST000023,PROD000057,Northeast,web,2,763.0,placed,2026-04-11
ORD0000985,ORD0000985-L3191,CUST000444,PROD000191,Southeast,web,3,968.61,placed,2026-04-11
ORD0000985,ORD0000985-L3197,CUST000444,PROD000197,Southeast,store,3,1156.8,placed,2026-04-11
ORD0000985,ORD0000985-L2157,CUST000444,PROD000157,Southeast,marketplace,2,551.48,placed,2026-04-11
ORD0000985,ORD0000985-L2152,CUST000444,PROD000152,West,mobile,2,590.34,placed,2026-04-11
ORD0001098,ORD0001098-L2235,CUST000489,PROD000235,Midwest,mobile,2,129.08,placed,2026-04-11
ORD0001098,ORD0001098-L1106,CUST000489,PROD000106,Midwest,mobile,1,136.39,placed,2026-04-11
ORD0001098,ORD0001098-L2010,CUST000489,PROD000010,Midwest,store,2,222.38,placed,2026-04-11
ORD0001098,ORD0001098-L2026,CUST000489,PROD000026,Southeast,mobile,2,177.06,placed,2026-04-11
ORD0001143,ORD0001143-L3208,CUST000079,PROD000208,Midwest,web,3,273.36,placed,2026-04-11
ORD0001143,ORD0001143-L1167,CUST000079,PROD000167,West,web,1,153.91,placed,2026-04-11
ORD0001143,ORD0001143-L3166,CUST000079,PROD000166,Northeast,marketplace,3,705.09,placed,2026-04-11
ORD0001143,ORD0001143-L3132,CUST000079,PROD000132,West,store,3,1146.24,placed,2026-04-11
ORD0001199,ORD0001199-L3073,CUST000363,PROD000073,Southeast,marketplace,3,844.14,placed,2026-04-11
ORD0001199,ORD0001199-L2192,CUST000363,PROD000192,West,web,2,959.18,placed,2026-04-11
ORD0001199,ORD0001199-L3055,CUST000363,PROD000055,Northeast,marketplace,3,938.04,placed,2026-04-11
ORD0001199,ORD0001199-L2088,CUST000363,PROD000088,West,mobile,2,458.04,placed,2026-04-11
ORD0001211,ORD0001211-L3199,CUST000441,PROD000199,Southeast,mobile,3,108.72,placed,2026-04-11
ORD0001211,ORD0001211-L2198,CUST000441,PROD000198,Northeast,mobile,2,915.18,placed,2026-04-11
ORD0001218,ORD0001218-L3211,CUST000106,PROD000211,West,mobile,3,862.86,placed,2026-04-11
ORD0001218,ORD0001218-L3238,CUST000106,PROD000238,West,marketplace,3,255.27,placed,2026-04-11
ORD0001251,ORD0001251-L2193,CUST000092,PROD000193,West,mobile,2,982.26,placed,2026-04-11
ORD0001251,ORD0001251-L2070,CUST000092,PROD000070,West,marketplace,2,476.16,placed,2026-04-11
ORD0001251,ORD0001251-L3194,CUST000092,PROD000194,Northeast,mobile,3,583.8,placed,2026-04-11
ORD0001296,ORD0001296-L1232,CUST000467,PROD000232,West,store,1,125.24,placed,2026-04-11
ORD0001539,ORD0001539-L2142,CUST000413,PROD000142,Midwest,mobile,2,178.76,placed,2026-04-11
ORD0001539,ORD0001539-L2208,CUST000413,PROD000208,West,web,2,173.12,placed,2026-04-11
ORD0001649,ORD0001649-L1028,CUST000053,PROD000028,Midwest,mobile,1,46.89,placed,2026-04-11
ORD0001673,ORD0001673-L1149,CUST000242,PROD000149,Southeast,marketplace,1,319.41,placed,2026-04-11
ORD0001975,ORD0001975-L2178,CUST000198,PROD000178,Midwest,marketplace,2,474.9,placed,2026-04-11
ORD0001975,ORD0001975-L1250,CUST000198,PROD000250,Midwest,web,1,371.97,placed,2026-04-11
ORD0001975,ORD0001975-L2048,CUST000198,PROD000048,Midwest,marketplace,2,586.3,placed,2026-04-11
ORD0001981,ORD0001981-L2073,CUST000383,PROD000073,Southeast,marketplace,2,562.76,placed,2026-04-11
ORD0001981,ORD0001981-L2231,CUST000383,PROD000231,Southeast,web,2,152.62,placed,2026-04-11
ORD0002075,ORD0002075-L3207,CUST000366,PROD000207,Southeast,web,3,36.15,placed,2026-04-11
ORD0002075,ORD0002075-L2001,CUST000366,PROD000001,West,store,2,846.36,placed,2026-04-11
ORD0002075,ORD0002075-L1178,CUST000366,PROD000178,Midwest,web,1,237.45,placed,2026-04-11
ORD0002115,ORD0002115-L3020,CUST000142,PROD000020,West,store,3,1462.86,placed,2026-04-11
ORD0002115,ORD0002115-L3150,CUST000142,PROD000150,West,marketplace,3,1404.72,placed,2026-04-11
ORD0002115,ORD0002115-L3044,CUST000142,PROD000044,Northeast,mobile,3,1135.95,placed,2026-04-11
ORD0002115,ORD0002115-L2204,CUST000142,PROD000204,Northeast,store,2,855.98,placed,2026-04-11
ORD0002129,ORD0002129-L3243,CUST000324,PROD000243,West,marketplace,3,642.75,placed,2026-04-11
ORD0002129,ORD0002129-L3157,CUST000324,PROD000157,Southeast,mobile,3,744.51,placed,2026-04-11
ORD0002129,ORD0002129-L1061,CUST000324,PROD000061,West,web,1,336.13,placed,2026-04-11
ORD0002169,ORD0002169-L1094,CUST000346,PROD000094,Northeast,mobile,1,80.92,placed,2026-04-11
ORD0002169,ORD0002169-L1055,CUST000346,PROD000055,West,web,1,281.41,placed,2026-04-11
ORD0002169,ORD0002169-L2017,CUST000346,PROD000017,Northeast,web,2,595.36,placed,2026-04-11
ORD0002195,ORD0002195-L2087,CUST000402,PROD000087,Midwest,store,2,315.16,placed,2026-04-11
ORD0002195,ORD0002195-L2217,CUST000402,PROD000217,West,marketplace,2,263.1,placed,2026-04-11
ORD0002269,ORD0002269-L1060,CUST000245,PROD000060,Southeast,marketplace,1,297.34,placed,2026-04-11
ORD0002269,ORD0002269-L3093,CUST000245,PROD000093,Southeast,web,3,1243.02,placed,2026-04-11
ORD0002288,ORD0002288-L3006,CUST000353,PROD000006,West,store,3,403.59,placed,2026-04-11
ORD0002288,ORD0002288-L3201,CUST000353,PROD000201,West,store,3,1105.5,placed,2026-04-11
ORD0002320,ORD0002320-L1082,CUST000370,PROD000082,West,mobile,1,367.18,placed,2026-04-11
ORD0002320,ORD0002320-L3148,CUST000370,PROD000148,Northeast,store,3,403.41,placed,2026-04-11
ORD0002320,ORD0002320-L1176,CUST000370,PROD000176,Northeast,marketplace,1,352.64,placed,2026-04-11
ORD0002320,ORD0002320-L3246,CUST000370,PROD000246,West,marketplace,3,264.48,placed,2026-04-11
ORD0002339,ORD0002339-L2159,CUST000009,PROD000159,Northeast,mobile,2,632.98,placed,2026-04-11
ORD0002339,ORD0002339-L1014,CUST000009,PROD000014,Midwest,web,1,195.38,placed,2026-04-11
ORD0002339,ORD0002339-L3005,CUST000009,PROD000005,West,store,3,910.17,placed,2026-04-11
ORD0002339,ORD0002339-L2155,CUST000009,PROD000155,Midwest,store,2,303.92,placed,2026-04-11
ORD0002641,ORD0002641-L1224,CUST000420,PROD000224,West,web,1,326.71,placed,2026-04-11
ORD0002766,ORD0002766-L2009,CUST000247,PROD000009,West,mobile,2,726.02,placed,2026-04-11
ORD0002766,ORD0002766-L3115,CUST000247,PROD000115,West,mobile,3,429.81,placed,2026-04-11
ORD0002766,ORD0002766-L1193,CUST000247,PROD000193,Southeast,web,1,466.57,placed,2026-04-11
ORD0002766,ORD0002766-L2140,CUST000247,PROD000140,Southeast,marketplace,2,565.58,placed,2026-04-11
ORD0002789,ORD0002789-L1219,CUST000304,PROD000219,Southeast,store,1,424.06,placed,2026-04-11
ORD0002858,ORD0002858-L3073,CUST000375,PROD000073,Northeast,marketplace,3,844.14,placed,2026-04-11
ORD0002896,ORD0002896-L2024,CUST000001,PROD000024,Southeast,web,2,446.78,placed,2026-04-11
ORD0002896,ORD0002896-L1154,CUST000001,PROD000154,Midwest,mobile,1,333.89,placed,2026-04-11
ORD0002896,ORD0002896-L1218,CUST000001,PROD000218,Northeast,marketplace,1,70.58,placed,2026-04-11
ORD0002896,ORD0002896-L2102,CUST000001,PROD000102,West,web,2,232.4,placed,2026-04-11
ORD0002970,ORD0002970-L3069,CUST000272,PROD000069,Northeast,mobile,3,388.05,placed,2026-04-11
ORD0003389,ORD0003389-L1234,CUST000498,PROD000234,Southeast,web,1,398.71,placed,2026-04-11
ORD0003480,ORD0003480-L1166,CUST000090,PROD000166,Southeast,marketplace,1,247.4,placed,2026-04-11
ORD0003480,ORD0003480-L1133,CUST000090,PROD000133,West,mobile,1,104.48,placed,2026-04-11
ORD0003480,ORD0003480-L1212,CUST000090,PROD000212,West,marketplace,1,184.3,placed,2026-04-11
ORD0003481,ORD0003481-L1030,CUST000214,PROD000030,Northeast,marketplace,1,71.09,placed,2026-04-11
ORD0003481,ORD0003481-L2168,CUST000214,PROD000168,Midwest,web,2,642.66,placed,2026-04-11
ORD0003481,ORD0003481-L2006,CUST000214,PROD000006,West,web,2,269.06,placed,2026-04-11
ORD0003481,ORD0003481-L2041,CUST000214,PROD000041,West,web,2,38.48,placed,2026-04-11
ORD0003685,ORD0003685-L2045,CUST000177,PROD000045,Southeast,store,2,796.3,placed,2026-04-11
ORD0003703,ORD0003703-L2163,CUST000226,PROD000163,Midwest,store,2,676.72,placed,2026-04-11
ORD0003743,ORD0003743-L1136,CUST000161,PROD000136,Southeast,mobile,1,117.98,placed,2026-04-11
ORD0003761,ORD0003761-L1098,CUST000249,PROD000098,Northeast,store,1,437.25,placed,2026-04-11
ORD0003761,ORD0003761-L1077,CUST000249,PROD000077,West,web,1,138.25,placed,2026-04-11
ORD0003841,ORD0003841-L2207,CUST000421,PROD000207,Northeast,marketplace,2,26.94,placed,2026-04-11
ORD0003842,ORD0003842-L3085,CUST000091,PROD000085,West,web,3,1392.45,placed,2026-04-11
ORD0003842,ORD0003842-L2217,CUST000091,PROD000217,Northeast,mobile,2,249.24,placed,2026-04-11
ORD0003844,ORD0003844-L3106,CUST000157,PROD000106,Northeast,web,3,430.71,placed,2026-04-11
ORD0003844,ORD0003844-L1086,CUST000157,PROD000086,Midwest,store,1,442.03,placed,2026-04-11
ORD0003883,ORD0003883-L3140,CUST000489,PROD000140,Midwest,web,3,763.53,placed,2026-04-11
ORD0003883,ORD0003883-L2194,CUST000489,PROD000194,Northeast,mobile,2,409.68,placed,2026-04-11
ORD0003883,ORD0003883-L2006,CUST000489,PROD000006,Midwest,mobile,2,254.9,placed,2026-04-11
ORD0003883,ORD0003883-L2091,CUST000489,PROD000091,Southeast,marketplace,2,360.32,placed,2026-04-11
ORD0000019,ORD0000019-L2144,CUST000362,PROD000144,Midwest,store,2,736.26,placed,2026-04-12
ORD0000121,ORD0000121-L3166,CUST000368,PROD000166,West,marketplace,3,705.09,placed,2026-04-12
ORD0000121,ORD0000121-L3132,CUST000368,PROD000132,Northeast,marketplace,3,1146.24,placed,2026-04-12
ORD0000121,ORD0000121-L1096,CUST000368,PROD000096,Southeast,web,1,102.01,placed,2026-04-12
ORD0000200,ORD0000200-L3004,CUST000246,PROD000004,Northeast,web,3,1350.84,placed,2026-04-12
ORD0000200,ORD0000200-L2041,CUST000246,PROD000041,Southeast,mobile,2,32.7,placed,2026-04-12
ORD0000204,ORD0000204-L1210,CUST000250,PROD000210,Northeast,marketplace,1,419.89,placed,2026-04-12
ORD0000463,ORD0000463-L1224,CUST000304,PROD000224,West,marketplace,1,365.14,placed,2026-04-12
ORD0000463,ORD0000463-L1057,CUST000304,PROD000057,Midwest,marketplace,1,361.42,placed,2026-04-12
ORD0000463,ORD0000463-L1006,CUST000304,PROD000006,Southeast,mobile,1,134.53,placed,2026-04-12
ORD0000463,ORD0000463-L2217,CUST000304,PROD000217,Midwest,marketplace,2,249.24,placed,2026-04-12
ORD0000670,ORD0000670-L1130,CUST000035,PROD000130,Northeast,mobile,1,435.64,placed,2026-04-12
ORD0000670,ORD0000670-L2181,CUST000035,PROD000181,West,web,2,76.98,placed,2026-04-12
ORD0000670,ORD0000670-L2246,CUST000035,PROD000246,Northeast,store,2,166.52,placed,2026-04-12
ORD0000761,ORD0000761-L2014,CUST000429,PROD000014,Southeast,mobile,2,434.18,placed,2026-04-12
ORD0000761,ORD0000761-L3006,CUST000429,PROD000006,Northeast,store,3,424.83,placed,2026-04-12
ORD0000802,ORD0000802-L3017,CUST000111,PROD000017,West,store,3,893.04,placed,2026-04-12
ORD0000994,ORD0000994-L2223,CUST000429,PROD000223,West,mobile,2,606.28,placed,2026-04-12
ORD0000994,ORD0000994-L3177,CUST000429,PROD000177,Southeast,marketplace,3,101.94,placed,2026-04-12
ORD0000994,ORD0000994-L3250,CUST000429,PROD000250,Southeast,mobile,3,1115.91,placed,2026-04-12
ORD0001303,ORD0001303-L3034,CUST000364,PROD000034,Northeast,web,3,916.92,placed,2026-04-12
ORD0001303,ORD0001303-L1216,CUST000364,PROD000216,Southeast,marketplace,1,47.22,placed,2026-04-12
ORD0001339,ORD0001339-L3114,CUST000283,PROD000114,Southeast,web,3,1066.83,placed,2026-04-12
ORD0001339,ORD0001339-L3242,CUST000283,PROD000242,West,store,3,1041.48,placed,2026-04-12
ORD0001339,ORD0001339-L2146,CUST000283,PROD000146,Northeast,mobile,2,721.6,placed,2026-04-12
ORD0001339,ORD0001339-L2150,CUST000283,PROD000150,Midwest,store,2,889.66,placed,2026-04-12
ORD0001430,ORD0001430-L3102,CUST000469,PROD000102,Southeast,store,3,313.74,placed,2026-04-12
ORD0001430,ORD0001430-L3183,CUST000469,PROD000183,West,store,3,577.89,placed,2026-04-12
ORD0001430,ORD0001430-L3005,CUST000469,PROD000005,Northeast,store,3,958.08,placed,2026-04-12
ORD0001544,ORD0001544-L2134,CUST000213,PROD000134,Midwest,web,2,777.1,placed,2026-04-12
ORD0001544,ORD0001544-L1102,CUST000213,PROD000102,West,mobile,1,116.2,placed,2026-04-12
ORD0001544,ORD0001544-L2035,CUST000213,PROD000035,Southeast,mobile,2,974.46,placed,2026-04-12
ORD0001644,ORD0001644-L3043,CUST000123,PROD000043,West,marketplace,3,431.16,placed,2026-04-12
ORD0001644,ORD0001644-L2249,CUST000123,PROD000249,Midwest,mobile,2,219.78,placed,2026-04-12
ORD0001644,ORD0001644-L1231,CUST000123,PROD000231,West,mobile,1,72.49,placed,2026-04-12
ORD0001849,ORD0001849-L3097,CUST000240,PROD000097,Northeast,web,3,1014.87,placed,2026-04-12
ORD0001849,ORD0001849-L3073,CUST000240,PROD000073,West,store,3,801.93,placed,2026-04-12
ORD0001849,ORD0001849-L2151,CUST000240,PROD000151,West,web,2,706.4,placed,2026-04-12
ORD0001863,ORD0001863-L1222,CUST000289,PROD000222,Northeast,marketplace,1,186.2,placed,2026-04-12
ORD0001863,ORD0001863-L3151,CUST000289,PROD000151,West,store,3,1006.62,placed,2026-04-12
ORD0001863,ORD0001863-L2081,CUST000289,PROD000081,Midwest,mobile,2,506.7,placed,2026-04-12
ORD0001951,ORD0001951-L3091,CUST000262,PROD000091,Northeast,marketplace,3,568.92,placed,2026-04-12
ORD0001951,ORD0001951-L3194,CUST000262,PROD000194,West,marketplace,3,583.8,placed,2026-04-12
ORD0002170,ORD0002170-L3108,CUST000157,PROD000108,Midwest,mobile,3,777.93,placed,2026-04-12
ORD0002176,ORD0002176-L1063,CUST000289,PROD000063,West,store,1,311.83,placed,2026-04-12
ORD0002176,ORD0002176-L2135,CUST000289,PROD000135,Midwest,marketplace,2,398.48,placed,2026-04-12
ORD0002176,ORD0002176-L1206,CUST000289,PROD000206,Southeast,marketplace,1,392.44,placed,2026-04-12
ORD0002176,ORD0002176-L3140,CUST000289,PROD000140,Northeast,web,3,805.95,placed,2026-04-12
ORD0002201,ORD0002201-L2137,CUST000035,PROD000137,Northeast,web,2,815.82,placed,2026-04-12
ORD0002208,ORD0002208-L1121,CUST000171,PROD000121,West,marketplace,1,282.86,placed,2026-04-12
ORD0002208,ORD0002208-L1163,CUST000171,PROD000163,Northeast,mobile,1,357.16,placed,2026-04-12
ORD0002208,ORD0002208-L2229,CUST000171,PROD000229,Southeast,store,2,115.04,placed,2026-04-12
ORD0002227,ORD0002227-L2101,CUST000196,PROD000101,Southeast,web,2,779.58,placed,2026-04-12
ORD0002227,ORD0002227-L3159,CUST000196,PROD000159,Southeast,marketplace,3,1005.33,placed,2026-04-12
ORD0002227,ORD0002227-L3011,CUST000196,PROD000011,Midwest,marketplace,3,963.78,placed,2026-04-12
ORD0002381,ORD0002381-L1054,CUST000001,PROD000054,Southeast,web,1,237.73,placed,2026-04-12
ORD0002381,ORD0002381-L2053,CUST000001,PROD000053,Northeast,store,2,430.64,placed,2026-04-12
ORD0002582,ORD0002582-L1176,CUST000295,PROD000176,Northeast,marketplace,1,352.64,placed,2026-04-12
ORD0002582,ORD0002582-L3229,CUST000295,PROD000229,West,mobile,3,172.56,placed,2026-04-12
ORD0002582,ORD0002582-L1095,CUST000295,PROD000095,Northeast,marketplace,1,19.38,placed,2026-04-12
ORD0002582,ORD0002582-L2128,CUST000295,PROD000128,Midwest,marketplace,2,65.06,placed,2026-04-12
ORD0002613,ORD0002613-L2158,CUST000215,PROD000158,Midwest,mobile,2,186.46,placed,2026-04-12
ORD0002613,ORD0002613-L2031,CUST000215,PROD000031,Northeast,mobile,2,196.02,placed,2026-04-12
ORD0002613,ORD0002613-L3085,CUST000215,PROD000085,Northeast,marketplace,3,1253.22,placed,2026-04-12
ORD0002816,ORD0002816-L2074,CUST000210,PROD000074,Midwest,store,2,563.5,placed,2026-04-12
ORD0002816,ORD0002816-L1135,CUST000210,PROD000135,Southeast,mobile,1,189.28,placed,2026-04-12
ORD0002849,ORD0002849-L2015,CUST000011,PROD000015,Northeast,store,2,564.9,placed,2026-04-12
ORD0002849,ORD0002849-L1122,CUST000011,PROD000122,Northeast,store,1,189.17,placed,2026-04-12
ORD0002849,ORD0002849-L1202,CUST000011,PROD000202,West,mobile,1,389.02,placed,2026-04-12
ORD0002874,ORD0002874-L1217,CUST000187,PROD000217,Northeast,web,1,131.55,placed,2026-04-12
ORD0002874,ORD0002874-L2197,CUST000187,PROD000197,West,mobile,2,814.04,placed,2026-04-12
ORD0002894,ORD0002894-L1039,CUST000431,PROD000039,Northeast,store,1,406.9,placed,2026-04-12
ORD0002894,ORD0002894-L3008,CUST000431,PROD000008,Southeast,mobile,3,686.58,placed,2026-04-12
ORD0002894,ORD0002894-L3037,CUST000431,PROD000037,Midwest,web,3,1308.75,placed,2026-04-12
ORD0003140,ORD0003140-L3060,CUST000164,PROD000060,Northeast,mobile,3,758.22,placed,2026-04-12
ORD0003140,ORD0003140-L3240,CUST000164,PROD000240,Southeast,mobile,3,1210.62,placed,2026-04-12
ORD0003140,ORD0003140-L1226,CUST000164,PROD000226,Southeast,store,1,215.18,placed,2026-04-12
ORD0003183,ORD0003183-L1057,CUST000085,PROD000057,Northeast,web,1,401.58,placed,2026-04-12
ORD0003183,ORD0003183-L3155,CUST000085,PROD000155,Southeast,marketplace,3,506.52,placed,2026-04-12
ORD0003377,ORD0003377-L1173,CUST000163,PROD000173,West,web,1,258.82,placed,2026-04-12
ORD0003377,ORD0003377-L3175,CUST000163,PROD000175,West,mobile,3,1251.81,placed,2026-04-12
ORD0003377,ORD0003377-L2088,CUST000163,PROD000088,West,marketplace,2,435.14,placed,2026-04-12
ORD0003405,ORD0003405-L3009,CUST000415,PROD000009,West,marketplace,3,1089.03,placed,2026-04-12
ORD0003405,ORD0003405-L3059,CUST000415,PROD000059,West,web,3,76.35,placed,2026-04-12
ORD0003405,ORD0003405-L1150,CUST000415,PROD000150,Midwest,store,1,468.24,placed,2026-04-12
ORD0003405,ORD0003405-L3115,CUST000415,PROD000115,Southeast,marketplace,3,453.69,placed,2026-04-12
ORD0003497,ORD0003497-L3207,CUST000162,PROD000207,Northeast,web,3,42.54,placed,2026-04-12
ORD0003497,ORD0003497-L1239,CUST000162,PROD000239,Midwest,mobile,1,347.76,placed,2026-04-12
ORD0003520,ORD0003520-L3153,CUST000478,PROD000153,Northeast,web,3,1194.51,placed,2026-04-12
ORD0003520,ORD0003520-L2038,CUST000478,PROD000038,Midwest,mobile,2,70.66,placed,2026-04-12
ORD0003520,ORD0003520-L2057,CUST000478,PROD000057,Northeast,mobile,2,763.0,placed,2026-04-12
ORD0003578,ORD0003578-L1162,CUST000074,PROD000162,Northeast,marketplace,1,319.57,placed,2026-04-12
ORD0003578,ORD0003578-L2029,CUST000074,PROD000029,Northeast,store,2,900.64,placed,2026-04-12
ORD0003578,ORD0003578-L3133,CUST000074,PROD000133,Southeast,store,3,330.87,placed,2026-04-12
ORD0003759,ORD0003759-L1161,CUST000277,PROD000161,Southeast,marketplace,1,246.21,placed,2026-04-12
ORD0003898,ORD0003898-L1054,CUST000199,PROD000054,Southeast,mobile,1,213.96,placed,2026-04-12
ORD0003898,ORD0003898-L2173,CUST000199,PROD000173,Midwest,store,2,517.64,placed,2026-04-12
ORD0003898,ORD0003898-L3140,CUST000199,PROD000140,West,store,3,848.37,placed,2026-04-12
ORD0003898,ORD0003898-L1035,CUST000199,PROD000035,Midwest,mobile,1,438.51,placed,2026-04-12
ORD0003922,ORD0003922-L3194,CUST000077,PROD000194,Midwest,web,3,614.52,placed,2026-04-12
ORD0003922,ORD0003922-L1161,CUST000077,PROD000161,Midwest,mobile,1,221.59,placed,2026-04-12
ORD0003922,ORD0003922-L1085,CUST000077,PROD000085,West,marketplace,1,464.15,placed,2026-04-12
ORD0003922,ORD0003922-L3199,CUST000077,PROD000199,Midwest,store,3,97.86,placed,2026-04-12
ORD0003958,ORD0003958-L2090,CUST000454,PROD000090,Northeast,web,2,260.42,placed,2026-04-12
ORD0003958,ORD0003958-L1243,CUST000454,PROD000243,West,marketplace,1,192.83,placed,2026-04-12
ORD0003958,ORD0003958-L2052,CUST000454,PROD000052,West,store,2,398.48,placed,2026-04-12
ORD0003958,ORD0003958-L2045,CUST000454,PROD000045,Midwest,mobile,2,838.22,placed,2026-04-12
ORD0000009,ORD0000009-L2206,CUST000070,PROD000206,Northeast,marketplace,2,702.26,placed,2026-04-13
ORD0000009,ORD0000009-L1106,CUST000070,PROD000106,Midwest,marketplace,1,143.57,placed,2026-04-13
ORD0000009,ORD0000009-L2097,CUST000070,PROD000097,West,mobile,2,714.18,placed,2026-04-13
ORD0000071,ORD0000071-L2226,CUST000022,PROD000226,Northeast,marketplace,2,430.36,placed,2026-04-13
ORD0000071,ORD0000071-L2182,CUST000022,PROD000182,Southeast,store,2,545.6,placed,2026-04-13
ORD0000071,ORD0000071-L3010,CUST000022,PROD000010,Southeast,store,3,333.57,placed,2026-04-13
ORD0000149,ORD0000149-L2130,CUST000116,PROD000130,Southeast,web,2,740.58,placed,2026-04-13
ORD0000149,ORD0000149-L3187,CUST000116,PROD000187,West,mobile,3,297.9,placed,2026-04-13
ORD0000149,ORD0000149-L2073,CUST000116,PROD000073,Northeast,marketplace,2,562.76,placed,2026-04-13
ORD0000491,ORD0000491-L3002,CUST000209,PROD000002,Northeast,web,3,1321.74,placed,2026-04-13
ORD0000491,ORD0000491-L3047,CUST000209,PROD000047,West,marketplace,3,418.35,placed,2026-04-13
ORD0000626,ORD0000626-L2199,CUST000222,PROD000199,Northeast,marketplace,2,72.48,placed,2026-04-13
ORD0000626,ORD0000626-L2201,CUST000222,PROD000201,Midwest,store,2,737.0,placed,2026-04-13
ORD0000682,ORD0000682-L1065,CUST000147,PROD000065,Northeast,marketplace,1,59.54,placed,2026-04-13
ORD0000682,ORD0000682-L3152,CUST000147,PROD000152,Midwest,mobile,3,989.7,placed,2026-04-13
ORD0000682,ORD0000682-L3165,CUST000147,PROD000165,West,web,3,1189.11,placed,2026-04-13
ORD0000726,ORD0000726-L2059,CUST000114,PROD000059,West,mobile,2,48.36,placed,2026-04-13
ORD0000726,ORD0000726-L3201,CUST000114,PROD000201,Northeast,mobile,3,994.95,placed,2026-04-13
ORD0000963,ORD0000963-L2048,CUST000004,PROD000048,West,store,2,655.28,placed,2026-04-13
ORD0001060,ORD0001060-L1244,CUST000282,PROD000244,Northeast,marketplace,1,389.75,placed,2026-04-13
ORD0001132,ORD0001132-L2222,CUST000194,PROD000222,Northeast,mobile,2,372.4,placed,2026-04-13
ORD0001216,ORD0001216-L2072,CUST000197,PROD000072,Midwest,marketplace,2,449.86,placed,2026-04-13
ORD0001282,ORD0001282-L1206,CUST000423,PROD000206,Midwest,mobile,1,413.1,placed,2026-04-13
ORD0001520,ORD0001520-L2014,CUST000164,PROD000014,Southeast,marketplace,2,434.18,placed,2026-04-13
ORD0001520,ORD0001520-L1197,CUST000164,PROD000197,Midwest,store,1,428.44,placed,2026-04-13
ORD0001571,ORD0001571-L3086,CUST000132,PROD000086,Midwest,marketplace,3,1395.87,placed,2026-04-13
ORD0001571,ORD0001571-L2221,CUST000132,PROD000221,Southeast,web,2,409.14,placed,2026-04-13
ORD0001625,ORD0001625-L2103,CUST000345,PROD000103,Southeast,store,2,522.88,placed,2026-04-13
ORD0001625,ORD0001625-L1047,CUST000345,PROD000047,Midwest,store,1,139.45,placed,2026-04-13
ORD0001796,ORD0001796-L3223,CUST000454,PROD000223,Northeast,web,3,863.94,placed,2026-04-13
ORD0001800,ORD0001800-L2095,CUST000036,PROD000095,Northeast,store,2,38.76,placed,2026-04-13
ORD0001800,ORD0001800-L3141,CUST000036,PROD000141,Northeast,web,3,1168.71,placed,2026-04-13
ORD0001800,ORD0001800-L3134,CUST000036,PROD000134,Southeast,marketplace,3,1165.65,placed,2026-04-13
ORD0001800,ORD0001800-L2036,CUST000036,PROD000036,Northeast,web,2,749.32,placed,2026-04-13
ORD0001898,ORD0001898-L1007,CUST000232,PROD000007,Southeast,web,1,346.69,placed,2026-04-13
ORD0002030,ORD0002030-L2049,CUST000293,PROD000049,Southeast,marketplace,2,303.88,placed,2026-04-13
ORD0002030,ORD0002030-L3173,CUST000293,PROD000173,Northeast,mobile,3,776.46,placed,2026-04-13
ORD0002030,ORD0002030-L1053,CUST000293,PROD000053,Northeast,mobile,1,226.65,placed,2026-04-13
ORD0002096,ORD0002096-L3180,CUST000479,PROD000180,Northeast,web,3,1116.45,placed,2026-04-13
ORD0002096,ORD0002096-L3234,CUST000479,PROD000234,Northeast,web,3,1407.21,placed,2026-04-13
ORD0002139,ORD0002139-L3084,CUST000367,PROD000084,West,marketplace,3,305.61,placed,2026-04-13
ORD0002139,ORD0002139-L3222,CUST000367,PROD000222,Southeast,store,3,558.6,placed,2026-04-13
ORD0002139,ORD0002139-L1240,CUST000367,PROD000240,Southeast,web,1,383.36,placed,2026-04-13
ORD0002139,ORD0002139-L1076,CUST000367,PROD000076,Midwest,marketplace,1,64.44,placed,2026-04-13
ORD0002405,ORD0002405-L2113,CUST000062,PROD000113,Northeast,store,2,52.16,placed,2026-04-13
ORD0002633,ORD0002633-L2202,CUST000434,PROD000202,Southeast,marketplace,2,778.04,placed,2026-04-13
ORD0002633,ORD0002633-L3227,CUST000434,PROD000227,West,store,3,1023.0,placed,2026-04-13
ORD0002969,ORD0002969-L3035,CUST000333,PROD000035,Southeast,marketplace,3,1388.61,placed,2026-04-13
ORD0002969,ORD0002969-L1165,CUST000333,PROD000165,Northeast,marketplace,1,440.41,placed,2026-04-13
ORD0002986,ORD0002986-L2203,CUST000138,PROD000203,West,marketplace,2,707.26,placed,2026-04-13
ORD0002986,ORD0002986-L2040,CUST000138,PROD000040,Midwest,mobile,2,61.7,placed,2026-04-13
ORD0002986,ORD0002986-L3138,CUST000138,PROD000138,West,store,3,877.47,placed,2026-04-13
ORD0002986,ORD0002986-L3179,CUST000138,PROD000179,Northeast,mobile,3,679.98,placed,2026-04-13
ORD0003186,ORD0003186-L3143,CUST000383,PROD000143,West,marketplace,3,1046.16,placed,2026-04-13
ORD0003186,ORD0003186-L1115,CUST000383,PROD000115,Northeast,mobile,1,159.19,placed,2026-04-13
ORD0003186,ORD0003186-L1028,CUST000383,PROD000028,West,store,1,46.89,placed,2026-04-13
ORD0003203,ORD0003203-L2075,CUST000125,PROD000075,West,store,2,534.34,placed,2026-04-13
ORD0003203,ORD0003203-L2003,CUST000125,PROD000003,West,mobile,2,520.28,placed,2026-04-13
ORD0003203,ORD0003203-L2009,CUST000125,PROD000009,Northeast,web,2,689.72,placed,2026-04-13
ORD0003333,ORD0003333-L1124,CUST000213,PROD000124,West,marketplace,1,181.36,placed,2026-04-13
ORD0003498,ORD0003498-L1110,CUST000260,PROD000110,Southeast,mobile,1,226.31,placed,2026-04-13
ORD0003498,ORD0003498-L2138,CUST000260,PROD000138,West,web,2,617.48,placed,2026-04-13
ORD0003512,ORD0003512-L3213,CUST000052,PROD000213,West,store,3,31.05,placed,2026-04-13
ORD0003512,ORD0003512-L2042,CUST000052,PROD000042,West,marketplace,2,222.8,placed,2026-04-13
ORD0003512,ORD0003512-L3051,CUST000052,PROD000051,Midwest,mobile,3,1152.93,placed,2026-04-13
ORD0003655,ORD0003655-L3114,CUST000142,PROD000114,Midwest,store,3,1255.11,placed,2026-04-13
ORD0003655,ORD0003655-L1168,CUST000142,PROD000168,Northeast,mobile,1,321.33,placed,2026-04-13
ORD0003667,ORD0003667-L1089,CUST000100,PROD000089,West,mobile,1,31.56,placed,2026-04-13
ORD0003667,ORD0003667-L2020,CUST000100,PROD000020,West,store,2,975.24,placed,2026-04-13
ORD0003921,ORD0003921-L1107,CUST000496,PROD000107,Northeast,marketplace,1,385.27,placed,2026-04-13
ORD0003921,ORD0003921-L2014,CUST000496,PROD000014,West,web,2,434.18,placed,2026-04-13
ORD0000025,ORD0000025-L2249,CUST000122,PROD000249,Midwest,web,2,244.2,placed,2026-04-14
ORD0000025,ORD0000025-L3157,CUST000122,PROD000157,West,marketplace,3,703.14,placed,2026-04-14
ORD0000025,ORD0000025-L3131,CUST000122,PROD000131,Midwest,mobile,3,445.59,placed,2026-04-14
ORD0000025,ORD0000025-L1201,CUST000122,PROD000201,Midwest,web,1,368.5,placed,2026-04-14
ORD0000053,ORD0000053-L3063,CUST000060,PROD000063,Midwest,mobile,3,886.26,placed,2026-04-14
ORD0000053,ORD0000053-L1148,CUST000060,PROD000148,Midwest,mobile,1,141.55,placed,2026-04-14
ORD0000163,ORD0000163-L2044,CUST000444,PROD000044,Southeast,web,2,719.44,placed,2026-04-14
ORD0000163,ORD0000163-L1107,CUST000444,PROD000107,Northeast,marketplace,1,428.08,placed,2026-04-14
ORD0000260,ORD0000260-L1236,CUST000160,PROD000236,Northeast,web,1,113.53,placed,2026-04-14
ORD0000260,ORD0000260-L2133,CUST000160,PROD000133,West,marketplace,2,232.18,placed,2026-04-14
ORD0000260,ORD0000260-L3105,CUST000160,PROD000105,Midwest,marketplace,3,1169.16,placed,2026-04-14
ORD0000291,ORD0000291-L1130,CUST000142,PROD000130,Southeast,web,1,435.64,placed,2026-04-14
ORD0000291,ORD0000291-L2041,CUST000142,PROD000041,Midwest,marketplace,2,36.56,placed,2026-04-14
ORD0000291,ORD0000291-L3050,CUST000142,PROD000050,Midwest,store,3,979.86,placed,2026-04-14
ORD0000330,ORD0000330-L3070,CUST000159,PROD000070,Midwest,web,3,674.55,placed,2026-04-14
ORD0000330,ORD0000330-L1105,CUST000159,PROD000105,Southeast,store,1,389.72,placed,2026-04-14
ORD0000574,ORD0000574-L1180,CUST000348,PROD000180,West,web,1,372.15,placed,2026-04-14
ORD0000574,ORD0000574-L1026,CUST000348,PROD000026,Southeast,mobile,1,84.1,placed,2026-04-14
ORD0000663,ORD0000663-L3129,CUST000224,PROD000129,Northeast,web,3,377.64,placed,2026-04-14
ORD0000663,ORD0000663-L3185,CUST000224,PROD000185,Midwest,mobile,3,1271.43,placed,2026-04-14
ORD0000663,ORD0000663-L3180,CUST000224,PROD000180,Northeast,web,3,1116.45,placed,2026-04-14
ORD0000663,ORD0000663-L3114,CUST000224,PROD000114,Northeast,store,3,1255.11,placed,2026-04-14
ORD0000771,ORD0000771-L1246,CUST000470,PROD000246,West,web,1,97.95,placed,2026-04-14
ORD0000778,ORD0000778-L2185,CUST000287,PROD000185,Midwest,store,2,847.62,placed,2026-04-14
ORD0001150,ORD0001150-L2210,CUST000432,PROD000210,Northeast,mobile,2,795.58,placed,2026-04-14
ORD0001150,ORD0001150-L1194,CUST000432,PROD000194,Southeast,store,1,194.6,placed,2026-04-14
ORD0001150,ORD0001150-L1193,CUST000432,PROD000193,Southeast,mobile,1,466.57,placed,2026-04-14
ORD0001150,ORD0001150-L2042,CUST000432,PROD000042,Northeast,mobile,2,210.42,placed,2026-04-14
ORD0001260,ORD0001260-L1200,CUST000281,PROD000200,Southeast,marketplace,1,358.34,placed,2026-04-14
ORD0001260,ORD0001260-L1241,CUST000281,PROD000241,Northeast,mobile,1,68.95,placed,2026-04-14
ORD0001260,ORD0001260-L3185,CUST000281,PROD000185,West,mobile,3,1144.29,placed,2026-04-14
ORD0001260,ORD0001260-L3071,CUST000281,PROD000071,West,mobile,3,284.97,placed,2026-04-14
ORD0001295,ORD0001295-L1131,CUST000036,PROD000131,Southeast,web,1,165.03,placed,2026-04-14
ORD0001295,ORD0001295-L1036,CUST000036,PROD000036,Southeast,web,1,374.66,placed,2026-04-14
ORD0001441,ORD0001441-L1011,CUST000002,PROD000011,Northeast,web,1,321.26,placed,2026-04-14
ORD0001479,ORD0001479-L2118,CUST000476,PROD000118,Midwest,web,2,576.64,placed,2026-04-14
ORD0001479,ORD0001479-L1189,CUST000476,PROD000189,West,mobile,1,90.6,placed,2026-04-14
ORD0001479,ORD0001479-L2108,CUST000476,PROD000108,Midwest,mobile,2,547.42,placed,2026-04-14
ORD0001479,ORD0001479-L3086,CUST000476,PROD000086,Northeast,store,3,1395.87,placed,2026-04-14
ORD0001751,ORD0001751-L1030,CUST000286,PROD000030,West,mobile,1,71.09,placed,2026-04-14
ORD0001751,ORD0001751-L1138,CUST000286,PROD000138,West,web,1,292.49,placed,2026-04-14
ORD0001751,ORD0001751-L1108,CUST000286,PROD000108,Southeast,web,1,259.31,placed,2026-04-14
ORD0001876,ORD0001876-L3062,CUST000207,PROD000062,Northeast,mobile,3,611.04,placed,2026-04-14
ORD0001881,ORD0001881-L3041,CUST000055,PROD000041,Midwest,store,3,54.84,placed,2026-04-14
ORD0001881,ORD0001881-L3032,CUST000055,PROD000032,Midwest,web,3,639.72,placed,2026-04-14
ORD0001960,ORD0001960-L3213,CUST000488,PROD000213,Southeast,mobile,3,27.78,placed,2026-04-14
ORD0001960,ORD0001960-L2103,CUST000488,PROD000103,Midwest,web,2,495.36,placed,2026-04-14
ORD0002015,ORD0002015-L1130,CUST000269,PROD000130,Southeast,mobile,1,435.64,placed,2026-04-14
ORD0002015,ORD0002015-L1035,CUST000269,PROD000035,West,mobile,1,438.51,placed,2026-04-14
ORD0002110,ORD0002110-L1094,CUST000069,PROD000094,West,store,1,80.92,placed,2026-04-14
ORD0002110,ORD0002110-L1164,CUST000069,PROD000164,Southeast,marketplace,1,15.09,placed,2026-04-14
ORD0002222,ORD0002222-L3245,CUST000200,PROD000245,Midwest,web,3,211.08,placed,2026-04-14
ORD0002271,ORD0002271-L3025,CUST000081,PROD000025,Southeast,store,3,1129.17,placed,2026-04-14
ORD0002271,ORD0002271-L1087,CUST000081,PROD000087,West,store,1,176.12,placed,2026-04-14
ORD0002404,ORD0002404-L2220,CUST000224,PROD000220,Southeast,store,2,844.44,placed,2026-04-14
ORD0002404,ORD0002404-L1127,CUST000224,PROD000127,West,marketplace,1,87.48,placed,2026-04-14
ORD0002418,ORD0002418-L3064,CUST000033,PROD000064,West,store,3,936.33,placed,2026-04-14
ORD0002437,ORD0002437-L1012,CUST000405,PROD000012,Midwest,mobile,1,465.85,placed,2026-04-14
ORD0002437,ORD0002437-L3037,CUST000405,PROD000037,West,web,3,1308.75,placed,2026-04-14
ORD0002450,ORD0002450-L1171,CUST000222,PROD000171,Southeast,marketplace,1,198.19,placed,2026-04-14
ORD0002450,ORD0002450-L3222,CUST000222,PROD000222,West,web,3,530.67,placed,2026-04-14
ORD0002450,ORD0002450-L1112,CUST000222,PROD000112,West,store,1,261.78,placed,2026-04-14
ORD0002450,ORD0002450-L2051,CUST000222,PROD000051,Southeast,mobile,2,730.18,placed,2026-04-14
ORD0002532,ORD0002532-L1069,CUST000415,PROD000069,Southeast,store,1,129.35,placed,2026-04-14
ORD0002532,ORD0002532-L3063,CUST000415,PROD000063,Southeast,mobile,3,984.72,placed,2026-04-14
ORD0002698,ORD0002698-L1121,CUST000406,PROD000121,Southeast,store,1,314.29,placed,2026-04-14
ORD0002718,ORD0002718-L2063,CUST000465,PROD000063,Midwest,marketplace,2,623.66,placed,2026-04-14
ORD0002718,ORD0002718-L1144,CUST000465,PROD000144,Southeast,web,1,349.72,placed,2026-04-14
ORD0002718,ORD0002718-L2170,CUST000465,PROD000170,West,store,2,62.76,placed,2026-04-14
ORD0002718,ORD0002718-L1054,CUST000465,PROD000054,Southeast,web,1,237.73,placed,2026-04-14
ORD0003063,ORD0003063-L3015,CUST000203,PROD000015,Midwest,store,3,847.35,placed,2026-04-14
ORD0003063,ORD0003063-L1232,CUST000203,PROD000232,Midwest,marketplace,1,125.24,placed,2026-04-14
ORD0003063,ORD0003063-L2215,CUST000203,PROD000215,Midwest,marketplace,2,470.3,placed,2026-04-14
ORD0003149,ORD0003149-L2043,CUST000306,PROD000043,Southeast,store,2,287.44,placed,2026-04-14
ORD0003149,ORD0003149-L2102,CUST000306,PROD000102,Southeast,mobile,2,232.4,placed,2026-04-14
ORD0003160,ORD0003160-L2137,CUST000083,PROD000137,Southeast,mobile,2,959.78,placed,2026-04-14
ORD0003160,ORD0003160-L2122,CUST000083,PROD000122,Southeast,marketplace,2,378.34,placed,2026-04-14
ORD0003160,ORD0003160-L3024,CUST000083,PROD000024,West,store,3,705.45,placed,2026-04-14
ORD0003160,ORD0003160-L3191,CUST000083,PROD000191,West,store,3,866.64,placed,2026-04-14
ORD0003216,ORD0003216-L2051,CUST000303,PROD000051,Northeast,store,2,768.62,placed,2026-04-14
ORD0003218,ORD0003218-L3150,CUST000112,PROD000150,Northeast,mobile,3,1404.72,placed,2026-04-14
ORD0003218,ORD0003218-L2097,CUST000112,PROD000097,West,store,2,714.18,placed,2026-04-14
ORD0003218,ORD0003218-L1002,CUST000112,PROD000002,Midwest,web,1,418.55,placed,2026-04-14
ORD0003218,ORD0003218-L2015,CUST000112,PROD000015,Northeast,marketplace,2,627.66,placed,2026-04-14
ORD0003289,ORD0003289-L3096,CUST000082,PROD000096,Midwest,marketplace,3,306.03,placed,2026-04-14
ORD0003289,ORD0003289-L3191,CUST000082,PROD000191,Southeast,web,3,1019.58,placed,2026-04-14
ORD0003334,ORD0003334-L2115,CUST000377,PROD000115,Southeast,web,2,318.38,placed,2026-04-14
ORD0003334,ORD0003334-L3121,CUST000377,PROD000121,Southeast,marketplace,3,848.58,placed,2026-04-14
ORD0003334,ORD0003334-L3119,CUST000377,PROD000119,Midwest,store,3,995.07,placed,2026-04-14
ORD0003334,ORD0003334-L3160,CUST000377,PROD000160,West,store,3,206.34,placed,2026-04-14
ORD0003400,ORD0003400-L2248,CUST000143,PROD000248,Northeast,marketplace,2,627.82,placed,2026-04-14
ORD0003400,ORD0003400-L3022,CUST000143,PROD000022,Midwest,marketplace,3,153.99,placed,2026-04-14
ORD0003400,ORD0003400-L1082,CUST000143,PROD000082,Southeast,web,1,367.18,placed,2026-04-14
ORD0003400,ORD0003400-L1137,CUST000143,PROD000137,Northeast,web,1,455.9,placed,2026-04-14
ORD0003464,ORD0003464-L2133,CUST000489,PROD000133,Midwest,marketplace,2,220.58,placed,2026-04-14
ORD0003464,ORD0003464-L2038,CUST000489,PROD000038,Southeast,store,2,74.38,placed,2026-04-14
ORD0003464,ORD0003464-L3245,CUST000489,PROD000245,West,store,3,211.08,placed,2026-04-14
ORD0003464,ORD0003464-L3115,CUST000489,PROD000115,Midwest,marketplace,3,453.69,placed,2026-04-14
ORD0003570,ORD0003570-L1104,CUST000482,PROD000104,Midwest,store,1,345.43,placed,2026-04-14
ORD0003597,ORD0003597-L3073,CUST000120,PROD000073,Midwest,mobile,3,717.51,placed,2026-04-14
ORD0003597,ORD0003597-L1082,CUST000120,PROD000082,Southeast,marketplace,1,348.82,placed,2026-04-14
ORD0003608,ORD0003608-L1132,CUST000475,PROD000132,West,marketplace,1,343.87,placed,2026-04-14
ORD0003608,ORD0003608-L1229,CUST000475,PROD000229,Midwest,mobile,1,57.52,placed,2026-04-14
ORD0003608,ORD0003608-L1026,CUST000475,PROD000026,Midwest,store,1,88.53,placed,2026-04-14
ORD0003614,ORD0003614-L3162,CUST000422,PROD000162,West,mobile,3,958.71,placed,2026-04-14
ORD0003614,ORD0003614-L1081,CUST000422,PROD000081,Midwest,store,1,240.68,placed,2026-04-14
ORD0003737,ORD0003737-L1097,CUST000162,PROD000097,Northeast,marketplace,1,375.88,placed,2026-04-14
ORD0003737,ORD0003737-L1066,CUST000162,PROD000066,West,mobile,1,466.43,placed,2026-04-14
ORD0003737,ORD0003737-L1152,CUST000162,PROD000152,West,web,1,347.26,placed,2026-04-14
ORD0003773,ORD0003773-L2221,CUST000465,PROD000221,West,marketplace,2,430.68,placed,2026-04-14
ORD0003773,ORD0003773-L2002,CUST000465,PROD000002,Midwest,web,2,881.16,placed,2026-04-14
ORD0003773,ORD0003773-L3079,CUST000465,PROD000079,West,store,3,1099.17,placed,2026-04-14
ORD0003834,ORD0003834-L3145,CUST000450,PROD000145,Midwest,web,3,305.22,placed,2026-04-14
ORD0003834,ORD0003834-L3174,CUST000450,PROD000174,Southeast,web,3,921.36,placed,2026-04-14
ORD0003834,ORD0003834-L3038,CUST000450,PROD000038,Northeast,store,3,111.57,placed,2026-04-14
ORD0003834,ORD0003834-L1116,CUST000450,PROD000116,Southeast,web,1,216.82,placed,2026-04-14
ORD0000037,ORD0000037-L2107,CUST000333,PROD000107,Midwest,marketplace,2,813.36,placed,2026-04-15
ORD0000037,ORD0000037-L3111,CUST000333,PROD000111,Northeast,mobile,3,45.21,placed,2026-04-15
ORD0000037,ORD0000037-L1189,CUST000333,PROD000189,West,web,1,90.6,placed,2026-04-15
ORD0000037,ORD0000037-L2178,CUST000333,PROD000178,Northeast,web,2,451.16,placed,2026-04-15
ORD0000041,ORD0000041-L2106,CUST000167,PROD000106,Southeast,web,2,272.78,placed,2026-04-15
ORD0000041,ORD0000041-L2101,CUST000167,PROD000101,Southeast,marketplace,2,820.62,placed,2026-04-15
ORD0000041,ORD0000041-L2211,CUST000167,PROD000211,West,web,2,546.48,placed,2026-04-15
ORD0000041,ORD0000041-L1193,CUST000167,PROD000193,West,web,1,442.02,placed,2026-04-15
ORD0000060,ORD0000060-L2166,CUST000197,PROD000166,Southeast,marketplace,2,494.8,placed,2026-04-15
ORD0000060,ORD0000060-L1067,CUST000197,PROD000067,Northeast,marketplace,1,168.36,placed,2026-04-15
ORD0000060,ORD0000060-L2003,CUST000197,PROD000003,Midwest,marketplace,2,520.28,placed,2026-04-15
ORD0000107,ORD0000107-L2223,CUST000299,PROD000223,Midwest,marketplace,2,606.28,placed,2026-04-15
ORD0000211,ORD0000211-L1201,CUST000123,PROD000201,Southeast,web,1,331.65,placed,2026-04-15
ORD0000211,ORD0000211-L1033,CUST000123,PROD000033,Midwest,mobile,1,388.1,placed,2026-04-15
ORD0000364,ORD0000364-L1028,CUST000257,PROD000028,Northeast,marketplace,1,52.1,placed,2026-04-15
ORD0000364,ORD0000364-L2065,CUST000257,PROD000065,Midwest,web,2,119.08,placed,2026-04-15
ORD0000388,ORD0000388-L3051,CUST000325,PROD000051,Southeast,store,3,1037.64,placed,2026-04-15
ORD0000388,ORD0000388-L1034,CUST000325,PROD000034,Southeast,mobile,1,290.36,placed,2026-04-15
ORD0000388,ORD0000388-L3158,CUST000325,PROD000158,Northeast,store,3,279.69,placed,2026-04-15
ORD0000388,ORD0000388-L1197,CUST000325,PROD000197,Northeast,marketplace,1,428.44,placed,2026-04-15
ORD0000427,ORD0000427-L2087,CUST000084,PROD000087,Southeast,mobile,2,370.78,placed,2026-04-15
ORD0000427,ORD0000427-L1163,CUST000084,PROD000163,Midwest,store,1,375.96,placed,2026-04-15
ORD0000427,ORD0000427-L3017,CUST000084,PROD000017,Southeast,mobile,3,803.73,placed,2026-04-15
ORD0000496,ORD0000496-L3016,CUST000461,PROD000016,Midwest,web,3,1229.79,placed,2026-04-15
ORD0000496,ORD0000496-L2105,CUST000461,PROD000105,Northeast,marketplace,2,740.46,placed,2026-04-15
ORD0000496,ORD0000496-L3195,CUST000461,PROD000195,West,marketplace,3,577.74,placed,2026-04-15
ORD0000496,ORD0000496-L1037,CUST000461,PROD000037,West,store,1,392.62,placed,2026-04-15
ORD0000577,ORD0000577-L1163,CUST000302,PROD000163,West,web,1,375.96,placed,2026-04-15
ORD0000627,ORD0000627-L3070,CUST000197,PROD000070,Northeast,web,3,753.9,placed,2026-04-15
ORD0000627,ORD0000627-L3080,CUST000197,PROD000080,West,marketplace,3,738.6,placed,2026-04-15
ORD0000627,ORD0000627-L3090,CUST000197,PROD000090,Northeast,web,3,390.63,placed,2026-04-15
ORD0000627,ORD0000627-L3003,CUST000197,PROD000003,Northeast,web,3,741.39,placed,2026-04-15
ORD0000691,ORD0000691-L1047,CUST000304,PROD000047,Midwest,web,1,125.5,placed,2026-04-15
ORD0000691,ORD0000691-L3173,CUST000304,PROD000173,Southeast,web,3,776.46,placed,2026-04-15
ORD0000691,ORD0000691-L2149,CUST000304,PROD000149,Northeast,store,2,638.82,placed,2026-04-15
ORD0000691,ORD0000691-L2213,CUST000304,PROD000213,Northeast,store,2,20.7,placed,2026-04-15
ORD0001020,ORD0001020-L3243,CUST000273,PROD000243,West,mobile,3,642.75,placed,2026-04-15
ORD0001020,ORD0001020-L3213,CUST000273,PROD000213,Southeast,mobile,3,31.05,placed,2026-04-15
ORD0001020,ORD0001020-L3082,CUST000273,PROD000082,Southeast,marketplace,3,1101.54,placed,2026-04-15
ORD0001020,ORD0001020-L3184,CUST000273,PROD000184,Southeast,marketplace,3,1010.31,placed,2026-04-15
ORD0001087,ORD0001087-L1146,CUST000049,PROD000146,Midwest,mobile,1,360.8,placed,2026-04-15
ORD0001192,ORD0001192-L1158,CUST000215,PROD000158,West,web,1,88.33,placed,2026-04-15
ORD0001435,ORD0001435-L1154,CUST000170,PROD000154,Midwest,web,1,333.89,placed,2026-04-15
ORD0001435,ORD0001435-L2223,CUST000170,PROD000223,West,marketplace,2,606.28,placed,2026-04-15
ORD0001435,ORD0001435-L2248,CUST000170,PROD000248,West,mobile,2,660.86,placed,2026-04-15
ORD0001435,ORD0001435-L2054,CUST000170,PROD000054,Northeast,mobile,2,451.68,placed,2026-04-15
ORD0001452,ORD0001452-L1130,CUST000156,PROD000130,Northeast,mobile,1,370.29,placed,2026-04-15
ORD0001452,ORD0001452-L3115,CUST000156,PROD000115,Midwest,mobile,3,477.57,placed,2026-04-15
ORD0001452,ORD0001452-L3069,CUST000156,PROD000069,Northeast,mobile,3,408.48,placed,2026-04-15
ORD0001452,ORD0001452-L3231,CUST000156,PROD000231,Southeast,mobile,3,228.93,placed,2026-04-15
ORD0001467,ORD0001467-L2066,CUST000481,PROD000066,Midwest,marketplace,2,932.86,placed,2026-04-15
ORD0001467,ORD0001467-L2107,CUST000481,PROD000107,Midwest,web,2,770.54,placed,2026-04-15
ORD0001467,ORD0001467-L3118,CUST000481,PROD000118,West,store,3,864.96,placed,2026-04-15
ORD0001598,ORD0001598-L1066,CUST000348,PROD000066,West,store,1,466.43,placed,2026-04-15
ORD0001598,ORD0001598-L2149,CUST000348,PROD000149,Northeast,store,2,638.82,placed,2026-04-15
ORD0001598,ORD0001598-L3057,CUST000348,PROD000057,West,marketplace,3,1144.5,placed,2026-04-15
ORD0001598,ORD0001598-L3075,CUST000348,PROD000075,Southeast,web,3,890.55,placed,2026-04-15
ORD0001600,ORD0001600-L3149,CUST000213,PROD000149,Southeast,web,3,958.23,placed,2026-04-15
ORD0001600,ORD0001600-L2222,CUST000213,PROD000222,Northeast,mobile,2,372.4,placed,2026-04-15
ORD0001600,ORD0001600-L3160,CUST000213,PROD000160,West,web,3,217.2,placed,2026-04-15
ORD0001696,ORD0001696-L1053,CUST000132,PROD000053,Midwest,web,1,215.32,placed,2026-04-15
ORD0001696,ORD0001696-L3041,CUST000132,PROD000041,Southeast,web,3,57.72,placed,2026-04-15
ORD0001696,ORD0001696-L3092,CUST000132,PROD000092,Midwest,store,3,1488.96,placed,2026-04-15
ORD0001774,ORD0001774-L2230,CUST000202,PROD000230,West,web,2,643.46,placed,2026-04-15
ORD0001774,ORD0001774-L1142,CUST000202,PROD000142,Southeast,mobile,1,99.31,placed,2026-04-15
ORD0002161,ORD0002161-L2152,CUST000392,PROD000152,Northeast,web,2,590.34,placed,2026-04-15
ORD0002161,ORD0002161-L3214,CUST000392,PROD000214,West,web,3,388.17,placed,2026-04-15
ORD0002171,ORD0002171-L2195,CUST000126,PROD000195,West,marketplace,2,327.38,placed,2026-04-15
ORD0002171,ORD0002171-L2064,CUST000126,PROD000064,Southeast,marketplace,2,624.22,placed,2026-04-15
ORD0002171,ORD0002171-L1005,CUST000126,PROD000005,Midwest,web,1,319.36,placed,2026-04-15
ORD0002171,ORD0002171-L1188,CUST000126,PROD000188,West,marketplace,1,31.81,placed,2026-04-15
ORD0002274,ORD0002274-L1124,CUST000108,PROD000124,Northeast,web,1,181.36,placed,2026-04-15
ORD0002274,ORD0002274-L2195,CUST000108,PROD000195,Midwest,web,2,385.16,placed,2026-04-15
ORD0002274,ORD0002274-L3153,CUST000108,PROD000153,Southeast,mobile,3,1075.05,placed,2026-04-15
ORD0002422,ORD0002422-L1195,CUST000074,PROD000195,Southeast,store,1,192.58,placed,2026-04-15
ORD0002422,ORD0002422-L1069,CUST000074,PROD000069,Northeast,mobile,1,136.16,placed,2026-04-15
ORD0002422,ORD0002422-L2027,CUST000074,PROD000027,West,marketplace,2,587.82,placed,2026-04-15
ORD0002422,ORD0002422-L2142,CUST000074,PROD000142,Southeast,web,2,198.62,placed,2026-04-15
ORD0002425,ORD0002425-L2175,CUST000191,PROD000175,Southeast,mobile,2,834.54,placed,2026-04-15
ORD0002425,ORD0002425-L3159,CUST000191,PROD000159,Northeast,web,3,1061.16,placed,2026-04-15
ORD0002425,ORD0002425-L3013,CUST000191,PROD000013,Southeast,store,3,1194.09,placed,2026-04-15
ORD0002433,ORD0002433-L3227,CUST000326,PROD000227,Southeast,marketplace,3,1143.36,placed,2026-04-15
ORD0002433,ORD0002433-L3104,CUST000326,PROD000104,Northeast,marketplace,3,932.67,placed,2026-04-15
ORD0002441,ORD0002441-L2132,CUST000404,PROD000132,Northeast,store,2,764.16,placed,2026-04-15
ORD0002441,ORD0002441-L2194,CUST000404,PROD000194,Southeast,mobile,2,409.68,placed,2026-04-15
ORD0002441,ORD0002441-L1125,CUST000404,PROD000125,Northeast,marketplace,1,205.83,placed,2026-04-15
ORD0002441,ORD0002441-L2197,CUST000404,PROD000197,Midwest,web,2,728.34,placed,2026-04-15
ORD0002570,ORD0002570-L3138,CUST000472,PROD000138,Southeast,marketplace,3,926.22,placed,2026-04-15
ORD0002570,ORD0002570-L2021,CUST000472,PROD000021,Southeast,marketplace,2,49.84,placed,2026-04-15
ORD0002587,ORD0002587-L2230,CUST000208,PROD000230,West,marketplace,2,643.46,placed,2026-04-15
ORD0002685,ORD0002685-L1240,CUST000334,PROD000240,West,marketplace,1,403.54,placed,2026-04-15
ORD0002685,ORD0002685-L1098,CUST000334,PROD000098,West,web,1,415.39,placed,2026-04-15
ORD0002685,ORD0002685-L2012,CUST000334,PROD000012,West,mobile,2,838.54,placed,2026-04-15
ORD0002735,ORD0002735-L2212,CUST000032,PROD000212,West,web,2,409.56,placed,2026-04-15
ORD0002735,ORD0002735-L2079,CUST000032,PROD000079,Midwest,web,2,771.34,placed,2026-04-15
ORD0002827,ORD0002827-L3096,CUST000102,PROD000096,Southeast,web,3,306.03,placed,2026-04-15
ORD0002916,ORD0002916-L1003,CUST000095,PROD000003,Northeast,marketplace,1,260.14,placed,2026-04-15
ORD0002916,ORD0002916-L1058,CUST000095,PROD000058,Midwest,web,1,293.15,placed,2026-04-15
ORD0003041,ORD0003041-L1092,CUST000047,PROD000092,Northeast,mobile,1,471.5,placed,2026-04-15
ORD0003041,ORD0003041-L1099,CUST000047,PROD000099,Midwest,web,1,381.28,placed,2026-04-15
ORD0003066,ORD0003066-L3007,CUST000280,PROD000007,West,web,3,1094.82,placed,2026-04-15
ORD0003095,ORD0003095-L3246,CUST000277,PROD000246,West,store,3,279.15,placed,2026-04-15
ORD0003112,ORD0003112-L1155,CUST000267,PROD000155,Midwest,marketplace,1,168.84,placed,2026-04-15
ORD0003112,ORD0003112-L3200,CUST000267,PROD000200,Southeast,marketplace,3,1021.26,placed,2026-04-15
ORD0003112,ORD0003112-L3089,CUST000267,PROD000089,Midwest,marketplace,3,105.21,placed,2026-04-15
ORD0003131,ORD0003131-L2211,CUST000422,PROD000211,West,web,2,546.48,placed,2026-04-15
ORD0003131,ORD0003131-L2234,CUST000422,PROD000234,Northeast,store,2,938.14,placed,2026-04-15
ORD0003131,ORD0003131-L2231,CUST000422,PROD000231,Northeast,mobile,2,152.62,placed,2026-04-15
ORD0003131,ORD0003131-L3134,CUST000422,PROD000134,Midwest,marketplace,3,1049.07,placed,2026-04-15
ORD0003227,ORD0003227-L2006,CUST000242,PROD000006,Southeast,marketplace,2,283.22,placed,2026-04-15
ORD0003227,ORD0003227-L2149,CUST000242,PROD000149,West,store,2,606.88,placed,2026-04-15
ORD0003347,ORD0003347-L1097,CUST000260,PROD000097,West,mobile,1,357.09,placed,2026-04-15
ORD0003347,ORD0003347-L2160,CUST000260,PROD000160,Midwest,mobile,2,130.32,placed,2026-04-15
ORD0003347,ORD0003347-L2238,CUST000260,PROD000238,Midwest,store,2,189.1,placed,2026-04-15
ORD0003378,ORD0003378-L3212,CUST000135,PROD000212,Southeast,marketplace,3,583.62,placed,2026-04-15
ORD0003378,ORD0003378-L1034,CUST000135,PROD000034,Northeast,mobile,1,305.64,placed,2026-04-15
ORD0003378,ORD0003378-L2155,CUST000135,PROD000155,Southeast,marketplace,2,303.92,placed,2026-04-15
ORD0003435,ORD0003435-L2005,CUST000267,PROD000005,West,marketplace,2,638.72,placed,2026-04-15
ORD0003435,ORD0003435-L3004,CUST000267,PROD000004,West,marketplace,3,1283.31,placed,2026-04-15
ORD0003435,ORD0003435-L1186,CUST000267,PROD000186,Northeast,store,1,302.51,placed,2026-04-15
ORD0003437,ORD0003437-L2228,CUST000401,PROD000228,Midwest,mobile,2,150.02,placed,2026-04-15
ORD0003539,ORD0003539-L1204,CUST000200,PROD000204,West,marketplace,1,427.99,placed,2026-04-15
ORD0003539,ORD0003539-L3076,CUST000200,PROD000076,Midwest,web,3,203.49,placed,2026-04-15
ORD0003539,ORD0003539-L1199,CUST000200,PROD000199,Northeast,marketplace,1,36.24,placed,2026-04-15
ORD0003680,ORD0003680-L1108,CUST000347,PROD000108,West,marketplace,1,259.31,placed,2026-04-15
ORD0003680,ORD0003680-L3221,CUST000347,PROD000221,Midwest,store,3,646.02,placed,2026-04-15
ORD0003680,ORD0003680-L2189,CUST000347,PROD000189,West,web,2,190.74,placed,2026-04-15
ORD0003680,ORD0003680-L2219,CUST000347,PROD000219,Northeast,mobile,2,942.36,placed,2026-04-15
ORD0003925,ORD0003925-L3057,CUST000094,PROD000057,Midwest,web,3,1204.74,placed,2026-04-15
ORD0003925,ORD0003925-L2008,CUST000094,PROD000008,West,web,2,457.72,placed,2026-04-15
ORD0003925,ORD0003925-L3187,CUST000094,PROD000187,Southeast,web,3,268.11,placed,2026-04-15
ORD0003938,ORD0003938-L3116,CUST000334,PROD000116,Midwest,mobile,3,686.58,placed,2026-04-15
ORD0003938,ORD0003938-L1123,CUST000334,PROD000123,Southeast,mobile,1,169.75,placed,2026-04-15
ORD0003938,ORD0003938-L3225,CUST000334,PROD000225,Midwest,mobile,3,1188.78,placed,2026-04-15
ORD0003938,ORD0003938-L3249,CUST000334,PROD000249,Southeast,web,3,329.67,placed,2026-04-15
ORD0000093,ORD0000093-L3006,CUST000373,PROD000006,West,marketplace,3,403.59,placed,2026-04-16
ORD0000093,ORD0000093-L2096,CUST000373,PROD000096,Southeast,marketplace,2,193.82,placed,2026-04-16
ORD0000093,ORD0000093-L1114,CUST000373,PROD000114,West,mobile,1,376.53,placed,2026-04-16
ORD0000093,ORD0000093-L3058,CUST000373,PROD000058,Southeast,web,3,925.74,placed,2026-04-16
ORD0000445,ORD0000445-L1063,CUST000394,PROD000063,West,web,1,311.83,placed,2026-04-16
ORD0000445,ORD0000445-L1163,CUST000394,PROD000163,Northeast,store,1,375.96,placed,2026-04-16
ORD0001025,ORD0001025-L3232,CUST000027,PROD000232,Northeast,store,3,395.49,placed,2026-04-16
ORD0001025,ORD0001025-L3045,CUST000027,PROD000045,Midwest,mobile,3,1068.72,placed,2026-04-16
ORD0001310,ORD0001310-L2147,CUST000296,PROD000147,Southeast,store,2,550.28,placed,2026-04-16
ORD0001310,ORD0001310-L1035,CUST000296,PROD000035,Midwest,store,1,438.51,placed,2026-04-16
ORD0001310,ORD0001310-L1168,CUST000296,PROD000168,Southeast,marketplace,1,305.26,placed,2026-04-16
ORD0001310,ORD0001310-L2139,CUST000296,PROD000139,Midwest,web,2,865.3,placed,2026-04-16
ORD0001408,ORD0001408-L3017,CUST000109,PROD000017,West,store,3,803.73,placed,2026-04-16
ORD0001408,ORD0001408-L3002,CUST000109,PROD000002,West,web,3,1189.56,placed,2026-04-16
ORD0001541,ORD0001541-L2171,CUST000166,PROD000171,West,mobile,2,396.38,placed,2026-04-16
ORD0001541,ORD0001541-L1018,CUST000166,PROD000018,West,mobile,1,254.7,placed,2026-04-16
ORD0001763,ORD0001763-L2163,CUST000232,PROD000163,Southeast,store,2,751.92,placed,2026-04-16
ORD0001917,ORD0001917-L2160,CUST000269,PROD000160,Midwest,web,2,137.56,placed,2026-04-16
ORD0001917,ORD0001917-L2034,CUST000269,PROD000034,Northeast,web,2,611.28,placed,2026-04-16
ORD0001964,ORD0001964-L3144,CUST000289,PROD000144,West,store,3,938.73,placed,2026-04-16
ORD0002038,ORD0002038-L3077,CUST000310,PROD000077,Southeast,marketplace,3,436.59,placed,2026-04-16
ORD0002038,ORD0002038-L2237,CUST000310,PROD000237,Southeast,mobile,2,410.42,placed,2026-04-16
ORD0002038,ORD0002038-L3189,CUST000310,PROD000189,Midwest,marketplace,3,286.11,placed,2026-04-16
ORD0002279,ORD0002279-L1237,CUST000048,PROD000237,Midwest,web,1,205.21,placed,2026-04-16
ORD0002279,ORD0002279-L3100,CUST000048,PROD000100,West,store,3,496.71,placed,2026-04-16
ORD0002279,ORD0002279-L3067,CUST000048,PROD000067,Southeast,store,3,479.82,placed,2026-04-16
ORD0002336,ORD0002336-L2004,CUST000384,PROD000004,West,store,2,900.56,placed,2026-04-16
ORD0002406,ORD0002406-L1116,CUST000106,PROD000116,Midwest,web,1,240.91,placed,2026-04-16
ORD0002406,ORD0002406-L1044,CUST000106,PROD000044,Southeast,web,1,359.72,placed,2026-04-16
ORD0002406,ORD0002406-L2234,CUST000106,PROD000234,Midwest,marketplace,2,938.14,placed,2026-04-16
ORD0002406,ORD0002406-L1153,CUST000106,PROD000153,Northeast,web,1,398.17,placed,2026-04-16
ORD0002451,ORD0002451-L3135,CUST000427,PROD000135,Midwest,store,3,537.96,placed,2026-04-16
ORD0002451,ORD0002451-L2084,CUST000427,PROD000084,Midwest,store,2,215.06,placed,2026-04-16
ORD0002451,ORD0002451-L2120,CUST000427,PROD000120,Southeast,mobile,2,169.64,placed,2026-04-16
ORD0002451,ORD0002451-L3021,CUST000427,PROD000021,Southeast,store,3,74.76,placed,2026-04-16
ORD0002456,ORD0002456-L3051,CUST000395,PROD000051,Midwest,mobile,3,1095.27,placed,2026-04-16
ORD0002456,ORD0002456-L3151,CUST000395,PROD000151,Southeast,marketplace,3,1006.62,placed,2026-04-16
ORD0002456,ORD0002456-L2093,CUST000395,PROD000093,Midwest,marketplace,2,745.82,placed,2026-04-16
ORD0002511,ORD0002511-L1022,CUST000248,PROD000022,Southeast,marketplace,1,54.35,placed,2026-04-16
ORD0002511,ORD0002511-L3068,CUST000248,PROD000068,West,mobile,3,408.54,placed,2026-04-16
ORD0002511,ORD0002511-L3111,CUST000248,PROD000111,Northeast,mobile,3,45.21,placed,2026-04-16
ORD0002630,ORD0002630-L1201,CUST000188,PROD000201,Southeast,mobile,1,368.5,placed,2026-04-16
ORD0002708,ORD0002708-L2140,CUST000070,PROD000140,Southeast,marketplace,2,565.58,placed,2026-04-16
ORD0002708,ORD0002708-L3114,CUST000070,PROD000114,Northeast,marketplace,3,1192.35,placed,2026-04-16
ORD0002708,ORD0002708-L1116,CUST000070,PROD000116,Northeast,mobile,1,216.82,placed,2026-04-16
ORD0002733,ORD0002733-L3130,CUST000382,PROD000130,Southeast,web,3,1306.92,placed,2026-04-16
ORD0002733,ORD0002733-L2126,CUST000382,PROD000126,Northeast,mobile,2,591.36,placed,2026-04-16
ORD0002733,ORD0002733-L2090,CUST000382,PROD000090,Southeast,web,2,247.4,placed,2026-04-16
ORD0002733,ORD0002733-L3148,CUST000382,PROD000148,Midwest,mobile,3,382.2,placed,2026-04-16
ORD0002768,ORD0002768-L3055,CUST000366,PROD000055,Midwest,mobile,3,844.23,placed,2026-04-16
ORD0003073,ORD0003073-L2081,CUST000455,PROD000081,Midwest,web,2,481.36,placed,2026-04-16
ORD0003073,ORD0003073-L1230,CUST000455,PROD000230,Southeast,marketplace,1,305.64,placed,2026-04-16
ORD0003073,ORD0003073-L3068,CUST000455,PROD000068,West,web,3,430.05,placed,2026-04-16
ORD0003073,ORD0003073-L3204,CUST000455,PROD000204,Northeast,mobile,3,1148.82,placed,2026-04-16
ORD0003613,ORD0003613-L3121,CUST000323,PROD000121,Northeast,marketplace,3,848.58,placed,2026-04-16
ORD0003613,ORD0003613-L3015,CUST000323,PROD000015,Southeast,store,3,894.42,placed,2026-04-16
ORD0003613,ORD0003613-L1055,CUST000323,PROD000055,Northeast,mobile,1,312.68,placed,2026-04-16
ORD0003638,ORD0003638-L3249,CUST000055,PROD000249,Midwest,marketplace,3,366.3,placed,2026-04-16
ORD0003638,ORD0003638-L2148,CUST000055,PROD000148,West,store,2,283.1,placed,2026-04-16
ORD0003638,ORD0003638-L2007,CUST000055,PROD000007,Northeast,marketplace,2,656.9,placed,2026-04-16
ORD0003652,ORD0003652-L3061,CUST000163,PROD000061,Northeast,web,3,957.96,placed,2026-04-16
ORD0003652,ORD0003652-L3005,CUST000163,PROD000005,Southeast,mobile,3,958.08,placed,2026-04-16
ORD0003771,ORD0003771-L3241,CUST000172,PROD000241,Northeast,web,3,217.74,placed,2026-04-16
ORD0003771,ORD0003771-L1218,CUST000172,PROD000218,Southeast,marketplace,1,78.42,placed,2026-04-16
ORD0003771,ORD0003771-L2014,CUST000172,PROD000014,Northeast,mobile,2,434.18,placed,2026-04-16
ORD0003771,ORD0003771-L1229,CUST000172,PROD000229,Northeast,web,1,60.55,placed,2026-04-16
ORD0003774,ORD0003774-L2190,CUST000379,PROD000190,West,marketplace,2,140.04,placed,2026-04-16
ORD0003774,ORD0003774-L1123,CUST000379,PROD000123,Northeast,store,1,169.75,placed,2026-04-16
ORD0003774,ORD0003774-L2179,CUST000379,PROD000179,West,store,2,453.32,placed,2026-04-16
ORD0003857,ORD0003857-L2142,CUST000471,PROD000142,Midwest,marketplace,2,198.62,placed,2026-04-16
ORD0003857,ORD0003857-L3080,CUST000471,PROD000080,Southeast,web,3,820.68,placed,2026-04-16
ORD0003857,ORD0003857-L3003,CUST000471,PROD000003,West,store,3,702.39,placed,2026-04-16
ORD0003857,ORD0003857-L2048,CUST000471,PROD000048,West,mobile,2,689.76,placed,2026-04-16
ORD0003859,ORD0003859-L2082,CUST000057,PROD000082,Northeast,store,2,697.64,placed,2026-04-16
ORD0003978,ORD0003978-L1213,CUST000093,PROD000213,Midwest,store,1,10.89,placed,2026-04-16
ORD0003978,ORD0003978-L2017,CUST000093,PROD000017,West,marketplace,2,595.36,placed,2026-04-16
ORD0000018,ORD0000018-L1152,CUST000487,PROD000152,Northeast,marketplace,1,347.26,placed,2026-04-17
ORD0000038,ORD0000038-L1232,CUST000373,PROD000232,Northeast,mobile,1,131.83,placed,2026-04-17
ORD0000100,ORD0000100-L1018,CUST000343,PROD000018,West,store,1,283.0,placed,2026-04-17
ORD0000100,ORD0000100-L1170,CUST000343,PROD000170,Southeast,store,1,29.73,placed,2026-04-17
ORD0000100,ORD0000100-L3120,CUST000343,PROD000120,West,marketplace,3,254.46,placed,2026-04-17
ORD0000100,ORD0000100-L3020,CUST000343,PROD000020,West,web,3,1389.72,placed,2026-04-17
ORD0000111,ORD0000111-L3103,CUST000173,PROD000103,Midwest,store,3,825.6,placed,2026-04-17
ORD0000143,ORD0000143-L3095,CUST000059,PROD000095,Southeast,mobile,3,58.14,placed,2026-04-17
ORD0000143,ORD0000143-L1232,CUST000059,PROD000232,Midwest,store,1,131.83,placed,2026-04-17
ORD0000164,ORD0000164-L1144,CUST000451,PROD000144,Southeast,mobile,1,368.13,placed,2026-04-17
ORD0000164,ORD0000164-L1122,CUST000451,PROD000122,West,marketplace,1,189.17,placed,2026-04-17
ORD0000164,ORD0000164-L2233,CUST000451,PROD000233,Southeast,web,2,772.2,placed,2026-04-17
ORD0000164,ORD0000164-L1174,CUST000451,PROD000174,Northeast,store,1,290.95,placed,2026-04-17
ORD0000236,ORD0000236-L2132,CUST000380,PROD000132,Southeast,mobile,2,764.16,placed,2026-04-17
ORD0000236,ORD0000236-L2079,CUST000380,PROD000079,Southeast,web,2,771.34,placed,2026-04-17
ORD0000236,ORD0000236-L1242,CUST000380,PROD000242,Southeast,marketplace,1,365.43,placed,2026-04-17
ORD0000238,ORD0000238-L1095,CUST000449,PROD000095,Northeast,marketplace,1,18.36,placed,2026-04-17
ORD0000238,ORD0000238-L1105,CUST000449,PROD000105,West,mobile,1,350.75,placed,2026-04-17
ORD0000238,ORD0000238-L3159,CUST000449,PROD000159,Southeast,web,3,1117.02,placed,2026-04-17
ORD0000238,ORD0000238-L2249,CUST000449,PROD000249,Southeast,mobile,2,219.78,placed,2026-04-17
ORD0000276,ORD0000276-L1001,CUST000234,PROD000001,Midwest,store,1,423.18,placed,2026-04-17
ORD0000276,ORD0000276-L3230,CUST000234,PROD000230,West,web,3,868.68,placed,2026-04-17
ORD0000276,ORD0000276-L1032,CUST000234,PROD000032,Southeast,web,1,224.46,placed,2026-04-17
ORD0000276,ORD0000276-L3071,CUST000234,PROD000071,Southeast,web,3,284.97,placed,2026-04-17
ORD0000284,ORD0000284-L1181,CUST000095,PROD000181,Midwest,store,1,38.49,placed,2026-04-17
ORD0000284,ORD0000284-L3218,CUST000095,PROD000218,West,mobile,3,235.26,placed,2026-04-17
ORD0000284,ORD0000284-L2169,CUST000095,PROD000169,Northeast,mobile,2,655.48,placed,2026-04-17
ORD0000284,ORD0000284-L2022,CUST000095,PROD000022,Midwest,store,2,114.74,placed,2026-04-17
ORD0000332,ORD0000332-L2084,CUST000104,PROD000084,Northeast,marketplace,2,215.06,placed,2026-04-17
ORD0000586,ORD0000586-L1243,CUST000056,PROD000243,Midwest,web,1,182.11,placed,2026-04-17
ORD0000586,ORD0000586-L2057,CUST000056,PROD000057,Northeast,mobile,2,763.0,placed,2026-04-17
ORD0000586,ORD0000586-L1026,CUST000056,PROD000026,Southeast,mobile,1,84.1,placed,2026-04-17
ORD0000586,ORD0000586-L2098,CUST000056,PROD000098,Midwest,web,2,874.5,placed,2026-04-17
ORD0000704,ORD0000704-L3247,CUST000171,PROD000247,West,marketplace,3,1085.94,placed,2026-04-17
ORD0000704,ORD0000704-L2233,CUST000171,PROD000233,Midwest,web,2,772.2,placed,2026-04-17
ORD0000754,ORD0000754-L1186,CUST000476,PROD000186,West,marketplace,1,336.12,placed,2026-04-17
ORD0000762,ORD0000762-L3171,CUST000218,PROD000171,Northeast,marketplace,3,564.84,placed,2026-04-17
ORD0000762,ORD0000762-L3244,CUST000218,PROD000244,Midwest,mobile,3,1234.23,placed,2026-04-17
ORD0000762,ORD0000762-L1174,CUST000218,PROD000174,Midwest,store,1,307.12,placed,2026-04-17
ORD0000816,ORD0000816-L3078,CUST000474,PROD000078,Southeast,web,3,69.21,placed,2026-04-17
ORD0000816,ORD0000816-L1220,CUST000474,PROD000220,West,mobile,1,444.44,placed,2026-04-17
ORD0000816,ORD0000816-L1031,CUST000474,PROD000031,West,web,1,98.01,placed,2026-04-17
ORD0001152,ORD0001152-L2235,CUST000120,PROD000235,Midwest,web,2,135.88,placed,2026-04-17
ORD0001152,ORD0001152-L1017,CUST000120,PROD000017,Northeast,marketplace,1,282.8,placed,2026-04-17
ORD0001152,ORD0001152-L3033,CUST000120,PROD000033,West,marketplace,3,1164.3,placed,2026-04-17
ORD0001152,ORD0001152-L1170,CUST000120,PROD000170,Southeast,marketplace,1,31.38,placed,2026-04-17
ORD0001280,ORD0001280-L2132,CUST000003,PROD000132,Northeast,web,2,725.96,placed,2026-04-17
ORD0001466,ORD0001466-L3069,CUST000097,PROD000069,Northeast,web,3,408.48,placed,2026-04-17
ORD0001466,ORD0001466-L1245,CUST000097,PROD000245,West,store,1,74.06,placed,2026-04-17
ORD0001592,ORD0001592-L1101,CUST000096,PROD000101,Midwest,web,1,389.79,placed,2026-04-17
ORD0001594,ORD0001594-L3058,CUST000200,PROD000058,Southeast,marketplace,3,925.74,placed,2026-04-17
ORD0001594,ORD0001594-L2214,CUST000200,PROD000214,Midwest,store,2,258.78,placed,2026-04-17
ORD0001594,ORD0001594-L2221,CUST000200,PROD000221,Northeast,marketplace,2,409.14,placed,2026-04-17
ORD0001594,ORD0001594-L2020,CUST000200,PROD000020,Northeast,marketplace,2,828.96,placed,2026-04-17
ORD0001597,ORD0001597-L1099,CUST000036,PROD000099,West,marketplace,1,381.28,placed,2026-04-17
ORD0001776,ORD0001776-L1233,CUST000326,PROD000233,West,mobile,1,366.8,placed,2026-04-17
ORD0001776,ORD0001776-L3200,CUST000326,PROD000200,Southeast,store,3,1021.26,placed,2026-04-17
ORD0001776,ORD0001776-L3030,CUST000326,PROD000030,Southeast,mobile,3,213.27,placed,2026-04-17
ORD0001776,ORD0001776-L1237,CUST000326,PROD000237,Midwest,web,1,216.61,placed,2026-04-17
ORD0001868,ORD0001868-L2095,CUST000483,PROD000095,Southeast,store,2,40.8,placed,2026-04-17
ORD0001868,ORD0001868-L1117,CUST000483,PROD000117,West,mobile,1,409.16,placed,2026-04-17
ORD0001955,ORD0001955-L2046,CUST000090,PROD000046,Northeast,web,2,499.56,placed,2026-04-17
ORD0001955,ORD0001955-L3082,CUST000090,PROD000082,Midwest,marketplace,3,1101.54,placed,2026-04-17
ORD0001965,ORD0001965-L2188,CUST000017,PROD000188,Southeast,store,2,60.26,placed,2026-04-17
ORD0001965,ORD0001965-L3049,CUST000017,PROD000049,West,mobile,3,433.02,placed,2026-04-17
ORD0002026,ORD0002026-L2102,CUST000295,PROD000102,West,store,2,209.16,placed,2026-04-17
ORD0002035,ORD0002035-L2027,CUST000448,PROD000027,West,store,2,653.14,placed,2026-04-17
ORD0002035,ORD0002035-L3222,CUST000448,PROD000222,West,store,3,502.74,placed,2026-04-17
ORD0002035,ORD0002035-L1035,CUST000448,PROD000035,Midwest,marketplace,1,487.23,placed,2026-04-17
ORD0002035,ORD0002035-L3133,CUST000448,PROD000133,Southeast,web,3,348.27,placed,2026-04-17
ORD0002106,ORD0002106-L2097,CUST000409,PROD000097,Midwest,mobile,2,751.76,placed,2026-04-17
ORD0002124,ORD0002124-L1055,CUST000165,PROD000055,Northeast,marketplace,1,281.41,placed,2026-04-17
ORD0002142,ORD0002142-L2010,CUST000379,PROD000010,Northeast,store,2,222.38,placed,2026-04-17
ORD0002142,ORD0002142-L1164,CUST000379,PROD000164,Northeast,marketplace,1,15.09,placed,2026-04-17
ORD0002142,ORD0002142-L2149,CUST000379,PROD000149,Northeast,store,2,638.82,placed,2026-04-17
ORD0002142,ORD0002142-L1248,CUST000379,PROD000248,Southeast,store,1,330.43,placed,2026-04-17
ORD0002165,ORD0002165-L2189,CUST000165,PROD000189,Northeast,store,2,181.2,placed,2026-04-17
ORD0002165,ORD0002165-L3073,CUST000165,PROD000073,Southeast,marketplace,3,759.72,placed,2026-04-17
ORD0002272,ORD0002272-L3026,CUST000129,PROD000026,West,mobile,3,265.59,placed,2026-04-17
ORD0002272,ORD0002272-L2143,CUST000129,PROD000143,Southeast,store,2,627.7,placed,2026-04-17
ORD0002324,ORD0002324-L1025,CUST000371,PROD000025,Northeast,marketplace,1,357.57,placed,2026-04-17
ORD0002436,ORD0002436-L1075,CUST000238,PROD000075,Midwest,marketplace,1,296.85,placed,2026-04-17
ORD0002436,ORD0002436-L2238,CUST000238,PROD000238,Midwest,marketplace,2,189.1,placed,2026-04-17
ORD0002436,ORD0002436-L1245,CUST000238,PROD000245,Northeast,mobile,1,74.06,placed,2026-04-17
ORD0002436,ORD0002436-L3057,CUST000238,PROD000057,Southeast,web,3,1024.02,placed,2026-04-17
ORD0002439,ORD0002439-L2048,CUST000097,PROD000048,Southeast,marketplace,2,586.3,placed,2026-04-17
ORD0002454,ORD0002454-L3165,CUST000060,PROD000165,Southeast,marketplace,3,1321.23,placed,2026-04-17
ORD0002454,ORD0002454-L1056,CUST000060,PROD000056,West,mobile,1,75.32,placed,2026-04-17
ORD0002557,ORD0002557-L1218,CUST000343,PROD000218,Northeast,web,1,78.42,placed,2026-04-17
ORD0002561,ORD0002561-L2099,CUST000391,PROD000099,Northeast,marketplace,2,762.56,placed,2026-04-17
ORD0002561,ORD0002561-L2105,CUST000391,PROD000105,Midwest,marketplace,2,779.44,placed,2026-04-17
ORD0002832,ORD0002832-L1210,CUST000488,PROD000210,Northeast,marketplace,1,441.99,placed,2026-04-17
ORD0002832,ORD0002832-L1090,CUST000488,PROD000090,West,store,1,117.19,placed,2026-04-17
ORD0003128,ORD0003128-L2123,CUST000266,PROD000123,West,marketplace,2,322.52,placed,2026-04-17
ORD0003128,ORD0003128-L3139,CUST000266,PROD000139,West,web,3,1297.95,placed,2026-04-17
ORD0003230,ORD0003230-L1216,CUST000145,PROD000216,Northeast,marketplace,1,47.22,placed,2026-04-17
ORD0003230,ORD0003230-L1159,CUST000145,PROD000159,Northeast,marketplace,1,372.34,placed,2026-04-17
ORD0003230,ORD0003230-L3003,CUST000145,PROD000003,Southeast,store,3,780.42,placed,2026-04-17
ORD0003279,ORD0003279-L3080,CUST000455,PROD000080,Midwest,mobile,3,820.68,placed,2026-04-17
ORD0003369,ORD0003369-L2098,CUST000212,PROD000098,West,web,2,874.5,placed,2026-04-17
ORD0003369,ORD0003369-L3106,CUST000212,PROD000106,Midwest,marketplace,3,430.71,placed,2026-04-17
ORD0003369,ORD0003369-L1003,CUST000212,PROD000003,Northeast,store,1,247.13,placed,2026-04-17
ORD0003369,ORD0003369-L3229,CUST000212,PROD000229,Northeast,marketplace,3,181.65,placed,2026-04-17
ORD0003396,ORD0003396-L3236,CUST000043,PROD000236,Southeast,web,3,340.59,placed,2026-04-17
ORD0003396,ORD0003396-L3151,CUST000043,PROD000151,Midwest,web,3,1059.6,placed,2026-04-17
ORD0003396,ORD0003396-L2139,CUST000043,PROD000139,Southeast,store,2,822.04,placed,2026-04-17
ORD0003396,ORD0003396-L1066,CUST000043,PROD000066,Midwest,web,1,419.79,placed,2026-04-17
ORD0003411,ORD0003411-L1228,CUST000123,PROD000228,West,marketplace,1,78.96,placed,2026-04-17
ORD0003411,ORD0003411-L1021,CUST000123,PROD000021,West,web,1,22.43,placed,2026-04-17
ORD0003526,ORD0003526-L1092,CUST000223,PROD000092,West,store,1,471.5,placed,2026-04-17
ORD0003617,ORD0003617-L3162,CUST000209,PROD000162,Northeast,store,3,910.77,placed,2026-04-17
ORD0003617,ORD0003617-L3119,CUST000209,PROD000119,Midwest,web,3,942.72,placed,2026-04-17
ORD0003617,ORD0003617-L2250,CUST000209,PROD000250,Southeast,web,2,743.94,placed,2026-04-17
ORD0003617,ORD0003617-L2112,CUST000209,PROD000112,Midwest,mobile,2,497.38,placed,2026-04-17
ORD0003741,ORD0003741-L1069,CUST000010,PROD000069,West,store,1,122.54,placed,2026-04-17
ORD0003741,ORD0003741-L1138,CUST000010,PROD000138,Southeast,marketplace,1,292.49,placed,2026-04-17
ORD0003741,ORD0003741-L3101,CUST000010,PROD000101,Northeast,marketplace,3,1230.93,placed,2026-04-17
ORD0003741,ORD0003741-L1185,CUST000010,PROD000185,Northeast,mobile,1,402.62,placed,2026-04-17
ORD0003779,ORD0003779-L1143,CUST000310,PROD000143,West,web,1,348.72,placed,2026-04-17
ORD0003779,ORD0003779-L3109,CUST000310,PROD000109,Northeast,store,3,842.61,placed,2026-04-17
ORD0003779,ORD0003779-L1019,CUST000310,PROD000019,West,mobile,1,300.34,placed,2026-04-17
ORD0003779,ORD0003779-L3020,CUST000310,PROD000020,Southeast,mobile,3,1389.72,placed,2026-04-17
ORD0003792,ORD0003792-L2226,CUST000354,PROD000226,West,store,2,453.02,placed,2026-04-17
ORD0003792,ORD0003792-L2180,CUST000354,PROD000180,Northeast,store,2,744.3,placed,2026-04-17
ORD0003829,ORD0003829-L3044,CUST000194,PROD000044,Southeast,mobile,3,1079.16,placed,2026-04-17
ORD0003829,ORD0003829-L1239,CUST000194,PROD000239,West,store,1,330.37,placed,2026-04-17
ORD0003863,ORD0003863-L2132,CUST000003,PROD000132,Southeast,marketplace,2,764.16,placed,2026-04-17
ORD0003863,ORD0003863-L3203,CUST000003,PROD000203,Northeast,web,3,1007.85,placed,2026-04-17
ORD0003885,ORD0003885-L1092,CUST000259,PROD000092,West,web,1,496.32,placed,2026-04-17
ORD0003885,ORD0003885-L1023,CUST000259,PROD000023,Midwest,web,1,30.51,placed,2026-04-17
ORD0003885,ORD0003885-L1152,CUST000259,PROD000152,Northeast,store,1,347.26,placed,2026-04-17
ORD0003885,ORD0003885-L2044,CUST000259,PROD000044,West,marketplace,2,681.56,placed,2026-04-17
ORD0003897,ORD0003897-L1215,CUST000102,PROD000215,Northeast,web,1,223.39,placed,2026-04-17
ORD0003897,ORD0003897-L3128,CUST000102,PROD000128,Midwest,mobile,3,102.72,placed,2026-04-17
ORD0003910,ORD0003910-L3059,CUST000024,PROD000059,Southeast,marketplace,3,76.35,placed,2026-04-17
ORD0003910,ORD0003910-L1178,CUST000024,PROD000178,Midwest,store,1,237.45,placed,2026-04-17
ORD0003910,ORD0003910-L2147,CUST000024,PROD000147,West,marketplace,2,550.28,placed,2026-04-17
ORD0003910,ORD0003910-L3053,CUST000024,PROD000053,Midwest,marketplace,3,679.95,placed,2026-04-17
ORD0003923,ORD0003923-L2221,CUST000343,PROD000221,Midwest,store,2,409.14,placed,2026-04-17
ORD0003923,ORD0003923-L1101,CUST000343,PROD000101,Midwest,mobile,1,369.28,placed,2026-04-17
ORD0003924,ORD0003924-L2135,CUST000374,PROD000135,West,web,2,398.48,placed,2026-04-17
ORD0003924,ORD0003924-L1086,CUST000374,PROD000086,Northeast,marketplace,1,442.03,placed,2026-04-17
ORD0000050,ORD0000050-L3150,CUST000232,PROD000150,Northeast,mobile,3,1404.72,placed,2026-04-18
ORD0000050,ORD0000050-L2064,CUST000232,PROD000064,West,store,2,624.22,placed,2026-04-18
ORD0000050,ORD0000050-L2057,CUST000232,PROD000057,West,store,2,803.16,placed,2026-04-18
ORD0000050,ORD0000050-L3158,CUST000232,PROD000158,Northeast,web,3,294.42,placed,2026-04-18
ORD0000114,ORD0000114-L1082,CUST000491,PROD000082,West,web,1,330.46,placed,2026-04-18
ORD0000114,ORD0000114-L3184,CUST000491,PROD000184,West,mobile,3,909.27,placed,2026-04-18
ORD0000114,ORD0000114-L2150,CUST000491,PROD000150,Midwest,store,2,936.48,placed,2026-04-18
ORD0000114,ORD0000114-L2212,CUST000491,PROD000212,Northeast,mobile,2,409.56,placed,2026-04-18
ORD0000345,ORD0000345-L3228,CUST000157,PROD000228,Midwest,marketplace,3,225.03,placed,2026-04-18
ORD0000482,ORD0000482-L1008,CUST000402,PROD000008,Midwest,marketplace,1,254.29,placed,2026-04-18
ORD0000482,ORD0000482-L1249,CUST000402,PROD000249,Southeast,web,1,109.89,placed,2026-04-18
ORD0000482,ORD0000482-L2038,CUST000402,PROD000038,West,store,2,74.38,placed,2026-04-18
ORD0000482,ORD0000482-L2059,CUST000402,PROD000059,Northeast,mobile,2,45.82,placed,2026-04-18
ORD0000709,ORD0000709-L2201,CUST000221,PROD000201,West,mobile,2,700.14,placed,2026-04-18
ORD0000709,ORD0000709-L3226,CUST000221,PROD000226,West,marketplace,3,679.53,placed,2026-04-18
ORD0000709,ORD0000709-L3243,CUST000221,PROD000243,West,web,3,642.75,placed,2026-04-18
ORD0000709,ORD0000709-L3178,CUST000221,PROD000178,Midwest,mobile,3,605.49,placed,2026-04-18
ORD0000711,ORD0000711-L2194,CUST000009,PROD000194,Northeast,web,2,348.22,placed,2026-04-18
ORD0000711,ORD0000711-L3203,CUST000009,PROD000203,West,store,3,1060.89,placed,2026-04-18
ORD0000711,ORD0000711-L1042,CUST000009,PROD000042,West,mobile,1,111.4,placed,2026-04-18
ORD0000783,ORD0000783-L1236,CUST000216,PROD000236,Northeast,store,1,113.53,placed,2026-04-18
ORD0000783,ORD0000783-L3086,CUST000216,PROD000086,Northeast,store,3,1395.87,placed,2026-04-18
ORD0000783,ORD0000783-L2116,CUST000216,PROD000116,Northeast,store,2,433.64,placed,2026-04-18
ORD0000789,ORD0000789-L1127,CUST000167,PROD000127,West,store,1,92.34,placed,2026-04-18
ORD0000789,ORD0000789-L2072,CUST000167,PROD000072,West,store,2,499.84,placed,2026-04-18
ORD0000789,ORD0000789-L3027,CUST000167,PROD000027,West,store,3,979.71,placed,2026-04-18
ORD0000817,ORD0000817-L3063,CUST000477,PROD000063,Southeast,mobile,3,984.72,placed,2026-04-18
ORD0000817,ORD0000817-L3067,CUST000477,PROD000067,Southeast,mobile,3,505.08,placed,2026-04-18
ORD0000817,ORD0000817-L3017,CUST000477,PROD000017,West,marketplace,3,848.4,placed,2026-04-18
ORD0000817,ORD0000817-L3033,CUST000477,PROD000033,Southeast,mobile,3,1106.07,placed,2026-04-18
ORD0000885,ORD0000885-L2132,CUST000349,PROD000132,Northeast,web,2,725.96,placed,2026-04-18
ORD0000885,ORD0000885-L2127,CUST000349,PROD000127,West,store,2,174.96,placed,2026-04-18
ORD0000885,ORD0000885-L1026,CUST000349,PROD000026,West,mobile,1,88.53,placed,2026-04-18
ORD0000916,ORD0000916-L3164,CUST000325,PROD000164,West,web,3,50.31,placed,2026-04-18
ORD0000916,ORD0000916-L2008,CUST000325,PROD000008,Southeast,marketplace,2,432.3,placed,2026-04-18
ORD0000984,ORD0000984-L3223,CUST000131,PROD000223,West,marketplace,3,909.42,placed,2026-04-18
ORD0001066,ORD0001066-L3028,CUST000036,PROD000028,West,mobile,3,140.67,placed,2026-04-18
ORD0001066,ORD0001066-L1243,CUST000036,PROD000243,Southeast,mobile,1,214.25,placed,2026-04-18
ORD0001128,ORD0001128-L2237,CUST000064,PROD000237,West,mobile,2,410.42,placed,2026-04-18
ORD0001128,ORD0001128-L2240,CUST000064,PROD000240,Southeast,marketplace,2,686.02,placed,2026-04-18
ORD0001271,ORD0001271-L1169,CUST000316,PROD000169,West,web,1,311.35,placed,2026-04-18
ORD0001271,ORD0001271-L3120,CUST000316,PROD000120,West,mobile,3,254.46,placed,2026-04-18
ORD0001448,ORD0001448-L1016,CUST000037,PROD000016,Southeast,mobile,1,409.93,placed,2026-04-18
ORD0001448,ORD0001448-L2100,CUST000037,PROD000100,Southeast,marketplace,2,349.54,placed,2026-04-18
ORD0001448,ORD0001448-L3183,CUST000037,PROD000183,Southeast,web,3,520.11,placed,2026-04-18
ORD0001448,ORD0001448-L2081,CUST000037,PROD000081,Southeast,store,2,481.36,placed,2026-04-18
ORD0001461,ORD0001461-L2222,CUST000350,PROD000222,West,mobile,2,372.4,placed,2026-04-18
ORD0001461,ORD0001461-L2157,CUST000350,PROD000157,Midwest,store,2,551.48,placed,2026-04-18
ORD0001461,ORD0001461-L3110,CUST000350,PROD000110,Northeast,store,3,678.93,placed,2026-04-18
ORD0001511,ORD0001511-L2203,CUST000175,PROD000203,Northeast,store,2,671.9,placed,2026-04-18
ORD0001554,ORD0001554-L1127,CUST000030,PROD000127,Southeast,store,1,97.2,placed,2026-04-18
ORD0001554,ORD0001554-L1072,CUST000030,PROD000072,Northeast,mobile,1,224.93,placed,2026-04-18
ORD0001554,ORD0001554-L1111,CUST000030,PROD000111,Northeast,marketplace,1,15.07,placed,2026-04-18
ORD0001621,ORD0001621-L1156,CUST000088,PROD000156,Midwest,web,1,70.94,placed,2026-04-18
ORD0001621,ORD0001621-L2052,CUST000088,PROD000052,Northeast,mobile,2,398.48,placed,2026-04-18
ORD0001621,ORD0001621-L3244,CUST000088,PROD000244,Northeast,web,3,1299.18,placed,2026-04-18
ORD0001621,ORD0001621-L2035,CUST000088,PROD000035,Midwest,store,2,828.3,placed,2026-04-18
ORD0001622,ORD0001622-L2202,CUST000356,PROD000202,Southeast,marketplace,2,778.04,placed,2026-04-18
ORD0001622,ORD0001622-L2107,CUST000356,PROD000107,Southeast,marketplace,2,770.54,placed,2026-04-18
ORD0001622,ORD0001622-L2022,CUST000356,PROD000022,Northeast,mobile,2,114.74,placed,2026-04-18
ORD0001622,ORD0001622-L2003,CUST000356,PROD000003,Southeast,web,2,520.28,placed,2026-04-18
ORD0001646,ORD0001646-L1143,CUST000410,PROD000143,Midwest,marketplace,1,313.85,placed,2026-04-18
ORD0001646,ORD0001646-L3170,CUST000410,PROD000170,Southeast,marketplace,3,99.09,placed,2026-04-18
ORD0001844,ORD0001844-L1057,CUST000161,PROD000057,West,marketplace,1,381.5,placed,2026-04-18
ORD0001844,ORD0001844-L3071,CUST000161,PROD000071,Southeast,marketplace,3,269.97,placed,2026-04-18
ORD0001844,ORD0001844-L2050,CUST000161,PROD000050,West,store,2,689.52,placed,2026-04-18
ORD0001844,ORD0001844-L2131,CUST000161,PROD000131,Southeast,web,2,313.56,placed,2026-04-18
ORD0001914,ORD0001914-L3244,CUST000121,PROD000244,West,store,3,1169.25,placed,2026-04-18
ORD0001914,ORD0001914-L3017,CUST000121,PROD000017,Southeast,marketplace,3,893.04,placed,2026-04-18
ORD0002005,ORD0002005-L1073,CUST000419,PROD000073,West,web,1,281.38,placed,2026-04-18
ORD0002193,ORD0002193-L3131,CUST000410,PROD000131,Midwest,web,3,495.09,placed,2026-04-18
ORD0002193,ORD0002193-L3005,CUST000410,PROD000005,Midwest,marketplace,3,910.17,placed,2026-04-18
ORD0002193,ORD0002193-L2063,CUST000410,PROD000063,Northeast,store,2,590.84,placed,2026-04-18
ORD0002262,ORD0002262-L3195,CUST000147,PROD000195,Midwest,mobile,3,577.74,placed,2026-04-18
ORD0002262,ORD0002262-L1158,CUST000147,PROD000158,Northeast,mobile,1,83.42,placed,2026-04-18
ORD0002594,ORD0002594-L1192,CUST000122,PROD000192,Southeast,store,1,431.63,placed,2026-04-18
ORD0002657,ORD0002657-L1117,CUST000496,PROD000117,Northeast,mobile,1,431.89,placed,2026-04-18
ORD0002657,ORD0002657-L2169,CUST000496,PROD000169,West,marketplace,2,655.48,placed,2026-04-18
ORD0002670,ORD0002670-L2240,CUST000218,PROD000240,Northeast,mobile,2,807.08,placed,2026-04-18
ORD0002670,ORD0002670-L2025,CUST000218,PROD000025,Northeast,store,2,752.78,placed,2026-04-18
ORD0002670,ORD0002670-L2093,CUST000218,PROD000093,Northeast,mobile,2,745.82,placed,2026-04-18
ORD0002778,ORD0002778-L1032,CUST000260,PROD000032,Southeast,store,1,224.46,placed,2026-04-18
ORD0002778,ORD0002778-L1190,CUST000260,PROD000190,Midwest,web,1,73.7,placed,2026-04-18
ORD0003127,ORD0003127-L1085,CUST000451,PROD000085,West,web,1,464.15,placed,2026-04-18
ORD0003127,ORD0003127-L2213,CUST000451,PROD000213,West,marketplace,2,21.78,placed,2026-04-18
ORD0003219,ORD0003219-L3057,CUST000263,PROD000057,West,store,3,1084.26,placed,2026-04-18
ORD0003219,ORD0003219-L2116,CUST000263,PROD000116,West,marketplace,2,433.64,placed,2026-04-18
ORD0003276,ORD0003276-L2202,CUST000138,PROD000202,Midwest,marketplace,2,778.04,placed,2026-04-18
ORD0003276,ORD0003276-L1118,CUST000138,PROD000118,Northeast,web,1,303.49,placed,2026-04-18
ORD0003276,ORD0003276-L1096,CUST000138,PROD000096,Southeast,marketplace,1,102.01,placed,2026-04-18
ORD0003388,ORD0003388-L2169,CUST000114,PROD000169,Northeast,store,2,655.48,placed,2026-04-18
ORD0003588,ORD0003588-L1152,CUST000130,PROD000152,Southeast,web,1,329.9,placed,2026-04-18
ORD0003588,ORD0003588-L1068,CUST000130,PROD000068,Midwest,mobile,1,143.35,placed,2026-04-18
ORD0003588,ORD0003588-L1052,CUST000130,PROD000052,Southeast,store,1,179.32,placed,2026-04-18
ORD0003591,ORD0003591-L1037,CUST000104,PROD000037,Northeast,store,1,436.25,placed,2026-04-18
ORD0003591,ORD0003591-L2157,CUST000104,PROD000157,West,web,2,551.48,placed,2026-04-18
ORD0003591,ORD0003591-L1188,CUST000104,PROD000188,West,marketplace,1,31.81,placed,2026-04-18
ORD0003591,ORD0003591-L3184,CUST000104,PROD000184,Midwest,store,3,959.79,placed,2026-04-18
ORD0003605,ORD0003605-L2142,CUST000072,PROD000142,Midwest,store,2,168.82,placed,2026-04-18
ORD0003605,ORD0003605-L3021,CUST000072,PROD000021,Southeast,marketplace,3,67.29,placed,2026-04-18
ORD0003605,ORD0003605-L2108,CUST000072,PROD000108,Midwest,mobile,2,547.42,placed,2026-04-18
ORD0003605,ORD0003605-L2129,CUST000072,PROD000129,West,web,2,251.76,placed,2026-04-18
ORD0003724,ORD0003724-L1015,CUST000357,PROD000015,Southeast,mobile,1,313.83,placed,2026-04-18
ORD0003769,ORD0003769-L3115,CUST000123,PROD000115,Southeast,mobile,3,453.69,placed,2026-04-18
ORD0003769,ORD0003769-L1044,CUST000123,PROD000044,Southeast,marketplace,1,378.65,placed,2026-04-18
ORD0003911,ORD0003911-L1071,CUST000209,PROD000071,Southeast,store,1,94.99,placed,2026-04-18
ORD0003911,ORD0003911-L1216,CUST000209,PROD000216,Northeast,web,1,47.22,placed,2026-04-18
ORD0003982,ORD0003982-L3163,CUST000352,PROD000163,Midwest,web,3,1071.48,placed,2026-04-18
ORD0000042,ORD0000042-L3050,CUST000466,PROD000050,Southeast,web,3,1088.73,placed,2026-04-19
ORD0000042,ORD0000042-L2054,CUST000466,PROD000054,Northeast,mobile,2,451.68,placed,2026-04-19
ORD0000042,ORD0000042-L2217,CUST000466,PROD000217,Northeast,store,2,276.94,placed,2026-04-19
ORD0000042,ORD0000042-L3088,CUST000466,PROD000088,Midwest,web,3,618.36,placed,2026-04-19
ORD0000222,ORD0000222-L1051,CUST000114,PROD000051,West,marketplace,1,384.31,placed,2026-04-19
ORD0000222,ORD0000222-L1249,CUST000114,PROD000249,Northeast,web,1,109.89,placed,2026-04-19
ORD0000222,ORD0000222-L2198,CUST000114,PROD000198,Northeast,mobile,2,915.18,placed,2026-04-19
ORD0000231,ORD0000231-L3083,CUST000060,PROD000083,Northeast,marketplace,3,616.98,placed,2026-04-19
ORD0000306,ORD0000306-L1096,CUST000351,PROD000096,West,marketplace,1,96.91,placed,2026-04-19
ORD0000306,ORD0000306-L3097,CUST000351,PROD000097,Southeast,store,3,1014.87,placed,2026-04-19
ORD0000342,ORD0000342-L1029,CUST000145,PROD000029,West,marketplace,1,474.02,placed,2026-04-19
ORD0000389,ORD0000389-L3235,CUST000150,PROD000235,Southeast,marketplace,3,203.82,placed,2026-04-19
ORD0000389,ORD0000389-L2074,CUST000150,PROD000074,Midwest,web,2,563.5,placed,2026-04-19
ORD0000397,ORD0000397-L3136,CUST000029,PROD000136,Northeast,store,3,336.24,placed,2026-04-19
ORD0000397,ORD0000397-L3017,CUST000029,PROD000017,Northeast,web,3,848.4,placed,2026-04-19
ORD0000397,ORD0000397-L1243,CUST000029,PROD000243,Southeast,web,1,192.83,placed,2026-04-19
ORD0000418,ORD0000418-L1201,CUST000139,PROD000201,West,web,1,331.65,placed,2026-04-19
ORD0000418,ORD0000418-L2062,CUST000139,PROD000062,Northeast,mobile,2,455.28,placed,2026-04-19
ORD0000488,ORD0000488-L1150,CUST000297,PROD000150,Southeast,web,1,444.83,placed,2026-04-19
ORD0000488,ORD0000488-L3183,CUST000297,PROD000183,Southeast,store,3,520.11,placed,2026-04-19
ORD0000488,ORD0000488-L1225,CUST000297,PROD000225,Northeast,web,1,440.29,placed,2026-04-19
ORD0000649,ORD0000649-L2042,CUST000404,PROD000042,Northeast,marketplace,2,222.8,placed,2026-04-19
ORD0000649,ORD0000649-L3226,CUST000404,PROD000226,Northeast,store,3,679.53,placed,2026-04-19
ORD0000649,ORD0000649-L2050,CUST000404,PROD000050,West,mobile,2,689.52,placed,2026-04-19
ORD0000770,ORD0000770-L3095,CUST000176,PROD000095,Southeast,web,3,61.2,placed,2026-04-19
ORD0000791,ORD0000791-L2227,CUST000285,PROD000227,Northeast,store,2,802.36,placed,2026-04-19
ORD0000791,ORD0000791-L1118,CUST000285,PROD000118,West,mobile,1,303.49,placed,2026-04-19
ORD0000791,ORD0000791-L2017,CUST000285,PROD000017,Northeast,marketplace,2,595.36,placed,2026-04-19
ORD0000791,ORD0000791-L1078,CUST000285,PROD000078,West,web,1,23.07,placed,2026-04-19
ORD0000868,ORD0000868-L3155,CUST000437,PROD000155,West,mobile,3,481.2,placed,2026-04-19
ORD0000868,ORD0000868-L3234,CUST000437,PROD000234,West,mobile,3,1407.21,placed,2026-04-19
ORD0001088,ORD0001088-L1089,CUST000438,PROD000089,West,web,1,33.32,placed,2026-04-19
ORD0001088,ORD0001088-L3194,CUST000438,PROD000194,Southeast,web,3,522.33,placed,2026-04-19
ORD0001100,ORD0001100-L2242,CUST000318,PROD000242,Northeast,marketplace,2,694.32,placed,2026-04-19
ORD0001100,ORD0001100-L1028,CUST000318,PROD000028,Midwest,mobile,1,52.1,placed,2026-04-19
ORD0001100,ORD0001100-L3009,CUST000318,PROD000009,West,web,3,1089.03,placed,2026-04-19
ORD0001100,ORD0001100-L1188,CUST000318,PROD000188,Southeast,mobile,1,33.48,placed,2026-04-19
ORD0001156,ORD0001156-L1229,CUST000453,PROD000229,Midwest,marketplace,1,54.49,placed,2026-04-19
ORD0001178,ORD0001178-L3131,CUST000294,PROD000131,Midwest,web,3,495.09,placed,2026-04-19
ORD0001178,ORD0001178-L3192,CUST000294,PROD000192,Northeast,web,3,1438.77,placed,2026-04-19
ORD0001223,ORD0001223-L2108,CUST000332,PROD000108,Northeast,mobile,2,576.24,placed,2026-04-19
ORD0001223,ORD0001223-L2203,CUST000332,PROD000203,Midwest,mobile,2,707.26,placed,2026-04-19
ORD0001223,ORD0001223-L1028,CUST000332,PROD000028,Southeast,store,1,46.89,placed,2026-04-19
ORD0001223,ORD0001223-L2044,CUST000332,PROD000044,Southeast,marketplace,2,719.44,placed,2026-04-19
ORD0001270,ORD0001270-L2227,CUST000355,PROD000227,Northeast,mobile,2,802.36,placed,2026-04-19
ORD0001270,ORD0001270-L2225,CUST000355,PROD000225,West,store,2,880.58,placed,2026-04-19
ORD0001270,ORD0001270-L1209,CUST000355,PROD000209,Midwest,store,1,135.13,placed,2026-04-19
ORD0001294,ORD0001294-L3208,CUST000359,PROD000208,West,web,3,273.36,placed,2026-04-19
ORD0001444,ORD0001444-L2148,CUST000147,PROD000148,Northeast,mobile,2,254.8,placed,2026-04-19
ORD0001444,ORD0001444-L1190,CUST000147,PROD000190,Southeast,web,1,70.02,placed,2026-04-19
ORD0001444,ORD0001444-L3101,CUST000147,PROD000101,Southeast,mobile,3,1230.93,placed,2026-04-19
ORD0001444,ORD0001444-L2087,CUST000147,PROD000087,Midwest,web,2,370.78,placed,2026-04-19
ORD0001546,ORD0001546-L2200,CUST000244,PROD000200,West,mobile,2,716.68,placed,2026-04-19
ORD0001546,ORD0001546-L1067,CUST000244,PROD000067,Northeast,mobile,1,151.52,placed,2026-04-19
ORD0001546,ORD0001546-L3054,CUST000244,PROD000054,West,web,3,713.19,placed,2026-04-19
ORD0001546,ORD0001546-L1183,CUST000244,PROD000183,West,mobile,1,183.0,placed,2026-04-19
ORD0001980,ORD0001980-L2152,CUST000256,PROD000152,West,web,2,625.06,placed,2026-04-19
ORD0001980,ORD0001980-L3043,CUST000256,PROD000043,Midwest,marketplace,3,388.05,placed,2026-04-19
ORD0001980,ORD0001980-L3063,CUST000256,PROD000063,West,store,3,984.72,placed,2026-04-19
ORD0001984,ORD0001984-L3107,CUST000410,PROD000107,Southeast,store,3,1155.81,placed,2026-04-19
ORD0002060,ORD0002060-L1094,CUST000226,PROD000094,Midwest,mobile,1,80.92,placed,2026-04-19
ORD0002060,ORD0002060-L1206,CUST000226,PROD000206,Northeast,store,1,413.1,placed,2026-04-19
ORD0002060,ORD0002060-L1112,CUST000226,PROD000112,Northeast,store,1,248.69,placed,2026-04-19
ORD0002060,ORD0002060-L2196,CUST000226,PROD000196,Midwest,mobile,2,684.36,placed,2026-04-19
ORD0002091,ORD0002091-L2151,CUST000178,PROD000151,West,web,2,706.4,placed,2026-04-19
ORD0002091,ORD0002091-L2179,CUST000178,PROD000179,Northeast,store,2,430.66,placed,2026-04-19
ORD0002211,ORD0002211-L1247,CUST000154,PROD000247,West,mobile,1,343.88,placed,2026-04-19
ORD0002211,ORD0002211-L2140,CUST000154,PROD000140,Midwest,mobile,2,565.58,placed,2026-04-19
ORD0002211,ORD0002211-L3060,CUST000154,PROD000060,Midwest,web,3,892.02,placed,2026-04-19
ORD0002280,ORD0002280-L3243,CUST000079,PROD000243,Northeast,marketplace,3,610.62,placed,2026-04-19
ORD0002375,ORD0002375-L3092,CUST000043,PROD000092,Midwest,store,3,1488.96,placed,2026-04-19
ORD0002375,ORD0002375-L3018,CUST000043,PROD000018,Midwest,marketplace,3,806.55,placed,2026-04-19
ORD0002375,ORD0002375-L3198,CUST000043,PROD000198,Northeast,store,3,1304.13,placed,2026-04-19
ORD0002460,ORD0002460-L3064,CUST000034,PROD000064,Northeast,marketplace,3,936.33,placed,2026-04-19
ORD0002537,ORD0002537-L2235,CUST000490,PROD000235,West,web,2,129.08,placed,2026-04-19
ORD0002676,ORD0002676-L1120,CUST000094,PROD000120,Midwest,web,1,84.82,placed,2026-04-19
ORD0002676,ORD0002676-L1161,CUST000094,PROD000161,West,store,1,246.21,placed,2026-04-19
ORD0002676,ORD0002676-L3155,CUST000094,PROD000155,West,marketplace,3,455.88,placed,2026-04-19
ORD0002693,ORD0002693-L1240,CUST000318,PROD000240,Southeast,mobile,1,403.54,placed,2026-04-19
ORD0002702,ORD0002702-L1031,CUST000260,PROD000031,West,web,1,93.11,placed,2026-04-19
ORD0002702,ORD0002702-L3127,CUST000260,PROD000127,Midwest,web,3,277.02,placed,2026-04-19
ORD0002702,ORD0002702-L2235,CUST000260,PROD000235,Midwest,mobile,2,135.88,placed,2026-04-19
ORD0002869,ORD0002869-L1155,CUST000300,PROD000155,Northeast,mobile,1,168.84,placed,2026-04-19
ORD0002869,ORD0002869-L2137,CUST000300,PROD000137,Southeast,store,2,959.78,placed,2026-04-19
ORD0002869,ORD0002869-L1042,CUST000300,PROD000042,Midwest,store,1,123.78,placed,2026-04-19
ORD0002901,ORD0002901-L2241,CUST000191,PROD000241,West,mobile,2,145.16,placed,2026-04-19
ORD0002901,ORD0002901-L1013,CUST000191,PROD000013,West,marketplace,1,375.92,placed,2026-04-19
ORD0002901,ORD0002901-L3093,CUST000191,PROD000093,Southeast,web,3,1243.02,placed,2026-04-19
ORD0002901,ORD0002901-L1106,CUST000191,PROD000106,Northeast,store,1,129.21,placed,2026-04-19
ORD0002941,ORD0002941-L2157,CUST000455,PROD000157,Southeast,web,2,496.34,placed,2026-04-19
ORD0002941,ORD0002941-L1148,CUST000455,PROD000148,Midwest,mobile,1,141.55,placed,2026-04-19
ORD0002941,ORD0002941-L2024,CUST000455,PROD000024,Northeast,store,2,446.78,placed,2026-04-19
ORD0002949,ORD0002949-L3004,CUST000458,PROD000004,Midwest,store,3,1350.84,placed,2026-04-19
ORD0002949,ORD0002949-L1155,CUST000458,PROD000155,Southeast,marketplace,1,160.4,placed,2026-04-19
ORD0002949,ORD0002949-L1194,CUST000458,PROD000194,Northeast,store,1,174.11,placed,2026-04-19
ORD0002949,ORD0002949-L3102,CUST000458,PROD000102,Southeast,mobile,3,331.17,placed,2026-04-19
ORD0002959,ORD0002959-L1010,CUST000245,PROD000010,Southeast,mobile,1,123.55,placed,2026-04-19
ORD0002959,ORD0002959-L2205,CUST000245,PROD000205,Midwest,store,2,541.72,placed,2026-04-19
ORD0002974,ORD0002974-L2011,CUST000360,PROD000011,Southeast,mobile,2,642.52,placed,2026-04-19
ORD0002974,ORD0002974-L1030,CUST000360,PROD000030,Southeast,marketplace,1,71.09,placed,2026-04-19
ORD0003067,ORD0003067-L2017,CUST000225,PROD000017,Midwest,mobile,2,535.82,placed,2026-04-19
ORD0003067,ORD0003067-L1070,CUST000225,PROD000070,Northeast,store,1,264.53,placed,2026-04-19
ORD0003067,ORD0003067-L3103,CUST000225,PROD000103,Midwest,store,3,784.32,placed,2026-04-19
ORD0003207,ORD0003207-L2179,CUST000378,PROD000179,Northeast,store,2,430.66,placed,2026-04-19
ORD0003502,ORD0003502-L1203,CUST000264,PROD000203,Midwest,web,1,335.95,placed,2026-04-19
ORD0003502,ORD0003502-L3148,CUST000264,PROD000148,Northeast,mobile,3,403.41,placed,2026-04-19
ORD0003502,ORD0003502-L2114,CUST000264,PROD000114,Northeast,marketplace,2,794.9,placed,2026-04-19
ORD0003517,ORD0003517-L2112,CUST000183,PROD000112,Northeast,marketplace,2,497.38,placed,2026-04-19
ORD0003661,ORD0003661-L3103,CUST000037,PROD000103,Southeast,store,3,825.6,placed,2026-04-19
ORD0003661,ORD0003661-L1060,CUST000037,PROD000060,Southeast,mobile,1,282.47,placed,2026-04-19
ORD0003661,ORD0003661-L1114,CUST000037,PROD000114,Southeast,web,1,418.37,placed,2026-04-19
ORD0003661,ORD0003661-L2107,CUST000037,PROD000107,Northeast,mobile,2,856.16,placed,2026-04-19
ORD0003672,ORD0003672-L3227,CUST000277,PROD000227,West,mobile,3,1203.54,placed,2026-04-19
ORD0003672,ORD0003672-L1072,CUST000277,PROD000072,West,web,1,249.92,placed,2026-04-19
ORD0003672,ORD0003672-L2080,CUST000277,PROD000080,Midwest,web,2,547.12,placed,2026-04-19
ORD0003686,ORD0003686-L2057,CUST000334,PROD000057,West,store,2,803.16,placed,2026-04-19
ORD0003686,ORD0003686-L2128,CUST000334,PROD000128,West,store,2,68.48,placed,2026-04-19
ORD0003686,ORD0003686-L3026,CUST000334,PROD000026,Midwest,marketplace,3,265.59,placed,2026-04-19
ORD0003686,ORD0003686-L3038,CUST000334,PROD000038,Southeast,mobile,3,111.57,placed,2026-04-19
ORD0003767,ORD0003767-L1118,CUST000307,PROD000118,Midwest,web,1,273.14,placed,2026-04-19
ORD0003819,ORD0003819-L1009,CUST000374,PROD000009,Northeast,marketplace,1,363.01,placed,2026-04-19
ORD0003835,ORD0003835-L1127,CUST000051,PROD000127,Northeast,web,1,97.2,placed,2026-04-19
ORD0003835,ORD0003835-L2245,CUST000051,PROD000245,Midwest,web,2,140.72,placed,2026-04-19
ORD0003837,ORD0003837-L1155,CUST000458,PROD000155,Midwest,store,1,168.84,placed,2026-04-19
ORD0003837,ORD0003837-L1085,CUST000458,PROD000085,Northeast,store,1,464.15,placed,2026-04-19
ORD0003996,ORD0003996-L1131,CUST000145,PROD000131,Northeast,store,1,148.53,placed,2026-04-19
ORD0003996,ORD0003996-L3127,CUST000145,PROD000127,West,marketplace,3,291.6,placed,2026-04-19
ORD0003996,ORD0003996-L2236,CUST000145,PROD000236,West,store,2,215.7,placed,2026-04-19
ORD0000029,ORD0000029-L1248,CUST000069,PROD000248,Southeast,web,1,280.87,placed,2026-04-20
ORD0000058,ORD0000058-L3218,CUST000403,PROD000218,West,marketplace,3,235.26,placed,2026-04-20
ORD0000058,ORD0000058-L2009,CUST000403,PROD000009,Southeast,mobile,2,689.72,placed,2026-04-20
ORD0000058,ORD0000058-L1153,CUST000403,PROD000153,Northeast,store,1,378.26,placed,2026-04-20
ORD0000058,ORD0000058-L3214,CUST000403,PROD000214,Northeast,marketplace,3,349.35,placed,2026-04-20
ORD0000148,ORD0000148-L3202,CUST000247,PROD000202,Southeast,store,3,1167.06,placed,2026-04-20
ORD0000148,ORD0000148-L1193,CUST000247,PROD000193,Midwest,mobile,1,491.13,placed,2026-04-20
ORD0000148,ORD0000148-L1244,CUST000247,PROD000244,West,marketplace,1,411.41,placed,2026-04-20
ORD0000206,ORD0000206-L1020,CUST000337,PROD000020,Northeast,web,1,463.24,placed,2026-04-20
ORD0000206,ORD0000206-L1220,CUST000337,PROD000220,West,web,1,422.22,placed,2026-04-20
ORD0000220,ORD0000220-L1223,CUST000343,PROD000223,Northeast,mobile,1,303.14,placed,2026-04-20
ORD0000220,ORD0000220-L1076,CUST000343,PROD000076,Midwest,mobile,1,64.44,placed,2026-04-20
ORD0000371,ORD0000371-L1145,CUST000298,PROD000145,Northeast,web,1,107.09,placed,2026-04-20
ORD0000371,ORD0000371-L2008,CUST000298,PROD000008,Southeast,web,2,508.58,placed,2026-04-20
ORD0000371,ORD0000371-L2183,CUST000298,PROD000183,West,marketplace,2,366.0,placed,2026-04-20
ORD0000372,ORD0000372-L3004,CUST000379,PROD000004,Southeast,store,3,1350.84,placed,2026-04-20
ORD0000372,ORD0000372-L3008,CUST000379,PROD000008,West,marketplace,3,762.87,placed,2026-04-20
ORD0000374,ORD0000374-L1194,CUST000257,PROD000194,Midwest,marketplace,1,204.84,placed,2026-04-20
ORD0000374,ORD0000374-L2100,CUST000257,PROD000100,Northeast,marketplace,2,349.54,placed,2026-04-20
ORD0000383,ORD0000383-L1074,CUST000326,PROD000074,Northeast,marketplace,1,281.75,placed,2026-04-20
ORD0000383,ORD0000383-L1016,CUST000326,PROD000016,Southeast,store,1,389.43,placed,2026-04-20
ORD0000383,ORD0000383-L3025,CUST000326,PROD000025,West,web,3,1129.17,placed,2026-04-20
ORD0000414,ORD0000414-L2237,CUST000453,PROD000237,Southeast,web,2,456.02,placed,2026-04-20
ORD0000414,ORD0000414-L3035,CUST000453,PROD000035,Northeast,mobile,3,1388.61,placed,2026-04-20
ORD0000616,ORD0000616-L1224,CUST000480,PROD000224,West,store,1,384.36,placed,2026-04-20
ORD0000616,ORD0000616-L2056,CUST000480,PROD000056,West,mobile,2,150.64,placed,2026-04-20
ORD0000623,ORD0000623-L2101,CUST000402,PROD000101,Midwest,mobile,2,820.62,placed,2026-04-20
ORD0000623,ORD0000623-L1153,CUST000402,PROD000153,Midwest,marketplace,1,398.17,placed,2026-04-20
ORD0000645,ORD0000645-L1106,CUST000079,PROD000106,Northeast,web,1,136.39,placed,2026-04-20
ORD0000645,ORD0000645-L1183,CUST000079,PROD000183,West,store,1,173.37,placed,2026-04-20
ORD0000645,ORD0000645-L1112,CUST000079,PROD000112,West,marketplace,1,261.78,placed,2026-04-20
ORD0000645,ORD0000645-L1124,CUST000079,PROD000124,West,marketplace,1,172.29,placed,2026-04-20
ORD0000751,ORD0000751-L2008,CUST000484,PROD000008,Midwest,marketplace,2,508.58,placed,2026-04-20
ORD0000932,ORD0000932-L3117,CUST000450,PROD000117,Southeast,web,3,1363.86,placed,2026-04-20
ORD0000932,ORD0000932-L1242,CUST000450,PROD000242,West,web,1,347.16,placed,2026-04-20
ORD0000932,ORD0000932-L3041,CUST000450,PROD000041,Midwest,web,3,51.96,placed,2026-04-20
ORD0000941,ORD0000941-L1054,CUST000486,PROD000054,Midwest,store,1,225.84,placed,2026-04-20
ORD0000941,ORD0000941-L1241,CUST000486,PROD000241,Midwest,marketplace,1,72.58,placed,2026-04-20
ORD0000941,ORD0000941-L2057,CUST000486,PROD000057,Northeast,store,2,722.84,placed,2026-04-20
ORD0001164,ORD0001164-L1193,CUST000382,PROD000193,Midwest,web,1,442.02,placed,2026-04-20
ORD0001176,ORD0001176-L3216,CUST000157,PROD000216,Midwest,web,3,149.1,placed,2026-04-20
ORD0001203,ORD0001203-L3238,CUST000388,PROD000238,Midwest,store,3,269.46,placed,2026-04-20
ORD0001203,ORD0001203-L2011,CUST000388,PROD000011,Northeast,web,2,610.4,placed,2026-04-20
ORD0001203,ORD0001203-L3100,CUST000388,PROD000100,West,web,3,524.31,placed,2026-04-20
ORD0001203,ORD0001203-L1087,CUST000388,PROD000087,West,web,1,185.39,placed,2026-04-20
ORD0001327,ORD0001327-L3225,CUST000076,PROD000225,Northeast,marketplace,3,1320.87,placed,2026-04-20
ORD0001327,ORD0001327-L3107,CUST000076,PROD000107,Northeast,store,3,1284.24,placed,2026-04-20
ORD0001327,ORD0001327-L2181,CUST000076,PROD000181,Midwest,mobile,2,85.54,placed,2026-04-20
ORD0001369,ORD0001369-L3109,CUST000378,PROD000109,Northeast,web,3,842.61,placed,2026-04-20
ORD0001369,ORD0001369-L1206,CUST000378,PROD000206,Northeast,marketplace,1,413.1,placed,2026-04-20
ORD0001369,ORD0001369-L1070,CUST000378,PROD000070,Southeast,marketplace,1,238.08,placed,2026-04-20
ORD0001369,ORD0001369-L3068,CUST000378,PROD000068,Northeast,mobile,3,430.05,placed,2026-04-20
ORD0001416,ORD0001416-L2032,CUST000214,PROD000032,Northeast,web,2,426.48,placed,2026-04-20
ORD0001416,ORD0001416-L2180,CUST000214,PROD000180,Southeast,store,2,744.3,placed,2026-04-20
ORD0001416,ORD0001416-L2148,CUST000214,PROD000148,West,web,2,283.1,placed,2026-04-20
ORD0001473,ORD0001473-L2102,CUST000030,PROD000102,Southeast,store,2,232.4,placed,2026-04-20
ORD0001532,ORD0001532-L2087,CUST000434,PROD000087,Southeast,store,2,370.78,placed,2026-04-20
ORD0001532,ORD0001532-L1102,CUST000434,PROD000102,West,marketplace,1,116.2,placed,2026-04-20
ORD0001532,ORD0001532-L3200,CUST000434,PROD000200,Northeast,store,3,967.53,placed,2026-04-20
ORD0001734,ORD0001734-L2167,CUST000255,PROD000167,Southeast,store,2,324.92,placed,2026-04-20
ORD0001756,ORD0001756-L1085,CUST000498,PROD000085,West,marketplace,1,440.94,placed,2026-04-20
ORD0001775,ORD0001775-L2118,CUST000022,PROD000118,West,marketplace,2,606.98,placed,2026-04-20
ORD0001775,ORD0001775-L2249,CUST000022,PROD000249,Southeast,mobile,2,231.98,placed,2026-04-20
ORD0001775,ORD0001775-L3063,CUST000022,PROD000063,West,web,3,886.26,placed,2026-04-20
ORD0001775,ORD0001775-L1043,CUST000022,PROD000043,Southeast,web,1,143.72,placed,2026-04-20
ORD0001807,ORD0001807-L3015,CUST000192,PROD000015,Midwest,mobile,3,847.35,placed,2026-04-20
ORD0001807,ORD0001807-L3172,CUST000192,PROD000172,Northeast,marketplace,3,1253.46,placed,2026-04-20
ORD0001822,ORD0001822-L3149,CUST000285,PROD000149,Southeast,marketplace,3,862.41,placed,2026-04-20
ORD0001822,ORD0001822-L3044,CUST000285,PROD000044,Northeast,web,3,1079.16,placed,2026-04-20
ORD0001822,ORD0001822-L3048,CUST000285,PROD000048,Northeast,marketplace,3,931.17,placed,2026-04-20
ORD0001900,ORD0001900-L2071,CUST000011,PROD000071,Southeast,store,2,199.98,placed,2026-04-20
ORD0001900,ORD0001900-L2022,CUST000011,PROD000022,Northeast,web,2,120.78,placed,2026-04-20
ORD0001941,ORD0001941-L3199,CUST000380,PROD000199,Northeast,mobile,3,108.72,placed,2026-04-20
ORD0001941,ORD0001941-L3041,CUST000380,PROD000041,West,store,3,54.84,placed,2026-04-20
ORD0001941,ORD0001941-L3154,CUST000380,PROD000154,Northeast,web,3,1001.67,placed,2026-04-20
ORD0001941,ORD0001941-L2188,CUST000380,PROD000188,Midwest,marketplace,2,66.96,placed,2026-04-20
ORD0001947,ORD0001947-L1206,CUST000208,PROD000206,Midwest,mobile,1,413.1,placed,2026-04-20
ORD0001947,ORD0001947-L1067,CUST000208,PROD000067,Midwest,marketplace,1,159.94,placed,2026-04-20
ORD0001950,ORD0001950-L1194,CUST000041,PROD000194,West,mobile,1,204.84,placed,2026-04-20
ORD0001950,ORD0001950-L3230,CUST000041,PROD000230,Southeast,mobile,3,916.92,placed,2026-04-20
ORD0002105,ORD0002105-L2191,CUST000270,PROD000191,Northeast,store,2,611.74,placed,2026-04-20
ORD0002105,ORD0002105-L2096,CUST000270,PROD000096,Midwest,mobile,2,183.62,placed,2026-04-20
ORD0002105,ORD0002105-L2224,CUST000270,PROD000224,Southeast,store,2,730.28,placed,2026-04-20
ORD0002116,ORD0002116-L1139,CUST000366,PROD000139,Northeast,store,1,411.02,placed,2026-04-20
ORD0002157,ORD0002157-L2180,CUST000397,PROD000180,West,web,2,669.88,placed,2026-04-20
ORD0002157,ORD0002157-L3088,CUST000397,PROD000088,Midwest,store,3,687.06,placed,2026-04-20
ORD0002157,ORD0002157-L1204,CUST000397,PROD000204,Midwest,marketplace,1,405.47,placed,2026-04-20
ORD0002157,ORD0002157-L3190,CUST000397,PROD000190,Southeast,store,3,221.1,placed,2026-04-20
ORD0002175,ORD0002175-L1009,CUST000378,PROD000009,Southeast,marketplace,1,363.01,placed,2026-04-20
ORD0002175,ORD0002175-L1162,CUST000378,PROD000162,Midwest,marketplace,1,303.59,placed,2026-04-20
ORD0002175,ORD0002175-L2129,CUST000378,PROD000129,Southeast,marketplace,2,239.18,placed,2026-04-20
ORD0002175,ORD0002175-L3091,CUST000378,PROD000091,West,mobile,3,568.92,placed,2026-04-20
ORD0002200,ORD0002200-L1010,CUST000063,PROD000010,Northeast,web,1,123.55,placed,2026-04-20
ORD0002200,ORD0002200-L2027,CUST000063,PROD000027,West,web,2,620.48,placed,2026-04-20
ORD0002200,ORD0002200-L3070,CUST000063,PROD000070,Northeast,mobile,3,753.9,placed,2026-04-20
ORD0002254,ORD0002254-L3184,CUST000456,PROD000184,Northeast,marketplace,3,1010.31,placed,2026-04-20
ORD0002254,ORD0002254-L3130,CUST000456,PROD000130,Southeast,web,3,1306.92,placed,2026-04-20
ORD0002254,ORD0002254-L3229,CUST000456,PROD000229,Southeast,mobile,3,181.65,placed,2026-04-20
ORD0002254,ORD0002254-L1030,CUST000456,PROD000030,Northeast,marketplace,1,63.98,placed,2026-04-20
ORD0002270,ORD0002270-L1030,CUST000300,PROD000030,Northeast,store,1,67.54,placed,2026-04-20
ORD0002407,ORD0002407-L3096,CUST000321,PROD000096,West,web,3,290.73,placed,2026-04-20
ORD0002407,ORD0002407-L2114,CUST000321,PROD000114,West,marketplace,2,836.74,placed,2026-04-20
ORD0002407,ORD0002407-L3234,CUST000321,PROD000234,Southeast,mobile,3,1407.21,placed,2026-04-20
ORD0002448,ORD0002448-L2047,CUST000141,PROD000047,Midwest,marketplace,2,278.9,placed,2026-04-20
ORD0002465,ORD0002465-L1104,CUST000351,PROD000104,Northeast,store,1,328.16,placed,2026-04-20
ORD0002465,ORD0002465-L3056,CUST000351,PROD000056,Midwest,mobile,3,265.83,placed,2026-04-20
ORD0002465,ORD0002465-L1011,CUST000351,PROD000011,Southeast,mobile,1,289.13,placed,2026-04-20
ORD0002465,ORD0002465-L2101,CUST000351,PROD000101,West,marketplace,2,779.58,placed,2026-04-20
ORD0002546,ORD0002546-L2053,CUST000087,PROD000053,Southeast,marketplace,2,453.3,placed,2026-04-20
ORD0002568,ORD0002568-L2098,CUST000464,PROD000098,West,mobile,2,874.5,placed,2026-04-20
ORD0002719,ORD0002719-L3150,CUST000178,PROD000150,Northeast,store,3,1334.49,placed,2026-04-20
ORD0002719,ORD0002719-L3224,CUST000178,PROD000224,Midwest,mobile,3,1153.08,placed,2026-04-20
ORD0002800,ORD0002800-L3224,CUST000449,PROD000224,Midwest,web,3,1153.08,placed,2026-04-20
ORD0002807,ORD0002807-L3223,CUST000324,PROD000223,Southeast,store,3,909.42,placed,2026-04-20
ORD0002807,ORD0002807-L2040,CUST000324,PROD000040,Northeast,marketplace,2,61.7,placed,2026-04-20
ORD0002936,ORD0002936-L3040,CUST000498,PROD000040,Southeast,web,3,92.55,placed,2026-04-20
ORD0003115,ORD0003115-L2149,CUST000035,PROD000149,West,web,2,574.94,placed,2026-04-20
ORD0003115,ORD0003115-L1039,CUST000035,PROD000039,Northeast,web,1,406.9,placed,2026-04-20
ORD0003115,ORD0003115-L2205,CUST000035,PROD000205,Northeast,marketplace,2,541.72,placed,2026-04-20
ORD0003115,ORD0003115-L2203,CUST000035,PROD000203,West,store,2,707.26,placed,2026-04-20
ORD0003274,ORD0003274-L2168,CUST000091,PROD000168,Southeast,marketplace,2,642.66,placed,2026-04-20
ORD0003274,ORD0003274-L1033,CUST000091,PROD000033,Southeast,web,1,388.1,placed,2026-04-20
ORD0003322,ORD0003322-L3187,CUST000272,PROD000187,West,store,3,282.99,placed,2026-04-20
ORD0003544,ORD0003544-L2039,CUST000027,PROD000039,West,store,2,813.8,placed,2026-04-20
ORD0003544,ORD0003544-L1028,CUST000027,PROD000028,Northeast,store,1,52.1,placed,2026-04-20
ORD0003571,ORD0003571-L2220,CUST000142,PROD000220,Northeast,marketplace,2,800.0,placed,2026-04-20
ORD0003727,ORD0003727-L3123,CUST000194,PROD000123,Southeast,mobile,3,432.87,placed,2026-04-20
ORD0003762,ORD0003762-L3028,CUST000273,PROD000028,Northeast,marketplace,3,156.3,placed,2026-04-20
ORD0003840,ORD0003840-L2051,CUST000219,PROD000051,Northeast,mobile,2,730.18,placed,2026-04-20
ORD0003840,ORD0003840-L1193,CUST000219,PROD000193,Southeast,store,1,442.02,placed,2026-04-20
ORD0003840,ORD0003840-L2005,CUST000219,PROD000005,Midwest,web,2,638.72,placed,2026-04-20
ORD0003865,ORD0003865-L1227,CUST000161,PROD000227,Northeast,marketplace,1,361.06,placed,2026-04-20
ORD0003865,ORD0003865-L1164,CUST000161,PROD000164,West,web,1,16.77,placed,2026-04-20
ORD0003865,ORD0003865-L2018,CUST000161,PROD000018,Northeast,store,2,566.0,placed,2026-04-20
ORD0003920,ORD0003920-L1164,CUST000412,PROD000164,Northeast,marketplace,1,16.77,placed,2026-04-20
ORD0003920,ORD0003920-L3137,CUST000412,PROD000137,Southeast,web,3,1439.67,placed,2026-04-20
ORD0003920,ORD0003920-L3160,CUST000412,PROD000160,Northeast,store,3,217.2,placed,2026-04-20
ORD0003955,ORD0003955-L1237,CUST000342,PROD000237,West,mobile,1,216.61,placed,2026-04-20
ORD0003955,ORD0003955-L2213,CUST000342,PROD000213,Midwest,store,2,21.78,placed,2026-04-20
ORD0003955,ORD0003955-L2061,CUST000342,PROD000061,Southeast,marketplace,2,672.26,placed,2026-04-20
ORD0003955,ORD0003955-L3085,CUST000342,PROD000085,West,mobile,3,1392.45,placed,2026-04-20
ORD0003988,ORD0003988-L3198,CUST000204,PROD000198,West,web,3,1372.77,placed,2026-04-20
ORD0003988,ORD0003988-L3061,CUST000204,PROD000061,Southeast,web,3,1008.39,placed,2026-04-20
ORD0003988,ORD0003988-L2010,CUST000204,PROD000010,Southeast,mobile,2,222.38,placed,2026-04-20
ORD0003988,ORD0003988-L3059,CUST000204,PROD000059,Northeast,store,3,72.54,placed,2026-04-20
ORD0003999,ORD0003999-L3077,CUST000092,PROD000077,Northeast,store,3,414.75,placed,2026-04-20
ORD0003999,ORD0003999-L1175,CUST000092,PROD000175,Northeast,web,1,417.27,placed,2026-04-20
ORD0003999,ORD0003999-L1088,CUST000092,PROD000088,Northeast,web,1,206.12,placed,2026-04-20
ORD0000178,ORD0000178-L2246,CUST000312,PROD000246,Southeast,mobile,2,195.9,placed,2026-04-21
ORD0000559,ORD0000559-L1022,CUST000291,PROD000022,Northeast,store,1,60.39,placed,2026-04-21
ORD0000559,ORD0000559-L2230,CUST000291,PROD000230,Southeast,marketplace,2,611.28,placed,2026-04-21
ORD0000559,ORD0000559-L2095,CUST000291,PROD000095,Midwest,mobile,2,40.8,placed,2026-04-21
ORD0000559,ORD0000559-L1133,CUST000291,PROD000133,Southeast,mobile,1,110.29,placed,2026-04-21
ORD0000560,ORD0000560-L3223,CUST000222,PROD000223,Northeast,mobile,3,818.49,placed,2026-04-21
ORD0000560,ORD0000560-L1212,CUST000222,PROD000212,West,store,1,204.78,placed,2026-04-21
ORD0000561,ORD0000561-L1079,CUST000281,PROD000079,Southeast,web,1,366.39,placed,2026-04-21
ORD0000561,ORD0000561-L1098,CUST000281,PROD000098,Midwest,web,1,437.25,placed,2026-04-21
ORD0000561,ORD0000561-L2047,CUST000281,PROD000047,Northeast,store,2,251.0,placed,2026-04-21
ORD0000561,ORD0000561-L2250,CUST000281,PROD000250,Northeast,mobile,2,743.94,placed,2026-04-21
ORD0000598,ORD0000598-L2156,CUST000167,PROD000156,Northeast,web,2,141.88,placed,2026-04-21
ORD0000598,ORD0000598-L2010,CUST000167,PROD000010,Northeast,mobile,2,222.38,placed,2026-04-21
ORD0000598,ORD0000598-L1208,CUST000167,PROD000208,Southeast,store,1,91.12,placed,2026-04-21
ORD0000733,ORD0000733-L3173,CUST000258,PROD000173,Midwest,marketplace,3,776.46,placed,2026-04-21
ORD0000733,ORD0000733-L2046,CUST000258,PROD000046,Northeast,mobile,2,499.56,placed,2026-04-21
ORD0000733,ORD0000733-L2232,CUST000258,PROD000232,West,mobile,2,237.3,placed,2026-04-21
ORD0000804,ORD0000804-L3051,CUST000496,PROD000051,Southeast,web,3,1095.27,placed,2026-04-21
ORD0000804,ORD0000804-L2126,CUST000496,PROD000126,West,mobile,2,561.8,placed,2026-04-21
ORD0000804,ORD0000804-L3019,CUST000496,PROD000019,West,marketplace,3,948.45,placed,2026-04-21
ORD0000804,ORD0000804-L2097,CUST000496,PROD000097,Midwest,store,2,751.76,placed,2026-04-21
ORD0000837,ORD0000837-L2050,CUST000389,PROD000050,Midwest,web,2,725.82,placed,2026-04-21
ORD0000837,ORD0000837-L1131,CUST000389,PROD000131,West,store,1,165.03,placed,2026-04-21
ORD0000850,ORD0000850-L3027,CUST000311,PROD000027,Northeast,web,3,979.71,placed,2026-04-21
ORD0000850,ORD0000850-L1119,CUST000311,PROD000119,Southeast,store,1,314.24,placed,2026-04-21
ORD0000850,ORD0000850-L1124,CUST000311,PROD000124,Southeast,marketplace,1,172.29,placed,2026-04-21
ORD0000854,ORD0000854-L1249,CUST000221,PROD000249,Northeast,mobile,1,122.1,placed,2026-04-21
ORD0000854,ORD0000854-L3193,CUST000221,PROD000193,Midwest,store,3,1399.71,placed,2026-04-21
ORD0000854,ORD0000854-L1023,CUST000221,PROD000023,Northeast,store,1,30.51,placed,2026-04-21
ORD0001033,ORD0001033-L1064,CUST000062,PROD000064,Midwest,store,1,280.9,placed,2026-04-21
ORD0001033,ORD0001033-L2117,CUST000062,PROD000117,Northeast,store,2,818.32,placed,2026-04-21
ORD0001033,ORD0001033-L2174,CUST000062,PROD000174,Northeast,store,2,646.56,placed,2026-04-21
ORD0001124,ORD0001124-L1246,CUST000443,PROD000246,Midwest,web,1,88.16,placed,2026-04-21
ORD0001124,ORD0001124-L1166,CUST000443,PROD000166,West,web,1,247.4,placed,2026-04-21
ORD0001124,ORD0001124-L2020,CUST000443,PROD000020,Midwest,mobile,2,926.48,placed,2026-04-21
ORD0001124,ORD0001124-L2124,CUST000443,PROD000124,Northeast,mobile,2,344.58,placed,2026-04-21
ORD0001187,ORD0001187-L1106,CUST000002,PROD000106,Southeast,marketplace,1,143.57,placed,2026-04-21
ORD0001187,ORD0001187-L3108,CUST000002,PROD000108,Southeast,store,3,864.36,placed,2026-04-21
ORD0001187,ORD0001187-L1116,CUST000002,PROD000116,West,marketplace,1,240.91,placed,2026-04-21
ORD0001381,ORD0001381-L2248,CUST000087,PROD000248,Southeast,mobile,2,627.82,placed,2026-04-21
ORD0001381,ORD0001381-L3006,CUST000087,PROD000006,Northeast,marketplace,3,424.83,placed,2026-04-21
ORD0001381,ORD0001381-L3115,CUST000087,PROD000115,Southeast,mobile,3,405.93,placed,2026-04-21
ORD0001496,ORD0001496-L1179,CUST000149,PROD000179,Southeast,web,1,226.66,placed,2026-04-21
ORD0001496,ORD0001496-L2024,CUST000149,PROD000024,Southeast,store,2,470.3,placed,2026-04-21
ORD0001640,ORD0001640-L2062,CUST000017,PROD000062,Northeast,web,2,479.24,placed,2026-04-21
ORD0001640,ORD0001640-L2048,CUST000017,PROD000048,West,store,2,689.76,placed,2026-04-21
ORD0001686,ORD0001686-L2161,CUST000246,PROD000161,West,web,2,443.18,placed,2026-04-21
ORD0001686,ORD0001686-L1248,CUST000246,PROD000248,Southeast,marketplace,1,297.39,placed,2026-04-21
ORD0001709,ORD0001709-L3097,CUST000195,PROD000097,Northeast,web,3,1127.64,placed,2026-04-21
ORD0001770,ORD0001770-L2060,CUST000086,PROD000060,West,web,2,594.68,placed,2026-04-21
ORD0001772,ORD0001772-L3244,CUST000425,PROD000244,Midwest,mobile,3,1234.23,placed,2026-04-21
ORD0001803,ORD0001803-L3011,CUST000487,PROD000011,Northeast,web,3,915.6,placed,2026-04-21
ORD0001803,ORD0001803-L2233,CUST000487,PROD000233,West,store,2,772.2,placed,2026-04-21
ORD0001803,ORD0001803-L3038,CUST000487,PROD000038,West,marketplace,3,105.99,placed,2026-04-21
ORD0001803,ORD0001803-L3093,CUST000487,PROD000093,West,mobile,3,1180.86,placed,2026-04-21
ORD0001818,ORD0001818-L3121,CUST000142,PROD000121,West,mobile,3,801.45,placed,2026-04-21
ORD0001869,ORD0001869-L2192,CUST000078,PROD000192,Northeast,store,2,911.22,placed,2026-04-21
ORD0001869,ORD0001869-L2073,CUST000078,PROD000073,Midwest,web,2,534.62,placed,2026-04-21
ORD0001869,ORD0001869-L2070,CUST000078,PROD000070,Southeast,store,2,502.6,placed,2026-04-21
ORD0001869,ORD0001869-L3014,CUST000078,PROD000014,Midwest,marketplace,3,651.27,placed,2026-04-21
ORD0001915,ORD0001915-L1199,CUST000420,PROD000199,West,marketplace,1,36.24,placed,2026-04-21
ORD0001915,ORD0001915-L3079,CUST000420,PROD000079,West,marketplace,3,1099.17,placed,2026-04-21
ORD0001915,ORD0001915-L2189,CUST000420,PROD000189,Southeast,mobile,2,181.2,placed,2026-04-21
ORD0001919,ORD0001919-L3131,CUST000050,PROD000131,Midwest,store,3,470.34,placed,2026-04-21
ORD0001919,ORD0001919-L1008,CUST000050,PROD000008,Southeast,mobile,1,254.29,placed,2026-04-21
ORD0002093,ORD0002093-L1077,CUST000191,PROD000077,Midwest,store,1,130.98,placed,2026-04-21
ORD0002093,ORD0002093-L3134,CUST000191,PROD000134,Southeast,marketplace,3,1107.36,placed,2026-04-21
ORD0002093,ORD0002093-L2178,CUST000191,PROD000178,Southeast,mobile,2,451.16,placed,2026-04-21
ORD0002093,ORD0002093-L2047,CUST000191,PROD000047,Southeast,web,2,264.96,placed,2026-04-21
ORD0002243,ORD0002243-L2165,CUST000471,PROD000165,Midwest,marketplace,2,880.82,placed,2026-04-21
ORD0002243,ORD0002243-L2053,CUST000471,PROD000053,Midwest,mobile,2,453.3,placed,2026-04-21
ORD0002243,ORD0002243-L3076,CUST000471,PROD000076,Northeast,marketplace,3,183.15,placed,2026-04-21
ORD0002243,ORD0002243-L1221,CUST000471,PROD000221,Midwest,web,1,215.34,placed,2026-04-21
ORD0002297,ORD0002297-L3088,CUST000087,PROD000088,West,web,3,687.06,placed,2026-04-21
ORD0002297,ORD0002297-L2218,CUST000087,PROD000218,Northeast,mobile,2,149.0,placed,2026-04-21
ORD0002297,ORD0002297-L1188,CUST000087,PROD000188,West,marketplace,1,31.81,placed,2026-04-21
ORD0002328,ORD0002328-L3171,CUST000298,PROD000171,West,store,3,594.57,placed,2026-04-21
ORD0002473,ORD0002473-L1006,CUST000419,PROD000006,Northeast,mobile,1,134.53,placed,2026-04-21
ORD0002473,ORD0002473-L2178,CUST000419,PROD000178,Southeast,mobile,2,427.4,placed,2026-04-21
ORD0002534,ORD0002534-L3016,CUST000493,PROD000016,Southeast,mobile,3,1229.79,placed,2026-04-21
ORD0002534,ORD0002534-L3136,CUST000493,PROD000136,Southeast,store,3,336.24,placed,2026-04-21
ORD0002534,ORD0002534-L1024,CUST000493,PROD000024,Southeast,web,1,235.15,placed,2026-04-21
ORD0002534,ORD0002534-L1045,CUST000493,PROD000045,West,web,1,398.15,placed,2026-04-21
ORD0002617,ORD0002617-L1219,CUST000077,PROD000219,Northeast,marketplace,1,447.62,placed,2026-04-21
ORD0002617,ORD0002617-L3233,CUST000077,PROD000233,West,mobile,3,1042.47,placed,2026-04-21
ORD0002617,ORD0002617-L2157,CUST000077,PROD000157,Midwest,marketplace,2,523.9,placed,2026-04-21
ORD0002632,ORD0002632-L3169,CUST000298,PROD000169,Southeast,mobile,3,983.22,placed,2026-04-21
ORD0002632,ORD0002632-L3063,CUST000298,PROD000063,Southeast,web,3,935.49,placed,2026-04-21
ORD0002696,ORD0002696-L2051,CUST000213,PROD000051,West,marketplace,2,768.62,placed,2026-04-21
ORD0002696,ORD0002696-L2003,CUST000213,PROD000003,Midwest,marketplace,2,520.28,placed,2026-04-21
ORD0002744,ORD0002744-L2089,CUST000131,PROD000089,Midwest,mobile,2,70.14,placed,2026-04-21
ORD0002744,ORD0002744-L2232,CUST000131,PROD000232,Midwest,mobile,2,224.12,placed,2026-04-21
ORD0002744,ORD0002744-L1206,CUST000131,PROD000206,West,marketplace,1,413.1,placed,2026-04-21
ORD0002744,ORD0002744-L1176,CUST000131,PROD000176,Northeast,mobile,1,371.2,placed,2026-04-21
ORD0002825,ORD0002825-L3153,CUST000468,PROD000153,Northeast,marketplace,3,1194.51,placed,2026-04-21
ORD0002825,ORD0002825-L3206,CUST000468,PROD000206,West,store,3,1239.3,placed,2026-04-21
ORD0002825,ORD0002825-L3043,CUST000468,PROD000043,Southeast,mobile,3,431.16,placed,2026-04-21
ORD0002825,ORD0002825-L3068,CUST000468,PROD000068,West,store,3,430.05,placed,2026-04-21
ORD0002852,ORD0002852-L2177,CUST000475,PROD000177,Midwest,store,2,67.96,placed,2026-04-21
ORD0002852,ORD0002852-L3230,CUST000475,PROD000230,Southeast,store,3,820.41,placed,2026-04-21
ORD0002886,ORD0002886-L3049,CUST000123,PROD000049,Midwest,store,3,455.82,placed,2026-04-21
ORD0002886,ORD0002886-L1093,CUST000123,PROD000093,West,web,1,414.34,placed,2026-04-21
ORD0002886,ORD0002886-L3196,CUST000123,PROD000196,Southeast,mobile,3,1140.6,placed,2026-04-21
ORD0002886,ORD0002886-L1115,CUST000123,PROD000115,Midwest,mobile,1,143.27,placed,2026-04-21
ORD0002951,ORD0002951-L1154,CUST000100,PROD000154,West,web,1,333.89,placed,2026-04-21
ORD0002951,ORD0002951-L3117,CUST000100,PROD000117,Northeast,mobile,3,1295.67,placed,2026-04-21
ORD0002979,ORD0002979-L3166,CUST000491,PROD000166,West,web,3,742.2,placed,2026-04-21
ORD0002979,ORD0002979-L3110,CUST000491,PROD000110,West,marketplace,3,644.97,placed,2026-04-21
ORD0003104,ORD0003104-L2001,CUST000266,PROD000001,Midwest,mobile,2,761.72,placed,2026-04-21
ORD0003104,ORD0003104-L3007,CUST000266,PROD000007,West,store,3,1094.82,placed,2026-04-21
ORD0003104,ORD0003104-L3208,CUST000266,PROD000208,Northeast,mobile,3,273.36,placed,2026-04-21
ORD0003109,ORD0003109-L2155,CUST000461,PROD000155,Southeast,store,2,337.68,placed,2026-04-21
ORD0003109,ORD0003109-L2109,CUST000461,PROD000109,West,marketplace,2,561.74,placed,2026-04-21
ORD0003144,ORD0003144-L2197,CUST000015,PROD000197,Northeast,marketplace,2,814.04,placed,2026-04-21
ORD0003144,ORD0003144-L3020,CUST000015,PROD000020,Northeast,mobile,3,1462.86,placed,2026-04-21
ORD0003144,ORD0003144-L1250,CUST000015,PROD000250,Northeast,store,1,334.77,placed,2026-04-21
ORD0003144,ORD0003144-L1135,CUST000015,PROD000135,Northeast,marketplace,1,189.28,placed,2026-04-21
ORD0003194,ORD0003194-L1017,CUST000430,PROD000017,Midwest,mobile,1,282.8,placed,2026-04-21
ORD0003194,ORD0003194-L1214,CUST000430,PROD000214,West,web,1,129.39,placed,2026-04-21
ORD0003483,ORD0003483-L1134,CUST000209,PROD000134,Midwest,marketplace,1,388.55,placed,2026-04-21
ORD0003590,ORD0003590-L1201,CUST000297,PROD000201,Northeast,mobile,1,368.5,placed,2026-04-21
ORD0003594,ORD0003594-L3034,CUST000029,PROD000034,West,store,3,916.92,placed,2026-04-21
ORD0003594,ORD0003594-L3218,CUST000029,PROD000218,West,store,3,235.26,placed,2026-04-21
ORD0003594,ORD0003594-L3004,CUST000029,PROD000004,Midwest,web,3,1148.22,placed,2026-04-21
ORD0003594,ORD0003594-L3096,CUST000029,PROD000096,West,marketplace,3,306.03,placed,2026-04-21
ORD0003600,ORD0003600-L1157,CUST000256,PROD000157,West,store,1,275.74,placed,2026-04-21
ORD0003600,ORD0003600-L1047,CUST000256,PROD000047,Midwest,store,1,118.53,placed,2026-04-21
ORD0003600,ORD0003600-L3063,CUST000256,PROD000063,Northeast,mobile,3,984.72,placed,2026-04-21
ORD0003600,ORD0003600-L3031,CUST000256,PROD000031,Midwest,marketplace,3,264.63,placed,2026-04-21
ORD0003601,ORD0003601-L2156,CUST000141,PROD000156,Southeast,mobile,2,157.64,placed,2026-04-21
ORD0003601,ORD0003601-L1061,CUST000141,PROD000061,Northeast,marketplace,1,336.13,placed,2026-04-21
ORD0003601,ORD0003601-L2233,CUST000141,PROD000233,Southeast,store,2,772.2,placed,2026-04-21
ORD0003612,ORD0003612-L2230,CUST000442,PROD000230,Southeast,mobile,2,611.28,placed,2026-04-21
ORD0003757,ORD0003757-L2067,CUST000069,PROD000067,Northeast,store,2,336.72,placed,2026-04-21
ORD0003757,ORD0003757-L1233,CUST000069,PROD000233,Southeast,mobile,1,386.1,placed,2026-04-21
ORD0003757,ORD0003757-L3214,CUST000069,PROD000214,West,web,3,368.76,placed,2026-04-21
ORD0003906,ORD0003906-L3081,CUST000142,PROD000081,Northeast,marketplace,3,760.05,placed,2026-04-21
ORD0003906,ORD0003906-L2019,CUST000142,PROD000019,Northeast,web,2,632.3,placed,2026-04-21
ORD0003906,ORD0003906-L2198,CUST000142,PROD000198,Northeast,store,2,869.42,placed,2026-04-21
ORD0003906,ORD0003906-L3240,CUST000142,PROD000240,West,web,3,1089.57,placed,2026-04-21
ORD0003976,ORD0003976-L1112,CUST000349,PROD000112,Northeast,web,1,248.69,placed,2026-04-21
ORD0000022,ORD0000022-L3240,CUST000437,PROD000240,Southeast,store,3,1089.57,placed,2026-04-22
ORD0000022,ORD0000022-L1061,CUST000437,PROD000061,West,store,1,302.52,placed,2026-04-22
ORD0000221,ORD0000221-L3020,CUST000406,PROD000020,Northeast,store,3,1462.86,placed,2026-04-22
ORD0000221,ORD0000221-L3017,CUST000406,PROD000017,Southeast,mobile,3,803.73,placed,2026-04-22
ORD0000288,ORD0000288-L2025,CUST000092,PROD000025,Midwest,mobile,2,752.78,placed,2026-04-22
ORD0000288,ORD0000288-L2145,CUST000092,PROD000145,West,web,2,214.18,placed,2026-04-22
ORD0000288,ORD0000288-L1107,CUST000092,PROD000107,Northeast,store,1,428.08,placed,2026-04-22
ORD0000294,ORD0000294-L2142,CUST000416,PROD000142,Southeast,store,2,188.68,placed,2026-04-22
ORD0000294,ORD0000294-L3049,CUST000416,PROD000049,Northeast,marketplace,3,455.82,placed,2026-04-22
ORD0000413,ORD0000413-L1073,CUST000051,PROD000073,Midwest,marketplace,1,267.31,placed,2026-04-22
ORD0000413,ORD0000413-L1159,CUST000051,PROD000159,Northeast,web,1,372.34,placed,2026-04-22
ORD0000413,ORD0000413-L1091,CUST000051,PROD000091,Southeast,marketplace,1,189.64,placed,2026-04-22
ORD0000485,ORD0000485-L2211,CUST000194,PROD000211,West,web,2,546.48,placed,2026-04-22
ORD0000492,ORD0000492-L3059,CUST000361,PROD000059,Southeast,mobile,3,72.54,placed,2026-04-22
ORD0000492,ORD0000492-L2036,CUST000361,PROD000036,Midwest,marketplace,2,788.76,placed,2026-04-22
ORD0000492,ORD0000492-L3187,CUST000361,PROD000187,Northeast,marketplace,3,282.99,placed,2026-04-22
ORD0000801,ORD0000801-L3078,CUST000433,PROD000078,West,store,3,69.21,placed,2026-04-22
ORD0000801,ORD0000801-L1178,CUST000433,PROD000178,Midwest,mobile,1,225.58,placed,2026-04-22
ORD0000801,ORD0000801-L3087,CUST000433,PROD000087,West,web,3,500.55,placed,2026-04-22
ORD0000947,ORD0000947-L2022,CUST000372,PROD000022,Midwest,marketplace,2,114.74,placed,2026-04-22
ORD0000947,ORD0000947-L2171,CUST000372,PROD000171,Midwest,mobile,2,336.92,placed,2026-04-22
ORD0000947,ORD0000947-L1221,CUST000372,PROD000221,Northeast,marketplace,1,215.34,placed,2026-04-22
ORD0000947,ORD0000947-L1123,CUST000372,PROD000123,Midwest,web,1,144.29,placed,2026-04-22
ORD0000983,ORD0000983-L2034,CUST000456,PROD000034,Southeast,marketplace,2,611.28,placed,2026-04-22
ORD0000983,ORD0000983-L2001,CUST000456,PROD000001,Midwest,mobile,2,846.36,placed,2026-04-22
ORD0000983,ORD0000983-L2099,CUST000456,PROD000099,Southeast,marketplace,2,762.56,placed,2026-04-22
ORD0000983,ORD0000983-L3145,CUST000456,PROD000145,Southeast,marketplace,3,305.22,placed,2026-04-22
ORD0001078,ORD0001078-L1166,CUST000116,PROD000166,Midwest,mobile,1,222.66,placed,2026-04-22
ORD0001078,ORD0001078-L1191,CUST000116,PROD000191,West,mobile,1,339.86,placed,2026-04-22
ORD0001078,ORD0001078-L1101,CUST000116,PROD000101,Southeast,store,1,369.28,placed,2026-04-22
ORD0001078,ORD0001078-L3043,CUST000116,PROD000043,West,web,3,431.16,placed,2026-04-22
ORD0001096,ORD0001096-L2236,CUST000282,PROD000236,Northeast,marketplace,2,215.7,placed,2026-04-22
ORD0001096,ORD0001096-L2159,CUST000282,PROD000159,Northeast,mobile,2,744.68,placed,2026-04-22
ORD0001096,ORD0001096-L1153,CUST000282,PROD000153,Midwest,marketplace,1,398.17,placed,2026-04-22
ORD0001096,ORD0001096-L1101,CUST000282,PROD000101,Northeast,marketplace,1,389.79,placed,2026-04-22
ORD0001134,ORD0001134-L2172,CUST000226,PROD000172,Northeast,mobile,2,928.48,placed,2026-04-22
ORD0001502,ORD0001502-L3135,CUST000146,PROD000135,Northeast,web,3,597.72,placed,2026-04-22
ORD0001502,ORD0001502-L2037,CUST000146,PROD000037,West,store,2,828.88,placed,2026-04-22
ORD0001702,ORD0001702-L1228,CUST000063,PROD000228,West,marketplace,1,67.12,placed,2026-04-22
ORD0001702,ORD0001702-L1205,CUST000063,PROD000205,Northeast,web,1,270.86,placed,2026-04-22
ORD0001702,ORD0001702-L3125,CUST000063,PROD000125,Southeast,marketplace,3,617.49,placed,2026-04-22
ORD0001702,ORD0001702-L1204,CUST000063,PROD000204,Midwest,web,1,450.52,placed,2026-04-22
ORD0002029,ORD0002029-L2125,CUST000072,PROD000125,Northeast,mobile,2,370.5,placed,2026-04-22
ORD0002029,ORD0002029-L3089,CUST000072,PROD000089,Southeast,store,3,105.21,placed,2026-04-22
ORD0002029,ORD0002029-L3106,CUST000072,PROD000106,West,mobile,3,430.71,placed,2026-04-22
ORD0002029,ORD0002029-L3224,CUST000072,PROD000224,Southeast,marketplace,3,1095.42,placed,2026-04-22
ORD0002084,ORD0002084-L1068,CUST000134,PROD000068,Midwest,store,1,129.01,placed,2026-04-22
ORD0002162,ORD0002162-L2003,CUST000088,PROD000003,Midwest,marketplace,2,520.28,placed,2026-04-22
ORD0002162,ORD0002162-L1203,CUST000088,PROD000203,West,store,1,353.63,placed,2026-04-22
ORD0002172,ORD0002172-L3013,CUST000009,PROD000013,Northeast,store,3,1127.76,placed,2026-04-22
ORD0002172,ORD0002172-L1179,CUST000009,PROD000179,West,web,1,215.33,placed,2026-04-22
ORD0002277,ORD0002277-L3034,CUST000196,PROD000034,Northeast,store,3,916.92,placed,2026-04-22
ORD0002277,ORD0002277-L2177,CUST000196,PROD000177,West,mobile,2,64.38,placed,2026-04-22
ORD0002283,ORD0002283-L1216,CUST000089,PROD000216,Midwest,web,1,47.22,placed,2026-04-22
ORD0002283,ORD0002283-L2204,CUST000089,PROD000204,Northeast,mobile,2,810.94,placed,2026-04-22
ORD0002283,ORD0002283-L1129,CUST000089,PROD000129,West,marketplace,1,119.59,placed,2026-04-22
ORD0002283,ORD0002283-L1060,CUST000089,PROD000060,Northeast,store,1,267.61,placed,2026-04-22
ORD0002498,ORD0002498-L1169,CUST000238,PROD000169,Southeast,store,1,311.35,placed,2026-04-22
ORD0002498,ORD0002498-L1211,CUST000238,PROD000211,Midwest,web,1,273.24,placed,2026-04-22
ORD0002498,ORD0002498-L1135,CUST000238,PROD000135,Southeast,marketplace,1,179.32,placed,2026-04-22
ORD0002651,ORD0002651-L1178,CUST000074,PROD000178,Midwest,mobile,1,237.45,placed,2026-04-22
ORD0002651,ORD0002651-L3138,CUST000074,PROD000138,Southeast,marketplace,3,974.97,placed,2026-04-22
ORD0002716,ORD0002716-L3108,CUST000127,PROD000108,West,marketplace,3,864.36,placed,2026-04-22
ORD0002716,ORD0002716-L2150,CUST000127,PROD000150,Northeast,store,2,936.48,placed,2026-04-22
ORD0002716,ORD0002716-L1122,CUST000127,PROD000122,West,mobile,1,189.17,placed,2026-04-22
ORD0002716,ORD0002716-L3080,CUST000127,PROD000080,Northeast,web,3,779.64,placed,2026-04-22
ORD0002831,ORD0002831-L1101,CUST000054,PROD000101,Northeast,store,1,410.31,placed,2026-04-22
ORD0002831,ORD0002831-L3144,CUST000054,PROD000144,Southeast,marketplace,3,1049.16,placed,2026-04-22
ORD0002910,ORD0002910-L2058,CUST000254,PROD000058,Northeast,marketplace,2,617.16,placed,2026-04-22
ORD0002924,ORD0002924-L2218,CUST000306,PROD000218,Southeast,store,2,141.16,placed,2026-04-22
ORD0002924,ORD0002924-L1129,CUST000306,PROD000129,West,mobile,1,113.29,placed,2026-04-22
ORD0002983,ORD0002983-L3183,CUST000291,PROD000183,Midwest,store,3,549.0,placed,2026-04-22
ORD0002983,ORD0002983-L1178,CUST000291,PROD000178,Midwest,store,1,213.7,placed,2026-04-22
ORD0003017,ORD0003017-L3169,CUST000319,PROD000169,Midwest,store,3,983.22,placed,2026-04-22
ORD0003017,ORD0003017-L1245,CUST000319,PROD000245,Northeast,mobile,1,74.06,placed,2026-04-22
ORD0003017,ORD0003017-L1162,CUST000319,PROD000162,Northeast,store,1,287.61,placed,2026-04-22
ORD0003213,ORD0003213-L3133,CUST000421,PROD000133,West,marketplace,3,348.27,placed,2026-04-22
ORD0003213,ORD0003213-L1106,CUST000421,PROD000106,Southeast,marketplace,1,143.57,placed,2026-04-22
ORD0003213,ORD0003213-L2165,CUST000421,PROD000165,Midwest,marketplace,2,836.78,placed,2026-04-22
ORD0003213,ORD0003213-L1094,CUST000421,PROD000094,Midwest,web,1,72.83,placed,2026-04-22
ORD0003301,ORD0003301-L2218,CUST000305,PROD000218,West,store,2,156.84,placed,2026-04-22
ORD0003301,ORD0003301-L2200,CUST000305,PROD000200,West,store,2,680.84,placed,2026-04-22
ORD0003314,ORD0003314-L1080,CUST000378,PROD000080,Midwest,marketplace,1,273.56,placed,2026-04-22
ORD0003314,ORD0003314-L3142,CUST000378,PROD000142,Southeast,mobile,3,297.93,placed,2026-04-22
ORD0003452,ORD0003452-L2189,CUST000465,PROD000189,West,store,2,181.2,placed,2026-04-22
ORD0003452,ORD0003452-L2243,CUST000465,PROD000243,Southeast,store,2,428.5,placed,2026-04-22
ORD0003510,ORD0003510-L3018,CUST000298,PROD000018,Southeast,web,3,764.1,placed,2026-04-22
ORD0003510,ORD0003510-L2070,CUST000298,PROD000070,West,marketplace,2,529.06,placed,2026-04-22
ORD0003510,ORD0003510-L2130,CUST000298,PROD000130,Midwest,web,2,784.16,placed,2026-04-22
ORD0003510,ORD0003510-L1194,CUST000298,PROD000194,West,web,1,204.84,placed,2026-04-22
ORD0003524,ORD0003524-L1170,CUST000287,PROD000170,West,store,1,33.03,placed,2026-04-22
ORD0003524,ORD0003524-L2082,CUST000287,PROD000082,Northeast,web,2,734.36,placed,2026-04-22
ORD0003524,ORD0003524-L2239,CUST000287,PROD000239,Midwest,store,2,660.74,placed,2026-04-22
ORD0003572,ORD0003572-L1236,CUST000412,PROD000236,Northeast,mobile,1,113.53,placed,2026-04-22
ORD0003599,ORD0003599-L2150,CUST000271,PROD000150,West,mobile,2,842.84,placed,2026-04-22
ORD0003599,ORD0003599-L3084,CUST000271,PROD000084,West,store,3,305.61,placed,2026-04-22
ORD0003599,ORD0003599-L1212,CUST000271,PROD000212,West,store,1,204.78,placed,2026-04-22
ORD0003653,ORD0003653-L3051,CUST000016,PROD000051,Southeast,store,3,1152.93,placed,2026-04-22
ORD0003653,ORD0003653-L1215,CUST000016,PROD000215,Northeast,store,1,223.39,placed,2026-04-22
ORD0003653,ORD0003653-L2194,CUST000016,PROD000194,Northeast,web,2,409.68,placed,2026-04-22
ORD0003764,ORD0003764-L3100,CUST000385,PROD000100,Southeast,web,3,551.91,placed,2026-04-22
ORD0003764,ORD0003764-L2154,CUST000385,PROD000154,West,web,2,667.78,placed,2026-04-22
ORD0003764,ORD0003764-L3061,CUST000385,PROD000061,West,mobile,3,1008.39,placed,2026-04-22
ORD0003946,ORD0003946-L3143,CUST000320,PROD000143,Northeast,web,3,1046.16,placed,2026-04-22
ORD0003950,ORD0003950-L3250,CUST000434,PROD000250,Southeast,store,3,1115.91,placed,2026-04-22
ORD0003966,ORD0003966-L3145,CUST000465,PROD000145,West,mobile,3,305.22,placed,2026-04-22
ORD0000098,ORD0000098-L3149,CUST000150,PROD000149,Midwest,web,3,910.32,placed,2026-04-23
ORD0000098,ORD0000098-L3012,CUST000150,PROD000012,Southeast,mobile,3,1257.81,placed,2026-04-23
ORD0000098,ORD0000098-L2118,CUST000150,PROD000118,West,web,2,576.64,placed,2026-04-23
ORD0000188,ORD0000188-L2234,CUST000126,PROD000234,Southeast,marketplace,2,938.14,placed,2026-04-23
ORD0000188,ORD0000188-L1135,CUST000126,PROD000135,Midwest,mobile,1,179.32,placed,2026-04-23
ORD0000188,ORD0000188-L1155,CUST000126,PROD000155,Midwest,web,1,168.84,placed,2026-04-23
ORD0000188,ORD0000188-L2121,CUST000126,PROD000121,West,mobile,2,628.58,placed,2026-04-23
ORD0000378,ORD0000378-L1006,CUST000166,PROD000006,West,marketplace,1,141.61,placed,2026-04-23
ORD0000378,ORD0000378-L1128,CUST000166,PROD000128,Southeast,web,1,32.53,placed,2026-04-23
ORD0000379,ORD0000379-L2170,CUST000405,PROD000170,Midwest,marketplace,2,59.46,placed,2026-04-23
ORD0000379,ORD0000379-L3003,CUST000405,PROD000003,West,marketplace,3,780.42,placed,2026-04-23
ORD0000476,ORD0000476-L3025,CUST000098,PROD000025,Northeast,web,3,1129.17,placed,2026-04-23
ORD0000476,ORD0000476-L2213,CUST000098,PROD000213,West,marketplace,2,21.78,placed,2026-04-23
ORD0000476,ORD0000476-L3247,CUST000098,PROD000247,Southeast,web,3,1085.94,placed,2026-04-23
ORD0000476,ORD0000476-L3110,CUST000098,PROD000110,Northeast,web,3,678.93,placed,2026-04-23
ORD0000611,ORD0000611-L1049,CUST000458,PROD000049,West,store,1,151.94,placed,2026-04-23
ORD0000611,ORD0000611-L2006,CUST000458,PROD000006,Midwest,store,2,240.74,placed,2026-04-23
ORD0000660,ORD0000660-L2188,CUST000409,PROD000188,Northeast,store,2,66.96,placed,2026-04-23
ORD0000660,ORD0000660-L2031,CUST000409,PROD000031,Southeast,mobile,2,196.02,placed,2026-04-23
ORD0000876,ORD0000876-L2247,CUST000457,PROD000247,West,store,2,723.96,placed,2026-04-23
ORD0000876,ORD0000876-L3170,CUST000457,PROD000170,Northeast,web,3,94.14,placed,2026-04-23
ORD0000876,ORD0000876-L3056,CUST000457,PROD000056,Midwest,marketplace,3,252.54,placed,2026-04-23
ORD0000883,ORD0000883-L2096,CUST000071,PROD000096,West,marketplace,2,183.62,placed,2026-04-23
ORD0000883,ORD0000883-L1104,CUST000071,PROD000104,Southeast,store,1,328.16,placed,2026-04-23
ORD0000883,ORD0000883-L2048,CUST000071,PROD000048,Northeast,marketplace,2,620.78,placed,2026-04-23
ORD0000884,ORD0000884-L2078,CUST000199,PROD000078,Northeast,web,2,46.14,placed,2026-04-23
ORD0000884,ORD0000884-L1248,CUST000199,PROD000248,Midwest,mobile,1,330.43,placed,2026-04-23
ORD0000884,ORD0000884-L1177,CUST000199,PROD000177,Northeast,marketplace,1,35.77,placed,2026-04-23
ORD0000957,ORD0000957-L2208,CUST000206,PROD000208,Southeast,web,2,182.24,placed,2026-04-23
ORD0000962,ORD0000962-L3156,CUST000242,PROD000156,West,store,3,224.64,placed,2026-04-23
ORD0000962,ORD0000962-L1007,CUST000242,PROD000007,Southeast,mobile,1,364.94,placed,2026-04-23
ORD0000962,ORD0000962-L1149,CUST000242,PROD000149,Midwest,marketplace,1,287.47,placed,2026-04-23
ORD0000962,ORD0000962-L1052,CUST000242,PROD000052,Midwest,mobile,1,189.28,placed,2026-04-23
ORD0000977,ORD0000977-L2221,CUST000223,PROD000221,Northeast,mobile,2,387.62,placed,2026-04-23
ORD0000977,ORD0000977-L3219,CUST000223,PROD000219,West,web,3,1272.18,placed,2026-04-23
ORD0000977,ORD0000977-L1022,CUST000223,PROD000022,Southeast,marketplace,1,57.37,placed,2026-04-23
ORD0000977,ORD0000977-L1235,CUST000223,PROD000235,Midwest,web,1,57.75,placed,2026-04-23
ORD0001012,ORD0001012-L2216,CUST000284,PROD000216,Southeast,mobile,2,94.44,placed,2026-04-23
ORD0001012,ORD0001012-L2056,CUST000284,PROD000056,Southeast,mobile,2,177.22,placed,2026-04-23
ORD0001012,ORD0001012-L2200,CUST000284,PROD000200,Northeast,web,2,645.02,placed,2026-04-23
ORD0001013,ORD0001013-L3147,CUST000055,PROD000147,West,store,3,784.14,placed,2026-04-23
ORD0001013,ORD0001013-L2029,CUST000055,PROD000029,Southeast,marketplace,2,853.24,placed,2026-04-23
ORD0001013,ORD0001013-L1021,CUST000055,PROD000021,Southeast,mobile,1,23.67,placed,2026-04-23
ORD0001013,ORD0001013-L1006,CUST000055,PROD000006,West,mobile,1,127.45,placed,2026-04-23
ORD0001184,ORD0001184-L2023,CUST000111,PROD000023,Southeast,mobile,2,57.96,placed,2026-04-23
ORD0001184,ORD0001184-L3237,CUST000111,PROD000237,Midwest,store,3,649.83,placed,2026-04-23
ORD0001184,ORD0001184-L1109,CUST000111,PROD000109,Southeast,mobile,1,280.87,placed,2026-04-23
ORD0001184,ORD0001184-L3166,CUST000111,PROD000166,Northeast,web,3,667.98,placed,2026-04-23
ORD0001277,ORD0001277-L3225,CUST000086,PROD000225,West,store,3,1254.84,placed,2026-04-23
ORD0001277,ORD0001277-L3049,CUST000086,PROD000049,Northeast,mobile,3,433.02,placed,2026-04-23
ORD0001277,ORD0001277-L2194,CUST000086,PROD000194,Midwest,store,2,368.72,placed,2026-04-23
ORD0001277,ORD0001277-L2093,CUST000086,PROD000093,West,marketplace,2,828.68,placed,2026-04-23
ORD0001536,ORD0001536-L2088,CUST000205,PROD000088,Southeast,store,2,458.04,placed,2026-04-23
ORD0001536,ORD0001536-L2176,CUST000205,PROD000176,Northeast,store,2,742.4,placed,2026-04-23
ORD0001588,ORD0001588-L3092,CUST000262,PROD000092,Southeast,store,3,1488.96,placed,2026-04-23
ORD0001601,ORD0001601-L2095,CUST000160,PROD000095,Southeast,store,2,36.72,placed,2026-04-23
ORD0001601,ORD0001601-L3062,CUST000160,PROD000062,Midwest,marketplace,3,718.86,placed,2026-04-23
ORD0001652,ORD0001652-L3241,CUST000314,PROD000241,Northeast,web,3,195.96,placed,2026-04-23
ORD0001652,ORD0001652-L1184,CUST000314,PROD000184,West,web,1,336.77,placed,2026-04-23
ORD0001652,ORD0001652-L2129,CUST000314,PROD000129,Southeast,mobile,2,226.58,placed,2026-04-23
ORD0001652,ORD0001652-L1090,CUST000314,PROD000090,West,store,1,130.21,placed,2026-04-23
ORD0001677,ORD0001677-L1090,CUST000349,PROD000090,West,mobile,1,117.19,placed,2026-04-23
ORD0001677,ORD0001677-L1041,CUST000349,PROD000041,West,marketplace,1,19.24,placed,2026-04-23
ORD0001677,ORD0001677-L2065,CUST000349,PROD000065,Northeast,store,2,119.08,placed,2026-04-23
ORD0001693,ORD0001693-L3124,CUST000380,PROD000124,Southeast,marketplace,3,489.66,placed,2026-04-23
ORD0001693,ORD0001693-L1051,CUST000380,PROD000051,Southeast,web,1,384.31,placed,2026-04-23
ORD0001759,ORD0001759-L1248,CUST000034,PROD000248,Southeast,web,1,330.43,placed,2026-04-23
ORD0001759,ORD0001759-L3059,CUST000034,PROD000059,Northeast,marketplace,3,76.35,placed,2026-04-23
ORD0001759,ORD0001759-L3127,CUST000034,PROD000127,Midwest,marketplace,3,291.6,placed,2026-04-23
ORD0001878,ORD0001878-L3153,CUST000497,PROD000153,Midwest,mobile,3,1075.05,placed,2026-04-23
ORD0001878,ORD0001878-L2199,CUST000497,PROD000199,Northeast,mobile,2,65.24,placed,2026-04-23
ORD0001878,ORD0001878-L2197,CUST000497,PROD000197,Midwest,web,2,856.88,placed,2026-04-23
ORD0001878,ORD0001878-L2100,CUST000497,PROD000100,West,store,2,331.14,placed,2026-04-23
ORD0002019,ORD0002019-L1170,CUST000434,PROD000170,Southeast,mobile,1,29.73,placed,2026-04-23
ORD0002019,ORD0002019-L1005,CUST000434,PROD000005,West,mobile,1,319.36,placed,2026-04-23
ORD0002019,ORD0002019-L2061,CUST000434,PROD000061,Midwest,store,2,638.64,placed,2026-04-23
ORD0002234,ORD0002234-L3144,CUST000225,PROD000144,Midwest,mobile,3,1049.16,placed,2026-04-23
ORD0002234,ORD0002234-L2009,CUST000225,PROD000009,West,web,2,689.72,placed,2026-04-23
ORD0002234,ORD0002234-L1156,CUST000225,PROD000156,Northeast,store,1,78.82,placed,2026-04-23
ORD0002317,ORD0002317-L3121,CUST000267,PROD000121,West,web,3,801.45,placed,2026-04-23
ORD0002317,ORD0002317-L3059,CUST000267,PROD000059,Southeast,marketplace,3,72.54,placed,2026-04-23
ORD0002603,ORD0002603-L3128,CUST000187,PROD000128,West,web,3,102.72,placed,2026-04-23
ORD0002603,ORD0002603-L1243,CUST000187,PROD000243,Southeast,web,1,214.25,placed,2026-04-23
ORD0002603,ORD0002603-L1005,CUST000187,PROD000005,Northeast,store,1,303.39,placed,2026-04-23
ORD0002727,ORD0002727-L2212,CUST000358,PROD000212,Northeast,marketplace,2,389.08,placed,2026-04-23
ORD0002727,ORD0002727-L1153,CUST000358,PROD000153,Southeast,marketplace,1,358.35,placed,2026-04-23
ORD0002764,ORD0002764-L3115,CUST000027,PROD000115,Midwest,store,3,477.57,placed,2026-04-23
ORD0002764,ORD0002764-L2098,CUST000027,PROD000098,Southeast,store,2,874.5,placed,2026-04-23
ORD0002764,ORD0002764-L1154,CUST000027,PROD000154,Northeast,marketplace,1,333.89,placed,2026-04-23
ORD0002764,ORD0002764-L1237,CUST000027,PROD000237,Southeast,mobile,1,228.01,placed,2026-04-23
ORD0002819,ORD0002819-L3020,CUST000492,PROD000020,Southeast,web,3,1462.86,placed,2026-04-23
ORD0002819,ORD0002819-L2013,CUST000492,PROD000013,Southeast,marketplace,2,884.52,placed,2026-04-23
ORD0002842,ORD0002842-L1054,CUST000429,PROD000054,Midwest,web,1,225.84,placed,2026-04-23
ORD0002842,ORD0002842-L1218,CUST000429,PROD000218,Northeast,marketplace,1,78.42,placed,2026-04-23
ORD0002978,ORD0002978-L3077,CUST000059,PROD000077,West,marketplace,3,436.59,placed,2026-04-23
ORD0002978,ORD0002978-L3162,CUST000059,PROD000162,Northeast,mobile,3,814.89,placed,2026-04-23
ORD0002978,ORD0002978-L3083,CUST000059,PROD000083,Northeast,mobile,3,616.98,placed,2026-04-23
ORD0002978,ORD0002978-L2084,CUST000059,PROD000084,Midwest,marketplace,2,215.06,placed,2026-04-23
ORD0003122,ORD0003122-L2071,CUST000431,PROD000071,West,mobile,2,199.98,placed,2026-04-23
ORD0003130,ORD0003130-L3113,CUST000218,PROD000113,West,marketplace,3,82.35,placed,2026-04-23
ORD0003130,ORD0003130-L3133,CUST000218,PROD000133,Southeast,mobile,3,348.27,placed,2026-04-23
ORD0003190,ORD0003190-L1039,CUST000188,PROD000039,Northeast,mobile,1,386.55,placed,2026-04-23
ORD0003190,ORD0003190-L1144,CUST000188,PROD000144,West,store,1,368.13,placed,2026-04-23
ORD0003205,ORD0003205-L2022,CUST000166,PROD000022,Midwest,mobile,2,120.78,placed,2026-04-23
ORD0003205,ORD0003205-L2141,CUST000166,PROD000141,West,mobile,2,740.18,placed,2026-04-23
ORD0003205,ORD0003205-L3084,CUST000166,PROD000084,West,mobile,3,322.59,placed,2026-04-23
ORD0003205,ORD0003205-L1116,CUST000166,PROD000116,West,web,1,240.91,placed,2026-04-23
ORD0003338,ORD0003338-L2247,CUST000248,PROD000247,Northeast,store,2,723.96,placed,2026-04-23
ORD0003338,ORD0003338-L3210,CUST000248,PROD000210,Southeast,store,3,1325.97,placed,2026-04-23
ORD0003338,ORD0003338-L2081,CUST000248,PROD000081,Southeast,store,2,506.7,placed,2026-04-23
ORD0003424,ORD0003424-L3127,CUST000380,PROD000127,Midwest,marketplace,3,262.44,placed,2026-04-23
ORD0003424,ORD0003424-L1013,CUST000380,PROD000013,Northeast,web,1,442.26,placed,2026-04-23
ORD0003522,ORD0003522-L2033,CUST000240,PROD000033,West,marketplace,2,776.2,placed,2026-04-23
ORD0003522,ORD0003522-L2107,CUST000240,PROD000107,West,web,2,856.16,placed,2026-04-23
ORD0003522,ORD0003522-L1168,CUST000240,PROD000168,Southeast,mobile,1,305.26,placed,2026-04-23
ORD0003542,ORD0003542-L1168,CUST000327,PROD000168,Northeast,mobile,1,305.26,placed,2026-04-23
ORD0003542,ORD0003542-L1018,CUST000327,PROD000018,Midwest,marketplace,1,283.0,placed,2026-04-23
ORD0003542,ORD0003542-L3180,CUST000327,PROD000180,Southeast,marketplace,3,1004.82,placed,2026-04-23
ORD0003615,ORD0003615-L1130,CUST000300,PROD000130,West,mobile,1,392.08,placed,2026-04-23
ORD0003776,ORD0003776-L3185,CUST000053,PROD000185,Midwest,store,3,1207.86,placed,2026-04-23
ORD0003776,ORD0003776-L2173,CUST000053,PROD000173,West,marketplace,2,517.64,placed,2026-04-23
ORD0003776,ORD0003776-L3215,CUST000053,PROD000215,Southeast,store,3,705.45,placed,2026-04-23
ORD0003875,ORD0003875-L2210,CUST000139,PROD000210,Southeast,marketplace,2,883.98,placed,2026-04-23
ORD0003875,ORD0003875-L2032,CUST000139,PROD000032,West,web,2,426.48,placed,2026-04-23
ORD0003875,ORD0003875-L1034,CUST000139,PROD000034,Midwest,marketplace,1,275.08,placed,2026-04-23
ORD0003989,ORD0003989-L3005,CUST000326,PROD000005,West,web,3,958.08,placed,2026-04-23
ORD0003989,ORD0003989-L3173,CUST000326,PROD000173,Northeast,store,3,776.46,placed,2026-04-23
