product_id,region,on_hand_qty,reorder_point,snapshot_date
PROD000088,Midwest,58,36,2026-01-24
PROD000048,Midwest,14,64,2026-01-24
PROD000229,Southeast,220,17,2026-01-24
PROD000002,Southeast,188,40,2026-01-24
PROD000107,Midwest,168,21,2026-01-24
PROD000148,Midwest,186,45,2026-01-24
PROD000149,Southeast,132,16,2026-01-24
PROD000241,West,53,51,2026-01-24
PROD000012,Northeast,206,63,2026-01-24
PROD000081,Southeast,232,33,2026-01-24
PROD000046,Southeast,128,46,2026-01-24
PROD000172,Southeast,73,23,2026-01-24
PROD000146,Midwest,184,15,2026-01-24
PROD000001,West,186,16,2026-01-24
PROD000072,West,177,55,2026-01-24
PROD000201,Northeast,75,48,2026-01-24
PROD000180,Southeast,198,17,2026-01-24
PROD000186,West,171,38,2026-01-24
PROD000026,West,140,19,2026-01-24
PROD000171,Midwest,225,28,2026-01-24
PROD000160,Northeast,3,40,2026-01-24
PROD000230,Northeast,58,15,2026-01-24
PROD000095,Midwest,26,52,2026-01-24
PROD000062,Southeast,66,62,2026-01-24
PROD000004,Southeast,175,45,2026-01-24
PROD000097,Southeast,205,53,2026-01-24
PROD000194,Midwest,1,38,2026-01-24
PROD000203,Midwest,64,64,2026-01-24
PROD000086,Northeast,184,40,2026-01-24
PROD000243,Southeast,237,26,2026-01-24
PROD000198,Northeast,26,63,2026-01-24
PROD000123,Midwest,60,53,2026-01-24
PROD000169,Northeast,80,63,2026-01-24
PROD000170,Midwest,153,19,2026-01-24
PROD000101,Southeast,92,43,2026-01-24
PROD000093,Northeast,11,54,2026-01-24
PROD000115,Midwest,16,33,2026-01-24
PROD000207,Midwest,161,53,2026-01-24
PROD000174,Southeast,220,47,2026-01-24
PROD000188,Northeast,121,29,2026-01-24
PROD000102,Midwest,20,68,2026-01-24
PROD000163,Southeast,183,61,2026-01-24
PROD000033,Midwest,132,68,2026-01-24
PROD000006,West,116,58,2026-01-24
PROD000085,Southeast,218,41,2026-01-24
PROD000092,Northeast,17,42,2026-01-24
PROD000132,Northeast,66,49,2026-01-24
PROD000140,Southeast,188,17,2026-01-24
PROD000137,Northeast,70,18,2026-01-24
PROD000077,Northeast,77,33,2026-01-24
PROD000134,Southeast,206,35,2026-01-24
PROD000217,Northeast,113,30,2026-01-24
PROD000053,West,140,32,2026-01-24
PROD000184,Northeast,231,68,2026-01-24
PROD000109,Northeast,217,15,2026-01-24
PROD000022,West,25,51,2026-01-24
PROD000076,Midwest,37,42,2026-01-24
PROD000098,Midwest,59,48,2026-01-24
PROD000210,West,116,66,2026-01-24
PROD000238,Southeast,79,56,2026-01-24
PROD000222,West,118,28,2026-01-24
PROD000220,Northeast,166,15,2026-01-24
PROD000054,Southeast,142,17,2026-01-24
PROD000235,Southeast,141,19,2026-01-24
PROD000138,Northeast,200,27,2026-01-24
PROD000038,West,6,31,2026-01-24
PROD000126,West,49,34,2026-01-24
PROD000099,West,177,41,2026-01-24
PROD000047,Midwest,2,19,2026-01-24
PROD000060,Northeast,20,45,2026-01-24
PROD000245,Southeast,82,53,2026-01-24
PROD000247,Midwest,146,18,2026-01-24
PROD000244,Northeast,23,35,2026-01-24
PROD000078,Midwest,43,18,2026-01-24
PROD000139,West,20,35,2026-01-24
PROD000131,Northeast,168,24,2026-01-24
PROD000052,Northeast,146,17,2026-01-24
PROD000231,Midwest,64,50,2026-01-24
PROD000237,West,146,20,2026-01-24
PROD000221,West,115,34,2026-01-24
PROD000061,Midwest,101,30,2026-01-24
PROD000050,West,194,61,2026-01-24
PROD000168,Midwest,63,29,2026-01-24
PROD000209,Southeast,73,41,2026-01-24
PROD000211,West,29,64,2026-01-24
PROD000246,Northeast,108,21,2026-01-24
PROD000082,West,25,69,2026-01-24
PROD000007,Midwest,54,37,2026-01-24
PROD000067,Midwest,226,44,2026-01-24
PROD000100,Midwest,141,50,2026-01-24
PROD000159,West,176,68,2026-01-24
PROD000089,West,178,16,2026-01-24
PROD000113,West,13,36,2026-01-24
PROD000223,Midwest,195,48,2026-01-24
PROD000122,Midwest,10,23,2026-01-24
PROD000199,West,114,59,2026-01-24
PROD000212,West,207,40,2026-01-24
PROD000083,West,30,23,2026-01-24
PROD000234,West,28,20,2026-01-24
PROD000056,Midwest,138,60,2026-01-24
PROD000240,Midwest,121,16,2026-01-24
PROD000069,Northeast,47,68,2026-01-24
PROD000043,West,6,22,2026-01-24
PROD000214,West,147,21,2026-01-24
PROD000167,Northeast,1,31,2026-01-24
PROD000058,West,64,49,2026-01-24
PROD000096,West,104,54,2026-01-24
PROD000144,Northeast,167,20,2026-01-24
PROD000155,Midwest,22,58,2026-01-24
PROD000142,Midwest,203,68,2026-01-24
PROD000248,Midwest,117,42,2026-01-24
PROD000037,Midwest,106,16,2026-01-24
PROD000165,Midwest,97,55,2026-01-24
PROD000147,West,234,33,2026-01-24
PROD000129,West,56,26,2026-01-24
PROD000075,Northeast,160,40,2026-01-24
PROD000013,Southeast,164,31,2026-01-24
PROD000153,Midwest,230,54,2026-01-24
PROD000130,West,32,69,2026-01-24
PROD000175,Midwest,6,30,2026-01-24
PROD000222,Northeast,221,62,2026-01-25
PROD000084,Northeast,124,53,2026-01-25
PROD000250,Midwest,26,44,2026-01-25
PROD000047,Southeast,143,21,2026-01-25
PROD000162,Midwest,206,28,2026-01-25
PROD000227,Southeast,180,46,2026-01-25
PROD000003,West,179,35,2026-01-25
PROD000121,West,230,52,2026-01-25
PROD000240,Southeast,167,26,2026-01-25
PROD000102,Northeast,223,41,2026-01-25
PROD000005,Midwest,219,53,2026-01-25
PROD000125,Northeast,175,58,2026-01-25
PROD000002,Southeast,155,55,2026-01-25
PROD000239,Southeast,191,41,2026-01-25
PROD000049,Midwest,188,34,2026-01-25
PROD000089,Northeast,87,64,2026-01-25
PROD000068,West,218,17,2026-01-25
PROD000207,Midwest,63,34,2026-01-25
PROD000063,West,88,19,2026-01-25
PROD000116,Midwest,170,49,2026-01-25
PROD000015,Northeast,68,69,2026-01-25
PROD000093,Southeast,207,16,2026-01-25
PROD000233,Southeast,238,30,2026-01-25
PROD000034,Midwest,126,47,2026-01-25
PROD000025,West,143,21,2026-01-25
PROD000064,West,195,65,2026-01-25
PROD000163,Northeast,209,65,2026-01-25
PROD000008,Midwest,214,28,2026-01-25
PROD000098,West,163,60,2026-01-25
PROD000139,Northeast,27,37,2026-01-25
PROD000013,West,214,17,2026-01-25
PROD000205,Northeast,175,32,2026-01-25
PROD000214,Southeast,233,16,2026-01-25
PROD000057,Northeast,109,19,2026-01-25
PROD000106,Midwest,175,51,2026-01-25
PROD000142,Midwest,207,35,2026-01-25
PROD000023,Midwest,59,36,2026-01-25
PROD000202,Northeast,109,48,2026-01-25
PROD000028,Midwest,68,36,2026-01-25
PROD000189,Southeast,153,33,2026-01-25
PROD000021,Northeast,37,31,2026-01-25
PROD000101,West,229,32,2026-01-25
PROD000223,West,217,52,2026-01-25
PROD000074,Southeast,189,57,2026-01-25
PROD000099,Midwest,6,58,2026-01-25
PROD000058,Southeast,168,51,2026-01-25
PROD000246,Northeast,122,32,2026-01-25
PROD000160,West,13,42,2026-01-25
PROD000197,Midwest,30,53,2026-01-25
PROD000112,Southeast,172,57,2026-01-25
PROD000137,Midwest,32,28,2026-01-25
PROD000249,Southeast,67,44,2026-01-25
PROD000156,Midwest,139,60,2026-01-25
PROD000100,Northeast,209,28,2026-01-25
PROD000031,Northeast,42,55,2026-01-25
PROD000211,Midwest,186,18,2026-01-25
PROD000110,Northeast,113,60,2026-01-25
PROD000127,Northeast,222,49,2026-01-25
PROD000007,Southeast,63,21,2026-01-25
PROD000126,West,80,33,2026-01-25
PROD000135,Northeast,155,36,2026-01-25
PROD000140,Northeast,139,53,2026-01-25
PROD000088,Midwest,111,69,2026-01-25
PROD000185,Southeast,26,42,2026-01-25
PROD000111,Southeast,35,45,2026-01-25
PROD000011,West,50,23,2026-01-25
PROD000022,Northeast,149,38,2026-01-25
PROD000114,West,24,24,2026-01-25
PROD000108,Northeast,125,58,2026-01-25
PROD000192,West,160,65,2026-01-25
PROD000017,West,148,56,2026-01-25
PROD000035,Midwest,169,26,2026-01-25
PROD000247,Southeast,141,54,2026-01-25
PROD000016,Midwest,169,62,2026-01-25
PROD000065,West,179,65,2026-01-25
PROD000091,Southeast,164,64,2026-01-25
PROD000221,Midwest,135,49,2026-01-25
PROD000245,Northeast,225,15,2026-01-25
PROD000168,Northeast,13,18,2026-01-25
PROD000179,Northeast,10,54,2026-01-25
PROD000113,Southeast,173,52,2026-01-25
PROD000090,Midwest,106,34,2026-01-25
PROD000104,Southeast,222,61,2026-01-25
PROD000235,Southeast,29,48,2026-01-25
PROD000219,West,160,29,2026-01-25
PROD000146,Northeast,189,29,2026-01-25
PROD000145,Midwest,70,30,2026-01-25
PROD000010,West,181,27,2026-01-25
PROD000042,Midwest,70,52,2026-01-25
PROD000039,Southeast,129,21,2026-01-25
PROD000141,Northeast,139,42,2026-01-25
PROD000164,West,117,25,2026-01-25
PROD000232,West,89,44,2026-01-25
PROD000208,Northeast,144,47,2026-01-25
PROD000014,Southeast,5,21,2026-01-25
PROD000177,Southeast,115,35,2026-01-25
PROD000020,Northeast,221,47,2026-01-25
PROD000191,West,145,48,2026-01-25
PROD000095,Midwest,72,40,2026-01-25
PROD000218,Northeast,112,17,2026-01-25
PROD000237,Northeast,26,55,2026-01-25
PROD000147,Southeast,229,20,2026-01-25
PROD000174,West,112,50,2026-01-25
PROD000195,West,239,47,2026-01-25
PROD000040,Northeast,104,49,2026-01-25
PROD000055,West,83,57,2026-01-25
PROD000082,Northeast,31,18,2026-01-25
PROD000046,Northeast,79,30,2026-01-25
PROD000096,Northeast,121,67,2026-01-25
PROD000103,Northeast,151,57,2026-01-25
PROD000105,West,133,67,2026-01-25
PROD000056,Northeast,227,54,2026-01-25
PROD000076,Southeast,157,31,2026-01-25
PROD000210,West,182,60,2026-01-25
PROD000182,Southeast,200,65,2026-01-25
PROD000006,West,26,54,2026-01-25
PROD000159,Southeast,30,67,2026-01-25
PROD000136,Northeast,193,37,2026-01-25
PROD000130,West,21,44,2026-01-25
PROD000045,Midwest,197,44,2026-01-25
PROD000219,Southeast,228,31,2026-01-26
PROD000216,Southeast,187,45,2026-01-26
PROD000248,Northeast,52,19,2026-01-26
PROD000002,Midwest,26,54,2026-01-26
PROD000098,West,169,64,2026-01-26
PROD000116,Midwest,19,39,2026-01-26
PROD000006,Southeast,131,65,2026-01-26
PROD000190,Midwest,27,29,2026-01-26
PROD000237,West,115,34,2026-01-26
PROD000054,Southeast,85,58,2026-01-26
PROD000170,Northeast,13,32,2026-01-26
PROD000153,Southeast,59,58,2026-01-26
PROD000195,West,209,60,2026-01-26
PROD000081,West,19,62,2026-01-26
PROD000003,Northeast,136,29,2026-01-26
PROD000183,Midwest,20,21,2026-01-26
PROD000115,Midwest,93,31,2026-01-26
PROD000020,Midwest,224,35,2026-01-26
PROD000234,Northeast,15,24,2026-01-26
PROD000079,Southeast,91,34,2026-01-26
PROD000198,Midwest,109,64,2026-01-26
PROD000243,West,83,29,2026-01-26
PROD000178,Midwest,37,62,2026-01-26
PROD000185,Northeast,82,47,2026-01-26
PROD000108,Northeast,136,20,2026-01-26
PROD000175,Midwest,100,65,2026-01-26
PROD000050,West,54,38,2026-01-26
PROD000176,Southeast,9,23,2026-01-26
PROD000197,West,140,16,2026-01-26
PROD000128,West,100,48,2026-01-26
PROD000181,Southeast,217,42,2026-01-26
PROD000158,Midwest,183,54,2026-01-26
PROD000142,Northeast,180,33,2026-01-26
PROD000011,Midwest,48,59,2026-01-26
PROD000047,Southeast,4,48,2026-01-26
PROD000019,West,232,65,2026-01-26
PROD000167,Midwest,99,68,2026-01-26
PROD000096,West,153,23,2026-01-26
PROD000192,Midwest,232,47,2026-01-26
PROD000166,Southeast,79,60,2026-01-26
PROD000070,West,82,31,2026-01-26
PROD000063,West,0,68,2026-01-26
PROD000184,Southeast,161,19,2026-01-26
PROD000076,Northeast,236,50,2026-01-26
PROD000182,Southeast,232,24,2026-01-26
PROD000162,West,25,25,2026-01-26
PROD000205,Northeast,167,64,2026-01-26
PROD000174,West,116,22,2026-01-26
PROD000053,Southeast,100,18,2026-01-26
PROD000023,West,5,64,2026-01-26
PROD000144,West,149,41,2026-01-26
PROD000154,Midwest,57,48,2026-01-26
PROD000193,West,149,68,2026-01-26
PROD000222,Midwest,204,18,2026-01-26
PROD000028,Southeast,87,37,2026-01-26
PROD000130,Southeast,213,63,2026-01-26
PROD000010,West,31,31,2026-01-26
PROD000149,Northeast,6,35,2026-01-26
PROD000117,Midwest,199,36,2026-01-26
PROD000071,Southeast,223,50,2026-01-26
PROD000113,Southeast,203,32,2026-01-26
PROD000136,Southeast,19,42,2026-01-26
PROD000186,West,116,23,2026-01-26
PROD000009,West,168,35,2026-01-26
PROD000179,Northeast,172,61,2026-01-26
PROD000147,Southeast,108,15,2026-01-26
PROD000059,Midwest,78,57,2026-01-26
PROD000227,Southeast,61,34,2026-01-26
PROD000203,Southeast,37,24,2026-01-26
PROD000068,Northeast,173,37,2026-01-26
PROD000220,West,41,58,2026-01-26
PROD000160,West,226,61,2026-01-26
PROD000062,Midwest,10,43,2026-01-26
PROD000230,Midwest,168,33,2026-01-26
PROD000046,Midwest,37,19,2026-01-26
PROD000187,Northeast,162,39,2026-01-26
PROD000001,West,199,25,2026-01-26
PROD000080,West,56,23,2026-01-26
PROD000156,Northeast,161,20,2026-01-26
PROD000242,Southeast,3,65,2026-01-26
PROD000082,Southeast,187,66,2026-01-26
PROD000094,Northeast,220,25,2026-01-26
PROD000022,West,201,45,2026-01-26
PROD000092,Southeast,10,49,2026-01-26
PROD000245,Midwest,209,54,2026-01-26
PROD000169,West,185,52,2026-01-26
PROD000209,Northeast,72,18,2026-01-26
PROD000119,Northeast,55,43,2026-01-26
PROD000207,West,11,52,2026-01-26
PROD000077,Southeast,19,69,2026-01-26
PROD000037,West,88,67,2026-01-26
PROD000231,Southeast,148,21,2026-01-26
PROD000043,Northeast,195,37,2026-01-26
PROD000152,Northeast,4,52,2026-01-26
PROD000161,Northeast,89,38,2026-01-26
PROD000236,West,25,15,2026-01-26
PROD000100,Southeast,89,15,2026-01-26
PROD000055,Northeast,121,59,2026-01-26
PROD000025,Southeast,142,30,2026-01-26
PROD000072,Northeast,17,68,2026-01-26
PROD000233,Midwest,62,45,2026-01-26
PROD000012,Northeast,98,35,2026-01-26
PROD000099,Northeast,74,19,2026-01-26
PROD000041,Southeast,2,19,2026-01-26
PROD000097,Northeast,133,37,2026-01-26
PROD000249,West,75,38,2026-01-26
PROD000212,Northeast,28,54,2026-01-26
PROD000014,Northeast,212,41,2026-01-26
PROD000083,Southeast,99,44,2026-01-26
PROD000206,Northeast,117,19,2026-01-26
PROD000090,Midwest,232,15,2026-01-26
PROD000215,Midwest,31,33,2026-01-26
PROD000036,Northeast,10,23,2026-01-26
PROD000201,Southeast,207,56,2026-01-26
PROD000138,West,108,61,2026-01-26
PROD000134,Midwest,60,56,2026-01-26
PROD000241,Southeast,44,38,2026-01-26
PROD000194,Southeast,80,44,2026-01-26
PROD000048,Southeast,218,34,2026-01-26
PROD000069,Midwest,105,65,2026-01-26
PROD000143,Southeast,96,61,2026-01-27
PROD000200,Southeast,42,49,2026-01-27
PROD000242,Southeast,195,19,2026-01-27
PROD000238,Southeast,45,59,2026-01-27
PROD000193,Northeast,195,60,2026-01-27
PROD000236,Northeast,75,49,2026-01-27
PROD000119,Midwest,34,27,2026-01-27
PROD000146,Southeast,137,30,2026-01-27
PROD000024,West,128,37,2026-01-27
PROD000241,West,209,62,2026-01-27
PROD000150,West,101,25,2026-01-27
PROD000058,West,206,56,2026-01-27
PROD000232,Southeast,232,47,2026-01-27
PROD000133,Midwest,215,17,2026-01-27
PROD000103,Midwest,30,52,2026-01-27
PROD000030,Southeast,56,24,2026-01-27
PROD000039,Midwest,39,18,2026-01-27
PROD000028,Midwest,51,36,2026-01-27
PROD000086,Northeast,108,20,2026-01-27
PROD000111,Midwest,184,33,2026-01-27
PROD000065,Northeast,87,40,2026-01-27
PROD000187,Midwest,155,16,2026-01-27
PROD000011,West,75,25,2026-01-27
PROD000104,West,88,24,2026-01-27
PROD000052,West,168,20,2026-01-27
PROD000014,Southeast,32,61,2026-01-27
PROD000037,Northeast,179,29,2026-01-27
PROD000159,Northeast,66,23,2026-01-27
PROD000013,West,115,48,2026-01-27
PROD000115,Southeast,159,38,2026-01-27
PROD000097,Southeast,68,21,2026-01-27
PROD000233,Northeast,61,46,2026-01-27
PROD000188,Midwest,44,24,2026-01-27
PROD000154,Midwest,138,60,2026-01-27
PROD000081,Southeast,207,60,2026-01-27
PROD000038,Midwest,55,68,2026-01-27
PROD000225,Northeast,11,34,2026-01-27
PROD000021,Midwest,87,43,2026-01-27
PROD000161,Northeast,62,38,2026-01-27
PROD000226,Northeast,201,62,2026-01-27
PROD000085,West,39,19,2026-01-27
PROD000157,Midwest,156,30,2026-01-27
PROD000176,Midwest,36,41,2026-01-27
PROD000203,Southeast,6,44,2026-01-27
PROD000196,Southeast,171,51,2026-01-27
PROD000229,Southeast,3,64,2026-01-27
PROD000173,Southeast,121,59,2026-01-27
PROD000017,West,213,60,2026-01-27
PROD000167,Northeast,105,58,2026-01-27
PROD000209,Southeast,38,33,2026-01-27
PROD000083,Northeast,95,19,2026-01-27
PROD000049,Southeast,74,24,2026-01-27
PROD000231,Southeast,232,67,2026-01-27
PROD000009,Northeast,63,67,2026-01-27
PROD000210,Southeast,22,27,2026-01-27
PROD000088,Northeast,46,69,2026-01-27
PROD000016,Midwest,24,30,2026-01-27
PROD000055,Northeast,6,66,2026-01-27
PROD000002,West,127,53,2026-01-27
PROD000224,Midwest,95,32,2026-01-27
PROD000057,Southeast,98,40,2026-01-27
PROD000079,Southeast,134,53,2026-01-27
PROD000069,Midwest,47,50,2026-01-27
PROD000063,Midwest,69,33,2026-01-27
PROD000213,Northeast,194,66,2026-01-27
PROD000066,Midwest,210,63,2026-01-27
PROD000182,West,233,37,2026-01-27
PROD000168,Southeast,4,68,2026-01-27
PROD000094,Midwest,147,46,2026-01-27
PROD000153,Northeast,116,54,2026-01-27
PROD000152,Southeast,42,28,2026-01-27
PROD000195,Southeast,232,37,2026-01-27
PROD000051,West,160,61,2026-01-27
PROD000006,West,191,47,2026-01-27
PROD000147,Southeast,123,60,2026-01-27
PROD000003,Southeast,79,67,2026-01-27
PROD000199,Midwest,88,65,2026-01-27
PROD000219,West,40,20,2026-01-27
PROD000067,Midwest,160,63,2026-01-27
PROD000132,West,147,53,2026-01-27
PROD000089,Midwest,6,27,2026-01-27
PROD000135,Northeast,187,49,2026-01-27
PROD000141,Southeast,39,27,2026-01-27
PROD000247,Northeast,130,24,2026-01-27
PROD000053,Southeast,61,28,2026-01-27
PROD000122,West,1,45,2026-01-27
PROD000223,Southeast,157,49,2026-01-27
PROD000007,Southeast,2,31,2026-01-27
PROD000032,Northeast,138,39,2026-01-27
PROD000044,Midwest,141,59,2026-01-27
PROD000228,Southeast,107,16,2026-01-27
PROD000046,Northeast,45,62,2026-01-27
PROD000082,Northeast,47,35,2026-01-27
PROD000128,Midwest,210,21,2026-01-27
PROD000064,Midwest,166,22,2026-01-27
PROD000239,West,186,21,2026-01-27
PROD000237,West,69,28,2026-01-27
PROD000142,Southeast,229,27,2026-01-27
PROD000181,Southeast,98,52,2026-01-27
PROD000175,Southeast,97,43,2026-01-27
PROD000243,Midwest,229,22,2026-01-27
PROD000109,Southeast,66,30,2026-01-27
PROD000123,Southeast,219,69,2026-01-27
PROD000217,Southeast,223,36,2026-01-27
PROD000105,Midwest,80,39,2026-01-27
PROD000227,Northeast,219,51,2026-01-27
PROD000107,Southeast,161,63,2026-01-27
PROD000221,Southeast,232,42,2026-01-27
PROD000023,Northeast,113,47,2026-01-27
PROD000040,Northeast,236,52,2026-01-27
PROD000171,West,51,50,2026-01-27
PROD000166,Midwest,32,61,2026-01-27
PROD000062,Northeast,223,24,2026-01-27
PROD000025,Northeast,222,20,2026-01-27
PROD000174,Midwest,68,47,2026-01-27
PROD000042,Northeast,161,59,2026-01-27
PROD000198,Midwest,101,50,2026-01-27
PROD000101,Midwest,63,57,2026-01-27
PROD000041,Northeast,111,60,2026-01-27
PROD000138,Midwest,158,39,2026-01-27
PROD000031,West,19,30,2026-01-28
PROD000175,Northeast,211,35,2026-01-28
PROD000143,Northeast,146,30,2026-01-28
PROD000001,Northeast,35,60,2026-01-28
PROD000043,Northeast,173,69,2026-01-28
PROD000080,Southeast,89,63,2026-01-28
PROD000113,Midwest,83,56,2026-01-28
PROD000016,West,29,15,2026-01-28
PROD000202,Midwest,22,52,2026-01-28
PROD000250,West,219,34,2026-01-28
PROD000052,Southeast,223,68,2026-01-28
PROD000195,Southeast,175,66,2026-01-28
PROD000039,West,99,48,2026-01-28
PROD000089,Northeast,17,19,2026-01-28
PROD000079,Southeast,119,23,2026-01-28
PROD000090,Southeast,67,42,2026-01-28
PROD000026,Southeast,141,53,2026-01-28
PROD000207,Northeast,135,38,2026-01-28
PROD000024,West,16,22,2026-01-28
PROD000226,Midwest,70,43,2026-01-28
PROD000012,West,85,43,2026-01-28
PROD000125,Southeast,138,46,2026-01-28
PROD000023,Northeast,186,23,2026-01-28
PROD000035,Northeast,144,55,2026-01-28
PROD000010,Midwest,127,16,2026-01-28
PROD000209,West,61,35,2026-01-28
PROD000045,Midwest,223,38,2026-01-28
PROD000018,Northeast,16,68,2026-01-28
PROD000029,West,77,54,2026-01-28
PROD000019,West,32,22,2026-01-28
PROD000056,Southeast,162,20,2026-01-28
PROD000033,Northeast,55,36,2026-01-28
PROD000219,Midwest,140,41,2026-01-28
PROD000245,Southeast,219,65,2026-01-28
PROD000182,Northeast,192,35,2026-01-28
PROD000002,Northeast,102,15,2026-01-28
PROD000232,Northeast,157,38,2026-01-28
PROD000105,Northeast,114,68,2026-01-28
PROD000098,Northeast,41,22,2026-01-28
PROD000003,West,192,41,2026-01-28
PROD000115,Northeast,37,65,2026-01-28
PROD000168,West,28,63,2026-01-28
PROD000123,West,186,53,2026-01-28
PROD000112,Southeast,161,20,2026-01-28
PROD000138,Southeast,177,57,2026-01-28
PROD000218,Northeast,209,16,2026-01-28
PROD000237,West,144,30,2026-01-28
PROD000022,Southeast,202,38,2026-01-28
PROD000131,Southeast,144,43,2026-01-28
PROD000063,Midwest,218,45,2026-01-28
PROD000117,Midwest,116,27,2026-01-28
PROD000215,West,61,65,2026-01-28
PROD000225,Midwest,233,65,2026-01-28
PROD000204,Northeast,126,40,2026-01-28
PROD000083,Midwest,55,21,2026-01-28
PROD000006,Southeast,34,55,2026-01-28
PROD000196,Northeast,3,18,2026-01-28
PROD000231,Midwest,34,39,2026-01-28
PROD000064,West,236,64,2026-01-28
PROD000075,West,70,50,2026-01-28
PROD000044,Northeast,142,64,2026-01-28
PROD000233,Southeast,111,43,2026-01-28
PROD000047,Midwest,167,64,2026-01-28
PROD000170,Southeast,90,34,2026-01-28
PROD000009,Northeast,222,45,2026-01-28
PROD000229,Midwest,152,32,2026-01-28
PROD000101,Southeast,132,24,2026-01-28
PROD000160,Southeast,236,28,2026-01-28
PROD000011,Midwest,52,27,2026-01-28
PROD000206,Midwest,124,16,2026-01-28
PROD000110,West,17,17,2026-01-28
PROD000191,Northeast,119,29,2026-01-28
PROD000200,West,21,31,2026-01-28
PROD000205,Northeast,77,61,2026-01-28
PROD000241,Midwest,43,48,2026-01-28
PROD000126,Northeast,171,16,2026-01-28
PROD000040,West,207,31,2026-01-28
PROD000248,Northeast,110,44,2026-01-28
PROD000111,Midwest,182,58,2026-01-28
PROD000150,Southeast,139,58,2026-01-28
PROD000060,Southeast,231,19,2026-01-28
PROD000135,West,134,34,2026-01-28
PROD000050,Southeast,136,58,2026-01-28
PROD000067,West,178,48,2026-01-28
PROD000124,West,130,16,2026-01-28
PROD000091,Midwest,181,16,2026-01-28
PROD000228,Southeast,95,36,2026-01-28
PROD000100,Northeast,49,64,2026-01-28
PROD000179,Southeast,157,30,2026-01-28
PROD000104,Southeast,33,63,2026-01-28
PROD000239,Northeast,157,33,2026-01-28
PROD000071,Midwest,151,54,2026-01-28
PROD000129,West,201,26,2026-01-28
PROD000103,Midwest,95,63,2026-01-28
PROD000121,Northeast,210,26,2026-01-28
PROD000141,Midwest,72,39,2026-01-28
PROD000173,Southeast,12,47,2026-01-28
PROD000055,Southeast,238,64,2026-01-28
PROD000007,Midwest,152,40,2026-01-28
PROD000038,Northeast,42,61,2026-01-28
PROD000116,Southeast,208,49,2026-01-28
PROD000146,Northeast,230,52,2026-01-28
PROD000190,Midwest,122,51,2026-01-28
PROD000028,West,201,63,2026-01-28
PROD000165,West,148,18,2026-01-28
PROD000102,Northeast,8,18,2026-01-28
PROD000086,Midwest,51,54,2026-01-28
PROD000128,West,128,23,2026-01-28
PROD000155,West,33,33,2026-01-28
PROD000243,Northeast,49,23,2026-01-28
PROD000159,Northeast,141,55,2026-01-28
PROD000193,West,67,18,2026-01-28
PROD000072,West,226,62,2026-01-28
PROD000076,West,137,48,2026-01-28
PROD000184,Southeast,100,29,2026-01-28
PROD000094,West,178,48,2026-01-28
PROD000127,West,17,51,2026-01-28
PROD000013,Northeast,131,38,2026-01-28
PROD000194,West,143,46,2026-01-28
PROD000096,West,171,23,2026-01-28
PROD000173,West,51,67,2026-01-29
PROD000182,West,83,58,2026-01-29
PROD000109,Midwest,203,37,2026-01-29
PROD000208,Midwest,163,17,2026-01-29
PROD000144,Midwest,59,68,2026-01-29
PROD000169,Northeast,97,23,2026-01-29
PROD000132,Midwest,46,58,2026-01-29
PROD000214,Midwest,29,68,2026-01-29
PROD000242,Northeast,210,59,2026-01-29
PROD000139,West,39,66,2026-01-29
PROD000196,Southeast,35,53,2026-01-29
PROD000103,Midwest,228,24,2026-01-29
PROD000057,Southeast,115,47,2026-01-29
PROD000017,Midwest,25,67,2026-01-29
PROD000140,West,168,54,2026-01-29
PROD000230,Midwest,204,32,2026-01-29
PROD000225,Northeast,85,15,2026-01-29
PROD000040,Southeast,193,17,2026-01-29
PROD000237,Midwest,106,33,2026-01-29
PROD000113,Midwest,65,56,2026-01-29
PROD000016,West,88,34,2026-01-29
PROD000170,Southeast,196,25,2026-01-29
PROD000126,Southeast,209,21,2026-01-29
PROD000114,Midwest,143,63,2026-01-29
PROD000070,Northeast,229,16,2026-01-29
PROD000193,Southeast,151,61,2026-01-29
PROD000165,Southeast,30,46,2026-01-29
PROD000080,Midwest,7,53,2026-01-29
PROD000152,West,202,46,2026-01-29
PROD000197,Midwest,146,54,2026-01-29
PROD000210,Southeast,198,25,2026-01-29
PROD000015,Northeast,14,21,2026-01-29
PROD000116,Midwest,206,69,2026-01-29
PROD000013,West,76,43,2026-01-29
PROD000024,Southeast,4,58,2026-01-29
PROD000188,Southeast,169,57,2026-01-29
PROD000215,Midwest,141,35,2026-01-29
PROD000168,Northeast,232,31,2026-01-29
PROD000067,Southeast,12,22,2026-01-29
PROD000117,Southeast,121,43,2026-01-29
PROD000105,Southeast,178,37,2026-01-29
PROD000049,Southeast,224,17,2026-01-29
PROD000243,Midwest,127,31,2026-01-29
PROD000204,Northeast,206,60,2026-01-29
PROD000037,West,206,61,2026-01-29
PROD000149,Midwest,121,35,2026-01-29
PROD000195,Southeast,79,38,2026-01-29
PROD000241,Northeast,63,53,2026-01-29
PROD000229,West,55,69,2026-01-29
PROD000121,Southeast,140,17,2026-01-29
PROD000006,West,94,30,2026-01-29
PROD000207,West,219,45,2026-01-29
PROD000047,Midwest,147,18,2026-01-29
PROD000216,Southeast,205,16,2026-01-29
PROD000131,Southeast,144,41,2026-01-29
PROD000223,Northeast,69,33,2026-01-29
PROD000102,Southeast,53,53,2026-01-29
PROD000078,Southeast,69,56,2026-01-29
PROD000135,West,236,17,2026-01-29
PROD000041,Northeast,62,59,2026-01-29
PROD000125,Midwest,102,20,2026-01-29
PROD000091,Midwest,91,57,2026-01-29
PROD000054,West,124,27,2026-01-29
PROD000174,Midwest,95,27,2026-01-29
PROD000011,Southeast,200,36,2026-01-29
PROD000202,Northeast,237,66,2026-01-29
PROD000106,West,198,25,2026-01-29
PROD000156,Northeast,87,26,2026-01-29
PROD000090,Midwest,2,34,2026-01-29
PROD000233,West,43,59,2026-01-29
PROD000119,West,237,51,2026-01-29
PROD000245,Midwest,162,46,2026-01-29
PROD000186,Southeast,62,66,2026-01-29
PROD000035,Southeast,58,25,2026-01-29
PROD000217,Northeast,231,33,2026-01-29
PROD000227,West,162,34,2026-01-29
PROD000044,Southeast,104,53,2026-01-29
PROD000009,Northeast,116,29,2026-01-29
PROD000218,Midwest,229,40,2026-01-29
PROD000060,West,184,65,2026-01-29
PROD000157,Southeast,193,45,2026-01-29
PROD000096,Midwest,177,65,2026-01-29
PROD000092,Southeast,4,41,2026-01-29
PROD000115,Southeast,10,39,2026-01-29
PROD000083,West,181,33,2026-01-29
PROD000192,Northeast,28,31,2026-01-29
PROD000127,Northeast,133,35,2026-01-29
PROD000087,Midwest,214,53,2026-01-29
PROD000036,Midwest,57,20,2026-01-29
PROD000004,Southeast,16,53,2026-01-29
PROD000153,Midwest,194,47,2026-01-29
PROD000154,Northeast,65,64,2026-01-29
PROD000053,Midwest,213,60,2026-01-29
PROD000089,Northeast,22,40,2026-01-29
PROD000160,Southeast,165,18,2026-01-29
PROD000137,Midwest,157,39,2026-01-29
PROD000061,Southeast,56,59,2026-01-29
PROD000088,Southeast,11,21,2026-01-29
PROD000122,Midwest,20,66,2026-01-29
PROD000025,West,90,37,2026-01-29
PROD000164,Midwest,118,17,2026-01-29
PROD000232,Northeast,64,26,2026-01-29
PROD000046,Southeast,53,59,2026-01-29
PROD000063,Midwest,15,57,2026-01-29
PROD000002,Southeast,114,61,2026-01-29
PROD000198,West,71,27,2026-01-29
PROD000066,Northeast,63,65,2026-01-29
PROD000029,Northeast,125,38,2026-01-29
PROD000134,Southeast,239,41,2026-01-29
PROD000110,Midwest,170,15,2026-01-29
PROD000020,Southeast,90,35,2026-01-29
PROD000183,Northeast,22,38,2026-01-29
PROD000206,West,165,27,2026-01-29
PROD000163,Southeast,12,26,2026-01-29
PROD000151,Midwest,157,28,2026-01-29
PROD000081,Midwest,144,50,2026-01-29
PROD000007,Southeast,198,57,2026-01-29
PROD000023,Northeast,22,33,2026-01-29
PROD000093,Northeast,91,40,2026-01-29
PROD000167,Northeast,44,32,2026-01-29
PROD000222,Southeast,30,68,2026-01-30
PROD000042,Midwest,188,41,2026-01-30
PROD000215,Northeast,83,46,2026-01-30
PROD000249,Midwest,48,45,2026-01-30
PROD000119,West,101,26,2026-01-30
PROD000024,West,64,16,2026-01-30
PROD000156,Northeast,226,59,2026-01-30
PROD000061,Northeast,177,29,2026-01-30
PROD000004,Northeast,36,25,2026-01-30
PROD000020,Midwest,227,39,2026-01-30
PROD000134,Southeast,94,47,2026-01-30
PROD000003,Northeast,114,69,2026-01-30
PROD000182,Northeast,159,69,2026-01-30
PROD000043,West,121,59,2026-01-30
PROD000186,Northeast,233,61,2026-01-30
PROD000221,Northeast,50,51,2026-01-30
PROD000078,Southeast,75,30,2026-01-30
PROD000237,Midwest,100,29,2026-01-30
PROD000054,West,235,22,2026-01-30
PROD000231,Southeast,112,38,2026-01-30
PROD000110,Midwest,196,42,2026-01-30
PROD000106,West,68,52,2026-01-30
PROD000046,Northeast,118,40,2026-01-30
PROD000188,West,38,16,2026-01-30
PROD000058,Midwest,157,30,2026-01-30
PROD000236,Midwest,70,64,2026-01-30
PROD000118,Southeast,51,66,2026-01-30
PROD000176,Midwest,201,53,2026-01-30
PROD000001,West,55,15,2026-01-30
PROD000195,Midwest,48,54,2026-01-30
PROD000135,West,204,67,2026-01-30
PROD000168,West,218,28,2026-01-30
PROD000066,Northeast,174,36,2026-01-30
PROD000219,West,227,17,2026-01-30
PROD000198,West,100,54,2026-01-30
PROD000127,Midwest,82,29,2026-01-30
PROD000141,Northeast,139,62,2026-01-30
PROD000178,Northeast,191,44,2026-01-30
PROD000210,Midwest,23,60,2026-01-30
PROD000136,Northeast,57,16,2026-01-30
PROD000047,Northeast,114,56,2026-01-30
PROD000111,West,175,54,2026-01-30
PROD000235,West,178,65,2026-01-30
PROD000203,Midwest,58,44,2026-01-30
PROD000153,West,202,37,2026-01-30
PROD000080,Southeast,33,16,2026-01-30
PROD000097,Southeast,109,50,2026-01-30
PROD000226,West,237,22,2026-01-30
PROD000112,Midwest,235,33,2026-01-30
PROD000013,West,94,69,2026-01-30
PROD000209,Southeast,187,49,2026-01-30
PROD000010,Southeast,56,60,2026-01-30
PROD000113,West,1,39,2026-01-30
PROD000181,Southeast,155,58,2026-01-30
PROD000056,Southeast,154,38,2026-01-30
PROD000169,Northeast,100,26,2026-01-30
PROD000030,Southeast,28,46,2026-01-30
PROD000102,Midwest,173,66,2026-01-30
PROD000069,West,1,40,2026-01-30
PROD000245,West,167,59,2026-01-30
PROD000152,Southeast,177,67,2026-01-30
PROD000229,Midwest,153,33,2026-01-30
PROD000116,Northeast,72,17,2026-01-30
PROD000117,Northeast,136,17,2026-01-30
PROD000120,West,235,40,2026-01-30
PROD000228,West,164,54,2026-01-30
PROD000129,Midwest,94,60,2026-01-30
PROD000095,Southeast,135,28,2026-01-30
PROD000172,Midwest,158,43,2026-01-30
PROD000180,Southeast,214,20,2026-01-30
PROD000089,Southeast,24,29,2026-01-30
PROD000104,Northeast,68,61,2026-01-30
PROD000238,West,77,63,2026-01-30
PROD000193,Midwest,72,64,2026-01-30
PROD000085,Northeast,132,19,2026-01-30
PROD000081,Midwest,187,44,2026-01-30
PROD000002,Southeast,69,30,2026-01-30
PROD000214,West,206,26,2026-01-30
PROD000225,Southeast,84,43,2026-01-30
PROD000212,Northeast,61,36,2026-01-30
PROD000049,West,195,51,2026-01-30
PROD000026,Northeast,21,69,2026-01-30
PROD000082,Midwest,194,57,2026-01-30
PROD000244,Northeast,52,61,2026-01-30
PROD000150,Southeast,36,60,2026-01-30
PROD000053,Midwest,104,58,2026-01-30
PROD000014,Midwest,218,32,2026-01-30
PROD000121,Southeast,135,68,2026-01-30
PROD000204,West,170,39,2026-01-30
PROD000158,Midwest,136,32,2026-01-30
PROD000211,Southeast,181,39,2026-01-30
PROD000200,Midwest,63,26,2026-01-30
PROD000239,Midwest,77,32,2026-01-30
PROD000114,Midwest,185,40,2026-01-30
PROD000092,Northeast,235,68,2026-01-30
PROD000086,Southeast,34,46,2026-01-30
PROD000072,Southeast,170,60,2026-01-30
PROD000166,Southeast,131,65,2026-01-30
PROD000151,Midwest,237,52,2026-01-30
PROD000123,Southeast,198,46,2026-01-30
PROD000034,Midwest,7,21,2026-01-30
PROD000162,Southeast,202,59,2026-01-30
PROD000044,Midwest,65,52,2026-01-30
PROD000132,West,157,51,2026-01-30
PROD000157,West,135,56,2026-01-30
PROD000103,Midwest,205,24,2026-01-30
PROD000045,Northeast,230,41,2026-01-30
PROD000250,Southeast,160,54,2026-01-30
PROD000052,Midwest,62,60,2026-01-30
PROD000139,West,36,48,2026-01-30
PROD000217,West,116,36,2026-01-30
PROD000075,West,14,53,2026-01-30
PROD000021,Northeast,13,61,2026-01-30
PROD000137,Northeast,188,34,2026-01-30
PROD000148,West,181,44,2026-01-30
PROD000051,Midwest,43,21,2026-01-30
PROD000208,Northeast,63,66,2026-01-30
PROD000099,West,233,56,2026-01-30
PROD000220,West,213,16,2026-01-30
PROD000064,Southeast,185,55,2026-01-30
PROD000213,West,40,48,2026-01-31
PROD000155,Northeast,72,21,2026-01-31
PROD000104,Northeast,87,31,2026-01-31
PROD000225,Midwest,206,32,2026-01-31
PROD000193,West,110,52,2026-01-31
PROD000032,West,115,27,2026-01-31
PROD000041,West,54,41,2026-01-31
PROD000063,Southeast,229,27,2026-01-31
PROD000219,Midwest,212,36,2026-01-31
PROD000220,Northeast,196,52,2026-01-31
PROD000229,Northeast,95,29,2026-01-31
PROD000171,Southeast,93,47,2026-01-31
PROD000192,Midwest,153,58,2026-01-31
PROD000027,Midwest,223,32,2026-01-31
PROD000133,Southeast,88,60,2026-01-31
PROD000146,West,58,56,2026-01-31
PROD000222,Southeast,65,63,2026-01-31
PROD000074,West,108,40,2026-01-31
PROD000161,Northeast,97,43,2026-01-31
PROD000130,Southeast,8,63,2026-01-31
PROD000022,Northeast,98,67,2026-01-31
PROD000145,Midwest,111,36,2026-01-31
PROD000185,Southeast,18,18,2026-01-31
PROD000209,West,128,43,2026-01-31
PROD000244,Northeast,51,15,2026-01-31
PROD000083,Southeast,153,64,2026-01-31
PROD000087,Midwest,194,52,2026-01-31
PROD000214,West,118,45,2026-01-31
PROD000165,Southeast,185,23,2026-01-31
PROD000062,Northeast,132,17,2026-01-31
PROD000019,Midwest,199,45,2026-01-31
PROD000111,Northeast,38,59,2026-01-31
PROD000236,Southeast,118,27,2026-01-31
PROD000232,Northeast,148,69,2026-01-31
PROD000221,Northeast,186,18,2026-01-31
PROD000211,Northeast,133,49,2026-01-31
PROD000147,Northeast,119,31,2026-01-31
PROD000057,Northeast,163,41,2026-01-31
PROD000089,Midwest,218,35,2026-01-31
PROD000196,Southeast,128,19,2026-01-31
PROD000061,Midwest,162,42,2026-01-31
PROD000084,Midwest,90,58,2026-01-31
PROD000048,Midwest,228,58,2026-01-31
PROD000053,Midwest,214,27,2026-01-31
PROD000050,Midwest,141,50,2026-01-31
PROD000096,West,106,48,2026-01-31
PROD000184,Midwest,68,42,2026-01-31
PROD000203,Southeast,73,30,2026-01-31
PROD000120,West,172,37,2026-01-31
PROD000162,West,225,69,2026-01-31
PROD000047,Midwest,103,58,2026-01-31
PROD000109,Northeast,223,61,2026-01-31
PROD000174,Southeast,58,49,2026-01-31
PROD000038,West,30,39,2026-01-31
PROD000040,Midwest,42,66,2026-01-31
PROD000163,West,207,28,2026-01-31
PROD000108,Southeast,145,51,2026-01-31
PROD000148,Southeast,168,17,2026-01-31
PROD000042,West,109,67,2026-01-31
PROD000118,Northeast,220,30,2026-01-31
PROD000242,West,11,23,2026-01-31
PROD000131,Southeast,2,42,2026-01-31
PROD000021,West,205,43,2026-01-31
PROD000241,Northeast,117,20,2026-01-31
PROD000150,Southeast,195,55,2026-01-31
PROD000037,Midwest,142,54,2026-01-31
PROD000002,Southeast,167,42,2026-01-31
PROD000168,Midwest,100,34,2026-01-31
PROD000045,Midwest,55,54,2026-01-31
PROD000215,Northeast,130,58,2026-01-31
PROD000218,Northeast,101,65,2026-01-31
PROD000247,Northeast,173,20,2026-01-31
PROD000077,Northeast,56,48,2026-01-31
PROD000169,Midwest,89,68,2026-01-31
PROD000227,West,109,26,2026-01-31
PROD000197,Southeast,99,65,2026-01-31
PROD000143,Midwest,104,29,2026-01-31
PROD000239,Northeast,229,22,2026-01-31
PROD000175,Midwest,143,41,2026-01-31
PROD000181,Northeast,235,65,2026-01-31
PROD000177,Midwest,26,37,2026-01-31
PROD000043,Midwest,5,38,2026-01-31
PROD000170,Northeast,145,68,2026-01-31
PROD000216,Southeast,16,25,2026-01-31
PROD000082,Northeast,100,59,2026-01-31
PROD000001,West,225,22,2026-01-31
PROD000039,Southeast,18,27,2026-01-31
PROD000009,Northeast,62,54,2026-01-31
PROD000195,West,130,55,2026-01-31
PROD000153,West,131,56,2026-01-31
PROD000106,Midwest,18,16,2026-01-31
PROD000064,Midwest,122,61,2026-01-31
PROD000023,Southeast,0,59,2026-01-31
PROD000198,Southeast,37,21,2026-01-31
PROD000179,Southeast,74,58,2026-01-31
PROD000094,West,217,21,2026-01-31
PROD000140,Southeast,166,43,2026-01-31
PROD000142,Midwest,114,39,2026-01-31
PROD000110,West,174,53,2026-01-31
PROD000092,Northeast,197,29,2026-01-31
PROD000200,Midwest,101,47,2026-01-31
PROD000078,Southeast,203,46,2026-01-31
PROD000191,West,238,58,2026-01-31
PROD000183,Northeast,135,69,2026-01-31
PROD000206,Midwest,148,56,2026-01-31
PROD000160,Midwest,183,24,2026-01-31
PROD000095,Midwest,69,36,2026-01-31
PROD000152,Southeast,128,18,2026-01-31
PROD000230,Midwest,147,53,2026-01-31
PROD000238,Midwest,79,57,2026-01-31
PROD000085,Southeast,122,51,2026-01-31
PROD000159,Northeast,216,65,2026-01-31
PROD000141,Northeast,58,43,2026-01-31
PROD000182,Southeast,166,43,2026-01-31
PROD000156,Northeast,143,15,2026-01-31
PROD000122,Northeast,115,41,2026-01-31
PROD000072,Northeast,77,61,2026-01-31
PROD000086,Midwest,154,57,2026-01-31
PROD000201,Midwest,83,40,2026-01-31
PROD000005,Midwest,234,55,2026-01-31
PROD000203,Southeast,172,54,2026-02-01
PROD000232,West,213,67,2026-02-01
PROD000147,Southeast,4,24,2026-02-01
PROD000003,Northeast,29,60,2026-02-01
PROD000032,Midwest,201,44,2026-02-01
PROD000224,Midwest,20,66,2026-02-01
PROD000069,Midwest,143,57,2026-02-01
PROD000191,West,46,51,2026-02-01
PROD000084,Northeast,126,68,2026-02-01
PROD000105,Southeast,76,53,2026-02-01
PROD000030,Southeast,212,15,2026-02-01
PROD000036,Northeast,224,38,2026-02-01
PROD000218,Southeast,46,41,2026-02-01
PROD000026,Northeast,137,36,2026-02-01
PROD000058,West,145,40,2026-02-01
PROD000181,Midwest,121,32,2026-02-01
PROD000034,Northeast,41,27,2026-02-01
PROD000196,Northeast,59,65,2026-02-01
PROD000042,Midwest,44,28,2026-02-01
PROD000135,Northeast,208,40,2026-02-01
PROD000204,Midwest,125,30,2026-02-01
PROD000246,Northeast,224,19,2026-02-01
PROD000057,Southeast,141,39,2026-02-01
PROD000007,Midwest,74,47,2026-02-01
PROD000072,Midwest,153,37,2026-02-01
PROD000071,Southeast,160,67,2026-02-01
PROD000187,Southeast,13,47,2026-02-01
PROD000068,Northeast,170,37,2026-02-01
PROD000189,Southeast,96,69,2026-02-01
PROD000136,Southeast,40,16,2026-02-01
PROD000100,Southeast,53,61,2026-02-01
PROD000158,Northeast,158,31,2026-02-01
PROD000056,Midwest,136,59,2026-02-01
PROD000051,Northeast,55,15,2026-02-01
PROD000163,Southeast,55,63,2026-02-01
PROD000194,Midwest,71,58,2026-02-01
PROD000231,West,37,63,2026-02-01
PROD000221,Midwest,173,68,2026-02-01
PROD000217,Southeast,234,23,2026-02-01
PROD000141,West,147,41,2026-02-01
PROD000160,Southeast,145,24,2026-02-01
PROD000199,Midwest,167,67,2026-02-01
PROD000171,West,89,45,2026-02-01
PROD000094,West,231,21,2026-02-01
PROD000177,Northeast,128,54,2026-02-01
PROD000198,Southeast,132,54,2026-02-01
PROD000138,Southeast,57,60,2026-02-01
PROD000128,Midwest,168,26,2026-02-01
PROD000168,Southeast,187,53,2026-02-01
PROD000142,Southeast,80,23,2026-02-01
PROD000157,Southeast,137,40,2026-02-01
PROD000123,Northeast,18,48,2026-02-01
PROD000140,Southeast,118,38,2026-02-01
PROD000025,Midwest,118,20,2026-02-01
PROD000195,Southeast,209,26,2026-02-01
PROD000018,West,91,53,2026-02-01
PROD000008,Southeast,34,17,2026-02-01
PROD000192,Northeast,185,58,2026-02-01
PROD000006,West,110,31,2026-02-01
PROD000004,Southeast,75,35,2026-02-01
PROD000116,Northeast,13,43,2026-02-01
PROD000082,West,238,64,2026-02-01
PROD000214,Southeast,104,56,2026-02-01
PROD000208,West,205,67,2026-02-01
PROD000102,Southeast,69,32,2026-02-01
PROD000183,Midwest,13,29,2026-02-01
PROD000229,Midwest,175,68,2026-02-01
PROD000085,West,232,37,2026-02-01
PROD000148,Midwest,53,64,2026-02-01
PROD000174,West,116,21,2026-02-01
PROD000104,Northeast,149,48,2026-02-01
PROD000074,Southeast,39,33,2026-02-01
PROD000210,West,122,50,2026-02-01
PROD000149,Midwest,226,67,2026-02-01
PROD000077,Midwest,24,62,2026-02-01
PROD000016,Southeast,65,66,2026-02-01
PROD000245,Northeast,174,22,2026-02-01
PROD000122,Midwest,77,43,2026-02-01
PROD000125,West,120,64,2026-02-01
PROD000046,Southeast,204,69,2026-02-01
PROD000239,West,19,39,2026-02-01
PROD000076,Midwest,48,16,2026-02-01
PROD000180,West,86,69,2026-02-01
PROD000075,Southeast,85,28,2026-02-01
PROD000070,Southeast,144,59,2026-02-01
PROD000086,Southeast,121,15,2026-02-01
PROD000151,Southeast,174,16,2026-02-01
PROD000112,Midwest,19,69,2026-02-01
PROD000178,Northeast,172,57,2026-02-01
PROD000091,Southeast,206,52,2026-02-01
PROD000081,Midwest,192,30,2026-02-01
PROD000153,West,123,55,2026-02-01
PROD000111,Southeast,105,22,2026-02-01
PROD000222,Southeast,30,61,2026-02-01
PROD000129,Southeast,126,48,2026-02-01
PROD000233,Midwest,232,39,2026-02-01
PROD000173,Northeast,230,69,2026-02-01
PROD000073,Southeast,21,49,2026-02-01
PROD000101,Midwest,217,65,2026-02-01
PROD000200,Midwest,170,38,2026-02-01
PROD000052,Southeast,230,69,2026-02-01
PROD000243,Northeast,14,30,2026-02-01
PROD000110,Southeast,34,19,2026-02-01
PROD000043,Southeast,44,62,2026-02-01
PROD000033,Midwest,226,33,2026-02-01
PROD000044,West,201,28,2026-02-01
PROD000038,Southeast,157,24,2026-02-01
PROD000186,Southeast,211,26,2026-02-01
PROD000190,West,67,59,2026-02-01
PROD000113,Southeast,84,51,2026-02-01
PROD000235,West,74,29,2026-02-01
PROD000250,Northeast,148,62,2026-02-01
PROD000137,Northeast,130,54,2026-02-01
PROD000215,West,55,55,2026-02-01
PROD000201,Northeast,50,37,2026-02-01
PROD000093,Northeast,209,65,2026-02-01
PROD000098,Midwest,239,28,2026-02-01
PROD000156,Northeast,47,47,2026-02-01
PROD000121,Southeast,2,51,2026-02-01
PROD000087,Northeast,17,27,2026-02-01
PROD000010,Midwest,143,45,2026-02-02
PROD000138,Northeast,93,19,2026-02-02
PROD000019,Midwest,74,32,2026-02-02
PROD000071,Midwest,188,53,2026-02-02
PROD000050,Northeast,36,54,2026-02-02
PROD000006,Midwest,162,47,2026-02-02
PROD000170,West,132,41,2026-02-02
PROD000185,West,214,61,2026-02-02
PROD000247,West,111,29,2026-02-02
PROD000122,Midwest,122,59,2026-02-02
PROD000022,Northeast,35,61,2026-02-02
PROD000195,Midwest,177,62,2026-02-02
PROD000013,Northeast,150,21,2026-02-02
PROD000062,Southeast,155,51,2026-02-02
PROD000233,West,59,26,2026-02-02
PROD000131,Northeast,126,66,2026-02-02
PROD000011,Midwest,43,59,2026-02-02
PROD000106,West,86,57,2026-02-02
PROD000115,Midwest,59,29,2026-02-02
PROD000008,Southeast,77,68,2026-02-02
PROD000082,Midwest,117,56,2026-02-02
PROD000026,West,188,51,2026-02-02
PROD000038,Northeast,176,15,2026-02-02
PROD000142,Southeast,46,62,2026-02-02
PROD000144,Southeast,121,29,2026-02-02
PROD000214,Southeast,37,52,2026-02-02
PROD000238,Northeast,198,64,2026-02-02
PROD000056,Southeast,202,37,2026-02-02
PROD000045,West,210,25,2026-02-02
PROD000034,Midwest,27,45,2026-02-02
PROD000053,Midwest,144,59,2026-02-02
PROD000110,Southeast,203,53,2026-02-02
PROD000079,Southeast,91,24,2026-02-02
PROD000249,Northeast,55,34,2026-02-02
PROD000148,Midwest,78,25,2026-02-02
PROD000128,Northeast,149,59,2026-02-02
PROD000205,Northeast,160,49,2026-02-02
PROD000047,Northeast,26,66,2026-02-02
PROD000242,Midwest,65,43,2026-02-02
PROD000009,Southeast,140,32,2026-02-02
PROD000139,Northeast,132,32,2026-02-02
PROD000204,West,173,47,2026-02-02
PROD000198,Northeast,111,35,2026-02-02
PROD000162,Southeast,29,30,2026-02-02
PROD000018,West,197,17,2026-02-02
PROD000160,Southeast,104,61,2026-02-02
PROD000133,Northeast,151,17,2026-02-02
PROD000175,Midwest,48,53,2026-02-02
PROD000087,Southeast,56,31,2026-02-02
PROD000123,Southeast,13,20,2026-02-02
PROD000177,Midwest,159,53,2026-02-02
PROD000171,Southeast,53,37,2026-02-02
PROD000076,West,106,36,2026-02-02
PROD000199,Midwest,213,66,2026-02-02
PROD000186,West,102,64,2026-02-02
PROD000235,West,210,51,2026-02-02
PROD000179,Northeast,1,60,2026-02-02
PROD000217,Midwest,193,17,2026-02-02
PROD000032,Northeast,157,42,2026-02-02
PROD000098,Northeast,72,65,2026-02-02
PROD000182,Southeast,12,40,2026-02-02
PROD000095,Midwest,94,57,2026-02-02
PROD000193,Midwest,89,36,2026-02-02
PROD000100,West,178,61,2026-02-02
PROD000030,West,101,52,2026-02-02
PROD000069,West,6,30,2026-02-02
PROD000078,Northeast,0,37,2026-02-02
PROD000099,Midwest,81,49,2026-02-02
PROD000016,West,225,59,2026-02-02
PROD000137,Southeast,224,28,2026-02-02
PROD000015,West,23,43,2026-02-02
PROD000181,Southeast,99,22,2026-02-02
PROD000213,West,235,68,2026-02-02
PROD000206,West,143,43,2026-02-02
PROD000245,West,138,28,2026-02-02
PROD000029,Northeast,214,47,2026-02-02
PROD000113,West,50,53,2026-02-02
PROD000158,Northeast,135,28,2026-02-02
PROD000178,Northeast,101,58,2026-02-02
PROD000231,Midwest,30,18,2026-02-02
PROD000097,Midwest,50,20,2026-02-02
PROD000003,Northeast,178,32,2026-02-02
PROD000125,West,231,47,2026-02-02
PROD000060,West,238,41,2026-02-02
PROD000116,Southeast,71,63,2026-02-02
PROD000080,Northeast,8,68,2026-02-02
PROD000224,Northeast,17,65,2026-02-02
PROD000023,Southeast,92,62,2026-02-02
PROD000230,Midwest,3,27,2026-02-02
PROD000250,Northeast,228,36,2026-02-02
PROD000194,West,43,58,2026-02-02
PROD000226,Midwest,230,16,2026-02-02
PROD000090,Midwest,127,23,2026-02-02
PROD000102,West,226,27,2026-02-02
PROD000191,Midwest,212,54,2026-02-02
PROD000012,Southeast,230,20,2026-02-02
PROD000188,West,15,36,2026-02-02
PROD000064,Northeast,187,63,2026-02-02
PROD000117,Northeast,204,51,2026-02-02
PROD000132,Northeast,193,33,2026-02-02
PROD000046,Midwest,106,63,2026-02-02
PROD000157,West,196,40,2026-02-02
PROD000218,West,108,30,2026-02-02
PROD000140,Midwest,110,27,2026-02-02
PROD000120,Southeast,83,29,2026-02-02
PROD000070,West,123,63,2026-02-02
PROD000174,Northeast,181,26,2026-02-02
PROD000215,West,217,52,2026-02-02
PROD000063,West,165,43,2026-02-02
PROD000202,Southeast,154,37,2026-02-02
PROD000180,Midwest,56,45,2026-02-02
PROD000027,Northeast,187,56,2026-02-02
PROD000201,Southeast,62,44,2026-02-02
PROD000159,Southeast,90,56,2026-02-02
PROD000028,Midwest,31,39,2026-02-02
PROD000130,Northeast,166,43,2026-02-02
PROD000149,Midwest,15,25,2026-02-02
PROD000209,Southeast,211,17,2026-02-02
PROD000165,Midwest,154,43,2026-02-02
PROD000043,Southeast,206,29,2026-02-02
PROD000210,West,91,49,2026-02-03
PROD000067,Southeast,235,58,2026-02-03
PROD000111,Southeast,104,40,2026-02-03
PROD000170,Midwest,195,47,2026-02-03
PROD000188,Southeast,205,24,2026-02-03
PROD000038,Southeast,199,28,2026-02-03
PROD000239,Southeast,18,67,2026-02-03
PROD000228,Midwest,180,59,2026-02-03
PROD000174,West,53,43,2026-02-03
PROD000211,Northeast,78,33,2026-02-03
PROD000003,Southeast,126,18,2026-02-03
PROD000089,Northeast,228,53,2026-02-03
PROD000180,Southeast,207,56,2026-02-03
PROD000207,West,134,47,2026-02-03
PROD000212,Midwest,104,45,2026-02-03
PROD000192,West,182,67,2026-02-03
PROD000045,Northeast,21,61,2026-02-03
PROD000069,West,23,19,2026-02-03
PROD000135,Midwest,35,50,2026-02-03
PROD000114,Southeast,196,25,2026-02-03
PROD000158,Midwest,75,61,2026-02-03
PROD000096,Southeast,67,46,2026-02-03
PROD000047,Southeast,109,69,2026-02-03
PROD000013,Southeast,66,61,2026-02-03
PROD000121,West,115,39,2026-02-03
PROD000072,Northeast,89,29,2026-02-03
PROD000191,Midwest,110,22,2026-02-03
PROD000163,Midwest,212,27,2026-02-03
PROD000078,Northeast,141,39,2026-02-03
PROD000131,Southeast,102,37,2026-02-03
PROD000175,Southeast,54,54,2026-02-03
PROD000044,Midwest,74,48,2026-02-03
PROD000057,West,52,59,2026-02-03
PROD000221,West,4,23,2026-02-03
PROD000168,Southeast,230,49,2026-02-03
PROD000186,Midwest,120,31,2026-02-03
PROD000062,West,198,57,2026-02-03
PROD000146,Midwest,214,15,2026-02-03
PROD000115,Northeast,202,51,2026-02-03
PROD000201,Southeast,76,67,2026-02-03
PROD000007,Northeast,143,43,2026-02-03
PROD000098,Southeast,110,52,2026-02-03
PROD000004,West,80,64,2026-02-03
PROD000183,Southeast,225,37,2026-02-03
PROD000058,Southeast,140,39,2026-02-03
PROD000248,West,41,38,2026-02-03
PROD000223,Southeast,83,31,2026-02-03
PROD000002,West,29,33,2026-02-03
PROD000195,West,159,69,2026-02-03
PROD000214,West,192,40,2026-02-03
PROD000244,West,78,47,2026-02-03
PROD000190,Southeast,184,29,2026-02-03
PROD000066,Southeast,174,55,2026-02-03
PROD000091,Midwest,85,67,2026-02-03
PROD000187,Midwest,66,34,2026-02-03
PROD000082,West,0,22,2026-02-03
PROD000095,West,28,15,2026-02-03
PROD000194,Southeast,206,66,2026-02-03
PROD000034,Northeast,197,38,2026-02-03
PROD000226,West,15,50,2026-02-03
PROD000171,Southeast,115,60,2026-02-03
PROD000110,Midwest,139,16,2026-02-03
PROD000112,West,75,15,2026-02-03
PROD000027,Midwest,171,66,2026-02-03
PROD000144,Northeast,132,66,2026-02-03
PROD000179,West,112,56,2026-02-03
PROD000198,Midwest,22,42,2026-02-03
PROD000037,Southeast,62,59,2026-02-03
PROD000102,Midwest,133,64,2026-02-03
PROD000200,Southeast,183,50,2026-02-03
PROD000155,West,229,49,2026-02-03
PROD000011,Midwest,21,56,2026-02-03
PROD000076,West,108,33,2026-02-03
PROD000150,Southeast,206,34,2026-02-03
PROD000074,West,131,68,2026-02-03
PROD000093,West,13,42,2026-02-03
PROD000247,Southeast,69,52,2026-02-03
PROD000137,Midwest,239,41,2026-02-03
PROD000075,West,197,56,2026-02-03
PROD000243,West,233,40,2026-02-03
PROD000053,Northeast,88,19,2026-02-03
PROD000203,Northeast,183,68,2026-02-03
PROD000136,Southeast,203,25,2026-02-03
PROD000242,Southeast,69,69,2026-02-03
PROD000068,Southeast,28,37,2026-02-03
PROD000148,Midwest,55,59,2026-02-03
PROD000028,Northeast,54,37,2026-02-03
PROD000020,Midwest,93,23,2026-02-03
PROD000022,Midwest,5,16,2026-02-03
PROD000026,West,224,66,2026-02-03
PROD000231,West,112,33,2026-02-03
PROD000051,Midwest,7,17,2026-02-03
PROD000025,Northeast,98,61,2026-02-03
PROD000245,Southeast,96,55,2026-02-03
PROD000138,Midwest,64,55,2026-02-03
PROD000035,Southeast,72,33,2026-02-03
PROD000117,Southeast,98,43,2026-02-03
PROD000199,Midwest,135,27,2026-02-03
PROD000001,Southeast,38,45,2026-02-03
PROD000238,Southeast,64,25,2026-02-03
PROD000230,Midwest,199,40,2026-02-03
PROD000019,West,95,52,2026-02-03
PROD000008,Midwest,49,48,2026-02-03
PROD000196,Midwest,29,54,2026-02-03
PROD000128,Midwest,157,15,2026-02-03
PROD000056,West,209,27,2026-02-03
PROD000232,West,174,63,2026-02-03
PROD000147,Southeast,70,49,2026-02-03
PROD000097,Midwest,208,32,2026-02-03
PROD000140,Midwest,66,29,2026-02-03
PROD000064,Midwest,45,53,2026-02-03
PROD000224,Northeast,52,52,2026-02-03
PROD000009,West,233,64,2026-02-03
PROD000106,Northeast,119,24,2026-02-03
PROD000071,West,66,50,2026-02-03
PROD000124,Midwest,59,51,2026-02-03
PROD000012,Southeast,37,25,2026-02-03
PROD000080,West,81,25,2026-02-03
PROD000153,Midwest,53,51,2026-02-03
PROD000159,West,202,51,2026-02-03
PROD000143,Southeast,129,17,2026-02-04
PROD000189,Midwest,82,18,2026-02-04
PROD000223,Southeast,81,65,2026-02-04
PROD000056,Southeast,123,52,2026-02-04
PROD000037,West,81,46,2026-02-04
PROD000194,Southeast,126,66,2026-02-04
PROD000212,Southeast,61,41,2026-02-04
PROD000242,West,50,20,2026-02-04
PROD000121,Northeast,52,44,2026-02-04
PROD000126,Northeast,62,58,2026-02-04
PROD000098,West,177,26,2026-02-04
PROD000051,Southeast,235,52,2026-02-04
PROD000243,West,168,32,2026-02-04
PROD000096,Southeast,23,41,2026-02-04
PROD000184,Midwest,93,37,2026-02-04
PROD000113,West,143,31,2026-02-04
PROD000079,Northeast,67,67,2026-02-04
PROD000091,Midwest,26,63,2026-02-04
PROD000049,Northeast,107,43,2026-02-04
PROD000087,Northeast,212,46,2026-02-04
PROD000054,Northeast,18,16,2026-02-04
PROD000202,West,111,32,2026-02-04
PROD000027,Southeast,26,38,2026-02-04
PROD000151,Midwest,212,53,2026-02-04
PROD000038,Midwest,180,42,2026-02-04
PROD000210,Northeast,65,30,2026-02-04
PROD000104,Southeast,238,39,2026-02-04
PROD000172,Midwest,164,67,2026-02-04
PROD000185,West,233,42,2026-02-04
PROD000071,West,28,42,2026-02-04
PROD000196,Midwest,86,50,2026-02-04
PROD000191,West,182,34,2026-02-04
PROD000023,Northeast,71,19,2026-02-04
PROD000119,West,67,24,2026-02-04
PROD000100,West,177,16,2026-02-04
PROD000245,Midwest,128,31,2026-02-04
PROD000003,Midwest,47,17,2026-02-04
PROD000076,West,107,27,2026-02-04
PROD000248,Southeast,164,20,2026-02-04
PROD000216,Southeast,165,18,2026-02-04
PROD000197,Midwest,118,48,2026-02-04
PROD000029,West,158,25,2026-02-04
PROD000148,Southeast,185,26,2026-02-04
PROD000111,West,3,16,2026-02-04
PROD000214,Southeast,215,57,2026-02-04
PROD000231,West,171,15,2026-02-04
PROD000155,West,93,29,2026-02-04
PROD000183,Southeast,121,45,2026-02-04
PROD000241,Northeast,239,30,2026-02-04
PROD000128,Midwest,19,50,2026-02-04
PROD000006,Midwest,7,50,2026-02-04
PROD000030,West,145,36,2026-02-04
PROD000221,Midwest,181,58,2026-02-04
PROD000158,West,167,64,2026-02-04
PROD000097,West,79,33,2026-02-04
PROD000115,Midwest,61,65,2026-02-04
PROD000118,Northeast,18,23,2026-02-04
PROD000134,Southeast,129,16,2026-02-04
PROD000088,West,177,56,2026-02-04
PROD000166,Southeast,66,42,2026-02-04
PROD000092,West,130,31,2026-02-04
PROD000064,West,222,26,2026-02-04
PROD000036,Midwest,234,20,2026-02-04
PROD000141,Midwest,19,25,2026-02-04
PROD000230,Southeast,228,52,2026-02-04
PROD000187,Midwest,159,59,2026-02-04
PROD000069,Southeast,36,44,2026-02-04
PROD000116,Northeast,216,56,2026-02-04
PROD000225,Midwest,204,60,2026-02-04
PROD000015,West,211,43,2026-02-04
PROD000026,Northeast,62,67,2026-02-04
PROD000052,Northeast,211,66,2026-02-04
PROD000238,Midwest,27,20,2026-02-04
PROD000228,West,24,55,2026-02-04
PROD000031,West,183,48,2026-02-04
PROD000014,Northeast,217,41,2026-02-04
PROD000021,Northeast,66,33,2026-02-04
PROD000010,Midwest,210,16,2026-02-04
PROD000229,Northeast,157,29,2026-02-04
PROD000250,Northeast,33,43,2026-02-04
PROD000149,Southeast,227,58,2026-02-04
PROD000195,Midwest,5,48,2026-02-04
PROD000159,Southeast,25,40,2026-02-04
PROD000020,Northeast,236,19,2026-02-04
PROD000175,Midwest,57,28,2026-02-04
PROD000068,Northeast,126,38,2026-02-04
PROD000178,West,83,60,2026-02-04
PROD000066,West,13,29,2026-02-04
PROD000044,Midwest,143,53,2026-02-04
PROD000108,Southeast,216,59,2026-02-04
PROD000058,West,82,16,2026-02-04
PROD000174,West,59,43,2026-02-04
PROD000085,Northeast,42,45,2026-02-04
PROD000129,Midwest,224,61,2026-02-04
PROD000133,Southeast,203,33,2026-02-04
PROD000152,Midwest,11,16,2026-02-04
PROD000239,Midwest,64,66,2026-02-04
PROD000135,Midwest,127,54,2026-02-04
PROD000110,Southeast,187,41,2026-02-04
PROD000123,Southeast,6,67,2026-02-04
PROD000205,Northeast,197,64,2026-02-04
PROD000042,Midwest,67,28,2026-02-04
PROD000008,Northeast,67,37,2026-02-04
PROD000180,Northeast,219,52,2026-02-04
PROD000208,West,182,37,2026-02-04
PROD000007,Southeast,98,32,2026-02-04
PROD000009,Midwest,84,25,2026-02-04
PROD000139,West,174,33,2026-02-04
PROD000173,West,66,39,2026-02-04
PROD000032,Northeast,121,21,2026-02-04
PROD000035,Southeast,36,54,2026-02-04
PROD000043,Southeast,77,23,2026-02-04
PROD000045,Southeast,60,48,2026-02-04
PROD000050,Northeast,11,38,2026-02-04
PROD000138,West,154,62,2026-02-04
PROD000017,Southeast,175,19,2026-02-04
PROD000193,Northeast,123,23,2026-02-04
PROD000127,West,85,46,2026-02-04
PROD000215,West,130,36,2026-02-04
PROD000117,Midwest,131,15,2026-02-04
PROD000229,West,185,17,2026-02-05
PROD000082,West,96,38,2026-02-05
PROD000219,West,126,46,2026-02-05
PROD000080,Southeast,68,37,2026-02-05
PROD000006,West,163,58,2026-02-05
PROD000102,West,175,58,2026-02-05
PROD000136,Northeast,37,50,2026-02-05
PROD000028,Southeast,135,47,2026-02-05
PROD000245,Midwest,37,21,2026-02-05
PROD000021,Northeast,69,32,2026-02-05
PROD000246,Midwest,226,68,2026-02-05
PROD000193,Midwest,73,55,2026-02-05
PROD000137,Southeast,181,66,2026-02-05
PROD000059,Northeast,222,31,2026-02-05
PROD000118,West,66,63,2026-02-05
PROD000060,West,224,63,2026-02-05
PROD000218,West,231,39,2026-02-05
PROD000037,Northeast,237,26,2026-02-05
PROD000228,Northeast,16,41,2026-02-05
PROD000159,Midwest,199,48,2026-02-05
PROD000119,Midwest,19,40,2026-02-05
PROD000070,West,105,25,2026-02-05
PROD000240,West,160,66,2026-02-05
PROD000236,West,199,55,2026-02-05
PROD000091,Southeast,231,64,2026-02-05
PROD000211,Midwest,35,67,2026-02-05
PROD000126,Midwest,235,40,2026-02-05
PROD000134,Northeast,135,45,2026-02-05
PROD000132,Midwest,19,50,2026-02-05
PROD000206,Southeast,160,33,2026-02-05
PROD000139,Northeast,97,17,2026-02-05
PROD000114,Southeast,57,39,2026-02-05
PROD000029,Northeast,108,35,2026-02-05
PROD000163,West,216,24,2026-02-05
PROD000023,Midwest,60,39,2026-02-05
PROD000191,West,177,51,2026-02-05
PROD000133,West,218,41,2026-02-05
PROD000061,Southeast,145,51,2026-02-05
PROD000110,Midwest,135,19,2026-02-05
PROD000128,West,123,43,2026-02-05
PROD000104,West,103,48,2026-02-05
PROD000192,West,133,56,2026-02-05
PROD000130,Southeast,9,65,2026-02-05
PROD000074,Southeast,110,47,2026-02-05
PROD000112,West,198,56,2026-02-05
PROD000012,West,63,67,2026-02-05
PROD000223,Midwest,159,19,2026-02-05
PROD000094,West,47,18,2026-02-05
PROD000234,West,132,42,2026-02-05
PROD000036,Southeast,0,24,2026-02-05
PROD000048,Southeast,106,54,2026-02-05
PROD000041,Midwest,170,15,2026-02-05
PROD000249,Midwest,114,61,2026-02-05
PROD000225,Northeast,17,35,2026-02-05
PROD000089,Southeast,149,67,2026-02-05
PROD000100,Midwest,235,48,2026-02-05
PROD000010,Southeast,19,55,2026-02-05
PROD000049,Northeast,143,53,2026-02-05
PROD000043,Southeast,26,32,2026-02-05
PROD000172,West,43,29,2026-02-05
PROD000020,West,119,20,2026-02-05
PROD000231,Northeast,194,34,2026-02-05
PROD000011,Midwest,213,40,2026-02-05
PROD000205,Midwest,195,49,2026-02-05
PROD000210,Southeast,33,51,2026-02-05
PROD000062,West,35,54,2026-02-05
PROD000042,West,216,36,2026-02-05
PROD000187,Midwest,17,60,2026-02-05
PROD000033,Northeast,153,26,2026-02-05
PROD000017,Midwest,236,46,2026-02-05
PROD000116,West,171,60,2026-02-05
PROD000156,Southeast,201,43,2026-02-05
PROD000084,Southeast,87,21,2026-02-05
PROD000168,West,103,69,2026-02-05
PROD000141,West,92,49,2026-02-05
PROD000044,Northeast,81,28,2026-02-05
PROD000087,Northeast,60,53,2026-02-05
PROD000124,Southeast,97,20,2026-02-05
PROD000179,Northeast,93,45,2026-02-05
PROD000171,West,47,32,2026-02-05
PROD000066,West,223,49,2026-02-05
PROD000160,Northeast,141,25,2026-02-05
PROD000106,West,60,24,2026-02-05
PROD000073,Southeast,38,35,2026-02-05
PROD000009,Northeast,131,52,2026-02-05
PROD000201,Midwest,43,33,2026-02-05
PROD000154,Northeast,201,34,2026-02-05
PROD000122,West,98,54,2026-02-05
PROD000086,Southeast,204,52,2026-02-05
PROD000022,Southeast,144,32,2026-02-05
PROD000109,Midwest,36,46,2026-02-05
PROD000040,West,194,59,2026-02-05
PROD000202,Northeast,81,27,2026-02-05
PROD000239,West,212,45,2026-02-05
PROD000212,West,39,51,2026-02-05
PROD000047,West,105,18,2026-02-05
PROD000199,Northeast,124,54,2026-02-05
PROD000214,Southeast,98,15,2026-02-05
PROD000197,West,66,34,2026-02-05
PROD000173,Northeast,66,33,2026-02-05
PROD000050,Southeast,45,52,2026-02-05
PROD000051,Northeast,30,17,2026-02-05
PROD000026,West,163,25,2026-02-05
PROD000063,West,232,33,2026-02-05
PROD000165,West,97,69,2026-02-05
PROD000167,Midwest,30,25,2026-02-05
PROD000177,Midwest,191,54,2026-02-05
PROD000198,Northeast,1,61,2026-02-05
PROD000016,West,228,34,2026-02-05
PROD000057,Southeast,215,42,2026-02-05
PROD000153,Northeast,160,69,2026-02-05
PROD000092,West,164,65,2026-02-05
PROD000105,West,76,55,2026-02-05
PROD000185,Midwest,65,69,2026-02-05
PROD000233,Northeast,174,42,2026-02-05
PROD000182,Northeast,91,66,2026-02-05
PROD000244,West,145,67,2026-02-05
PROD000174,West,223,15,2026-02-05
PROD000158,West,116,38,2026-02-05
PROD000180,Southeast,9,51,2026-02-05
PROD000178,Midwest,59,30,2026-02-06
PROD000110,Midwest,150,64,2026-02-06
PROD000003,Southeast,3,50,2026-02-06
PROD000184,Northeast,236,60,2026-02-06
PROD000002,West,222,54,2026-02-06
PROD000053,Northeast,222,40,2026-02-06
PROD000025,West,221,18,2026-02-06
PROD000109,Midwest,132,21,2026-02-06
PROD000213,Midwest,197,48,2026-02-06
PROD000143,Southeast,213,61,2026-02-06
PROD000076,Southeast,68,46,2026-02-06
PROD000136,Southeast,148,33,2026-02-06
PROD000096,West,73,25,2026-02-06
PROD000152,West,65,25,2026-02-06
PROD000139,West,98,33,2026-02-06
PROD000146,Midwest,116,17,2026-02-06
PROD000137,Southeast,4,26,2026-02-06
PROD000111,Midwest,110,49,2026-02-06
PROD000236,Northeast,130,63,2026-02-06
PROD000064,West,82,38,2026-02-06
PROD000057,Southeast,152,68,2026-02-06
PROD000041,Midwest,142,35,2026-02-06
PROD000160,West,40,53,2026-02-06
PROD000026,Northeast,221,55,2026-02-06
PROD000169,West,115,31,2026-02-06
PROD000082,Southeast,10,33,2026-02-06
PROD000119,Northeast,203,18,2026-02-06
PROD000180,Northeast,137,35,2026-02-06
PROD000207,Midwest,181,38,2026-02-06
PROD000072,Southeast,181,22,2026-02-06
PROD000225,Northeast,47,41,2026-02-06
PROD000193,West,185,47,2026-02-06
PROD000142,West,159,69,2026-02-06
PROD000133,Northeast,153,35,2026-02-06
PROD000100,Northeast,96,19,2026-02-06
PROD000130,Southeast,49,28,2026-02-06
PROD000188,Midwest,62,53,2026-02-06
PROD000192,Southeast,15,53,2026-02-06
PROD000232,Midwest,68,66,2026-02-06
PROD000239,Southeast,92,55,2026-02-06
PROD000094,Northeast,20,17,2026-02-06
PROD000070,Southeast,26,38,2026-02-06
PROD000099,Midwest,16,28,2026-02-06
PROD000190,West,208,16,2026-02-06
PROD000200,Midwest,104,15,2026-02-06
PROD000080,Northeast,220,56,2026-02-06
PROD000202,Southeast,226,51,2026-02-06
PROD000087,Northeast,89,38,2026-02-06
PROD000105,Northeast,175,20,2026-02-06
PROD000121,Northeast,85,50,2026-02-06
PROD000216,Southeast,21,56,2026-02-06
PROD000079,Midwest,113,52,2026-02-06
PROD000063,Southeast,65,44,2026-02-06
PROD000237,West,147,31,2026-02-06
PROD000086,Northeast,190,51,2026-02-06
PROD000155,Midwest,238,40,2026-02-06
PROD000128,West,136,60,2026-02-06
PROD000248,West,230,51,2026-02-06
PROD000015,Southeast,192,22,2026-02-06
PROD000164,Southeast,33,29,2026-02-06
PROD000158,Midwest,18,43,2026-02-06
PROD000144,West,150,54,2026-02-06
PROD000205,Southeast,37,38,2026-02-06
PROD000189,Southeast,147,47,2026-02-06
PROD000022,West,80,56,2026-02-06
PROD000151,Northeast,87,22,2026-02-06
PROD000217,Northeast,137,16,2026-02-06
PROD000176,Southeast,140,45,2026-02-06
PROD000043,Northeast,125,19,2026-02-06
PROD000196,Northeast,20,51,2026-02-06
PROD000066,Southeast,223,20,2026-02-06
PROD000012,Southeast,19,60,2026-02-06
PROD000161,Southeast,188,31,2026-02-06
PROD000198,West,105,40,2026-02-06
PROD000013,Midwest,140,49,2026-02-06
PROD000075,Midwest,148,62,2026-02-06
PROD000168,Midwest,152,49,2026-02-06
PROD000209,Midwest,88,50,2026-02-06
PROD000230,Midwest,50,57,2026-02-06
PROD000126,West,172,49,2026-02-06
PROD000112,Midwest,159,23,2026-02-06
PROD000240,Northeast,54,23,2026-02-06
PROD000228,Midwest,54,54,2026-02-06
PROD000132,Southeast,68,32,2026-02-06
PROD000148,Southeast,171,29,2026-02-06
PROD000044,West,227,37,2026-02-06
PROD000250,Southeast,155,17,2026-02-06
PROD000034,Southeast,70,62,2026-02-06
PROD000009,Midwest,177,66,2026-02-06
PROD000102,Northeast,127,33,2026-02-06
PROD000122,Midwest,70,38,2026-02-06
PROD000083,Southeast,28,66,2026-02-06
PROD000191,Midwest,133,50,2026-02-06
PROD000085,Northeast,86,29,2026-02-06
PROD000171,Midwest,203,50,2026-02-06
PROD000167,Northeast,32,69,2026-02-06
PROD000048,Southeast,122,18,2026-02-06
PROD000185,West,63,41,2026-02-06
PROD000181,Midwest,105,30,2026-02-06
PROD000081,Southeast,120,23,2026-02-06
PROD000162,West,212,64,2026-02-06
PROD000103,Midwest,188,23,2026-02-06
PROD000104,Midwest,184,36,2026-02-06
PROD000195,Northeast,5,63,2026-02-06
PROD000068,Southeast,138,17,2026-02-06
PROD000037,West,31,27,2026-02-06
PROD000001,Northeast,187,15,2026-02-06
PROD000059,Midwest,151,17,2026-02-06
PROD000203,Northeast,45,27,2026-02-06
PROD000005,West,129,55,2026-02-06
PROD000214,Northeast,29,62,2026-02-06
PROD000077,Southeast,173,19,2026-02-06
PROD000219,Midwest,92,66,2026-02-06
PROD000231,Northeast,102,50,2026-02-06
PROD000071,West,128,63,2026-02-06
PROD000038,Southeast,235,16,2026-02-06
PROD000089,Southeast,74,56,2026-02-06
PROD000163,Northeast,148,43,2026-02-06
PROD000033,Midwest,49,68,2026-02-06
PROD000115,Southeast,164,30,2026-02-06
PROD000076,West,120,23,2026-02-07
PROD000044,West,93,24,2026-02-07
PROD000218,Midwest,33,40,2026-02-07
PROD000060,Southeast,92,34,2026-02-07
PROD000211,Northeast,221,29,2026-02-07
PROD000010,West,107,39,2026-02-07
PROD000233,Northeast,110,55,2026-02-07
PROD000164,Northeast,209,38,2026-02-07
PROD000210,Northeast,70,19,2026-02-07
PROD000166,Northeast,224,48,2026-02-07
PROD000152,West,128,58,2026-02-07
PROD000201,Northeast,236,15,2026-02-07
PROD000004,Midwest,44,32,2026-02-07
PROD000009,Midwest,219,25,2026-02-07
PROD000139,West,96,31,2026-02-07
PROD000058,West,233,20,2026-02-07
PROD000074,Northeast,96,19,2026-02-07
PROD000180,West,50,48,2026-02-07
PROD000073,West,101,49,2026-02-07
PROD000048,West,204,56,2026-02-07
PROD000220,Southeast,185,44,2026-02-07
PROD000110,Southeast,135,57,2026-02-07
PROD000133,West,27,36,2026-02-07
PROD000002,West,217,17,2026-02-07
PROD000172,Northeast,132,52,2026-02-07
PROD000177,West,235,41,2026-02-07
PROD000208,Northeast,150,43,2026-02-07
PROD000037,Midwest,170,40,2026-02-07
PROD000202,Northeast,56,21,2026-02-07
PROD000188,West,9,30,2026-02-07
PROD000223,West,4,16,2026-02-07
PROD000236,Northeast,150,56,2026-02-07
PROD000049,West,214,45,2026-02-07
PROD000222,Northeast,153,27,2026-02-07
PROD000195,West,80,34,2026-02-07
PROD000003,West,1,24,2026-02-07
PROD000039,Southeast,149,35,2026-02-07
PROD000116,Midwest,151,24,2026-02-07
PROD000041,Northeast,26,60,2026-02-07
PROD000092,West,178,47,2026-02-07
PROD000017,Midwest,112,33,2026-02-07
PROD000151,Midwest,33,22,2026-02-07
PROD000006,West,80,34,2026-02-07
PROD000008,Northeast,106,64,2026-02-07
PROD000194,West,150,67,2026-02-07
PROD000095,Midwest,186,42,2026-02-07
PROD000215,Northeast,45,58,2026-02-07
PROD000245,Midwest,160,59,2026-02-07
PROD000007,Northeast,33,46,2026-02-07
PROD000067,West,6,40,2026-02-07
PROD000021,West,72,48,2026-02-07
PROD000075,Northeast,108,50,2026-02-07
PROD000097,Northeast,175,35,2026-02-07
PROD000159,West,2,62,2026-02-07
PROD000229,West,163,65,2026-02-07
PROD000167,Midwest,154,69,2026-02-07
PROD000086,Southeast,229,30,2026-02-07
PROD000125,West,172,52,2026-02-07
PROD000101,Southeast,220,24,2026-02-07
PROD000135,Northeast,51,40,2026-02-07
PROD000231,Southeast,96,50,2026-02-07
PROD000105,Southeast,163,21,2026-02-07
PROD000153,Northeast,223,66,2026-02-07
PROD000213,Southeast,191,53,2026-02-07
PROD000240,Midwest,211,48,2026-02-07
PROD000107,Northeast,195,32,2026-02-07
PROD000250,West,130,52,2026-02-07
PROD000121,Midwest,16,19,2026-02-07
PROD000020,West,88,66,2026-02-07
PROD000032,West,3,47,2026-02-07
PROD000196,West,183,28,2026-02-07
PROD000005,West,8,30,2026-02-07
PROD000136,Midwest,66,32,2026-02-07
PROD000033,Northeast,12,21,2026-02-07
PROD000103,West,134,41,2026-02-07
PROD000012,Midwest,90,26,2026-02-07
PROD000078,Midwest,145,58,2026-02-07
PROD000089,Midwest,127,36,2026-02-07
PROD000104,West,95,41,2026-02-07
PROD000181,West,11,40,2026-02-07
PROD000066,Southeast,139,59,2026-02-07
PROD000235,Northeast,188,61,2026-02-07
PROD000011,Southeast,110,25,2026-02-07
PROD000122,West,130,56,2026-02-07
PROD000174,Midwest,155,39,2026-02-07
PROD000123,Midwest,6,34,2026-02-07
PROD000063,Midwest,183,22,2026-02-07
PROD000147,West,24,16,2026-02-07
PROD000018,Southeast,61,57,2026-02-07
PROD000059,West,75,59,2026-02-07
PROD000239,Southeast,102,65,2026-02-07
PROD000029,West,184,50,2026-02-07
PROD000001,Southeast,80,60,2026-02-07
PROD000244,West,96,49,2026-02-07
PROD000189,Northeast,203,28,2026-02-07
PROD000178,Southeast,165,15,2026-02-07
PROD000038,Midwest,177,27,2026-02-07
PROD000025,Midwest,205,61,2026-02-07
PROD000050,Southeast,44,62,2026-02-07
PROD000027,Midwest,110,66,2026-02-07
PROD000056,West,136,59,2026-02-07
PROD000120,Midwest,79,67,2026-02-07
PROD000192,Midwest,59,41,2026-02-07
PROD000126,Northeast,218,56,2026-02-07
PROD000090,Southeast,235,17,2026-02-07
PROD000165,Northeast,97,52,2026-02-07
PROD000111,West,83,16,2026-02-07
PROD000080,West,218,44,2026-02-07
PROD000225,West,179,30,2026-02-07
PROD000190,Northeast,232,64,2026-02-07
PROD000186,West,180,62,2026-02-07
PROD000155,Southeast,47,31,2026-02-07
PROD000248,Northeast,188,31,2026-02-07
PROD000024,Northeast,237,69,2026-02-07
PROD000085,Midwest,162,69,2026-02-07
PROD000132,Northeast,198,64,2026-02-07
PROD000084,West,143,34,2026-02-07
PROD000046,West,37,29,2026-02-07
PROD000057,Southeast,113,50,2026-02-07
PROD000015,Southeast,69,26,2026-02-07
PROD000214,West,230,38,2026-02-08
PROD000145,West,8,37,2026-02-08
PROD000006,Midwest,68,28,2026-02-08
PROD000026,West,75,41,2026-02-08
PROD000172,Midwest,179,29,2026-02-08
PROD000112,Southeast,47,15,2026-02-08
PROD000141,Northeast,190,15,2026-02-08
PROD000188,Northeast,123,39,2026-02-08
PROD000079,Southeast,214,64,2026-02-08
PROD000248,Midwest,218,26,2026-02-08
PROD000150,Midwest,170,41,2026-02-08
PROD000164,Midwest,170,29,2026-02-08
PROD000131,Midwest,174,15,2026-02-08
PROD000162,Midwest,80,15,2026-02-08
PROD000159,Southeast,124,61,2026-02-08
PROD000202,West,93,39,2026-02-08
PROD000219,West,234,56,2026-02-08
PROD000147,Northeast,149,34,2026-02-08
PROD000144,Northeast,49,15,2026-02-08
PROD000119,West,148,24,2026-02-08
PROD000229,Midwest,181,60,2026-02-08
PROD000124,Southeast,101,17,2026-02-08
PROD000148,West,184,66,2026-02-08
PROD000032,West,199,56,2026-02-08
PROD000246,Southeast,206,49,2026-02-08
PROD000217,West,175,67,2026-02-08
PROD000185,Southeast,29,24,2026-02-08
PROD000035,Northeast,168,44,2026-02-08
PROD000226,Northeast,60,45,2026-02-08
PROD000178,Midwest,8,51,2026-02-08
PROD000108,Northeast,187,64,2026-02-08
PROD000146,Southeast,15,44,2026-02-08
PROD000009,Northeast,52,46,2026-02-08
PROD000196,Midwest,19,26,2026-02-08
PROD000088,Southeast,91,30,2026-02-08
PROD000221,Southeast,43,20,2026-02-08
PROD000163,Midwest,198,43,2026-02-08
PROD000205,Midwest,213,69,2026-02-08
PROD000098,Northeast,134,38,2026-02-08
PROD000203,Southeast,123,17,2026-02-08
PROD000071,Southeast,171,23,2026-02-08
PROD000199,Southeast,192,40,2026-02-08
PROD000237,West,87,58,2026-02-08
PROD000247,Northeast,216,67,2026-02-08
PROD000012,Southeast,4,55,2026-02-08
PROD000113,Northeast,217,18,2026-02-08
PROD000115,West,142,50,2026-02-08
PROD000135,Southeast,223,36,2026-02-08
PROD000167,West,85,63,2026-02-08
PROD000156,Southeast,11,59,2026-02-08
PROD000194,Midwest,135,34,2026-02-08
PROD000091,Midwest,158,64,2026-02-08
PROD000215,Southeast,151,48,2026-02-08
PROD000080,Southeast,91,49,2026-02-08
PROD000038,Northeast,104,33,2026-02-08
PROD000152,Southeast,95,63,2026-02-08
PROD000127,Northeast,10,43,2026-02-08
PROD000016,West,226,53,2026-02-08
PROD000160,West,143,47,2026-02-08
PROD000168,Northeast,167,67,2026-02-08
PROD000195,Northeast,211,61,2026-02-08
PROD000222,Northeast,112,29,2026-02-08
PROD000052,Midwest,43,68,2026-02-08
PROD000039,Southeast,65,38,2026-02-08
PROD000175,Midwest,82,27,2026-02-08
PROD000050,Southeast,209,49,2026-02-08
PROD000250,Northeast,126,64,2026-02-08
PROD000063,Midwest,180,33,2026-02-08
PROD000020,Northeast,170,32,2026-02-08
PROD000192,Southeast,208,62,2026-02-08
PROD000094,Southeast,52,66,2026-02-08
PROD000005,Northeast,200,52,2026-02-08
PROD000069,Northeast,37,32,2026-02-08
PROD000225,West,83,43,2026-02-08
PROD000086,Northeast,135,52,2026-02-08
PROD000110,Northeast,0,15,2026-02-08
PROD000075,West,80,35,2026-02-08
PROD000128,Northeast,119,56,2026-02-08
PROD000053,Northeast,7,16,2026-02-08
PROD000104,Southeast,138,59,2026-02-08
PROD000102,West,234,24,2026-02-08
PROD000193,West,230,29,2026-02-08
PROD000067,West,213,29,2026-02-08
PROD000139,Midwest,144,41,2026-02-08
PROD000201,Southeast,80,59,2026-02-08
PROD000116,Southeast,137,58,2026-02-08
PROD000166,Northeast,30,50,2026-02-08
PROD000051,West,109,29,2026-02-08
PROD000019,Northeast,103,52,2026-02-08
PROD000186,Southeast,2,19,2026-02-08
PROD000209,West,75,43,2026-02-08
PROD000029,West,236,35,2026-02-08
PROD000031,West,190,52,2026-02-08
PROD000047,Midwest,81,16,2026-02-08
PROD000095,Southeast,51,38,2026-02-08
PROD000078,West,162,33,2026-02-08
PROD000230,Midwest,20,42,2026-02-08
PROD000117,Northeast,163,44,2026-02-08
PROD000100,Northeast,81,40,2026-02-08
PROD000092,West,156,18,2026-02-08
PROD000030,Midwest,26,49,2026-02-08
PROD000233,West,177,31,2026-02-08
PROD000096,West,118,24,2026-02-08
PROD000179,West,9,40,2026-02-08
PROD000118,Midwest,151,34,2026-02-08
PROD000024,Southeast,179,30,2026-02-08
PROD000109,Midwest,198,47,2026-02-08
PROD000027,Midwest,217,30,2026-02-08
PROD000238,Southeast,143,25,2026-02-08
PROD000189,Midwest,15,54,2026-02-08
PROD000017,Midwest,195,51,2026-02-08
PROD000210,Midwest,144,53,2026-02-08
PROD000169,Southeast,197,67,2026-02-08
PROD000153,Southeast,224,35,2026-02-08
PROD000089,Northeast,138,26,2026-02-08
PROD000133,Midwest,177,31,2026-02-08
PROD000045,West,115,37,2026-02-08
PROD000138,Southeast,56,68,2026-02-08
PROD000008,West,43,55,2026-02-08
PROD000125,West,110,66,2026-02-08
PROD000237,Midwest,136,18,2026-02-09
PROD000148,West,211,61,2026-02-09
PROD000200,Midwest,70,56,2026-02-09
PROD000156,Midwest,226,60,2026-02-09
PROD000079,Southeast,40,42,2026-02-09
PROD000015,Northeast,60,49,2026-02-09
PROD000027,Southeast,69,44,2026-02-09
PROD000087,Northeast,47,55,2026-02-09
PROD000046,Southeast,152,22,2026-02-09
PROD000129,Southeast,198,52,2026-02-09
PROD000045,West,12,27,2026-02-09
PROD000142,West,13,42,2026-02-09
PROD000174,West,101,49,2026-02-09
PROD000207,Southeast,192,16,2026-02-09
PROD000246,West,11,45,2026-02-09
PROD000134,Southeast,175,66,2026-02-09
PROD000175,Northeast,116,29,2026-02-09
PROD000056,Southeast,159,44,2026-02-09
PROD000201,Southeast,187,23,2026-02-09
PROD000241,Northeast,102,63,2026-02-09
PROD000041,Midwest,171,20,2026-02-09
PROD000163,West,32,56,2026-02-09
PROD000152,Northeast,186,33,2026-02-09
PROD000161,West,87,57,2026-02-09
PROD000058,Northeast,64,27,2026-02-09
PROD000085,Northeast,236,34,2026-02-09
PROD000097,Southeast,7,46,2026-02-09
PROD000119,Midwest,42,16,2026-02-09
PROD000070,Northeast,93,25,2026-02-09
PROD000116,Southeast,56,20,2026-02-09
PROD000093,Midwest,56,35,2026-02-09
PROD000091,West,124,19,2026-02-09
PROD000188,West,0,29,2026-02-09
PROD000064,Midwest,174,39,2026-02-09
PROD000221,Southeast,85,49,2026-02-09
PROD000059,West,81,25,2026-02-09
PROD000083,Northeast,31,53,2026-02-09
PROD000074,West,157,37,2026-02-09
PROD000040,Northeast,9,49,2026-02-09
PROD000033,Southeast,224,52,2026-02-09
PROD000146,West,47,18,2026-02-09
PROD000248,Northeast,239,17,2026-02-09
PROD000069,West,121,55,2026-02-09
PROD000007,West,87,38,2026-02-09
PROD000002,Midwest,63,63,2026-02-09
PROD000222,West,201,26,2026-02-09
PROD000203,Southeast,167,17,2026-02-09
PROD000077,West,115,53,2026-02-09
PROD000214,West,206,16,2026-02-09
PROD000177,Northeast,188,56,2026-02-09
PROD000049,Midwest,189,36,2026-02-09
PROD000224,Midwest,45,49,2026-02-09
PROD000167,Midwest,35,24,2026-02-09
PROD000138,Midwest,16,64,2026-02-09
PROD000014,Midwest,19,66,2026-02-09
PROD000094,Northeast,118,15,2026-02-09
PROD000250,Northeast,136,18,2026-02-09
PROD000098,Northeast,10,48,2026-02-09
PROD000213,Northeast,91,20,2026-02-09
PROD000198,Midwest,124,34,2026-02-09
PROD000113,West,37,53,2026-02-09
PROD000019,Northeast,213,21,2026-02-09
PROD000172,Midwest,165,69,2026-02-09
PROD000190,Northeast,194,43,2026-02-09
PROD000170,Southeast,233,39,2026-02-09
PROD000099,West,193,61,2026-02-09
PROD000052,West,84,55,2026-02-09
PROD000244,Southeast,233,36,2026-02-09
PROD000053,West,81,39,2026-02-09
PROD000215,West,113,60,2026-02-09
PROD000171,West,113,64,2026-02-09
PROD000212,West,52,36,2026-02-09
PROD000128,Northeast,175,23,2026-02-09
PROD000118,Northeast,113,31,2026-02-09
PROD000243,Southeast,86,26,2026-02-09
PROD000178,Southeast,156,34,2026-02-09
PROD000232,Northeast,47,57,2026-02-09
PROD000081,Midwest,146,35,2026-02-09
PROD000061,Midwest,39,58,2026-02-09
PROD000249,West,107,40,2026-02-09
PROD000008,Midwest,189,64,2026-02-09
PROD000144,West,8,60,2026-02-09
PROD000025,Midwest,143,52,2026-02-09
PROD000155,Northeast,0,64,2026-02-09
PROD000189,West,169,29,2026-02-09
PROD000026,Northeast,19,44,2026-02-09
PROD000185,West,219,38,2026-02-09
PROD000090,West,89,67,2026-02-09
PROD000013,Northeast,43,55,2026-02-09
PROD000173,West,174,56,2026-02-09
PROD000104,West,105,53,2026-02-09
PROD000240,Southeast,43,64,2026-02-09
PROD000191,Midwest,158,30,2026-02-09
PROD000154,West,139,29,2026-02-09
PROD000135,Northeast,184,38,2026-02-09
PROD000151,Midwest,162,68,2026-02-09
PROD000127,Southeast,168,63,2026-02-09
PROD000030,Northeast,50,35,2026-02-09
PROD000160,West,157,18,2026-02-09
PROD000017,West,40,65,2026-02-09
PROD000141,Midwest,135,15,2026-02-09
PROD000024,West,90,60,2026-02-09
PROD000217,Southeast,214,39,2026-02-09
PROD000183,Midwest,16,67,2026-02-09
PROD000112,Southeast,93,55,2026-02-09
PROD000132,Southeast,26,53,2026-02-09
PROD000150,Southeast,65,52,2026-02-09
PROD000106,Northeast,40,69,2026-02-09
PROD000012,West,35,19,2026-02-09
PROD000168,West,189,56,2026-02-09
PROD000166,Southeast,181,55,2026-02-09
PROD000228,West,6,59,2026-02-09
PROD000047,Northeast,91,21,2026-02-09
PROD000076,Northeast,197,49,2026-02-09
PROD000080,Southeast,73,58,2026-02-09
PROD000021,Midwest,37,55,2026-02-09
PROD000055,Midwest,206,68,2026-02-09
PROD000037,West,13,57,2026-02-09
PROD000234,Northeast,178,51,2026-02-09
PROD000131,Midwest,187,18,2026-02-09
PROD000229,West,212,38,2026-02-10
PROD000233,Northeast,105,57,2026-02-10
PROD000077,Northeast,49,55,2026-02-10
PROD000224,Southeast,25,50,2026-02-10
PROD000040,Northeast,142,53,2026-02-10
PROD000068,Northeast,168,43,2026-02-10
PROD000146,Northeast,156,53,2026-02-10
PROD000128,Northeast,173,54,2026-02-10
PROD000208,Northeast,109,45,2026-02-10
PROD000129,Northeast,67,64,2026-02-10
PROD000109,West,18,51,2026-02-10
PROD000200,Northeast,197,61,2026-02-10
PROD000187,Northeast,94,22,2026-02-10
PROD000193,Northeast,157,24,2026-02-10
PROD000031,Southeast,186,16,2026-02-10
PROD000160,Midwest,231,15,2026-02-10
PROD000249,Southeast,119,15,2026-02-10
PROD000213,West,127,28,2026-02-10
PROD000201,Southeast,108,61,2026-02-10
PROD000069,West,203,55,2026-02-10
PROD000028,Midwest,176,15,2026-02-10
PROD000221,Southeast,166,27,2026-02-10
PROD000114,West,92,18,2026-02-10
PROD000039,Midwest,228,62,2026-02-10
PROD000205,West,52,24,2026-02-10
PROD000192,Northeast,65,23,2026-02-10
PROD000016,Midwest,98,64,2026-02-10
PROD000225,Midwest,134,52,2026-02-10
PROD000076,Northeast,87,19,2026-02-10
PROD000098,Southeast,195,64,2026-02-10
PROD000202,Southeast,144,50,2026-02-10
PROD000087,Southeast,130,17,2026-02-10
PROD000008,West,188,46,2026-02-10
PROD000167,Northeast,220,34,2026-02-10
PROD000207,Midwest,93,53,2026-02-10
PROD000113,West,18,21,2026-02-10
PROD000217,Southeast,73,60,2026-02-10
PROD000067,Southeast,49,55,2026-02-10
PROD000234,West,78,68,2026-02-10
PROD000048,Southeast,80,66,2026-02-10
PROD000155,Southeast,101,44,2026-02-10
PROD000199,Southeast,103,38,2026-02-10
PROD000009,Southeast,16,66,2026-02-10
PROD000209,Southeast,210,27,2026-02-10
PROD000149,Northeast,155,56,2026-02-10
PROD000005,Southeast,36,49,2026-02-10
PROD000091,Midwest,26,47,2026-02-10
PROD000246,Northeast,229,65,2026-02-10
PROD000054,Northeast,44,53,2026-02-10
PROD000180,Northeast,138,56,2026-02-10
PROD000106,West,59,49,2026-02-10
PROD000047,Midwest,61,22,2026-02-10
PROD000110,West,90,20,2026-02-10
PROD000184,West,212,60,2026-02-10
PROD000197,Northeast,209,57,2026-02-10
PROD000214,Midwest,99,42,2026-02-10
PROD000046,West,210,46,2026-02-10
PROD000033,Southeast,124,46,2026-02-10
PROD000107,West,79,48,2026-02-10
PROD000131,Northeast,174,51,2026-02-10
PROD000081,West,236,54,2026-02-10
PROD000032,Northeast,78,52,2026-02-10
PROD000088,Midwest,21,31,2026-02-10
PROD000043,Northeast,26,22,2026-02-10
PROD000232,Midwest,188,69,2026-02-10
PROD000086,Northeast,180,28,2026-02-10
PROD000065,Southeast,113,41,2026-02-10
PROD000204,Southeast,173,63,2026-02-10
PROD000127,Northeast,21,43,2026-02-10
PROD000142,West,20,67,2026-02-10
PROD000080,Southeast,200,16,2026-02-10
PROD000164,Midwest,120,57,2026-02-10
PROD000007,Southeast,203,17,2026-02-10
PROD000181,West,147,34,2026-02-10
PROD000094,Midwest,204,41,2026-02-10
PROD000027,Northeast,203,47,2026-02-10
PROD000159,Southeast,149,33,2026-02-10
PROD000231,Midwest,12,66,2026-02-10
PROD000238,West,189,29,2026-02-10
PROD000090,Midwest,108,25,2026-02-10
PROD000212,Midwest,148,48,2026-02-10
PROD000026,Northeast,2,17,2026-02-10
PROD000006,Southeast,200,42,2026-02-10
PROD000042,Southeast,52,58,2026-02-10
PROD000152,Southeast,137,63,2026-02-10
PROD000182,Northeast,179,63,2026-02-10
PROD000062,West,46,38,2026-02-10
PROD000089,Southeast,108,35,2026-02-10
PROD000168,Midwest,112,28,2026-02-10
PROD000183,Midwest,56,53,2026-02-10
PROD000122,Midwest,152,22,2026-02-10
PROD000244,Southeast,132,51,2026-02-10
PROD000020,Northeast,179,36,2026-02-10
PROD000145,Midwest,199,17,2026-02-10
PROD000196,Southeast,85,46,2026-02-10
PROD000013,West,105,33,2026-02-10
PROD000057,Northeast,214,34,2026-02-10
PROD000111,Midwest,19,36,2026-02-10
PROD000190,West,208,55,2026-02-10
PROD000138,Southeast,238,25,2026-02-10
PROD000071,Northeast,75,61,2026-02-10
PROD000037,West,12,25,2026-02-10
PROD000124,Northeast,28,62,2026-02-10
PROD000179,Midwest,155,26,2026-02-10
PROD000250,Midwest,85,36,2026-02-10
PROD000019,Midwest,198,18,2026-02-10
PROD000012,Midwest,130,31,2026-02-10
PROD000050,Southeast,136,38,2026-02-10
PROD000116,Southeast,166,40,2026-02-10
PROD000188,Southeast,94,44,2026-02-10
PROD000044,Southeast,125,68,2026-02-10
PROD000064,Northeast,72,55,2026-02-10
PROD000072,West,134,51,2026-02-10
PROD000073,Midwest,158,36,2026-02-10
PROD000052,Midwest,60,26,2026-02-10
PROD000173,West,131,46,2026-02-10
PROD000053,Midwest,63,34,2026-02-10
PROD000151,Midwest,126,68,2026-02-10
PROD000015,Northeast,114,23,2026-02-10
PROD000247,Southeast,71,42,2026-02-10
PROD000120,Midwest,61,41,2026-02-11
PROD000024,West,77,43,2026-02-11
PROD000039,Northeast,163,57,2026-02-11
PROD000105,Northeast,119,43,2026-02-11
PROD000241,Midwest,111,50,2026-02-11
PROD000011,Midwest,9,33,2026-02-11
PROD000036,Northeast,14,67,2026-02-11
PROD000139,West,102,62,2026-02-11
PROD000054,Northeast,47,32,2026-02-11
PROD000018,Northeast,203,40,2026-02-11
PROD000214,Northeast,125,28,2026-02-11
PROD000127,West,76,49,2026-02-11
PROD000218,Midwest,239,41,2026-02-11
PROD000124,West,183,37,2026-02-11
PROD000087,West,91,56,2026-02-11
PROD000133,West,223,24,2026-02-11
PROD000232,Midwest,177,40,2026-02-11
PROD000128,Midwest,210,34,2026-02-11
PROD000198,Southeast,24,25,2026-02-11
PROD000077,West,179,63,2026-02-11
PROD000240,Northeast,109,55,2026-02-11
PROD000067,Northeast,70,55,2026-02-11
PROD000051,Midwest,162,50,2026-02-11
PROD000234,Southeast,0,27,2026-02-11
PROD000068,West,195,39,2026-02-11
PROD000191,West,175,68,2026-02-11
PROD000203,Midwest,189,28,2026-02-11
PROD000200,Midwest,157,61,2026-02-11
PROD000082,West,155,31,2026-02-11
PROD000005,Northeast,237,20,2026-02-11
PROD000029,West,75,21,2026-02-11
PROD000204,Midwest,49,21,2026-02-11
PROD000118,Northeast,95,24,2026-02-11
PROD000209,Southeast,135,36,2026-02-11
PROD000176,West,69,48,2026-02-11
PROD000157,Southeast,197,20,2026-02-11
PROD000149,Midwest,77,38,2026-02-11
PROD000197,Southeast,134,19,2026-02-11
PROD000032,Northeast,232,67,2026-02-11
PROD000022,Southeast,117,49,2026-02-11
PROD000066,West,95,51,2026-02-11
PROD000062,Southeast,68,67,2026-02-11
PROD000100,Northeast,125,60,2026-02-11
PROD000239,Northeast,6,34,2026-02-11
PROD000111,West,68,69,2026-02-11
PROD000074,West,123,66,2026-02-11
PROD000093,Midwest,136,24,2026-02-11
PROD000091,Northeast,51,34,2026-02-11
PROD000211,Southeast,12,20,2026-02-11
PROD000224,Northeast,147,37,2026-02-11
PROD000150,Northeast,239,57,2026-02-11
PROD000148,Northeast,237,22,2026-02-11
PROD000050,Northeast,147,59,2026-02-11
PROD000030,Northeast,230,46,2026-02-11
PROD000017,West,171,42,2026-02-11
PROD000053,Midwest,137,34,2026-02-11
PROD000102,Northeast,66,20,2026-02-11
PROD000171,Southeast,147,26,2026-02-11
PROD000222,West,108,28,2026-02-11
PROD000242,Southeast,60,32,2026-02-11
PROD000212,West,9,39,2026-02-11
PROD000107,Southeast,231,16,2026-02-11
PROD000132,West,31,52,2026-02-11
PROD000199,Midwest,212,65,2026-02-11
PROD000151,Northeast,110,36,2026-02-11
PROD000235,Northeast,206,45,2026-02-11
PROD000219,Northeast,51,34,2026-02-11
PROD000049,Midwest,165,27,2026-02-11
PROD000215,Northeast,114,27,2026-02-11
PROD000233,Midwest,105,29,2026-02-11
PROD000136,Midwest,7,51,2026-02-11
PROD000142,Midwest,51,50,2026-02-11
PROD000048,Southeast,204,28,2026-02-11
PROD000123,Midwest,234,50,2026-02-11
PROD000146,Southeast,101,32,2026-02-11
PROD000065,Northeast,48,59,2026-02-11
PROD000194,Midwest,83,23,2026-02-11
PROD000079,Northeast,186,57,2026-02-11
PROD000231,Northeast,132,50,2026-02-11
PROD000244,Northeast,11,60,2026-02-11
PROD000115,Southeast,31,60,2026-02-11
PROD000147,Northeast,210,21,2026-02-11
PROD000168,Northeast,90,30,2026-02-11
PROD000001,Northeast,183,62,2026-02-11
PROD000009,Southeast,212,34,2026-02-11
PROD000131,Midwest,222,23,2026-02-11
PROD000216,Northeast,136,60,2026-02-11
PROD000019,Northeast,193,38,2026-02-11
PROD000248,Southeast,115,19,2026-02-11
PROD000190,Midwest,48,19,2026-02-11
PROD000070,West,1,60,2026-02-11
PROD000189,Midwest,94,24,2026-02-11
PROD000027,Midwest,92,61,2026-02-11
PROD000071,Northeast,211,56,2026-02-11
PROD000034,Southeast,113,68,2026-02-11
PROD000237,West,238,43,2026-02-11
PROD000159,Northeast,206,43,2026-02-11
PROD000205,Northeast,184,44,2026-02-11
PROD000130,Midwest,126,36,2026-02-11
PROD000188,Northeast,182,68,2026-02-11
PROD000020,Midwest,121,50,2026-02-11
PROD000042,Southeast,186,59,2026-02-11
PROD000108,Southeast,181,58,2026-02-11
PROD000059,Northeast,122,46,2026-02-11
PROD000202,Northeast,35,32,2026-02-11
PROD000180,West,131,32,2026-02-11
PROD000249,Northeast,204,27,2026-02-11
PROD000220,Southeast,170,15,2026-02-11
PROD000183,Midwest,10,37,2026-02-11
PROD000226,Southeast,175,19,2026-02-11
PROD000089,Southeast,119,46,2026-02-11
PROD000167,West,135,33,2026-02-11
PROD000003,Northeast,128,41,2026-02-11
PROD000163,Southeast,72,19,2026-02-11
PROD000143,Northeast,86,63,2026-02-11
PROD000129,Southeast,109,48,2026-02-11
PROD000156,West,112,27,2026-02-11
PROD000083,Southeast,191,40,2026-02-11
PROD000028,West,101,42,2026-02-11
PROD000155,Southeast,44,37,2026-02-11
PROD000093,Midwest,14,51,2026-02-12
PROD000079,Northeast,40,29,2026-02-12
PROD000087,Northeast,224,34,2026-02-12
PROD000200,Midwest,158,33,2026-02-12
PROD000214,Southeast,43,42,2026-02-12
PROD000083,Southeast,4,43,2026-02-12
PROD000058,Northeast,42,56,2026-02-12
PROD000050,Southeast,66,24,2026-02-12
PROD000073,Southeast,63,24,2026-02-12
PROD000029,Northeast,128,49,2026-02-12
PROD000175,Northeast,207,27,2026-02-12
PROD000098,Northeast,71,26,2026-02-12
PROD000020,Southeast,88,65,2026-02-12
PROD000110,West,149,62,2026-02-12
PROD000005,Midwest,35,21,2026-02-12
PROD000164,Northeast,97,18,2026-02-12
PROD000215,Northeast,140,40,2026-02-12
PROD000119,Southeast,38,60,2026-02-12
PROD000036,Southeast,117,54,2026-02-12
PROD000174,Northeast,133,50,2026-02-12
PROD000224,Southeast,44,34,2026-02-12
PROD000054,Midwest,28,36,2026-02-12
PROD000116,Northeast,55,65,2026-02-12
PROD000071,Midwest,7,68,2026-02-12
PROD000135,Southeast,167,69,2026-02-12
PROD000015,Southeast,69,53,2026-02-12
PROD000229,Midwest,98,66,2026-02-12
PROD000043,Northeast,36,29,2026-02-12
PROD000032,West,187,48,2026-02-12
PROD000202,Southeast,63,51,2026-02-12
PROD000024,West,103,58,2026-02-12
PROD000090,Midwest,83,63,2026-02-12
PROD000156,Southeast,45,59,2026-02-12
PROD000012,Northeast,29,60,2026-02-12
PROD000171,Southeast,194,44,2026-02-12
PROD000163,West,43,53,2026-02-12
PROD000121,West,209,37,2026-02-12
PROD000237,West,15,41,2026-02-12
PROD000061,Northeast,166,58,2026-02-12
PROD000075,Midwest,226,67,2026-02-12
PROD000001,Southeast,36,27,2026-02-12
PROD000128,Northeast,126,50,2026-02-12
PROD000010,Southeast,185,64,2026-02-12
PROD000170,Northeast,138,21,2026-02-12
PROD000025,Northeast,213,24,2026-02-12
PROD000142,Southeast,82,51,2026-02-12
PROD000088,West,105,67,2026-02-12
PROD000053,West,228,19,2026-02-12
PROD000049,Midwest,152,58,2026-02-12
PROD000003,West,44,37,2026-02-12
PROD000074,Southeast,205,67,2026-02-12
PROD000031,West,166,49,2026-02-12
PROD000096,Midwest,147,65,2026-02-12
PROD000195,Midwest,214,17,2026-02-12
PROD000177,Southeast,218,26,2026-02-12
PROD000176,Southeast,155,36,2026-02-12
PROD000124,West,8,35,2026-02-12
PROD000136,Northeast,111,63,2026-02-12
PROD000249,Midwest,67,42,2026-02-12
PROD000189,West,229,45,2026-02-12
PROD000143,Midwest,40,64,2026-02-12
PROD000137,Midwest,84,54,2026-02-12
PROD000168,Midwest,156,67,2026-02-12
PROD000152,Southeast,100,62,2026-02-12
PROD000117,Midwest,115,66,2026-02-12
PROD000222,West,233,32,2026-02-12
PROD000188,West,153,17,2026-02-12
PROD000021,Midwest,35,55,2026-02-12
PROD000009,Midwest,21,32,2026-02-12
PROD000236,Northeast,88,22,2026-02-12
PROD000149,Northeast,69,56,2026-02-12
PROD000105,West,153,46,2026-02-12
PROD000115,Northeast,63,22,2026-02-12
PROD000227,Northeast,197,27,2026-02-12
PROD000101,West,42,34,2026-02-12
PROD000107,West,205,26,2026-02-12
PROD000233,West,136,22,2026-02-12
PROD000068,Midwest,228,62,2026-02-12
PROD000166,Midwest,135,58,2026-02-12
PROD000139,Northeast,214,28,2026-02-12
PROD000102,Midwest,112,60,2026-02-12
PROD000159,Southeast,65,32,2026-02-12
PROD000157,Northeast,60,45,2026-02-12
PROD000133,Northeast,211,41,2026-02-12
PROD000103,Northeast,96,57,2026-02-12
PROD000094,Northeast,21,39,2026-02-12
PROD000181,Northeast,24,16,2026-02-12
PROD000187,Midwest,216,45,2026-02-12
PROD000089,Midwest,60,21,2026-02-12
PROD000245,Northeast,32,25,2026-02-12
PROD000063,Northeast,178,23,2026-02-12
PROD000208,West,170,61,2026-02-12
PROD000084,West,78,67,2026-02-12
PROD000007,West,205,39,2026-02-12
PROD000097,Northeast,115,32,2026-02-12
PROD000194,West,84,23,2026-02-12
PROD000185,Midwest,137,66,2026-02-12
PROD000132,Southeast,26,63,2026-02-12
PROD000027,Northeast,140,30,2026-02-12
PROD000081,Midwest,190,54,2026-02-12
PROD000147,Midwest,185,42,2026-02-12
PROD000030,Northeast,199,47,2026-02-12
PROD000114,Northeast,72,15,2026-02-12
PROD000197,West,199,39,2026-02-12
PROD000130,Southeast,194,27,2026-02-12
PROD000104,Southeast,63,32,2026-02-12
PROD000086,Northeast,115,60,2026-02-12
PROD000155,Midwest,229,59,2026-02-12
PROD000231,West,11,69,2026-02-12
PROD000072,Northeast,44,37,2026-02-12
PROD000220,Northeast,118,52,2026-02-12
PROD000018,Northeast,109,47,2026-02-12
PROD000129,Northeast,135,47,2026-02-12
PROD000209,West,33,69,2026-02-12
PROD000172,Southeast,3,46,2026-02-12
PROD000045,West,100,57,2026-02-12
PROD000067,West,87,52,2026-02-12
PROD000151,Northeast,10,33,2026-02-12
PROD000180,Southeast,237,35,2026-02-12
PROD000120,Northeast,27,17,2026-02-12
PROD000203,West,0,51,2026-02-13
PROD000004,Northeast,84,49,2026-02-13
PROD000079,Midwest,23,47,2026-02-13
PROD000010,Midwest,65,44,2026-02-13
PROD000089,Midwest,128,39,2026-02-13
PROD000106,Northeast,134,61,2026-02-13
PROD000231,Northeast,102,65,2026-02-13
PROD000233,West,217,44,2026-02-13
PROD000185,Northeast,195,51,2026-02-13
PROD000176,Midwest,162,36,2026-02-13
PROD000049,Northeast,127,54,2026-02-13
PROD000071,West,224,61,2026-02-13
PROD000017,West,87,31,2026-02-13
PROD000109,Northeast,194,68,2026-02-13
PROD000061,Northeast,70,29,2026-02-13
PROD000225,Northeast,30,32,2026-02-13
PROD000155,Northeast,2,22,2026-02-13
PROD000150,Northeast,27,34,2026-02-13
PROD000067,Midwest,15,37,2026-02-13
PROD000099,Northeast,224,56,2026-02-13
PROD000002,Southeast,189,45,2026-02-13
PROD000111,Midwest,116,64,2026-02-13
PROD000016,Midwest,84,50,2026-02-13
PROD000055,Midwest,107,33,2026-02-13
PROD000184,Northeast,167,63,2026-02-13
PROD000164,West,160,55,2026-02-13
PROD000211,Southeast,3,37,2026-02-13
PROD000250,Southeast,131,24,2026-02-13
PROD000151,Northeast,89,19,2026-02-13
PROD000090,West,81,53,2026-02-13
PROD000041,Southeast,39,59,2026-02-13
PROD000062,Southeast,100,68,2026-02-13
PROD000218,Midwest,160,60,2026-02-13
PROD000240,Midwest,56,16,2026-02-13
PROD000180,Northeast,226,37,2026-02-13
PROD000095,Midwest,74,55,2026-02-13
PROD000064,Southeast,127,50,2026-02-13
PROD000086,Southeast,27,62,2026-02-13
PROD000088,Southeast,171,44,2026-02-13
PROD000215,Northeast,115,46,2026-02-13
PROD000143,Midwest,166,58,2026-02-13
PROD000207,Southeast,227,26,2026-02-13
PROD000077,Northeast,54,24,2026-02-13
PROD000033,Northeast,88,60,2026-02-13
PROD000059,Southeast,122,36,2026-02-13
PROD000128,Midwest,154,61,2026-02-13
PROD000229,Southeast,160,57,2026-02-13
PROD000009,Midwest,11,66,2026-02-13
PROD000121,West,93,31,2026-02-13
PROD000038,Midwest,12,65,2026-02-13
PROD000082,West,191,57,2026-02-13
PROD000200,West,135,33,2026-02-13
PROD000160,Northeast,55,21,2026-02-13
PROD000072,Southeast,21,49,2026-02-13
PROD000172,Northeast,220,21,2026-02-13
PROD000115,Southeast,28,26,2026-02-13
PROD000124,Northeast,172,15,2026-02-13
PROD000078,Northeast,54,60,2026-02-13
PROD000194,Southeast,229,47,2026-02-13
PROD000056,Southeast,234,56,2026-02-13
PROD000147,Southeast,173,37,2026-02-13
PROD000063,West,208,44,2026-02-13
PROD000112,Midwest,11,26,2026-02-13
PROD000137,Southeast,144,31,2026-02-13
PROD000249,Midwest,118,27,2026-02-13
PROD000120,Northeast,210,34,2026-02-13
PROD000220,West,55,41,2026-02-13
PROD000134,West,74,28,2026-02-13
PROD000161,West,103,18,2026-02-13
PROD000205,Southeast,13,22,2026-02-13
PROD000012,West,61,22,2026-02-13
PROD000042,Southeast,158,56,2026-02-13
PROD000092,Northeast,189,34,2026-02-13
PROD000213,Southeast,226,29,2026-02-13
PROD000201,Southeast,89,52,2026-02-13
PROD000023,Midwest,208,15,2026-02-13
PROD000103,Northeast,6,58,2026-02-13
PROD000102,Midwest,82,66,2026-02-13
PROD000156,West,114,28,2026-02-13
PROD000183,Northeast,110,15,2026-02-13
PROD000210,Midwest,203,62,2026-02-13
PROD000169,Midwest,235,28,2026-02-13
PROD000097,Northeast,121,57,2026-02-13
PROD000028,Midwest,172,16,2026-02-13
PROD000227,Southeast,15,40,2026-02-13
PROD000075,Southeast,115,15,2026-02-13
PROD000145,West,102,44,2026-02-13
PROD000116,West,140,44,2026-02-13
PROD000020,Midwest,166,37,2026-02-13
PROD000031,Southeast,231,17,2026-02-13
PROD000110,Northeast,128,61,2026-02-13
PROD000241,West,36,30,2026-02-13
PROD000158,Midwest,178,17,2026-02-13
PROD000108,West,45,48,2026-02-13
PROD000165,West,35,59,2026-02-13
PROD000171,West,230,60,2026-02-13
PROD000091,Southeast,203,47,2026-02-13
PROD000001,Southeast,211,68,2026-02-13
PROD000138,Midwest,164,45,2026-02-13
PROD000065,West,17,69,2026-02-13
PROD000039,West,108,50,2026-02-13
PROD000053,Midwest,26,62,2026-02-13
PROD000101,Northeast,107,42,2026-02-13
PROD000196,Midwest,75,23,2026-02-13
PROD000153,West,192,51,2026-02-13
PROD000126,West,1,49,2026-02-13
PROD000080,Southeast,114,27,2026-02-13
PROD000209,Northeast,7,36,2026-02-13
PROD000238,Southeast,37,28,2026-02-13
PROD000094,Southeast,172,54,2026-02-13
PROD000154,Northeast,187,62,2026-02-13
PROD000047,Southeast,140,20,2026-02-13
PROD000024,Northeast,30,18,2026-02-13
PROD000014,Northeast,56,38,2026-02-13
PROD000199,Midwest,10,40,2026-02-13
PROD000192,Northeast,197,30,2026-02-13
PROD000133,Northeast,208,21,2026-02-13
PROD000040,Northeast,38,25,2026-02-13
PROD000248,Southeast,193,30,2026-02-13
PROD000214,Midwest,74,43,2026-02-13
PROD000202,Midwest,102,55,2026-02-14
PROD000033,Northeast,208,18,2026-02-14
PROD000235,West,211,54,2026-02-14
PROD000196,Northeast,116,52,2026-02-14
PROD000063,Midwest,126,48,2026-02-14
PROD000061,Northeast,115,24,2026-02-14
PROD000197,Northeast,43,16,2026-02-14
PROD000105,Southeast,93,57,2026-02-14
PROD000156,Northeast,173,38,2026-02-14
PROD000076,West,184,62,2026-02-14
PROD000075,Midwest,59,16,2026-02-14
PROD000054,Midwest,191,19,2026-02-14
PROD000119,Southeast,238,22,2026-02-14
PROD000226,Northeast,207,34,2026-02-14
PROD000168,Midwest,53,52,2026-02-14
PROD000178,Southeast,136,47,2026-02-14
PROD000086,West,184,59,2026-02-14
PROD000148,Southeast,207,19,2026-02-14
PROD000078,West,137,18,2026-02-14
PROD000225,Northeast,155,25,2026-02-14
PROD000085,Southeast,87,64,2026-02-14
PROD000190,West,181,27,2026-02-14
PROD000058,West,0,36,2026-02-14
PROD000126,Southeast,172,58,2026-02-14
PROD000032,Northeast,79,25,2026-02-14
PROD000079,Southeast,54,32,2026-02-14
PROD000070,West,96,30,2026-02-14
PROD000169,West,31,66,2026-02-14
PROD000056,Northeast,47,15,2026-02-14
PROD000059,Northeast,65,53,2026-02-14
PROD000228,Midwest,16,17,2026-02-14
PROD000060,Southeast,51,40,2026-02-14
PROD000159,West,63,23,2026-02-14
PROD000101,West,21,17,2026-02-14
PROD000194,Northeast,218,47,2026-02-14
PROD000231,Southeast,208,45,2026-02-14
PROD000234,Southeast,90,36,2026-02-14
PROD000192,Northeast,235,50,2026-02-14
PROD000022,Midwest,127,69,2026-02-14
PROD000084,West,59,48,2026-02-14
PROD000158,Midwest,59,34,2026-02-14
PROD000026,West,23,42,2026-02-14
PROD000081,Southeast,239,20,2026-02-14
PROD000072,Southeast,81,59,2026-02-14
PROD000239,West,95,48,2026-02-14
PROD000203,Northeast,83,57,2026-02-14
PROD000107,Midwest,148,56,2026-02-14
PROD000040,West,101,60,2026-02-14
PROD000250,West,15,55,2026-02-14
PROD000121,Northeast,165,49,2026-02-14
PROD000232,West,3,20,2026-02-14
PROD000220,Midwest,38,29,2026-02-14
PROD000016,Southeast,35,25,2026-02-14
PROD000120,Southeast,215,17,2026-02-14
PROD000068,Northeast,123,44,2026-02-14
PROD000176,Southeast,163,53,2026-02-14
PROD000201,West,193,49,2026-02-14
PROD000062,Southeast,46,29,2026-02-14
PROD000042,Northeast,65,27,2026-02-14
PROD000108,Northeast,109,54,2026-02-14
PROD000183,Southeast,230,43,2026-02-14
PROD000087,Midwest,1,45,2026-02-14
PROD000127,Midwest,53,21,2026-02-14
PROD000019,West,54,30,2026-02-14
PROD000115,Southeast,24,42,2026-02-14
PROD000074,Midwest,105,17,2026-02-14
PROD000171,Midwest,159,61,2026-02-14
PROD000010,West,104,38,2026-02-14
PROD000142,Midwest,177,44,2026-02-14
PROD000064,Northeast,84,56,2026-02-14
PROD000110,Midwest,206,54,2026-02-14
PROD000151,Northeast,167,48,2026-02-14
PROD000177,Southeast,200,29,2026-02-14
PROD000244,West,201,19,2026-02-14
PROD000222,Southeast,44,15,2026-02-14
PROD000102,Midwest,90,24,2026-02-14
PROD000191,Southeast,36,49,2026-02-14
PROD000077,Northeast,63,23,2026-02-14
PROD000065,Northeast,52,49,2026-02-14
PROD000029,Southeast,128,63,2026-02-14
PROD000243,Southeast,55,42,2026-02-14
PROD000155,Southeast,224,35,2026-02-14
PROD000130,Southeast,185,58,2026-02-14
PROD000009,Northeast,92,44,2026-02-14
PROD000242,West,166,16,2026-02-14
PROD000181,Southeast,173,50,2026-02-14
PROD000217,Midwest,239,23,2026-02-14
PROD000157,Northeast,197,51,2026-02-14
PROD000122,Northeast,192,67,2026-02-14
PROD000034,Midwest,230,49,2026-02-14
PROD000212,West,10,58,2026-02-14
PROD000180,Southeast,198,59,2026-02-14
PROD000028,Northeast,5,52,2026-02-14
PROD000049,Southeast,7,56,2026-02-14
PROD000067,Midwest,33,27,2026-02-14
PROD000167,Midwest,183,55,2026-02-14
PROD000093,Midwest,54,63,2026-02-14
PROD000117,West,91,23,2026-02-14
PROD000004,Northeast,52,52,2026-02-14
PROD000161,Southeast,200,15,2026-02-14
PROD000139,Northeast,223,15,2026-02-14
PROD000055,Midwest,5,61,2026-02-14
PROD000097,West,29,35,2026-02-14
PROD000116,West,159,16,2026-02-14
PROD000236,West,173,28,2026-02-14
PROD000238,Southeast,221,16,2026-02-14
PROD000185,Northeast,2,44,2026-02-14
PROD000143,West,178,36,2026-02-14
PROD000114,Southeast,90,46,2026-02-14
PROD000219,Southeast,165,17,2026-02-14
PROD000245,Midwest,200,60,2026-02-14
PROD000090,Midwest,202,21,2026-02-14
PROD000027,Southeast,101,49,2026-02-14
PROD000015,Midwest,78,35,2026-02-14
PROD000038,Southeast,138,69,2026-02-14
PROD000053,Midwest,239,50,2026-02-14
PROD000134,Northeast,123,26,2026-02-14
PROD000047,Southeast,4,24,2026-02-14
PROD000184,Southeast,93,30,2026-02-14
PROD000218,West,115,57,2026-02-14
PROD000038,Northeast,37,53,2026-02-15
PROD000220,Southeast,137,18,2026-02-15
PROD000092,Northeast,116,19,2026-02-15
PROD000123,Midwest,203,44,2026-02-15
PROD000116,West,142,41,2026-02-15
PROD000111,Northeast,118,53,2026-02-15
PROD000221,West,202,60,2026-02-15
PROD000108,West,25,57,2026-02-15
PROD000168,Southeast,28,39,2026-02-15
PROD000015,Northeast,98,16,2026-02-15
PROD000238,Northeast,119,19,2026-02-15
PROD000140,Northeast,90,32,2026-02-15
PROD000229,Northeast,226,49,2026-02-15
PROD000065,Midwest,133,52,2026-02-15
PROD000063,Midwest,201,59,2026-02-15
PROD000244,West,230,48,2026-02-15
PROD000064,Northeast,62,59,2026-02-15
PROD000209,West,204,50,2026-02-15
PROD000201,West,120,29,2026-02-15
PROD000231,Southeast,209,64,2026-02-15
PROD000022,Northeast,2,67,2026-02-15
PROD000042,West,128,62,2026-02-15
PROD000205,Midwest,6,56,2026-02-15
PROD000142,West,25,34,2026-02-15
PROD000152,Midwest,32,68,2026-02-15
PROD000157,Northeast,81,56,2026-02-15
PROD000105,Southeast,193,36,2026-02-15
PROD000025,West,211,38,2026-02-15
PROD000088,Midwest,118,44,2026-02-15
PROD000118,West,79,51,2026-02-15
PROD000225,West,129,66,2026-02-15
PROD000161,West,213,22,2026-02-15
PROD000184,Southeast,101,62,2026-02-15
PROD000219,Southeast,235,52,2026-02-15
PROD000052,Northeast,15,40,2026-02-15
PROD000067,Southeast,112,22,2026-02-15
PROD000131,West,119,41,2026-02-15
PROD000139,Northeast,148,24,2026-02-15
PROD000236,Northeast,80,27,2026-02-15
PROD000121,Midwest,45,61,2026-02-15
PROD000037,Northeast,231,17,2026-02-15
PROD000204,Midwest,70,16,2026-02-15
PROD000197,Northeast,141,33,2026-02-15
PROD000045,West,80,26,2026-02-15
PROD000195,Midwest,22,39,2026-02-15
PROD000001,Southeast,16,24,2026-02-15
PROD000189,Northeast,157,56,2026-02-15
PROD000248,West,194,36,2026-02-15
PROD000177,West,72,41,2026-02-15
PROD000089,West,114,18,2026-02-15
PROD000101,Southeast,14,17,2026-02-15
PROD000173,Midwest,162,16,2026-02-15
PROD000050,Southeast,233,69,2026-02-15
PROD000047,Southeast,54,45,2026-02-15
PROD000145,Midwest,64,27,2026-02-15
PROD000135,Northeast,49,62,2026-02-15
PROD000039,Northeast,98,27,2026-02-15
PROD000066,Southeast,195,69,2026-02-15
PROD000129,Midwest,164,58,2026-02-15
PROD000182,Southeast,140,22,2026-02-15
PROD000083,Northeast,156,61,2026-02-15
PROD000024,Northeast,220,44,2026-02-15
PROD000009,Midwest,112,67,2026-02-15
PROD000046,Southeast,3,47,2026-02-15
PROD000082,Midwest,161,37,2026-02-15
PROD000023,West,75,63,2026-02-15
PROD000040,Southeast,89,31,2026-02-15
PROD000086,Midwest,194,65,2026-02-15
PROD000246,West,1,59,2026-02-15
PROD000020,Northeast,87,23,2026-02-15
PROD000141,West,128,51,2026-02-15
PROD000044,Midwest,71,20,2026-02-15
PROD000126,Midwest,224,32,2026-02-15
PROD000100,Northeast,137,41,2026-02-15
PROD000138,Southeast,89,47,2026-02-15
PROD000053,Northeast,40,19,2026-02-15
PROD000174,Midwest,207,54,2026-02-15
PROD000103,Southeast,232,65,2026-02-15
PROD000212,Southeast,214,61,2026-02-15
PROD000153,Midwest,44,46,2026-02-15
PROD000078,Northeast,91,58,2026-02-15
PROD000235,Southeast,197,65,2026-02-15
PROD000191,Southeast,176,38,2026-02-15
PROD000091,Midwest,233,42,2026-02-15
PROD000188,West,151,22,2026-02-15
PROD000033,Northeast,124,27,2026-02-15
PROD000125,Northeast,99,18,2026-02-15
PROD000114,West,136,30,2026-02-15
PROD000149,Northeast,30,39,2026-02-15
PROD000048,Southeast,3,42,2026-02-15
PROD000228,Midwest,132,46,2026-02-15
PROD000072,Southeast,39,62,2026-02-15
PROD000143,Southeast,123,57,2026-02-15
PROD000245,West,179,19,2026-02-15
PROD000061,Midwest,163,35,2026-02-15
PROD000095,Southeast,68,68,2026-02-15
PROD000207,Southeast,156,62,2026-02-15
PROD000222,Midwest,146,56,2026-02-15
PROD000226,West,129,53,2026-02-15
PROD000169,Midwest,161,54,2026-02-15
PROD000147,Southeast,133,47,2026-02-15
PROD000179,Northeast,23,43,2026-02-15
PROD000223,Northeast,69,48,2026-02-15
PROD000158,Northeast,96,27,2026-02-15
PROD000165,Northeast,67,51,2026-02-15
PROD000239,Southeast,185,40,2026-02-15
PROD000069,Southeast,80,38,2026-02-15
PROD000060,Southeast,233,20,2026-02-15
PROD000162,Northeast,24,66,2026-02-15
PROD000155,Midwest,184,61,2026-02-15
PROD000027,Northeast,103,26,2026-02-15
PROD000062,Midwest,165,28,2026-02-15
PROD000176,West,114,30,2026-02-15
PROD000073,Northeast,116,21,2026-02-15
PROD000028,Midwest,0,16,2026-02-15
PROD000133,Midwest,71,22,2026-02-15
PROD000128,Northeast,16,52,2026-02-15
PROD000166,Midwest,20,34,2026-02-15
PROD000018,Northeast,34,29,2026-02-15
PROD000192,Southeast,12,30,2026-02-15
PROD000080,Northeast,89,53,2026-02-16
PROD000081,Northeast,234,26,2026-02-16
PROD000233,West,238,40,2026-02-16
PROD000039,Midwest,89,30,2026-02-16
PROD000007,Northeast,72,16,2026-02-16
PROD000110,Northeast,108,19,2026-02-16
PROD000168,Southeast,2,61,2026-02-16
PROD000146,Northeast,80,33,2026-02-16
PROD000221,West,136,16,2026-02-16
PROD000104,Midwest,211,48,2026-02-16
PROD000094,Midwest,21,32,2026-02-16
PROD000120,West,74,32,2026-02-16
PROD000096,Northeast,231,44,2026-02-16
PROD000158,Southeast,179,19,2026-02-16
PROD000023,West,108,31,2026-02-16
PROD000247,West,40,23,2026-02-16
PROD000118,West,54,42,2026-02-16
PROD000004,West,51,34,2026-02-16
PROD000034,Southeast,231,21,2026-02-16
PROD000201,Northeast,124,52,2026-02-16
PROD000083,Southeast,65,21,2026-02-16
PROD000075,West,73,32,2026-02-16
PROD000219,Midwest,205,53,2026-02-16
PROD000049,Northeast,210,23,2026-02-16
PROD000194,Midwest,215,49,2026-02-16
PROD000089,Northeast,15,30,2026-02-16
PROD000153,Midwest,126,45,2026-02-16
PROD000231,Midwest,230,31,2026-02-16
PROD000033,Southeast,107,57,2026-02-16
PROD000115,Northeast,173,32,2026-02-16
PROD000190,Midwest,95,19,2026-02-16
PROD000017,Southeast,137,60,2026-02-16
PROD000189,Southeast,107,21,2026-02-16
PROD000001,Midwest,187,66,2026-02-16
PROD000060,Midwest,189,37,2026-02-16
PROD000067,Northeast,193,63,2026-02-16
PROD000182,Southeast,1,59,2026-02-16
PROD000090,Midwest,89,20,2026-02-16
PROD000005,West,154,26,2026-02-16
PROD000127,Midwest,93,39,2026-02-16
PROD000070,Northeast,190,66,2026-02-16
PROD000249,Northeast,139,30,2026-02-16
PROD000204,West,220,40,2026-02-16
PROD000107,Midwest,15,32,2026-02-16
PROD000159,Southeast,228,35,2026-02-16
PROD000229,West,66,57,2026-02-16
PROD000046,Northeast,8,21,2026-02-16
PROD000018,Midwest,108,18,2026-02-16
PROD000250,Northeast,148,19,2026-02-16
PROD000185,Southeast,185,42,2026-02-16
PROD000032,Midwest,192,15,2026-02-16
PROD000220,Midwest,6,59,2026-02-16
PROD000166,Northeast,94,22,2026-02-16
PROD000188,Northeast,204,56,2026-02-16
PROD000130,Midwest,175,39,2026-02-16
PROD000062,Midwest,167,27,2026-02-16
PROD000152,Northeast,77,15,2026-02-16
PROD000178,Northeast,85,29,2026-02-16
PROD000055,Midwest,5,59,2026-02-16
PROD000031,Southeast,102,20,2026-02-16
PROD000072,Midwest,13,48,2026-02-16
PROD000216,West,123,69,2026-02-16
PROD000186,Southeast,160,42,2026-02-16
PROD000218,Southeast,177,48,2026-02-16
PROD000203,Northeast,173,62,2026-02-16
PROD000093,West,185,61,2026-02-16
PROD000239,Northeast,168,44,2026-02-16
PROD000200,Midwest,233,24,2026-02-16
PROD000074,Midwest,216,50,2026-02-16
PROD000162,Southeast,204,22,2026-02-16
PROD000139,Midwest,103,49,2026-02-16
PROD000228,Midwest,199,16,2026-02-16
PROD000011,Midwest,62,22,2026-02-16
PROD000144,Midwest,76,64,2026-02-16
PROD000099,West,60,32,2026-02-16
PROD000210,Northeast,72,29,2026-02-16
PROD000167,Midwest,197,35,2026-02-16
PROD000097,Midwest,8,56,2026-02-16
PROD000140,Southeast,108,66,2026-02-16
PROD000028,Midwest,57,38,2026-02-16
PROD000124,Southeast,192,53,2026-02-16
PROD000006,Southeast,138,52,2026-02-16
PROD000196,Midwest,47,16,2026-02-16
PROD000044,Southeast,66,49,2026-02-16
PROD000041,Midwest,192,41,2026-02-16
PROD000155,Northeast,189,47,2026-02-16
PROD000211,Southeast,22,24,2026-02-16
PROD000135,Midwest,197,56,2026-02-16
PROD000133,West,8,67,2026-02-16
PROD000163,Midwest,131,33,2026-02-16
PROD000132,Southeast,120,40,2026-02-16
PROD000245,Midwest,101,33,2026-02-16
PROD000058,Midwest,176,23,2026-02-16
PROD000069,Midwest,193,67,2026-02-16
PROD000016,West,21,39,2026-02-16
PROD000230,West,185,36,2026-02-16
PROD000054,Midwest,129,51,2026-02-16
PROD000092,Northeast,20,58,2026-02-16
PROD000114,West,85,58,2026-02-16
PROD000048,Southeast,142,34,2026-02-16
PROD000164,Northeast,9,54,2026-02-16
PROD000116,West,79,33,2026-02-16
PROD000202,Southeast,94,47,2026-02-16
PROD000013,West,222,51,2026-02-16
PROD000142,Southeast,0,30,2026-02-16
PROD000172,Southeast,225,67,2026-02-16
PROD000179,West,113,37,2026-02-16
PROD000117,Northeast,63,30,2026-02-16
PROD000154,Midwest,12,16,2026-02-16
PROD000008,West,207,59,2026-02-16
PROD000086,Southeast,62,23,2026-02-16
PROD000212,Midwest,79,64,2026-02-16
PROD000047,Southeast,224,26,2026-02-16
PROD000184,Midwest,222,42,2026-02-16
PROD000108,Southeast,69,39,2026-02-16
PROD000030,West,65,27,2026-02-16
PROD000068,Northeast,50,51,2026-02-16
PROD000209,West,91,35,2026-02-16
PROD000112,West,231,55,2026-02-16
PROD000208,West,215,19,2026-02-16
PROD000082,Northeast,138,59,2026-02-17
PROD000221,Southeast,234,68,2026-02-17
PROD000063,West,171,57,2026-02-17
PROD000086,Northeast,232,61,2026-02-17
PROD000231,Midwest,78,24,2026-02-17
PROD000197,Southeast,13,29,2026-02-17
PROD000222,Northeast,107,56,2026-02-17
PROD000243,Midwest,65,63,2026-02-17
PROD000224,Southeast,77,34,2026-02-17
PROD000148,West,77,66,2026-02-17
PROD000248,Southeast,54,18,2026-02-17
PROD000185,Southeast,170,40,2026-02-17
PROD000125,Northeast,160,20,2026-02-17
PROD000061,West,217,56,2026-02-17
PROD000030,Northeast,176,67,2026-02-17
PROD000194,Southeast,69,36,2026-02-17
PROD000107,Northeast,236,48,2026-02-17
PROD000203,Midwest,40,24,2026-02-17
PROD000042,Southeast,168,51,2026-02-17
PROD000097,Northeast,91,62,2026-02-17
PROD000174,Northeast,89,33,2026-02-17
PROD000054,West,66,23,2026-02-17
PROD000110,Midwest,90,27,2026-02-17
PROD000066,West,48,15,2026-02-17
PROD000186,Southeast,226,55,2026-02-17
PROD000226,Midwest,238,66,2026-02-17
PROD000032,West,193,24,2026-02-17
PROD000238,West,235,60,2026-02-17
PROD000079,Northeast,34,29,2026-02-17
PROD000170,West,107,57,2026-02-17
PROD000235,Northeast,164,38,2026-02-17
PROD000199,Midwest,124,59,2026-02-17
PROD000142,West,181,55,2026-02-17
PROD000056,Southeast,107,32,2026-02-17
PROD000183,Northeast,148,56,2026-02-17
PROD000182,Midwest,25,26,2026-02-17
PROD000058,Southeast,87,22,2026-02-17
PROD000217,Northeast,150,31,2026-02-17
PROD000123,Southeast,238,31,2026-02-17
PROD000229,Southeast,227,48,2026-02-17
PROD000230,Midwest,179,62,2026-02-17
PROD000084,Midwest,87,45,2026-02-17
PROD000206,Midwest,219,66,2026-02-17
PROD000131,Southeast,174,54,2026-02-17
PROD000138,Northeast,12,24,2026-02-17
PROD000108,West,202,55,2026-02-17
PROD000227,Northeast,87,60,2026-02-17
PROD000161,West,161,60,2026-02-17
PROD000069,West,173,67,2026-02-17
PROD000081,Southeast,215,40,2026-02-17
PROD000204,Southeast,91,20,2026-02-17
PROD000247,Southeast,3,32,2026-02-17
PROD000047,Midwest,220,38,2026-02-17
PROD000236,West,186,33,2026-02-17
PROD000135,Southeast,185,52,2026-02-17
PROD000022,West,125,41,2026-02-17
PROD000088,Southeast,158,31,2026-02-17
PROD000067,Northeast,208,22,2026-02-17
PROD000156,West,4,26,2026-02-17
PROD000250,Northeast,221,42,2026-02-17
PROD000052,Midwest,188,69,2026-02-17
PROD000202,Midwest,41,63,2026-02-17
PROD000144,West,150,25,2026-02-17
PROD000164,West,66,66,2026-02-17
PROD000060,Northeast,106,32,2026-02-17
PROD000176,Southeast,151,47,2026-02-17
PROD000048,Northeast,28,24,2026-02-17
PROD000152,Midwest,65,27,2026-02-17
PROD000016,West,131,28,2026-02-17
PROD000193,Northeast,111,41,2026-02-17
PROD000075,Midwest,134,49,2026-02-17
PROD000219,West,133,40,2026-02-17
PROD000241,Midwest,149,34,2026-02-17
PROD000237,Northeast,67,17,2026-02-17
PROD000077,Northeast,12,61,2026-02-17
PROD000139,Northeast,107,64,2026-02-17
PROD000163,Midwest,36,61,2026-02-17
PROD000129,Northeast,139,23,2026-02-17
PROD000130,Northeast,39,22,2026-02-17
PROD000249,Southeast,145,49,2026-02-17
PROD000154,Midwest,16,27,2026-02-17
PROD000007,Midwest,100,59,2026-02-17
PROD000120,Midwest,154,69,2026-02-17
PROD000232,Northeast,134,45,2026-02-17
PROD000244,Midwest,11,39,2026-02-17
PROD000128,Northeast,105,67,2026-02-17
PROD000117,West,67,61,2026-02-17
PROD000167,Northeast,129,47,2026-02-17
PROD000181,West,153,62,2026-02-17
PROD000239,Northeast,79,54,2026-02-17
PROD000153,West,220,43,2026-02-17
PROD000189,Southeast,52,65,2026-02-17
PROD000169,Southeast,66,25,2026-02-17
PROD000192,Northeast,62,17,2026-02-17
PROD000041,Northeast,2,15,2026-02-17
PROD000006,Northeast,144,34,2026-02-17
PROD000136,Northeast,92,28,2026-02-17
PROD000180,West,58,64,2026-02-17
PROD000050,Southeast,173,17,2026-02-17
PROD000112,Midwest,82,37,2026-02-17
PROD000072,Northeast,184,65,2026-02-17
PROD000205,Southeast,150,15,2026-02-17
PROD000015,West,150,69,2026-02-17
PROD000049,Midwest,84,26,2026-02-17
PROD000019,Southeast,216,16,2026-02-17
PROD000073,Midwest,43,61,2026-02-17
PROD000070,West,145,49,2026-02-17
PROD000090,Midwest,213,47,2026-02-17
PROD000187,Midwest,24,45,2026-02-17
PROD000092,West,46,38,2026-02-17
PROD000116,Midwest,210,27,2026-02-17
PROD000207,Southeast,190,37,2026-02-17
PROD000228,Midwest,135,45,2026-02-17
PROD000246,Midwest,7,62,2026-02-17
PROD000240,Midwest,22,44,2026-02-17
PROD000091,Midwest,45,50,2026-02-17
PROD000158,Midwest,128,44,2026-02-17
PROD000208,Northeast,102,64,2026-02-17
PROD000099,Midwest,55,53,2026-02-17
PROD000037,Southeast,53,33,2026-02-17
PROD000044,Midwest,219,38,2026-02-18
PROD000087,Northeast,105,32,2026-02-18
PROD000053,Northeast,218,27,2026-02-18
PROD000229,Midwest,58,64,2026-02-18
PROD000153,Southeast,16,48,2026-02-18
PROD000038,Northeast,194,43,2026-02-18
PROD000065,West,126,63,2026-02-18
PROD000109,Southeast,224,40,2026-02-18
PROD000012,West,186,45,2026-02-18
PROD000131,West,62,58,2026-02-18
PROD000241,West,127,56,2026-02-18
PROD000183,Southeast,207,53,2026-02-18
PROD000029,West,5,48,2026-02-18
PROD000104,Midwest,154,57,2026-02-18
PROD000115,Southeast,234,36,2026-02-18
PROD000033,Midwest,83,42,2026-02-18
PROD000006,Northeast,115,40,2026-02-18
PROD000209,Northeast,237,52,2026-02-18
PROD000113,Southeast,21,39,2026-02-18
PROD000192,Southeast,149,63,2026-02-18
PROD000224,Southeast,190,49,2026-02-18
PROD000177,Midwest,11,67,2026-02-18
PROD000001,Midwest,25,61,2026-02-18
PROD000066,West,203,53,2026-02-18
PROD000133,Midwest,192,40,2026-02-18
PROD000032,Southeast,91,22,2026-02-18
PROD000114,West,112,33,2026-02-18
PROD000078,Midwest,53,31,2026-02-18
PROD000130,West,49,22,2026-02-18
PROD000208,Northeast,42,45,2026-02-18
PROD000216,Northeast,79,46,2026-02-18
PROD000011,Northeast,142,59,2026-02-18
PROD000097,Northeast,110,44,2026-02-18
PROD000175,Northeast,209,62,2026-02-18
PROD000106,Midwest,98,69,2026-02-18
PROD000107,Northeast,90,51,2026-02-18
PROD000193,Northeast,3,54,2026-02-18
PROD000111,Northeast,224,64,2026-02-18
PROD000159,West,191,69,2026-02-18
PROD000003,Midwest,102,16,2026-02-18
PROD000019,Southeast,203,61,2026-02-18
PROD000230,Midwest,38,49,2026-02-18
PROD000014,Midwest,56,18,2026-02-18
PROD000134,Midwest,58,59,2026-02-18
PROD000054,West,76,36,2026-02-18
PROD000002,Southeast,165,60,2026-02-18
PROD000170,West,156,68,2026-02-18
PROD000022,West,167,32,2026-02-18
PROD000101,Southeast,137,41,2026-02-18
PROD000171,Southeast,189,40,2026-02-18
PROD000184,Northeast,144,37,2026-02-18
PROD000040,Midwest,157,62,2026-02-18
PROD000036,Southeast,106,47,2026-02-18
PROD000144,Midwest,75,61,2026-02-18
PROD000221,Northeast,193,56,2026-02-18
PROD000088,West,162,20,2026-02-18
PROD000108,Southeast,75,59,2026-02-18
PROD000222,West,4,27,2026-02-18
PROD000156,Northeast,90,39,2026-02-18
PROD000008,Midwest,195,31,2026-02-18
PROD000150,Northeast,112,17,2026-02-18
PROD000098,West,144,29,2026-02-18
PROD000174,Northeast,233,24,2026-02-18
PROD000042,Midwest,136,27,2026-02-18
PROD000071,West,213,68,2026-02-18
PROD000047,Northeast,122,54,2026-02-18
PROD000124,Midwest,166,48,2026-02-18
PROD000201,Southeast,64,62,2026-02-18
PROD000166,Southeast,103,62,2026-02-18
PROD000073,Northeast,58,16,2026-02-18
PROD000236,Southeast,220,17,2026-02-18
PROD000147,Southeast,138,15,2026-02-18
PROD000218,West,183,65,2026-02-18
PROD000227,Midwest,121,23,2026-02-18
PROD000064,Southeast,88,18,2026-02-18
PROD000118,Northeast,43,29,2026-02-18
PROD000217,West,85,22,2026-02-18
PROD000061,Northeast,176,47,2026-02-18
PROD000231,Northeast,175,51,2026-02-18
PROD000165,West,32,65,2026-02-18
PROD000009,Southeast,34,41,2026-02-18
PROD000245,Southeast,238,57,2026-02-18
PROD000099,West,155,49,2026-02-18
PROD000219,Midwest,29,17,2026-02-18
PROD000250,West,108,50,2026-02-18
PROD000243,Midwest,165,57,2026-02-18
PROD000226,West,183,43,2026-02-18
PROD000212,Southeast,76,20,2026-02-18
PROD000095,Northeast,120,26,2026-02-18
PROD000037,Northeast,18,39,2026-02-18
PROD000154,Northeast,40,69,2026-02-18
PROD000173,Midwest,4,58,2026-02-18
PROD000220,Northeast,132,18,2026-02-18
PROD000194,Northeast,216,61,2026-02-18
PROD000050,Northeast,126,40,2026-02-18
PROD000017,West,148,36,2026-02-18
PROD000119,West,180,15,2026-02-18
PROD000141,Northeast,25,27,2026-02-18
PROD000191,Northeast,188,68,2026-02-18
PROD000048,Midwest,190,50,2026-02-18
PROD000030,Northeast,80,57,2026-02-18
PROD000084,Northeast,70,66,2026-02-18
PROD000070,Southeast,116,47,2026-02-18
PROD000031,Southeast,81,17,2026-02-18
PROD000235,West,172,40,2026-02-18
PROD000167,Northeast,107,31,2026-02-18
PROD000100,Northeast,41,60,2026-02-18
PROD000077,Northeast,3,39,2026-02-18
PROD000127,West,147,17,2026-02-18
PROD000143,Northeast,134,44,2026-02-18
PROD000083,West,156,54,2026-02-18
PROD000043,Northeast,74,36,2026-02-18
PROD000213,Midwest,192,19,2026-02-18
PROD000225,Midwest,149,20,2026-02-18
PROD000062,Southeast,76,20,2026-02-18
PROD000034,West,115,48,2026-02-18
PROD000004,Midwest,213,32,2026-02-18
PROD000169,West,15,60,2026-02-18
PROD000146,Midwest,64,43,2026-02-18
PROD000158,Northeast,209,36,2026-02-18
PROD000054,Midwest,143,49,2026-02-19
PROD000068,West,106,33,2026-02-19
PROD000125,Northeast,237,57,2026-02-19
PROD000007,Midwest,226,63,2026-02-19
PROD000169,Southeast,138,29,2026-02-19
PROD000006,Southeast,166,23,2026-02-19
PROD000161,Midwest,75,17,2026-02-19
PROD000189,West,49,54,2026-02-19
PROD000062,Midwest,141,51,2026-02-19
PROD000114,Northeast,199,43,2026-02-19
PROD000194,Northeast,1,66,2026-02-19
PROD000238,Southeast,82,54,2026-02-19
PROD000016,Midwest,0,67,2026-02-19
PROD000178,Northeast,221,63,2026-02-19
PROD000180,West,91,36,2026-02-19
PROD000232,Northeast,64,31,2026-02-19
PROD000171,Southeast,5,43,2026-02-19
PROD000045,Northeast,178,49,2026-02-19
PROD000073,Northeast,231,29,2026-02-19
PROD000229,Midwest,181,64,2026-02-19
PROD000002,Northeast,125,55,2026-02-19
PROD000220,Midwest,199,20,2026-02-19
PROD000042,Midwest,218,49,2026-02-19
PROD000237,Midwest,203,65,2026-02-19
PROD000142,Midwest,46,28,2026-02-19
PROD000141,Midwest,216,61,2026-02-19
PROD000011,West,87,62,2026-02-19
PROD000066,Southeast,227,58,2026-02-19
PROD000122,Northeast,50,22,2026-02-19
PROD000223,Southeast,97,31,2026-02-19
PROD000218,West,62,40,2026-02-19
PROD000190,West,209,29,2026-02-19
PROD000081,Midwest,67,43,2026-02-19
PROD000024,Northeast,77,39,2026-02-19
PROD000044,West,27,50,2026-02-19
PROD000115,West,62,63,2026-02-19
PROD000149,Southeast,156,64,2026-02-19
PROD000120,West,48,40,2026-02-19
PROD000234,Northeast,139,47,2026-02-19
PROD000035,Northeast,20,30,2026-02-19
PROD000160,Northeast,69,58,2026-02-19
PROD000181,Midwest,162,48,2026-02-19
PROD000139,Northeast,59,30,2026-02-19
PROD000148,West,105,44,2026-02-19
PROD000154,Northeast,101,30,2026-02-19
PROD000153,Midwest,59,28,2026-02-19
PROD000146,Northeast,173,25,2026-02-19
PROD000175,Northeast,152,40,2026-02-19
PROD000017,West,54,20,2026-02-19
PROD000226,West,113,34,2026-02-19
PROD000063,West,147,34,2026-02-19
PROD000159,Southeast,202,33,2026-02-19
PROD000102,Midwest,141,41,2026-02-19
PROD000061,West,228,39,2026-02-19
PROD000089,Southeast,47,67,2026-02-19
PROD000208,Midwest,35,41,2026-02-19
PROD000123,West,212,56,2026-02-19
PROD000104,Northeast,19,65,2026-02-19
PROD000037,Southeast,156,39,2026-02-19
PROD000127,West,187,55,2026-02-19
PROD000143,Northeast,215,22,2026-02-19
PROD000029,Northeast,164,64,2026-02-19
PROD000235,Midwest,86,16,2026-02-19
PROD000236,Midwest,219,55,2026-02-19
PROD000216,Southeast,178,54,2026-02-19
PROD000075,Northeast,81,20,2026-02-19
PROD000103,Southeast,80,23,2026-02-19
PROD000134,Midwest,120,67,2026-02-19
PROD000027,Southeast,223,16,2026-02-19
PROD000004,Midwest,27,41,2026-02-19
PROD000196,West,42,34,2026-02-19
PROD000164,Northeast,174,36,2026-02-19
PROD000034,Northeast,84,33,2026-02-19
PROD000184,West,144,46,2026-02-19
PROD000025,Southeast,164,26,2026-02-19
PROD000191,Northeast,1,52,2026-02-19
PROD000243,Southeast,64,41,2026-02-19
PROD000099,Northeast,162,65,2026-02-19
PROD000118,Southeast,95,22,2026-02-19
PROD000094,Southeast,141,36,2026-02-19
PROD000209,Midwest,73,22,2026-02-19
PROD000207,Northeast,153,61,2026-02-19
PROD000008,Southeast,81,26,2026-02-19
PROD000246,Southeast,169,42,2026-02-19
PROD000022,Southeast,166,69,2026-02-19
PROD000132,Northeast,199,15,2026-02-19
PROD000152,Midwest,161,15,2026-02-19
PROD000248,Midwest,113,21,2026-02-19
PROD000112,Southeast,191,32,2026-02-19
PROD000117,Northeast,152,37,2026-02-19
PROD000064,Midwest,209,37,2026-02-19
PROD000150,Northeast,133,48,2026-02-19
PROD000010,Northeast,45,16,2026-02-19
PROD000046,West,221,21,2026-02-19
PROD000222,West,71,16,2026-02-19
PROD000051,Midwest,82,43,2026-02-19
PROD000172,Northeast,52,46,2026-02-19
PROD000128,West,156,35,2026-02-19
PROD000105,Northeast,68,51,2026-02-19
PROD000100,Northeast,7,53,2026-02-19
PROD000206,West,118,69,2026-02-19
PROD000166,West,213,60,2026-02-19
PROD000090,Midwest,50,33,2026-02-19
PROD000121,Midwest,227,42,2026-02-19
PROD000048,West,176,23,2026-02-19
PROD000082,Midwest,138,15,2026-02-19
PROD000026,Northeast,128,18,2026-02-19
PROD000242,Southeast,188,60,2026-02-19
PROD000212,West,65,32,2026-02-19
PROD000162,West,56,64,2026-02-19
PROD000059,Southeast,218,46,2026-02-19
PROD000155,West,16,58,2026-02-19
PROD000230,Northeast,100,63,2026-02-19
PROD000021,West,45,50,2026-02-19
PROD000195,West,195,42,2026-02-19
PROD000151,Southeast,104,15,2026-02-19
PROD000137,West,75,17,2026-02-19
PROD000165,Midwest,99,69,2026-02-19
PROD000113,Southeast,101,23,2026-02-19
PROD000012,Southeast,167,36,2026-02-19
PROD000064,Midwest,78,19,2026-02-20
PROD000103,Northeast,181,61,2026-02-20
PROD000061,Northeast,214,44,2026-02-20
PROD000132,Southeast,96,28,2026-02-20
PROD000117,West,64,32,2026-02-20
PROD000035,Midwest,177,34,2026-02-20
PROD000214,Midwest,78,55,2026-02-20
PROD000011,Southeast,151,43,2026-02-20
PROD000004,Midwest,100,44,2026-02-20
PROD000071,Midwest,82,58,2026-02-20
PROD000178,Midwest,212,52,2026-02-20
PROD000200,West,228,67,2026-02-20
PROD000100,Midwest,19,67,2026-02-20
PROD000174,Southeast,206,25,2026-02-20
PROD000077,Northeast,184,53,2026-02-20
PROD000152,Northeast,168,42,2026-02-20
PROD000104,Southeast,180,49,2026-02-20
PROD000060,West,213,31,2026-02-20
PROD000052,West,61,35,2026-02-20
PROD000211,Southeast,41,64,2026-02-20
PROD000039,Northeast,163,27,2026-02-20
PROD000085,Midwest,27,23,2026-02-20
PROD000045,West,191,32,2026-02-20
PROD000036,Northeast,195,45,2026-02-20
PROD000179,Midwest,125,51,2026-02-20
PROD000073,Southeast,124,58,2026-02-20
PROD000026,West,228,16,2026-02-20
PROD000057,Northeast,35,22,2026-02-20
PROD000009,West,138,43,2026-02-20
PROD000113,Midwest,75,60,2026-02-20
PROD000207,West,0,36,2026-02-20
PROD000047,Midwest,238,54,2026-02-20
PROD000032,Southeast,103,54,2026-02-20
PROD000203,Midwest,50,55,2026-02-20
PROD000030,Northeast,10,26,2026-02-20
PROD000158,West,17,35,2026-02-20
PROD000157,Northeast,135,51,2026-02-20
PROD000231,Midwest,61,52,2026-02-20
PROD000163,Midwest,69,51,2026-02-20
PROD000055,Northeast,175,37,2026-02-20
PROD000210,Southeast,29,31,2026-02-20
PROD000246,Northeast,4,66,2026-02-20
PROD000153,West,186,22,2026-02-20
PROD000216,Midwest,191,40,2026-02-20
PROD000015,Southeast,53,59,2026-02-20
PROD000202,Midwest,117,27,2026-02-20
PROD000227,Southeast,120,42,2026-02-20
PROD000121,Midwest,174,58,2026-02-20
PROD000049,Southeast,6,47,2026-02-20
PROD000238,West,41,59,2026-02-20
PROD000008,Southeast,235,36,2026-02-20
PROD000094,Midwest,1,68,2026-02-20
PROD000043,West,222,32,2026-02-20
PROD000065,Midwest,218,19,2026-02-20
PROD000082,Southeast,104,42,2026-02-20
PROD000151,Southeast,183,23,2026-02-20
PROD000106,Southeast,93,64,2026-02-20
PROD000034,Southeast,140,51,2026-02-20
PROD000237,Midwest,216,61,2026-02-20
PROD000230,Midwest,145,39,2026-02-20
PROD000114,Southeast,150,35,2026-02-20
PROD000074,Northeast,219,21,2026-02-20
PROD000037,West,225,32,2026-02-20
PROD000185,Northeast,95,36,2026-02-20
PROD000193,Midwest,47,49,2026-02-20
PROD000122,Northeast,41,30,2026-02-20
PROD000119,Southeast,155,52,2026-02-20
PROD000111,Southeast,83,22,2026-02-20
PROD000016,Northeast,166,52,2026-02-20
PROD000134,Midwest,88,37,2026-02-20
PROD000023,Northeast,79,21,2026-02-20
PROD000051,Northeast,113,61,2026-02-20
PROD000155,Southeast,126,47,2026-02-20
PROD000247,Midwest,173,58,2026-02-20
PROD000053,Southeast,115,41,2026-02-20
PROD000199,Northeast,69,65,2026-02-20
PROD000120,Northeast,100,62,2026-02-20
PROD000124,Southeast,55,17,2026-02-20
PROD000241,Northeast,117,54,2026-02-20
PROD000168,Southeast,172,18,2026-02-20
PROD000189,Northeast,151,30,2026-02-20
PROD000150,Midwest,236,16,2026-02-20
PROD000188,Midwest,14,36,2026-02-20
PROD000183,Northeast,10,23,2026-02-20
PROD000058,Northeast,165,59,2026-02-20
PROD000099,Southeast,229,51,2026-02-20
PROD000080,Southeast,148,58,2026-02-20
PROD000038,West,236,45,2026-02-20
PROD000040,Southeast,113,64,2026-02-20
PROD000084,Southeast,230,63,2026-02-20
PROD000001,Northeast,1,34,2026-02-20
PROD000075,Northeast,155,23,2026-02-20
PROD000187,Midwest,91,59,2026-02-20
PROD000105,Southeast,39,65,2026-02-20
PROD000018,West,165,42,2026-02-20
PROD000143,West,61,52,2026-02-20
PROD000244,Northeast,147,46,2026-02-20
PROD000250,Midwest,188,52,2026-02-20
PROD000091,Midwest,213,66,2026-02-20
PROD000209,Northeast,57,58,2026-02-20
PROD000167,Southeast,218,68,2026-02-20
PROD000088,Northeast,192,15,2026-02-20
PROD000070,Southeast,175,25,2026-02-20
PROD000170,Midwest,177,33,2026-02-20
PROD000098,Southeast,194,48,2026-02-20
PROD000133,West,220,64,2026-02-20
PROD000245,Midwest,14,22,2026-02-20
PROD000242,Southeast,83,25,2026-02-20
PROD000095,Northeast,115,50,2026-02-20
PROD000029,West,165,38,2026-02-20
PROD000218,Northeast,113,29,2026-02-20
PROD000195,Northeast,56,56,2026-02-20
PROD000219,Midwest,125,52,2026-02-20
PROD000024,Northeast,29,67,2026-02-20
PROD000206,Southeast,40,48,2026-02-20
PROD000243,Southeast,6,16,2026-02-20
PROD000145,Southeast,108,46,2026-02-20
PROD000131,Midwest,68,64,2026-02-20
PROD000197,Northeast,217,66,2026-02-20
PROD000078,Southeast,93,25,2026-02-20
PROD000196,Northeast,154,59,2026-02-21
PROD000227,Northeast,210,69,2026-02-21
PROD000220,West,16,17,2026-02-21
PROD000118,Northeast,1,20,2026-02-21
PROD000169,Midwest,63,25,2026-02-21
PROD000052,Midwest,131,47,2026-02-21
PROD000203,Midwest,182,28,2026-02-21
PROD000040,Midwest,193,67,2026-02-21
PROD000018,Southeast,138,32,2026-02-21
PROD000081,Southeast,14,42,2026-02-21
PROD000163,West,194,58,2026-02-21
PROD000207,West,0,46,2026-02-21
PROD000186,Southeast,163,65,2026-02-21
PROD000122,Midwest,87,65,2026-02-21
PROD000110,Midwest,100,66,2026-02-21
PROD000005,Northeast,52,62,2026-02-21
PROD000030,Northeast,125,56,2026-02-21
PROD000066,West,51,35,2026-02-21
PROD000229,Northeast,95,47,2026-02-21
PROD000009,Northeast,43,69,2026-02-21
PROD000022,West,153,57,2026-02-21
PROD000232,Southeast,62,18,2026-02-21
PROD000036,Southeast,77,48,2026-02-21
PROD000162,West,96,24,2026-02-21
PROD000051,Midwest,120,67,2026-02-21
PROD000080,Northeast,203,51,2026-02-21
PROD000015,Northeast,219,48,2026-02-21
PROD000123,Northeast,20,19,2026-02-21
PROD000129,Northeast,108,60,2026-02-21
PROD000101,Southeast,135,57,2026-02-21
PROD000096,Northeast,215,18,2026-02-21
PROD000147,Midwest,96,56,2026-02-21
PROD000012,Southeast,25,55,2026-02-21
PROD000168,West,33,21,2026-02-21
PROD000156,Southeast,148,59,2026-02-21
PROD000193,Southeast,176,43,2026-02-21
PROD000002,Northeast,150,61,2026-02-21
PROD000173,West,35,19,2026-02-21
PROD000071,West,178,27,2026-02-21
PROD000167,Northeast,107,22,2026-02-21
PROD000236,West,92,45,2026-02-21
PROD000073,Southeast,76,37,2026-02-21
PROD000057,Northeast,119,69,2026-02-21
PROD000086,Midwest,90,60,2026-02-21
PROD000093,West,24,56,2026-02-21
PROD000184,Midwest,182,49,2026-02-21
PROD000182,Midwest,161,57,2026-02-21
PROD000065,West,53,16,2026-02-21
PROD000115,West,90,34,2026-02-21
PROD000089,West,214,38,2026-02-21
PROD000230,Northeast,195,58,2026-02-21
PROD000148,Northeast,108,18,2026-02-21
PROD000098,Midwest,65,41,2026-02-21
PROD000213,Northeast,55,36,2026-02-21
PROD000046,West,124,45,2026-02-21
PROD000013,Southeast,157,43,2026-02-21
PROD000139,West,212,38,2026-02-21
PROD000161,Midwest,196,31,2026-02-21
PROD000077,Northeast,36,66,2026-02-21
PROD000138,West,186,36,2026-02-21
PROD000027,Northeast,2,23,2026-02-21
PROD000109,Midwest,93,69,2026-02-21
PROD000205,West,175,23,2026-02-21
PROD000063,Midwest,53,37,2026-02-21
PROD000180,Northeast,143,39,2026-02-21
PROD000113,Southeast,219,32,2026-02-21
PROD000238,Midwest,20,23,2026-02-21
PROD000116,West,27,48,2026-02-21
PROD000061,Northeast,16,16,2026-02-21
PROD000120,West,197,59,2026-02-21
PROD000059,Midwest,206,34,2026-02-21
PROD000218,Southeast,2,39,2026-02-21
PROD000177,Northeast,10,64,2026-02-21
PROD000217,Northeast,68,60,2026-02-21
PROD000246,Southeast,1,18,2026-02-21
PROD000074,West,92,42,2026-02-21
PROD000250,Northeast,111,52,2026-02-21
PROD000001,Southeast,6,69,2026-02-21
PROD000003,Northeast,12,18,2026-02-21
PROD000062,Midwest,47,51,2026-02-21
PROD000231,Midwest,148,50,2026-02-21
PROD000166,Southeast,124,40,2026-02-21
PROD000199,Midwest,51,24,2026-02-21
PROD000106,Midwest,207,36,2026-02-21
PROD000136,Southeast,183,20,2026-02-21
PROD000192,Southeast,170,41,2026-02-21
PROD000239,Northeast,103,25,2026-02-21
PROD000108,West,138,59,2026-02-21
PROD000004,Southeast,128,47,2026-02-21
PROD000198,Northeast,28,32,2026-02-21
PROD000201,Southeast,218,39,2026-02-21
PROD000215,Northeast,58,41,2026-02-21
PROD000233,West,202,30,2026-02-21
PROD000072,Southeast,217,36,2026-02-21
PROD000085,West,34,24,2026-02-21
PROD000152,Southeast,93,34,2026-02-21
PROD000017,Northeast,190,49,2026-02-21
PROD000151,Midwest,75,21,2026-02-21
PROD000128,Northeast,16,20,2026-02-21
PROD000224,Midwest,77,66,2026-02-21
PROD000026,West,184,18,2026-02-21
PROD000094,West,145,25,2026-02-21
PROD000019,Northeast,163,65,2026-02-21
PROD000247,Southeast,22,65,2026-02-21
PROD000097,West,196,50,2026-02-21
PROD000159,West,211,32,2026-02-21
PROD000035,Midwest,233,48,2026-02-21
PROD000119,Midwest,125,65,2026-02-21
PROD000049,Northeast,239,52,2026-02-21
PROD000078,West,168,47,2026-02-21
PROD000243,Midwest,166,15,2026-02-21
PROD000244,Northeast,167,25,2026-02-21
PROD000079,Midwest,16,56,2026-02-21
PROD000183,West,33,27,2026-02-21
PROD000124,Midwest,182,56,2026-02-21
PROD000111,West,218,24,2026-02-21
PROD000146,Southeast,160,17,2026-02-21
PROD000070,Midwest,145,50,2026-02-21
PROD000025,Midwest,212,49,2026-02-21
PROD000076,Midwest,81,31,2026-02-21
PROD000231,Southeast,138,41,2026-02-22
PROD000027,West,206,17,2026-02-22
PROD000216,Northeast,90,48,2026-02-22
PROD000165,West,153,49,2026-02-22
PROD000207,Midwest,211,45,2026-02-22
PROD000078,Southeast,143,38,2026-02-22
PROD000223,Northeast,178,54,2026-02-22
PROD000070,West,101,49,2026-02-22
PROD000139,Southeast,230,27,2026-02-22
PROD000113,Southeast,150,23,2026-02-22
PROD000123,Southeast,168,29,2026-02-22
PROD000153,West,48,69,2026-02-22
PROD000110,West,185,17,2026-02-22
PROD000007,West,16,19,2026-02-22
PROD000057,Midwest,192,28,2026-02-22
PROD000213,Midwest,64,39,2026-02-22
PROD000111,Midwest,114,45,2026-02-22
PROD000020,Southeast,22,39,2026-02-22
PROD000233,Midwest,17,38,2026-02-22
PROD000185,West,56,64,2026-02-22
PROD000096,Northeast,228,58,2026-02-22
PROD000038,Midwest,7,16,2026-02-22
PROD000034,Southeast,64,41,2026-02-22
PROD000225,Southeast,121,53,2026-02-22
PROD000132,West,15,63,2026-02-22
PROD000162,Midwest,6,65,2026-02-22
PROD000129,Southeast,42,53,2026-02-22
PROD000118,Southeast,37,45,2026-02-22
PROD000066,Southeast,59,34,2026-02-22
PROD000031,Northeast,207,40,2026-02-22
PROD000023,Northeast,200,52,2026-02-22
PROD000104,Northeast,10,37,2026-02-22
PROD000222,Southeast,107,54,2026-02-22
PROD000241,West,78,16,2026-02-22
PROD000021,Northeast,216,19,2026-02-22
PROD000227,Northeast,106,63,2026-02-22
PROD000137,Southeast,128,50,2026-02-22
PROD000202,Northeast,123,31,2026-02-22
PROD000248,Southeast,57,45,2026-02-22
PROD000012,Northeast,28,31,2026-02-22
PROD000154,Midwest,23,16,2026-02-22
PROD000010,West,127,68,2026-02-22
PROD000211,Southeast,215,53,2026-02-22
PROD000006,Northeast,176,40,2026-02-22
PROD000025,Northeast,165,57,2026-02-22
PROD000086,Northeast,85,52,2026-02-22
PROD000238,Midwest,206,60,2026-02-22
PROD000055,Midwest,140,34,2026-02-22
PROD000140,Midwest,29,15,2026-02-22
PROD000119,Southeast,72,50,2026-02-22
PROD000193,West,210,33,2026-02-22
PROD000220,West,162,35,2026-02-22
PROD000079,Northeast,152,51,2026-02-22
PROD000197,Northeast,71,63,2026-02-22
PROD000155,Northeast,213,31,2026-02-22
PROD000062,Northeast,97,51,2026-02-22
PROD000236,Southeast,119,52,2026-02-22
PROD000210,West,118,26,2026-02-22
PROD000024,West,57,66,2026-02-22
PROD000056,Southeast,14,23,2026-02-22
PROD000041,Northeast,11,61,2026-02-22
PROD000156,Northeast,238,19,2026-02-22
PROD000013,West,122,32,2026-02-22
PROD000121,Southeast,168,38,2026-02-22
PROD000150,West,152,22,2026-02-22
PROD000196,West,113,25,2026-02-22
PROD000149,Southeast,23,42,2026-02-22
PROD000004,West,96,18,2026-02-22
PROD000051,West,7,55,2026-02-22
PROD000188,West,58,42,2026-02-22
PROD000019,Northeast,0,33,2026-02-22
PROD000232,Midwest,12,42,2026-02-22
PROD000221,Southeast,95,20,2026-02-22
PROD000224,Southeast,14,30,2026-02-22
PROD000239,Midwest,167,41,2026-02-22
PROD000194,Southeast,237,57,2026-02-22
PROD000127,Midwest,239,26,2026-02-22
PROD000029,Southeast,200,41,2026-02-22
PROD000164,Midwest,52,49,2026-02-22
PROD000014,Midwest,221,63,2026-02-22
PROD000065,West,141,66,2026-02-22
PROD000192,West,224,47,2026-02-22
PROD000069,Midwest,139,24,2026-02-22
PROD000183,West,106,35,2026-02-22
PROD000083,West,79,44,2026-02-22
PROD000143,West,203,55,2026-02-22
PROD000089,Southeast,13,67,2026-02-22
PROD000047,Northeast,7,40,2026-02-22
PROD000106,Southeast,192,38,2026-02-22
PROD000082,West,215,15,2026-02-22
PROD000128,Midwest,165,40,2026-02-22
PROD000075,Midwest,38,26,2026-02-22
PROD000230,Southeast,171,50,2026-02-22
PROD000206,West,180,32,2026-02-22
PROD000157,Southeast,235,57,2026-02-22
PROD000244,Northeast,194,65,2026-02-22
PROD000181,Midwest,194,55,2026-02-22
PROD000030,West,77,25,2026-02-22
PROD000095,Northeast,113,59,2026-02-22
PROD000242,West,57,59,2026-02-22
PROD000033,Northeast,58,20,2026-02-22
PROD000022,West,193,67,2026-02-22
PROD000001,Midwest,115,30,2026-02-22
PROD000017,Midwest,106,33,2026-02-22
PROD000064,Midwest,227,53,2026-02-22
PROD000205,Midwest,189,58,2026-02-22
PROD000049,West,160,32,2026-02-22
PROD000141,Northeast,32,69,2026-02-22
PROD000105,Northeast,183,50,2026-02-22
PROD000173,West,226,32,2026-02-22
PROD000246,Midwest,104,42,2026-02-22
PROD000077,West,135,50,2026-02-22
PROD000234,Southeast,195,49,2026-02-22
PROD000146,West,200,57,2026-02-22
PROD000054,Northeast,90,40,2026-02-22
PROD000073,West,39,35,2026-02-22
PROD000011,Northeast,7,25,2026-02-22
PROD000092,Northeast,81,54,2026-02-22
PROD000161,West,128,53,2026-02-22
PROD000203,Northeast,27,68,2026-02-22
PROD000237,West,183,23,2026-02-23
PROD000145,Midwest,45,36,2026-02-23
PROD000012,Southeast,49,56,2026-02-23
PROD000066,Southeast,192,25,2026-02-23
PROD000221,Southeast,206,25,2026-02-23
PROD000083,West,120,48,2026-02-23
PROD000011,Southeast,223,40,2026-02-23
PROD000049,Southeast,196,52,2026-02-23
PROD000055,Southeast,161,69,2026-02-23
PROD000218,Northeast,125,47,2026-02-23
PROD000056,Northeast,19,50,2026-02-23
PROD000043,Northeast,117,58,2026-02-23
PROD000014,Northeast,2,67,2026-02-23
PROD000057,Northeast,224,19,2026-02-23
PROD000175,Northeast,48,40,2026-02-23
PROD000211,West,198,16,2026-02-23
PROD000155,West,222,33,2026-02-23
PROD000101,Northeast,203,16,2026-02-23
PROD000224,West,73,49,2026-02-23
PROD000126,West,60,34,2026-02-23
PROD000121,Midwest,105,30,2026-02-23
PROD000003,Northeast,60,17,2026-02-23
PROD000167,Northeast,31,18,2026-02-23
PROD000199,Northeast,57,41,2026-02-23
PROD000018,Southeast,187,58,2026-02-23
PROD000187,Southeast,151,64,2026-02-23
PROD000105,Northeast,174,24,2026-02-23
PROD000047,West,37,21,2026-02-23
PROD000124,Southeast,187,52,2026-02-23
PROD000188,Northeast,151,37,2026-02-23
PROD000071,Southeast,96,58,2026-02-23
PROD000035,Midwest,215,48,2026-02-23
PROD000215,Midwest,9,53,2026-02-23
PROD000190,Southeast,147,42,2026-02-23
PROD000245,West,120,64,2026-02-23
PROD000116,Midwest,230,41,2026-02-23
PROD000068,Northeast,125,51,2026-02-23
PROD000153,Midwest,80,52,2026-02-23
PROD000143,Southeast,29,51,2026-02-23
PROD000159,West,151,44,2026-02-23
PROD000233,Northeast,201,33,2026-02-23
PROD000093,Southeast,171,38,2026-02-23
PROD000092,Northeast,224,58,2026-02-23
PROD000176,West,176,51,2026-02-23
PROD000160,Midwest,215,18,2026-02-23
PROD000244,Southeast,225,36,2026-02-23
PROD000136,Northeast,26,16,2026-02-23
PROD000088,Northeast,6,61,2026-02-23
PROD000174,Southeast,56,56,2026-02-23
PROD000213,Midwest,89,63,2026-02-23
PROD000017,West,228,37,2026-02-23
PROD000073,West,4,35,2026-02-23
PROD000063,Northeast,92,51,2026-02-23
PROD000130,Midwest,83,37,2026-02-23
PROD000010,Northeast,182,56,2026-02-23
PROD000226,Midwest,123,19,2026-02-23
PROD000206,Southeast,94,57,2026-02-23
PROD000118,Northeast,105,28,2026-02-23
PROD000158,Northeast,67,68,2026-02-23
PROD000091,Southeast,172,27,2026-02-23
PROD000110,Northeast,132,26,2026-02-23
PROD000184,Midwest,54,30,2026-02-23
PROD000115,Southeast,226,46,2026-02-23
PROD000168,Southeast,74,27,2026-02-23
PROD000048,Northeast,205,28,2026-02-23
PROD000207,West,210,37,2026-02-23
PROD000194,Southeast,80,64,2026-02-23
PROD000157,Northeast,101,49,2026-02-23
PROD000140,West,190,58,2026-02-23
PROD000046,Southeast,127,22,2026-02-23
PROD000064,West,214,46,2026-02-23
PROD000169,Northeast,113,16,2026-02-23
PROD000050,Southeast,53,43,2026-02-23
PROD000192,Southeast,52,41,2026-02-23
PROD000133,Southeast,158,39,2026-02-23
PROD000242,Northeast,168,43,2026-02-23
PROD000022,Midwest,237,64,2026-02-23
PROD000034,West,175,31,2026-02-23
PROD000127,Southeast,170,63,2026-02-23
PROD000223,Southeast,200,34,2026-02-23
PROD000142,Southeast,102,55,2026-02-23
PROD000041,Southeast,83,66,2026-02-23
PROD000053,West,15,42,2026-02-23
PROD000129,Southeast,1,40,2026-02-23
PROD000028,Midwest,137,31,2026-02-23
PROD000141,West,23,30,2026-02-23
PROD000100,West,88,36,2026-02-23
PROD000086,West,141,16,2026-02-23
PROD000125,West,106,64,2026-02-23
PROD000095,Northeast,157,39,2026-02-23
PROD000123,Northeast,217,23,2026-02-23
PROD000231,Northeast,171,57,2026-02-23
PROD000001,Southeast,90,17,2026-02-23
PROD000228,West,196,50,2026-02-23
PROD000031,Southeast,32,32,2026-02-23
PROD000230,Midwest,174,50,2026-02-23
PROD000077,Northeast,57,66,2026-02-23
PROD000249,Northeast,106,60,2026-02-23
PROD000098,Midwest,57,37,2026-02-23
PROD000020,Midwest,99,36,2026-02-23
PROD000054,Midwest,113,41,2026-02-23
PROD000195,Northeast,48,31,2026-02-23
PROD000005,Southeast,116,39,2026-02-23
PROD000033,Northeast,134,59,2026-02-23
PROD000076,Midwest,21,35,2026-02-23
PROD000037,Southeast,104,22,2026-02-23
PROD000051,Midwest,92,62,2026-02-23
PROD000039,West,197,64,2026-02-23
PROD000139,Southeast,53,47,2026-02-23
PROD000161,Southeast,5,37,2026-02-23
PROD000078,West,160,56,2026-02-23
PROD000045,Southeast,234,23,2026-02-23
PROD000170,Northeast,100,33,2026-02-23
PROD000164,Midwest,194,68,2026-02-23
PROD000119,West,195,69,2026-02-23
PROD000013,West,203,45,2026-02-23
PROD000087,Midwest,17,43,2026-02-23
PROD000212,Northeast,146,59,2026-02-23
PROD000109,Midwest,80,26,2026-02-23
PROD000108,Southeast,125,17,2026-02-23
PROD000250,Midwest,10,21,2026-02-24
PROD000015,Northeast,105,24,2026-02-24
PROD000174,Northeast,4,29,2026-02-24
PROD000091,Southeast,20,45,2026-02-24
PROD000172,West,3,50,2026-02-24
PROD000248,West,235,67,2026-02-24
PROD000062,Midwest,178,29,2026-02-24
PROD000212,West,172,27,2026-02-24
PROD000020,West,95,44,2026-02-24
PROD000086,Southeast,179,50,2026-02-24
PROD000123,Northeast,202,63,2026-02-24
PROD000100,Midwest,127,56,2026-02-24
PROD000241,Southeast,116,48,2026-02-24
PROD000146,Midwest,162,23,2026-02-24
PROD000120,West,35,47,2026-02-24
PROD000034,Southeast,112,45,2026-02-24
PROD000022,Midwest,83,27,2026-02-24
PROD000182,Northeast,113,53,2026-02-24
PROD000213,Northeast,33,69,2026-02-24
PROD000036,Southeast,26,57,2026-02-24
PROD000047,Midwest,236,22,2026-02-24
PROD000209,West,2,64,2026-02-24
PROD000154,Northeast,58,30,2026-02-24
PROD000126,Northeast,147,65,2026-02-24
PROD000222,West,199,29,2026-02-24
PROD000223,Southeast,205,64,2026-02-24
PROD000088,Northeast,165,28,2026-02-24
PROD000186,Southeast,55,44,2026-02-24
PROD000142,Southeast,235,57,2026-02-24
PROD000171,Midwest,235,57,2026-02-24
PROD000005,West,28,40,2026-02-24
PROD000188,Northeast,81,57,2026-02-24
PROD000210,Midwest,140,43,2026-02-24
PROD000029,West,227,36,2026-02-24
PROD000230,Southeast,73,30,2026-02-24
PROD000087,Northeast,166,38,2026-02-24
PROD000065,West,21,60,2026-02-24
PROD000204,Northeast,170,34,2026-02-24
PROD000061,Southeast,44,45,2026-02-24
PROD000077,West,48,46,2026-02-24
PROD000183,Southeast,181,22,2026-02-24
PROD000160,Midwest,214,20,2026-02-24
PROD000030,Southeast,22,27,2026-02-24
PROD000046,Midwest,16,34,2026-02-24
PROD000205,Northeast,52,16,2026-02-24
PROD000152,Midwest,21,21,2026-02-24
PROD000010,Midwest,78,15,2026-02-24
PROD000023,Northeast,84,30,2026-02-24
PROD000044,Southeast,223,60,2026-02-24
PROD000073,West,155,22,2026-02-24
PROD000028,Northeast,36,37,2026-02-24
PROD000027,West,66,41,2026-02-24
PROD000032,Southeast,39,46,2026-02-24
PROD000045,Midwest,46,52,2026-02-24
PROD000019,Midwest,197,37,2026-02-24
PROD000121,Midwest,75,24,2026-02-24
PROD000071,Midwest,0,54,2026-02-24
PROD000064,West,92,46,2026-02-24
PROD000114,Southeast,137,50,2026-02-24
PROD000157,Northeast,170,45,2026-02-24
PROD000150,Southeast,219,50,2026-02-24
PROD000198,Midwest,45,16,2026-02-24
PROD000016,Northeast,225,69,2026-02-24
PROD000138,Midwest,104,68,2026-02-24
PROD000113,Southeast,95,18,2026-02-24
PROD000080,Southeast,36,21,2026-02-24
PROD000207,Southeast,154,24,2026-02-24
PROD000175,Northeast,231,63,2026-02-24
PROD000179,Southeast,230,29,2026-02-24
PROD000021,Southeast,99,44,2026-02-24
PROD000193,West,152,37,2026-02-24
PROD000170,Midwest,160,30,2026-02-24
PROD000117,Midwest,109,23,2026-02-24
PROD000025,Northeast,100,24,2026-02-24
PROD000068,West,232,69,2026-02-24
PROD000249,Northeast,44,47,2026-02-24
PROD000109,Midwest,127,51,2026-02-24
PROD000092,West,64,40,2026-02-24
PROD000226,Midwest,165,27,2026-02-24
PROD000056,West,93,20,2026-02-24
PROD000167,Southeast,118,18,2026-02-24
PROD000136,West,87,26,2026-02-24
PROD000184,Southeast,178,52,2026-02-24
PROD000011,Southeast,15,19,2026-02-24
PROD000051,Northeast,85,28,2026-02-24
PROD000002,Northeast,48,29,2026-02-24
PROD000007,Southeast,106,36,2026-02-24
PROD000247,West,35,49,2026-02-24
PROD000082,West,27,46,2026-02-24
PROD000191,West,150,16,2026-02-24
PROD000074,Northeast,130,56,2026-02-24
PROD000038,Midwest,44,18,2026-02-24
PROD000189,Southeast,107,56,2026-02-24
PROD000014,Northeast,149,15,2026-02-24
PROD000079,Midwest,49,24,2026-02-24
PROD000058,West,154,39,2026-02-24
PROD000139,Midwest,70,63,2026-02-24
PROD000225,Southeast,161,41,2026-02-24
PROD000145,West,199,57,2026-02-24
PROD000185,West,144,60,2026-02-24
PROD000141,Midwest,211,19,2026-02-24
PROD000048,Southeast,13,38,2026-02-24
PROD000143,Midwest,15,60,2026-02-24
PROD000106,West,215,43,2026-02-24
PROD000070,West,29,17,2026-02-24
PROD000151,Midwest,192,66,2026-02-24
PROD000153,West,22,61,2026-02-24
PROD000240,West,69,48,2026-02-24
PROD000192,Northeast,140,69,2026-02-24
PROD000081,West,221,29,2026-02-24
PROD000009,Midwest,171,37,2026-02-24
PROD000026,Northeast,115,37,2026-02-24
PROD000108,Southeast,159,28,2026-02-24
PROD000238,Midwest,55,64,2026-02-24
PROD000233,West,123,29,2026-02-24
PROD000131,West,230,28,2026-02-24
PROD000219,Northeast,137,24,2026-02-24
PROD000134,West,77,42,2026-02-24
PROD000069,Midwest,194,46,2026-02-24
PROD000224,Southeast,25,23,2026-02-24
PROD000225,Southeast,76,54,2026-02-25
PROD000194,Midwest,57,37,2026-02-25
PROD000179,Southeast,41,43,2026-02-25
PROD000102,Midwest,185,48,2026-02-25
PROD000051,Midwest,126,47,2026-02-25
PROD000073,Midwest,90,20,2026-02-25
PROD000205,Midwest,84,68,2026-02-25
PROD000204,Northeast,48,26,2026-02-25
PROD000219,Southeast,37,54,2026-02-25
PROD000127,West,117,23,2026-02-25
PROD000192,West,166,30,2026-02-25
PROD000101,West,27,64,2026-02-25
PROD000044,West,193,56,2026-02-25
PROD000231,Midwest,64,50,2026-02-25
PROD000093,Midwest,10,66,2026-02-25
PROD000185,West,235,36,2026-02-25
PROD000033,Midwest,102,34,2026-02-25
PROD000134,Northeast,6,66,2026-02-25
PROD000140,West,72,66,2026-02-25
PROD000168,Southeast,87,37,2026-02-25
PROD000115,Northeast,110,33,2026-02-25
PROD000035,Northeast,51,57,2026-02-25
PROD000064,Northeast,100,66,2026-02-25
PROD000056,West,44,61,2026-02-25
PROD000241,West,72,69,2026-02-25
PROD000243,Northeast,110,68,2026-02-25
PROD000100,Southeast,53,22,2026-02-25
PROD000024,West,167,24,2026-02-25
PROD000008,Southeast,125,35,2026-02-25
PROD000078,Midwest,171,18,2026-02-25
PROD000030,Midwest,78,55,2026-02-25
PROD000061,West,126,23,2026-02-25
PROD000026,Midwest,47,46,2026-02-25
PROD000218,Northeast,159,23,2026-02-25
PROD000068,Northeast,16,56,2026-02-25
PROD000148,Midwest,188,60,2026-02-25
PROD000109,Northeast,177,45,2026-02-25
PROD000217,Northeast,217,69,2026-02-25
PROD000130,West,82,48,2026-02-25
PROD000180,Midwest,95,63,2026-02-25
PROD000087,Midwest,39,17,2026-02-25
PROD000196,Northeast,109,57,2026-02-25
PROD000039,Southeast,62,48,2026-02-25
PROD000079,Northeast,63,54,2026-02-25
PROD000214,Northeast,19,22,2026-02-25
PROD000037,Midwest,145,67,2026-02-25
PROD000242,Southeast,19,50,2026-02-25
PROD000075,Midwest,158,38,2026-02-25
PROD000210,Northeast,205,64,2026-02-25
PROD000071,Midwest,93,64,2026-02-25
PROD000138,Southeast,119,66,2026-02-25
PROD000023,West,133,53,2026-02-25
PROD000191,Northeast,13,24,2026-02-25
PROD000211,Midwest,86,57,2026-02-25
PROD000244,Midwest,98,33,2026-02-25
PROD000002,West,145,55,2026-02-25
PROD000193,West,202,37,2026-02-25
PROD000126,Midwest,206,30,2026-02-25
PROD000146,Midwest,45,37,2026-02-25
PROD000021,Southeast,232,33,2026-02-25
PROD000175,Northeast,141,65,2026-02-25
PROD000248,West,139,47,2026-02-25
PROD000159,Midwest,7,56,2026-02-25
PROD000186,West,68,25,2026-02-25
PROD000048,West,30,31,2026-02-25
PROD000162,West,109,42,2026-02-25
PROD000174,Midwest,95,20,2026-02-25
PROD000001,Northeast,195,18,2026-02-25
PROD000184,Northeast,87,69,2026-02-25
PROD000177,Midwest,118,67,2026-02-25
PROD000167,Northeast,106,26,2026-02-25
PROD000019,West,58,49,2026-02-25
PROD000107,Midwest,68,39,2026-02-25
PROD000197,Northeast,174,15,2026-02-25
PROD000216,Southeast,92,65,2026-02-25
PROD000121,West,219,47,2026-02-25
PROD000117,Southeast,54,32,2026-02-25
PROD000123,Midwest,202,31,2026-02-25
PROD000195,West,217,21,2026-02-25
PROD000139,West,224,25,2026-02-25
PROD000212,Southeast,33,46,2026-02-25
PROD000052,Southeast,214,68,2026-02-25
PROD000156,Northeast,210,55,2026-02-25
PROD000224,Midwest,93,37,2026-02-25
PROD000137,West,196,19,2026-02-25
PROD000190,West,105,22,2026-02-25
PROD000084,Midwest,207,48,2026-02-25
PROD000207,Southeast,82,66,2026-02-25
PROD000094,Southeast,111,25,2026-02-25
PROD000206,Northeast,104,36,2026-02-25
PROD000110,West,38,37,2026-02-25
PROD000236,Southeast,11,66,2026-02-25
PROD000124,Midwest,173,26,2026-02-25
PROD000027,Southeast,195,20,2026-02-25
PROD000202,Southeast,104,44,2026-02-25
PROD000059,Midwest,154,46,2026-02-25
PROD000150,Southeast,3,44,2026-02-25
PROD000086,Northeast,6,37,2026-02-25
PROD000028,Northeast,197,15,2026-02-25
PROD000128,Midwest,101,63,2026-02-25
PROD000017,Northeast,32,44,2026-02-25
PROD000058,Southeast,103,47,2026-02-25
PROD000031,Midwest,18,67,2026-02-25
PROD000164,Southeast,232,34,2026-02-25
PROD000200,Midwest,83,67,2026-02-25
PROD000049,Midwest,55,57,2026-02-25
PROD000066,Midwest,40,56,2026-02-25
PROD000114,Midwest,106,40,2026-02-25
PROD000007,West,9,48,2026-02-25
PROD000230,Southeast,44,43,2026-02-25
PROD000152,Southeast,12,58,2026-02-25
PROD000022,Northeast,159,55,2026-02-25
PROD000108,Southeast,233,38,2026-02-25
PROD000112,West,145,68,2026-02-25
PROD000105,West,183,69,2026-02-25
PROD000046,Northeast,161,25,2026-02-25
PROD000005,West,170,24,2026-02-25
PROD000181,West,5,66,2026-02-25
PROD000103,Southeast,210,44,2026-02-25
PROD000013,Northeast,201,44,2026-02-25
PROD000152,Southeast,36,28,2026-02-26
PROD000245,Northeast,224,47,2026-02-26
PROD000087,Midwest,48,40,2026-02-26
PROD000006,Midwest,55,62,2026-02-26
PROD000232,West,10,40,2026-02-26
PROD000042,Northeast,86,60,2026-02-26
PROD000194,Midwest,52,33,2026-02-26
PROD000225,Northeast,199,38,2026-02-26
PROD000146,West,239,17,2026-02-26
PROD000015,West,141,36,2026-02-26
PROD000065,Southeast,4,23,2026-02-26
PROD000021,Midwest,113,16,2026-02-26
PROD000001,Northeast,78,63,2026-02-26
PROD000237,Northeast,47,29,2026-02-26
PROD000240,Northeast,140,25,2026-02-26
PROD000215,Northeast,19,37,2026-02-26
PROD000064,Midwest,147,15,2026-02-26
PROD000144,Southeast,13,47,2026-02-26
PROD000224,Midwest,121,38,2026-02-26
PROD000203,Northeast,6,67,2026-02-26
PROD000247,Midwest,1,32,2026-02-26
PROD000156,Northeast,226,26,2026-02-26
PROD000177,Midwest,139,59,2026-02-26
PROD000056,Northeast,153,55,2026-02-26
PROD000089,Southeast,112,66,2026-02-26
PROD000088,Northeast,123,25,2026-02-26
PROD000135,Midwest,194,69,2026-02-26
PROD000243,Northeast,56,56,2026-02-26
PROD000136,West,15,53,2026-02-26
PROD000182,Southeast,37,44,2026-02-26
PROD000019,Midwest,183,52,2026-02-26
PROD000199,Midwest,105,59,2026-02-26
PROD000013,Southeast,174,41,2026-02-26
PROD000172,Southeast,167,53,2026-02-26
PROD000112,Southeast,16,42,2026-02-26
PROD000162,Midwest,118,23,2026-02-26
PROD000060,Northeast,209,49,2026-02-26
PROD000166,Northeast,109,55,2026-02-26
PROD000228,Midwest,44,19,2026-02-26
PROD000218,Southeast,77,32,2026-02-26
PROD000007,Midwest,128,15,2026-02-26
PROD000246,Southeast,59,57,2026-02-26
PROD000159,Southeast,15,58,2026-02-26
PROD000158,Southeast,39,49,2026-02-26
PROD000092,West,34,40,2026-02-26
PROD000025,Southeast,83,53,2026-02-26
PROD000118,Southeast,102,22,2026-02-26
PROD000032,West,175,45,2026-02-26
PROD000208,Southeast,163,17,2026-02-26
PROD000122,Midwest,105,29,2026-02-26
PROD000108,Northeast,10,64,2026-02-26
PROD000211,Southeast,40,17,2026-02-26
PROD000063,Northeast,186,24,2026-02-26
PROD000003,West,115,69,2026-02-26
PROD000059,West,13,34,2026-02-26
PROD000145,Northeast,197,40,2026-02-26
PROD000197,Northeast,110,33,2026-02-26
PROD000039,West,30,49,2026-02-26
PROD000028,West,56,27,2026-02-26
PROD000244,West,120,21,2026-02-26
PROD000022,Midwest,52,66,2026-02-26
PROD000010,Midwest,187,44,2026-02-26
PROD000239,Northeast,141,62,2026-02-26
PROD000030,Southeast,152,18,2026-02-26
PROD000209,Northeast,140,21,2026-02-26
PROD000250,Midwest,9,62,2026-02-26
PROD000091,Southeast,178,51,2026-02-26
PROD000017,West,136,59,2026-02-26
PROD000061,Southeast,139,69,2026-02-26
PROD000190,Southeast,157,33,2026-02-26
PROD000229,Midwest,197,16,2026-02-26
PROD000167,Northeast,232,60,2026-02-26
PROD000018,Northeast,51,25,2026-02-26
PROD000148,Southeast,72,58,2026-02-26
PROD000184,Midwest,74,29,2026-02-26
PROD000123,Northeast,196,26,2026-02-26
PROD000103,West,21,29,2026-02-26
PROD000027,Southeast,209,18,2026-02-26
PROD000248,Northeast,35,48,2026-02-26
PROD000163,Southeast,166,68,2026-02-26
PROD000202,Southeast,10,69,2026-02-26
PROD000134,Northeast,222,49,2026-02-26
PROD000174,Northeast,194,47,2026-02-26
PROD000037,Northeast,96,48,2026-02-26
PROD000180,Midwest,233,50,2026-02-26
PROD000235,Midwest,157,63,2026-02-26
PROD000238,West,63,63,2026-02-26
PROD000129,West,175,27,2026-02-26
PROD000090,Southeast,48,32,2026-02-26
PROD000141,West,68,52,2026-02-26
PROD000204,Northeast,169,40,2026-02-26
PROD000079,Southeast,90,36,2026-02-26
PROD000132,Northeast,20,45,2026-02-26
PROD000002,Midwest,9,42,2026-02-26
PROD000181,Northeast,233,17,2026-02-26
PROD000234,Southeast,161,23,2026-02-26
PROD000206,Southeast,232,51,2026-02-26
PROD000117,Northeast,226,67,2026-02-26
PROD000085,Northeast,5,19,2026-02-26
PROD000183,Midwest,230,47,2026-02-26
PROD000073,West,82,32,2026-02-26
PROD000150,Northeast,100,18,2026-02-26
PROD000054,Northeast,41,24,2026-02-26
PROD000142,Midwest,174,21,2026-02-26
PROD000220,Northeast,5,39,2026-02-26
PROD000175,Southeast,191,32,2026-02-26
PROD000173,Northeast,78,39,2026-02-26
PROD000165,Midwest,232,18,2026-02-26
PROD000084,Southeast,213,28,2026-02-26
PROD000188,West,118,19,2026-02-26
PROD000222,Midwest,139,47,2026-02-26
PROD000109,Northeast,162,68,2026-02-26
PROD000241,West,195,56,2026-02-26
PROD000113,Northeast,20,26,2026-02-26
PROD000045,West,72,48,2026-02-26
PROD000016,West,235,44,2026-02-26
PROD000115,Southeast,127,45,2026-02-26
PROD000076,Midwest,5,20,2026-02-26
PROD000217,Midwest,28,39,2026-02-26
PROD000009,Northeast,221,43,2026-02-26
PROD000229,West,116,18,2026-02-27
PROD000204,Northeast,232,28,2026-02-27
PROD000198,West,151,26,2026-02-27
PROD000161,Northeast,142,21,2026-02-27
PROD000226,West,22,65,2026-02-27
PROD000215,West,169,58,2026-02-27
PROD000135,Midwest,159,46,2026-02-27
PROD000009,West,72,40,2026-02-27
PROD000034,Southeast,165,23,2026-02-27
PROD000079,Midwest,75,62,2026-02-27
PROD000214,Midwest,137,61,2026-02-27
PROD000227,Midwest,215,61,2026-02-27
PROD000044,Southeast,114,36,2026-02-27
PROD000081,West,53,66,2026-02-27
PROD000026,Midwest,158,28,2026-02-27
PROD000129,Northeast,84,21,2026-02-27
PROD000225,Southeast,19,52,2026-02-27
PROD000228,Southeast,231,38,2026-02-27
PROD000094,Northeast,201,18,2026-02-27
PROD000195,Southeast,64,18,2026-02-27
PROD000151,Northeast,10,40,2026-02-27
PROD000160,Midwest,221,57,2026-02-27
PROD000242,West,234,16,2026-02-27
PROD000166,Southeast,20,24,2026-02-27
PROD000090,Midwest,10,61,2026-02-27
PROD000169,West,106,55,2026-02-27
PROD000178,Southeast,100,51,2026-02-27
PROD000130,Southeast,212,42,2026-02-27
PROD000203,Southeast,120,17,2026-02-27
PROD000162,Northeast,19,36,2026-02-27
PROD000061,Northeast,51,39,2026-02-27
PROD000039,Midwest,6,26,2026-02-27
PROD000059,West,205,56,2026-02-27
PROD000235,Southeast,87,38,2026-02-27
PROD000179,Southeast,128,43,2026-02-27
PROD000127,Midwest,137,46,2026-02-27
PROD000167,Northeast,58,66,2026-02-27
PROD000159,West,36,44,2026-02-27
PROD000107,West,116,44,2026-02-27
PROD000105,Northeast,103,67,2026-02-27
PROD000164,Northeast,86,31,2026-02-27
PROD000013,Northeast,137,58,2026-02-27
PROD000177,Northeast,93,38,2026-02-27
PROD000014,West,174,56,2026-02-27
PROD000093,Southeast,57,33,2026-02-27
PROD000111,Midwest,155,26,2026-02-27
PROD000218,Southeast,72,22,2026-02-27
PROD000057,Midwest,71,44,2026-02-27
PROD000084,West,164,48,2026-02-27
PROD000219,West,187,27,2026-02-27
PROD000095,Northeast,143,61,2026-02-27
PROD000246,Midwest,56,15,2026-02-27
PROD000043,Northeast,142,58,2026-02-27
PROD000216,Northeast,46,34,2026-02-27
PROD000126,Northeast,132,52,2026-02-27
PROD000189,Southeast,164,60,2026-02-27
PROD000091,Northeast,13,15,2026-02-27
PROD000069,Midwest,231,56,2026-02-27
PROD000148,Northeast,93,25,2026-02-27
PROD000109,Northeast,89,19,2026-02-27
PROD000046,Midwest,128,41,2026-02-27
PROD000098,Northeast,28,40,2026-02-27
PROD000060,Southeast,41,62,2026-02-27
PROD000120,West,129,36,2026-02-27
PROD000072,Midwest,223,27,2026-02-27
PROD000067,Northeast,110,17,2026-02-27
PROD000088,West,140,22,2026-02-27
PROD000101,Southeast,7,39,2026-02-27
PROD000055,Midwest,104,55,2026-02-27
PROD000080,Midwest,169,68,2026-02-27
PROD000042,West,179,28,2026-02-27
PROD000149,Southeast,149,24,2026-02-27
PROD000185,West,28,43,2026-02-27
PROD000001,Southeast,206,68,2026-02-27
PROD000096,Southeast,221,24,2026-02-27
PROD000085,West,115,50,2026-02-27
PROD000033,Southeast,17,27,2026-02-27
PROD000018,Midwest,140,52,2026-02-27
PROD000019,West,144,43,2026-02-27
PROD000139,Northeast,190,34,2026-02-27
PROD000250,West,89,48,2026-02-27
PROD000040,Northeast,150,26,2026-02-27
PROD000073,Northeast,218,57,2026-02-27
PROD000086,Northeast,95,36,2026-02-27
PROD000152,Midwest,200,34,2026-02-27
PROD000045,Midwest,227,66,2026-02-27
PROD000003,Midwest,91,28,2026-02-27
PROD000128,Northeast,132,24,2026-02-27
PROD000024,West,36,41,2026-02-27
PROD000244,Midwest,166,46,2026-02-27
PROD000097,Northeast,149,45,2026-02-27
PROD000058,West,97,69,2026-02-27
PROD000125,West,157,41,2026-02-27
PROD000102,Midwest,237,65,2026-02-27
PROD000240,Northeast,12,19,2026-02-27
PROD000117,Northeast,170,15,2026-02-27
PROD000051,West,78,47,2026-02-27
PROD000170,West,64,17,2026-02-27
PROD000171,Southeast,7,30,2026-02-27
PROD000180,Southeast,192,35,2026-02-27
PROD000016,Northeast,18,65,2026-02-27
PROD000071,West,69,23,2026-02-27
PROD000119,Southeast,26,68,2026-02-27
PROD000004,Southeast,175,48,2026-02-27
PROD000020,Southeast,89,28,2026-02-27
PROD000197,Northeast,219,55,2026-02-27
PROD000238,Northeast,215,44,2026-02-27
PROD000099,Midwest,115,65,2026-02-27
PROD000136,Midwest,164,62,2026-02-27
PROD000245,West,170,68,2026-02-27
PROD000224,Southeast,33,39,2026-02-27
PROD000056,Southeast,31,40,2026-02-27
PROD000083,Midwest,202,39,2026-02-27
PROD000175,West,65,65,2026-02-27
PROD000205,West,19,49,2026-02-27
PROD000002,Midwest,42,55,2026-02-27
PROD000190,Midwest,17,63,2026-02-27
PROD000247,Northeast,75,26,2026-02-27
PROD000124,Northeast,212,62,2026-02-27
PROD000176,Midwest,154,41,2026-02-27
PROD000037,Midwest,199,68,2026-02-28
PROD000186,Southeast,43,69,2026-02-28
PROD000020,Midwest,169,48,2026-02-28
PROD000043,Southeast,56,54,2026-02-28
PROD000144,West,44,26,2026-02-28
PROD000112,Midwest,169,57,2026-02-28
PROD000103,Southeast,12,40,2026-02-28
PROD000198,Southeast,71,19,2026-02-28
PROD000227,Midwest,150,41,2026-02-28
PROD000172,Midwest,97,37,2026-02-28
PROD000098,Southeast,123,37,2026-02-28
PROD000168,Southeast,167,61,2026-02-28
PROD000153,Northeast,218,27,2026-02-28
PROD000094,West,219,61,2026-02-28
PROD000017,Southeast,20,32,2026-02-28
PROD000074,Southeast,133,42,2026-02-28
PROD000146,Northeast,158,17,2026-02-28
PROD000163,Northeast,3,41,2026-02-28
PROD000241,Northeast,78,40,2026-02-28
PROD000239,West,233,49,2026-02-28
PROD000223,Southeast,150,18,2026-02-28
PROD000206,Midwest,124,22,2026-02-28
PROD000245,Southeast,107,17,2026-02-28
PROD000243,Midwest,104,15,2026-02-28
PROD000134,Northeast,77,35,2026-02-28
PROD000228,Midwest,150,65,2026-02-28
PROD000209,Midwest,146,25,2026-02-28
PROD000137,Northeast,0,29,2026-02-28
PROD000084,West,92,48,2026-02-28
PROD000165,Midwest,179,42,2026-02-28
PROD000001,Northeast,167,43,2026-02-28
PROD000156,West,37,31,2026-02-28
PROD000215,West,233,17,2026-02-28
PROD000122,Northeast,199,56,2026-02-28
PROD000229,West,2,68,2026-02-28
PROD000091,Southeast,8,26,2026-02-28
PROD000177,West,94,17,2026-02-28
PROD000052,Southeast,233,35,2026-02-28
PROD000105,Southeast,140,44,2026-02-28
PROD000157,Midwest,23,54,2026-02-28
PROD000226,Northeast,149,52,2026-02-28
PROD000240,Midwest,35,30,2026-02-28
PROD000136,Southeast,213,51,2026-02-28
PROD000080,West,205,28,2026-02-28
PROD000152,Southeast,170,21,2026-02-28
PROD000142,Southeast,227,57,2026-02-28
PROD000082,Northeast,202,48,2026-02-28
PROD000149,Midwest,65,64,2026-02-28
PROD000127,Southeast,12,50,2026-02-28
PROD000007,Northeast,99,30,2026-02-28
PROD000050,Southeast,42,21,2026-02-28
PROD000121,Midwest,148,49,2026-02-28
PROD000202,Southeast,164,57,2026-02-28
PROD000199,West,67,46,2026-02-28
PROD000031,West,99,31,2026-02-28
PROD000008,Midwest,148,51,2026-02-28
PROD000126,Midwest,153,62,2026-02-28
PROD000011,West,30,35,2026-02-28
PROD000219,Southeast,142,23,2026-02-28
PROD000059,Southeast,103,29,2026-02-28
PROD000009,Midwest,45,51,2026-02-28
PROD000006,West,201,60,2026-02-28
PROD000023,Southeast,180,48,2026-02-28
PROD000139,West,95,64,2026-02-28
PROD000015,Midwest,149,31,2026-02-28
PROD000097,Northeast,196,53,2026-02-28
PROD000078,West,14,24,2026-02-28
PROD000014,West,195,59,2026-02-28
PROD000054,Northeast,220,27,2026-02-28
PROD000225,Northeast,154,53,2026-02-28
PROD000159,Midwest,61,45,2026-02-28
PROD000148,Southeast,229,62,2026-02-28
PROD000058,Southeast,216,49,2026-02-28
PROD000095,Southeast,195,32,2026-02-28
PROD000224,Southeast,57,61,2026-02-28
PROD000045,Northeast,158,69,2026-02-28
PROD000070,West,41,64,2026-02-28
PROD000068,Midwest,1,36,2026-02-28
PROD000248,Southeast,36,39,2026-02-28
PROD000154,Southeast,105,33,2026-02-28
PROD000088,Southeast,40,19,2026-02-28
PROD000062,Southeast,92,33,2026-02-28
PROD000218,Midwest,182,52,2026-02-28
PROD000174,Southeast,129,39,2026-02-28
PROD000179,Northeast,61,28,2026-02-28
PROD000249,Northeast,91,16,2026-02-28
PROD000120,Midwest,192,25,2026-02-28
PROD000089,Midwest,231,24,2026-02-28
PROD000201,Midwest,161,19,2026-02-28
PROD000069,Southeast,211,53,2026-02-28
PROD000036,Midwest,25,34,2026-02-28
PROD000231,Southeast,217,16,2026-02-28
PROD000211,Midwest,60,30,2026-02-28
PROD000034,Northeast,14,48,2026-02-28
PROD000131,Midwest,81,59,2026-02-28
PROD000234,West,50,51,2026-02-28
PROD000170,Southeast,191,52,2026-02-28
PROD000151,West,208,69,2026-02-28
PROD000155,Midwest,215,55,2026-02-28
PROD000189,West,47,48,2026-02-28
PROD000217,Southeast,66,55,2026-02-28
PROD000132,Midwest,9,58,2026-02-28
PROD000047,Northeast,124,45,2026-02-28
PROD000026,Southeast,206,18,2026-02-28
PROD000145,West,83,37,2026-02-28
PROD000035,Midwest,149,34,2026-02-28
PROD000022,West,142,48,2026-02-28
PROD000066,West,215,42,2026-02-28
PROD000158,West,225,38,2026-02-28
PROD000064,Northeast,72,46,2026-02-28
PROD000115,Northeast,198,46,2026-02-28
PROD000077,Southeast,153,23,2026-02-28
PROD000118,Midwest,184,57,2026-02-28
PROD000171,Midwest,227,27,2026-02-28
PROD000060,Northeast,227,19,2026-02-28
PROD000004,West,126,59,2026-02-28
PROD000236,Southeast,199,49,2026-02-28
PROD000203,Northeast,27,64,2026-02-28
PROD000208,Southeast,21,66,2026-02-28
PROD000235,Northeast,150,15,2026-02-28
PROD000059,Southeast,228,52,2026-03-01
PROD000150,Midwest,75,49,2026-03-01
PROD000129,Northeast,154,39,2026-03-01
PROD000185,Northeast,185,22,2026-03-01
PROD000120,Southeast,137,43,2026-03-01
PROD000079,West,227,62,2026-03-01
PROD000063,Northeast,86,39,2026-03-01
PROD000136,Midwest,157,60,2026-03-01
PROD000162,West,106,19,2026-03-01
PROD000081,Southeast,185,27,2026-03-01
PROD000096,Northeast,145,58,2026-03-01
PROD000098,Midwest,31,41,2026-03-01
PROD000211,West,120,49,2026-03-01
PROD000084,Southeast,157,63,2026-03-01
PROD000140,Northeast,140,43,2026-03-01
PROD000203,West,35,46,2026-03-01
PROD000201,West,148,47,2026-03-01
PROD000135,Southeast,206,68,2026-03-01
PROD000017,Midwest,215,30,2026-03-01
PROD000108,Midwest,143,15,2026-03-01
PROD000183,Northeast,167,25,2026-03-01
PROD000119,Midwest,33,21,2026-03-01
PROD000210,West,129,45,2026-03-01
PROD000027,Midwest,128,48,2026-03-01
PROD000173,Midwest,151,17,2026-03-01
PROD000061,Southeast,42,43,2026-03-01
PROD000233,Northeast,197,40,2026-03-01
PROD000010,Northeast,108,20,2026-03-01
PROD000134,Southeast,238,65,2026-03-01
PROD000083,Midwest,190,21,2026-03-01
PROD000155,Southeast,79,59,2026-03-01
PROD000019,Northeast,188,33,2026-03-01
PROD000192,Midwest,66,16,2026-03-01
PROD000085,West,144,18,2026-03-01
PROD000243,Northeast,156,64,2026-03-01
PROD000186,Southeast,172,36,2026-03-01
PROD000031,West,113,51,2026-03-01
PROD000115,Southeast,8,31,2026-03-01
PROD000037,Midwest,140,63,2026-03-01
PROD000130,Northeast,137,21,2026-03-01
PROD000091,Northeast,224,65,2026-03-01
PROD000221,Northeast,30,49,2026-03-01
PROD000191,Midwest,144,48,2026-03-01
PROD000087,Midwest,49,27,2026-03-01
PROD000238,West,51,15,2026-03-01
PROD000068,West,146,24,2026-03-01
PROD000236,Southeast,129,32,2026-03-01
PROD000247,West,167,64,2026-03-01
PROD000234,Southeast,215,68,2026-03-01
PROD000146,Midwest,92,48,2026-03-01
PROD000106,West,30,47,2026-03-01
PROD000002,Northeast,159,61,2026-03-01
PROD000009,Southeast,153,48,2026-03-01
PROD000117,Northeast,233,41,2026-03-01
PROD000065,Northeast,63,40,2026-03-01
PROD000197,Northeast,128,57,2026-03-01
PROD000226,Southeast,74,42,2026-03-01
PROD000244,West,109,30,2026-03-01
PROD000153,West,200,26,2026-03-01
PROD000035,West,19,41,2026-03-01
PROD000011,Northeast,172,19,2026-03-01
PROD000209,West,25,68,2026-03-01
PROD000055,Southeast,55,40,2026-03-01
PROD000054,West,67,50,2026-03-01
PROD000167,West,140,48,2026-03-01
PROD000008,Southeast,35,59,2026-03-01
PROD000168,West,70,23,2026-03-01
PROD000012,Northeast,53,43,2026-03-01
PROD000029,Northeast,72,68,2026-03-01
PROD000190,Midwest,51,53,2026-03-01
PROD000036,Southeast,87,40,2026-03-01
PROD000131,West,75,33,2026-03-01
PROD000093,West,141,43,2026-03-01
PROD000005,West,131,30,2026-03-01
PROD000144,Midwest,166,45,2026-03-01
PROD000246,Northeast,225,56,2026-03-01
PROD000041,Northeast,21,59,2026-03-01
PROD000105,Southeast,164,32,2026-03-01
PROD000218,West,182,41,2026-03-01
PROD000199,Northeast,36,18,2026-03-01
PROD000118,Midwest,235,18,2026-03-01
PROD000080,Southeast,206,27,2026-03-01
PROD000053,Midwest,134,34,2026-03-01
PROD000149,West,185,69,2026-03-01
PROD000227,Southeast,230,49,2026-03-01
PROD000047,Southeast,235,67,2026-03-01
PROD000141,West,152,17,2026-03-01
PROD000064,Midwest,100,45,2026-03-01
PROD000222,Midwest,73,57,2026-03-01
PROD000195,Midwest,58,60,2026-03-01
PROD000104,Midwest,71,47,2026-03-01
PROD000072,Southeast,220,58,2026-03-01
PROD000043,Northeast,6,66,2026-03-01
PROD000200,Southeast,167,49,2026-03-01
PROD000089,Midwest,11,60,2026-03-01
PROD000033,Southeast,202,27,2026-03-01
PROD000228,Northeast,239,25,2026-03-01
PROD000022,Southeast,55,66,2026-03-01
PROD000138,Southeast,143,60,2026-03-01
PROD000229,Midwest,185,49,2026-03-01
PROD000114,Southeast,132,57,2026-03-01
PROD000214,Southeast,176,50,2026-03-01
PROD000212,Southeast,236,63,2026-03-01
PROD000122,Midwest,99,36,2026-03-01
PROD000163,Midwest,99,65,2026-03-01
PROD000223,Midwest,166,64,2026-03-01
PROD000178,West,200,64,2026-03-01
PROD000154,Northeast,73,47,2026-03-01
PROD000074,Southeast,112,59,2026-03-01
PROD000001,Midwest,127,50,2026-03-01
PROD000237,West,67,67,2026-03-01
PROD000205,West,24,57,2026-03-01
PROD000232,Midwest,182,56,2026-03-01
PROD000032,Midwest,166,56,2026-03-01
PROD000006,Northeast,207,16,2026-03-01
PROD000044,Midwest,27,29,2026-03-01
PROD000187,Northeast,109,33,2026-03-01
PROD000148,Midwest,82,52,2026-03-01
PROD000007,Southeast,126,36,2026-03-01
PROD000021,West,175,34,2026-03-01
PROD000060,West,74,46,2026-03-02
PROD000116,West,54,61,2026-03-02
PROD000016,Southeast,119,40,2026-03-02
PROD000149,Midwest,191,19,2026-03-02
PROD000109,West,189,50,2026-03-02
PROD000187,Northeast,64,42,2026-03-02
PROD000250,Southeast,159,63,2026-03-02
PROD000019,Midwest,216,54,2026-03-02
PROD000064,Northeast,46,33,2026-03-02
PROD000158,West,39,42,2026-03-02
PROD000240,West,64,64,2026-03-02
PROD000011,Northeast,85,46,2026-03-02
PROD000236,Midwest,185,66,2026-03-02
PROD000003,Southeast,30,68,2026-03-02
PROD000153,West,210,68,2026-03-02
PROD000118,West,79,41,2026-03-02
PROD000040,Midwest,209,58,2026-03-02
PROD000005,West,118,27,2026-03-02
PROD000114,Southeast,140,41,2026-03-02
PROD000248,Midwest,8,47,2026-03-02
PROD000022,Northeast,93,61,2026-03-02
PROD000110,Northeast,113,47,2026-03-02
PROD000021,Midwest,7,36,2026-03-02
PROD000069,West,30,35,2026-03-02
PROD000073,West,102,60,2026-03-02
PROD000101,West,57,25,2026-03-02
PROD000086,Midwest,64,28,2026-03-02
PROD000049,Southeast,134,19,2026-03-02
PROD000009,Southeast,66,56,2026-03-02
PROD000041,West,105,40,2026-03-02
PROD000054,Southeast,231,68,2026-03-02
PROD000087,Midwest,91,61,2026-03-02
PROD000178,Southeast,179,15,2026-03-02
PROD000008,Southeast,215,41,2026-03-02
PROD000072,Midwest,67,16,2026-03-02
PROD000246,Midwest,66,57,2026-03-02
PROD000210,Northeast,0,18,2026-03-02
PROD000043,Northeast,35,49,2026-03-02
PROD000218,Midwest,97,49,2026-03-02
PROD000245,Midwest,52,42,2026-03-02
PROD000051,Northeast,112,43,2026-03-02
PROD000184,Northeast,237,41,2026-03-02
PROD000177,Southeast,108,54,2026-03-02
PROD000243,Midwest,1,69,2026-03-02
PROD000182,West,177,36,2026-03-02
PROD000232,West,112,21,2026-03-02
PROD000195,West,93,50,2026-03-02
PROD000028,Midwest,224,37,2026-03-02
PROD000137,Southeast,7,48,2026-03-02
PROD000174,Southeast,148,55,2026-03-02
PROD000050,Southeast,195,49,2026-03-02
PROD000081,Midwest,195,68,2026-03-02
PROD000033,Northeast,182,54,2026-03-02
PROD000235,Midwest,94,51,2026-03-02
PROD000044,Northeast,111,58,2026-03-02
PROD000076,Southeast,38,30,2026-03-02
PROD000036,Midwest,88,64,2026-03-02
PROD000163,Midwest,131,22,2026-03-02
PROD000197,Southeast,37,69,2026-03-02
PROD000211,Southeast,98,64,2026-03-02
PROD000192,Midwest,194,37,2026-03-02
PROD000084,Midwest,39,29,2026-03-02
PROD000067,Southeast,178,61,2026-03-02
PROD000162,West,187,20,2026-03-02
PROD000226,Midwest,174,66,2026-03-02
PROD000108,Northeast,80,36,2026-03-02
PROD000015,Midwest,86,60,2026-03-02
PROD000025,Southeast,139,40,2026-03-02
PROD000031,Northeast,84,50,2026-03-02
PROD000225,Midwest,198,60,2026-03-02
PROD000181,Southeast,86,31,2026-03-02
PROD000133,West,195,36,2026-03-02
PROD000189,West,229,39,2026-03-02
PROD000169,West,205,42,2026-03-02
PROD000112,Southeast,180,49,2026-03-02
PROD000229,West,176,51,2026-03-02
PROD000204,West,77,15,2026-03-02
PROD000161,Southeast,228,40,2026-03-02
PROD000065,Northeast,70,29,2026-03-02
PROD000124,Northeast,9,35,2026-03-02
PROD000230,Northeast,180,45,2026-03-02
PROD000159,West,14,31,2026-03-02
PROD000247,West,236,69,2026-03-02
PROD000167,Southeast,106,31,2026-03-02
PROD000018,West,217,60,2026-03-02
PROD000200,West,226,15,2026-03-02
PROD000115,Midwest,226,45,2026-03-02
PROD000233,West,68,50,2026-03-02
PROD000160,Southeast,54,39,2026-03-02
PROD000085,Southeast,12,23,2026-03-02
PROD000166,Midwest,151,27,2026-03-02
PROD000030,Midwest,223,68,2026-03-02
PROD000170,Southeast,53,64,2026-03-02
PROD000244,Southeast,3,67,2026-03-02
PROD000152,Southeast,7,42,2026-03-02
PROD000227,Southeast,134,45,2026-03-02
PROD000106,West,83,33,2026-03-02
PROD000183,Midwest,50,41,2026-03-02
PROD000168,West,54,21,2026-03-02
PROD000196,Southeast,9,43,2026-03-02
PROD000117,Midwest,182,32,2026-03-02
PROD000171,Southeast,15,69,2026-03-02
PROD000175,Southeast,215,42,2026-03-02
PROD000056,Northeast,147,39,2026-03-02
PROD000198,Northeast,63,25,2026-03-02
PROD000194,Midwest,112,44,2026-03-02
PROD000179,West,140,66,2026-03-02
PROD000150,Northeast,83,63,2026-03-02
PROD000205,Northeast,166,27,2026-03-02
PROD000037,Northeast,108,51,2026-03-02
PROD000093,Northeast,137,32,2026-03-02
PROD000094,Midwest,73,21,2026-03-02
PROD000068,West,122,60,2026-03-02
PROD000120,Northeast,122,44,2026-03-02
PROD000006,Midwest,169,27,2026-03-02
PROD000241,Midwest,138,64,2026-03-02
PROD000207,Southeast,131,45,2026-03-02
PROD000125,Northeast,190,21,2026-03-02
PROD000140,Northeast,217,63,2026-03-02
PROD000071,West,155,41,2026-03-02
PROD000215,Northeast,193,24,2026-03-03
PROD000138,Midwest,41,56,2026-03-03
PROD000028,Midwest,66,30,2026-03-03
PROD000205,West,82,39,2026-03-03
PROD000247,Southeast,121,42,2026-03-03
PROD000130,Northeast,129,21,2026-03-03
PROD000204,Northeast,138,44,2026-03-03
PROD000055,West,25,30,2026-03-03
PROD000210,Midwest,82,58,2026-03-03
PROD000077,Southeast,166,62,2026-03-03
PROD000239,Southeast,200,63,2026-03-03
PROD000245,Southeast,4,19,2026-03-03
PROD000219,West,42,65,2026-03-03
PROD000129,Southeast,83,40,2026-03-03
PROD000115,Northeast,45,43,2026-03-03
PROD000090,Midwest,169,62,2026-03-03
PROD000110,West,156,44,2026-03-03
PROD000126,West,226,45,2026-03-03
PROD000177,Midwest,36,22,2026-03-03
PROD000040,West,210,49,2026-03-03
PROD000162,West,167,35,2026-03-03
PROD000017,Southeast,191,39,2026-03-03
PROD000074,Midwest,31,51,2026-03-03
PROD000152,West,239,48,2026-03-03
PROD000206,Midwest,8,50,2026-03-03
PROD000173,Northeast,126,27,2026-03-03
PROD000226,Midwest,151,63,2026-03-03
PROD000159,West,184,21,2026-03-03
PROD000032,Midwest,117,47,2026-03-03
PROD000167,West,38,33,2026-03-03
PROD000027,Northeast,230,60,2026-03-03
PROD000174,Southeast,172,32,2026-03-03
PROD000125,Midwest,40,54,2026-03-03
PROD000046,West,79,37,2026-03-03
PROD000030,Midwest,204,28,2026-03-03
PROD000048,Midwest,130,57,2026-03-03
PROD000223,Southeast,161,42,2026-03-03
PROD000182,Midwest,12,20,2026-03-03
PROD000044,West,124,45,2026-03-03
PROD000071,West,215,59,2026-03-03
PROD000096,Northeast,200,30,2026-03-03
PROD000201,Southeast,99,44,2026-03-03
PROD000143,West,93,21,2026-03-03
PROD000078,Southeast,214,48,2026-03-03
PROD000136,Southeast,181,18,2026-03-03
PROD000063,Northeast,122,32,2026-03-03
PROD000139,West,154,40,2026-03-03
PROD000214,Midwest,53,67,2026-03-03
PROD000145,Southeast,41,46,2026-03-03
PROD000244,West,173,25,2026-03-03
PROD000085,Midwest,169,68,2026-03-03
PROD000123,Northeast,93,58,2026-03-03
PROD000186,Southeast,38,38,2026-03-03
PROD000075,Southeast,6,54,2026-03-03
PROD000031,West,106,63,2026-03-03
PROD000127,Midwest,70,60,2026-03-03
PROD000195,Midwest,28,25,2026-03-03
PROD000056,Midwest,102,49,2026-03-03
PROD000227,Northeast,135,68,2026-03-03
PROD000175,Southeast,55,34,2026-03-03
PROD000052,Northeast,34,19,2026-03-03
PROD000042,Midwest,187,30,2026-03-03
PROD000091,West,27,59,2026-03-03
PROD000135,Northeast,182,45,2026-03-03
PROD000114,Midwest,54,51,2026-03-03
PROD000113,Southeast,217,55,2026-03-03
PROD000216,West,70,52,2026-03-03
PROD000234,West,218,65,2026-03-03
PROD000083,Midwest,184,61,2026-03-03
PROD000212,West,232,61,2026-03-03
PROD000149,Northeast,126,16,2026-03-03
PROD000208,Northeast,129,62,2026-03-03
PROD000043,Midwest,214,18,2026-03-03
PROD000154,Southeast,120,23,2026-03-03
PROD000172,West,211,51,2026-03-03
PROD000012,Midwest,204,17,2026-03-03
PROD000053,Northeast,27,44,2026-03-03
PROD000164,Southeast,121,59,2026-03-03
PROD000105,Southeast,11,40,2026-03-03
PROD000018,Northeast,198,28,2026-03-03
PROD000094,West,142,63,2026-03-03
PROD000157,Midwest,104,57,2026-03-03
PROD000168,Midwest,212,27,2026-03-03
PROD000066,Southeast,219,68,2026-03-03
PROD000097,West,82,54,2026-03-03
PROD000054,Midwest,149,59,2026-03-03
PROD000013,Midwest,143,17,2026-03-03
PROD000022,Midwest,171,46,2026-03-03
PROD000202,Southeast,8,18,2026-03-03
PROD000006,Northeast,211,45,2026-03-03
PROD000166,Northeast,174,36,2026-03-03
PROD000232,West,15,22,2026-03-03
PROD000116,Southeast,217,33,2026-03-03
PROD000117,Northeast,28,30,2026-03-03
PROD000184,Midwest,171,39,2026-03-03
PROD000198,Southeast,49,65,2026-03-03
PROD000120,Midwest,233,39,2026-03-03
PROD000237,Northeast,57,47,2026-03-03
PROD000133,West,91,23,2026-03-03
PROD000203,Midwest,68,63,2026-03-03
PROD000087,West,102,67,2026-03-03
PROD000180,Northeast,135,58,2026-03-03
PROD000051,Midwest,50,49,2026-03-03
PROD000200,Southeast,64,28,2026-03-03
PROD000088,Midwest,126,35,2026-03-03
PROD000150,Midwest,77,68,2026-03-03
PROD000038,West,206,28,2026-03-03
PROD000003,Northeast,227,34,2026-03-03
PROD000179,West,27,38,2026-03-03
PROD000242,West,76,34,2026-03-03
PROD000199,Southeast,61,65,2026-03-03
PROD000187,Northeast,109,18,2026-03-03
PROD000036,Midwest,54,15,2026-03-03
PROD000095,Northeast,87,68,2026-03-03
PROD000024,Northeast,11,21,2026-03-03
PROD000093,Northeast,27,24,2026-03-03
PROD000248,West,32,30,2026-03-03
PROD000222,Midwest,22,33,2026-03-03
PROD000160,Northeast,17,21,2026-03-03
PROD000224,Midwest,138,39,2026-03-03
PROD000213,Midwest,134,19,2026-03-04
PROD000178,Southeast,11,16,2026-03-04
PROD000195,Southeast,117,24,2026-03-04
PROD000249,Northeast,153,39,2026-03-04
PROD000006,West,81,53,2026-03-04
PROD000235,West,236,28,2026-03-04
PROD000037,Midwest,41,44,2026-03-04
PROD000212,Northeast,189,51,2026-03-04
PROD000240,Southeast,37,51,2026-03-04
PROD000123,Northeast,29,46,2026-03-04
PROD000150,Northeast,26,69,2026-03-04
PROD000180,Southeast,96,44,2026-03-04
PROD000141,Midwest,120,51,2026-03-04
PROD000176,West,89,33,2026-03-04
PROD000224,Northeast,166,28,2026-03-04
PROD000187,Southeast,176,40,2026-03-04
PROD000165,West,211,40,2026-03-04
PROD000013,West,35,67,2026-03-04
PROD000221,Midwest,11,15,2026-03-04
PROD000209,Midwest,149,23,2026-03-04
PROD000111,Southeast,59,26,2026-03-04
PROD000130,West,26,25,2026-03-04
PROD000049,West,12,35,2026-03-04
PROD000222,Midwest,54,16,2026-03-04
PROD000247,Southeast,93,34,2026-03-04
PROD000093,Midwest,209,43,2026-03-04
PROD000081,Northeast,112,19,2026-03-04
PROD000162,Midwest,147,16,2026-03-04
PROD000142,Midwest,70,62,2026-03-04
PROD000153,Northeast,95,55,2026-03-04
PROD000108,Midwest,60,67,2026-03-04
PROD000064,Southeast,201,21,2026-03-04
PROD000190,Southeast,50,35,2026-03-04
PROD000055,West,216,40,2026-03-04
PROD000074,Midwest,192,61,2026-03-04
PROD000181,Northeast,200,20,2026-03-04
PROD000021,Midwest,176,16,2026-03-04
PROD000042,Southeast,129,46,2026-03-04
PROD000207,Southeast,187,28,2026-03-04
PROD000246,West,30,38,2026-03-04
PROD000214,Midwest,130,23,2026-03-04
PROD000040,Northeast,188,18,2026-03-04
PROD000223,Midwest,194,69,2026-03-04
PROD000027,Midwest,45,16,2026-03-04
PROD000099,West,24,69,2026-03-04
PROD000054,Southeast,170,15,2026-03-04
PROD000206,Northeast,113,18,2026-03-04
PROD000044,Northeast,181,25,2026-03-04
PROD000005,Southeast,35,36,2026-03-04
PROD000161,West,208,22,2026-03-04
PROD000028,West,47,67,2026-03-04
PROD000245,Northeast,41,51,2026-03-04
PROD000067,West,157,69,2026-03-04
PROD000167,Midwest,164,60,2026-03-04
PROD000077,Northeast,72,66,2026-03-04
PROD000227,Southeast,193,26,2026-03-04
PROD000210,Northeast,94,44,2026-03-04
PROD000088,Midwest,156,23,2026-03-04
PROD000016,West,75,53,2026-03-04
PROD000243,Northeast,24,59,2026-03-04
PROD000051,Northeast,5,60,2026-03-04
PROD000158,Northeast,228,38,2026-03-04
PROD000090,Midwest,116,44,2026-03-04
PROD000234,Midwest,11,52,2026-03-04
PROD000008,Southeast,96,27,2026-03-04
PROD000171,West,169,28,2026-03-04
PROD000244,Northeast,56,23,2026-03-04
PROD000117,Northeast,188,64,2026-03-04
PROD000229,Midwest,91,29,2026-03-04
PROD000115,Midwest,171,51,2026-03-04
PROD000001,Northeast,59,56,2026-03-04
PROD000012,Southeast,196,68,2026-03-04
PROD000172,Northeast,31,38,2026-03-04
PROD000114,Southeast,182,53,2026-03-04
PROD000145,Midwest,36,41,2026-03-04
PROD000046,West,166,55,2026-03-04
PROD000086,Southeast,6,59,2026-03-04
PROD000066,Northeast,1,54,2026-03-04
PROD000218,Midwest,218,63,2026-03-04
PROD000095,Southeast,68,19,2026-03-04
PROD000157,West,22,62,2026-03-04
PROD000011,Midwest,70,34,2026-03-04
PROD000107,West,8,33,2026-03-04
PROD000197,West,92,20,2026-03-04
PROD000105,Southeast,231,23,2026-03-04
PROD000036,Southeast,149,37,2026-03-04
PROD000072,Southeast,46,45,2026-03-04
PROD000061,Northeast,149,28,2026-03-04
PROD000205,West,13,15,2026-03-04
PROD000034,Northeast,132,54,2026-03-04
PROD000002,West,233,39,2026-03-04
PROD000179,West,199,63,2026-03-04
PROD000201,West,113,49,2026-03-04
PROD000173,West,145,30,2026-03-04
PROD000101,Northeast,107,46,2026-03-04
PROD000038,Midwest,211,26,2026-03-04
PROD000071,Northeast,83,54,2026-03-04
PROD000192,Midwest,59,39,2026-03-04
PROD000062,Southeast,71,48,2026-03-04
PROD000032,West,25,18,2026-03-04
PROD000125,Southeast,31,26,2026-03-04
PROD000137,Midwest,165,20,2026-03-04
PROD000232,Northeast,79,57,2026-03-04
PROD000053,Southeast,207,57,2026-03-04
PROD000149,Midwest,163,42,2026-03-04
PROD000168,West,79,60,2026-03-04
PROD000148,Midwest,58,19,2026-03-04
PROD000198,Northeast,155,60,2026-03-04
PROD000228,West,41,37,2026-03-04
PROD000031,Southeast,162,65,2026-03-04
PROD000100,Northeast,20,59,2026-03-04
PROD000242,Southeast,233,31,2026-03-04
PROD000139,West,137,30,2026-03-04
PROD000204,West,150,56,2026-03-04
PROD000127,Midwest,157,19,2026-03-04
PROD000226,Midwest,38,61,2026-03-04
PROD000023,West,97,27,2026-03-04
PROD000152,West,54,22,2026-03-04
PROD000091,West,223,61,2026-03-04
PROD000069,Midwest,108,57,2026-03-04
PROD000185,West,221,51,2026-03-05
PROD000082,West,141,69,2026-03-05
PROD000222,Midwest,231,35,2026-03-05
PROD000064,West,154,40,2026-03-05
PROD000239,Midwest,34,25,2026-03-05
PROD000187,Northeast,172,58,2026-03-05
PROD000104,Southeast,170,46,2026-03-05
PROD000067,Northeast,65,26,2026-03-05
PROD000112,Midwest,213,16,2026-03-05
PROD000006,West,150,64,2026-03-05
PROD000052,West,61,53,2026-03-05
PROD000241,West,123,31,2026-03-05
PROD000089,Northeast,228,39,2026-03-05
PROD000079,Northeast,83,47,2026-03-05
PROD000057,Southeast,180,48,2026-03-05
PROD000228,Midwest,223,50,2026-03-05
PROD000092,Midwest,92,43,2026-03-05
PROD000019,West,184,33,2026-03-05
PROD000012,Southeast,84,55,2026-03-05
PROD000209,Southeast,236,25,2026-03-05
PROD000032,West,158,64,2026-03-05
PROD000086,Northeast,54,42,2026-03-05
PROD000074,Southeast,111,40,2026-03-05
PROD000141,Midwest,128,42,2026-03-05
PROD000240,Midwest,49,50,2026-03-05
PROD000003,Midwest,129,66,2026-03-05
PROD000088,West,132,20,2026-03-05
PROD000140,Southeast,116,53,2026-03-05
PROD000146,West,37,17,2026-03-05
PROD000237,Midwest,103,46,2026-03-05
PROD000207,Northeast,155,47,2026-03-05
PROD000160,Southeast,127,18,2026-03-05
PROD000231,Southeast,125,45,2026-03-05
PROD000236,Southeast,227,38,2026-03-05
PROD000098,Northeast,150,49,2026-03-05
PROD000171,Southeast,186,62,2026-03-05
PROD000115,West,162,26,2026-03-05
PROD000220,Southeast,113,15,2026-03-05
PROD000224,Southeast,32,68,2026-03-05
PROD000105,West,234,58,2026-03-05
PROD000189,Southeast,73,20,2026-03-05
PROD000047,Northeast,165,37,2026-03-05
PROD000127,Northeast,58,37,2026-03-05
PROD000186,Northeast,157,32,2026-03-05
PROD000029,Northeast,175,48,2026-03-05
PROD000227,Southeast,205,22,2026-03-05
PROD000149,Southeast,208,57,2026-03-05
PROD000110,Northeast,71,32,2026-03-05
PROD000188,Northeast,47,57,2026-03-05
PROD000158,Midwest,158,43,2026-03-05
PROD000132,West,203,48,2026-03-05
PROD000243,Southeast,8,24,2026-03-05
PROD000043,Northeast,39,41,2026-03-05
PROD000090,Midwest,215,60,2026-03-05
PROD000100,West,37,24,2026-03-05
PROD000199,Northeast,230,25,2026-03-05
PROD000059,West,205,51,2026-03-05
PROD000024,West,57,51,2026-03-05
PROD000126,Midwest,179,23,2026-03-05
PROD000166,West,67,38,2026-03-05
PROD000042,Midwest,46,26,2026-03-05
PROD000106,Southeast,20,57,2026-03-05
PROD000201,Midwest,183,44,2026-03-05
PROD000170,West,234,53,2026-03-05
PROD000221,West,231,55,2026-03-05
PROD000159,Southeast,82,33,2026-03-05
PROD000135,West,39,61,2026-03-05
PROD000157,Northeast,118,61,2026-03-05
PROD000049,Midwest,216,25,2026-03-05
PROD000219,Southeast,132,33,2026-03-05
PROD000121,Southeast,142,55,2026-03-05
PROD000099,Northeast,222,60,2026-03-05
PROD000095,Northeast,209,46,2026-03-05
PROD000229,Midwest,166,21,2026-03-05
PROD000027,Southeast,70,60,2026-03-05
PROD000087,Northeast,119,59,2026-03-05
PROD000050,Southeast,101,48,2026-03-05
PROD000062,Midwest,61,64,2026-03-05
PROD000248,West,35,34,2026-03-05
PROD000078,Midwest,12,64,2026-03-05
PROD000176,Midwest,116,24,2026-03-05
PROD000174,Southeast,88,24,2026-03-05
PROD000083,Southeast,36,62,2026-03-05
PROD000200,Northeast,48,67,2026-03-05
PROD000114,Northeast,68,55,2026-03-05
PROD000091,Southeast,207,60,2026-03-05
PROD000169,Midwest,23,66,2026-03-05
PROD000172,Southeast,26,51,2026-03-05
PROD000085,Southeast,163,68,2026-03-05
PROD000152,Southeast,232,21,2026-03-05
PROD000206,Southeast,84,62,2026-03-05
PROD000018,Southeast,93,35,2026-03-05
PROD000122,Southeast,48,41,2026-03-05
PROD000048,Southeast,237,68,2026-03-05
PROD000007,Southeast,36,65,2026-03-05
PROD000046,Southeast,80,40,2026-03-05
PROD000232,Northeast,23,62,2026-03-05
PROD000069,Northeast,92,69,2026-03-05
PROD000244,Midwest,96,29,2026-03-05
PROD000148,Midwest,21,66,2026-03-05
PROD000211,Southeast,7,53,2026-03-05
PROD000181,Midwest,67,39,2026-03-05
PROD000094,West,230,46,2026-03-05
PROD000178,Southeast,229,21,2026-03-05
PROD000063,Southeast,70,68,2026-03-05
PROD000108,Southeast,232,66,2026-03-05
PROD000249,West,70,38,2026-03-05
PROD000198,Northeast,237,42,2026-03-05
PROD000165,Midwest,140,51,2026-03-05
PROD000055,Southeast,89,41,2026-03-05
PROD000164,Southeast,74,35,2026-03-05
PROD000120,Midwest,15,40,2026-03-05
PROD000123,West,187,15,2026-03-05
PROD000058,Northeast,140,57,2026-03-05
PROD000014,West,11,22,2026-03-05
PROD000010,West,111,19,2026-03-05
PROD000131,West,220,29,2026-03-05
PROD000026,Northeast,218,68,2026-03-05
PROD000101,Southeast,54,53,2026-03-05
PROD000056,Northeast,24,64,2026-03-05
PROD000076,Midwest,211,60,2026-03-06
PROD000088,West,0,69,2026-03-06
PROD000044,Northeast,38,57,2026-03-06
PROD000242,Southeast,58,53,2026-03-06
PROD000045,Midwest,133,57,2026-03-06
PROD000110,Southeast,64,20,2026-03-06
PROD000229,Midwest,76,66,2026-03-06
PROD000062,Southeast,150,61,2026-03-06
PROD000182,Northeast,26,67,2026-03-06
PROD000134,Midwest,219,27,2026-03-06
PROD000133,Southeast,180,50,2026-03-06
PROD000073,Northeast,67,49,2026-03-06
PROD000157,West,47,47,2026-03-06
PROD000107,West,215,36,2026-03-06
PROD000126,Northeast,170,31,2026-03-06
PROD000019,Northeast,143,33,2026-03-06
PROD000020,Midwest,118,36,2026-03-06
PROD000216,West,26,58,2026-03-06
PROD000085,Northeast,21,68,2026-03-06
PROD000029,West,32,41,2026-03-06
PROD000103,Northeast,62,41,2026-03-06
PROD000075,Northeast,235,35,2026-03-06
PROD000204,West,16,28,2026-03-06
PROD000072,Midwest,111,38,2026-03-06
PROD000004,Southeast,16,68,2026-03-06
PROD000249,Northeast,182,29,2026-03-06
PROD000203,West,124,58,2026-03-06
PROD000230,West,21,15,2026-03-06
PROD000030,West,207,16,2026-03-06
PROD000095,Northeast,109,50,2026-03-06
PROD000240,Northeast,93,38,2026-03-06
PROD000007,Southeast,184,35,2026-03-06
PROD000038,Midwest,83,66,2026-03-06
PROD000181,West,63,29,2026-03-06
PROD000100,Midwest,61,35,2026-03-06
PROD000158,Midwest,67,53,2026-03-06
PROD000190,West,44,18,2026-03-06
PROD000119,Southeast,83,26,2026-03-06
PROD000141,Southeast,146,20,2026-03-06
PROD000066,Southeast,32,33,2026-03-06
PROD000129,Southeast,60,64,2026-03-06
PROD000070,Northeast,223,43,2026-03-06
PROD000146,Northeast,93,49,2026-03-06
PROD000246,Southeast,198,51,2026-03-06
PROD000017,Midwest,156,68,2026-03-06
PROD000108,Northeast,231,29,2026-03-06
PROD000207,Midwest,6,68,2026-03-06
PROD000033,West,127,33,2026-03-06
PROD000002,Northeast,238,62,2026-03-06
PROD000051,Northeast,53,23,2026-03-06
PROD000060,Southeast,23,39,2026-03-06
PROD000084,Southeast,4,44,2026-03-06
PROD000227,West,238,39,2026-03-06
PROD000199,West,220,55,2026-03-06
PROD000058,Northeast,202,39,2026-03-06
PROD000043,Southeast,165,49,2026-03-06
PROD000196,Northeast,154,47,2026-03-06
PROD000014,Midwest,226,18,2026-03-06
PROD000059,Northeast,6,64,2026-03-06
PROD000041,Northeast,126,63,2026-03-06
PROD000123,Northeast,28,35,2026-03-06
PROD000081,West,151,58,2026-03-06
PROD000243,Northeast,213,60,2026-03-06
PROD000178,Southeast,149,36,2026-03-06
PROD000184,Northeast,143,23,2026-03-06
PROD000188,Midwest,108,65,2026-03-06
PROD000163,Northeast,133,59,2026-03-06
PROD000220,Northeast,187,61,2026-03-06
PROD000160,West,70,58,2026-03-06
PROD000173,Northeast,62,67,2026-03-06
PROD000009,West,239,42,2026-03-06
PROD000046,Southeast,0,38,2026-03-06
PROD000101,Midwest,120,58,2026-03-06
PROD000074,Northeast,3,28,2026-03-06
PROD000056,Southeast,121,62,2026-03-06
PROD000211,Northeast,229,44,2026-03-06
PROD000025,Southeast,175,43,2026-03-06
PROD000057,Northeast,67,19,2026-03-06
PROD000026,West,102,45,2026-03-06
PROD000154,Northeast,190,29,2026-03-06
PROD000099,West,14,53,2026-03-06
PROD000031,Midwest,188,18,2026-03-06
PROD000225,Midwest,49,26,2026-03-06
PROD000228,Southeast,35,50,2026-03-06
PROD000092,Southeast,68,33,2026-03-06
PROD000202,Southeast,75,53,2026-03-06
PROD000138,Midwest,212,56,2026-03-06
PROD000053,Southeast,60,62,2026-03-06
PROD000106,Midwest,81,33,2026-03-06
PROD000011,West,166,29,2026-03-06
PROD000035,Midwest,41,45,2026-03-06
PROD000097,Southeast,22,60,2026-03-06
PROD000206,Southeast,28,43,2026-03-06
PROD000174,West,102,52,2026-03-06
PROD000175,Northeast,184,50,2026-03-06
PROD000170,West,209,65,2026-03-06
PROD000176,Southeast,227,51,2026-03-06
PROD000042,Southeast,211,33,2026-03-06
PROD000010,Southeast,34,44,2026-03-06
PROD000012,Midwest,168,45,2026-03-06
PROD000005,Midwest,92,59,2026-03-06
PROD000167,Northeast,23,46,2026-03-06
PROD000169,Southeast,155,63,2026-03-06
PROD000105,Northeast,86,55,2026-03-06
PROD000120,Northeast,138,48,2026-03-06
PROD000200,Northeast,74,61,2026-03-06
PROD000148,Southeast,76,30,2026-03-06
PROD000195,Midwest,20,43,2026-03-06
PROD000091,Midwest,181,27,2026-03-06
PROD000016,Midwest,107,67,2026-03-06
PROD000152,Midwest,94,32,2026-03-06
PROD000040,Northeast,149,31,2026-03-06
PROD000144,Southeast,213,50,2026-03-06
PROD000022,West,206,40,2026-03-06
PROD000047,Midwest,161,53,2026-03-06
PROD000241,West,86,20,2026-03-06
PROD000136,Midwest,150,45,2026-03-06
PROD000036,Southeast,59,54,2026-03-06
PROD000179,Northeast,140,35,2026-03-06
PROD000205,Midwest,51,69,2026-03-06
PROD000119,West,102,51,2026-03-07
PROD000194,West,164,15,2026-03-07
PROD000183,West,195,61,2026-03-07
PROD000210,West,91,40,2026-03-07
PROD000218,Northeast,185,44,2026-03-07
PROD000149,Northeast,111,51,2026-03-07
PROD000191,West,196,64,2026-03-07
PROD000076,Midwest,155,57,2026-03-07
PROD000114,Northeast,51,28,2026-03-07
PROD000051,West,201,49,2026-03-07
PROD000092,Southeast,16,19,2026-03-07
PROD000093,Midwest,27,34,2026-03-07
PROD000056,West,20,60,2026-03-07
PROD000090,West,203,52,2026-03-07
PROD000094,West,238,60,2026-03-07
PROD000250,Southeast,74,45,2026-03-07
PROD000239,Midwest,233,26,2026-03-07
PROD000134,Midwest,156,19,2026-03-07
PROD000055,Midwest,216,53,2026-03-07
PROD000138,Midwest,29,25,2026-03-07
PROD000141,Southeast,109,66,2026-03-07
PROD000104,West,9,29,2026-03-07
PROD000128,Midwest,216,53,2026-03-07
PROD000150,Northeast,91,57,2026-03-07
PROD000230,West,198,59,2026-03-07
PROD000101,Midwest,221,15,2026-03-07
PROD000079,Southeast,197,46,2026-03-07
PROD000156,West,25,41,2026-03-07
PROD000029,Southeast,202,35,2026-03-07
PROD000062,Midwest,150,46,2026-03-07
PROD000199,West,155,64,2026-03-07
PROD000130,Northeast,75,28,2026-03-07
PROD000021,Midwest,122,44,2026-03-07
PROD000127,Southeast,59,58,2026-03-07
PROD000243,Southeast,65,22,2026-03-07
PROD000203,West,86,29,2026-03-07
PROD000197,West,119,39,2026-03-07
PROD000174,Northeast,40,51,2026-03-07
PROD000222,Southeast,1,44,2026-03-07
PROD000086,Midwest,138,45,2026-03-07
PROD000064,Midwest,135,39,2026-03-07
PROD000177,Southeast,103,26,2026-03-07
PROD000091,West,26,26,2026-03-07
PROD000027,Southeast,200,30,2026-03-07
PROD000039,West,63,50,2026-03-07
PROD000207,West,182,66,2026-03-07
PROD000046,Northeast,121,22,2026-03-07
PROD000169,Southeast,223,20,2026-03-07
PROD000248,Midwest,22,32,2026-03-07
PROD000170,Midwest,171,57,2026-03-07
PROD000196,West,173,41,2026-03-07
PROD000187,West,192,57,2026-03-07
PROD000225,Midwest,79,52,2026-03-07
PROD000072,West,35,36,2026-03-07
PROD000081,Northeast,30,61,2026-03-07
PROD000049,Midwest,51,50,2026-03-07
PROD000147,West,178,26,2026-03-07
PROD000162,West,123,38,2026-03-07
PROD000099,Southeast,124,65,2026-03-07
PROD000014,Southeast,177,62,2026-03-07
PROD000036,West,214,16,2026-03-07
PROD000085,Northeast,46,36,2026-03-07
PROD000132,Northeast,102,15,2026-03-07
PROD000053,Northeast,131,38,2026-03-07
PROD000173,Northeast,81,34,2026-03-07
PROD000227,Midwest,148,63,2026-03-07
PROD000007,Midwest,148,45,2026-03-07
PROD000087,Midwest,116,41,2026-03-07
PROD000120,Midwest,120,35,2026-03-07
PROD000038,Southeast,56,20,2026-03-07
PROD000233,Northeast,199,68,2026-03-07
PROD000115,Midwest,17,22,2026-03-07
PROD000160,Midwest,209,25,2026-03-07
PROD000232,Southeast,99,61,2026-03-07
PROD000217,West,232,51,2026-03-07
PROD000088,Midwest,45,62,2026-03-07
PROD000026,West,197,35,2026-03-07
PROD000146,West,22,43,2026-03-07
PROD000167,Northeast,116,62,2026-03-07
PROD000084,Northeast,6,55,2026-03-07
PROD000145,Northeast,219,28,2026-03-07
PROD000032,Northeast,80,42,2026-03-07
PROD000048,West,88,66,2026-03-07
PROD000221,Southeast,49,34,2026-03-07
PROD000144,Midwest,141,43,2026-03-07
PROD000129,Midwest,194,18,2026-03-07
PROD000140,West,180,37,2026-03-07
PROD000228,Northeast,70,29,2026-03-07
PROD000052,West,79,56,2026-03-07
PROD000242,Northeast,43,52,2026-03-07
PROD000189,Southeast,104,15,2026-03-07
PROD000237,West,7,47,2026-03-07
PROD000125,Southeast,229,34,2026-03-07
PROD000246,Midwest,57,48,2026-03-07
PROD000063,Midwest,197,29,2026-03-07
PROD000102,Midwest,185,63,2026-03-07
PROD000171,Southeast,149,50,2026-03-07
PROD000082,Southeast,50,49,2026-03-07
PROD000245,Southeast,221,55,2026-03-07
PROD000126,Midwest,158,23,2026-03-07
PROD000155,West,221,47,2026-03-07
PROD000176,Southeast,92,68,2026-03-07
PROD000161,Northeast,50,27,2026-03-07
PROD000122,Southeast,117,45,2026-03-07
PROD000241,Midwest,50,22,2026-03-07
PROD000071,Southeast,113,56,2026-03-07
PROD000001,Southeast,141,45,2026-03-07
PROD000100,West,185,49,2026-03-07
PROD000006,West,120,36,2026-03-07
PROD000235,Southeast,123,24,2026-03-07
PROD000240,Southeast,204,69,2026-03-07
PROD000110,Southeast,147,59,2026-03-07
PROD000095,Southeast,46,25,2026-03-07
PROD000060,Southeast,7,66,2026-03-07
PROD000022,Southeast,166,39,2026-03-07
PROD000166,Northeast,18,52,2026-03-07
PROD000164,Northeast,88,56,2026-03-07
PROD000003,Southeast,46,38,2026-03-07
PROD000004,Southeast,117,23,2026-03-07
PROD000070,Northeast,202,52,2026-03-07
PROD000168,West,180,60,2026-03-08
PROD000199,Southeast,43,48,2026-03-08
PROD000201,West,91,33,2026-03-08
PROD000206,Southeast,167,31,2026-03-08
PROD000053,West,67,42,2026-03-08
PROD000023,West,34,47,2026-03-08
PROD000089,Midwest,60,35,2026-03-08
PROD000043,Midwest,183,46,2026-03-08
PROD000094,West,34,62,2026-03-08
PROD000142,Northeast,218,48,2026-03-08
PROD000085,Southeast,32,68,2026-03-08
PROD000217,Southeast,107,54,2026-03-08
PROD000088,West,13,23,2026-03-08
PROD000175,Midwest,100,46,2026-03-08
PROD000031,West,64,21,2026-03-08
PROD000059,Midwest,129,24,2026-03-08
PROD000076,Southeast,39,68,2026-03-08
PROD000099,Northeast,120,67,2026-03-08
PROD000122,Southeast,2,16,2026-03-08
PROD000021,Midwest,46,53,2026-03-08
PROD000104,Southeast,131,39,2026-03-08
PROD000208,West,120,20,2026-03-08
PROD000042,West,47,27,2026-03-08
PROD000080,Southeast,223,68,2026-03-08
PROD000004,Midwest,192,51,2026-03-08
PROD000192,Southeast,3,23,2026-03-08
PROD000057,Southeast,26,65,2026-03-08
PROD000069,Southeast,226,19,2026-03-08
PROD000118,Northeast,237,60,2026-03-08
PROD000093,Southeast,132,20,2026-03-08
PROD000066,West,234,15,2026-03-08
PROD000058,Northeast,41,68,2026-03-08
PROD000044,Southeast,20,23,2026-03-08
PROD000055,Midwest,225,16,2026-03-08
PROD000115,Southeast,90,35,2026-03-08
PROD000174,Midwest,91,29,2026-03-08
PROD000153,Midwest,213,51,2026-03-08
PROD000202,Northeast,109,45,2026-03-08
PROD000154,Midwest,175,22,2026-03-08
PROD000060,Southeast,215,61,2026-03-08
PROD000065,Midwest,226,16,2026-03-08
PROD000126,Southeast,103,25,2026-03-08
PROD000200,Midwest,37,42,2026-03-08
PROD000063,West,161,58,2026-03-08
PROD000113,Midwest,86,19,2026-03-08
PROD000221,Northeast,159,61,2026-03-08
PROD000096,Southeast,158,56,2026-03-08
PROD000128,Midwest,222,26,2026-03-08
PROD000002,Midwest,62,42,2026-03-08
PROD000238,Midwest,186,35,2026-03-08
PROD000172,Southeast,146,19,2026-03-08
PROD000075,Northeast,8,47,2026-03-08
PROD000016,Southeast,149,41,2026-03-08
PROD000027,Northeast,135,59,2026-03-08
PROD000117,Midwest,110,48,2026-03-08
PROD000029,Northeast,167,61,2026-03-08
PROD000110,Northeast,144,59,2026-03-08
PROD000125,West,239,51,2026-03-08
PROD000022,Southeast,95,29,2026-03-08
PROD000073,West,90,51,2026-03-08
PROD000119,Midwest,90,50,2026-03-08
PROD000204,Southeast,36,23,2026-03-08
PROD000012,Northeast,151,39,2026-03-08
PROD000157,Southeast,108,24,2026-03-08
PROD000040,Northeast,238,31,2026-03-08
PROD000162,West,69,68,2026-03-08
PROD000147,Southeast,123,20,2026-03-08
PROD000101,West,235,37,2026-03-08
PROD000079,Northeast,176,26,2026-03-08
PROD000135,Northeast,177,65,2026-03-08
PROD000235,Northeast,51,17,2026-03-08
PROD000173,Southeast,81,22,2026-03-08
PROD000082,Southeast,113,59,2026-03-08
PROD000214,Northeast,91,67,2026-03-08
PROD000008,Midwest,60,26,2026-03-08
PROD000160,Midwest,223,53,2026-03-08
PROD000064,West,35,66,2026-03-08
PROD000163,West,185,65,2026-03-08
PROD000123,Northeast,189,53,2026-03-08
PROD000247,Northeast,213,43,2026-03-08
PROD000048,Northeast,51,59,2026-03-08
PROD000077,Southeast,99,53,2026-03-08
PROD000227,Midwest,105,59,2026-03-08
PROD000170,West,76,29,2026-03-08
PROD000078,West,17,38,2026-03-08
PROD000145,Northeast,42,60,2026-03-08
PROD000193,West,228,33,2026-03-08
PROD000020,West,181,66,2026-03-08
PROD000092,Southeast,154,37,2026-03-08
PROD000041,Midwest,46,28,2026-03-08
PROD000177,West,34,39,2026-03-08
PROD000037,Northeast,41,22,2026-03-08
PROD000234,Midwest,95,56,2026-03-08
PROD000184,Midwest,109,29,2026-03-08
PROD000215,West,76,57,2026-03-08
PROD000181,West,229,42,2026-03-08
PROD000084,Southeast,21,68,2026-03-08
PROD000212,West,136,46,2026-03-08
PROD000138,Northeast,82,65,2026-03-08
PROD000036,West,36,66,2026-03-08
PROD000207,Northeast,203,25,2026-03-08
PROD000047,West,79,48,2026-03-08
PROD000211,Northeast,129,64,2026-03-08
PROD000052,Midwest,107,45,2026-03-08
PROD000019,Midwest,153,54,2026-03-08
PROD000194,Midwest,58,35,2026-03-08
PROD000121,Northeast,180,22,2026-03-08
PROD000035,Southeast,197,53,2026-03-08
PROD000015,Northeast,236,28,2026-03-08
PROD000127,Southeast,37,20,2026-03-08
PROD000070,West,97,50,2026-03-08
PROD000081,Southeast,30,20,2026-03-08
PROD000038,Northeast,107,43,2026-03-08
PROD000014,Northeast,148,31,2026-03-08
PROD000049,Southeast,163,31,2026-03-08
PROD000216,Northeast,81,58,2026-03-08
PROD000011,Midwest,192,35,2026-03-08
PROD000240,Northeast,126,39,2026-03-08
PROD000090,West,211,20,2026-03-08
PROD000087,West,41,67,2026-03-08
PROD000250,Northeast,51,30,2026-03-09
PROD000051,West,173,30,2026-03-09
PROD000179,West,35,15,2026-03-09
PROD000043,Northeast,162,69,2026-03-09
PROD000025,West,94,59,2026-03-09
PROD000204,West,150,44,2026-03-09
PROD000039,Southeast,59,68,2026-03-09
PROD000182,Midwest,132,65,2026-03-09
PROD000189,Northeast,109,51,2026-03-09
PROD000243,Midwest,22,39,2026-03-09
PROD000011,Northeast,239,35,2026-03-09
PROD000231,Northeast,227,56,2026-03-09
PROD000215,Northeast,140,64,2026-03-09
PROD000055,West,130,18,2026-03-09
PROD000125,Southeast,84,19,2026-03-09
PROD000068,Northeast,1,32,2026-03-09
PROD000114,West,237,34,2026-03-09
PROD000014,West,207,50,2026-03-09
PROD000008,Southeast,84,59,2026-03-09
PROD000085,West,226,58,2026-03-09
PROD000230,Northeast,51,45,2026-03-09
PROD000177,West,224,67,2026-03-09
PROD000047,Midwest,127,42,2026-03-09
PROD000237,West,207,52,2026-03-09
PROD000042,Midwest,173,59,2026-03-09
PROD000148,West,237,53,2026-03-09
PROD000005,Southeast,201,59,2026-03-09
PROD000153,Northeast,209,40,2026-03-09
PROD000083,West,100,43,2026-03-09
PROD000244,Midwest,106,38,2026-03-09
PROD000130,Southeast,69,40,2026-03-09
PROD000145,Midwest,236,23,2026-03-09
PROD000191,Northeast,73,39,2026-03-09
PROD000137,Northeast,92,45,2026-03-09
PROD000062,West,212,50,2026-03-09
PROD000081,Northeast,3,69,2026-03-09
PROD000007,West,87,56,2026-03-09
PROD000045,Midwest,148,63,2026-03-09
PROD000222,Southeast,5,59,2026-03-09
PROD000104,West,204,29,2026-03-09
PROD000133,Southeast,138,49,2026-03-09
PROD000225,Northeast,16,30,2026-03-09
PROD000024,Northeast,106,52,2026-03-09
PROD000157,West,27,16,2026-03-09
PROD000110,Northeast,82,39,2026-03-09
PROD000135,Northeast,179,20,2026-03-09
PROD000040,Southeast,106,15,2026-03-09
PROD000208,Northeast,29,16,2026-03-09
PROD000246,Southeast,164,40,2026-03-09
PROD000088,Midwest,141,57,2026-03-09
PROD000082,Midwest,133,39,2026-03-09
PROD000033,Northeast,114,49,2026-03-09
PROD000052,Southeast,44,57,2026-03-09
PROD000172,Northeast,45,57,2026-03-09
PROD000187,Southeast,146,35,2026-03-09
PROD000224,Northeast,15,21,2026-03-09
PROD000197,West,139,30,2026-03-09
PROD000175,West,209,27,2026-03-09
PROD000095,Southeast,214,60,2026-03-09
PROD000131,Northeast,85,50,2026-03-09
PROD000073,Southeast,216,59,2026-03-09
PROD000161,Northeast,7,38,2026-03-09
PROD000118,Midwest,207,42,2026-03-09
PROD000242,Northeast,151,27,2026-03-09
PROD000166,Southeast,142,66,2026-03-09
PROD000113,Northeast,76,68,2026-03-09
PROD000041,West,7,17,2026-03-09
PROD000026,West,210,34,2026-03-09
PROD000002,Midwest,64,18,2026-03-09
PROD000154,Northeast,197,43,2026-03-09
PROD000038,Northeast,141,64,2026-03-09
PROD000117,Midwest,190,23,2026-03-09
PROD000217,Midwest,41,66,2026-03-09
PROD000075,Northeast,96,50,2026-03-09
PROD000028,West,174,64,2026-03-09
PROD000248,Southeast,170,35,2026-03-09
PROD000128,West,123,45,2026-03-09
PROD000057,Northeast,132,38,2026-03-09
PROD000009,West,144,65,2026-03-09
PROD000037,Midwest,6,62,2026-03-09
PROD000141,Southeast,222,38,2026-03-09
PROD000193,West,123,21,2026-03-09
PROD000132,Southeast,189,43,2026-03-09
PROD000094,Southeast,129,48,2026-03-09
PROD000216,Southeast,199,35,2026-03-09
PROD000163,Midwest,32,58,2026-03-09
PROD000093,Midwest,83,22,2026-03-09
PROD000091,Northeast,19,41,2026-03-09
PROD000122,Midwest,169,35,2026-03-09
PROD000194,Northeast,14,57,2026-03-09
PROD000173,West,232,29,2026-03-09
PROD000201,Southeast,36,55,2026-03-09
PROD000072,West,137,31,2026-03-09
PROD000046,Northeast,68,32,2026-03-09
PROD000017,Northeast,14,16,2026-03-09
PROD000167,Midwest,59,17,2026-03-09
PROD000188,Midwest,178,49,2026-03-09
PROD000004,Midwest,128,54,2026-03-09
PROD000240,Midwest,150,17,2026-03-09
PROD000111,Southeast,224,16,2026-03-09
PROD000069,Southeast,178,58,2026-03-09
PROD000031,Southeast,61,16,2026-03-09
PROD000139,West,104,67,2026-03-09
PROD000092,Midwest,32,22,2026-03-09
PROD000019,Southeast,155,29,2026-03-09
PROD000119,Southeast,7,42,2026-03-09
PROD000060,West,84,42,2026-03-09
PROD000016,Midwest,140,26,2026-03-09
PROD000006,Northeast,198,61,2026-03-09
PROD000206,West,100,56,2026-03-09
PROD000192,West,103,29,2026-03-09
PROD000221,Midwest,196,64,2026-03-09
PROD000205,Southeast,87,25,2026-03-09
PROD000226,Midwest,50,26,2026-03-09
PROD000010,Midwest,203,55,2026-03-09
PROD000102,Northeast,118,41,2026-03-09
PROD000138,West,65,25,2026-03-09
PROD000044,West,162,17,2026-03-09
PROD000076,Northeast,24,41,2026-03-09
PROD000185,Midwest,138,51,2026-03-09
PROD000143,Southeast,150,42,2026-03-10
PROD000211,Southeast,3,28,2026-03-10
PROD000196,Southeast,138,25,2026-03-10
PROD000057,Midwest,238,38,2026-03-10
PROD000115,Southeast,111,52,2026-03-10
PROD000227,Midwest,121,44,2026-03-10
PROD000144,Northeast,68,54,2026-03-10
PROD000160,Midwest,151,22,2026-03-10
PROD000116,Midwest,22,36,2026-03-10
PROD000035,Southeast,17,56,2026-03-10
PROD000247,Southeast,145,34,2026-03-10
PROD000048,Northeast,229,69,2026-03-10
PROD000185,Midwest,154,22,2026-03-10
PROD000032,Midwest,237,53,2026-03-10
PROD000113,Southeast,177,54,2026-03-10
PROD000222,Midwest,137,44,2026-03-10
PROD000191,Midwest,104,21,2026-03-10
PROD000088,Southeast,150,62,2026-03-10
PROD000056,West,112,48,2026-03-10
PROD000027,Midwest,204,53,2026-03-10
PROD000197,Midwest,51,32,2026-03-10
PROD000006,Midwest,186,21,2026-03-10
PROD000022,Southeast,174,54,2026-03-10
PROD000074,Southeast,74,55,2026-03-10
PROD000169,Southeast,236,21,2026-03-10
PROD000120,Midwest,34,24,2026-03-10
PROD000034,Southeast,76,40,2026-03-10
PROD000186,Southeast,136,44,2026-03-10
PROD000013,West,139,44,2026-03-10
PROD000193,Southeast,67,63,2026-03-10
PROD000017,West,19,63,2026-03-10
PROD000102,Midwest,200,31,2026-03-10
PROD000148,Northeast,136,65,2026-03-10
PROD000207,Southeast,209,19,2026-03-10
PROD000138,West,113,38,2026-03-10
PROD000147,West,39,48,2026-03-10
PROD000128,Midwest,145,41,2026-03-10
PROD000087,Midwest,165,52,2026-03-10
PROD000216,Southeast,13,27,2026-03-10
PROD000162,Midwest,87,53,2026-03-10
PROD000106,West,110,53,2026-03-10
PROD000218,Midwest,24,31,2026-03-10
PROD000153,Southeast,44,63,2026-03-10
PROD000151,Southeast,233,18,2026-03-10
PROD000009,Southeast,52,57,2026-03-10
PROD000063,Midwest,151,16,2026-03-10
PROD000181,Southeast,186,53,2026-03-10
PROD000177,Midwest,158,21,2026-03-10
PROD000198,Northeast,211,46,2026-03-10
PROD000190,Southeast,34,55,2026-03-10
PROD000206,Northeast,83,52,2026-03-10
PROD000226,Midwest,162,41,2026-03-10
PROD000071,Midwest,193,31,2026-03-10
PROD000011,West,57,18,2026-03-10
PROD000018,Southeast,221,35,2026-03-10
PROD000175,Southeast,215,22,2026-03-10
PROD000085,West,239,32,2026-03-10
PROD000052,Northeast,92,27,2026-03-10
PROD000025,Northeast,173,22,2026-03-10
PROD000182,Northeast,20,42,2026-03-10
PROD000161,Midwest,184,41,2026-03-10
PROD000237,Southeast,199,46,2026-03-10
PROD000166,West,32,20,2026-03-10
PROD000076,Northeast,54,47,2026-03-10
PROD000039,West,46,15,2026-03-10
PROD000119,West,171,21,2026-03-10
PROD000084,Southeast,50,69,2026-03-10
PROD000176,Southeast,239,26,2026-03-10
PROD000214,Midwest,5,47,2026-03-10
PROD000136,Southeast,155,50,2026-03-10
PROD000238,Midwest,147,20,2026-03-10
PROD000241,Midwest,113,52,2026-03-10
PROD000020,Midwest,21,67,2026-03-10
PROD000141,Midwest,45,59,2026-03-10
PROD000165,Northeast,163,61,2026-03-10
PROD000090,Midwest,74,28,2026-03-10
PROD000112,Southeast,86,64,2026-03-10
PROD000103,Northeast,112,15,2026-03-10
PROD000179,West,40,48,2026-03-10
PROD000135,Midwest,65,58,2026-03-10
PROD000024,West,69,24,2026-03-10
PROD000125,Northeast,88,42,2026-03-10
PROD000078,Midwest,170,32,2026-03-10
PROD000038,Midwest,198,27,2026-03-10
PROD000070,Midwest,194,57,2026-03-10
PROD000019,Southeast,231,18,2026-03-10
PROD000224,Midwest,108,58,2026-03-10
PROD000134,West,105,40,2026-03-10
PROD000117,Northeast,42,59,2026-03-10
PROD000064,West,210,59,2026-03-10
PROD000005,Southeast,36,30,2026-03-10
PROD000139,Southeast,111,52,2026-03-10
PROD000192,Northeast,32,39,2026-03-10
PROD000246,Midwest,158,25,2026-03-10
PROD000230,Northeast,122,43,2026-03-10
PROD000146,Southeast,69,21,2026-03-10
PROD000044,West,209,15,2026-03-10
PROD000194,Northeast,84,50,2026-03-10
PROD000002,Northeast,172,23,2026-03-10
PROD000012,Midwest,176,33,2026-03-10
PROD000127,Midwest,38,30,2026-03-10
PROD000089,Midwest,205,29,2026-03-10
PROD000114,Southeast,168,32,2026-03-10
PROD000083,West,70,45,2026-03-10
PROD000215,Northeast,5,25,2026-03-10
PROD000003,West,134,28,2026-03-10
PROD000133,Midwest,7,47,2026-03-10
PROD000168,Southeast,40,59,2026-03-10
PROD000021,Southeast,190,33,2026-03-10
PROD000004,Northeast,8,22,2026-03-10
PROD000105,West,105,50,2026-03-10
PROD000008,Northeast,28,61,2026-03-10
PROD000145,Northeast,141,66,2026-03-10
PROD000054,West,125,34,2026-03-10
PROD000072,West,45,44,2026-03-10
PROD000067,Midwest,141,51,2026-03-10
PROD000016,West,89,54,2026-03-10
PROD000167,Southeast,151,16,2026-03-10
PROD000108,Southeast,60,46,2026-03-10
PROD000093,West,71,50,2026-03-10
PROD000073,West,139,63,2026-03-11
PROD000182,Northeast,176,37,2026-03-11
PROD000082,West,234,58,2026-03-11
PROD000165,Southeast,204,16,2026-03-11
PROD000010,Midwest,229,23,2026-03-11
PROD000163,West,19,19,2026-03-11
PROD000059,Northeast,94,45,2026-03-11
PROD000146,Midwest,6,61,2026-03-11
PROD000095,Midwest,131,64,2026-03-11
PROD000122,West,139,49,2026-03-11
PROD000086,West,78,19,2026-03-11
PROD000020,Southeast,168,43,2026-03-11
PROD000050,West,15,22,2026-03-11
PROD000030,West,75,62,2026-03-11
PROD000189,Midwest,110,66,2026-03-11
PROD000216,Southeast,166,46,2026-03-11
PROD000164,Midwest,11,23,2026-03-11
PROD000023,Northeast,201,21,2026-03-11
PROD000140,Southeast,101,67,2026-03-11
PROD000201,West,80,28,2026-03-11
PROD000199,Southeast,135,42,2026-03-11
PROD000027,Midwest,140,45,2026-03-11
PROD000148,Northeast,180,20,2026-03-11
PROD000015,Southeast,150,33,2026-03-11
PROD000017,Southeast,79,38,2026-03-11
PROD000088,West,96,43,2026-03-11
PROD000044,Southeast,205,60,2026-03-11
PROD000075,Midwest,95,49,2026-03-11
PROD000045,Southeast,120,60,2026-03-11
PROD000096,Northeast,60,38,2026-03-11
PROD000218,Southeast,16,26,2026-03-11
PROD000173,Midwest,50,48,2026-03-11
PROD000021,West,101,22,2026-03-11
PROD000196,Midwest,200,28,2026-03-11
PROD000198,Midwest,13,56,2026-03-11
PROD000134,Midwest,146,45,2026-03-11
PROD000204,Southeast,220,52,2026-03-11
PROD000009,Southeast,38,52,2026-03-11
PROD000131,West,94,22,2026-03-11
PROD000018,Northeast,115,46,2026-03-11
PROD000178,West,117,17,2026-03-11
PROD000240,Southeast,5,58,2026-03-11
PROD000065,Southeast,65,36,2026-03-11
PROD000161,Southeast,217,42,2026-03-11
PROD000041,Midwest,165,68,2026-03-11
PROD000209,Midwest,149,38,2026-03-11
PROD000056,West,224,60,2026-03-11
PROD000097,Southeast,126,60,2026-03-11
PROD000066,Midwest,7,35,2026-03-11
PROD000141,Southeast,48,35,2026-03-11
PROD000202,Midwest,161,49,2026-03-11
PROD000121,Midwest,38,47,2026-03-11
PROD000147,West,131,46,2026-03-11
PROD000136,Northeast,139,59,2026-03-11
PROD000024,West,196,39,2026-03-11
PROD000091,Midwest,229,48,2026-03-11
PROD000227,West,90,31,2026-03-11
PROD000116,Northeast,67,46,2026-03-11
PROD000247,Midwest,88,44,2026-03-11
PROD000090,Northeast,75,59,2026-03-11
PROD000171,West,195,41,2026-03-11
PROD000219,West,173,69,2026-03-11
PROD000085,Midwest,211,50,2026-03-11
PROD000062,Southeast,17,50,2026-03-11
PROD000064,Northeast,98,16,2026-03-11
PROD000033,Southeast,52,60,2026-03-11
PROD000210,Southeast,73,60,2026-03-11
PROD000208,Southeast,77,41,2026-03-11
PROD000126,Southeast,63,16,2026-03-11
PROD000093,Midwest,97,68,2026-03-11
PROD000235,Midwest,191,34,2026-03-11
PROD000106,Midwest,30,21,2026-03-11
PROD000157,Southeast,157,15,2026-03-11
PROD000205,Northeast,27,18,2026-03-11
PROD000151,Northeast,177,19,2026-03-11
PROD000032,Midwest,193,35,2026-03-11
PROD000101,West,119,21,2026-03-11
PROD000179,Southeast,166,27,2026-03-11
PROD000049,Northeast,235,28,2026-03-11
PROD000076,Midwest,170,54,2026-03-11
PROD000029,Midwest,202,44,2026-03-11
PROD000184,Midwest,138,47,2026-03-11
PROD000242,West,190,51,2026-03-11
PROD000089,Southeast,85,64,2026-03-11
PROD000197,Northeast,205,50,2026-03-11
PROD000223,Northeast,206,34,2026-03-11
PROD000142,Northeast,106,58,2026-03-11
PROD000144,Midwest,173,48,2026-03-11
PROD000153,West,42,25,2026-03-11
PROD000031,Northeast,143,22,2026-03-11
PROD000115,West,26,60,2026-03-11
PROD000039,Northeast,120,26,2026-03-11
PROD000034,Northeast,8,64,2026-03-11
PROD000048,Northeast,209,47,2026-03-11
PROD000053,Midwest,122,39,2026-03-11
PROD000145,Midwest,54,45,2026-03-11
PROD000107,West,192,28,2026-03-11
PROD000234,Northeast,205,33,2026-03-11
PROD000167,West,93,19,2026-03-11
PROD000094,Northeast,174,48,2026-03-11
PROD000077,Southeast,37,17,2026-03-11
PROD000078,Midwest,187,55,2026-03-11
PROD000060,Southeast,12,62,2026-03-11
PROD000025,Southeast,207,17,2026-03-11
PROD000225,Northeast,153,46,2026-03-11
PROD000058,Northeast,68,69,2026-03-11
PROD000176,West,55,59,2026-03-11
PROD000112,Northeast,236,66,2026-03-11
PROD000001,Northeast,115,40,2026-03-11
PROD000125,Midwest,65,43,2026-03-11
PROD000104,West,62,55,2026-03-11
PROD000174,West,205,44,2026-03-11
PROD000169,Northeast,225,56,2026-03-11
PROD000067,Southeast,115,28,2026-03-11
PROD000228,Midwest,74,58,2026-03-11
PROD000003,Northeast,187,41,2026-03-11
PROD000183,Northeast,58,23,2026-03-11
PROD000160,West,174,35,2026-03-11
PROD000229,West,61,48,2026-03-11
PROD000054,Midwest,175,23,2026-03-11
PROD000027,Southeast,48,35,2026-03-12
PROD000160,West,148,38,2026-03-12
PROD000119,Midwest,129,44,2026-03-12
PROD000186,West,133,57,2026-03-12
PROD000083,Northeast,20,20,2026-03-12
PROD000158,Midwest,151,57,2026-03-12
PROD000068,West,149,41,2026-03-12
PROD000210,West,79,59,2026-03-12
PROD000166,Northeast,105,17,2026-03-12
PROD000173,West,198,66,2026-03-12
PROD000036,Northeast,225,62,2026-03-12
PROD000195,Southeast,226,27,2026-03-12
PROD000201,Northeast,3,62,2026-03-12
PROD000008,Northeast,67,58,2026-03-12
PROD000006,West,143,66,2026-03-12
PROD000208,Midwest,33,18,2026-03-12
PROD000079,Northeast,56,35,2026-03-12
PROD000108,West,31,37,2026-03-12
PROD000142,Southeast,150,48,2026-03-12
PROD000189,West,212,58,2026-03-12
PROD000206,West,231,57,2026-03-12
PROD000087,West,104,39,2026-03-12
PROD000048,Southeast,60,22,2026-03-12
PROD000248,Midwest,40,69,2026-03-12
PROD000227,West,77,36,2026-03-12
PROD000062,Southeast,207,57,2026-03-12
PROD000054,Northeast,109,29,2026-03-12
PROD000162,Northeast,132,28,2026-03-12
PROD000202,Midwest,176,18,2026-03-12
PROD000112,Southeast,86,38,2026-03-12
PROD000147,Southeast,180,36,2026-03-12
PROD000005,Northeast,111,47,2026-03-12
PROD000232,Northeast,72,59,2026-03-12
PROD000075,Southeast,18,60,2026-03-12
PROD000146,Southeast,31,19,2026-03-12
PROD000217,Midwest,92,59,2026-03-12
PROD000070,Midwest,119,42,2026-03-12
PROD000110,Northeast,230,33,2026-03-12
PROD000245,Southeast,191,24,2026-03-12
PROD000107,West,41,60,2026-03-12
PROD000058,West,197,37,2026-03-12
PROD000096,Southeast,99,20,2026-03-12
PROD000246,Southeast,62,45,2026-03-12
PROD000196,Midwest,97,31,2026-03-12
PROD000003,Northeast,102,63,2026-03-12
PROD000233,Midwest,50,45,2026-03-12
PROD000020,Midwest,144,54,2026-03-12
PROD000178,Southeast,208,49,2026-03-12
PROD000015,Southeast,162,48,2026-03-12
PROD000152,West,126,46,2026-03-12
PROD000170,West,144,53,2026-03-12
PROD000211,Midwest,228,65,2026-03-12
PROD000131,Southeast,50,16,2026-03-12
PROD000105,West,85,41,2026-03-12
PROD000156,Southeast,170,48,2026-03-12
PROD000017,West,67,54,2026-03-12
PROD000224,West,173,17,2026-03-12
PROD000235,Northeast,2,59,2026-03-12
PROD000185,Southeast,207,15,2026-03-12
PROD000023,West,5,48,2026-03-12
PROD000183,Southeast,203,57,2026-03-12
PROD000177,Midwest,150,36,2026-03-12
PROD000132,Northeast,88,27,2026-03-12
PROD000059,Northeast,66,43,2026-03-12
PROD000249,Midwest,107,45,2026-03-12
PROD000047,West,136,58,2026-03-12
PROD000114,Northeast,66,35,2026-03-12
PROD000237,Southeast,238,58,2026-03-12
PROD000193,Midwest,56,58,2026-03-12
PROD000140,Southeast,216,65,2026-03-12
PROD000072,Northeast,28,26,2026-03-12
PROD000124,Northeast,129,63,2026-03-12
PROD000244,Southeast,237,52,2026-03-12
PROD000135,Midwest,67,63,2026-03-12
PROD000137,Midwest,57,32,2026-03-12
PROD000037,Northeast,91,21,2026-03-12
PROD000145,West,55,48,2026-03-12
PROD000197,Southeast,228,66,2026-03-12
PROD000184,West,31,53,2026-03-12
PROD000009,Midwest,119,46,2026-03-12
PROD000085,West,223,30,2026-03-12
PROD000247,West,3,57,2026-03-12
PROD000081,West,51,67,2026-03-12
PROD000019,Northeast,207,52,2026-03-12
PROD000064,Northeast,160,66,2026-03-12
PROD000030,West,178,20,2026-03-12
PROD000109,Midwest,74,64,2026-03-12
PROD000061,West,70,26,2026-03-12
PROD000172,Northeast,214,42,2026-03-12
PROD000011,Southeast,68,27,2026-03-12
PROD000106,Northeast,78,55,2026-03-12
PROD000021,Southeast,113,39,2026-03-12
PROD000051,Southeast,222,27,2026-03-12
PROD000057,Southeast,12,60,2026-03-12
PROD000128,Midwest,52,30,2026-03-12
PROD000171,West,24,51,2026-03-12
PROD000209,Midwest,138,65,2026-03-12
PROD000038,Northeast,52,69,2026-03-12
PROD000180,Midwest,10,66,2026-03-12
PROD000082,Midwest,7,51,2026-03-12
PROD000034,Southeast,164,39,2026-03-12
PROD000125,Northeast,7,22,2026-03-12
PROD000115,Northeast,44,34,2026-03-12
PROD000159,Northeast,98,34,2026-03-12
PROD000205,West,71,45,2026-03-12
PROD000101,Northeast,145,32,2026-03-12
PROD000127,West,210,25,2026-03-12
PROD000194,Midwest,111,24,2026-03-12
PROD000041,Southeast,66,17,2026-03-12
PROD000169,Southeast,63,50,2026-03-12
PROD000078,Midwest,141,28,2026-03-12
PROD000230,Southeast,127,56,2026-03-12
PROD000053,Southeast,73,16,2026-03-12
PROD000069,Southeast,4,32,2026-03-12
PROD000022,Midwest,148,65,2026-03-12
PROD000074,Northeast,91,51,2026-03-12
PROD000154,West,223,52,2026-03-12
PROD000089,Southeast,33,46,2026-03-12
PROD000065,Southeast,233,25,2026-03-12
PROD000149,Northeast,153,49,2026-03-12
PROD000237,Northeast,42,21,2026-03-13
PROD000203,West,56,26,2026-03-13
PROD000009,Northeast,35,46,2026-03-13
PROD000131,Southeast,20,56,2026-03-13
PROD000211,West,226,43,2026-03-13
PROD000207,Midwest,79,62,2026-03-13
PROD000054,Northeast,85,21,2026-03-13
PROD000002,West,151,59,2026-03-13
PROD000076,West,57,50,2026-03-13
PROD000145,Midwest,114,37,2026-03-13
PROD000162,Midwest,169,66,2026-03-13
PROD000056,Midwest,38,43,2026-03-13
PROD000112,West,87,54,2026-03-13
PROD000183,Northeast,104,27,2026-03-13
PROD000077,Southeast,112,19,2026-03-13
PROD000003,West,237,28,2026-03-13
PROD000220,Midwest,180,15,2026-03-13
PROD000102,Southeast,45,21,2026-03-13
PROD000198,Midwest,217,53,2026-03-13
PROD000119,Northeast,227,61,2026-03-13
PROD000164,Midwest,152,24,2026-03-13
PROD000127,Midwest,60,18,2026-03-13
PROD000169,Southeast,150,26,2026-03-13
PROD000036,Midwest,95,49,2026-03-13
PROD000178,Southeast,51,61,2026-03-13
PROD000038,West,157,21,2026-03-13
PROD000105,Northeast,88,62,2026-03-13
PROD000008,West,28,34,2026-03-13
PROD000011,Northeast,77,41,2026-03-13
PROD000082,Southeast,214,51,2026-03-13
PROD000018,Northeast,186,57,2026-03-13
PROD000192,Midwest,179,48,2026-03-13
PROD000204,Southeast,102,67,2026-03-13
PROD000031,Northeast,210,20,2026-03-13
PROD000245,West,221,34,2026-03-13
PROD000167,Midwest,47,46,2026-03-13
PROD000058,Northeast,207,33,2026-03-13
PROD000049,Midwest,152,30,2026-03-13
PROD000142,Southeast,83,69,2026-03-13
PROD000189,West,26,59,2026-03-13
PROD000205,Northeast,105,27,2026-03-13
PROD000148,Northeast,81,55,2026-03-13
PROD000166,Midwest,43,48,2026-03-13
PROD000168,Midwest,124,16,2026-03-13
PROD000048,Southeast,136,22,2026-03-13
PROD000141,West,111,44,2026-03-13
PROD000163,Midwest,94,36,2026-03-13
PROD000047,West,65,23,2026-03-13
PROD000060,Northeast,203,24,2026-03-13
PROD000239,Southeast,212,48,2026-03-13
PROD000234,Southeast,143,19,2026-03-13
PROD000221,Northeast,187,68,2026-03-13
PROD000064,Northeast,111,53,2026-03-13
PROD000062,Midwest,55,67,2026-03-13
PROD000100,West,213,66,2026-03-13
PROD000023,Southeast,179,62,2026-03-13
PROD000199,Northeast,41,35,2026-03-13
PROD000010,West,155,29,2026-03-13
PROD000229,Northeast,21,29,2026-03-13
PROD000078,Southeast,121,37,2026-03-13
PROD000185,Northeast,37,31,2026-03-13
PROD000052,Southeast,101,58,2026-03-13
PROD000029,Northeast,97,49,2026-03-13
PROD000025,Northeast,160,22,2026-03-13
PROD000020,Northeast,196,41,2026-03-13
PROD000179,Southeast,49,30,2026-03-13
PROD000109,West,129,33,2026-03-13
PROD000041,Southeast,47,19,2026-03-13
PROD000053,Southeast,223,55,2026-03-13
PROD000217,Midwest,165,63,2026-03-13
PROD000042,Southeast,182,33,2026-03-13
PROD000007,Northeast,72,35,2026-03-13
PROD000108,West,182,16,2026-03-13
PROD000061,Midwest,172,26,2026-03-13
PROD000033,Southeast,93,58,2026-03-13
PROD000117,West,224,51,2026-03-13
PROD000226,Southeast,227,59,2026-03-13
PROD000155,Southeast,47,15,2026-03-13
PROD000012,Southeast,54,58,2026-03-13
PROD000151,Northeast,34,19,2026-03-13
PROD000138,Southeast,60,54,2026-03-13
PROD000024,Northeast,182,31,2026-03-13
PROD000194,Midwest,34,62,2026-03-13
PROD000125,West,225,37,2026-03-13
PROD000249,Northeast,57,34,2026-03-13
PROD000152,Southeast,117,28,2026-03-13
PROD000233,West,49,62,2026-03-13
PROD000140,Midwest,103,41,2026-03-13
PROD000063,West,209,38,2026-03-13
PROD000165,Midwest,1,52,2026-03-13
PROD000235,West,172,41,2026-03-13
PROD000114,West,192,16,2026-03-13
PROD000172,Southeast,159,17,2026-03-13
PROD000134,Midwest,42,50,2026-03-13
PROD000073,West,181,29,2026-03-13
PROD000196,Southeast,33,61,2026-03-13
PROD000160,Midwest,203,29,2026-03-13
PROD000170,West,135,39,2026-03-13
PROD000057,Northeast,202,26,2026-03-13
PROD000111,West,162,65,2026-03-13
PROD000159,Midwest,235,49,2026-03-13
PROD000095,Midwest,225,54,2026-03-13
PROD000098,Midwest,239,29,2026-03-13
PROD000195,West,201,21,2026-03-13
PROD000088,Southeast,218,16,2026-03-13
PROD000218,Southeast,6,61,2026-03-13
PROD000028,Midwest,117,41,2026-03-13
PROD000126,West,214,52,2026-03-13
PROD000091,Northeast,212,42,2026-03-13
PROD000075,Midwest,56,39,2026-03-13
PROD000216,Southeast,190,24,2026-03-13
PROD000219,Southeast,209,45,2026-03-13
PROD000121,Midwest,92,24,2026-03-13
PROD000212,Midwest,49,57,2026-03-13
PROD000104,Southeast,171,20,2026-03-13
PROD000215,Southeast,11,18,2026-03-13
PROD000232,Northeast,118,33,2026-03-13
PROD000157,Northeast,49,34,2026-03-13
PROD000238,Southeast,148,23,2026-03-13
PROD000059,Southeast,171,54,2026-03-13
PROD000028,Midwest,4,52,2026-03-14
PROD000169,Midwest,11,37,2026-03-14
PROD000178,Southeast,49,57,2026-03-14
PROD000165,Northeast,3,67,2026-03-14
PROD000195,Northeast,76,34,2026-03-14
PROD000042,West,162,66,2026-03-14
PROD000129,Northeast,146,29,2026-03-14
PROD000053,Midwest,105,43,2026-03-14
PROD000224,Southeast,108,31,2026-03-14
PROD000010,Northeast,65,34,2026-03-14
PROD000104,Midwest,0,36,2026-03-14
PROD000153,Southeast,16,60,2026-03-14
PROD000162,Southeast,161,31,2026-03-14
PROD000041,Southeast,0,36,2026-03-14
PROD000158,West,111,17,2026-03-14
PROD000078,Midwest,76,22,2026-03-14
PROD000113,West,194,33,2026-03-14
PROD000212,West,203,61,2026-03-14
PROD000084,Midwest,31,31,2026-03-14
PROD000110,Northeast,50,18,2026-03-14
PROD000240,Midwest,169,32,2026-03-14
PROD000217,West,26,62,2026-03-14
PROD000091,Northeast,183,47,2026-03-14
PROD000021,Midwest,229,16,2026-03-14
PROD000071,Northeast,116,47,2026-03-14
PROD000250,Southeast,58,50,2026-03-14
PROD000239,Midwest,52,41,2026-03-14
PROD000173,Southeast,156,43,2026-03-14
PROD000170,West,225,59,2026-03-14
PROD000180,Northeast,223,15,2026-03-14
PROD000241,Midwest,36,58,2026-03-14
PROD000066,Southeast,175,28,2026-03-14
PROD000036,Midwest,63,41,2026-03-14
PROD000011,Midwest,90,50,2026-03-14
PROD000024,West,26,19,2026-03-14
PROD000216,Southeast,100,52,2026-03-14
PROD000135,Midwest,169,60,2026-03-14
PROD000225,Southeast,156,41,2026-03-14
PROD000143,Northeast,231,18,2026-03-14
PROD000201,West,140,27,2026-03-14
PROD000105,Midwest,95,59,2026-03-14
PROD000076,Northeast,219,68,2026-03-14
PROD000196,Midwest,1,27,2026-03-14
PROD000120,Northeast,201,16,2026-03-14
PROD000054,West,22,67,2026-03-14
PROD000040,Northeast,87,45,2026-03-14
PROD000228,Northeast,90,34,2026-03-14
PROD000176,Southeast,44,32,2026-03-14
PROD000166,West,70,57,2026-03-14
PROD000227,West,113,53,2026-03-14
PROD000025,Northeast,128,68,2026-03-14
PROD000247,Northeast,227,34,2026-03-14
PROD000187,West,58,66,2026-03-14
PROD000119,Northeast,207,46,2026-03-14
PROD000108,Southeast,55,45,2026-03-14
PROD000080,Northeast,22,19,2026-03-14
PROD000242,Midwest,33,46,2026-03-14
PROD000144,Northeast,226,32,2026-03-14
PROD000206,West,208,26,2026-03-14
PROD000121,Northeast,129,50,2026-03-14
PROD000189,Midwest,208,65,2026-03-14
PROD000050,Southeast,80,41,2026-03-14
PROD000246,West,176,56,2026-03-14
PROD000017,Southeast,133,49,2026-03-14
PROD000064,Midwest,144,45,2026-03-14
PROD000194,Northeast,71,34,2026-03-14
PROD000204,Midwest,35,34,2026-03-14
PROD000085,West,228,17,2026-03-14
PROD000214,Northeast,84,61,2026-03-14
PROD000202,Midwest,82,42,2026-03-14
PROD000019,Southeast,91,64,2026-03-14
PROD000130,Southeast,45,61,2026-03-14
PROD000226,Midwest,1,17,2026-03-14
PROD000087,Northeast,4,67,2026-03-14
PROD000082,Southeast,234,37,2026-03-14
PROD000029,Midwest,28,58,2026-03-14
PROD000146,Southeast,206,40,2026-03-14
PROD000075,Midwest,31,64,2026-03-14
PROD000039,West,137,60,2026-03-14
PROD000193,Northeast,191,15,2026-03-14
PROD000249,Midwest,127,46,2026-03-14
PROD000023,Northeast,214,44,2026-03-14
PROD000200,Midwest,115,21,2026-03-14
PROD000086,Midwest,235,37,2026-03-14
PROD000232,Midwest,10,67,2026-03-14
PROD000096,Northeast,101,40,2026-03-14
PROD000059,West,236,37,2026-03-14
PROD000151,Midwest,204,50,2026-03-14
PROD000185,Northeast,45,45,2026-03-14
PROD000004,Midwest,65,66,2026-03-14
PROD000018,Southeast,202,44,2026-03-14
PROD000157,West,16,21,2026-03-14
PROD000183,Northeast,215,56,2026-03-14
PROD000045,Southeast,75,51,2026-03-14
PROD000233,Northeast,169,62,2026-03-14
PROD000126,Northeast,150,39,2026-03-14
PROD000141,Midwest,70,54,2026-03-14
PROD000159,Southeast,92,22,2026-03-14
PROD000128,Midwest,222,32,2026-03-14
PROD000229,Midwest,20,39,2026-03-14
PROD000184,Northeast,115,20,2026-03-14
PROD000026,Southeast,174,52,2026-03-14
PROD000215,Southeast,184,46,2026-03-14
PROD000092,Northeast,122,61,2026-03-14
PROD000235,Northeast,31,44,2026-03-14
PROD000138,Midwest,165,31,2026-03-14
PROD000014,Northeast,189,24,2026-03-14
PROD000168,Midwest,195,68,2026-03-14
PROD000188,Southeast,198,56,2026-03-14
PROD000207,Southeast,71,15,2026-03-14
PROD000223,Southeast,193,64,2026-03-14
PROD000088,West,104,39,2026-03-14
PROD000060,West,172,22,2026-03-14
PROD000248,West,131,16,2026-03-14
PROD000090,Midwest,141,38,2026-03-14
PROD000177,West,195,29,2026-03-14
PROD000203,Southeast,217,43,2026-03-14
PROD000237,Northeast,90,59,2026-03-14
PROD000051,West,88,33,2026-03-14
PROD000034,West,35,33,2026-03-14
PROD000238,Midwest,27,52,2026-03-15
PROD000067,Northeast,46,22,2026-03-15
PROD000032,Midwest,156,66,2026-03-15
PROD000172,Midwest,93,69,2026-03-15
PROD000016,West,207,33,2026-03-15
PROD000142,Southeast,4,40,2026-03-15
PROD000192,Southeast,169,29,2026-03-15
PROD000080,Midwest,224,65,2026-03-15
PROD000004,Northeast,163,54,2026-03-15
PROD000245,Northeast,205,29,2026-03-15
PROD000063,Northeast,9,64,2026-03-15
PROD000122,Northeast,197,21,2026-03-15
PROD000069,Midwest,148,63,2026-03-15
PROD000027,West,207,34,2026-03-15
PROD000191,Midwest,152,68,2026-03-15
PROD000020,Northeast,181,61,2026-03-15
PROD000196,Northeast,78,22,2026-03-15
PROD000085,West,71,69,2026-03-15
PROD000102,Midwest,192,15,2026-03-15
PROD000202,Southeast,146,22,2026-03-15
PROD000026,Northeast,209,15,2026-03-15
PROD000152,West,22,59,2026-03-15
PROD000186,Southeast,174,35,2026-03-15
PROD000195,West,135,48,2026-03-15
PROD000148,Southeast,82,41,2026-03-15
PROD000092,Midwest,52,40,2026-03-15
PROD000216,Southeast,227,51,2026-03-15
PROD000023,Southeast,165,48,2026-03-15
PROD000049,Midwest,225,54,2026-03-15
PROD000011,Midwest,147,66,2026-03-15
PROD000153,Midwest,94,61,2026-03-15
PROD000178,Southeast,160,50,2026-03-15
PROD000117,Midwest,237,24,2026-03-15
PROD000155,West,67,43,2026-03-15
PROD000237,West,198,48,2026-03-15
PROD000134,Midwest,104,57,2026-03-15
PROD000059,Midwest,38,26,2026-03-15
PROD000107,Midwest,230,64,2026-03-15
PROD000105,Northeast,4,51,2026-03-15
PROD000200,Northeast,194,27,2026-03-15
PROD000003,West,68,30,2026-03-15
PROD000115,Midwest,47,66,2026-03-15
PROD000145,Northeast,62,53,2026-03-15
PROD000138,Southeast,180,37,2026-03-15
PROD000151,Midwest,144,67,2026-03-15
PROD000147,Northeast,83,55,2026-03-15
PROD000042,Northeast,138,17,2026-03-15
PROD000047,Midwest,97,26,2026-03-15
PROD000077,West,59,46,2026-03-15
PROD000109,Midwest,236,66,2026-03-15
PROD000106,Southeast,37,46,2026-03-15
PROD000161,Midwest,76,18,2026-03-15
PROD000086,Northeast,22,43,2026-03-15
PROD000066,Northeast,195,58,2026-03-15
PROD000208,Southeast,15,26,2026-03-15
PROD000217,Midwest,125,59,2026-03-15
PROD000212,Northeast,163,61,2026-03-15
PROD000190,West,118,63,2026-03-15
PROD000111,Southeast,17,56,2026-03-15
PROD000091,Northeast,34,65,2026-03-15
PROD000031,Midwest,61,30,2026-03-15
PROD000036,West,116,33,2026-03-15
PROD000168,West,222,63,2026-03-15
PROD000187,Northeast,56,18,2026-03-15
PROD000100,Southeast,9,48,2026-03-15
PROD000012,Midwest,56,27,2026-03-15
PROD000014,Southeast,17,55,2026-03-15
PROD000051,Southeast,121,29,2026-03-15
PROD000108,Midwest,187,38,2026-03-15
PROD000218,West,128,56,2026-03-15
PROD000017,West,25,59,2026-03-15
PROD000010,West,179,17,2026-03-15
PROD000071,West,49,55,2026-03-15
PROD000167,Northeast,27,60,2026-03-15
PROD000132,Southeast,123,26,2026-03-15
PROD000179,Midwest,148,48,2026-03-15
PROD000037,Northeast,188,26,2026-03-15
PROD000156,Northeast,10,26,2026-03-15
PROD000215,Midwest,58,36,2026-03-15
PROD000236,Southeast,17,56,2026-03-15
PROD000007,Northeast,62,48,2026-03-15
PROD000005,Midwest,235,48,2026-03-15
PROD000176,West,63,17,2026-03-15
PROD000197,Midwest,163,31,2026-03-15
PROD000008,Northeast,235,22,2026-03-15
PROD000097,Southeast,108,63,2026-03-15
PROD000246,Southeast,82,32,2026-03-15
PROD000182,Southeast,227,29,2026-03-15
PROD000088,Southeast,103,60,2026-03-15
PROD000206,Midwest,91,40,2026-03-15
PROD000181,Northeast,176,68,2026-03-15
PROD000199,West,13,66,2026-03-15
PROD000188,Midwest,186,16,2026-03-15
PROD000083,West,229,18,2026-03-15
PROD000221,Midwest,153,37,2026-03-15
PROD000162,Northeast,63,55,2026-03-15
PROD000043,Southeast,62,44,2026-03-15
PROD000089,Southeast,114,23,2026-03-15
PROD000173,Southeast,44,15,2026-03-15
PROD000204,Midwest,104,40,2026-03-15
PROD000090,Southeast,182,29,2026-03-15
PROD000214,West,150,51,2026-03-15
PROD000021,Northeast,162,19,2026-03-15
PROD000213,Southeast,7,18,2026-03-15
PROD000033,Southeast,58,46,2026-03-15
PROD000149,Southeast,146,50,2026-03-15
PROD000065,Northeast,123,17,2026-03-15
PROD000114,West,37,61,2026-03-15
PROD000209,Northeast,34,42,2026-03-15
PROD000118,West,27,58,2026-03-15
PROD000120,Northeast,51,51,2026-03-15
PROD000205,Midwest,133,55,2026-03-15
PROD000025,Southeast,140,37,2026-03-15
PROD000075,Northeast,127,16,2026-03-15
PROD000211,Southeast,36,62,2026-03-15
PROD000242,Midwest,43,44,2026-03-15
PROD000124,Midwest,40,69,2026-03-15
PROD000119,West,111,27,2026-03-15
PROD000128,Southeast,77,24,2026-03-15
PROD000175,Southeast,224,58,2026-03-15
PROD000079,Southeast,99,48,2026-03-16
PROD000200,West,189,41,2026-03-16
PROD000018,Southeast,108,52,2026-03-16
PROD000091,Southeast,151,63,2026-03-16
PROD000204,Northeast,171,19,2026-03-16
PROD000023,West,172,48,2026-03-16
PROD000244,Midwest,188,37,2026-03-16
PROD000207,Northeast,12,57,2026-03-16
PROD000016,Northeast,181,24,2026-03-16
PROD000206,Southeast,18,40,2026-03-16
PROD000041,Northeast,53,31,2026-03-16
PROD000075,Northeast,200,30,2026-03-16
PROD000161,West,236,41,2026-03-16
PROD000011,Northeast,217,58,2026-03-16
PROD000180,West,119,35,2026-03-16
PROD000242,West,175,41,2026-03-16
PROD000076,Southeast,178,17,2026-03-16
PROD000241,West,84,43,2026-03-16
PROD000096,West,112,51,2026-03-16
PROD000189,Northeast,49,63,2026-03-16
PROD000082,Northeast,96,45,2026-03-16
PROD000137,Midwest,59,35,2026-03-16
PROD000199,Midwest,78,62,2026-03-16
PROD000165,Southeast,173,56,2026-03-16
PROD000063,Midwest,155,69,2026-03-16
PROD000005,Southeast,149,50,2026-03-16
PROD000187,West,44,29,2026-03-16
PROD000052,Midwest,148,30,2026-03-16
PROD000214,West,234,51,2026-03-16
PROD000112,Northeast,231,24,2026-03-16
PROD000053,Southeast,66,28,2026-03-16
PROD000095,Midwest,148,67,2026-03-16
PROD000218,Northeast,151,47,2026-03-16
PROD000182,Northeast,34,68,2026-03-16
PROD000019,Southeast,167,57,2026-03-16
PROD000048,West,124,44,2026-03-16
PROD000104,Northeast,44,25,2026-03-16
PROD000026,West,128,69,2026-03-16
PROD000134,Northeast,129,46,2026-03-16
PROD000115,West,102,27,2026-03-16
PROD000142,Southeast,210,33,2026-03-16
PROD000152,West,132,56,2026-03-16
PROD000247,West,186,59,2026-03-16
PROD000034,Southeast,73,49,2026-03-16
PROD000009,Midwest,152,53,2026-03-16
PROD000201,Northeast,141,16,2026-03-16
PROD000232,Northeast,57,33,2026-03-16
PROD000215,West,35,56,2026-03-16
PROD000119,Midwest,1,36,2026-03-16
PROD000089,West,223,44,2026-03-16
PROD000085,West,46,26,2026-03-16
PROD000032,West,216,46,2026-03-16
PROD000055,Midwest,171,49,2026-03-16
PROD000020,Southeast,200,47,2026-03-16
PROD000090,Midwest,126,16,2026-03-16
PROD000105,Midwest,26,18,2026-03-16
PROD000002,Northeast,30,68,2026-03-16
PROD000036,Midwest,164,38,2026-03-16
PROD000097,Southeast,212,33,2026-03-16
PROD000088,Midwest,6,25,2026-03-16
PROD000126,Southeast,90,40,2026-03-16
PROD000037,West,181,53,2026-03-16
PROD000116,Southeast,179,33,2026-03-16
PROD000228,Northeast,219,50,2026-03-16
PROD000246,Midwest,40,37,2026-03-16
PROD000100,West,224,40,2026-03-16
PROD000003,Midwest,34,66,2026-03-16
PROD000101,Midwest,94,58,2026-03-16
PROD000081,Northeast,12,24,2026-03-16
PROD000147,Southeast,119,69,2026-03-16
PROD000059,Southeast,155,42,2026-03-16
PROD000249,West,33,20,2026-03-16
PROD000190,Southeast,36,62,2026-03-16
PROD000080,Southeast,195,17,2026-03-16
PROD000156,West,34,42,2026-03-16
PROD000008,Midwest,170,51,2026-03-16
PROD000031,Northeast,101,40,2026-03-16
PROD000072,Southeast,107,42,2026-03-16
PROD000123,Northeast,146,54,2026-03-16
PROD000042,Northeast,34,63,2026-03-16
PROD000245,Northeast,67,34,2026-03-16
PROD000111,Southeast,114,17,2026-03-16
PROD000070,Southeast,202,31,2026-03-16
PROD000051,West,37,68,2026-03-16
PROD000229,West,109,51,2026-03-16
PROD000028,Northeast,235,52,2026-03-16
PROD000235,Midwest,148,54,2026-03-16
PROD000030,West,22,64,2026-03-16
PROD000173,Southeast,183,32,2026-03-16
PROD000162,West,201,56,2026-03-16
PROD000054,Midwest,122,64,2026-03-16
PROD000159,Northeast,220,27,2026-03-16
PROD000006,West,73,26,2026-03-16
PROD000043,Southeast,224,66,2026-03-16
PROD000109,West,210,58,2026-03-16
PROD000099,Southeast,5,44,2026-03-16
PROD000056,Midwest,75,42,2026-03-16
PROD000127,Southeast,59,52,2026-03-16
PROD000222,Northeast,226,56,2026-03-16
PROD000166,Midwest,20,60,2026-03-16
PROD000047,Midwest,176,37,2026-03-16
PROD000121,Southeast,124,33,2026-03-16
PROD000186,Southeast,80,23,2026-03-16
PROD000209,West,180,25,2026-03-16
PROD000163,West,119,28,2026-03-16
PROD000234,West,171,44,2026-03-16
PROD000078,Southeast,150,26,2026-03-16
PROD000169,Northeast,30,15,2026-03-16
PROD000092,Northeast,172,33,2026-03-16
PROD000102,Southeast,109,23,2026-03-16
PROD000208,Southeast,196,22,2026-03-16
PROD000170,Southeast,165,55,2026-03-16
PROD000151,Midwest,191,39,2026-03-16
PROD000176,West,33,40,2026-03-16
PROD000062,Southeast,183,43,2026-03-16
PROD000077,West,28,27,2026-03-16
PROD000113,Northeast,127,39,2026-03-16
PROD000203,Northeast,100,28,2026-03-16
PROD000093,West,27,34,2026-03-16
PROD000110,Southeast,50,61,2026-03-16
PROD000181,Northeast,76,57,2026-03-17
PROD000131,Northeast,153,15,2026-03-17
PROD000060,West,151,38,2026-03-17
PROD000197,Northeast,173,17,2026-03-17
PROD000076,Southeast,28,20,2026-03-17
PROD000054,Southeast,93,65,2026-03-17
PROD000209,Midwest,149,40,2026-03-17
PROD000152,Midwest,191,24,2026-03-17
PROD000097,Midwest,200,60,2026-03-17
PROD000170,Southeast,179,34,2026-03-17
PROD000161,Northeast,114,37,2026-03-17
PROD000219,Midwest,60,23,2026-03-17
PROD000223,West,0,19,2026-03-17
PROD000083,Northeast,219,47,2026-03-17
PROD000154,Northeast,171,38,2026-03-17
PROD000069,Northeast,175,47,2026-03-17
PROD000090,Midwest,133,59,2026-03-17
PROD000086,West,190,54,2026-03-17
PROD000180,Northeast,114,60,2026-03-17
PROD000026,Northeast,218,64,2026-03-17
PROD000198,Northeast,189,63,2026-03-17
PROD000028,Southeast,159,63,2026-03-17
PROD000128,Northeast,231,23,2026-03-17
PROD000186,Southeast,92,46,2026-03-17
PROD000177,Southeast,80,47,2026-03-17
PROD000190,Midwest,97,63,2026-03-17
PROD000091,Southeast,142,20,2026-03-17
PROD000029,Southeast,134,59,2026-03-17
PROD000191,West,181,35,2026-03-17
PROD000016,West,175,46,2026-03-17
PROD000085,Northeast,75,25,2026-03-17
PROD000188,Northeast,188,33,2026-03-17
PROD000040,Midwest,113,15,2026-03-17
PROD000221,Southeast,16,63,2026-03-17
PROD000228,West,12,22,2026-03-17
PROD000137,Midwest,146,22,2026-03-17
PROD000149,Southeast,195,15,2026-03-17
PROD000074,Northeast,55,56,2026-03-17
PROD000234,West,169,37,2026-03-17
PROD000243,Southeast,13,49,2026-03-17
PROD000024,Midwest,54,46,2026-03-17
PROD000236,Southeast,72,16,2026-03-17
PROD000062,Midwest,139,59,2026-03-17
PROD000118,Midwest,30,60,2026-03-17
PROD000238,Midwest,207,26,2026-03-17
PROD000065,West,184,34,2026-03-17
PROD000244,Northeast,197,36,2026-03-17
PROD000127,West,16,26,2026-03-17
PROD000160,Southeast,125,48,2026-03-17
PROD000145,West,55,68,2026-03-17
PROD000201,Southeast,132,65,2026-03-17
PROD000039,Southeast,56,50,2026-03-17
PROD000247,Southeast,66,53,2026-03-17
PROD000132,Midwest,125,43,2026-03-17
PROD000136,Southeast,78,62,2026-03-17
PROD000025,Midwest,119,45,2026-03-17
PROD000246,Northeast,52,39,2026-03-17
PROD000215,Northeast,211,59,2026-03-17
PROD000229,Northeast,141,48,2026-03-17
PROD000119,Southeast,129,48,2026-03-17
PROD000172,Southeast,66,28,2026-03-17
PROD000115,West,15,53,2026-03-17
PROD000005,Northeast,86,44,2026-03-17
PROD000192,Northeast,32,51,2026-03-17
PROD000012,Southeast,67,40,2026-03-17
PROD000162,Northeast,38,39,2026-03-17
PROD000017,Southeast,13,41,2026-03-17
PROD000010,Northeast,67,33,2026-03-17
PROD000011,Midwest,109,58,2026-03-17
PROD000008,Southeast,171,43,2026-03-17
PROD000185,Northeast,222,39,2026-03-17
PROD000113,West,42,29,2026-03-17
PROD000125,Southeast,191,54,2026-03-17
PROD000230,Midwest,28,29,2026-03-17
PROD000225,Southeast,71,22,2026-03-17
PROD000239,West,98,22,2026-03-17
PROD000183,Southeast,35,67,2026-03-17
PROD000176,Southeast,100,38,2026-03-17
PROD000070,Northeast,35,68,2026-03-17
PROD000035,West,124,31,2026-03-17
PROD000213,Southeast,182,54,2026-03-17
PROD000106,West,72,39,2026-03-17
PROD000121,Southeast,16,50,2026-03-17
PROD000041,Northeast,54,47,2026-03-17
PROD000138,West,43,21,2026-03-17
PROD000123,West,165,30,2026-03-17
PROD000200,Southeast,191,15,2026-03-17
PROD000175,Midwest,237,62,2026-03-17
PROD000217,Midwest,166,69,2026-03-17
PROD000101,West,35,59,2026-03-17
PROD000199,West,91,34,2026-03-17
PROD000245,West,71,67,2026-03-17
PROD000218,West,223,62,2026-03-17
PROD000120,Northeast,151,43,2026-03-17
PROD000046,Midwest,223,23,2026-03-17
PROD000208,West,72,53,2026-03-17
PROD000231,Midwest,58,18,2026-03-17
PROD000018,Midwest,5,65,2026-03-17
PROD000133,Midwest,222,64,2026-03-17
PROD000001,Midwest,139,36,2026-03-17
PROD000104,West,60,51,2026-03-17
PROD000174,Southeast,143,42,2026-03-17
PROD000139,Northeast,40,59,2026-03-17
PROD000158,Midwest,107,18,2026-03-17
PROD000107,Southeast,205,22,2026-03-17
PROD000045,Southeast,18,54,2026-03-17
PROD000189,West,137,55,2026-03-17
PROD000081,Northeast,8,29,2026-03-17
PROD000204,West,26,31,2026-03-17
PROD000067,Southeast,168,44,2026-03-17
PROD000019,West,88,56,2026-03-17
PROD000092,Midwest,159,32,2026-03-17
PROD000205,Northeast,14,35,2026-03-17
PROD000023,Midwest,199,22,2026-03-17
PROD000111,Midwest,6,48,2026-03-17
PROD000071,West,79,41,2026-03-17
PROD000248,West,145,55,2026-03-17
PROD000047,Northeast,191,69,2026-03-17
PROD000216,West,209,42,2026-03-17
PROD000021,Midwest,162,53,2026-03-17
PROD000068,West,145,33,2026-03-18
PROD000186,Midwest,4,48,2026-03-18
PROD000197,Southeast,62,56,2026-03-18
PROD000209,Northeast,239,63,2026-03-18
PROD000221,Midwest,19,33,2026-03-18
PROD000100,West,148,54,2026-03-18
PROD000011,Southeast,153,41,2026-03-18
PROD000130,West,110,62,2026-03-18
PROD000147,Southeast,188,42,2026-03-18
PROD000193,Midwest,40,43,2026-03-18
PROD000079,Southeast,84,46,2026-03-18
PROD000156,Southeast,173,52,2026-03-18
PROD000173,West,168,54,2026-03-18
PROD000158,Southeast,24,25,2026-03-18
PROD000034,Southeast,120,51,2026-03-18
PROD000023,Southeast,27,56,2026-03-18
PROD000151,Southeast,71,65,2026-03-18
PROD000164,Midwest,62,64,2026-03-18
PROD000013,Midwest,205,54,2026-03-18
PROD000082,Southeast,115,60,2026-03-18
PROD000132,Northeast,155,23,2026-03-18
PROD000162,Midwest,96,39,2026-03-18
PROD000243,West,173,35,2026-03-18
PROD000218,Northeast,76,56,2026-03-18
PROD000107,Northeast,3,58,2026-03-18
PROD000087,Midwest,78,53,2026-03-18
PROD000212,Northeast,40,18,2026-03-18
PROD000170,Southeast,88,59,2026-03-18
PROD000019,West,145,39,2026-03-18
PROD000026,Northeast,190,20,2026-03-18
PROD000188,Southeast,164,22,2026-03-18
PROD000102,Northeast,188,52,2026-03-18
PROD000219,Midwest,217,65,2026-03-18
PROD000145,Midwest,187,55,2026-03-18
PROD000138,Midwest,6,48,2026-03-18
PROD000063,Southeast,22,24,2026-03-18
PROD000163,Northeast,225,39,2026-03-18
PROD000142,Southeast,55,60,2026-03-18
PROD000139,Northeast,44,43,2026-03-18
PROD000244,Northeast,179,33,2026-03-18
PROD000120,Northeast,18,67,2026-03-18
PROD000021,Midwest,24,38,2026-03-18
PROD000229,Northeast,105,24,2026-03-18
PROD000192,Midwest,163,30,2026-03-18
PROD000016,Midwest,226,60,2026-03-18
PROD000081,Northeast,145,23,2026-03-18
PROD000189,Northeast,185,34,2026-03-18
PROD000108,Southeast,219,47,2026-03-18
PROD000042,Midwest,94,66,2026-03-18
PROD000048,Northeast,86,57,2026-03-18
PROD000094,Southeast,156,63,2026-03-18
PROD000051,Northeast,38,29,2026-03-18
PROD000203,Midwest,48,54,2026-03-18
PROD000073,Southeast,126,23,2026-03-18
PROD000029,Northeast,78,27,2026-03-18
PROD000160,Midwest,170,39,2026-03-18
PROD000054,Northeast,115,50,2026-03-18
PROD000166,Southeast,27,43,2026-03-18
PROD000241,Northeast,140,44,2026-03-18
PROD000140,West,4,61,2026-03-18
PROD000117,West,226,57,2026-03-18
PROD000247,Northeast,202,67,2026-03-18
PROD000080,Midwest,56,29,2026-03-18
PROD000040,Northeast,129,46,2026-03-18
PROD000032,Southeast,25,36,2026-03-18
PROD000012,West,230,68,2026-03-18
PROD000119,Southeast,8,54,2026-03-18
PROD000003,West,103,64,2026-03-18
PROD000220,Southeast,31,17,2026-03-18
PROD000237,Northeast,65,46,2026-03-18
PROD000109,Midwest,195,39,2026-03-18
PROD000217,Southeast,189,56,2026-03-18
PROD000122,Southeast,99,33,2026-03-18
PROD000069,Northeast,160,57,2026-03-18
PROD000172,West,199,32,2026-03-18
PROD000097,Southeast,134,61,2026-03-18
PROD000182,Midwest,55,57,2026-03-18
PROD000043,Midwest,67,36,2026-03-18
PROD000059,Southeast,84,58,2026-03-18
PROD000238,Northeast,83,16,2026-03-18
PROD000125,Northeast,47,51,2026-03-18
PROD000206,Southeast,52,50,2026-03-18
PROD000038,West,80,37,2026-03-18
PROD000233,Southeast,120,17,2026-03-18
PROD000150,Southeast,104,18,2026-03-18
PROD000091,West,145,17,2026-03-18
PROD000148,Midwest,164,30,2026-03-18
PROD000089,Midwest,56,32,2026-03-18
PROD000174,Northeast,173,65,2026-03-18
PROD000133,Northeast,157,64,2026-03-18
PROD000093,Northeast,153,21,2026-03-18
PROD000250,Midwest,3,46,2026-03-18
PROD000181,Southeast,16,29,2026-03-18
PROD000126,West,225,28,2026-03-18
PROD000001,Southeast,54,59,2026-03-18
PROD000231,West,91,55,2026-03-18
PROD000235,Southeast,8,50,2026-03-18
PROD000014,Northeast,2,61,2026-03-18
PROD000215,West,182,39,2026-03-18
PROD000106,West,173,47,2026-03-18
PROD000214,Midwest,195,43,2026-03-18
PROD000010,Midwest,19,45,2026-03-18
PROD000171,Northeast,88,50,2026-03-18
PROD000129,Southeast,97,40,2026-03-18
PROD000153,Midwest,211,19,2026-03-18
PROD000111,Southeast,49,15,2026-03-18
PROD000088,Northeast,126,61,2026-03-18
PROD000169,West,92,33,2026-03-18
PROD000224,Midwest,212,17,2026-03-18
PROD000184,Northeast,62,44,2026-03-18
PROD000074,Northeast,148,58,2026-03-18
PROD000009,West,169,21,2026-03-18
PROD000205,Midwest,33,34,2026-03-18
PROD000131,Southeast,133,52,2026-03-18
PROD000114,Midwest,142,30,2026-03-18
PROD000245,Southeast,141,48,2026-03-18
PROD000018,Midwest,176,45,2026-03-18
PROD000005,Northeast,107,25,2026-03-18
PROD000167,Northeast,86,41,2026-03-18
PROD000143,West,7,65,2026-03-18
PROD000010,West,170,67,2026-03-19
PROD000107,West,102,61,2026-03-19
PROD000244,Southeast,223,59,2026-03-19
PROD000178,Southeast,212,69,2026-03-19
PROD000131,Northeast,213,61,2026-03-19
PROD000160,Midwest,171,19,2026-03-19
PROD000111,Northeast,9,19,2026-03-19
PROD000236,Northeast,25,64,2026-03-19
PROD000080,Northeast,127,53,2026-03-19
PROD000175,Northeast,135,57,2026-03-19
PROD000212,Midwest,15,33,2026-03-19
PROD000032,West,166,44,2026-03-19
PROD000157,Midwest,107,32,2026-03-19
PROD000068,Southeast,72,18,2026-03-19
PROD000104,Midwest,121,52,2026-03-19
PROD000071,West,202,52,2026-03-19
PROD000239,Southeast,151,64,2026-03-19
PROD000213,Northeast,142,65,2026-03-19
PROD000029,Southeast,159,59,2026-03-19
PROD000028,Midwest,91,22,2026-03-19
PROD000067,Northeast,31,44,2026-03-19
PROD000147,Southeast,23,64,2026-03-19
PROD000003,Northeast,164,27,2026-03-19
PROD000189,Midwest,55,38,2026-03-19
PROD000180,Northeast,229,28,2026-03-19
PROD000138,Midwest,173,21,2026-03-19
PROD000082,West,218,23,2026-03-19
PROD000220,Midwest,69,51,2026-03-19
PROD000177,Midwest,127,28,2026-03-19
PROD000127,Southeast,234,24,2026-03-19
PROD000194,West,213,32,2026-03-19
PROD000004,Northeast,149,59,2026-03-19
PROD000096,Southeast,46,35,2026-03-19
PROD000007,West,147,61,2026-03-19
PROD000098,Northeast,26,47,2026-03-19
PROD000063,Midwest,122,47,2026-03-19
PROD000056,West,118,37,2026-03-19
PROD000150,Northeast,65,26,2026-03-19
PROD000206,Northeast,154,47,2026-03-19
PROD000159,Southeast,39,53,2026-03-19
PROD000045,Northeast,48,16,2026-03-19
PROD000153,Northeast,104,26,2026-03-19
PROD000016,Northeast,48,49,2026-03-19
PROD000231,Northeast,100,53,2026-03-19
PROD000242,Northeast,127,30,2026-03-19
PROD000009,Northeast,91,65,2026-03-19
PROD000186,West,220,60,2026-03-19
PROD000117,Southeast,173,18,2026-03-19
PROD000022,Midwest,15,21,2026-03-19
PROD000054,Northeast,27,59,2026-03-19
PROD000126,Midwest,225,41,2026-03-19
PROD000128,West,98,55,2026-03-19
PROD000196,Midwest,130,43,2026-03-19
PROD000137,Midwest,154,52,2026-03-19
PROD000118,West,62,27,2026-03-19
PROD000084,Midwest,237,24,2026-03-19
PROD000152,Northeast,57,20,2026-03-19
PROD000203,Midwest,85,26,2026-03-19
PROD000070,Northeast,6,43,2026-03-19
PROD000158,Northeast,110,20,2026-03-19
PROD000008,Midwest,92,63,2026-03-19
PROD000141,Southeast,177,38,2026-03-19
PROD000248,Midwest,41,63,2026-03-19
PROD000230,Northeast,129,40,2026-03-19
PROD000092,Northeast,210,21,2026-03-19
PROD000073,Midwest,183,50,2026-03-19
PROD000051,West,99,20,2026-03-19
PROD000037,Southeast,40,66,2026-03-19
PROD000197,West,70,57,2026-03-19
PROD000040,Midwest,80,23,2026-03-19
PROD000164,Southeast,176,46,2026-03-19
PROD000069,West,138,25,2026-03-19
PROD000234,Northeast,101,39,2026-03-19
PROD000133,Southeast,164,56,2026-03-19
PROD000021,Southeast,205,35,2026-03-19
PROD000064,Midwest,157,55,2026-03-19
PROD000110,West,114,47,2026-03-19
PROD000161,Midwest,83,31,2026-03-19
PROD000184,Southeast,182,33,2026-03-19
PROD000240,Northeast,87,64,2026-03-19
PROD000103,Midwest,204,61,2026-03-19
PROD000046,Midwest,219,34,2026-03-19
PROD000139,Southeast,53,67,2026-03-19
PROD000014,Southeast,104,24,2026-03-19
PROD000115,Southeast,121,58,2026-03-19
PROD000079,West,120,34,2026-03-19
PROD000059,Northeast,55,60,2026-03-19
PROD000167,Northeast,46,67,2026-03-19
PROD000055,Southeast,121,48,2026-03-19
PROD000195,Midwest,34,48,2026-03-19
PROD000243,Northeast,63,61,2026-03-19
PROD000193,Southeast,115,26,2026-03-19
PROD000030,West,139,41,2026-03-19
PROD000002,Northeast,163,56,2026-03-19
PROD000047,Southeast,114,40,2026-03-19
PROD000222,Northeast,126,63,2026-03-19
PROD000224,Midwest,185,43,2026-03-19
PROD000012,Midwest,8,44,2026-03-19
PROD000062,Midwest,202,51,2026-03-19
PROD000173,West,143,64,2026-03-19
PROD000134,Midwest,167,20,2026-03-19
PROD000075,Midwest,155,64,2026-03-19
PROD000100,Northeast,124,24,2026-03-19
PROD000136,West,31,46,2026-03-19
PROD000065,Midwest,132,61,2026-03-19
PROD000031,Midwest,178,28,2026-03-19
PROD000207,Southeast,130,56,2026-03-19
PROD000174,Northeast,172,44,2026-03-19
PROD000078,Northeast,10,38,2026-03-19
PROD000125,Northeast,196,48,2026-03-19
PROD000154,Midwest,114,32,2026-03-19
PROD000232,Midwest,43,39,2026-03-19
PROD000181,Midwest,154,21,2026-03-19
PROD000025,Northeast,96,20,2026-03-19
PROD000015,West,110,28,2026-03-19
PROD000132,West,35,26,2026-03-19
PROD000165,Southeast,65,24,2026-03-19
PROD000163,West,32,65,2026-03-19
PROD000149,Northeast,96,17,2026-03-19
PROD000089,Northeast,97,18,2026-03-19
PROD000026,Northeast,159,29,2026-03-20
PROD000229,Northeast,230,25,2026-03-20
PROD000246,Northeast,239,68,2026-03-20
PROD000211,Northeast,113,67,2026-03-20
PROD000106,West,52,30,2026-03-20
PROD000200,West,4,37,2026-03-20
PROD000188,Northeast,111,21,2026-03-20
PROD000095,Midwest,114,37,2026-03-20
PROD000248,Northeast,124,22,2026-03-20
PROD000178,Northeast,25,15,2026-03-20
PROD000034,Midwest,220,49,2026-03-20
PROD000220,Southeast,27,33,2026-03-20
PROD000056,Southeast,120,39,2026-03-20
PROD000097,West,121,63,2026-03-20
PROD000099,Southeast,119,47,2026-03-20
PROD000090,Midwest,16,67,2026-03-20
PROD000015,Southeast,81,67,2026-03-20
PROD000147,Northeast,193,63,2026-03-20
PROD000224,West,12,66,2026-03-20
PROD000195,Midwest,46,27,2026-03-20
PROD000136,Midwest,177,58,2026-03-20
PROD000238,Southeast,28,43,2026-03-20
PROD000003,Southeast,133,23,2026-03-20
PROD000066,Midwest,84,15,2026-03-20
PROD000067,Northeast,78,59,2026-03-20
PROD000196,Midwest,149,62,2026-03-20
PROD000011,West,238,66,2026-03-20
PROD000022,Midwest,136,61,2026-03-20
PROD000007,Northeast,64,35,2026-03-20
PROD000193,West,67,59,2026-03-20
PROD000055,Northeast,18,28,2026-03-20
PROD000156,Northeast,144,64,2026-03-20
PROD000077,Midwest,93,37,2026-03-20
PROD000079,West,97,33,2026-03-20
PROD000024,Northeast,16,22,2026-03-20
PROD000152,Northeast,225,17,2026-03-20
PROD000120,Southeast,234,15,2026-03-20
PROD000060,Southeast,226,67,2026-03-20
PROD000145,Midwest,24,40,2026-03-20
PROD000213,Midwest,211,53,2026-03-20
PROD000223,Northeast,172,66,2026-03-20
PROD000181,Northeast,128,24,2026-03-20
PROD000108,West,153,50,2026-03-20
PROD000089,Midwest,102,48,2026-03-20
PROD000171,Northeast,167,43,2026-03-20
PROD000179,Southeast,106,65,2026-03-20
PROD000168,Midwest,33,17,2026-03-20
PROD000076,West,169,56,2026-03-20
PROD000042,Northeast,130,27,2026-03-20
PROD000073,Southeast,17,28,2026-03-20
PROD000110,West,6,63,2026-03-20
PROD000138,Northeast,117,34,2026-03-20
PROD000198,Southeast,201,23,2026-03-20
PROD000111,Midwest,233,33,2026-03-20
PROD000041,Midwest,139,19,2026-03-20
PROD000068,Midwest,130,61,2026-03-20
PROD000170,West,63,15,2026-03-20
PROD000064,West,238,54,2026-03-20
PROD000176,Northeast,96,19,2026-03-20
PROD000098,Southeast,26,20,2026-03-20
PROD000105,Northeast,141,66,2026-03-20
PROD000177,Northeast,165,66,2026-03-20
PROD000219,Northeast,222,41,2026-03-20
PROD000058,Midwest,199,65,2026-03-20
PROD000013,Northeast,144,30,2026-03-20
PROD000140,Southeast,127,40,2026-03-20
PROD000244,Northeast,182,58,2026-03-20
PROD000021,Northeast,199,42,2026-03-20
PROD000018,West,125,69,2026-03-20
PROD000169,Southeast,39,65,2026-03-20
PROD000038,Northeast,103,37,2026-03-20
PROD000121,Northeast,81,48,2026-03-20
PROD000082,West,134,68,2026-03-20
PROD000135,Northeast,113,27,2026-03-20
PROD000001,Midwest,179,16,2026-03-20
PROD000050,West,37,47,2026-03-20
PROD000070,Northeast,234,54,2026-03-20
PROD000118,West,174,61,2026-03-20
PROD000075,Midwest,139,50,2026-03-20
PROD000194,Northeast,112,23,2026-03-20
PROD000025,West,139,46,2026-03-20
PROD000237,Southeast,147,30,2026-03-20
PROD000183,Midwest,101,55,2026-03-20
PROD000230,Southeast,232,44,2026-03-20
PROD000096,West,39,31,2026-03-20
PROD000217,Southeast,52,45,2026-03-20
PROD000218,Midwest,1,66,2026-03-20
PROD000159,Southeast,120,37,2026-03-20
PROD000047,Midwest,121,59,2026-03-20
PROD000142,Southeast,71,15,2026-03-20
PROD000040,Southeast,131,15,2026-03-20
PROD000240,Northeast,163,29,2026-03-20
PROD000086,West,15,47,2026-03-20
PROD000175,Midwest,190,44,2026-03-20
PROD000206,West,150,64,2026-03-20
PROD000083,Northeast,98,57,2026-03-20
PROD000085,West,2,41,2026-03-20
PROD000054,Midwest,102,43,2026-03-20
PROD000216,Midwest,58,23,2026-03-20
PROD000045,West,35,64,2026-03-20
PROD000167,Midwest,214,66,2026-03-20
PROD000033,Midwest,44,15,2026-03-20
PROD000232,Northeast,64,34,2026-03-20
PROD000072,Northeast,81,60,2026-03-20
PROD000071,Southeast,195,39,2026-03-20
PROD000103,West,212,64,2026-03-20
PROD000065,Northeast,158,44,2026-03-20
PROD000204,Midwest,191,53,2026-03-20
PROD000092,Northeast,116,65,2026-03-20
PROD000019,Southeast,220,55,2026-03-20
PROD000048,Southeast,233,61,2026-03-20
PROD000149,Southeast,146,34,2026-03-20
PROD000208,Northeast,191,37,2026-03-20
PROD000144,West,21,60,2026-03-20
PROD000036,West,104,26,2026-03-20
PROD000192,West,220,59,2026-03-20
PROD000122,Northeast,187,47,2026-03-20
PROD000028,Northeast,116,66,2026-03-20
PROD000207,West,213,48,2026-03-20
PROD000063,Midwest,135,27,2026-03-20
PROD000203,Midwest,129,23,2026-03-21
PROD000232,Midwest,207,66,2026-03-21
PROD000240,Southeast,212,29,2026-03-21
PROD000166,West,174,41,2026-03-21
PROD000191,Northeast,100,41,2026-03-21
PROD000206,West,145,27,2026-03-21
PROD000018,West,142,58,2026-03-21
PROD000140,Midwest,9,49,2026-03-21
PROD000001,Midwest,112,24,2026-03-21
PROD000189,West,116,34,2026-03-21
PROD000220,Southeast,66,55,2026-03-21
PROD000137,Midwest,118,23,2026-03-21
PROD000205,Midwest,141,41,2026-03-21
PROD000223,Midwest,218,44,2026-03-21
PROD000236,Southeast,219,29,2026-03-21
PROD000177,West,52,58,2026-03-21
PROD000228,Northeast,36,42,2026-03-21
PROD000041,West,161,48,2026-03-21
PROD000004,Northeast,136,49,2026-03-21
PROD000084,Southeast,156,48,2026-03-21
PROD000076,Midwest,33,46,2026-03-21
PROD000114,West,91,52,2026-03-21
PROD000063,Southeast,113,43,2026-03-21
PROD000241,West,26,24,2026-03-21
PROD000056,Midwest,132,18,2026-03-21
PROD000175,Southeast,107,44,2026-03-21
PROD000247,West,14,26,2026-03-21
PROD000226,West,231,44,2026-03-21
PROD000110,Northeast,158,54,2026-03-21
PROD000118,West,203,63,2026-03-21
PROD000146,West,156,29,2026-03-21
PROD000091,West,65,52,2026-03-21
PROD000086,Northeast,52,15,2026-03-21
PROD000218,Northeast,193,29,2026-03-21
PROD000016,Southeast,155,47,2026-03-21
PROD000054,West,76,63,2026-03-21
PROD000077,Midwest,163,50,2026-03-21
PROD000215,West,198,43,2026-03-21
PROD000176,Northeast,175,60,2026-03-21
PROD000156,Midwest,42,62,2026-03-21
PROD000127,Northeast,166,30,2026-03-21
PROD000099,Northeast,211,37,2026-03-21
PROD000225,Southeast,133,29,2026-03-21
PROD000072,Midwest,137,50,2026-03-21
PROD000105,West,124,39,2026-03-21
PROD000245,West,219,26,2026-03-21
PROD000117,Southeast,26,39,2026-03-21
PROD000141,West,182,67,2026-03-21
PROD000060,West,151,39,2026-03-21
PROD000199,Northeast,233,34,2026-03-21
PROD000207,Southeast,146,53,2026-03-21
PROD000133,Midwest,148,44,2026-03-21
PROD000171,Midwest,88,58,2026-03-21
PROD000035,Midwest,49,18,2026-03-21
PROD000162,Midwest,78,53,2026-03-21
PROD000079,West,14,31,2026-03-21
PROD000148,Southeast,77,46,2026-03-21
PROD000098,Midwest,152,55,2026-03-21
PROD000178,Southeast,216,22,2026-03-21
PROD000006,Southeast,194,54,2026-03-21
PROD000179,Southeast,152,17,2026-03-21
PROD000174,Northeast,101,20,2026-03-21
PROD000044,West,232,53,2026-03-21
PROD000012,Northeast,141,32,2026-03-21
PROD000149,Midwest,214,67,2026-03-21
PROD000051,Southeast,155,31,2026-03-21
PROD000182,Midwest,27,27,2026-03-21
PROD000180,Southeast,28,59,2026-03-21
PROD000005,Midwest,140,54,2026-03-21
PROD000109,West,183,38,2026-03-21
PROD000042,Midwest,215,46,2026-03-21
PROD000219,Northeast,205,26,2026-03-21
PROD000087,Northeast,187,26,2026-03-21
PROD000023,Southeast,169,65,2026-03-21
PROD000080,Midwest,47,33,2026-03-21
PROD000188,Southeast,151,44,2026-03-21
PROD000009,Midwest,225,26,2026-03-21
PROD000062,Midwest,209,62,2026-03-21
PROD000123,Midwest,120,69,2026-03-21
PROD000011,Northeast,202,36,2026-03-21
PROD000187,Northeast,177,40,2026-03-21
PROD000088,Southeast,197,28,2026-03-21
PROD000211,Southeast,93,69,2026-03-21
PROD000039,Southeast,143,31,2026-03-21
PROD000221,Northeast,102,59,2026-03-21
PROD000145,West,209,50,2026-03-21
PROD000002,Midwest,98,18,2026-03-21
PROD000161,West,39,37,2026-03-21
PROD000106,West,128,66,2026-03-21
PROD000210,West,29,57,2026-03-21
PROD000107,West,78,58,2026-03-21
PROD000113,West,3,31,2026-03-21
PROD000190,Southeast,171,25,2026-03-21
PROD000068,West,82,66,2026-03-21
PROD000003,Southeast,18,39,2026-03-21
PROD000043,Midwest,88,57,2026-03-21
PROD000200,Northeast,163,30,2026-03-21
PROD000074,Southeast,66,60,2026-03-21
PROD000151,Midwest,140,47,2026-03-21
PROD000073,Southeast,19,21,2026-03-21
PROD000013,Southeast,223,68,2026-03-21
PROD000201,Southeast,210,67,2026-03-21
PROD000094,Southeast,25,15,2026-03-21
PROD000222,West,233,64,2026-03-21
PROD000242,West,40,18,2026-03-21
PROD000144,West,119,69,2026-03-21
PROD000065,Northeast,181,55,2026-03-21
PROD000214,West,144,23,2026-03-21
PROD000227,West,239,44,2026-03-21
PROD000150,Northeast,46,65,2026-03-21
PROD000055,Southeast,164,27,2026-03-21
PROD000143,West,112,64,2026-03-21
PROD000186,Northeast,53,61,2026-03-21
PROD000036,Midwest,121,18,2026-03-21
PROD000173,Southeast,45,28,2026-03-21
PROD000224,West,136,15,2026-03-21
PROD000045,Midwest,98,32,2026-03-21
PROD000007,West,62,17,2026-03-21
PROD000069,Southeast,236,65,2026-03-21
PROD000100,West,54,49,2026-03-21
PROD000209,Midwest,2,21,2026-03-22
PROD000220,Northeast,91,43,2026-03-22
PROD000135,West,102,34,2026-03-22
PROD000136,Northeast,8,54,2026-03-22
PROD000151,Midwest,159,23,2026-03-22
PROD000034,Northeast,38,44,2026-03-22
PROD000090,Midwest,81,17,2026-03-22
PROD000051,Northeast,108,66,2026-03-22
PROD000245,Midwest,107,20,2026-03-22
PROD000215,Southeast,129,18,2026-03-22
PROD000143,Northeast,197,62,2026-03-22
PROD000165,Southeast,230,45,2026-03-22
PROD000147,Southeast,93,43,2026-03-22
PROD000022,Northeast,60,17,2026-03-22
PROD000094,West,60,52,2026-03-22
PROD000035,West,40,48,2026-03-22
PROD000204,Northeast,84,59,2026-03-22
PROD000097,West,136,54,2026-03-22
PROD000144,Midwest,109,62,2026-03-22
PROD000126,West,218,33,2026-03-22
PROD000021,Midwest,7,19,2026-03-22
PROD000187,Southeast,195,65,2026-03-22
PROD000248,Midwest,18,67,2026-03-22
PROD000237,Midwest,140,30,2026-03-22
PROD000003,Northeast,59,56,2026-03-22
PROD000007,Northeast,18,45,2026-03-22
PROD000125,Midwest,162,53,2026-03-22
PROD000112,Southeast,43,48,2026-03-22
PROD000024,Midwest,208,32,2026-03-22
PROD000213,West,37,32,2026-03-22
PROD000189,West,8,32,2026-03-22
PROD000195,Northeast,96,68,2026-03-22
PROD000014,Southeast,193,65,2026-03-22
PROD000019,Northeast,163,20,2026-03-22
PROD000073,Midwest,127,48,2026-03-22
PROD000166,West,85,43,2026-03-22
PROD000065,Midwest,84,60,2026-03-22
PROD000059,Southeast,3,61,2026-03-22
PROD000212,West,192,69,2026-03-22
PROD000192,Northeast,39,36,2026-03-22
PROD000067,Southeast,77,15,2026-03-22
PROD000008,West,55,54,2026-03-22
PROD000162,Northeast,87,59,2026-03-22
PROD000134,Midwest,188,19,2026-03-22
PROD000179,West,67,34,2026-03-22
PROD000117,Northeast,212,41,2026-03-22
PROD000062,Northeast,235,54,2026-03-22
PROD000186,Midwest,30,42,2026-03-22
PROD000163,Northeast,177,43,2026-03-22
PROD000175,West,34,41,2026-03-22
PROD000171,Midwest,116,30,2026-03-22
PROD000241,West,86,53,2026-03-22
PROD000023,West,198,47,2026-03-22
PROD000197,Southeast,149,41,2026-03-22
PROD000142,Northeast,239,30,2026-03-22
PROD000164,Southeast,173,60,2026-03-22
PROD000111,Southeast,148,69,2026-03-22
PROD000169,West,155,33,2026-03-22
PROD000238,West,153,35,2026-03-22
PROD000095,Midwest,48,47,2026-03-22
PROD000068,West,60,32,2026-03-22
PROD000079,West,151,58,2026-03-22
PROD000206,Midwest,87,33,2026-03-22
PROD000081,Northeast,85,32,2026-03-22
PROD000033,Southeast,206,34,2026-03-22
PROD000087,Northeast,160,42,2026-03-22
PROD000060,Midwest,128,48,2026-03-22
PROD000041,Midwest,230,34,2026-03-22
PROD000011,Midwest,218,16,2026-03-22
PROD000170,Midwest,129,61,2026-03-22
PROD000042,Midwest,81,16,2026-03-22
PROD000047,West,57,27,2026-03-22
PROD000006,West,28,24,2026-03-22
PROD000102,Northeast,18,23,2026-03-22
PROD000227,Midwest,57,47,2026-03-22
PROD000096,Midwest,15,49,2026-03-22
PROD000218,West,220,35,2026-03-22
PROD000054,West,225,43,2026-03-22
PROD000243,Southeast,174,48,2026-03-22
PROD000139,West,117,28,2026-03-22
PROD000017,Northeast,222,68,2026-03-22
PROD000049,Midwest,87,18,2026-03-22
PROD000069,Southeast,44,24,2026-03-22
PROD000056,Southeast,112,33,2026-03-22
PROD000240,Midwest,35,32,2026-03-22
PROD000058,Midwest,217,41,2026-03-22
PROD000172,Southeast,121,21,2026-03-22
PROD000118,Northeast,83,45,2026-03-22
PROD000110,Southeast,144,28,2026-03-22
PROD000012,Northeast,76,31,2026-03-22
PROD000108,Midwest,58,40,2026-03-22
PROD000191,West,193,48,2026-03-22
PROD000174,Midwest,159,31,2026-03-22
PROD000092,Northeast,134,25,2026-03-22
PROD000100,Northeast,215,63,2026-03-22
PROD000201,Southeast,87,46,2026-03-22
PROD000075,Midwest,219,67,2026-03-22
PROD000088,Northeast,188,20,2026-03-22
PROD000013,Midwest,216,55,2026-03-22
PROD000156,Midwest,173,54,2026-03-22
PROD000015,Midwest,226,38,2026-03-22
PROD000239,West,40,19,2026-03-22
PROD000230,Southeast,124,53,2026-03-22
PROD000043,Northeast,198,49,2026-03-22
PROD000223,Northeast,194,55,2026-03-22
PROD000027,Northeast,59,40,2026-03-22
PROD000050,Northeast,6,57,2026-03-22
PROD000199,West,225,31,2026-03-22
PROD000029,Northeast,158,35,2026-03-22
PROD000194,Northeast,197,17,2026-03-22
PROD000103,Southeast,38,58,2026-03-22
PROD000098,Midwest,60,38,2026-03-22
PROD000002,Midwest,3,19,2026-03-22
PROD000214,Midwest,82,29,2026-03-22
PROD000148,Southeast,124,48,2026-03-22
PROD000205,Southeast,21,43,2026-03-22
PROD000123,Midwest,112,34,2026-03-22
PROD000038,Southeast,223,61,2026-03-22
PROD000010,Northeast,175,24,2026-03-22
PROD000185,Northeast,153,33,2026-03-22
PROD000226,Midwest,30,18,2026-03-23
PROD000059,Southeast,213,29,2026-03-23
PROD000071,West,15,44,2026-03-23
PROD000061,West,166,68,2026-03-23
PROD000056,West,0,69,2026-03-23
PROD000028,Southeast,58,38,2026-03-23
PROD000144,Northeast,140,58,2026-03-23
PROD000172,Midwest,181,28,2026-03-23
PROD000194,West,78,63,2026-03-23
PROD000019,West,110,15,2026-03-23
PROD000113,Southeast,185,64,2026-03-23
PROD000201,Northeast,162,67,2026-03-23
PROD000237,Southeast,63,58,2026-03-23
PROD000228,West,53,15,2026-03-23
PROD000250,West,28,39,2026-03-23
PROD000060,Northeast,239,22,2026-03-23
PROD000002,Southeast,48,67,2026-03-23
PROD000210,West,95,57,2026-03-23
PROD000057,Southeast,49,39,2026-03-23
PROD000027,Northeast,6,26,2026-03-23
PROD000146,Midwest,55,60,2026-03-23
PROD000044,West,70,64,2026-03-23
PROD000192,Southeast,194,17,2026-03-23
PROD000024,Midwest,153,36,2026-03-23
PROD000221,Southeast,147,22,2026-03-23
PROD000244,Midwest,181,49,2026-03-23
PROD000175,Southeast,131,58,2026-03-23
PROD000142,Midwest,36,57,2026-03-23
PROD000014,Northeast,236,54,2026-03-23
PROD000200,Northeast,170,36,2026-03-23
PROD000207,West,29,51,2026-03-23
PROD000161,Southeast,144,50,2026-03-23
PROD000108,West,41,66,2026-03-23
PROD000094,Midwest,132,29,2026-03-23
PROD000106,Northeast,170,62,2026-03-23
PROD000159,West,223,39,2026-03-23
PROD000196,Northeast,101,38,2026-03-23
PROD000051,West,96,40,2026-03-23
PROD000023,West,136,42,2026-03-23
PROD000193,West,140,38,2026-03-23
PROD000133,Northeast,188,52,2026-03-23
PROD000160,West,239,34,2026-03-23
PROD000075,Northeast,69,41,2026-03-23
PROD000242,West,58,56,2026-03-23
PROD000020,Southeast,34,17,2026-03-23
PROD000129,Midwest,174,45,2026-03-23
PROD000007,West,20,67,2026-03-23
PROD000063,Southeast,26,24,2026-03-23
PROD000154,Southeast,201,54,2026-03-23
PROD000086,Northeast,183,55,2026-03-23
PROD000234,Midwest,196,63,2026-03-23
PROD000069,Northeast,228,45,2026-03-23
PROD000035,Midwest,38,41,2026-03-23
PROD000179,Southeast,82,37,2026-03-23
PROD000164,Southeast,83,65,2026-03-23
PROD000152,Southeast,169,37,2026-03-23
PROD000032,West,113,16,2026-03-23
PROD000122,Southeast,81,59,2026-03-23
PROD000240,Midwest,31,29,2026-03-23
PROD000199,West,73,57,2026-03-23
PROD000211,West,212,15,2026-03-23
PROD000039,West,100,46,2026-03-23
PROD000185,Northeast,28,68,2026-03-23
PROD000008,Northeast,201,68,2026-03-23
PROD000003,West,164,30,2026-03-23
PROD000110,Midwest,93,16,2026-03-23
PROD000017,Southeast,64,60,2026-03-23
PROD000246,West,127,50,2026-03-23
PROD000080,Midwest,170,56,2026-03-23
PROD000082,Midwest,128,61,2026-03-23
PROD000098,Southeast,90,40,2026-03-23
PROD000213,West,1,34,2026-03-23
PROD000125,Northeast,185,27,2026-03-23
PROD000073,Southeast,224,58,2026-03-23
PROD000216,Northeast,124,55,2026-03-23
PROD000176,Northeast,61,45,2026-03-23
PROD000112,Southeast,44,67,2026-03-23
PROD000097,West,74,24,2026-03-23
PROD000001,Southeast,209,27,2026-03-23
PROD000245,Southeast,84,65,2026-03-23
PROD000126,Southeast,27,67,2026-03-23
PROD000053,West,172,27,2026-03-23
PROD000149,Southeast,167,60,2026-03-23
PROD000195,Southeast,226,59,2026-03-23
PROD000157,Northeast,78,38,2026-03-23
PROD000105,West,68,58,2026-03-23
PROD000101,Northeast,2,60,2026-03-23
PROD000011,West,24,35,2026-03-23
PROD000089,West,19,37,2026-03-23
PROD000049,West,132,44,2026-03-23
PROD000249,Midwest,58,31,2026-03-23
PROD000224,Southeast,56,37,2026-03-23
PROD000109,West,199,21,2026-03-23
PROD000205,Southeast,180,32,2026-03-23
PROD000215,West,77,62,2026-03-23
PROD000012,Northeast,161,45,2026-03-23
PROD000029,Midwest,129,21,2026-03-23
PROD000090,Northeast,220,33,2026-03-23
PROD000065,West,20,31,2026-03-23
PROD000114,Northeast,199,56,2026-03-23
PROD000067,Southeast,235,63,2026-03-23
PROD000168,Southeast,73,26,2026-03-23
PROD000031,Southeast,209,55,2026-03-23
PROD000120,West,107,42,2026-03-23
PROD000135,West,230,40,2026-03-23
PROD000186,West,146,32,2026-03-23
PROD000100,Southeast,65,41,2026-03-23
PROD000139,Northeast,14,50,2026-03-23
PROD000115,Northeast,78,17,2026-03-23
PROD000118,Midwest,96,50,2026-03-23
PROD000248,West,151,25,2026-03-23
PROD000138,West,85,66,2026-03-23
PROD000103,Northeast,14,26,2026-03-23
PROD000121,Midwest,206,36,2026-03-23
PROD000243,Northeast,91,27,2026-03-23
PROD000212,Northeast,82,31,2026-03-23
PROD000076,West,112,59,2026-03-23
PROD000183,Northeast,110,22,2026-03-23
PROD000190,Southeast,87,61,2026-03-23
PROD000208,Southeast,62,62,2026-03-23
PROD000213,Southeast,164,38,2026-03-24
PROD000249,Northeast,137,22,2026-03-24
PROD000034,West,37,26,2026-03-24
PROD000003,West,195,52,2026-03-24
PROD000050,Southeast,42,66,2026-03-24
PROD000179,Northeast,27,27,2026-03-24
PROD000248,Northeast,220,52,2026-03-24
PROD000207,Midwest,85,15,2026-03-24
PROD000216,Southeast,25,45,2026-03-24
PROD000235,Southeast,81,41,2026-03-24
PROD000161,West,37,45,2026-03-24
PROD000004,West,12,57,2026-03-24
PROD000051,Midwest,79,28,2026-03-24
PROD000075,Midwest,11,29,2026-03-24
PROD000199,Southeast,2,33,2026-03-24
PROD000194,Midwest,229,62,2026-03-24
PROD000186,Midwest,96,59,2026-03-24
PROD000136,Southeast,37,51,2026-03-24
PROD000198,Northeast,211,41,2026-03-24
PROD000153,Southeast,172,59,2026-03-24
PROD000212,West,33,69,2026-03-24
PROD000068,West,111,51,2026-03-24
PROD000091,Midwest,80,26,2026-03-24
PROD000017,West,88,66,2026-03-24
PROD000026,Northeast,28,48,2026-03-24
PROD000244,West,216,37,2026-03-24
PROD000184,Northeast,176,44,2026-03-24
PROD000156,Southeast,169,69,2026-03-24
PROD000046,West,36,68,2026-03-24
PROD000064,Midwest,110,23,2026-03-24
PROD000074,Northeast,44,47,2026-03-24
PROD000215,Midwest,26,34,2026-03-24
PROD000148,Northeast,187,15,2026-03-24
PROD000009,Midwest,47,56,2026-03-24
PROD000229,Midwest,201,29,2026-03-24
PROD000057,West,94,51,2026-03-24
PROD000172,Northeast,79,47,2026-03-24
PROD000178,Southeast,102,46,2026-03-24
PROD000247,Midwest,58,17,2026-03-24
PROD000171,Northeast,203,17,2026-03-24
PROD000070,Northeast,1,54,2026-03-24
PROD000125,Midwest,60,59,2026-03-24
PROD000154,West,141,67,2026-03-24
PROD000159,Southeast,19,45,2026-03-24
PROD000226,Midwest,135,32,2026-03-24
PROD000134,Midwest,108,66,2026-03-24
PROD000049,West,102,64,2026-03-24
PROD000114,West,128,37,2026-03-24
PROD000043,Midwest,231,66,2026-03-24
PROD000129,Midwest,122,16,2026-03-24
PROD000163,Midwest,2,22,2026-03-24
PROD000158,West,75,37,2026-03-24
PROD000065,Southeast,165,26,2026-03-24
PROD000131,Southeast,18,30,2026-03-24
PROD000101,Northeast,202,47,2026-03-24
PROD000108,Northeast,48,20,2026-03-24
PROD000090,Midwest,177,17,2026-03-24
PROD000232,Midwest,38,48,2026-03-24
PROD000237,Northeast,82,42,2026-03-24
PROD000016,Midwest,2,62,2026-03-24
PROD000053,Southeast,100,53,2026-03-24
PROD000116,Southeast,183,17,2026-03-24
PROD000217,Southeast,91,57,2026-03-24
PROD000014,Midwest,205,69,2026-03-24
PROD000084,Northeast,109,29,2026-03-24
PROD000193,Midwest,21,43,2026-03-24
PROD000165,Northeast,54,32,2026-03-24
PROD000128,West,107,39,2026-03-24
PROD000222,Southeast,185,19,2026-03-24
PROD000023,West,148,41,2026-03-24
PROD000106,West,152,67,2026-03-24
PROD000047,West,238,18,2026-03-24
PROD000122,Southeast,181,59,2026-03-24
PROD000137,Southeast,225,19,2026-03-24
PROD000170,Midwest,3,61,2026-03-24
PROD000176,West,237,55,2026-03-24
PROD000085,Northeast,40,43,2026-03-24
PROD000162,Midwest,145,37,2026-03-24
PROD000110,West,62,49,2026-03-24
PROD000067,Northeast,12,40,2026-03-24
PROD000151,Southeast,197,52,2026-03-24
PROD000201,Midwest,163,58,2026-03-24
PROD000103,Northeast,221,25,2026-03-24
PROD000204,Northeast,78,51,2026-03-24
PROD000245,Southeast,100,17,2026-03-24
PROD000192,Midwest,224,51,2026-03-24
PROD000195,Southeast,214,43,2026-03-24
PROD000107,Northeast,107,51,2026-03-24
PROD000033,Northeast,68,49,2026-03-24
PROD000119,Northeast,235,36,2026-03-24
PROD000001,Midwest,186,60,2026-03-24
PROD000087,West,99,41,2026-03-24
PROD000044,Southeast,107,29,2026-03-24
PROD000220,West,171,55,2026-03-24
PROD000078,Midwest,49,56,2026-03-24
PROD000013,Midwest,36,61,2026-03-24
PROD000196,West,192,31,2026-03-24
PROD000150,Southeast,190,26,2026-03-24
PROD000115,Midwest,75,51,2026-03-24
PROD000236,Southeast,219,22,2026-03-24
PROD000174,Midwest,46,38,2026-03-24
PROD000175,Southeast,186,57,2026-03-24
PROD000164,Midwest,23,44,2026-03-24
PROD000055,Northeast,105,48,2026-03-24
PROD000109,Northeast,56,49,2026-03-24
PROD000168,West,228,30,2026-03-24
PROD000197,Midwest,36,62,2026-03-24
PROD000093,Southeast,91,29,2026-03-24
PROD000032,Midwest,15,46,2026-03-24
PROD000157,West,30,64,2026-03-24
PROD000082,Southeast,42,54,2026-03-24
PROD000096,West,30,53,2026-03-24
PROD000144,Southeast,6,41,2026-03-24
PROD000089,Northeast,104,51,2026-03-24
PROD000202,Midwest,59,60,2026-03-24
PROD000152,Southeast,125,34,2026-03-24
PROD000142,Northeast,161,49,2026-03-24
PROD000239,West,20,51,2026-03-24
PROD000058,Northeast,220,55,2026-03-24
PROD000132,West,150,33,2026-03-24
PROD000036,Southeast,83,19,2026-03-25
PROD000235,Midwest,233,45,2026-03-25
PROD000001,Northeast,56,46,2026-03-25
PROD000137,Midwest,46,23,2026-03-25
PROD000178,Midwest,85,15,2026-03-25
PROD000069,Southeast,80,36,2026-03-25
PROD000016,Southeast,134,58,2026-03-25
PROD000127,Midwest,169,41,2026-03-25
PROD000130,West,149,47,2026-03-25
PROD000200,West,151,23,2026-03-25
PROD000176,Southeast,231,35,2026-03-25
PROD000071,West,6,34,2026-03-25
PROD000089,Northeast,179,34,2026-03-25
PROD000192,Southeast,14,32,2026-03-25
PROD000216,Northeast,178,43,2026-03-25
PROD000037,Midwest,229,66,2026-03-25
PROD000152,Southeast,188,18,2026-03-25
PROD000123,West,208,62,2026-03-25
PROD000197,West,121,57,2026-03-25
PROD000045,West,170,43,2026-03-25
PROD000227,Midwest,64,68,2026-03-25
PROD000202,West,57,54,2026-03-25
PROD000058,Midwest,6,54,2026-03-25
PROD000019,Northeast,142,42,2026-03-25
PROD000220,West,52,31,2026-03-25
PROD000231,Midwest,174,50,2026-03-25
PROD000179,West,29,22,2026-03-25
PROD000188,Northeast,25,41,2026-03-25
PROD000174,Northeast,235,57,2026-03-25
PROD000194,Northeast,215,56,2026-03-25
PROD000050,Northeast,42,18,2026-03-25
PROD000107,Northeast,117,44,2026-03-25
PROD000063,Northeast,38,15,2026-03-25
PROD000217,Northeast,178,31,2026-03-25
PROD000018,Southeast,32,53,2026-03-25
PROD000094,West,95,55,2026-03-25
PROD000041,West,81,51,2026-03-25
PROD000088,Midwest,155,42,2026-03-25
PROD000159,West,195,40,2026-03-25
PROD000097,Southeast,32,54,2026-03-25
PROD000009,Midwest,108,38,2026-03-25
PROD000232,West,226,28,2026-03-25
PROD000074,Southeast,195,66,2026-03-25
PROD000198,Southeast,77,23,2026-03-25
PROD000151,Midwest,65,49,2026-03-25
PROD000080,West,18,26,2026-03-25
PROD000121,Southeast,104,64,2026-03-25
PROD000051,Southeast,206,24,2026-03-25
PROD000090,Southeast,35,27,2026-03-25
PROD000247,Midwest,68,36,2026-03-25
PROD000243,Southeast,132,23,2026-03-25
PROD000017,Midwest,23,28,2026-03-25
PROD000034,Southeast,19,57,2026-03-25
PROD000248,Southeast,135,46,2026-03-25
PROD000124,West,136,15,2026-03-25
PROD000024,Southeast,44,24,2026-03-25
PROD000171,Midwest,237,52,2026-03-25
PROD000060,Midwest,61,31,2026-03-25
PROD000020,West,107,20,2026-03-25
PROD000095,Midwest,83,17,2026-03-25
PROD000204,Southeast,204,44,2026-03-25
PROD000166,Midwest,8,28,2026-03-25
PROD000004,Southeast,148,21,2026-03-25
PROD000148,Northeast,156,31,2026-03-25
PROD000011,Southeast,60,29,2026-03-25
PROD000083,West,64,60,2026-03-25
PROD000120,West,106,41,2026-03-25
PROD000238,Northeast,213,16,2026-03-25
PROD000135,Midwest,58,44,2026-03-25
PROD000038,Southeast,225,46,2026-03-25
PROD000156,Northeast,233,67,2026-03-25
PROD000158,Northeast,190,28,2026-03-25
PROD000082,Northeast,198,24,2026-03-25
PROD000167,Midwest,86,63,2026-03-25
PROD000056,West,239,34,2026-03-25
PROD000070,Southeast,144,56,2026-03-25
PROD000118,Northeast,112,36,2026-03-25
PROD000023,Northeast,90,26,2026-03-25
PROD000111,Southeast,101,18,2026-03-25
PROD000239,Midwest,210,58,2026-03-25
PROD000098,Northeast,7,48,2026-03-25
PROD000064,West,65,34,2026-03-25
PROD000246,Midwest,198,53,2026-03-25
PROD000164,Northeast,16,26,2026-03-25
PROD000006,Midwest,173,29,2026-03-25
PROD000061,Southeast,221,49,2026-03-25
PROD000075,Northeast,227,51,2026-03-25
PROD000140,West,156,34,2026-03-25
PROD000172,Midwest,135,34,2026-03-25
PROD000206,West,168,19,2026-03-25
PROD000076,Northeast,15,62,2026-03-25
PROD000180,West,54,39,2026-03-25
PROD000205,Southeast,54,35,2026-03-25
PROD000027,Northeast,119,69,2026-03-25
PROD000105,Northeast,196,20,2026-03-25
PROD000126,Midwest,148,18,2026-03-25
PROD000055,Southeast,229,17,2026-03-25
PROD000084,Midwest,92,64,2026-03-25
PROD000155,West,222,61,2026-03-25
PROD000242,Southeast,88,57,2026-03-25
PROD000062,Midwest,223,51,2026-03-25
PROD000133,Northeast,207,56,2026-03-25
PROD000210,Southeast,209,35,2026-03-25
PROD000181,Northeast,43,23,2026-03-25
PROD000102,Midwest,181,44,2026-03-25
PROD000116,West,170,25,2026-03-25
PROD000154,Midwest,116,19,2026-03-25
PROD000007,Midwest,5,43,2026-03-25
PROD000224,West,20,67,2026-03-25
PROD000015,Midwest,131,63,2026-03-25
PROD000014,Southeast,2,35,2026-03-25
PROD000131,Midwest,144,28,2026-03-25
PROD000013,Northeast,41,56,2026-03-25
PROD000087,Southeast,82,63,2026-03-25
PROD000104,Northeast,202,68,2026-03-25
PROD000031,Midwest,141,62,2026-03-25
PROD000108,Midwest,113,36,2026-03-25
PROD000066,Northeast,237,48,2026-03-25
PROD000005,West,201,48,2026-03-25
PROD000228,Southeast,51,25,2026-03-25
PROD000202,Midwest,135,44,2026-03-26
PROD000055,West,239,18,2026-03-26
PROD000005,West,61,66,2026-03-26
PROD000124,West,65,61,2026-03-26
PROD000223,Midwest,210,30,2026-03-26
PROD000141,Northeast,81,48,2026-03-26
PROD000072,West,164,55,2026-03-26
PROD000017,Southeast,1,39,2026-03-26
PROD000206,West,4,20,2026-03-26
PROD000190,Northeast,9,41,2026-03-26
PROD000171,Northeast,101,38,2026-03-26
PROD000245,Midwest,133,52,2026-03-26
PROD000173,Northeast,163,32,2026-03-26
PROD000198,Southeast,63,41,2026-03-26
PROD000110,West,24,56,2026-03-26
PROD000214,Southeast,59,31,2026-03-26
PROD000130,West,101,61,2026-03-26
PROD000054,Southeast,200,48,2026-03-26
PROD000180,Southeast,75,18,2026-03-26
PROD000062,Midwest,119,46,2026-03-26
PROD000208,Northeast,102,67,2026-03-26
PROD000226,Northeast,132,44,2026-03-26
PROD000237,Midwest,77,63,2026-03-26
PROD000065,Northeast,48,30,2026-03-26
PROD000165,West,186,48,2026-03-26
PROD000248,Midwest,142,17,2026-03-26
PROD000117,Midwest,224,19,2026-03-26
PROD000133,Midwest,196,21,2026-03-26
PROD000080,Midwest,158,58,2026-03-26
PROD000177,Southeast,75,46,2026-03-26
PROD000200,Midwest,152,32,2026-03-26
PROD000157,West,179,43,2026-03-26
PROD000045,Northeast,81,55,2026-03-26
PROD000218,Northeast,14,45,2026-03-26
PROD000235,Northeast,169,24,2026-03-26
PROD000040,Midwest,12,59,2026-03-26
PROD000203,Midwest,176,22,2026-03-26
PROD000001,West,1,46,2026-03-26
PROD000029,Northeast,179,21,2026-03-26
PROD000134,West,16,25,2026-03-26
PROD000021,Northeast,199,41,2026-03-26
PROD000027,Southeast,93,45,2026-03-26
PROD000014,Midwest,202,17,2026-03-26
PROD000233,Northeast,197,46,2026-03-26
PROD000132,West,142,20,2026-03-26
PROD000025,Midwest,58,61,2026-03-26
PROD000204,Northeast,221,39,2026-03-26
PROD000043,Northeast,7,49,2026-03-26
PROD000050,West,11,17,2026-03-26
PROD000051,Northeast,215,39,2026-03-26
PROD000075,Northeast,184,51,2026-03-26
PROD000144,Midwest,70,31,2026-03-26
PROD000068,Southeast,172,16,2026-03-26
PROD000160,Northeast,9,59,2026-03-26
PROD000120,Midwest,97,22,2026-03-26
PROD000174,West,101,39,2026-03-26
PROD000150,Southeast,27,37,2026-03-26
PROD000089,Midwest,182,36,2026-03-26
PROD000032,Midwest,61,35,2026-03-26
PROD000112,West,186,15,2026-03-26
PROD000090,West,83,56,2026-03-26
PROD000191,Northeast,126,68,2026-03-26
PROD000169,Midwest,147,68,2026-03-26
PROD000215,Northeast,184,27,2026-03-26
PROD000149,Northeast,200,41,2026-03-26
PROD000036,Southeast,218,43,2026-03-26
PROD000227,Southeast,84,57,2026-03-26
PROD000052,Southeast,173,34,2026-03-26
PROD000073,Southeast,235,33,2026-03-26
PROD000059,West,87,19,2026-03-26
PROD000216,Northeast,51,31,2026-03-26
PROD000103,Southeast,126,36,2026-03-26
PROD000125,Northeast,125,49,2026-03-26
PROD000159,Midwest,6,36,2026-03-26
PROD000135,West,71,69,2026-03-26
PROD000222,Midwest,96,63,2026-03-26
PROD000194,Midwest,192,57,2026-03-26
PROD000057,Southeast,194,18,2026-03-26
PROD000242,West,15,61,2026-03-26
PROD000187,Midwest,21,51,2026-03-26
PROD000249,West,65,25,2026-03-26
PROD000154,Southeast,130,17,2026-03-26
PROD000116,West,221,54,2026-03-26
PROD000078,Northeast,171,15,2026-03-26
PROD000224,Southeast,123,25,2026-03-26
PROD000026,Midwest,99,50,2026-03-26
PROD000024,West,131,44,2026-03-26
PROD000145,Northeast,65,35,2026-03-26
PROD000023,Midwest,177,21,2026-03-26
PROD000034,Southeast,188,67,2026-03-26
PROD000195,Southeast,69,27,2026-03-26
PROD000118,West,18,33,2026-03-26
PROD000041,Northeast,171,38,2026-03-26
PROD000007,Midwest,220,44,2026-03-26
PROD000074,Southeast,96,40,2026-03-26
PROD000247,Midwest,224,23,2026-03-26
PROD000167,Northeast,100,43,2026-03-26
PROD000102,Northeast,96,32,2026-03-26
PROD000199,Northeast,186,50,2026-03-26
PROD000207,Northeast,231,20,2026-03-26
PROD000151,Midwest,88,59,2026-03-26
PROD000128,Northeast,57,34,2026-03-26
PROD000111,Southeast,23,32,2026-03-26
PROD000196,Midwest,199,64,2026-03-26
PROD000056,Southeast,190,40,2026-03-26
PROD000070,West,197,61,2026-03-26
PROD000240,Midwest,112,51,2026-03-26
PROD000098,Southeast,30,38,2026-03-26
PROD000212,Midwest,67,25,2026-03-26
PROD000221,Northeast,200,30,2026-03-26
PROD000044,Northeast,102,48,2026-03-26
PROD000084,Southeast,34,25,2026-03-26
PROD000115,Southeast,105,19,2026-03-26
PROD000234,Southeast,134,16,2026-03-26
PROD000184,Northeast,97,40,2026-03-26
PROD000209,Northeast,49,31,2026-03-26
PROD000019,Northeast,157,47,2026-03-26
PROD000006,West,175,66,2026-03-26
PROD000231,Midwest,62,55,2026-03-26
PROD000232,Midwest,159,64,2026-03-26
PROD000044,West,127,55,2026-03-27
PROD000208,West,74,56,2026-03-27
PROD000085,Southeast,236,39,2026-03-27
PROD000155,Northeast,139,17,2026-03-27
PROD000082,Northeast,131,29,2026-03-27
PROD000143,Midwest,168,62,2026-03-27
PROD000234,Northeast,175,67,2026-03-27
PROD000137,Midwest,144,43,2026-03-27
PROD000223,Midwest,222,67,2026-03-27
PROD000193,Midwest,81,68,2026-03-27
PROD000058,Northeast,157,41,2026-03-27
PROD000147,West,111,31,2026-03-27
PROD000127,Midwest,195,68,2026-03-27
PROD000166,West,106,64,2026-03-27
PROD000217,Southeast,121,25,2026-03-27
PROD000098,Northeast,237,40,2026-03-27
PROD000010,Southeast,161,45,2026-03-27
PROD000141,West,86,55,2026-03-27
PROD000126,Southeast,218,28,2026-03-27
PROD000178,Midwest,197,54,2026-03-27
PROD000244,Southeast,76,50,2026-03-27
PROD000250,West,60,50,2026-03-27
PROD000012,West,39,31,2026-03-27
PROD000233,West,79,34,2026-03-27
PROD000096,Southeast,82,35,2026-03-27
PROD000139,West,35,48,2026-03-27
PROD000070,Northeast,131,54,2026-03-27
PROD000028,West,183,64,2026-03-27
PROD000073,Southeast,209,59,2026-03-27
PROD000022,Northeast,56,55,2026-03-27
PROD000125,Southeast,122,51,2026-03-27
PROD000180,West,232,29,2026-03-27
PROD000064,Northeast,141,46,2026-03-27
PROD000006,Southeast,220,55,2026-03-27
PROD000053,Midwest,158,50,2026-03-27
PROD000052,Northeast,51,52,2026-03-27
PROD000120,West,94,40,2026-03-27
PROD000112,Midwest,41,50,2026-03-27
PROD000013,Northeast,86,30,2026-03-27
PROD000062,Southeast,88,17,2026-03-27
PROD000158,Northeast,122,29,2026-03-27
PROD000216,Southeast,98,61,2026-03-27
PROD000226,Southeast,202,46,2026-03-27
PROD000153,West,166,68,2026-03-27
PROD000111,West,65,18,2026-03-27
PROD000086,West,111,29,2026-03-27
PROD000101,Northeast,146,61,2026-03-27
PROD000172,Midwest,75,43,2026-03-27
PROD000076,Southeast,213,67,2026-03-27
PROD000025,Midwest,45,55,2026-03-27
PROD000171,Midwest,81,24,2026-03-27
PROD000116,Northeast,77,23,2026-03-27
PROD000065,Northeast,129,52,2026-03-27
PROD000191,Midwest,135,53,2026-03-27
PROD000157,Southeast,149,69,2026-03-27
PROD000151,West,31,65,2026-03-27
PROD000131,Southeast,115,49,2026-03-27
PROD000031,Midwest,182,46,2026-03-27
PROD000046,Northeast,142,61,2026-03-27
PROD000107,West,1,39,2026-03-27
PROD000199,West,140,51,2026-03-27
PROD000011,Southeast,76,50,2026-03-27
PROD000145,Northeast,193,24,2026-03-27
PROD000186,West,213,58,2026-03-27
PROD000074,Southeast,91,38,2026-03-27
PROD000015,Northeast,183,15,2026-03-27
PROD000179,West,119,33,2026-03-27
PROD000097,Northeast,165,53,2026-03-27
PROD000001,Northeast,136,36,2026-03-27
PROD000060,West,63,31,2026-03-27
PROD000219,West,173,39,2026-03-27
PROD000079,West,47,17,2026-03-27
PROD000189,Southeast,52,33,2026-03-27
PROD000055,Midwest,102,59,2026-03-27
PROD000102,West,53,63,2026-03-27
PROD000159,Midwest,34,21,2026-03-27
PROD000204,West,110,37,2026-03-27
PROD000201,Northeast,153,27,2026-03-27
PROD000241,Northeast,128,32,2026-03-27
PROD000005,Southeast,179,67,2026-03-27
PROD000121,Midwest,69,68,2026-03-27
PROD000175,Southeast,75,64,2026-03-27
PROD000023,Midwest,64,17,2026-03-27
PROD000173,Midwest,82,54,2026-03-27
PROD000196,Northeast,58,39,2026-03-27
PROD000168,Midwest,195,60,2026-03-27
PROD000222,Northeast,164,25,2026-03-27
PROD000105,Southeast,2,24,2026-03-27
PROD000249,Southeast,154,55,2026-03-27
PROD000212,Northeast,233,24,2026-03-27
PROD000036,Northeast,7,31,2026-03-27
PROD000067,Southeast,104,67,2026-03-27
PROD000084,Midwest,45,36,2026-03-27
PROD000190,Midwest,4,52,2026-03-27
PROD000100,West,18,37,2026-03-27
PROD000203,Southeast,231,15,2026-03-27
PROD000170,Midwest,19,26,2026-03-27
PROD000185,Northeast,155,29,2026-03-27
PROD000124,West,4,63,2026-03-27
PROD000136,Northeast,232,47,2026-03-27
PROD000164,Northeast,40,29,2026-03-27
PROD000090,Northeast,68,50,2026-03-27
PROD000134,Midwest,101,54,2026-03-27
PROD000177,Northeast,107,17,2026-03-27
PROD000041,West,231,15,2026-03-27
PROD000003,West,158,31,2026-03-27
PROD000035,Northeast,123,28,2026-03-27
PROD000072,Midwest,123,43,2026-03-27
PROD000167,Midwest,166,63,2026-03-27
PROD000091,West,27,59,2026-03-27
PROD000227,Southeast,195,68,2026-03-27
PROD000188,West,31,54,2026-03-27
PROD000135,West,235,26,2026-03-27
PROD000115,Northeast,124,42,2026-03-27
PROD000061,Northeast,51,35,2026-03-27
PROD000162,West,196,15,2026-03-27
PROD000087,West,0,62,2026-03-27
PROD000183,Midwest,48,50,2026-03-27
PROD000042,West,198,50,2026-03-27
PROD000009,Northeast,133,25,2026-03-27
PROD000220,Midwest,49,20,2026-03-28
PROD000087,West,201,40,2026-03-28
PROD000191,West,221,21,2026-03-28
PROD000005,West,10,68,2026-03-28
PROD000098,Northeast,116,24,2026-03-28
PROD000084,West,189,24,2026-03-28
PROD000048,Southeast,94,41,2026-03-28
PROD000153,West,188,48,2026-03-28
PROD000202,Midwest,122,43,2026-03-28
PROD000069,Southeast,141,63,2026-03-28
PROD000002,Midwest,141,18,2026-03-28
PROD000060,Midwest,8,38,2026-03-28
PROD000079,Northeast,141,21,2026-03-28
PROD000189,Northeast,16,29,2026-03-28
PROD000063,Southeast,23,28,2026-03-28
PROD000112,Midwest,215,57,2026-03-28
PROD000012,Northeast,138,27,2026-03-28
PROD000171,Midwest,154,21,2026-03-28
PROD000116,West,39,43,2026-03-28
PROD000070,Northeast,150,52,2026-03-28
PROD000053,Southeast,176,23,2026-03-28
PROD000110,West,0,28,2026-03-28
PROD000020,Southeast,52,17,2026-03-28
PROD000077,Northeast,11,50,2026-03-28
PROD000162,Northeast,72,24,2026-03-28
PROD000247,Midwest,226,20,2026-03-28
PROD000244,Southeast,234,66,2026-03-28
PROD000209,West,81,40,2026-03-28
PROD000239,Southeast,200,22,2026-03-28
PROD000074,Northeast,190,19,2026-03-28
PROD000249,Midwest,79,19,2026-03-28
PROD000147,Northeast,188,28,2026-03-28
PROD000231,West,73,33,2026-03-28
PROD000230,West,16,69,2026-03-28
PROD000089,Northeast,178,42,2026-03-28
PROD000198,Southeast,66,67,2026-03-28
PROD000221,Southeast,27,42,2026-03-28
PROD000188,West,97,64,2026-03-28
PROD000154,Northeast,59,38,2026-03-28
PROD000058,West,108,57,2026-03-28
PROD000133,West,33,29,2026-03-28
PROD000102,Southeast,62,57,2026-03-28
PROD000042,Midwest,96,20,2026-03-28
PROD000250,West,28,41,2026-03-28
PROD000227,Southeast,120,20,2026-03-28
PROD000031,Midwest,6,54,2026-03-28
PROD000149,Midwest,222,56,2026-03-28
PROD000197,Northeast,19,36,2026-03-28
PROD000075,Midwest,132,15,2026-03-28
PROD000067,West,176,63,2026-03-28
PROD000173,Midwest,213,44,2026-03-28
PROD000193,Midwest,62,28,2026-03-28
PROD000199,Northeast,137,16,2026-03-28
PROD000152,Southeast,221,30,2026-03-28
PROD000206,Southeast,167,63,2026-03-28
PROD000172,Northeast,47,28,2026-03-28
PROD000006,West,3,22,2026-03-28
PROD000134,Southeast,141,34,2026-03-28
PROD000080,West,217,36,2026-03-28
PROD000035,Midwest,25,25,2026-03-28
PROD000234,West,209,60,2026-03-28
PROD000246,Southeast,131,51,2026-03-28
PROD000136,Midwest,30,29,2026-03-28
PROD000184,Midwest,36,32,2026-03-28
PROD000004,West,144,68,2026-03-28
PROD000232,Southeast,64,59,2026-03-28
PROD000132,Northeast,207,24,2026-03-28
PROD000097,Midwest,22,69,2026-03-28
PROD000237,Northeast,140,21,2026-03-28
PROD000062,Northeast,126,20,2026-03-28
PROD000138,Southeast,94,32,2026-03-28
PROD000182,West,46,56,2026-03-28
PROD000092,West,61,18,2026-03-28
PROD000038,Northeast,33,32,2026-03-28
PROD000190,West,174,47,2026-03-28
PROD000096,Midwest,73,29,2026-03-28
PROD000158,Northeast,11,44,2026-03-28
PROD000212,Southeast,111,40,2026-03-28
PROD000121,West,65,17,2026-03-28
PROD000245,West,128,69,2026-03-28
PROD000196,Midwest,237,48,2026-03-28
PROD000016,Southeast,174,35,2026-03-28
PROD000071,West,48,40,2026-03-28
PROD000066,Midwest,79,48,2026-03-28
PROD000169,Northeast,120,32,2026-03-28
PROD000029,West,30,53,2026-03-28
PROD000222,Southeast,20,53,2026-03-28
PROD000050,Midwest,75,44,2026-03-28
PROD000242,Midwest,130,49,2026-03-28
PROD000241,West,24,51,2026-03-28
PROD000186,Southeast,209,37,2026-03-28
PROD000176,West,87,55,2026-03-28
PROD000201,Northeast,232,44,2026-03-28
PROD000105,Southeast,164,23,2026-03-28
PROD000233,Midwest,43,30,2026-03-28
PROD000013,Southeast,222,38,2026-03-28
PROD000025,Midwest,168,50,2026-03-28
PROD000150,Northeast,2,55,2026-03-28
PROD000015,Midwest,186,65,2026-03-28
PROD000107,Southeast,203,16,2026-03-28
PROD000130,Midwest,125,21,2026-03-28
PROD000194,Midwest,100,57,2026-03-28
PROD000140,Southeast,122,69,2026-03-28
PROD000041,West,17,40,2026-03-28
PROD000157,Midwest,88,44,2026-03-28
PROD000078,West,76,24,2026-03-28
PROD000010,Midwest,136,61,2026-03-28
PROD000055,Northeast,123,41,2026-03-28
PROD000093,Northeast,198,68,2026-03-28
PROD000180,Midwest,17,20,2026-03-28
PROD000086,Southeast,11,44,2026-03-28
PROD000204,Southeast,143,32,2026-03-28
PROD000024,Southeast,91,43,2026-03-28
PROD000054,Southeast,48,67,2026-03-28
PROD000205,Northeast,201,28,2026-03-28
PROD000131,West,125,54,2026-03-28
PROD000119,Midwest,201,19,2026-03-28
PROD000033,Southeast,212,64,2026-03-28
PROD000175,Southeast,155,42,2026-03-28
PROD000040,West,218,50,2026-03-28
PROD000211,Southeast,116,48,2026-03-29
PROD000150,Southeast,31,17,2026-03-29
PROD000173,Midwest,95,69,2026-03-29
PROD000134,Midwest,47,58,2026-03-29
PROD000171,West,229,18,2026-03-29
PROD000115,West,171,54,2026-03-29
PROD000133,West,203,17,2026-03-29
PROD000220,Northeast,72,57,2026-03-29
PROD000172,Northeast,185,22,2026-03-29
PROD000242,Northeast,20,55,2026-03-29
PROD000006,Midwest,115,42,2026-03-29
PROD000002,Midwest,215,29,2026-03-29
PROD000216,Midwest,208,33,2026-03-29
PROD000077,Southeast,98,40,2026-03-29
PROD000163,Southeast,138,31,2026-03-29
PROD000031,Northeast,108,62,2026-03-29
PROD000149,Northeast,124,64,2026-03-29
PROD000013,Southeast,24,26,2026-03-29
PROD000129,Southeast,53,47,2026-03-29
PROD000214,Midwest,174,25,2026-03-29
PROD000048,Southeast,54,26,2026-03-29
PROD000194,Northeast,2,56,2026-03-29
PROD000131,West,89,63,2026-03-29
PROD000142,Southeast,221,52,2026-03-29
PROD000183,West,13,33,2026-03-29
PROD000100,Northeast,64,67,2026-03-29
PROD000224,Midwest,43,61,2026-03-29
PROD000122,Northeast,191,53,2026-03-29
PROD000017,Southeast,74,43,2026-03-29
PROD000137,West,59,41,2026-03-29
PROD000085,West,210,26,2026-03-29
PROD000136,Northeast,91,20,2026-03-29
PROD000062,Northeast,69,55,2026-03-29
PROD000232,Northeast,91,31,2026-03-29
PROD000227,Southeast,154,25,2026-03-29
PROD000098,Northeast,30,27,2026-03-29
PROD000076,Southeast,78,38,2026-03-29
PROD000059,West,180,44,2026-03-29
PROD000018,Midwest,182,46,2026-03-29
PROD000180,Northeast,237,41,2026-03-29
PROD000051,West,87,32,2026-03-29
PROD000228,West,48,54,2026-03-29
PROD000105,West,41,46,2026-03-29
PROD000154,Northeast,27,66,2026-03-29
PROD000200,West,205,49,2026-03-29
PROD000087,Northeast,117,50,2026-03-29
PROD000202,Midwest,75,38,2026-03-29
PROD000170,Northeast,9,40,2026-03-29
PROD000144,Midwest,84,23,2026-03-29
PROD000234,Southeast,183,29,2026-03-29
PROD000236,Northeast,106,22,2026-03-29
PROD000145,Midwest,212,28,2026-03-29
PROD000196,Southeast,60,53,2026-03-29
PROD000186,Midwest,157,39,2026-03-29
PROD000213,Midwest,68,38,2026-03-29
PROD000109,Southeast,132,37,2026-03-29
PROD000177,West,94,27,2026-03-29
PROD000016,Midwest,14,23,2026-03-29
PROD000160,Northeast,177,21,2026-03-29
PROD000209,Southeast,206,34,2026-03-29
PROD000206,West,226,38,2026-03-29
PROD000028,Northeast,116,35,2026-03-29
PROD000039,Midwest,217,23,2026-03-29
PROD000113,Midwest,27,63,2026-03-29
PROD000238,West,71,45,2026-03-29
PROD000057,Northeast,47,68,2026-03-29
PROD000148,West,76,40,2026-03-29
PROD000226,Southeast,153,67,2026-03-29
PROD000053,West,1,36,2026-03-29
PROD000047,Northeast,233,25,2026-03-29
PROD000066,West,119,36,2026-03-29
PROD000127,Northeast,43,53,2026-03-29
PROD000112,Northeast,223,61,2026-03-29
PROD000219,West,81,20,2026-03-29
PROD000054,Northeast,198,40,2026-03-29
PROD000009,Midwest,48,63,2026-03-29
PROD000063,Midwest,121,66,2026-03-29
PROD000097,Southeast,236,36,2026-03-29
PROD000247,Southeast,122,17,2026-03-29
PROD000239,Southeast,50,63,2026-03-29
PROD000218,Midwest,157,46,2026-03-29
PROD000125,Southeast,183,29,2026-03-29
PROD000064,West,183,16,2026-03-29
PROD000246,Northeast,3,29,2026-03-29
PROD000193,West,169,33,2026-03-29
PROD000250,Southeast,97,27,2026-03-29
PROD000174,Midwest,4,26,2026-03-29
PROD000070,Midwest,175,67,2026-03-29
PROD000049,Southeast,50,33,2026-03-29
PROD000061,Northeast,5,46,2026-03-29
PROD000060,Midwest,163,68,2026-03-29
PROD000217,Midwest,102,46,2026-03-29
PROD000240,Midwest,213,43,2026-03-29
PROD000114,Northeast,121,49,2026-03-29
PROD000083,Midwest,11,16,2026-03-29
PROD000090,Northeast,51,26,2026-03-29
PROD000184,West,208,44,2026-03-29
PROD000071,Southeast,115,56,2026-03-29
PROD000096,Northeast,116,33,2026-03-29
PROD000120,West,167,38,2026-03-29
PROD000152,West,238,23,2026-03-29
PROD000166,Southeast,137,60,2026-03-29
PROD000181,Midwest,8,56,2026-03-29
PROD000161,Southeast,99,56,2026-03-29
PROD000208,Midwest,18,35,2026-03-29
PROD000074,West,52,48,2026-03-29
PROD000204,West,19,51,2026-03-29
PROD000235,West,166,66,2026-03-29
PROD000014,West,29,31,2026-03-29
PROD000121,Southeast,202,66,2026-03-29
PROD000223,West,70,33,2026-03-29
PROD000248,Southeast,180,39,2026-03-29
PROD000032,Midwest,7,62,2026-03-29
PROD000245,Southeast,102,66,2026-03-29
PROD000233,Southeast,0,66,2026-03-29
PROD000132,Northeast,93,34,2026-03-29
PROD000058,Southeast,224,33,2026-03-29
PROD000197,Midwest,203,59,2026-03-29
PROD000221,Northeast,216,66,2026-03-29
PROD000178,Midwest,145,62,2026-03-29
PROD000234,West,210,60,2026-03-30
PROD000150,Midwest,77,62,2026-03-30
PROD000026,Midwest,118,27,2026-03-30
PROD000192,Southeast,68,47,2026-03-30
PROD000127,West,146,68,2026-03-30
PROD000178,Northeast,62,63,2026-03-30
PROD000052,Southeast,174,19,2026-03-30
PROD000050,Midwest,51,28,2026-03-30
PROD000203,West,125,20,2026-03-30
PROD000246,Midwest,183,39,2026-03-30
PROD000180,West,113,33,2026-03-30
PROD000060,Northeast,140,44,2026-03-30
PROD000080,Northeast,53,19,2026-03-30
PROD000175,Midwest,234,54,2026-03-30
PROD000242,Midwest,205,65,2026-03-30
PROD000204,Northeast,121,60,2026-03-30
PROD000020,West,98,61,2026-03-30
PROD000112,Midwest,49,25,2026-03-30
PROD000006,Northeast,54,18,2026-03-30
PROD000095,West,224,16,2026-03-30
PROD000079,West,23,20,2026-03-30
PROD000238,Midwest,16,60,2026-03-30
PROD000167,Midwest,236,25,2026-03-30
PROD000212,Northeast,57,59,2026-03-30
PROD000033,Northeast,0,47,2026-03-30
PROD000103,West,149,39,2026-03-30
PROD000059,Midwest,85,27,2026-03-30
PROD000035,Midwest,177,51,2026-03-30
PROD000097,Midwest,181,65,2026-03-30
PROD000134,Southeast,15,19,2026-03-30
PROD000037,Southeast,78,18,2026-03-30
PROD000158,West,74,35,2026-03-30
PROD000149,West,178,41,2026-03-30
PROD000091,Northeast,203,48,2026-03-30
PROD000107,Northeast,62,45,2026-03-30
PROD000248,Southeast,236,15,2026-03-30
PROD000225,West,101,60,2026-03-30
PROD000046,West,235,34,2026-03-30
PROD000154,Midwest,211,52,2026-03-30
PROD000047,Southeast,37,38,2026-03-30
PROD000022,Midwest,176,38,2026-03-30
PROD000012,Northeast,18,42,2026-03-30
PROD000065,Midwest,143,65,2026-03-30
PROD000137,West,148,59,2026-03-30
PROD000218,West,68,31,2026-03-30
PROD000165,Midwest,3,28,2026-03-30
PROD000135,Southeast,132,58,2026-03-30
PROD000177,Northeast,179,23,2026-03-30
PROD000048,Southeast,158,51,2026-03-30
PROD000109,Southeast,110,34,2026-03-30
PROD000187,Southeast,20,36,2026-03-30
PROD000197,West,82,67,2026-03-30
PROD000183,Midwest,156,16,2026-03-30
PROD000202,West,61,16,2026-03-30
PROD000070,Midwest,122,21,2026-03-30
PROD000062,Southeast,197,37,2026-03-30
PROD000233,Northeast,140,65,2026-03-30
PROD000049,Northeast,67,68,2026-03-30
PROD000014,Midwest,164,37,2026-03-30
PROD000171,Southeast,58,60,2026-03-30
PROD000198,West,150,18,2026-03-30
PROD000250,West,125,50,2026-03-30
PROD000044,Midwest,155,59,2026-03-30
PROD000211,West,51,33,2026-03-30
PROD000232,West,117,44,2026-03-30
PROD000142,Northeast,156,31,2026-03-30
PROD000249,Northeast,102,44,2026-03-30
PROD000090,Northeast,166,30,2026-03-30
PROD000024,Northeast,128,49,2026-03-30
PROD000168,Southeast,177,69,2026-03-30
PROD000083,Northeast,101,68,2026-03-30
PROD000220,Midwest,235,62,2026-03-30
PROD000141,Southeast,149,38,2026-03-30
PROD000228,Northeast,111,18,2026-03-30
PROD000237,Midwest,92,39,2026-03-30
PROD000174,Southeast,224,43,2026-03-30
PROD000102,Northeast,34,44,2026-03-30
PROD000068,West,61,54,2026-03-30
PROD000057,Southeast,17,42,2026-03-30
PROD000098,West,106,32,2026-03-30
PROD000034,West,70,21,2026-03-30
PROD000074,Midwest,141,18,2026-03-30
PROD000069,Southeast,210,26,2026-03-30
PROD000028,Northeast,155,68,2026-03-30
PROD000208,Northeast,225,59,2026-03-30
PROD000231,Northeast,104,47,2026-03-30
PROD000077,West,84,50,2026-03-30
PROD000088,West,30,69,2026-03-30
PROD000144,Southeast,174,60,2026-03-30
PROD000201,West,100,59,2026-03-30
PROD000196,Northeast,10,18,2026-03-30
PROD000209,Southeast,202,30,2026-03-30
PROD000182,West,62,61,2026-03-30
PROD000041,Northeast,141,54,2026-03-30
PROD000010,Southeast,213,51,2026-03-30
PROD000241,West,149,48,2026-03-30
PROD000071,Midwest,55,41,2026-03-30
PROD000162,Northeast,102,16,2026-03-30
PROD000219,Northeast,235,45,2026-03-30
PROD000011,West,122,69,2026-03-30
PROD000193,Northeast,134,53,2026-03-30
PROD000159,Southeast,217,48,2026-03-30
PROD000117,Midwest,69,49,2026-03-30
PROD000210,Northeast,236,39,2026-03-30
PROD000156,West,61,54,2026-03-30
PROD000221,Southeast,159,44,2026-03-30
PROD000085,West,95,32,2026-03-30
PROD000017,Southeast,111,61,2026-03-30
PROD000195,Southeast,40,43,2026-03-30
PROD000226,West,234,23,2026-03-30
PROD000009,Midwest,174,21,2026-03-30
PROD000176,Midwest,208,57,2026-03-30
PROD000025,West,69,42,2026-03-30
PROD000061,Southeast,79,26,2026-03-30
PROD000118,West,10,15,2026-03-30
PROD000099,Southeast,28,22,2026-03-30
PROD000001,Southeast,214,35,2026-03-30
PROD000128,Southeast,222,61,2026-03-30
PROD000054,Southeast,229,21,2026-03-30
PROD000056,West,120,39,2026-03-30
PROD000156,Northeast,204,64,2026-03-31
PROD000109,West,115,65,2026-03-31
PROD000200,Midwest,129,67,2026-03-31
PROD000234,Northeast,218,24,2026-03-31
PROD000184,Southeast,19,47,2026-03-31
PROD000054,West,78,19,2026-03-31
PROD000137,West,6,64,2026-03-31
PROD000111,West,202,42,2026-03-31
PROD000227,Northeast,178,16,2026-03-31
PROD000056,Northeast,137,56,2026-03-31
PROD000237,Midwest,26,23,2026-03-31
PROD000068,West,77,45,2026-03-31
PROD000003,West,181,48,2026-03-31
PROD000047,West,180,29,2026-03-31
PROD000158,Northeast,136,28,2026-03-31
PROD000154,Northeast,129,65,2026-03-31
PROD000189,Northeast,44,55,2026-03-31
PROD000025,Midwest,85,62,2026-03-31
PROD000064,Northeast,123,15,2026-03-31
PROD000099,Southeast,104,31,2026-03-31
PROD000091,West,184,51,2026-03-31
PROD000230,Northeast,101,62,2026-03-31
PROD000185,West,221,41,2026-03-31
PROD000203,West,125,27,2026-03-31
PROD000100,Northeast,93,32,2026-03-31
PROD000136,Midwest,85,30,2026-03-31
PROD000113,Southeast,104,66,2026-03-31
PROD000160,Northeast,62,50,2026-03-31
PROD000247,Southeast,107,15,2026-03-31
PROD000151,West,220,44,2026-03-31
PROD000118,Midwest,123,64,2026-03-31
PROD000202,Northeast,103,45,2026-03-31
PROD000131,Southeast,149,19,2026-03-31
PROD000004,Southeast,8,56,2026-03-31
PROD000192,West,128,24,2026-03-31
PROD000225,West,222,61,2026-03-31
PROD000216,West,89,40,2026-03-31
PROD000015,Midwest,87,64,2026-03-31
PROD000182,Midwest,146,16,2026-03-31
PROD000176,Northeast,204,29,2026-03-31
PROD000053,Northeast,52,42,2026-03-31
PROD000215,West,212,58,2026-03-31
PROD000002,West,120,46,2026-03-31
PROD000204,West,61,65,2026-03-31
PROD000098,Midwest,188,63,2026-03-31
PROD000094,Southeast,108,64,2026-03-31
PROD000242,Midwest,218,37,2026-03-31
PROD000086,Midwest,95,56,2026-03-31
PROD000141,Northeast,56,17,2026-03-31
PROD000191,Midwest,133,39,2026-03-31
PROD000010,Midwest,19,21,2026-03-31
PROD000063,West,183,64,2026-03-31
PROD000129,Northeast,158,40,2026-03-31
PROD000193,Northeast,13,66,2026-03-31
PROD000038,Midwest,0,45,2026-03-31
PROD000152,Northeast,86,26,2026-03-31
PROD000174,Southeast,56,51,2026-03-31
PROD000102,Northeast,57,60,2026-03-31
PROD000165,West,198,50,2026-03-31
PROD000145,Midwest,153,34,2026-03-31
PROD000236,Midwest,93,41,2026-03-31
PROD000122,Northeast,175,24,2026-03-31
PROD000167,West,103,25,2026-03-31
PROD000246,Midwest,122,15,2026-03-31
PROD000173,Northeast,30,39,2026-03-31
PROD000188,Northeast,80,60,2026-03-31
PROD000029,Southeast,177,36,2026-03-31
PROD000133,Southeast,199,44,2026-03-31
PROD000006,Midwest,182,46,2026-03-31
PROD000055,Northeast,123,21,2026-03-31
PROD000244,West,19,63,2026-03-31
PROD000001,Midwest,87,61,2026-03-31
PROD000026,Midwest,207,35,2026-03-31
PROD000088,West,134,15,2026-03-31
PROD000233,West,210,18,2026-03-31
PROD000175,Southeast,153,65,2026-03-31
PROD000206,Southeast,192,55,2026-03-31
PROD000228,Southeast,168,17,2026-03-31
PROD000076,Midwest,48,19,2026-03-31
PROD000139,West,210,34,2026-03-31
PROD000148,Midwest,214,27,2026-03-31
PROD000075,Midwest,170,34,2026-03-31
PROD000012,West,55,18,2026-03-31
PROD000121,Northeast,135,31,2026-03-31
PROD000146,Southeast,26,65,2026-03-31
PROD000104,Midwest,180,50,2026-03-31
PROD000103,West,142,64,2026-03-31
PROD000243,Northeast,177,45,2026-03-31
PROD000079,Northeast,31,42,2026-03-31
PROD000052,Northeast,216,39,2026-03-31
PROD000155,Midwest,224,57,2026-03-31
PROD000077,Northeast,44,61,2026-03-31
PROD000078,West,188,40,2026-03-31
PROD000231,Northeast,123,24,2026-03-31
PROD000224,Midwest,173,49,2026-03-31
PROD000163,West,48,65,2026-03-31
PROD000197,Midwest,138,56,2026-03-31
PROD000187,Southeast,139,52,2026-03-31
PROD000157,West,211,37,2026-03-31
PROD000164,West,81,52,2026-03-31
PROD000149,West,9,56,2026-03-31
PROD000208,West,4,68,2026-03-31
PROD000217,West,46,65,2026-03-31
PROD000080,Northeast,36,46,2026-03-31
PROD000142,West,164,27,2026-03-31
PROD000016,West,50,29,2026-03-31
PROD000037,Northeast,68,45,2026-03-31
PROD000013,West,39,62,2026-03-31
PROD000210,West,121,34,2026-03-31
PROD000135,Southeast,79,60,2026-03-31
PROD000020,Northeast,56,55,2026-03-31
PROD000011,Midwest,58,41,2026-03-31
PROD000030,Midwest,206,42,2026-03-31
PROD000028,Midwest,164,69,2026-03-31
PROD000081,Northeast,223,37,2026-03-31
PROD000018,Southeast,109,26,2026-03-31
PROD000150,West,209,61,2026-03-31
PROD000127,West,109,61,2026-03-31
PROD000060,West,237,69,2026-03-31
PROD000051,Northeast,132,16,2026-03-31
PROD000157,Northeast,144,26,2026-04-01
PROD000161,Southeast,54,51,2026-04-01
PROD000082,Southeast,95,61,2026-04-01
PROD000072,Midwest,92,44,2026-04-01
PROD000030,Northeast,80,43,2026-04-01
PROD000206,Southeast,173,24,2026-04-01
PROD000098,Southeast,146,53,2026-04-01
PROD000062,Northeast,179,30,2026-04-01
PROD000132,Northeast,148,33,2026-04-01
PROD000118,Southeast,203,30,2026-04-01
PROD000202,Southeast,148,30,2026-04-01
PROD000195,Midwest,126,31,2026-04-01
PROD000024,Southeast,130,36,2026-04-01
PROD000047,Northeast,90,67,2026-04-01
PROD000159,Northeast,101,34,2026-04-01
PROD000064,Southeast,57,69,2026-04-01
PROD000160,Northeast,58,38,2026-04-01
PROD000121,Southeast,93,25,2026-04-01
PROD000137,Northeast,222,16,2026-04-01
PROD000112,Midwest,3,59,2026-04-01
PROD000034,Southeast,6,22,2026-04-01
PROD000186,Midwest,61,45,2026-04-01
PROD000216,West,4,16,2026-04-01
PROD000069,Midwest,110,26,2026-04-01
PROD000131,Northeast,97,55,2026-04-01
PROD000205,West,227,31,2026-04-01
PROD000201,Northeast,38,23,2026-04-01
PROD000184,Midwest,21,26,2026-04-01
PROD000001,Southeast,76,23,2026-04-01
PROD000140,Southeast,200,33,2026-04-01
PROD000119,Northeast,53,18,2026-04-01
PROD000089,Southeast,14,19,2026-04-01
PROD000165,Northeast,18,36,2026-04-01
PROD000129,Northeast,71,41,2026-04-01
PROD000163,Northeast,82,36,2026-04-01
PROD000114,Midwest,152,26,2026-04-01
PROD000152,Northeast,162,35,2026-04-01
PROD000104,Midwest,117,64,2026-04-01
PROD000194,Southeast,13,53,2026-04-01
PROD000092,Midwest,69,49,2026-04-01
PROD000036,Northeast,29,52,2026-04-01
PROD000008,Northeast,4,50,2026-04-01
PROD000011,Southeast,105,50,2026-04-01
PROD000086,West,142,38,2026-04-01
PROD000170,West,141,67,2026-04-01
PROD000145,Northeast,105,30,2026-04-01
PROD000081,West,83,37,2026-04-01
PROD000057,West,213,34,2026-04-01
PROD000110,West,210,67,2026-04-01
PROD000151,Northeast,99,36,2026-04-01
PROD000171,Midwest,16,23,2026-04-01
PROD000117,Southeast,23,43,2026-04-01
PROD000187,Northeast,13,15,2026-04-01
PROD000248,Midwest,181,20,2026-04-01
PROD000237,Northeast,161,46,2026-04-01
PROD000019,West,165,28,2026-04-01
PROD000004,Northeast,206,25,2026-04-01
PROD000067,Northeast,162,21,2026-04-01
PROD000002,West,159,56,2026-04-01
PROD000156,Midwest,151,37,2026-04-01
PROD000215,Midwest,231,42,2026-04-01
PROD000228,Northeast,43,43,2026-04-01
PROD000197,Midwest,167,59,2026-04-01
PROD000233,Southeast,9,32,2026-04-01
PROD000227,Northeast,125,17,2026-04-01
PROD000066,Midwest,75,35,2026-04-01
PROD000050,Northeast,230,43,2026-04-01
PROD000146,Southeast,108,41,2026-04-01
PROD000038,West,21,20,2026-04-01
PROD000188,Southeast,97,22,2026-04-01
PROD000029,West,194,61,2026-04-01
PROD000095,West,78,31,2026-04-01
PROD000108,Northeast,66,42,2026-04-01
PROD000141,West,144,39,2026-04-01
PROD000173,West,219,69,2026-04-01
PROD000198,West,154,54,2026-04-01
PROD000085,Midwest,7,27,2026-04-01
PROD000234,Midwest,76,56,2026-04-01
PROD000243,Midwest,188,44,2026-04-01
PROD000033,Midwest,104,54,2026-04-01
PROD000054,Midwest,148,35,2026-04-01
PROD000191,Southeast,97,38,2026-04-01
PROD000016,Midwest,198,47,2026-04-01
PROD000219,Northeast,186,64,2026-04-01
PROD000164,Midwest,38,26,2026-04-01
PROD000041,Midwest,228,61,2026-04-01
PROD000101,Midwest,5,34,2026-04-01
PROD000232,West,7,67,2026-04-01
PROD000053,Northeast,98,59,2026-04-01
PROD000079,Northeast,198,35,2026-04-01
PROD000142,West,2,64,2026-04-01
PROD000028,West,126,21,2026-04-01
PROD000220,Northeast,88,67,2026-04-01
PROD000123,Southeast,98,66,2026-04-01
PROD000179,West,159,68,2026-04-01
PROD000031,Midwest,184,46,2026-04-01
PROD000143,Midwest,236,46,2026-04-01
PROD000017,West,120,69,2026-04-01
PROD000126,Northeast,14,25,2026-04-01
PROD000127,Southeast,83,44,2026-04-01
PROD000231,West,108,40,2026-04-01
PROD000168,Southeast,36,51,2026-04-01
PROD000193,West,64,33,2026-04-01
PROD000217,Northeast,200,30,2026-04-01
PROD000242,West,66,42,2026-04-01
PROD000091,West,88,34,2026-04-01
PROD000023,West,14,26,2026-04-01
PROD000235,Northeast,46,15,2026-04-01
PROD000087,Southeast,170,45,2026-04-01
PROD000213,West,170,35,2026-04-01
PROD000052,West,176,35,2026-04-01
PROD000116,West,18,15,2026-04-01
PROD000044,West,2,50,2026-04-01
PROD000068,Southeast,45,48,2026-04-01
PROD000226,Northeast,202,44,2026-04-01
PROD000147,Midwest,182,41,2026-04-01
PROD000180,Southeast,66,15,2026-04-01
PROD000177,Northeast,70,44,2026-04-01
PROD000021,Northeast,193,64,2026-04-01
PROD000175,Southeast,122,19,2026-04-01
PROD000173,Southeast,172,68,2026-04-02
PROD000069,Northeast,37,56,2026-04-02
PROD000127,West,62,50,2026-04-02
PROD000250,West,57,21,2026-04-02
PROD000175,Northeast,124,39,2026-04-02
PROD000222,Southeast,178,45,2026-04-02
PROD000178,Southeast,73,60,2026-04-02
PROD000083,West,118,40,2026-04-02
PROD000144,Northeast,132,56,2026-04-02
PROD000226,Southeast,181,57,2026-04-02
PROD000053,Southeast,211,28,2026-04-02
PROD000216,West,68,26,2026-04-02
PROD000215,Southeast,144,38,2026-04-02
PROD000233,Northeast,116,29,2026-04-02
PROD000184,Southeast,113,50,2026-04-02
PROD000221,Midwest,52,38,2026-04-02
PROD000037,Northeast,84,41,2026-04-02
PROD000151,Northeast,72,52,2026-04-02
PROD000059,Northeast,53,64,2026-04-02
PROD000095,West,212,55,2026-04-02
PROD000199,Northeast,236,56,2026-04-02
PROD000200,West,133,65,2026-04-02
PROD000136,Midwest,32,24,2026-04-02
PROD000074,West,204,22,2026-04-02
PROD000106,Southeast,103,24,2026-04-02
PROD000133,West,8,26,2026-04-02
PROD000084,Southeast,61,52,2026-04-02
PROD000047,West,238,22,2026-04-02
PROD000066,West,68,46,2026-04-02
PROD000214,Northeast,19,30,2026-04-02
PROD000035,Southeast,11,16,2026-04-02
PROD000176,Southeast,67,50,2026-04-02
PROD000180,Northeast,93,40,2026-04-02
PROD000058,Northeast,81,43,2026-04-02
PROD000090,West,120,34,2026-04-02
PROD000149,Northeast,158,45,2026-04-02
PROD000169,Southeast,61,54,2026-04-02
PROD000092,Midwest,45,28,2026-04-02
PROD000131,Northeast,13,43,2026-04-02
PROD000142,Midwest,118,57,2026-04-02
PROD000021,West,92,25,2026-04-02
PROD000012,Northeast,198,60,2026-04-02
PROD000189,Southeast,216,53,2026-04-02
PROD000029,Southeast,156,35,2026-04-02
PROD000042,West,24,51,2026-04-02
PROD000049,Northeast,125,30,2026-04-02
PROD000230,Southeast,223,22,2026-04-02
PROD000209,West,69,19,2026-04-02
PROD000055,Southeast,171,44,2026-04-02
PROD000114,West,222,23,2026-04-02
PROD000051,Northeast,29,63,2026-04-02
PROD000212,Midwest,213,41,2026-04-02
PROD000009,West,238,43,2026-04-02
PROD000112,Southeast,102,60,2026-04-02
PROD000013,Northeast,231,57,2026-04-02
PROD000065,Southeast,207,16,2026-04-02
PROD000097,Northeast,175,65,2026-04-02
PROD000022,Southeast,220,23,2026-04-02
PROD000032,Southeast,135,55,2026-04-02
PROD000137,West,16,65,2026-04-02
PROD000025,Midwest,74,67,2026-04-02
PROD000064,Northeast,4,21,2026-04-02
PROD000002,Midwest,204,19,2026-04-02
PROD000239,Southeast,91,41,2026-04-02
PROD000249,Midwest,53,26,2026-04-02
PROD000004,Southeast,127,46,2026-04-02
PROD000118,Midwest,19,45,2026-04-02
PROD000104,West,76,62,2026-04-02
PROD000195,West,47,54,2026-04-02
PROD000124,Northeast,215,19,2026-04-02
PROD000057,Northeast,18,50,2026-04-02
PROD000208,West,31,53,2026-04-02
PROD000147,Northeast,202,69,2026-04-02
PROD000156,Southeast,238,55,2026-04-02
PROD000113,Southeast,228,33,2026-04-02
PROD000087,Northeast,65,40,2026-04-02
PROD000093,West,102,15,2026-04-02
PROD000031,Midwest,186,15,2026-04-02
PROD000190,West,75,18,2026-04-02
PROD000130,Northeast,21,44,2026-04-02
PROD000234,Midwest,2,20,2026-04-02
PROD000117,Midwest,90,41,2026-04-02
PROD000143,Northeast,85,62,2026-04-02
PROD000062,Southeast,167,28,2026-04-02
PROD000148,Northeast,103,19,2026-04-02
PROD000034,West,120,35,2026-04-02
PROD000040,West,124,65,2026-04-02
PROD000129,Northeast,102,25,2026-04-02
PROD000165,Northeast,18,18,2026-04-02
PROD000158,Southeast,132,34,2026-04-02
PROD000115,Southeast,48,56,2026-04-02
PROD000054,Northeast,79,66,2026-04-02
PROD000003,Southeast,18,68,2026-04-02
PROD000245,Northeast,209,67,2026-04-02
PROD000241,Northeast,120,52,2026-04-02
PROD000191,Northeast,108,31,2026-04-02
PROD000196,West,122,27,2026-04-02
PROD000020,West,17,38,2026-04-02
PROD000225,Southeast,119,51,2026-04-02
PROD000159,Southeast,190,32,2026-04-02
PROD000150,Southeast,201,66,2026-04-02
PROD000094,Midwest,124,23,2026-04-02
PROD000076,Southeast,59,48,2026-04-02
PROD000045,Southeast,81,47,2026-04-02
PROD000098,Midwest,79,42,2026-04-02
PROD000109,Midwest,193,21,2026-04-02
PROD000182,Southeast,74,29,2026-04-02
PROD000014,West,231,44,2026-04-02
PROD000197,West,199,38,2026-04-02
PROD000038,West,61,60,2026-04-02
PROD000078,Southeast,197,61,2026-04-02
PROD000193,West,38,42,2026-04-02
PROD000100,Northeast,139,54,2026-04-02
PROD000048,Southeast,53,34,2026-04-02
PROD000005,Southeast,2,56,2026-04-02
PROD000043,Midwest,207,40,2026-04-02
PROD000015,Northeast,50,48,2026-04-02
PROD000111,Midwest,211,57,2026-04-02
PROD000071,Northeast,87,29,2026-04-02
PROD000056,West,20,27,2026-04-02
PROD000121,West,29,44,2026-04-03
PROD000096,Northeast,124,59,2026-04-03
PROD000153,Northeast,29,20,2026-04-03
PROD000147,Southeast,36,27,2026-04-03
PROD000197,West,103,34,2026-04-03
PROD000095,West,143,25,2026-04-03
PROD000064,West,57,67,2026-04-03
PROD000022,Northeast,160,62,2026-04-03
PROD000195,Midwest,127,44,2026-04-03
PROD000145,Southeast,59,32,2026-04-03
PROD000179,Southeast,237,49,2026-04-03
PROD000033,West,84,32,2026-04-03
PROD000162,Midwest,221,36,2026-04-03
PROD000043,Northeast,89,65,2026-04-03
PROD000227,Southeast,1,33,2026-04-03
PROD000224,West,56,53,2026-04-03
PROD000092,Southeast,92,47,2026-04-03
PROD000211,Northeast,53,23,2026-04-03
PROD000194,Northeast,38,46,2026-04-03
PROD000099,Midwest,198,50,2026-04-03
PROD000101,Midwest,130,45,2026-04-03
PROD000178,Northeast,107,54,2026-04-03
PROD000212,Northeast,120,66,2026-04-03
PROD000105,West,143,57,2026-04-03
PROD000188,Southeast,142,22,2026-04-03
PROD000116,Midwest,163,30,2026-04-03
PROD000210,Northeast,99,22,2026-04-03
PROD000155,Midwest,160,65,2026-04-03
PROD000059,Southeast,108,51,2026-04-03
PROD000238,Midwest,149,58,2026-04-03
PROD000143,West,20,47,2026-04-03
PROD000040,Southeast,192,49,2026-04-03
PROD000247,West,79,56,2026-04-03
PROD000157,Southeast,196,25,2026-04-03
PROD000137,West,189,37,2026-04-03
PROD000218,Northeast,72,29,2026-04-03
PROD000051,Midwest,3,44,2026-04-03
PROD000068,Midwest,12,48,2026-04-03
PROD000191,West,30,56,2026-04-03
PROD000220,Northeast,122,66,2026-04-03
PROD000060,Northeast,217,29,2026-04-03
PROD000044,Midwest,172,41,2026-04-03
PROD000159,Northeast,228,33,2026-04-03
PROD000133,West,21,46,2026-04-03
PROD000037,Midwest,126,36,2026-04-03
PROD000017,West,152,30,2026-04-03
PROD000045,West,92,31,2026-04-03
PROD000149,West,63,60,2026-04-03
PROD000003,Southeast,144,67,2026-04-03
PROD000016,Northeast,162,41,2026-04-03
PROD000130,Southeast,126,22,2026-04-03
PROD000097,West,115,66,2026-04-03
PROD000127,Southeast,133,65,2026-04-03
PROD000018,Midwest,25,56,2026-04-03
PROD000047,Midwest,98,49,2026-04-03
PROD000174,Midwest,66,26,2026-04-03
PROD000169,West,190,16,2026-04-03
PROD000071,Southeast,158,48,2026-04-03
PROD000250,Southeast,202,60,2026-04-03
PROD000125,West,176,38,2026-04-03
PROD000020,West,158,41,2026-04-03
PROD000170,Southeast,149,42,2026-04-03
PROD000173,Midwest,16,33,2026-04-03
PROD000185,Midwest,51,51,2026-04-03
PROD000113,Northeast,151,28,2026-04-03
PROD000209,West,0,49,2026-04-03
PROD000066,Midwest,184,51,2026-04-03
PROD000236,West,130,27,2026-04-03
PROD000054,Midwest,88,55,2026-04-03
PROD000232,West,167,43,2026-04-03
PROD000168,Northeast,101,22,2026-04-03
PROD000005,Northeast,62,49,2026-04-03
PROD000223,Midwest,18,66,2026-04-03
PROD000094,Midwest,15,40,2026-04-03
PROD000187,Southeast,171,40,2026-04-03
PROD000201,Southeast,181,36,2026-04-03
PROD000193,Northeast,97,19,2026-04-03
PROD000086,Northeast,55,20,2026-04-03
PROD000235,Northeast,229,62,2026-04-03
PROD000221,West,18,54,2026-04-03
PROD000198,Midwest,72,50,2026-04-03
PROD000039,Southeast,130,58,2026-04-03
PROD000154,Midwest,153,47,2026-04-03
PROD000036,West,33,32,2026-04-03
PROD000007,Midwest,189,59,2026-04-03
PROD000109,Midwest,230,48,2026-04-03
PROD000120,Northeast,200,37,2026-04-03
PROD000041,Southeast,239,18,2026-04-03
PROD000056,Southeast,95,54,2026-04-03
PROD000165,West,82,34,2026-04-03
PROD000085,Midwest,97,18,2026-04-03
PROD000063,West,76,30,2026-04-03
PROD000216,Southeast,91,41,2026-04-03
PROD000139,West,212,32,2026-04-03
PROD000049,Southeast,170,49,2026-04-03
PROD000237,West,7,23,2026-04-03
PROD000122,Northeast,230,26,2026-04-03
PROD000129,Midwest,59,64,2026-04-03
PROD000042,Midwest,94,63,2026-04-03
PROD000090,Midwest,163,30,2026-04-03
PROD000031,Northeast,164,35,2026-04-03
PROD000035,Southeast,2,31,2026-04-03
PROD000027,Midwest,45,64,2026-04-03
PROD000239,Midwest,195,37,2026-04-03
PROD000142,West,71,46,2026-04-03
PROD000032,West,41,54,2026-04-03
PROD000075,Southeast,34,68,2026-04-03
PROD000141,Southeast,161,62,2026-04-03
PROD000021,Northeast,11,34,2026-04-03
PROD000026,Northeast,149,53,2026-04-03
PROD000009,Southeast,47,62,2026-04-03
PROD000070,West,196,27,2026-04-03
PROD000150,West,124,38,2026-04-03
PROD000062,West,85,39,2026-04-03
PROD000123,Southeast,5,39,2026-04-03
PROD000248,Northeast,119,25,2026-04-03
PROD000233,West,27,21,2026-04-03
PROD000213,Northeast,86,51,2026-04-03
PROD000246,Southeast,125,39,2026-04-03
PROD000146,Southeast,142,22,2026-04-03
PROD000247,Midwest,212,49,2026-04-04
PROD000025,Midwest,158,58,2026-04-04
PROD000095,Southeast,214,48,2026-04-04
PROD000152,West,19,53,2026-04-04
PROD000223,Northeast,90,43,2026-04-04
PROD000106,West,235,63,2026-04-04
PROD000081,Northeast,42,31,2026-04-04
PROD000156,West,174,23,2026-04-04
PROD000200,West,32,32,2026-04-04
PROD000244,Midwest,133,17,2026-04-04
PROD000048,Southeast,154,22,2026-04-04
PROD000241,Midwest,3,57,2026-04-04
PROD000233,West,2,67,2026-04-04
PROD000172,Northeast,106,59,2026-04-04
PROD000052,Southeast,148,43,2026-04-04
PROD000042,Midwest,173,65,2026-04-04
PROD000246,West,191,36,2026-04-04
PROD000227,Northeast,27,39,2026-04-04
PROD000059,Midwest,8,36,2026-04-04
PROD000069,Southeast,104,23,2026-04-04
PROD000072,West,58,18,2026-04-04
PROD000058,Midwest,172,42,2026-04-04
PROD000167,Midwest,156,67,2026-04-04
PROD000094,Southeast,108,33,2026-04-04
PROD000050,West,149,23,2026-04-04
PROD000114,Southeast,92,41,2026-04-04
PROD000220,Northeast,65,23,2026-04-04
PROD000147,Midwest,66,40,2026-04-04
PROD000171,Northeast,180,38,2026-04-04
PROD000068,Midwest,5,17,2026-04-04
PROD000121,Northeast,86,17,2026-04-04
PROD000125,West,40,55,2026-04-04
PROD000208,Midwest,127,19,2026-04-04
PROD000145,Southeast,238,55,2026-04-04
PROD000043,Midwest,9,59,2026-04-04
PROD000057,West,50,54,2026-04-04
PROD000116,Northeast,91,18,2026-04-04
PROD000086,Midwest,207,20,2026-04-04
PROD000197,West,63,47,2026-04-04
PROD000018,Northeast,203,60,2026-04-04
PROD000046,Northeast,101,17,2026-04-04
PROD000122,Midwest,133,52,2026-04-04
PROD000210,Midwest,86,49,2026-04-04
PROD000056,Northeast,71,48,2026-04-04
PROD000038,Northeast,201,51,2026-04-04
PROD000249,Southeast,111,35,2026-04-04
PROD000136,Southeast,152,43,2026-04-04
PROD000111,Northeast,55,17,2026-04-04
PROD000236,Midwest,54,33,2026-04-04
PROD000199,Southeast,229,50,2026-04-04
PROD000023,West,108,52,2026-04-04
PROD000195,Northeast,157,36,2026-04-04
PROD000015,Northeast,40,47,2026-04-04
PROD000074,Northeast,8,20,2026-04-04
PROD000192,Northeast,117,31,2026-04-04
PROD000115,Midwest,5,24,2026-04-04
PROD000021,Southeast,40,28,2026-04-04
PROD000085,Midwest,41,48,2026-04-04
PROD000153,Southeast,118,67,2026-04-04
PROD000093,Midwest,204,31,2026-04-04
PROD000245,Midwest,36,61,2026-04-04
PROD000184,Northeast,184,55,2026-04-04
PROD000193,Northeast,33,46,2026-04-04
PROD000002,Midwest,225,25,2026-04-04
PROD000204,Midwest,25,23,2026-04-04
PROD000162,Southeast,218,46,2026-04-04
PROD000221,Midwest,61,15,2026-04-04
PROD000113,Northeast,150,55,2026-04-04
PROD000033,West,127,22,2026-04-04
PROD000179,West,72,67,2026-04-04
PROD000173,Northeast,46,58,2026-04-04
PROD000090,Midwest,115,30,2026-04-04
PROD000022,Midwest,195,17,2026-04-04
PROD000138,Midwest,15,49,2026-04-04
PROD000130,Northeast,11,19,2026-04-04
PROD000144,Midwest,49,48,2026-04-04
PROD000061,Northeast,192,48,2026-04-04
PROD000119,West,21,64,2026-04-04
PROD000131,Midwest,125,28,2026-04-04
PROD000127,Southeast,124,42,2026-04-04
PROD000009,Southeast,206,30,2026-04-04
PROD000196,Southeast,43,45,2026-04-04
PROD000120,West,52,40,2026-04-04
PROD000181,Midwest,162,16,2026-04-04
PROD000092,Northeast,13,27,2026-04-04
PROD000224,West,107,30,2026-04-04
PROD000217,Southeast,150,44,2026-04-04
PROD000175,Midwest,217,43,2026-04-04
PROD000013,West,89,36,2026-04-04
PROD000239,Northeast,113,21,2026-04-04
PROD000182,Southeast,77,59,2026-04-04
PROD000211,Southeast,197,62,2026-04-04
PROD000091,Southeast,66,53,2026-04-04
PROD000163,Southeast,117,28,2026-04-04
PROD000139,Midwest,199,22,2026-04-04
PROD000027,Northeast,56,21,2026-04-04
PROD000041,Midwest,133,36,2026-04-04
PROD000154,West,15,37,2026-04-04
PROD000100,Midwest,191,42,2026-04-04
PROD000166,West,0,25,2026-04-04
PROD000151,Midwest,86,56,2026-04-04
PROD000203,Midwest,71,23,2026-04-04
PROD000006,Northeast,18,30,2026-04-04
PROD000226,West,60,19,2026-04-04
PROD000228,Midwest,9,60,2026-04-04
PROD000030,Midwest,83,21,2026-04-04
PROD000209,Northeast,193,68,2026-04-04
PROD000117,West,140,43,2026-04-04
PROD000107,Midwest,25,64,2026-04-04
PROD000165,Northeast,0,63,2026-04-04
PROD000110,Midwest,164,23,2026-04-04
PROD000177,West,153,18,2026-04-04
PROD000029,Northeast,120,17,2026-04-04
PROD000213,Midwest,144,56,2026-04-04
PROD000012,Northeast,216,40,2026-04-04
PROD000134,Southeast,22,42,2026-04-04
PROD000207,West,113,30,2026-04-04
PROD000137,Northeast,160,25,2026-04-04
PROD000248,Southeast,59,56,2026-04-04
PROD000031,Northeast,230,24,2026-04-04
PROD000053,West,138,33,2026-04-05
PROD000190,West,140,23,2026-04-05
PROD000036,Northeast,141,39,2026-04-05
PROD000219,Southeast,234,45,2026-04-05
PROD000124,Midwest,237,29,2026-04-05
PROD000200,West,222,43,2026-04-05
PROD000203,West,31,54,2026-04-05
PROD000005,West,123,30,2026-04-05
PROD000159,Northeast,103,27,2026-04-05
PROD000033,West,208,25,2026-04-05
PROD000228,Northeast,192,66,2026-04-05
PROD000050,Midwest,222,65,2026-04-05
PROD000039,Southeast,216,21,2026-04-05
PROD000181,Midwest,138,42,2026-04-05
PROD000088,Midwest,18,38,2026-04-05
PROD000104,Northeast,203,20,2026-04-05
PROD000025,Northeast,21,41,2026-04-05
PROD000238,West,136,47,2026-04-05
PROD000231,Midwest,186,15,2026-04-05
PROD000150,West,69,31,2026-04-05
PROD000135,Midwest,232,20,2026-04-05
PROD000132,Midwest,140,32,2026-04-05
PROD000063,Midwest,6,40,2026-04-05
PROD000121,West,166,48,2026-04-05
PROD000008,Northeast,190,15,2026-04-05
PROD000127,West,86,63,2026-04-05
PROD000192,Northeast,17,17,2026-04-05
PROD000177,Midwest,131,55,2026-04-05
PROD000240,Midwest,144,24,2026-04-05
PROD000210,Northeast,158,46,2026-04-05
PROD000091,Southeast,120,31,2026-04-05
PROD000166,Southeast,207,56,2026-04-05
PROD000145,Southeast,193,58,2026-04-05
PROD000211,West,41,36,2026-04-05
PROD000169,Northeast,221,63,2026-04-05
PROD000123,Midwest,73,23,2026-04-05
PROD000032,Northeast,126,48,2026-04-05
PROD000029,West,212,45,2026-04-05
PROD000153,Southeast,22,65,2026-04-05
PROD000057,West,129,48,2026-04-05
PROD000015,Midwest,229,36,2026-04-05
PROD000172,Southeast,23,31,2026-04-05
PROD000060,Midwest,43,20,2026-04-05
PROD000194,Northeast,195,31,2026-04-05
PROD000055,Southeast,141,54,2026-04-05
PROD000221,West,178,61,2026-04-05
PROD000087,Northeast,125,38,2026-04-05
PROD000162,West,65,56,2026-04-05
PROD000013,West,23,25,2026-04-05
PROD000075,West,118,17,2026-04-05
PROD000011,West,208,65,2026-04-05
PROD000247,Southeast,95,67,2026-04-05
PROD000080,Southeast,170,24,2026-04-05
PROD000002,Northeast,198,62,2026-04-05
PROD000182,Southeast,221,17,2026-04-05
PROD000026,West,112,54,2026-04-05
PROD000037,Midwest,165,17,2026-04-05
PROD000214,West,116,20,2026-04-05
PROD000114,Northeast,77,26,2026-04-05
PROD000076,Midwest,112,46,2026-04-05
PROD000094,West,82,32,2026-04-05
PROD000090,Southeast,5,41,2026-04-05
PROD000001,Southeast,209,36,2026-04-05
PROD000235,Midwest,193,46,2026-04-05
PROD000239,West,145,16,2026-04-05
PROD000064,Northeast,169,25,2026-04-05
PROD000105,West,182,42,2026-04-05
PROD000101,West,93,39,2026-04-05
PROD000156,Northeast,167,29,2026-04-05
PROD000074,Midwest,44,68,2026-04-05
PROD000095,Midwest,39,68,2026-04-05
PROD000128,Midwest,10,41,2026-04-05
PROD000160,Northeast,149,37,2026-04-05
PROD000021,West,214,21,2026-04-05
PROD000186,Midwest,178,15,2026-04-05
PROD000161,West,124,45,2026-04-05
PROD000202,West,216,45,2026-04-05
PROD000069,Midwest,166,21,2026-04-05
PROD000054,Midwest,177,62,2026-04-05
PROD000031,Northeast,154,33,2026-04-05
PROD000022,Southeast,111,36,2026-04-05
PROD000227,Northeast,172,47,2026-04-05
PROD000082,Midwest,97,25,2026-04-05
PROD000027,Southeast,93,47,2026-04-05
PROD000139,Northeast,157,31,2026-04-05
PROD000225,Northeast,38,68,2026-04-05
PROD000131,Southeast,205,28,2026-04-05
PROD000180,West,191,33,2026-04-05
PROD000047,Midwest,212,19,2026-04-05
PROD000151,Midwest,218,65,2026-04-05
PROD000199,Southeast,95,69,2026-04-05
PROD000152,Southeast,189,63,2026-04-05
PROD000083,Northeast,233,50,2026-04-05
PROD000110,Midwest,83,66,2026-04-05
PROD000213,West,207,30,2026-04-05
PROD000146,Northeast,119,20,2026-04-05
PROD000195,Midwest,98,26,2026-04-05
PROD000098,Northeast,24,24,2026-04-05
PROD000073,Southeast,40,29,2026-04-05
PROD000086,Northeast,22,31,2026-04-05
PROD000017,West,85,67,2026-04-05
PROD000062,Northeast,85,17,2026-04-05
PROD000179,West,87,40,2026-04-05
PROD000226,Midwest,1,30,2026-04-05
PROD000085,Southeast,147,20,2026-04-05
PROD000234,Northeast,234,61,2026-04-05
PROD000140,West,5,36,2026-04-05
PROD000136,Northeast,186,30,2026-04-05
PROD000138,Southeast,57,66,2026-04-05
PROD000079,Midwest,94,59,2026-04-05
PROD000040,West,73,66,2026-04-05
PROD000148,Northeast,66,61,2026-04-05
PROD000102,West,107,18,2026-04-05
PROD000046,Midwest,40,67,2026-04-05
PROD000024,Midwest,26,32,2026-04-05
PROD000052,Southeast,38,46,2026-04-05
PROD000217,West,194,19,2026-04-05
PROD000048,West,9,15,2026-04-05
PROD000007,Northeast,172,65,2026-04-05
PROD000170,Midwest,65,21,2026-04-05
PROD000249,Northeast,32,55,2026-04-06
PROD000090,West,186,47,2026-04-06
PROD000165,West,9,23,2026-04-06
PROD000202,Midwest,15,59,2026-04-06
PROD000117,Northeast,25,35,2026-04-06
PROD000115,Northeast,47,28,2026-04-06
PROD000080,West,205,59,2026-04-06
PROD000077,West,53,51,2026-04-06
PROD000118,West,236,54,2026-04-06
PROD000138,West,46,38,2026-04-06
PROD000162,Midwest,149,50,2026-04-06
PROD000242,Southeast,187,61,2026-04-06
PROD000235,Southeast,179,33,2026-04-06
PROD000172,Northeast,52,29,2026-04-06
PROD000244,West,239,44,2026-04-06
PROD000224,Southeast,99,28,2026-04-06
PROD000038,Southeast,42,42,2026-04-06
PROD000104,Midwest,210,55,2026-04-06
PROD000060,Southeast,8,28,2026-04-06
PROD000025,West,51,58,2026-04-06
PROD000001,West,179,60,2026-04-06
PROD000100,Midwest,61,57,2026-04-06
PROD000083,Southeast,174,52,2026-04-06
PROD000061,West,228,33,2026-04-06
PROD000203,West,52,38,2026-04-06
PROD000012,West,20,28,2026-04-06
PROD000024,Southeast,71,52,2026-04-06
PROD000106,Northeast,154,21,2026-04-06
PROD000044,Northeast,140,26,2026-04-06
PROD000232,Northeast,30,62,2026-04-06
PROD000201,Northeast,163,21,2026-04-06
PROD000153,Northeast,202,49,2026-04-06
PROD000066,Midwest,10,34,2026-04-06
PROD000073,Southeast,236,55,2026-04-06
PROD000181,Midwest,118,20,2026-04-06
PROD000234,West,192,37,2026-04-06
PROD000157,West,188,67,2026-04-06
PROD000146,Midwest,142,40,2026-04-06
PROD000142,West,208,16,2026-04-06
PROD000222,Southeast,101,18,2026-04-06
PROD000053,Midwest,213,28,2026-04-06
PROD000143,Northeast,182,32,2026-04-06
PROD000019,West,6,66,2026-04-06
PROD000139,West,43,39,2026-04-06
PROD000140,West,183,68,2026-04-06
PROD000122,Northeast,50,24,2026-04-06
PROD000248,West,199,20,2026-04-06
PROD000027,Southeast,68,49,2026-04-06
PROD000167,Southeast,134,60,2026-04-06
PROD000237,West,23,52,2026-04-06
PROD000247,Midwest,199,33,2026-04-06
PROD000023,Northeast,40,34,2026-04-06
PROD000163,Northeast,239,17,2026-04-06
PROD000018,Northeast,71,28,2026-04-06
PROD000121,Midwest,56,48,2026-04-06
PROD000014,Southeast,145,23,2026-04-06
PROD000207,West,110,30,2026-04-06
PROD000193,West,163,22,2026-04-06
PROD000164,West,27,50,2026-04-06
PROD000015,Northeast,113,62,2026-04-06
PROD000145,West,24,53,2026-04-06
PROD000072,West,237,22,2026-04-06
PROD000007,Southeast,32,63,2026-04-06
PROD000210,West,106,43,2026-04-06
PROD000177,Southeast,76,47,2026-04-06
PROD000144,Midwest,111,17,2026-04-06
PROD000240,Northeast,149,67,2026-04-06
PROD000081,West,155,49,2026-04-06
PROD000050,West,216,47,2026-04-06
PROD000229,Southeast,36,58,2026-04-06
PROD000191,West,225,15,2026-04-06
PROD000123,Southeast,41,31,2026-04-06
PROD000069,Southeast,46,45,2026-04-06
PROD000216,Southeast,17,26,2026-04-06
PROD000160,Midwest,54,56,2026-04-06
PROD000062,Midwest,53,55,2026-04-06
PROD000225,Midwest,2,38,2026-04-06
PROD000183,Northeast,48,64,2026-04-06
PROD000156,Southeast,74,33,2026-04-06
PROD000008,Midwest,189,58,2026-04-06
PROD000132,Northeast,132,31,2026-04-06
PROD000111,Northeast,202,54,2026-04-06
PROD000107,West,175,35,2026-04-06
PROD000093,Northeast,45,51,2026-04-06
PROD000005,Southeast,99,57,2026-04-06
PROD000058,Southeast,200,66,2026-04-06
PROD000067,West,207,28,2026-04-06
PROD000185,Southeast,194,48,2026-04-06
PROD000217,Northeast,46,23,2026-04-06
PROD000152,West,164,36,2026-04-06
PROD000049,Southeast,193,48,2026-04-06
PROD000126,Midwest,121,65,2026-04-06
PROD000131,Southeast,50,46,2026-04-06
PROD000091,Southeast,79,56,2026-04-06
PROD000097,Southeast,159,19,2026-04-06
PROD000009,Southeast,230,57,2026-04-06
PROD000035,West,13,34,2026-04-06
PROD000047,Southeast,136,68,2026-04-06
PROD000045,Northeast,93,31,2026-04-06
PROD000227,West,131,27,2026-04-06
PROD000226,Northeast,136,31,2026-04-06
PROD000211,Midwest,215,43,2026-04-06
PROD000200,Northeast,128,31,2026-04-06
PROD000039,Midwest,95,27,2026-04-06
PROD000087,Midwest,164,33,2026-04-06
PROD000168,Midwest,26,42,2026-04-06
PROD000020,Southeast,158,65,2026-04-06
PROD000068,Southeast,74,45,2026-04-06
PROD000031,Midwest,71,49,2026-04-06
PROD000189,Midwest,228,17,2026-04-06
PROD000198,Southeast,39,42,2026-04-06
PROD000085,Southeast,180,38,2026-04-06
PROD000088,Northeast,48,66,2026-04-06
PROD000239,Midwest,17,49,2026-04-06
PROD000102,Northeast,114,23,2026-04-06
PROD000013,Southeast,219,48,2026-04-06
PROD000245,Southeast,179,69,2026-04-06
PROD000188,West,90,22,2026-04-06
PROD000037,Northeast,173,30,2026-04-06
PROD000074,Midwest,163,16,2026-04-06
PROD000125,Southeast,157,53,2026-04-07
PROD000205,Midwest,167,52,2026-04-07
PROD000134,Midwest,73,20,2026-04-07
PROD000152,Southeast,127,26,2026-04-07
PROD000057,West,53,50,2026-04-07
PROD000055,Northeast,49,45,2026-04-07
PROD000220,Northeast,66,44,2026-04-07
PROD000213,Northeast,61,17,2026-04-07
PROD000215,Northeast,23,63,2026-04-07
PROD000033,Midwest,35,37,2026-04-07
PROD000092,Northeast,179,32,2026-04-07
PROD000158,Midwest,234,30,2026-04-07
PROD000128,Southeast,89,40,2026-04-07
PROD000113,Northeast,3,23,2026-04-07
PROD000045,West,182,55,2026-04-07
PROD000148,Northeast,103,28,2026-04-07
PROD000236,Southeast,15,25,2026-04-07
PROD000232,West,15,32,2026-04-07
PROD000088,Northeast,125,19,2026-04-07
PROD000136,West,128,30,2026-04-07
PROD000075,Southeast,61,19,2026-04-07
PROD000065,Southeast,18,49,2026-04-07
PROD000195,West,90,52,2026-04-07
PROD000069,Midwest,233,57,2026-04-07
PROD000082,Southeast,231,57,2026-04-07
PROD000132,Northeast,220,50,2026-04-07
PROD000193,Midwest,95,27,2026-04-07
PROD000119,Midwest,34,44,2026-04-07
PROD000175,Southeast,124,20,2026-04-07
PROD000116,West,209,61,2026-04-07
PROD000146,Midwest,170,39,2026-04-07
PROD000081,Northeast,137,62,2026-04-07
PROD000219,Northeast,204,62,2026-04-07
PROD000138,West,144,15,2026-04-07
PROD000074,Southeast,79,18,2026-04-07
PROD000079,Midwest,230,59,2026-04-07
PROD000168,Southeast,57,59,2026-04-07
PROD000100,Southeast,136,20,2026-04-07
PROD000235,Southeast,151,32,2026-04-07
PROD000249,Midwest,24,20,2026-04-07
PROD000048,Northeast,84,34,2026-04-07
PROD000103,Northeast,33,46,2026-04-07
PROD000024,Northeast,71,65,2026-04-07
PROD000164,Northeast,59,57,2026-04-07
PROD000102,West,223,19,2026-04-07
PROD000077,Northeast,157,33,2026-04-07
PROD000163,Northeast,103,61,2026-04-07
PROD000091,Southeast,78,44,2026-04-07
PROD000066,Southeast,154,45,2026-04-07
PROD000186,West,164,64,2026-04-07
PROD000143,Midwest,226,20,2026-04-07
PROD000176,Northeast,34,65,2026-04-07
PROD000041,Northeast,111,41,2026-04-07
PROD000018,Southeast,222,49,2026-04-07
PROD000107,Southeast,23,65,2026-04-07
PROD000142,Southeast,219,64,2026-04-07
PROD000238,Southeast,181,37,2026-04-07
PROD000174,West,107,52,2026-04-07
PROD000053,Southeast,198,18,2026-04-07
PROD000224,Midwest,42,60,2026-04-07
PROD000188,Southeast,78,43,2026-04-07
PROD000030,Midwest,56,28,2026-04-07
PROD000104,West,117,25,2026-04-07
PROD000223,West,30,65,2026-04-07
PROD000072,Midwest,104,49,2026-04-07
PROD000108,Midwest,183,42,2026-04-07
PROD000089,Northeast,115,18,2026-04-07
PROD000096,Northeast,237,68,2026-04-07
PROD000197,Southeast,65,31,2026-04-07
PROD000080,Midwest,230,45,2026-04-07
PROD000179,Midwest,212,52,2026-04-07
PROD000139,West,163,44,2026-04-07
PROD000180,West,67,58,2026-04-07
PROD000005,Midwest,89,16,2026-04-07
PROD000216,Midwest,64,46,2026-04-07
PROD000109,Northeast,176,68,2026-04-07
PROD000120,Midwest,98,69,2026-04-07
PROD000038,Southeast,59,51,2026-04-07
PROD000140,Northeast,164,30,2026-04-07
PROD000050,Northeast,57,20,2026-04-07
PROD000101,West,30,28,2026-04-07
PROD000084,West,19,58,2026-04-07
PROD000196,Northeast,8,34,2026-04-07
PROD000035,West,207,25,2026-04-07
PROD000135,Southeast,132,22,2026-04-07
PROD000062,Northeast,26,50,2026-04-07
PROD000073,Midwest,236,49,2026-04-07
PROD000230,Midwest,2,17,2026-04-07
PROD000171,Northeast,71,19,2026-04-07
PROD000049,Northeast,228,35,2026-04-07
PROD000185,Southeast,195,47,2026-04-07
PROD000009,Midwest,85,54,2026-04-07
PROD000027,West,125,44,2026-04-07
PROD000078,Northeast,45,16,2026-04-07
PROD000153,Midwest,92,59,2026-04-07
PROD000019,Northeast,136,24,2026-04-07
PROD000204,West,87,65,2026-04-07
PROD000012,Midwest,7,17,2026-04-07
PROD000147,Midwest,86,22,2026-04-07
PROD000087,Midwest,183,28,2026-04-07
PROD000133,Southeast,106,51,2026-04-07
PROD000202,West,123,39,2026-04-07
PROD000060,Southeast,35,58,2026-04-07
PROD000112,Midwest,10,56,2026-04-07
PROD000184,Northeast,156,34,2026-04-07
PROD000208,Northeast,110,16,2026-04-07
PROD000212,Midwest,22,60,2026-04-07
PROD000244,Midwest,190,21,2026-04-07
PROD000165,Southeast,166,16,2026-04-07
PROD000032,Southeast,226,34,2026-04-07
PROD000022,Southeast,131,31,2026-04-07
PROD000056,Southeast,130,27,2026-04-07
PROD000122,Southeast,19,44,2026-04-07
PROD000209,Midwest,147,44,2026-04-07
PROD000194,Midwest,168,51,2026-04-07
PROD000162,Southeast,37,54,2026-04-07
PROD000191,Midwest,64,25,2026-04-07
PROD000241,West,223,45,2026-04-07
PROD000161,Midwest,20,38,2026-04-07
PROD000044,Northeast,126,38,2026-04-07
PROD000247,Southeast,101,57,2026-04-08
PROD000198,Northeast,43,36,2026-04-08
PROD000046,West,22,33,2026-04-08
PROD000112,Midwest,108,65,2026-04-08
PROD000124,Northeast,54,48,2026-04-08
PROD000065,Midwest,217,36,2026-04-08
PROD000118,West,208,48,2026-04-08
PROD000028,Southeast,194,51,2026-04-08
PROD000040,Southeast,168,32,2026-04-08
PROD000248,Midwest,123,18,2026-04-08
PROD000021,Midwest,201,50,2026-04-08
PROD000229,Southeast,216,23,2026-04-08
PROD000224,West,171,25,2026-04-08
PROD000171,West,138,41,2026-04-08
PROD000140,Midwest,187,49,2026-04-08
PROD000025,West,197,61,2026-04-08
PROD000139,Northeast,229,29,2026-04-08
PROD000082,Northeast,48,48,2026-04-08
PROD000066,Southeast,37,30,2026-04-08
PROD000087,Southeast,188,24,2026-04-08
PROD000249,Northeast,128,29,2026-04-08
PROD000096,Northeast,99,54,2026-04-08
PROD000010,Northeast,148,26,2026-04-08
PROD000236,Midwest,205,19,2026-04-08
PROD000158,Northeast,37,66,2026-04-08
PROD000173,Southeast,73,34,2026-04-08
PROD000190,West,103,24,2026-04-08
PROD000114,West,144,21,2026-04-08
PROD000108,Southeast,155,69,2026-04-08
PROD000134,Midwest,124,16,2026-04-08
PROD000053,West,73,32,2026-04-08
PROD000049,Midwest,194,23,2026-04-08
PROD000011,Northeast,54,31,2026-04-08
PROD000019,Midwest,2,57,2026-04-08
PROD000033,Northeast,161,56,2026-04-08
PROD000016,Midwest,90,35,2026-04-08
PROD000241,Midwest,52,66,2026-04-08
PROD000209,Southeast,195,63,2026-04-08
PROD000067,Northeast,204,31,2026-04-08
PROD000188,West,28,28,2026-04-08
PROD000100,Northeast,154,66,2026-04-08
PROD000152,Southeast,147,25,2026-04-08
PROD000168,Northeast,174,44,2026-04-08
PROD000174,West,44,58,2026-04-08
PROD000189,West,233,63,2026-04-08
PROD000064,Midwest,84,26,2026-04-08
PROD000003,Southeast,159,66,2026-04-08
PROD000166,Southeast,172,45,2026-04-08
PROD000200,West,135,27,2026-04-08
PROD000211,Southeast,94,31,2026-04-08
PROD000133,West,55,17,2026-04-08
PROD000226,Midwest,22,22,2026-04-08
PROD000038,West,90,37,2026-04-08
PROD000121,Northeast,236,62,2026-04-08
PROD000099,West,91,51,2026-04-08
PROD000119,West,75,63,2026-04-08
PROD000192,Southeast,7,37,2026-04-08
PROD000078,Midwest,181,60,2026-04-08
PROD000085,Southeast,1,67,2026-04-08
PROD000036,Northeast,155,20,2026-04-08
PROD000056,Southeast,139,36,2026-04-08
PROD000208,Midwest,65,28,2026-04-08
PROD000204,Northeast,201,33,2026-04-08
PROD000239,Northeast,168,25,2026-04-08
PROD000201,West,6,38,2026-04-08
PROD000127,Midwest,95,37,2026-04-08
PROD000228,Southeast,113,38,2026-04-08
PROD000120,Northeast,189,38,2026-04-08
PROD000075,Midwest,145,28,2026-04-08
PROD000218,Southeast,164,55,2026-04-08
PROD000187,Midwest,238,47,2026-04-08
PROD000054,Northeast,124,37,2026-04-08
PROD000154,Northeast,82,18,2026-04-08
PROD000156,Midwest,212,24,2026-04-08
PROD000164,Midwest,164,37,2026-04-08
PROD000004,Northeast,31,47,2026-04-08
PROD000045,West,86,24,2026-04-08
PROD000073,West,171,20,2026-04-08
PROD000058,Northeast,114,22,2026-04-08
PROD000148,Southeast,203,66,2026-04-08
PROD000101,Southeast,159,27,2026-04-08
PROD000024,Northeast,181,62,2026-04-08
PROD000143,Northeast,145,24,2026-04-08
PROD000129,Midwest,111,15,2026-04-08
PROD000144,Southeast,104,46,2026-04-08
PROD000007,Midwest,8,47,2026-04-08
PROD000104,Midwest,41,67,2026-04-08
PROD000151,Northeast,162,40,2026-04-08
PROD000185,West,161,19,2026-04-08
PROD000083,Northeast,212,59,2026-04-08
PROD000207,West,176,64,2026-04-08
PROD000102,Southeast,132,67,2026-04-08
PROD000044,West,179,67,2026-04-08
PROD000147,Midwest,167,32,2026-04-08
PROD000055,Southeast,14,57,2026-04-08
PROD000162,Midwest,187,29,2026-04-08
PROD000091,Northeast,195,50,2026-04-08
PROD000234,West,63,15,2026-04-08
PROD000048,Northeast,39,58,2026-04-08
PROD000157,Midwest,50,59,2026-04-08
PROD000206,West,18,21,2026-04-08
PROD000135,Midwest,150,57,2026-04-08
PROD000116,West,166,21,2026-04-08
PROD000095,West,159,69,2026-04-08
PROD000225,Midwest,134,25,2026-04-08
PROD000032,Midwest,177,55,2026-04-08
PROD000022,West,186,28,2026-04-08
PROD000023,Midwest,43,34,2026-04-08
PROD000017,Southeast,62,51,2026-04-08
PROD000180,West,212,15,2026-04-08
PROD000072,Northeast,77,66,2026-04-08
PROD000175,Midwest,203,58,2026-04-08
PROD000057,Midwest,97,42,2026-04-08
PROD000062,Southeast,52,58,2026-04-08
PROD000223,Southeast,106,17,2026-04-08
PROD000014,Northeast,101,47,2026-04-08
PROD000061,West,187,47,2026-04-08
PROD000029,Midwest,153,64,2026-04-08
PROD000037,West,97,30,2026-04-08
PROD000230,Southeast,232,37,2026-04-08
PROD000204,West,62,33,2026-04-09
PROD000079,Northeast,60,58,2026-04-09
PROD000088,West,91,23,2026-04-09
PROD000165,Northeast,181,52,2026-04-09
PROD000061,West,98,29,2026-04-09
PROD000117,Northeast,118,18,2026-04-09
PROD000102,West,9,49,2026-04-09
PROD000200,Northeast,176,19,2026-04-09
PROD000101,Northeast,143,50,2026-04-09
PROD000017,Southeast,125,46,2026-04-09
PROD000026,Southeast,211,60,2026-04-09
PROD000130,Northeast,81,56,2026-04-09
PROD000060,Midwest,170,32,2026-04-09
PROD000068,Northeast,186,50,2026-04-09
PROD000025,Northeast,156,20,2026-04-09
PROD000246,West,41,23,2026-04-09
PROD000184,Northeast,239,17,2026-04-09
PROD000030,Southeast,72,16,2026-04-09
PROD000206,Northeast,204,40,2026-04-09
PROD000066,West,62,32,2026-04-09
PROD000091,Northeast,131,24,2026-04-09
PROD000023,Southeast,72,58,2026-04-09
PROD000043,Midwest,57,43,2026-04-09
PROD000128,Midwest,76,53,2026-04-09
PROD000021,Northeast,177,52,2026-04-09
PROD000161,Midwest,29,46,2026-04-09
PROD000213,Southeast,9,50,2026-04-09
PROD000027,Northeast,185,49,2026-04-09
PROD000073,Midwest,113,20,2026-04-09
PROD000193,West,221,19,2026-04-09
PROD000232,Southeast,199,17,2026-04-09
PROD000024,Midwest,43,55,2026-04-09
PROD000197,Northeast,35,19,2026-04-09
PROD000105,Northeast,216,35,2026-04-09
PROD000159,West,42,51,2026-04-09
PROD000227,West,71,67,2026-04-09
PROD000070,Midwest,32,49,2026-04-09
PROD000012,West,5,46,2026-04-09
PROD000107,Northeast,48,15,2026-04-09
PROD000090,Northeast,8,37,2026-04-09
PROD000171,Midwest,96,23,2026-04-09
PROD000202,Southeast,104,32,2026-04-09
PROD000162,Southeast,18,22,2026-04-09
PROD000103,West,207,16,2026-04-09
PROD000154,Midwest,78,48,2026-04-09
PROD000238,West,178,59,2026-04-09
PROD000181,Southeast,186,18,2026-04-09
PROD000082,Northeast,175,65,2026-04-09
PROD000015,Northeast,154,67,2026-04-09
PROD000005,Midwest,127,57,2026-04-09
PROD000196,Northeast,10,64,2026-04-09
PROD000224,West,170,49,2026-04-09
PROD000062,Southeast,188,38,2026-04-09
PROD000191,West,198,62,2026-04-09
PROD000122,West,169,25,2026-04-09
PROD000067,Midwest,103,63,2026-04-09
PROD000078,Southeast,138,69,2026-04-09
PROD000247,West,183,28,2026-04-09
PROD000230,West,221,27,2026-04-09
PROD000143,Midwest,26,36,2026-04-09
PROD000187,Midwest,154,47,2026-04-09
PROD000248,Northeast,2,53,2026-04-09
PROD000080,West,38,35,2026-04-09
PROD000211,Midwest,207,52,2026-04-09
PROD000006,Midwest,98,51,2026-04-09
PROD000093,West,143,26,2026-04-09
PROD000032,Northeast,114,50,2026-04-09
PROD000038,Midwest,56,66,2026-04-09
PROD000167,Southeast,75,31,2026-04-09
PROD000149,Southeast,203,36,2026-04-09
PROD000001,West,179,15,2026-04-09
PROD000034,West,150,63,2026-04-09
PROD000244,West,115,18,2026-04-09
PROD000207,Midwest,44,35,2026-04-09
PROD000142,Midwest,55,43,2026-04-09
PROD000228,West,111,23,2026-04-09
PROD000033,Midwest,54,67,2026-04-09
PROD000056,Midwest,94,54,2026-04-09
PROD000136,Midwest,21,43,2026-04-09
PROD000190,West,69,43,2026-04-09
PROD000081,Northeast,130,38,2026-04-09
PROD000121,West,147,24,2026-04-09
PROD000205,West,72,59,2026-04-09
PROD000216,Northeast,17,64,2026-04-09
PROD000221,Southeast,159,52,2026-04-09
PROD000092,West,79,48,2026-04-09
PROD000199,West,137,59,2026-04-09
PROD000233,Northeast,184,39,2026-04-09
PROD000138,Midwest,138,48,2026-04-09
PROD000004,Southeast,213,48,2026-04-09
PROD000054,Midwest,197,69,2026-04-09
PROD000064,Midwest,120,58,2026-04-09
PROD000237,Midwest,224,61,2026-04-09
PROD000041,West,6,42,2026-04-09
PROD000059,Northeast,95,61,2026-04-09
PROD000095,Northeast,104,40,2026-04-09
PROD000086,Midwest,2,24,2026-04-09
PROD000118,Northeast,101,20,2026-04-09
PROD000235,Southeast,216,56,2026-04-09
PROD000098,Midwest,209,26,2026-04-09
PROD000139,Southeast,156,60,2026-04-09
PROD000057,Northeast,135,45,2026-04-09
PROD000069,Northeast,138,17,2026-04-09
PROD000126,West,184,48,2026-04-09
PROD000179,Southeast,115,64,2026-04-09
PROD000168,Midwest,183,48,2026-04-09
PROD000185,West,223,25,2026-04-09
PROD000144,Southeast,82,22,2026-04-09
PROD000040,Northeast,144,54,2026-04-09
PROD000106,Southeast,161,27,2026-04-09
PROD000243,West,166,24,2026-04-09
PROD000192,Southeast,226,67,2026-04-09
PROD000053,West,128,26,2026-04-09
PROD000112,Southeast,7,41,2026-04-09
PROD000201,Northeast,68,45,2026-04-09
PROD000234,Northeast,213,29,2026-04-09
PROD000218,Southeast,25,46,2026-04-09
PROD000010,Northeast,46,62,2026-04-09
PROD000011,Southeast,156,54,2026-04-09
PROD000113,Midwest,239,65,2026-04-09
PROD000228,Southeast,45,32,2026-04-10
PROD000141,West,52,55,2026-04-10
PROD000081,West,140,37,2026-04-10
PROD000129,Northeast,202,37,2026-04-10
PROD000120,Midwest,173,24,2026-04-10
PROD000237,West,189,66,2026-04-10
PROD000148,Midwest,201,30,2026-04-10
PROD000250,Northeast,137,61,2026-04-10
PROD000063,Northeast,97,35,2026-04-10
PROD000193,Northeast,66,45,2026-04-10
PROD000099,Southeast,154,64,2026-04-10
PROD000247,Midwest,186,60,2026-04-10
PROD000219,West,129,57,2026-04-10
PROD000024,Southeast,86,59,2026-04-10
PROD000213,Midwest,68,45,2026-04-10
PROD000133,Northeast,75,46,2026-04-10
PROD000061,Northeast,27,27,2026-04-10
PROD000147,Midwest,83,27,2026-04-10
PROD000102,Midwest,205,53,2026-04-10
PROD000033,Northeast,160,69,2026-04-10
PROD000008,West,164,26,2026-04-10
PROD000131,Northeast,13,40,2026-04-10
PROD000114,Southeast,136,56,2026-04-10
PROD000243,Southeast,117,45,2026-04-10
PROD000034,Northeast,168,33,2026-04-10
PROD000062,Southeast,76,26,2026-04-10
PROD000207,Southeast,220,36,2026-04-10
PROD000244,Southeast,104,37,2026-04-10
PROD000155,Midwest,209,61,2026-04-10
PROD000029,Southeast,127,43,2026-04-10
PROD000149,Northeast,201,64,2026-04-10
PROD000105,West,51,23,2026-04-10
PROD000118,West,61,19,2026-04-10
PROD000204,West,95,31,2026-04-10
PROD000195,West,187,68,2026-04-10
PROD000145,Midwest,107,42,2026-04-10
PROD000188,Southeast,120,57,2026-04-10
PROD000066,Northeast,19,67,2026-04-10
PROD000080,Midwest,106,29,2026-04-10
PROD000192,Midwest,64,30,2026-04-10
PROD000162,Southeast,71,27,2026-04-10
PROD000197,Southeast,35,42,2026-04-10
PROD000180,Northeast,218,39,2026-04-10
PROD000200,West,178,33,2026-04-10
PROD000245,West,32,35,2026-04-10
PROD000085,Midwest,116,16,2026-04-10
PROD000226,Midwest,223,26,2026-04-10
PROD000074,West,200,50,2026-04-10
PROD000017,Southeast,168,34,2026-04-10
PROD000101,Midwest,6,62,2026-04-10
PROD000230,West,227,66,2026-04-10
PROD000065,Northeast,7,15,2026-04-10
PROD000135,Northeast,13,37,2026-04-10
PROD000109,Midwest,79,33,2026-04-10
PROD000206,Southeast,236,29,2026-04-10
PROD000126,West,21,45,2026-04-10
PROD000234,Midwest,88,24,2026-04-10
PROD000172,Midwest,98,46,2026-04-10
PROD000202,Midwest,227,18,2026-04-10
PROD000240,Northeast,182,19,2026-04-10
PROD000106,Northeast,153,29,2026-04-10
PROD000151,Southeast,21,46,2026-04-10
PROD000218,Northeast,222,59,2026-04-10
PROD000096,West,143,34,2026-04-10
PROD000025,West,224,43,2026-04-10
PROD000152,Midwest,190,26,2026-04-10
PROD000190,Midwest,16,28,2026-04-10
PROD000068,Midwest,48,50,2026-04-10
PROD000165,West,193,47,2026-04-10
PROD000143,Northeast,97,64,2026-04-10
PROD000223,Northeast,1,19,2026-04-10
PROD000171,Southeast,28,66,2026-04-10
PROD000047,Northeast,61,52,2026-04-10
PROD000107,Southeast,24,34,2026-04-10
PROD000021,Northeast,229,33,2026-04-10
PROD000160,West,207,53,2026-04-10
PROD000224,Southeast,42,30,2026-04-10
PROD000146,Midwest,10,41,2026-04-10
PROD000166,Midwest,130,24,2026-04-10
PROD000248,Midwest,29,63,2026-04-10
PROD000057,Southeast,41,31,2026-04-10
PROD000011,West,111,40,2026-04-10
PROD000036,Midwest,43,48,2026-04-10
PROD000158,Southeast,233,25,2026-04-10
PROD000110,Northeast,143,30,2026-04-10
PROD000154,Midwest,56,20,2026-04-10
PROD000031,Midwest,149,47,2026-04-10
PROD000045,Southeast,172,43,2026-04-10
PROD000038,West,164,45,2026-04-10
PROD000199,Southeast,174,47,2026-04-10
PROD000075,Southeast,165,18,2026-04-10
PROD000130,Northeast,125,39,2026-04-10
PROD000035,Southeast,221,44,2026-04-10
PROD000242,Northeast,85,30,2026-04-10
PROD000221,Midwest,190,35,2026-04-10
PROD000026,Southeast,84,52,2026-04-10
PROD000123,Southeast,119,69,2026-04-10
PROD000084,Northeast,239,54,2026-04-10
PROD000236,West,214,42,2026-04-10
PROD000113,West,11,21,2026-04-10
PROD000054,Midwest,73,47,2026-04-10
PROD000100,West,55,19,2026-04-10
PROD000167,Northeast,105,37,2026-04-10
PROD000111,Northeast,234,17,2026-04-10
PROD000239,Southeast,69,40,2026-04-10
PROD000103,West,70,21,2026-04-10
PROD000037,Southeast,173,69,2026-04-10
PROD000009,Midwest,41,47,2026-04-10
PROD000092,West,136,26,2026-04-10
PROD000079,Northeast,118,58,2026-04-10
PROD000150,West,235,29,2026-04-10
PROD000189,Southeast,184,44,2026-04-10
PROD000098,West,183,35,2026-04-10
PROD000041,Southeast,216,29,2026-04-10
PROD000043,Southeast,172,25,2026-04-10
PROD000156,Southeast,0,24,2026-04-10
PROD000058,Northeast,238,47,2026-04-10
PROD000184,West,174,58,2026-04-10
PROD000249,Southeast,136,27,2026-04-10
PROD000177,Midwest,36,33,2026-04-10
PROD000054,West,107,56,2026-04-11
PROD000125,Southeast,93,40,2026-04-11
PROD000135,Southeast,24,15,2026-04-11
PROD000203,Southeast,97,65,2026-04-11
PROD000191,Midwest,53,53,2026-04-11
PROD000170,Northeast,159,36,2026-04-11
PROD000184,Northeast,70,43,2026-04-11
PROD000173,Southeast,47,68,2026-04-11
PROD000231,West,58,43,2026-04-11
PROD000070,Southeast,149,59,2026-04-11
PROD000011,Northeast,94,35,2026-04-11
PROD000133,West,45,46,2026-04-11
PROD000061,Midwest,205,45,2026-04-11
PROD000232,Northeast,41,47,2026-04-11
PROD000178,Midwest,192,65,2026-04-11
PROD000118,West,26,66,2026-04-11
PROD000088,West,47,40,2026-04-11
PROD000033,West,159,47,2026-04-11
PROD000040,West,203,22,2026-04-11
PROD000155,West,160,68,2026-04-11
PROD000206,Northeast,227,42,2026-04-11
PROD000162,West,144,39,2026-04-11
PROD000194,Southeast,221,36,2026-04-11
PROD000081,Northeast,139,67,2026-04-11
PROD000241,Southeast,25,61,2026-04-11
PROD000138,Southeast,32,18,2026-04-11
PROD000074,West,14,45,2026-04-11
PROD000167,Midwest,159,67,2026-04-11
PROD000038,Southeast,230,24,2026-04-11
PROD000215,West,181,36,2026-04-11
PROD000186,West,164,55,2026-04-11
PROD000147,Southeast,153,20,2026-04-11
PROD000023,Northeast,202,65,2026-04-11
PROD000247,Northeast,175,48,2026-04-11
PROD000013,Midwest,120,37,2026-04-11
PROD000014,Midwest,63,56,2026-04-11
PROD000078,Southeast,199,50,2026-04-11
PROD000024,West,189,34,2026-04-11
PROD000210,Northeast,207,23,2026-04-11
PROD000048,Midwest,67,64,2026-04-11
PROD000199,Northeast,233,51,2026-04-11
PROD000189,Midwest,150,63,2026-04-11
PROD000071,Midwest,84,42,2026-04-11
PROD000099,Southeast,152,63,2026-04-11
PROD000225,Northeast,53,54,2026-04-11
PROD000001,Northeast,110,53,2026-04-11
PROD000144,Midwest,100,53,2026-04-11
PROD000192,Northeast,144,22,2026-04-11
PROD000239,Southeast,215,45,2026-04-11
PROD000087,Northeast,205,46,2026-04-11
PROD000228,Northeast,5,43,2026-04-11
PROD000122,Northeast,218,63,2026-04-11
PROD000119,Midwest,16,47,2026-04-11
PROD000036,West,134,55,2026-04-11
PROD000212,West,157,54,2026-04-11
PROD000090,West,151,20,2026-04-11
PROD000136,Southeast,29,64,2026-04-11
PROD000053,Midwest,17,65,2026-04-11
PROD000035,Midwest,127,28,2026-04-11
PROD000025,Southeast,177,33,2026-04-11
PROD000086,Southeast,234,58,2026-04-11
PROD000230,Midwest,193,65,2026-04-11
PROD000166,West,158,46,2026-04-11
PROD000185,Southeast,177,68,2026-04-11
PROD000193,Northeast,119,64,2026-04-11
PROD000031,Southeast,1,31,2026-04-11
PROD000049,West,188,21,2026-04-11
PROD000112,West,132,40,2026-04-11
PROD000043,Midwest,238,15,2026-04-11
PROD000195,Southeast,76,66,2026-04-11
PROD000177,Northeast,71,38,2026-04-11
PROD000008,Northeast,141,45,2026-04-11
PROD000018,Southeast,218,48,2026-04-11
PROD000182,Northeast,138,63,2026-04-11
PROD000082,Midwest,79,24,2026-04-11
PROD000021,West,53,41,2026-04-11
PROD000181,West,220,67,2026-04-11
PROD000022,Southeast,175,22,2026-04-11
PROD000066,West,134,52,2026-04-11
PROD000201,West,194,18,2026-04-11
PROD000240,West,204,44,2026-04-11
PROD000204,Midwest,218,23,2026-04-11
PROD000207,Midwest,13,25,2026-04-11
PROD000140,Midwest,131,58,2026-04-11
PROD000196,Northeast,235,54,2026-04-11
PROD000137,Northeast,199,40,2026-04-11
PROD000064,Southeast,53,32,2026-04-11
PROD000096,West,156,34,2026-04-11
PROD000238,West,123,68,2026-04-11
PROD000030,Midwest,19,43,2026-04-11
PROD000083,West,198,22,2026-04-11
PROD000223,Midwest,10,64,2026-04-11
PROD000052,Southeast,29,18,2026-04-11
PROD000120,Southeast,109,35,2026-04-11
PROD000097,West,71,22,2026-04-11
PROD000156,Midwest,138,45,2026-04-11
PROD000029,Southeast,44,23,2026-04-11
PROD000217,Southeast,116,36,2026-04-11
PROD000187,West,176,17,2026-04-11
PROD000219,West,180,48,2026-04-11
PROD000124,West,77,30,2026-04-11
PROD000076,Northeast,52,49,2026-04-11
PROD000012,Northeast,103,46,2026-04-11
PROD000085,West,170,68,2026-04-11
PROD000009,Northeast,39,57,2026-04-11
PROD000095,Southeast,16,23,2026-04-11
PROD000042,Southeast,157,58,2026-04-11
PROD000065,West,16,32,2026-04-11
PROD000104,Northeast,144,38,2026-04-11
PROD000174,Midwest,53,16,2026-04-11
PROD000084,Southeast,81,15,2026-04-11
PROD000234,Southeast,202,25,2026-04-11
PROD000117,West,135,47,2026-04-11
PROD000220,Northeast,9,34,2026-04-11
PROD000102,Midwest,171,47,2026-04-11
PROD000068,Northeast,154,21,2026-04-11
PROD000197,Southeast,180,60,2026-04-11
PROD000226,Northeast,68,59,2026-04-11
PROD000130,West,200,50,2026-04-11
PROD000072,West,181,57,2026-04-11
PROD000028,West,88,56,2026-04-12
PROD000157,West,133,36,2026-04-12
PROD000243,Southeast,107,32,2026-04-12
PROD000018,Southeast,214,46,2026-04-12
PROD000154,Southeast,189,53,2026-04-12
PROD000183,Southeast,120,66,2026-04-12
PROD000002,Southeast,17,54,2026-04-12
PROD000177,West,208,15,2026-04-12
PROD000234,Southeast,23,55,2026-04-12
PROD000236,West,104,46,2026-04-12
PROD000184,West,41,29,2026-04-12
PROD000221,Northeast,175,55,2026-04-12
PROD000220,Southeast,10,25,2026-04-12
PROD000201,Midwest,54,43,2026-04-12
PROD000026,West,122,37,2026-04-12
PROD000044,Northeast,227,25,2026-04-12
PROD000151,Northeast,217,22,2026-04-12
PROD000172,Northeast,231,17,2026-04-12
PROD000108,Northeast,100,15,2026-04-12
PROD000125,Northeast,97,27,2026-04-12
PROD000086,Southeast,42,52,2026-04-12
PROD000051,West,32,61,2026-04-12
PROD000232,Southeast,151,19,2026-04-12
PROD000001,Midwest,194,55,2026-04-12
PROD000224,West,167,20,2026-04-12
PROD000118,Northeast,27,53,2026-04-12
PROD000160,Southeast,231,41,2026-04-12
PROD000230,West,196,31,2026-04-12
PROD000162,Midwest,225,55,2026-04-12
PROD000169,West,199,25,2026-04-12
PROD000163,West,210,27,2026-04-12
PROD000245,Southeast,38,68,2026-04-12
PROD000084,Northeast,28,57,2026-04-12
PROD000024,Midwest,227,17,2026-04-12
PROD000098,Midwest,47,33,2026-04-12
PROD000097,Southeast,0,66,2026-04-12
PROD000149,Midwest,35,17,2026-04-12
PROD000167,Northeast,22,36,2026-04-12
PROD000222,West,124,47,2026-04-12
PROD000082,West,138,53,2026-04-12
PROD000116,Northeast,118,43,2026-04-12
PROD000059,Midwest,49,67,2026-04-12
PROD000054,Southeast,120,40,2026-04-12
PROD000114,Northeast,232,35,2026-04-12
PROD000041,Northeast,63,53,2026-04-12
PROD000037,West,161,15,2026-04-12
PROD000189,Northeast,120,63,2026-04-12
PROD000043,Southeast,106,45,2026-04-12
PROD000180,West,10,53,2026-04-12
PROD000119,Midwest,224,18,2026-04-12
PROD000121,Southeast,125,40,2026-04-12
PROD000060,West,50,47,2026-04-12
PROD000209,Northeast,24,18,2026-04-12
PROD000057,Midwest,185,43,2026-04-12
PROD000191,Southeast,231,67,2026-04-12
PROD000238,Southeast,91,42,2026-04-12
PROD000135,West,85,49,2026-04-12
PROD000203,Midwest,182,15,2026-04-12
PROD000117,Northeast,204,54,2026-04-12
PROD000029,West,143,21,2026-04-12
PROD000079,Midwest,26,52,2026-04-12
PROD000229,Southeast,27,32,2026-04-12
PROD000217,Southeast,162,28,2026-04-12
PROD000012,West,16,40,2026-04-12
PROD000056,Northeast,239,52,2026-04-12
PROD000137,West,84,58,2026-04-12
PROD000099,West,22,22,2026-04-12
PROD000094,West,172,21,2026-04-12
PROD000038,Northeast,233,19,2026-04-12
PROD000216,Midwest,13,22,2026-04-12
PROD000179,Northeast,19,16,2026-04-12
PROD000100,Northeast,216,52,2026-04-12
PROD000182,Southeast,96,57,2026-04-12
PROD000210,Midwest,42,48,2026-04-12
PROD000133,Southeast,230,18,2026-04-12
PROD000089,Southeast,211,28,2026-04-12
PROD000197,Northeast,55,66,2026-04-12
PROD000030,Midwest,151,40,2026-04-12
PROD000192,Northeast,25,28,2026-04-12
PROD000176,Southeast,212,33,2026-04-12
PROD000193,Northeast,145,59,2026-04-12
PROD000066,Southeast,153,40,2026-04-12
PROD000103,Northeast,11,23,2026-04-12
PROD000145,Midwest,64,53,2026-04-12
PROD000042,Midwest,101,30,2026-04-12
PROD000153,Northeast,147,29,2026-04-12
PROD000200,Northeast,62,53,2026-04-12
PROD000129,Southeast,72,32,2026-04-12
PROD000068,Northeast,152,19,2026-04-12
PROD000053,Midwest,13,25,2026-04-12
PROD000132,Southeast,214,54,2026-04-12
PROD000087,Southeast,73,55,2026-04-12
PROD000211,West,55,36,2026-04-12
PROD000198,West,160,27,2026-04-12
PROD000219,Northeast,165,36,2026-04-12
PROD000158,West,121,18,2026-04-12
PROD000039,Southeast,224,34,2026-04-12
PROD000106,West,185,36,2026-04-12
PROD000247,Midwest,23,37,2026-04-12
PROD000250,Midwest,23,67,2026-04-12
PROD000228,West,101,30,2026-04-12
PROD000014,Midwest,184,52,2026-04-12
PROD000045,Northeast,130,47,2026-04-12
PROD000011,Northeast,73,57,2026-04-12
PROD000088,West,121,18,2026-04-12
PROD000144,Midwest,78,60,2026-04-12
PROD000052,West,112,54,2026-04-12
PROD000101,Southeast,122,33,2026-04-12
PROD000083,Northeast,43,63,2026-04-12
PROD000249,West,60,21,2026-04-12
PROD000031,West,208,20,2026-04-12
PROD000049,Northeast,36,64,2026-04-12
PROD000065,Southeast,227,34,2026-04-12
PROD000188,Midwest,31,61,2026-04-12
PROD000025,Midwest,74,53,2026-04-12
PROD000015,Northeast,93,69,2026-04-12
PROD000061,Midwest,135,44,2026-04-12
PROD000112,West,212,42,2026-04-12
PROD000091,Midwest,110,53,2026-04-12
PROD000159,West,207,36,2026-04-12
PROD000017,West,45,24,2026-04-13
PROD000153,Southeast,82,26,2026-04-13
PROD000229,West,132,45,2026-04-13
PROD000188,Southeast,87,66,2026-04-13
PROD000053,Southeast,34,39,2026-04-13
PROD000016,Southeast,6,54,2026-04-13
PROD000141,West,38,66,2026-04-13
PROD000039,Southeast,14,28,2026-04-13
PROD000001,Northeast,208,23,2026-04-13
PROD000156,Southeast,86,37,2026-04-13
PROD000108,Southeast,36,44,2026-04-13
PROD000115,Midwest,8,45,2026-04-13
PROD000250,Northeast,188,34,2026-04-13
PROD000041,West,66,25,2026-04-13
PROD000106,Northeast,92,35,2026-04-13
PROD000078,West,175,44,2026-04-13
PROD000212,Northeast,77,65,2026-04-13
PROD000130,Southeast,27,62,2026-04-13
PROD000172,West,133,48,2026-04-13
PROD000029,West,53,52,2026-04-13
PROD000118,Northeast,77,40,2026-04-13
PROD000117,Midwest,88,64,2026-04-13
PROD000009,Southeast,88,27,2026-04-13
PROD000240,Midwest,152,67,2026-04-13
PROD000196,Midwest,212,36,2026-04-13
PROD000131,Northeast,190,29,2026-04-13
PROD000050,Southeast,231,33,2026-04-13
PROD000102,Northeast,224,47,2026-04-13
PROD000213,Southeast,19,26,2026-04-13
PROD000205,West,229,68,2026-04-13
PROD000248,West,113,36,2026-04-13
PROD000022,West,177,46,2026-04-13
PROD000129,Northeast,213,69,2026-04-13
PROD000243,Midwest,203,51,2026-04-13
PROD000028,Southeast,119,61,2026-04-13
PROD000086,Northeast,22,49,2026-04-13
PROD000182,West,10,55,2026-04-13
PROD000113,Southeast,89,46,2026-04-13
PROD000244,Northeast,137,60,2026-04-13
PROD000069,West,85,43,2026-04-13
PROD000064,West,211,39,2026-04-13
PROD000183,Northeast,85,67,2026-04-13
PROD000046,Southeast,142,36,2026-04-13
PROD000220,West,160,49,2026-04-13
PROD000151,Midwest,174,41,2026-04-13
PROD000201,Northeast,43,35,2026-04-13
PROD000014,Northeast,105,57,2026-04-13
PROD000054,Northeast,143,20,2026-04-13
PROD000194,West,16,15,2026-04-13
PROD000037,Midwest,216,17,2026-04-13
PROD000107,West,38,32,2026-04-13
PROD000079,Southeast,204,18,2026-04-13
PROD000033,Southeast,27,57,2026-04-13
PROD000061,West,61,20,2026-04-13
PROD000101,Midwest,31,47,2026-04-13
PROD000247,Northeast,87,20,2026-04-13
PROD000105,Southeast,16,46,2026-04-13
PROD000018,West,43,44,2026-04-13
PROD000187,Southeast,231,30,2026-04-13
PROD000178,Midwest,40,43,2026-04-13
PROD000147,Midwest,190,27,2026-04-13
PROD000144,Southeast,121,53,2026-04-13
PROD000087,Northeast,234,22,2026-04-13
PROD000208,Southeast,87,51,2026-04-13
PROD000191,Southeast,142,44,2026-04-13
PROD000049,Midwest,169,26,2026-04-13
PROD000032,Southeast,126,45,2026-04-13
PROD000139,Northeast,209,66,2026-04-13
PROD000186,Southeast,38,43,2026-04-13
PROD000167,Southeast,176,49,2026-04-13
PROD000235,Southeast,20,67,2026-04-13
PROD000198,Southeast,215,20,2026-04-13
PROD000065,Southeast,104,22,2026-04-13
PROD000228,Southeast,50,54,2026-04-13
PROD000088,Southeast,96,33,2026-04-13
PROD000019,Southeast,132,23,2026-04-13
PROD000177,Midwest,104,52,2026-04-13
PROD000249,Southeast,199,32,2026-04-13
PROD000168,Midwest,141,31,2026-04-13
PROD000025,Southeast,77,53,2026-04-13
PROD000200,West,233,35,2026-04-13
PROD000047,Northeast,177,32,2026-04-13
PROD000154,Southeast,48,35,2026-04-13
PROD000204,West,239,61,2026-04-13
PROD000192,Midwest,111,39,2026-04-13
PROD000225,Midwest,23,37,2026-04-13
PROD000242,West,224,30,2026-04-13
PROD000031,Northeast,149,23,2026-04-13
PROD000098,Southeast,159,56,2026-04-13
PROD000241,Northeast,197,42,2026-04-13
PROD000095,Midwest,100,66,2026-04-13
PROD000193,Midwest,124,58,2026-04-13
PROD000219,Midwest,7,51,2026-04-13
PROD000093,Midwest,231,40,2026-04-13
PROD000011,Midwest,142,42,2026-04-13
PROD000134,Midwest,75,43,2026-04-13
PROD000159,Midwest,102,31,2026-04-13
PROD000215,Northeast,181,60,2026-04-13
PROD000015,Midwest,173,32,2026-04-13
PROD000007,West,24,54,2026-04-13
PROD000035,Northeast,30,63,2026-04-13
PROD000021,Midwest,181,39,2026-04-13
PROD000114,Northeast,116,56,2026-04-13
PROD000062,West,8,30,2026-04-13
PROD000122,Southeast,203,59,2026-04-13
PROD000063,Southeast,127,61,2026-04-13
PROD000237,Southeast,58,16,2026-04-13
PROD000058,Midwest,106,61,2026-04-13
PROD000217,Northeast,171,24,2026-04-13
PROD000076,Northeast,232,27,2026-04-13
PROD000206,Southeast,92,22,2026-04-13
PROD000148,Northeast,42,40,2026-04-13
PROD000127,West,84,31,2026-04-13
PROD000121,West,25,64,2026-04-13
PROD000080,Northeast,139,57,2026-04-13
PROD000020,Northeast,205,59,2026-04-13
PROD000043,Northeast,56,37,2026-04-13
PROD000030,Midwest,127,55,2026-04-13
PROD000023,Southeast,162,22,2026-04-13
PROD000125,Southeast,200,65,2026-04-13
PROD000204,West,72,46,2026-04-14
PROD000154,Northeast,165,21,2026-04-14
PROD000148,Midwest,144,55,2026-04-14
PROD000050,West,224,30,2026-04-14
PROD000062,Midwest,217,49,2026-04-14
PROD000126,Northeast,164,52,2026-04-14
PROD000158,Midwest,135,67,2026-04-14
PROD000018,Southeast,146,24,2026-04-14
PROD000076,Midwest,83,66,2026-04-14
PROD000084,Northeast,94,23,2026-04-14
PROD000160,Northeast,99,33,2026-04-14
PROD000080,West,83,64,2026-04-14
PROD000225,Midwest,29,42,2026-04-14
PROD000129,Northeast,13,69,2026-04-14
PROD000097,West,136,36,2026-04-14
PROD000182,Northeast,104,60,2026-04-14
PROD000035,Southeast,183,20,2026-04-14
PROD000144,Northeast,0,16,2026-04-14
PROD000187,West,234,68,2026-04-14
PROD000208,Midwest,183,18,2026-04-14
PROD000049,Midwest,84,16,2026-04-14
PROD000197,Northeast,194,64,2026-04-14
PROD000203,Midwest,79,59,2026-04-14
PROD000102,Midwest,134,45,2026-04-14
PROD000106,Northeast,162,20,2026-04-14
PROD000147,Southeast,37,42,2026-04-14
PROD000214,Northeast,25,57,2026-04-14
PROD000240,Midwest,113,60,2026-04-14
PROD000090,Northeast,41,41,2026-04-14
PROD000122,West,201,40,2026-04-14
PROD000136,West,115,21,2026-04-14
PROD000131,Southeast,81,30,2026-04-14
PROD000193,Midwest,194,41,2026-04-14
PROD000096,Northeast,82,37,2026-04-14
PROD000041,Northeast,28,65,2026-04-14
PROD000146,West,159,31,2026-04-14
PROD000109,Midwest,188,68,2026-04-14
PROD000170,Northeast,11,65,2026-04-14
PROD000026,Southeast,165,52,2026-04-14
PROD000124,Northeast,98,27,2026-04-14
PROD000046,Southeast,17,27,2026-04-14
PROD000038,Northeast,56,23,2026-04-14
PROD000089,Southeast,81,29,2026-04-14
PROD000008,Midwest,214,56,2026-04-14
PROD000074,Southeast,96,51,2026-04-14
PROD000016,Midwest,186,24,2026-04-14
PROD000033,Midwest,175,49,2026-04-14
PROD000117,Midwest,63,23,2026-04-14
PROD000139,Northeast,38,46,2026-04-14
PROD000006,Southeast,146,22,2026-04-14
PROD000245,West,102,15,2026-04-14
PROD000152,Northeast,167,31,2026-04-14
PROD000081,Southeast,20,29,2026-04-14
PROD000007,West,137,28,2026-04-14
PROD000174,West,75,38,2026-04-14
PROD000012,Midwest,86,34,2026-04-14
PROD000087,Northeast,154,52,2026-04-14
PROD000184,West,175,63,2026-04-14
PROD000209,Southeast,182,40,2026-04-14
PROD000066,Southeast,146,55,2026-04-14
PROD000151,Southeast,43,59,2026-04-14
PROD000104,Southeast,20,58,2026-04-14
PROD000071,Midwest,223,52,2026-04-14
PROD000107,Southeast,124,53,2026-04-14
PROD000095,Southeast,162,25,2026-04-14
PROD000159,Northeast,45,66,2026-04-14
PROD000250,Northeast,49,36,2026-04-14
PROD000202,Midwest,48,62,2026-04-14
PROD000020,Midwest,154,38,2026-04-14
PROD000243,Northeast,200,42,2026-04-14
PROD000234,West,44,40,2026-04-14
PROD000088,West,147,20,2026-04-14
PROD000249,Northeast,45,38,2026-04-14
PROD000247,West,88,39,2026-04-14
PROD000196,Southeast,98,53,2026-04-14
PROD000189,Midwest,115,49,2026-04-14
PROD000220,Northeast,236,29,2026-04-14
PROD000178,Midwest,232,57,2026-04-14
PROD000207,Southeast,132,64,2026-04-14
PROD000014,Midwest,194,48,2026-04-14
PROD000034,West,127,26,2026-04-14
PROD000040,Southeast,55,18,2026-04-14
PROD000101,Southeast,45,19,2026-04-14
PROD000166,Midwest,86,36,2026-04-14
PROD000060,Southeast,197,66,2026-04-14
PROD000123,Midwest,200,41,2026-04-14
PROD000051,Northeast,145,30,2026-04-14
PROD000052,West,26,25,2026-04-14
PROD000029,Northeast,94,63,2026-04-14
PROD000233,Midwest,130,30,2026-04-14
PROD000108,Midwest,2,38,2026-04-14
PROD000228,Northeast,96,58,2026-04-14
PROD000188,West,218,68,2026-04-14
PROD000105,Southeast,165,64,2026-04-14
PROD000239,West,223,29,2026-04-14
PROD000218,Northeast,214,51,2026-04-14
PROD000172,Southeast,116,49,2026-04-14
PROD000127,Midwest,130,40,2026-04-14
PROD000194,Midwest,114,54,2026-04-14
PROD000036,Northeast,190,40,2026-04-14
PROD000037,West,223,50,2026-04-14
PROD000110,Southeast,86,25,2026-04-14
PROD000027,Northeast,130,32,2026-04-14
PROD000216,Northeast,105,21,2026-04-14
PROD000212,Southeast,85,55,2026-04-14
PROD000028,Northeast,22,26,2026-04-14
PROD000056,West,161,54,2026-04-14
PROD000176,Northeast,27,31,2026-04-14
PROD000181,Midwest,50,51,2026-04-14
PROD000230,Northeast,57,35,2026-04-14
PROD000191,Midwest,208,28,2026-04-14
PROD000162,Southeast,60,59,2026-04-14
PROD000246,West,205,65,2026-04-14
PROD000141,Northeast,140,38,2026-04-14
PROD000195,West,163,42,2026-04-14
PROD000083,Northeast,68,69,2026-04-14
PROD000113,West,154,21,2026-04-14
PROD000185,Southeast,69,34,2026-04-14
PROD000164,Southeast,156,39,2026-04-14
PROD000179,West,196,43,2026-04-14
PROD000163,West,238,66,2026-04-15
PROD000184,Southeast,9,20,2026-04-15
PROD000159,Southeast,227,45,2026-04-15
PROD000034,Southeast,181,38,2026-04-15
PROD000136,Midwest,15,48,2026-04-15
PROD000150,Midwest,107,54,2026-04-15
PROD000010,Midwest,147,15,2026-04-15
PROD000061,West,83,34,2026-04-15
PROD000230,Southeast,201,25,2026-04-15
PROD000134,Midwest,42,34,2026-04-15
PROD000073,Midwest,131,68,2026-04-15
PROD000019,Southeast,136,63,2026-04-15
PROD000185,Southeast,236,17,2026-04-15
PROD000093,Midwest,159,23,2026-04-15
PROD000165,Southeast,190,16,2026-04-15
PROD000089,Midwest,17,61,2026-04-15
PROD000087,West,189,17,2026-04-15
PROD000143,Midwest,79,33,2026-04-15
PROD000189,West,220,67,2026-04-15
PROD000002,Midwest,163,35,2026-04-15
PROD000148,Southeast,58,44,2026-04-15
PROD000020,Northeast,70,50,2026-04-15
PROD000194,Midwest,33,38,2026-04-15
PROD000239,Northeast,42,29,2026-04-15
PROD000248,Southeast,131,64,2026-04-15
PROD000237,Southeast,161,54,2026-04-15
PROD000211,Midwest,140,39,2026-04-15
PROD000249,Midwest,42,43,2026-04-15
PROD000146,Midwest,116,43,2026-04-15
PROD000186,Midwest,196,53,2026-04-15
PROD000064,Southeast,145,24,2026-04-15
PROD000057,Midwest,40,68,2026-04-15
PROD000015,Midwest,217,16,2026-04-15
PROD000063,Southeast,11,39,2026-04-15
PROD000094,Midwest,60,31,2026-04-15
PROD000014,West,84,41,2026-04-15
PROD000151,Southeast,137,42,2026-04-15
PROD000050,Southeast,36,16,2026-04-15
PROD000197,Northeast,70,46,2026-04-15
PROD000199,Southeast,35,23,2026-04-15
PROD000168,Southeast,39,43,2026-04-15
PROD000170,Southeast,206,39,2026-04-15
PROD000209,Southeast,188,37,2026-04-15
PROD000233,Northeast,81,22,2026-04-15
PROD000160,Southeast,5,19,2026-04-15
PROD000240,Southeast,208,20,2026-04-15
PROD000097,Southeast,203,25,2026-04-15
PROD000157,Midwest,64,58,2026-04-15
PROD000161,Southeast,96,57,2026-04-15
PROD000004,Midwest,83,17,2026-04-15
PROD000180,Northeast,122,34,2026-04-15
PROD000154,Northeast,199,60,2026-04-15
PROD000195,Northeast,181,30,2026-04-15
PROD000024,Southeast,135,60,2026-04-15
PROD000167,Southeast,232,16,2026-04-15
PROD000049,Midwest,100,15,2026-04-15
PROD000033,West,100,34,2026-04-15
PROD000039,Northeast,161,66,2026-04-15
PROD000139,Midwest,140,44,2026-04-15
PROD000133,Midwest,122,58,2026-04-15
PROD000059,Midwest,172,36,2026-04-15
PROD000153,Northeast,10,44,2026-04-15
PROD000144,Northeast,10,66,2026-04-15
PROD000231,Midwest,180,46,2026-04-15
PROD000071,Northeast,89,28,2026-04-15
PROD000241,West,132,48,2026-04-15
PROD000130,Midwest,37,62,2026-04-15
PROD000077,Northeast,147,59,2026-04-15
PROD000232,West,184,35,2026-04-15
PROD000083,Northeast,183,34,2026-04-15
PROD000030,Midwest,136,69,2026-04-15
PROD000018,Midwest,138,32,2026-04-15
PROD000132,Southeast,225,32,2026-04-15
PROD000121,Southeast,210,45,2026-04-15
PROD000069,Southeast,118,15,2026-04-15
PROD000025,Southeast,161,48,2026-04-15
PROD000156,Southeast,193,58,2026-04-15
PROD000234,Northeast,170,33,2026-04-15
PROD000088,Southeast,195,45,2026-04-15
PROD000046,Northeast,53,62,2026-04-15
PROD000065,Midwest,106,46,2026-04-15
PROD000245,West,230,41,2026-04-15
PROD000017,Midwest,10,45,2026-04-15
PROD000021,Northeast,49,49,2026-04-15
PROD000012,Southeast,77,57,2026-04-15
PROD000041,Midwest,30,61,2026-04-15
PROD000179,Midwest,13,31,2026-04-15
PROD000181,West,188,28,2026-04-15
PROD000108,West,214,47,2026-04-15
PROD000229,Northeast,239,62,2026-04-15
PROD000175,Southeast,235,20,2026-04-15
PROD000091,Southeast,181,30,2026-04-15
PROD000227,Midwest,128,31,2026-04-15
PROD000028,Southeast,5,41,2026-04-15
PROD000084,Midwest,5,27,2026-04-15
PROD000031,West,134,37,2026-04-15
PROD000107,Southeast,39,68,2026-04-15
PROD000042,Northeast,89,68,2026-04-15
PROD000055,West,126,42,2026-04-15
PROD000023,West,138,60,2026-04-15
PROD000204,West,49,58,2026-04-15
PROD000027,Midwest,58,50,2026-04-15
PROD000106,Midwest,198,33,2026-04-15
PROD000236,Northeast,43,35,2026-04-15
PROD000128,West,55,32,2026-04-15
PROD000164,West,110,50,2026-04-15
PROD000225,Southeast,38,51,2026-04-15
PROD000114,Northeast,152,62,2026-04-15
PROD000177,Northeast,9,43,2026-04-15
PROD000207,West,150,22,2026-04-15
PROD000141,Southeast,146,40,2026-04-15
PROD000131,Southeast,183,36,2026-04-15
PROD000009,Midwest,86,50,2026-04-15
PROD000110,Midwest,207,27,2026-04-15
PROD000095,Midwest,148,24,2026-04-15
PROD000124,Southeast,5,54,2026-04-15
PROD000038,Midwest,115,24,2026-04-15
PROD000122,Midwest,209,63,2026-04-15
PROD000119,West,6,48,2026-04-15
PROD000196,Southeast,128,56,2026-04-15
PROD000077,Northeast,57,53,2026-04-16
PROD000029,Northeast,232,57,2026-04-16
PROD000016,West,78,24,2026-04-16
PROD000057,Northeast,193,16,2026-04-16
PROD000027,West,190,44,2026-04-16
PROD000170,West,228,38,2026-04-16
PROD000225,Northeast,95,40,2026-04-16
PROD000197,West,98,57,2026-04-16
PROD000183,Midwest,39,67,2026-04-16
PROD000061,West,215,34,2026-04-16
PROD000062,Northeast,58,68,2026-04-16
PROD000045,Midwest,147,40,2026-04-16
PROD000053,Northeast,98,43,2026-04-16
PROD000091,Southeast,124,66,2026-04-16
PROD000143,Southeast,30,57,2026-04-16
PROD000037,Northeast,5,50,2026-04-16
PROD000015,Southeast,148,33,2026-04-16
PROD000234,Northeast,20,17,2026-04-16
PROD000071,West,189,24,2026-04-16
PROD000222,Southeast,185,56,2026-04-16
PROD000194,West,164,58,2026-04-16
PROD000086,West,194,22,2026-04-16
PROD000107,West,126,39,2026-04-16
PROD000024,Northeast,154,58,2026-04-16
PROD000054,Northeast,141,67,2026-04-16
PROD000066,West,114,27,2026-04-16
PROD000102,Midwest,157,38,2026-04-16
PROD000109,Midwest,28,45,2026-04-16
PROD000221,Southeast,138,45,2026-04-16
PROD000032,Southeast,19,34,2026-04-16
PROD000202,Southeast,141,46,2026-04-16
PROD000220,Southeast,196,51,2026-04-16
PROD000199,West,132,17,2026-04-16
PROD000249,Northeast,76,69,2026-04-16
PROD000096,West,140,68,2026-04-16
PROD000236,Southeast,81,45,2026-04-16
PROD000137,Southeast,185,61,2026-04-16
PROD000177,Southeast,118,20,2026-04-16
PROD000030,Southeast,27,48,2026-04-16
PROD000026,Midwest,152,55,2026-04-16
PROD000215,Northeast,58,61,2026-04-16
PROD000005,West,78,25,2026-04-16
PROD000036,Northeast,37,67,2026-04-16
PROD000058,West,161,67,2026-04-16
PROD000043,Southeast,60,38,2026-04-16
PROD000247,Northeast,189,67,2026-04-16
PROD000112,Southeast,36,35,2026-04-16
PROD000133,West,125,15,2026-04-16
PROD000224,Northeast,62,52,2026-04-16
PROD000076,Southeast,106,40,2026-04-16
PROD000237,West,4,64,2026-04-16
PROD000072,Northeast,217,61,2026-04-16
PROD000181,Midwest,98,62,2026-04-16
PROD000163,Southeast,4,61,2026-04-16
PROD000100,West,213,55,2026-04-16
PROD000232,Midwest,225,65,2026-04-16
PROD000126,Southeast,60,43,2026-04-16
PROD000129,Southeast,32,15,2026-04-16
PROD000144,Southeast,100,33,2026-04-16
PROD000157,West,202,57,2026-04-16
PROD000243,Northeast,196,46,2026-04-16
PROD000006,West,176,57,2026-04-16
PROD000051,Southeast,226,64,2026-04-16
PROD000042,Northeast,169,55,2026-04-16
PROD000088,Southeast,157,33,2026-04-16
PROD000190,Midwest,150,32,2026-04-16
PROD000113,Northeast,127,25,2026-04-16
PROD000192,Midwest,183,25,2026-04-16
PROD000124,Midwest,173,49,2026-04-16
PROD000166,Northeast,155,27,2026-04-16
PROD000185,Northeast,8,30,2026-04-16
PROD000118,West,195,56,2026-04-16
PROD000009,Southeast,125,35,2026-04-16
PROD000048,Southeast,179,33,2026-04-16
PROD000146,West,235,66,2026-04-16
PROD000084,Southeast,17,25,2026-04-16
PROD000056,West,30,68,2026-04-16
PROD000013,Midwest,117,54,2026-04-16
PROD000069,Southeast,181,44,2026-04-16
PROD000089,Midwest,28,38,2026-04-16
PROD000110,Northeast,42,52,2026-04-16
PROD000108,Midwest,210,65,2026-04-16
PROD000219,West,20,40,2026-04-16
PROD000151,Midwest,141,37,2026-04-16
PROD000120,Northeast,180,63,2026-04-16
PROD000207,Northeast,178,69,2026-04-16
PROD000022,Midwest,4,55,2026-04-16
PROD000103,West,40,68,2026-04-16
PROD000028,West,81,66,2026-04-16
PROD000233,West,239,45,2026-04-16
PROD000080,Midwest,60,55,2026-04-16
PROD000139,West,187,23,2026-04-16
PROD000187,Midwest,198,40,2026-04-16
PROD000169,Midwest,93,15,2026-04-16
PROD000218,Midwest,147,58,2026-04-16
PROD000082,Northeast,86,50,2026-04-16
PROD000049,Southeast,224,55,2026-04-16
PROD000046,Southeast,223,27,2026-04-16
PROD000217,Northeast,91,36,2026-04-16
PROD000085,Northeast,201,16,2026-04-16
PROD000038,Northeast,2,65,2026-04-16
PROD000161,Midwest,212,20,2026-04-16
PROD000119,Midwest,135,36,2026-04-16
PROD000003,Midwest,237,69,2026-04-16
PROD000168,Southeast,197,64,2026-04-16
PROD000020,Northeast,36,59,2026-04-16
PROD000014,Southeast,176,39,2026-04-16
PROD000240,West,114,52,2026-04-16
PROD000204,Midwest,228,61,2026-04-16
PROD000195,Northeast,24,25,2026-04-16
PROD000136,Midwest,56,41,2026-04-16
PROD000064,Southeast,157,21,2026-04-16
PROD000019,Southeast,130,53,2026-04-16
PROD000067,West,48,25,2026-04-16
PROD000008,Midwest,165,54,2026-04-16
PROD000141,West,30,62,2026-04-16
PROD000040,West,105,27,2026-04-16
PROD000250,Midwest,8,20,2026-04-16
PROD000033,Midwest,176,38,2026-04-16
PROD000111,West,178,61,2026-04-16
PROD000110,Midwest,124,60,2026-04-17
PROD000037,Southeast,135,52,2026-04-17
PROD000195,Southeast,124,38,2026-04-17
PROD000166,Midwest,126,69,2026-04-17
PROD000231,Southeast,81,69,2026-04-17
PROD000189,Midwest,233,51,2026-04-17
PROD000005,Midwest,2,41,2026-04-17
PROD000045,Midwest,163,56,2026-04-17
PROD000170,West,207,36,2026-04-17
PROD000131,West,103,47,2026-04-17
PROD000026,Midwest,128,45,2026-04-17
PROD000188,Southeast,184,69,2026-04-17
PROD000089,Southeast,237,53,2026-04-17
PROD000097,Northeast,114,52,2026-04-17
PROD000042,West,121,46,2026-04-17
PROD000239,Northeast,54,29,2026-04-17
PROD000104,West,225,58,2026-04-17
PROD000076,Northeast,156,27,2026-04-17
PROD000011,Northeast,219,24,2026-04-17
PROD000091,Northeast,96,34,2026-04-17
PROD000153,Midwest,176,15,2026-04-17
PROD000224,Southeast,42,61,2026-04-17
PROD000047,Northeast,42,15,2026-04-17
PROD000023,Northeast,214,48,2026-04-17
PROD000112,West,52,52,2026-04-17
PROD000090,Northeast,103,32,2026-04-17
PROD000025,Southeast,188,65,2026-04-17
PROD000070,West,207,41,2026-04-17
PROD000234,Southeast,198,47,2026-04-17
PROD000187,Northeast,66,45,2026-04-17
PROD000072,Northeast,81,25,2026-04-17
PROD000165,West,211,31,2026-04-17
PROD000229,Northeast,32,35,2026-04-17
PROD000039,Midwest,129,63,2026-04-17
PROD000031,Southeast,207,29,2026-04-17
PROD000099,Southeast,149,52,2026-04-17
PROD000196,Southeast,37,28,2026-04-17
PROD000163,Midwest,93,40,2026-04-17
PROD000035,West,143,36,2026-04-17
PROD000148,West,124,31,2026-04-17
PROD000167,West,47,23,2026-04-17
PROD000135,West,191,59,2026-04-17
PROD000122,Midwest,196,58,2026-04-17
PROD000178,West,57,69,2026-04-17
PROD000208,West,128,67,2026-04-17
PROD000149,Midwest,121,19,2026-04-17
PROD000071,Northeast,57,42,2026-04-17
PROD000244,Midwest,77,49,2026-04-17
PROD000087,West,193,26,2026-04-17
PROD000092,Midwest,147,26,2026-04-17
PROD000056,Northeast,163,42,2026-04-17
PROD000180,Midwest,155,15,2026-04-17
PROD000228,Northeast,55,33,2026-04-17
PROD000049,West,48,61,2026-04-17
PROD000073,Northeast,201,27,2026-04-17
PROD000085,West,91,20,2026-04-17
PROD000107,Northeast,153,56,2026-04-17
PROD000207,Northeast,201,40,2026-04-17
PROD000182,Northeast,32,27,2026-04-17
PROD000152,West,115,39,2026-04-17
PROD000120,West,28,37,2026-04-17
PROD000083,Northeast,225,27,2026-04-17
PROD000142,Midwest,64,46,2026-04-17
PROD000158,Northeast,221,60,2026-04-17
PROD000235,Southeast,2,64,2026-04-17
PROD000184,Midwest,31,67,2026-04-17
PROD000247,Northeast,161,24,2026-04-17
PROD000075,Southeast,203,67,2026-04-17
PROD000193,Northeast,79,28,2026-04-17
PROD000161,Southeast,228,20,2026-04-17
PROD000125,Southeast,193,60,2026-04-17
PROD000024,Northeast,143,46,2026-04-17
PROD000041,Northeast,41,55,2026-04-17
PROD000108,West,132,41,2026-04-17
PROD000058,Northeast,24,67,2026-04-17
PROD000245,Northeast,41,68,2026-04-17
PROD000138,West,175,19,2026-04-17
PROD000241,Midwest,164,57,2026-04-17
PROD000115,West,145,42,2026-04-17
PROD000132,West,90,17,2026-04-17
PROD000212,Southeast,91,50,2026-04-17
PROD000014,Midwest,225,16,2026-04-17
PROD000186,Midwest,193,16,2026-04-17
PROD000214,Midwest,7,32,2026-04-17
PROD000079,West,42,55,2026-04-17
PROD000016,West,89,61,2026-04-17
PROD000051,Midwest,148,41,2026-04-17
PROD000053,Southeast,132,65,2026-04-17
PROD000096,Midwest,174,22,2026-04-17
PROD000113,Midwest,0,18,2026-04-17
PROD000061,West,80,59,2026-04-17
PROD000093,Northeast,59,18,2026-04-17
PROD000064,Northeast,79,28,2026-04-17
PROD000114,Southeast,0,62,2026-04-17
PROD000185,Southeast,9,51,2026-04-17
PROD000236,Southeast,101,56,2026-04-17
PROD000130,Midwest,28,33,2026-04-17
PROD000028,Northeast,51,25,2026-04-17
PROD000078,West,149,69,2026-04-17
PROD000010,Northeast,206,48,2026-04-17
PROD000029,Northeast,192,19,2026-04-17
PROD000117,Northeast,48,32,2026-04-17
PROD000156,West,148,33,2026-04-17
PROD000171,Midwest,217,63,2026-04-17
PROD000248,Midwest,187,60,2026-04-17
PROD000050,West,123,32,2026-04-17
PROD000169,West,126,61,2026-04-17
PROD000069,West,200,15,2026-04-17
PROD000174,Northeast,55,69,2026-04-17
PROD000048,West,213,68,2026-04-17
PROD000094,Southeast,15,30,2026-04-17
PROD000200,Northeast,121,54,2026-04-17
PROD000232,Midwest,220,49,2026-04-17
PROD000020,Northeast,117,50,2026-04-17
PROD000147,Northeast,212,48,2026-04-17
PROD000168,West,182,21,2026-04-17
PROD000172,Northeast,175,51,2026-04-17
PROD000249,Southeast,222,35,2026-04-17
PROD000226,Southeast,238,37,2026-04-17
PROD000084,Southeast,223,40,2026-04-17
PROD000082,Southeast,69,28,2026-04-18
PROD000022,Midwest,33,66,2026-04-18
PROD000029,Midwest,45,38,2026-04-18
PROD000096,West,195,42,2026-04-18
PROD000008,Northeast,19,20,2026-04-18
PROD000162,West,96,16,2026-04-18
PROD000079,West,95,25,2026-04-18
PROD000224,West,158,38,2026-04-18
PROD000051,West,19,69,2026-04-18
PROD000193,Northeast,39,29,2026-04-18
PROD000165,Southeast,36,48,2026-04-18
PROD000112,West,138,67,2026-04-18
PROD000021,Midwest,11,43,2026-04-18
PROD000093,Southeast,200,48,2026-04-18
PROD000017,Northeast,116,66,2026-04-18
PROD000180,Southeast,172,57,2026-04-18
PROD000141,Midwest,239,21,2026-04-18
PROD000046,Southeast,126,40,2026-04-18
PROD000234,Midwest,174,45,2026-04-18
PROD000229,Midwest,162,50,2026-04-18
PROD000167,Midwest,24,18,2026-04-18
PROD000053,Northeast,139,18,2026-04-18
PROD000010,Midwest,154,38,2026-04-18
PROD000210,Northeast,189,48,2026-04-18
PROD000175,Midwest,120,66,2026-04-18
PROD000043,Midwest,31,67,2026-04-18
PROD000097,Southeast,8,46,2026-04-18
PROD000232,Midwest,192,52,2026-04-18
PROD000027,Southeast,160,47,2026-04-18
PROD000132,Midwest,122,69,2026-04-18
PROD000124,Midwest,9,67,2026-04-18
PROD000213,Southeast,149,53,2026-04-18
PROD000087,Midwest,56,35,2026-04-18
PROD000198,Northeast,152,38,2026-04-18
PROD000194,West,96,40,2026-04-18
PROD000098,Northeast,151,26,2026-04-18
PROD000032,Northeast,167,37,2026-04-18
PROD000242,Southeast,120,68,2026-04-18
PROD000019,Southeast,2,23,2026-04-18
PROD000209,Midwest,154,69,2026-04-18
PROD000012,West,63,35,2026-04-18
PROD000116,Midwest,183,20,2026-04-18
PROD000003,West,226,20,2026-04-18
PROD000164,Northeast,207,30,2026-04-18
PROD000094,Midwest,160,60,2026-04-18
PROD000110,Midwest,62,62,2026-04-18
PROD000016,Northeast,150,16,2026-04-18
PROD000144,West,214,50,2026-04-18
PROD000145,Midwest,222,40,2026-04-18
PROD000060,Southeast,150,51,2026-04-18
PROD000047,Southeast,106,31,2026-04-18
PROD000142,West,125,42,2026-04-18
PROD000189,Northeast,59,21,2026-04-18
PROD000015,Northeast,20,43,2026-04-18
PROD000057,Southeast,110,61,2026-04-18
PROD000169,Northeast,79,58,2026-04-18
PROD000158,Midwest,64,29,2026-04-18
PROD000052,Northeast,133,31,2026-04-18
PROD000007,Midwest,38,41,2026-04-18
PROD000246,Southeast,34,63,2026-04-18
PROD000148,West,172,29,2026-04-18
PROD000040,Northeast,147,18,2026-04-18
PROD000153,West,54,20,2026-04-18
PROD000034,Midwest,168,27,2026-04-18
PROD000241,Midwest,235,19,2026-04-18
PROD000071,Southeast,102,68,2026-04-18
PROD000174,West,168,23,2026-04-18
PROD000028,Northeast,21,62,2026-04-18
PROD000211,Southeast,26,67,2026-04-18
PROD000107,Midwest,26,51,2026-04-18
PROD000227,West,73,15,2026-04-18
PROD000054,West,223,23,2026-04-18
PROD000123,Midwest,71,24,2026-04-18
PROD000222,Northeast,132,43,2026-04-18
PROD000205,Southeast,195,19,2026-04-18
PROD000197,West,137,37,2026-04-18
PROD000089,Southeast,215,69,2026-04-18
PROD000208,Midwest,101,69,2026-04-18
PROD000009,West,121,46,2026-04-18
PROD000160,Northeast,177,49,2026-04-18
PROD000035,West,64,48,2026-04-18
PROD000037,Northeast,110,56,2026-04-18
PROD000176,Northeast,128,21,2026-04-18
PROD000181,West,12,49,2026-04-18
PROD000002,West,209,15,2026-04-18
PROD000105,West,150,35,2026-04-18
PROD000134,Southeast,146,62,2026-04-18
PROD000023,West,110,16,2026-04-18
PROD000203,West,216,24,2026-04-18
PROD000206,Northeast,209,53,2026-04-18
PROD000217,West,114,38,2026-04-18
PROD000250,Midwest,45,50,2026-04-18
PROD000204,Northeast,152,28,2026-04-18
PROD000063,Southeast,6,36,2026-04-18
PROD000147,Southeast,100,45,2026-04-18
PROD000067,West,230,57,2026-04-18
PROD000199,Southeast,121,55,2026-04-18
PROD000077,Northeast,144,40,2026-04-18
PROD000154,Northeast,169,53,2026-04-18
PROD000113,Northeast,127,57,2026-04-18
PROD000188,Southeast,73,16,2026-04-18
PROD000195,Midwest,118,66,2026-04-18
PROD000243,West,218,41,2026-04-18
PROD000083,Midwest,18,52,2026-04-18
PROD000108,Northeast,205,61,2026-04-18
PROD000143,Northeast,136,40,2026-04-18
PROD000168,Midwest,91,62,2026-04-18
PROD000041,Northeast,50,39,2026-04-18
PROD000221,Midwest,91,33,2026-04-18
PROD000228,Midwest,87,25,2026-04-18
PROD000150,Southeast,146,55,2026-04-18
PROD000018,Northeast,104,47,2026-04-18
PROD000006,Northeast,141,34,2026-04-18
PROD000095,Southeast,43,16,2026-04-18
PROD000111,Northeast,226,66,2026-04-18
PROD000129,West,141,33,2026-04-18
PROD000247,Midwest,194,25,2026-04-18
PROD000133,Northeast,234,27,2026-04-18
PROD000186,Midwest,74,42,2026-04-18
PROD000070,Southeast,33,23,2026-04-18
PROD000164,Northeast,122,51,2026-04-19
PROD000143,Midwest,145,15,2026-04-19
PROD000092,Northeast,204,29,2026-04-19
PROD000071,Northeast,40,44,2026-04-19
PROD000215,West,169,40,2026-04-19
PROD000018,Northeast,14,26,2026-04-19
PROD000241,West,220,37,2026-04-19
PROD000150,Northeast,157,15,2026-04-19
PROD000133,West,13,20,2026-04-19
PROD000176,Southeast,3,49,2026-04-19
PROD000103,West,52,30,2026-04-19
PROD000062,Northeast,24,46,2026-04-19
PROD000008,Midwest,221,30,2026-04-19
PROD000039,Southeast,206,59,2026-04-19
PROD000200,Midwest,81,56,2026-04-19
PROD000210,West,129,16,2026-04-19
PROD000163,Southeast,172,18,2026-04-19
PROD000196,West,142,28,2026-04-19
PROD000174,Midwest,99,68,2026-04-19
PROD000114,Northeast,9,57,2026-04-19
PROD000100,Northeast,82,28,2026-04-19
PROD000138,Southeast,158,36,2026-04-19
PROD000156,Southeast,22,26,2026-04-19
PROD000230,Midwest,69,58,2026-04-19
PROD000006,Midwest,102,55,2026-04-19
PROD000104,Southeast,118,56,2026-04-19
PROD000249,Midwest,32,35,2026-04-19
PROD000058,Northeast,145,55,2026-04-19
PROD000042,Southeast,57,27,2026-04-19
PROD000192,Southeast,226,56,2026-04-19
PROD000067,Northeast,186,37,2026-04-19
PROD000057,Midwest,141,25,2026-04-19
PROD000036,Northeast,214,52,2026-04-19
PROD000059,Midwest,197,29,2026-04-19
PROD000228,Southeast,200,57,2026-04-19
PROD000227,Midwest,230,37,2026-04-19
PROD000027,West,135,48,2026-04-19
PROD000015,Southeast,63,36,2026-04-19
PROD000118,Midwest,17,34,2026-04-19
PROD000211,Midwest,33,30,2026-04-19
PROD000193,Northeast,98,67,2026-04-19
PROD000014,West,117,57,2026-04-19
PROD000086,Southeast,108,47,2026-04-19
PROD000219,West,96,47,2026-04-19
PROD000035,Midwest,177,33,2026-04-19
PROD000198,West,68,28,2026-04-19
PROD000173,West,52,16,2026-04-19
PROD000216,Midwest,11,17,2026-04-19
PROD000132,West,132,52,2026-04-19
PROD000061,Northeast,31,22,2026-04-19
PROD000096,West,4,32,2026-04-19
PROD000151,Northeast,84,54,2026-04-19
PROD000229,West,149,65,2026-04-19
PROD000049,Southeast,63,43,2026-04-19
PROD000155,Midwest,195,49,2026-04-19
PROD000167,Northeast,141,53,2026-04-19
PROD000087,Southeast,120,29,2026-04-19
PROD000204,Midwest,146,24,2026-04-19
PROD000130,Midwest,225,59,2026-04-19
PROD000017,Southeast,151,58,2026-04-19
PROD000214,Southeast,184,43,2026-04-19
PROD000109,West,180,18,2026-04-19
PROD000159,Midwest,91,23,2026-04-19
PROD000007,West,154,31,2026-04-19
PROD000171,Southeast,53,29,2026-04-19
PROD000161,Midwest,55,68,2026-04-19
PROD000070,Northeast,206,63,2026-04-19
PROD000102,West,60,45,2026-04-19
PROD000068,Northeast,162,47,2026-04-19
PROD000142,West,117,55,2026-04-19
PROD000160,Northeast,52,27,2026-04-19
PROD000046,Midwest,198,24,2026-04-19
PROD000025,Midwest,167,40,2026-04-19
PROD000232,Southeast,230,59,2026-04-19
PROD000152,Midwest,62,32,2026-04-19
PROD000212,Midwest,202,42,2026-04-19
PROD000053,West,139,17,2026-04-19
PROD000180,West,226,18,2026-04-19
PROD000218,West,80,35,2026-04-19
PROD000247,Southeast,97,37,2026-04-19
PROD000085,Southeast,95,26,2026-04-19
PROD000091,Southeast,64,23,2026-04-19
PROD000076,West,177,28,2026-04-19
PROD000009,Northeast,217,58,2026-04-19
PROD000147,Northeast,107,19,2026-04-19
PROD000178,West,239,27,2026-04-19
PROD000165,Southeast,226,22,2026-04-19
PROD000013,West,207,18,2026-04-19
PROD000093,Northeast,225,20,2026-04-19
PROD000001,Midwest,237,32,2026-04-19
PROD000149,West,207,44,2026-04-19
PROD000121,Northeast,175,52,2026-04-19
PROD000002,West,141,32,2026-04-19
PROD000188,Northeast,80,37,2026-04-19
PROD000224,Northeast,235,58,2026-04-19
PROD000122,West,221,27,2026-04-19
PROD000050,Northeast,86,32,2026-04-19
PROD000106,Northeast,6,15,2026-04-19
PROD000179,Northeast,41,25,2026-04-19
PROD000108,Midwest,110,44,2026-04-19
PROD000120,West,210,25,2026-04-19
PROD000075,West,60,55,2026-04-19
PROD000105,Southeast,238,28,2026-04-19
PROD000005,West,159,46,2026-04-19
PROD000090,Southeast,40,48,2026-04-19
PROD000168,Southeast,59,58,2026-04-19
PROD000239,Northeast,165,24,2026-04-19
PROD000177,West,12,62,2026-04-19
PROD000144,Midwest,104,62,2026-04-19
PROD000226,Southeast,197,31,2026-04-19
PROD000183,Midwest,98,51,2026-04-19
PROD000021,Midwest,52,28,2026-04-19
PROD000077,Midwest,180,37,2026-04-19
PROD000119,Northeast,63,66,2026-04-19
PROD000158,Midwest,148,44,2026-04-19
PROD000101,Northeast,239,68,2026-04-19
PROD000145,Southeast,84,54,2026-04-19
PROD000041,Northeast,37,56,2026-04-19
PROD000060,Southeast,61,29,2026-04-19
PROD000098,Southeast,176,16,2026-04-19
PROD000070,West,25,32,2026-04-20
PROD000188,West,29,55,2026-04-20
PROD000216,West,144,65,2026-04-20
PROD000112,Midwest,222,35,2026-04-20
PROD000074,Midwest,81,61,2026-04-20
PROD000118,Northeast,200,62,2026-04-20
PROD000166,Midwest,212,36,2026-04-20
PROD000141,West,115,66,2026-04-20
PROD000089,Southeast,211,66,2026-04-20
PROD000099,Midwest,147,56,2026-04-20
PROD000221,Midwest,113,40,2026-04-20
PROD000115,West,105,68,2026-04-20
PROD000004,West,234,28,2026-04-20
PROD000138,Midwest,37,38,2026-04-20
PROD000157,Southeast,12,27,2026-04-20
PROD000174,Southeast,41,31,2026-04-20
PROD000032,Southeast,121,45,2026-04-20
PROD000247,West,75,64,2026-04-20
PROD000023,Northeast,61,69,2026-04-20
PROD000038,Midwest,127,38,2026-04-20
PROD000090,West,74,54,2026-04-20
PROD000228,West,97,54,2026-04-20
PROD000176,Southeast,82,35,2026-04-20
PROD000113,Northeast,97,39,2026-04-20
PROD000203,Southeast,144,45,2026-04-20
PROD000071,Southeast,15,61,2026-04-20
PROD000088,Northeast,48,15,2026-04-20
PROD000006,Southeast,191,51,2026-04-20
PROD000046,Midwest,132,29,2026-04-20
PROD000224,Northeast,14,53,2026-04-20
PROD000091,Northeast,210,46,2026-04-20
PROD000241,West,112,30,2026-04-20
PROD000098,Northeast,141,32,2026-04-20
PROD000031,West,196,49,2026-04-20
PROD000085,West,201,28,2026-04-20
PROD000154,Southeast,179,55,2026-04-20
PROD000165,Northeast,150,63,2026-04-20
PROD000102,Northeast,148,67,2026-04-20
PROD000116,Southeast,75,61,2026-04-20
PROD000223,West,238,57,2026-04-20
PROD000044,West,137,60,2026-04-20
PROD000152,West,201,49,2026-04-20
PROD000182,West,33,57,2026-04-20
PROD000135,West,0,54,2026-04-20
PROD000155,West,14,37,2026-04-20
PROD000198,Southeast,100,43,2026-04-20
PROD000244,Northeast,99,60,2026-04-20
PROD000020,West,199,57,2026-04-20
PROD000104,West,128,17,2026-04-20
PROD000213,West,96,22,2026-04-20
PROD000097,Southeast,189,32,2026-04-20
PROD000009,Midwest,125,50,2026-04-20
PROD000144,Midwest,217,39,2026-04-20
PROD000100,Midwest,82,28,2026-04-20
PROD000069,Northeast,209,44,2026-04-20
PROD000075,Northeast,157,36,2026-04-20
PROD000120,Midwest,30,40,2026-04-20
PROD000160,Northeast,19,61,2026-04-20
PROD000197,Southeast,86,25,2026-04-20
PROD000080,Southeast,123,42,2026-04-20
PROD000148,Midwest,202,50,2026-04-20
PROD000131,Midwest,97,41,2026-04-20
PROD000012,Northeast,166,50,2026-04-20
PROD000013,Midwest,53,59,2026-04-20
PROD000003,West,159,38,2026-04-20
PROD000181,Southeast,26,56,2026-04-20
PROD000105,West,152,61,2026-04-20
PROD000002,Southeast,12,46,2026-04-20
PROD000212,Northeast,226,42,2026-04-20
PROD000158,Southeast,132,45,2026-04-20
PROD000048,West,162,36,2026-04-20
PROD000063,Northeast,24,22,2026-04-20
PROD000136,Midwest,89,31,2026-04-20
PROD000054,Midwest,163,67,2026-04-20
PROD000039,Midwest,26,57,2026-04-20
PROD000045,Midwest,46,47,2026-04-20
PROD000125,West,68,27,2026-04-20
PROD000240,Northeast,138,58,2026-04-20
PROD000236,West,17,38,2026-04-20
PROD000066,West,23,50,2026-04-20
PROD000184,West,137,21,2026-04-20
PROD000139,Southeast,141,49,2026-04-20
PROD000226,Midwest,193,34,2026-04-20
PROD000195,Southeast,230,49,2026-04-20
PROD000128,Midwest,231,69,2026-04-20
PROD000026,West,77,52,2026-04-20
PROD000193,Northeast,190,33,2026-04-20
PROD000018,West,49,41,2026-04-20
PROD000159,Southeast,1,62,2026-04-20
PROD000143,Southeast,134,47,2026-04-20
PROD000232,Southeast,172,43,2026-04-20
PROD000206,Northeast,117,31,2026-04-20
PROD000049,Northeast,136,63,2026-04-20
PROD000124,Northeast,198,49,2026-04-20
PROD000204,Southeast,145,43,2026-04-20
PROD000222,West,172,45,2026-04-20
PROD000171,Midwest,100,17,2026-04-20
PROD000133,Northeast,122,17,2026-04-20
PROD000087,Northeast,173,17,2026-04-20
PROD000220,Midwest,105,28,2026-04-20
PROD000122,Northeast,121,59,2026-04-20
PROD000092,Midwest,98,43,2026-04-20
PROD000191,Southeast,52,31,2026-04-20
PROD000149,Southeast,27,47,2026-04-20
PROD000001,Southeast,82,63,2026-04-20
PROD000209,West,39,58,2026-04-20
PROD000019,West,66,41,2026-04-20
PROD000239,Southeast,198,58,2026-04-20
PROD000231,Northeast,111,24,2026-04-20
PROD000016,Midwest,231,39,2026-04-20
PROD000121,Midwest,217,52,2026-04-20
PROD000050,Northeast,103,15,2026-04-20
PROD000041,Midwest,31,44,2026-04-20
PROD000248,Midwest,157,26,2026-04-20
PROD000185,Southeast,159,30,2026-04-20
PROD000250,Northeast,134,38,2026-04-20
PROD000014,Midwest,97,64,2026-04-20
PROD000210,Midwest,210,32,2026-04-20
PROD000130,Southeast,5,64,2026-04-20
PROD000190,Midwest,5,38,2026-04-20
PROD000128,Northeast,113,31,2026-04-21
PROD000106,Midwest,113,16,2026-04-21
PROD000167,West,173,40,2026-04-21
PROD000010,West,157,16,2026-04-21
PROD000218,Northeast,66,24,2026-04-21
PROD000017,West,52,39,2026-04-21
PROD000208,West,74,62,2026-04-21
PROD000187,Northeast,44,23,2026-04-21
PROD000215,Southeast,233,49,2026-04-21
PROD000127,Northeast,94,20,2026-04-21
PROD000220,Southeast,170,32,2026-04-21
PROD000207,Midwest,104,35,2026-04-21
PROD000067,Southeast,52,54,2026-04-21
PROD000090,Southeast,211,45,2026-04-21
PROD000041,Northeast,149,52,2026-04-21
PROD000202,Northeast,88,36,2026-04-21
PROD000169,Southeast,37,57,2026-04-21
PROD000074,West,83,19,2026-04-21
PROD000116,Northeast,140,42,2026-04-21
PROD000050,Southeast,15,57,2026-04-21
PROD000083,Midwest,86,37,2026-04-21
PROD000132,West,170,42,2026-04-21
PROD000137,Midwest,27,40,2026-04-21
PROD000100,Northeast,37,67,2026-04-21
PROD000138,Northeast,138,27,2026-04-21
PROD000046,Southeast,176,61,2026-04-21
PROD000088,Southeast,124,40,2026-04-21
PROD000081,Midwest,5,51,2026-04-21
PROD000094,Midwest,26,42,2026-04-21
PROD000086,Midwest,126,20,2026-04-21
PROD000221,Midwest,211,20,2026-04-21
PROD000130,Midwest,23,68,2026-04-21
PROD000212,Midwest,95,24,2026-04-21
PROD000177,Northeast,165,46,2026-04-21
PROD000163,Southeast,34,15,2026-04-21
PROD000062,Northeast,234,66,2026-04-21
PROD000182,Southeast,53,64,2026-04-21
PROD000211,Midwest,54,16,2026-04-21
PROD000073,Midwest,135,31,2026-04-21
PROD000080,Northeast,89,25,2026-04-21
PROD000173,Southeast,105,51,2026-04-21
PROD000223,West,103,23,2026-04-21
PROD000107,Southeast,31,41,2026-04-21
PROD000034,Southeast,171,45,2026-04-21
PROD000040,West,156,34,2026-04-21
PROD000111,Northeast,157,65,2026-04-21
PROD000172,Southeast,36,52,2026-04-21
PROD000045,Midwest,77,19,2026-04-21
PROD000096,West,180,29,2026-04-21
PROD000174,Southeast,130,61,2026-04-21
PROD000159,Northeast,39,48,2026-04-21
PROD000131,Midwest,32,63,2026-04-21
PROD000011,Midwest,46,34,2026-04-21
PROD000084,Southeast,145,62,2026-04-21
PROD000154,West,172,31,2026-04-21
PROD000059,Northeast,224,55,2026-04-21
PROD000228,Southeast,8,47,2026-04-21
PROD000186,Midwest,32,43,2026-04-21
PROD000027,West,128,43,2026-04-21
PROD000105,West,216,43,2026-04-21
PROD000193,Midwest,97,53,2026-04-21
PROD000119,Northeast,32,63,2026-04-21
PROD000216,West,89,20,2026-04-21
PROD000044,Northeast,1,67,2026-04-21
PROD000038,Northeast,168,61,2026-04-21
PROD000196,Southeast,55,45,2026-04-21
PROD000249,Northeast,173,45,2026-04-21
PROD000231,Southeast,10,23,2026-04-21
PROD000224,Southeast,49,46,2026-04-21
PROD000018,West,143,59,2026-04-21
PROD000101,West,94,33,2026-04-21
PROD000085,Northeast,198,63,2026-04-21
PROD000068,Southeast,195,29,2026-04-21
PROD000082,West,138,36,2026-04-21
PROD000170,West,226,15,2026-04-21
PROD000014,Midwest,180,25,2026-04-21
PROD000149,West,123,21,2026-04-21
PROD000035,Midwest,98,17,2026-04-21
PROD000192,Midwest,130,68,2026-04-21
PROD000214,Northeast,160,53,2026-04-21
PROD000026,West,9,67,2026-04-21
PROD000043,Midwest,48,66,2026-04-21
PROD000078,Southeast,58,51,2026-04-21
PROD000057,Southeast,176,19,2026-04-21
PROD000052,Midwest,63,62,2026-04-21
PROD000145,West,172,52,2026-04-21
PROD000061,Midwest,154,63,2026-04-21
PROD000098,West,238,54,2026-04-21
PROD000156,West,128,56,2026-04-21
PROD000176,Southeast,121,65,2026-04-21
PROD000019,Midwest,61,63,2026-04-21
PROD000188,West,131,45,2026-04-21
PROD000232,West,6,47,2026-04-21
PROD000118,Northeast,81,17,2026-04-21
PROD000180,Midwest,106,48,2026-04-21
PROD000032,West,191,16,2026-04-21
PROD000239,Southeast,213,60,2026-04-21
PROD000005,Southeast,180,58,2026-04-21
PROD000104,Northeast,42,30,2026-04-21
PROD000089,Northeast,219,59,2026-04-21
PROD000012,West,169,42,2026-04-21
PROD000166,Northeast,217,55,2026-04-21
PROD000241,West,111,34,2026-04-21
PROD000092,Southeast,127,60,2026-04-21
PROD000162,Northeast,205,22,2026-04-21
PROD000157,Northeast,180,57,2026-04-21
PROD000210,Midwest,27,59,2026-04-21
PROD000053,Northeast,182,18,2026-04-21
PROD000023,West,189,61,2026-04-21
PROD000055,Northeast,155,39,2026-04-21
PROD000209,West,37,64,2026-04-21
PROD000066,West,22,58,2026-04-21
PROD000240,Southeast,82,19,2026-04-21
PROD000037,Southeast,215,68,2026-04-21
PROD000099,Northeast,98,48,2026-04-21
PROD000020,Southeast,53,52,2026-04-21
PROD000190,Midwest,17,55,2026-04-21
PROD000203,Northeast,33,59,2026-04-21
PROD000153,Northeast,39,29,2026-04-21
PROD000021,Midwest,154,27,2026-04-21
PROD000224,Northeast,160,62,2026-04-22
PROD000001,Midwest,160,62,2026-04-22
PROD000009,West,206,20,2026-04-22
PROD000240,West,201,55,2026-04-22
PROD000183,Northeast,91,23,2026-04-22
PROD000202,Northeast,5,54,2026-04-22
PROD000105,Northeast,86,52,2026-04-22
PROD000170,Northeast,75,20,2026-04-22
PROD000048,Midwest,20,43,2026-04-22
PROD000248,Midwest,19,40,2026-04-22
PROD000089,Southeast,150,64,2026-04-22
PROD000061,Midwest,217,48,2026-04-22
PROD000132,Northeast,68,57,2026-04-22
PROD000037,Midwest,172,52,2026-04-22
PROD000229,Midwest,124,66,2026-04-22
PROD000109,Southeast,90,39,2026-04-22
PROD000070,West,39,48,2026-04-22
PROD000225,Southeast,194,26,2026-04-22
PROD000201,Northeast,97,27,2026-04-22
PROD000005,Northeast,18,62,2026-04-22
PROD000028,West,93,48,2026-04-22
PROD000115,Midwest,189,15,2026-04-22
PROD000173,West,83,52,2026-04-22
PROD000094,West,108,63,2026-04-22
PROD000138,Midwest,40,59,2026-04-22
PROD000217,Midwest,46,16,2026-04-22
PROD000047,Northeast,139,65,2026-04-22
PROD000082,Midwest,224,52,2026-04-22
PROD000038,Southeast,129,40,2026-04-22
PROD000141,Northeast,185,41,2026-04-22
PROD000056,Northeast,94,58,2026-04-22
PROD000220,West,92,30,2026-04-22
PROD000107,Northeast,188,42,2026-04-22
PROD000211,Southeast,188,55,2026-04-22
PROD000228,Northeast,232,48,2026-04-22
PROD000032,Southeast,45,64,2026-04-22
PROD000069,Northeast,160,18,2026-04-22
PROD000055,West,61,45,2026-04-22
PROD000031,Southeast,50,19,2026-04-22
PROD000185,Midwest,76,59,2026-04-22
PROD000192,West,86,24,2026-04-22
PROD000197,Midwest,44,57,2026-04-22
PROD000099,Southeast,18,41,2026-04-22
PROD000157,Midwest,81,47,2026-04-22
PROD000106,Southeast,214,54,2026-04-22
PROD000036,Midwest,53,19,2026-04-22
PROD000079,Northeast,11,55,2026-04-22
PROD000193,Northeast,158,27,2026-04-22
PROD000151,Northeast,208,30,2026-04-22
PROD000238,West,93,40,2026-04-22
PROD000043,Midwest,97,23,2026-04-22
PROD000223,Midwest,173,49,2026-04-22
PROD000181,Southeast,92,24,2026-04-22
PROD000187,Northeast,220,66,2026-04-22
PROD000214,Midwest,235,50,2026-04-22
PROD000130,Midwest,95,41,2026-04-22
PROD000033,Northeast,150,45,2026-04-22
PROD000241,Northeast,39,24,2026-04-22
PROD000116,Northeast,100,44,2026-04-22
PROD000191,Southeast,50,41,2026-04-22
PROD000097,West,138,23,2026-04-22
PROD000040,Northeast,42,53,2026-04-22
PROD000232,Southeast,190,47,2026-04-22
PROD000017,Northeast,23,31,2026-04-22
PROD000120,West,109,19,2026-04-22
PROD000098,Southeast,195,27,2026-04-22
PROD000110,Southeast,202,54,2026-04-22
PROD000154,Northeast,115,48,2026-04-22
PROD000190,Northeast,58,57,2026-04-22
PROD000143,Southeast,18,19,2026-04-22
PROD000078,Midwest,81,50,2026-04-22
PROD000117,West,39,65,2026-04-22
PROD000006,Midwest,50,36,2026-04-22
PROD000065,Midwest,217,45,2026-04-22
PROD000088,Midwest,197,35,2026-04-22
PROD000064,Midwest,99,59,2026-04-22
PROD000198,Northeast,87,54,2026-04-22
PROD000104,Northeast,101,34,2026-04-22
PROD000171,Southeast,174,28,2026-04-22
PROD000179,West,181,55,2026-04-22
PROD000175,Southeast,79,52,2026-04-22
PROD000206,Midwest,200,36,2026-04-22
PROD000209,Midwest,22,63,2026-04-22
PROD000127,Southeast,94,52,2026-04-22
PROD000236,West,120,32,2026-04-22
PROD000142,West,28,64,2026-04-22
PROD000093,West,174,55,2026-04-22
PROD000221,Midwest,0,35,2026-04-22
PROD000083,Midwest,51,26,2026-04-22
PROD000020,West,197,29,2026-04-22
PROD000113,Midwest,154,25,2026-04-22
PROD000167,West,73,57,2026-04-22
PROD000234,Northeast,144,35,2026-04-22
PROD000186,Northeast,95,30,2026-04-22
PROD000092,West,193,29,2026-04-22
PROD000067,Midwest,113,57,2026-04-22
PROD000176,Midwest,47,35,2026-04-22
PROD000011,Northeast,122,34,2026-04-22
PROD000091,West,237,53,2026-04-22
PROD000174,West,79,50,2026-04-22
PROD000039,Midwest,128,55,2026-04-22
PROD000021,Midwest,163,43,2026-04-22
PROD000100,Southeast,232,43,2026-04-22
PROD000066,Northeast,222,17,2026-04-22
PROD000015,Midwest,114,31,2026-04-22
PROD000194,West,165,58,2026-04-22
PROD000112,Northeast,138,17,2026-04-22
PROD000121,Midwest,5,15,2026-04-22
PROD000103,Northeast,116,63,2026-04-22
PROD000148,Northeast,29,45,2026-04-22
PROD000237,Southeast,210,68,2026-04-22
PROD000095,West,127,63,2026-04-22
PROD000086,Northeast,154,21,2026-04-22
PROD000008,West,93,27,2026-04-22
PROD000126,Southeast,98,50,2026-04-22
PROD000114,Midwest,16,35,2026-04-22
PROD000160,Midwest,102,47,2026-04-22
PROD000212,Northeast,122,56,2026-04-22
PROD000164,Northeast,46,65,2026-04-22
PROD000166,Midwest,226,42,2026-04-22
PROD000181,Northeast,49,25,2026-04-23
PROD000021,Southeast,41,64,2026-04-23
PROD000128,Southeast,95,27,2026-04-23
PROD000038,Midwest,125,56,2026-04-23
PROD000079,Southeast,82,15,2026-04-23
PROD000030,Northeast,8,34,2026-04-23
PROD000022,Southeast,218,23,2026-04-23
PROD000195,West,88,55,2026-04-23
PROD000226,Midwest,114,64,2026-04-23
PROD000215,Midwest,218,67,2026-04-23
PROD000154,Midwest,133,50,2026-04-23
PROD000058,West,118,29,2026-04-23
PROD000096,West,162,19,2026-04-23
PROD000086,Southeast,158,52,2026-04-23
PROD000120,West,174,35,2026-04-23
PROD000077,West,213,16,2026-04-23
PROD000219,West,206,42,2026-04-23
PROD000095,Southeast,42,16,2026-04-23
PROD000081,Midwest,130,15,2026-04-23
PROD000046,Southeast,169,59,2026-04-23
PROD000087,Northeast,169,64,2026-04-23
PROD000002,Northeast,91,40,2026-04-23
PROD000176,Midwest,18,25,2026-04-23
PROD000248,Midwest,176,32,2026-04-23
PROD000119,West,16,18,2026-04-23
PROD000080,Midwest,30,29,2026-04-23
PROD000102,Midwest,188,36,2026-04-23
PROD000151,Southeast,136,31,2026-04-23
PROD000246,Midwest,19,20,2026-04-23
PROD000123,Southeast,206,51,2026-04-23
PROD000111,Northeast,136,59,2026-04-23
PROD000062,West,140,51,2026-04-23
PROD000243,Northeast,172,45,2026-04-23
PROD000240,Northeast,47,43,2026-04-23
PROD000218,West,12,30,2026-04-23
PROD000221,Southeast,147,54,2026-04-23
PROD000122,Southeast,122,64,2026-04-23
PROD000169,Northeast,65,67,2026-04-23
PROD000007,Midwest,168,30,2026-04-23
PROD000229,Northeast,164,33,2026-04-23
PROD000167,Northeast,169,30,2026-04-23
PROD000132,Northeast,2,53,2026-04-23
PROD000094,West,153,55,2026-04-23
PROD000005,Southeast,233,41,2026-04-23
PROD000213,West,155,50,2026-04-23
PROD000064,Midwest,26,19,2026-04-23
PROD000063,West,55,67,2026-04-23
PROD000011,West,54,62,2026-04-23
PROD000166,Southeast,150,68,2026-04-23
PROD000042,Midwest,99,37,2026-04-23
PROD000194,Northeast,53,42,2026-04-23
PROD000121,Midwest,24,63,2026-04-23
PROD000182,West,239,66,2026-04-23
PROD000149,Southeast,81,41,2026-04-23
PROD000197,Southeast,19,22,2026-04-23
PROD000104,West,144,48,2026-04-23
PROD000075,West,156,36,2026-04-23
PROD000206,Midwest,83,26,2026-04-23
PROD000018,Midwest,113,58,2026-04-23
PROD000242,Northeast,137,64,2026-04-23
PROD000020,Northeast,70,28,2026-04-23
PROD000004,Southeast,225,43,2026-04-23
PROD000070,Midwest,87,60,2026-04-23
PROD000186,Midwest,178,41,2026-04-23
PROD000161,Midwest,47,18,2026-04-23
PROD000153,West,233,19,2026-04-23
PROD000036,Southeast,174,41,2026-04-23
PROD000127,Midwest,68,58,2026-04-23
PROD000138,Midwest,154,16,2026-04-23
PROD000157,Midwest,150,62,2026-04-23
PROD000204,Southeast,163,33,2026-04-23
PROD000084,West,234,59,2026-04-23
PROD000190,West,199,60,2026-04-23
PROD000092,Southeast,74,30,2026-04-23
PROD000156,Northeast,37,65,2026-04-23
PROD000228,Midwest,144,61,2026-04-23
PROD000093,Southeast,7,53,2026-04-23
PROD000133,Southeast,51,19,2026-04-23
PROD000168,West,21,32,2026-04-23
PROD000210,Midwest,200,27,2026-04-23
PROD000115,West,104,26,2026-04-23
PROD000196,West,144,27,2026-04-23
PROD000088,Northeast,100,37,2026-04-23
PROD000014,Midwest,144,65,2026-04-23
PROD000110,Midwest,18,37,2026-04-23
PROD000237,Northeast,221,43,2026-04-23
PROD000236,Northeast,208,55,2026-04-23
PROD000013,West,187,32,2026-04-23
PROD000214,West,110,26,2026-04-23
PROD000057,Midwest,213,56,2026-04-23
PROD000205,Southeast,196,33,2026-04-23
PROD000017,Midwest,197,42,2026-04-23
PROD000101,Midwest,190,26,2026-04-23
PROD000193,West,148,64,2026-04-23
PROD000124,Southeast,61,63,2026-04-23
PROD000179,Midwest,224,43,2026-04-23
PROD000189,West,47,34,2026-04-23
PROD000097,Southeast,181,27,2026-04-23
PROD000162,Midwest,151,39,2026-04-23
PROD000035,Southeast,40,38,2026-04-23
PROD000050,Northeast,227,42,2026-04-23
PROD000067,Southeast,42,60,2026-04-23
PROD000054,Northeast,48,63,2026-04-23
PROD000147,Midwest,40,49,2026-04-23
PROD000232,West,208,59,2026-04-23
PROD000106,Southeast,118,51,2026-04-23
PROD000159,Southeast,121,34,2026-04-23
PROD000152,Northeast,39,61,2026-04-23
PROD000053,West,151,36,2026-04-23
PROD000139,Northeast,10,25,2026-04-23
PROD000113,Southeast,105,66,2026-04-23
PROD000052,Midwest,62,57,2026-04-23
PROD000032,West,232,34,2026-04-23
PROD000183,Northeast,39,49,2026-04-23
PROD000160,West,184,66,2026-04-23
PROD000145,Northeast,63,33,2026-04-23
PROD000170,Northeast,40,53,2026-04-23
PROD000211,Northeast,208,20,2026-04-23
PROD000187,Northeast,107,46,2026-04-23
PROD000076,West,106,60,2026-04-23
