snapshot_date,product_id,on_hand_qty,reorder_point,region
2026-01-24,PROD000088,58,36,Midwest
2026-01-24,PROD000048,14,64,Midwest
2026-01-24,PROD000229,220,17,Southeast
2026-01-24,PROD000002,188,40,Southeast
2026-01-24,PROD000107,168,21,Midwest
2026-01-24,PROD000148,186,45,Midwest
2026-01-24,PROD000149,132,16,Southeast
2026-01-24,PROD000241,53,51,West
2026-01-24,PROD000012,206,63,Northeast
2026-01-24,PROD000081,232,33,Southeast
2026-01-24,PROD000046,128,46,Southeast
2026-01-24,PROD000172,73,23,Southeast
2026-01-24,PROD000146,184,15,Midwest
2026-01-24,PROD000001,186,16,West
2026-01-24,PROD000072,177,55,West
2026-01-24,PROD000201,75,48,Northeast
2026-01-24,PROD000180,198,17,Southeast
2026-01-24,PROD000186,171,38,West
2026-01-24,PROD000026,140,19,West
2026-01-24,PROD000171,225,28,Midwest
2026-01-24,PROD000160,3,40,Northeast
2026-01-24,PROD000230,58,15,Northeast
2026-01-24,PROD000095,26,52,Midwest
2026-01-24,PROD000062,66,62,Southeast
2026-01-24,PROD000004,175,45,Southeast
2026-01-24,PROD000097,205,53,Southeast
2026-01-24,PROD000194,1,38,Midwest
2026-01-24,PROD000203,64,64,Midwest
2026-01-24,PROD000086,184,40,Northeast
2026-01-24,PROD000243,237,26,Southeast
2026-01-24,PROD000198,26,63,Northeast
2026-01-24,PROD000123,60,53,Midwest
2026-01-24,PROD000169,80,63,Northeast
2026-01-24,PROD000170,153,19,Midwest
2026-01-24,PROD000101,92,43,Southeast
2026-01-24,PROD000093,11,54,Northeast
2026-01-24,PROD000115,16,33,Midwest
2026-01-24,PROD000207,161,53,Midwest
2026-01-24,PROD000174,220,47,Southeast
2026-01-24,PROD000188,121,29,Northeast
2026-01-24,PROD000102,20,68,Midwest
2026-01-24,PROD000163,183,61,Southeast
2026-01-24,PROD000033,132,68,Midwest
2026-01-24,PROD000006,116,58,West
2026-01-24,PROD000085,218,41,Southeast
2026-01-24,PROD000092,17,42,Northeast
2026-01-24,PROD000132,66,49,Northeast
2026-01-24,PROD000140,188,17,Southeast
2026-01-24,PROD000137,70,18,Northeast
2026-01-24,PROD000077,77,33,Northeast
2026-01-24,PROD000134,206,35,Southeast
2026-01-24,PROD000217,113,30,Northeast
2026-01-24,PROD000053,140,32,West
2026-01-24,PROD000184,231,68,Northeast
2026-01-24,PROD000109,217,15,Northeast
2026-01-24,PROD000022,25,51,West
2026-01-24,PROD000076,37,42,Midwest
2026-01-24,PROD000098,59,48,Midwest
2026-01-24,PROD000210,116,66,West
2026-01-24,PROD000238,79,56,Southeast
2026-01-24,PROD000222,118,28,West
2026-01-24,PROD000220,166,15,Northeast
2026-01-24,PROD000054,142,17,Southeast
2026-01-24,PROD000235,141,19,Southeast
2026-01-24,PROD000138,200,27,Northeast
2026-01-24,PROD000038,6,31,West
2026-01-24,PROD000126,49,34,West
2026-01-24,PROD000099,177,41,West
2026-01-24,PROD000047,2,19,Midwest
2026-01-24,PROD000060,20,45,Northeast
2026-01-24,PROD000245,82,53,Southeast
2026-01-24,PROD000247,146,18,Midwest
2026-01-24,PROD000244,23,35,Northeast
2026-01-24,PROD000078,43,18,Midwest
2026-01-24,PROD000139,20,35,West
2026-01-24,PROD000131,168,24,Northeast
2026-01-24,PROD000052,146,17,Northeast
2026-01-24,PROD000231,64,50,Midwest
2026-01-24,PROD000237,146,20,West
2026-01-24,PROD000221,115,34,West
2026-01-24,PROD000061,101,30,Midwest
2026-01-24,PROD000050,194,61,West
2026-01-24,PROD000168,63,29,Midwest
2026-01-24,PROD000209,73,41,Southeast
2026-01-24,PROD000211,29,64,West
2026-01-24,PROD000246,108,21,Northeast
2026-01-24,PROD000082,25,69,West
2026-01-24,PROD000007,54,37,Midwest
2026-01-24,PROD000067,226,44,Midwest
2026-01-24,PROD000100,141,50,Midwest
2026-01-24,PROD000159,176,68,West
2026-01-24,PROD000089,178,16,West
2026-01-24,PROD000113,13,36,West
2026-01-24,PROD000223,195,48,Midwest
2026-01-24,PROD000122,10,23,Midwest
2026-01-24,PROD000199,114,59,West
2026-01-24,PROD000212,207,40,West
2026-01-24,PROD000083,30,23,West
2026-01-24,PROD000234,28,20,West
2026-01-24,PROD000056,138,60,Midwest
2026-01-24,PROD000240,121,16,Midwest
2026-01-24,PROD000069,47,68,Northeast
2026-01-24,PROD000043,6,22,West
2026-01-24,PROD000214,147,21,West
2026-01-24,PROD000167,1,31,Northeast
2026-01-24,PROD000058,64,49,West
2026-01-24,PROD000096,104,54,West
2026-01-24,PROD000144,167,20,Northeast
2026-01-24,PROD000155,22,58,Midwest
2026-01-24,PROD000142,203,68,Midwest
2026-01-24,PROD000248,117,42,Midwest
2026-01-24,PROD000037,106,16,Midwest
2026-01-24,PROD000165,97,55,Midwest
2026-01-24,PROD000147,234,33,West
2026-01-24,PROD000129,56,26,West
2026-01-24,PROD000075,160,40,Northeast
2026-01-24,PROD000013,164,31,Southeast
2026-01-24,PROD000153,230,54,Midwest
2026-01-24,PROD000130,32,69,West
2026-01-24,PROD000175,6,30,Midwest
2026-01-25,PROD000222,221,62,Northeast
2026-01-25,PROD000084,124,53,Northeast
2026-01-25,PROD000250,26,44,Midwest
2026-01-25,PROD000047,143,21,Southeast
2026-01-25,PROD000162,206,28,Midwest
2026-01-25,PROD000227,180,46,Southeast
2026-01-25,PROD000003,179,35,West
2026-01-25,PROD000121,230,52,West
2026-01-25,PROD000240,167,26,Southeast
2026-01-25,PROD000102,223,41,Northeast
2026-01-25,PROD000005,219,53,Midwest
2026-01-25,PROD000125,175,58,Northeast
2026-01-25,PROD000002,155,55,Southeast
2026-01-25,PROD000239,191,41,Southeast
2026-01-25,PROD000049,188,34,Midwest
2026-01-25,PROD000089,87,64,Northeast
2026-01-25,PROD000068,218,17,West
2026-01-25,PROD000207,63,34,Midwest
2026-01-25,PROD000063,88,19,West
2026-01-25,PROD000116,170,49,Midwest
2026-01-25,PROD000015,68,69,Northeast
2026-01-25,PROD000093,207,16,Southeast
2026-01-25,PROD000233,238,30,Southeast
2026-01-25,PROD000034,126,47,Midwest
2026-01-25,PROD000025,143,21,West
2026-01-25,PROD000064,195,65,West
2026-01-25,PROD000163,209,65,Northeast
2026-01-25,PROD000008,214,28,Midwest
2026-01-25,PROD000098,163,60,West
2026-01-25,PROD000139,27,37,Northeast
2026-01-25,PROD000013,214,17,West
2026-01-25,PROD000205,175,32,Northeast
2026-01-25,PROD000214,233,16,Southeast
2026-01-25,PROD000057,109,19,Northeast
2026-01-25,PROD000106,175,51,Midwest
2026-01-25,PROD000142,207,35,Midwest
2026-01-25,PROD000023,59,36,Midwest
2026-01-25,PROD000202,109,48,Northeast
2026-01-25,PROD000028,68,36,Midwest
2026-01-25,PROD000189,153,33,Southeast
2026-01-25,PROD000021,37,31,Northeast
2026-01-25,PROD000101,229,32,West
2026-01-25,PROD000223,217,52,West
2026-01-25,PROD000074,189,57,Southeast
2026-01-25,PROD000099,6,58,Midwest
2026-01-25,PROD000058,168,51,Southeast
2026-01-25,PROD000246,122,32,Northeast
2026-01-25,PROD000160,13,42,West
2026-01-25,PROD000197,30,53,Midwest
2026-01-25,PROD000112,172,57,Southeast
2026-01-25,PROD000137,32,28,Midwest
2026-01-25,PROD000249,67,44,Southeast
2026-01-25,PROD000156,139,60,Midwest
2026-01-25,PROD000100,209,28,Northeast
2026-01-25,PROD000031,42,55,Northeast
2026-01-25,PROD000211,186,18,Midwest
2026-01-25,PROD000110,113,60,Northeast
2026-01-25,PROD000127,222,49,Northeast
2026-01-25,PROD000007,63,21,Southeast
2026-01-25,PROD000126,80,33,West
2026-01-25,PROD000135,155,36,Northeast
2026-01-25,PROD000140,139,53,Northeast
2026-01-25,PROD000088,111,69,Midwest
2026-01-25,PROD000185,26,42,Southeast
2026-01-25,PROD000111,35,45,Southeast
2026-01-25,PROD000011,50,23,West
2026-01-25,PROD000022,149,38,Northeast
2026-01-25,PROD000114,24,24,West
2026-01-25,PROD000108,125,58,Northeast
2026-01-25,PROD000192,160,65,West
2026-01-25,PROD000017,148,56,West
2026-01-25,PROD000035,169,26,Midwest
2026-01-25,PROD000247,141,54,Southeast
2026-01-25,PROD000016,169,62,Midwest
2026-01-25,PROD000065,179,65,West
2026-01-25,PROD000091,164,64,Southeast
2026-01-25,PROD000221,135,49,Midwest
2026-01-25,PROD000245,225,15,Northeast
2026-01-25,PROD000168,13,18,Northeast
2026-01-25,PROD000179,10,54,Northeast
2026-01-25,PROD000113,173,52,Southeast
2026-01-25,PROD000090,106,34,Midwest
2026-01-25,PROD000104,222,61,Southeast
2026-01-25,PROD000235,29,48,Southeast
2026-01-25,PROD000219,160,29,West
2026-01-25,PROD000146,189,29,Northeast
2026-01-25,PROD000145,70,30,Midwest
2026-01-25,PROD000010,181,27,West
2026-01-25,PROD000042,70,52,Midwest
2026-01-25,PROD000039,129,21,Southeast
2026-01-25,PROD000141,139,42,Northeast
2026-01-25,PROD000164,117,25,West
2026-01-25,PROD000232,89,44,West
2026-01-25,PROD000208,144,47,Northeast
2026-01-25,PROD000014,5,21,Southeast
2026-01-25,PROD000177,115,35,Southeast
2026-01-25,PROD000020,221,47,Northeast
2026-01-25,PROD000191,145,48,West
2026-01-25,PROD000095,72,40,Midwest
2026-01-25,PROD000218,112,17,Northeast
2026-01-25,PROD000237,26,55,Northeast
2026-01-25,PROD000147,229,20,Southeast
2026-01-25,PROD000174,112,50,West
2026-01-25,PROD000195,239,47,West
2026-01-25,PROD000040,104,49,Northeast
2026-01-25,PROD000055,83,57,West
2026-01-25,PROD000082,31,18,Northeast
2026-01-25,PROD000046,79,30,Northeast
2026-01-25,PROD000096,121,67,Northeast
2026-01-25,PROD000103,151,57,Northeast
2026-01-25,PROD000105,133,67,West
2026-01-25,PROD000056,227,54,Northeast
2026-01-25,PROD000076,157,31,Southeast
2026-01-25,PROD000210,182,60,West
2026-01-25,PROD000182,200,65,Southeast
2026-01-25,PROD000006,26,54,West
2026-01-25,PROD000159,30,67,Southeast
2026-01-25,PROD000136,193,37,Northeast
2026-01-25,PROD000130,21,44,West
2026-01-25,PROD000045,197,44,Midwest
2026-01-26,PROD000219,228,31,Southeast
2026-01-26,PROD000216,187,45,Southeast
2026-01-26,PROD000248,52,19,Northeast
2026-01-26,PROD000002,26,54,Midwest
2026-01-26,PROD000098,169,64,West
2026-01-26,PROD000116,19,39,Midwest
2026-01-26,PROD000006,131,65,Southeast
2026-01-26,PROD000190,27,29,Midwest
2026-01-26,PROD000237,115,34,West
2026-01-26,PROD000054,85,58,Southeast
2026-01-26,PROD000170,13,32,Northeast
2026-01-26,PROD000153,59,58,Southeast
2026-01-26,PROD000195,209,60,West
2026-01-26,PROD000081,19,62,West
2026-01-26,PROD000003,136,29,Northeast
2026-01-26,PROD000183,20,21,Midwest
2026-01-26,PROD000115,93,31,Midwest
2026-01-26,PROD000020,224,35,Midwest
2026-01-26,PROD000234,15,24,Northeast
2026-01-26,PROD000079,91,34,Southeast
2026-01-26,PROD000198,109,64,Midwest
2026-01-26,PROD000243,83,29,West
2026-01-26,PROD000178,37,62,Midwest
2026-01-26,PROD000185,82,47,Northeast
2026-01-26,PROD000108,136,20,Northeast
2026-01-26,PROD000175,100,65,Midwest
2026-01-26,PROD000050,54,38,West
2026-01-26,PROD000176,9,23,Southeast
2026-01-26,PROD000197,140,16,West
2026-01-26,PROD000128,100,48,West
2026-01-26,PROD000181,217,42,Southeast
2026-01-26,PROD000158,183,54,Midwest
2026-01-26,PROD000142,180,33,Northeast
2026-01-26,PROD000011,48,59,Midwest
2026-01-26,PROD000047,4,48,Southeast
2026-01-26,PROD000019,232,65,West
2026-01-26,PROD000167,99,68,Midwest
2026-01-26,PROD000096,153,23,West
2026-01-26,PROD000192,232,47,Midwest
2026-01-26,PROD000166,79,60,Southeast
2026-01-26,PROD000070,82,31,West
2026-01-26,PROD000063,0,68,West
2026-01-26,PROD000184,161,19,Southeast
2026-01-26,PROD000076,236,50,Northeast
2026-01-26,PROD000182,232,24,Southeast
2026-01-26,PROD000162,25,25,West
2026-01-26,PROD000205,167,64,Northeast
2026-01-26,PROD000174,116,22,West
2026-01-26,PROD000053,100,18,Southeast
2026-01-26,PROD000023,5,64,West
2026-01-26,PROD000144,149,41,West
2026-01-26,PROD000154,57,48,Midwest
2026-01-26,PROD000193,149,68,West
2026-01-26,PROD000222,204,18,Midwest
2026-01-26,PROD000028,87,37,Southeast
2026-01-26,PROD000130,213,63,Southeast
2026-01-26,PROD000010,31,31,West
2026-01-26,PROD000149,6,35,Northeast
2026-01-26,PROD000117,199,36,Midwest
2026-01-26,PROD000071,223,50,Southeast
2026-01-26,PROD000113,203,32,Southeast
2026-01-26,PROD000136,19,42,Southeast
2026-01-26,PROD000186,116,23,West
2026-01-26,PROD000009,168,35,West
2026-01-26,PROD000179,172,61,Northeast
2026-01-26,PROD000147,108,15,Southeast
2026-01-26,PROD000059,78,57,Midwest
2026-01-26,PROD000227,61,34,Southeast
2026-01-26,PROD000203,37,24,Southeast
2026-01-26,PROD000068,173,37,Northeast
2026-01-26,PROD000220,41,58,West
2026-01-26,PROD000160,226,61,West
2026-01-26,PROD000062,10,43,Midwest
2026-01-26,PROD000230,168,33,Midwest
2026-01-26,PROD000046,37,19,Midwest
2026-01-26,PROD000187,162,39,Northeast
2026-01-26,PROD000001,199,25,West
2026-01-26,PROD000080,56,23,West
2026-01-26,PROD000156,161,20,Northeast
2026-01-26,PROD000242,3,65,Southeast
2026-01-26,PROD000082,187,66,Southeast
2026-01-26,PROD000094,220,25,Northeast
2026-01-26,PROD000022,201,45,West
2026-01-26,PROD000092,10,49,Southeast
2026-01-26,PROD000245,209,54,Midwest
2026-01-26,PROD000169,185,52,West
2026-01-26,PROD000209,72,18,Northeast
2026-01-26,PROD000119,55,43,Northeast
2026-01-26,PROD000207,11,52,West
2026-01-26,PROD000077,19,69,Southeast
2026-01-26,PROD000037,88,67,West
2026-01-26,PROD000231,148,21,Southeast
2026-01-26,PROD000043,195,37,Northeast
2026-01-26,PROD000152,4,52,Northeast
2026-01-26,PROD000161,89,38,Northeast
2026-01-26,PROD000236,25,15,West
2026-01-26,PROD000100,89,15,Southeast
2026-01-26,PROD000055,121,59,Northeast
2026-01-26,PROD000025,142,30,Southeast
2026-01-26,PROD000072,17,68,Northeast
2026-01-26,PROD000233,62,45,Midwest
2026-01-26,PROD000012,98,35,Northeast
2026-01-26,PROD000099,74,19,Northeast
2026-01-26,PROD000041,2,19,Southeast
2026-01-26,PROD000097,133,37,Northeast
2026-01-26,PROD000249,75,38,West
2026-01-26,PROD000212,28,54,Northeast
2026-01-26,PROD000014,212,41,Northeast
2026-01-26,PROD000083,99,44,Southeast
2026-01-26,PROD000206,117,19,Northeast
2026-01-26,PROD000090,232,15,Midwest
2026-01-26,PROD000215,31,33,Midwest
2026-01-26,PROD000036,10,23,Northeast
2026-01-26,PROD000201,207,56,Southeast
2026-01-26,PROD000138,108,61,West
2026-01-26,PROD000134,60,56,Midwest
2026-01-26,PROD000241,44,38,Southeast
2026-01-26,PROD000194,80,44,Southeast
2026-01-26,PROD000048,218,34,Southeast
2026-01-26,PROD000069,105,65,Midwest
2026-01-27,PROD000143,96,61,Southeast
2026-01-27,PROD000200,42,49,Southeast
2026-01-27,PROD000242,195,19,Southeast
2026-01-27,PROD000238,45,59,Southeast
2026-01-27,PROD000193,195,60,Northeast
2026-01-27,PROD000236,75,49,Northeast
2026-01-27,PROD000119,34,27,Midwest
2026-01-27,PROD000146,137,30,Southeast
2026-01-27,PROD000024,128,37,West
2026-01-27,PROD000241,209,62,West
2026-01-27,PROD000150,101,25,West
2026-01-27,PROD000058,206,56,West
2026-01-27,PROD000232,232,47,Southeast
2026-01-27,PROD000133,215,17,Midwest
2026-01-27,PROD000103,30,52,Midwest
2026-01-27,PROD000030,56,24,Southeast
2026-01-27,PROD000039,39,18,Midwest
2026-01-27,PROD000028,51,36,Midwest
2026-01-27,PROD000086,108,20,Northeast
2026-01-27,PROD000111,184,33,Midwest
2026-01-27,PROD000065,87,40,Northeast
2026-01-27,PROD000187,155,16,Midwest
2026-01-27,PROD000011,75,25,West
2026-01-27,PROD000104,88,24,West
2026-01-27,PROD000052,168,20,West
2026-01-27,PROD000014,32,61,Southeast
2026-01-27,PROD000037,179,29,Northeast
2026-01-27,PROD000159,66,23,Northeast
2026-01-27,PROD000013,115,48,West
2026-01-27,PROD000115,159,38,Southeast
2026-01-27,PROD000097,68,21,Southeast
2026-01-27,PROD000233,61,46,Northeast
2026-01-27,PROD000188,44,24,Midwest
2026-01-27,PROD000154,138,60,Midwest
2026-01-27,PROD000081,207,60,Southeast
2026-01-27,PROD000038,55,68,Midwest
2026-01-27,PROD000225,11,34,Northeast
2026-01-27,PROD000021,87,43,Midwest
2026-01-27,PROD000161,62,38,Northeast
2026-01-27,PROD000226,201,62,Northeast
2026-01-27,PROD000085,39,19,West
2026-01-27,PROD000157,156,30,Midwest
2026-01-27,PROD000176,36,41,Midwest
2026-01-27,PROD000203,6,44,Southeast
2026-01-27,PROD000196,171,51,Southeast
2026-01-27,PROD000229,3,64,Southeast
2026-01-27,PROD000173,121,59,Southeast
2026-01-27,PROD000017,213,60,West
2026-01-27,PROD000167,105,58,Northeast
2026-01-27,PROD000209,38,33,Southeast
2026-01-27,PROD000083,95,19,Northeast
2026-01-27,PROD000049,74,24,Southeast
2026-01-27,PROD000231,232,67,Southeast
2026-01-27,PROD000009,63,67,Northeast
2026-01-27,PROD000210,22,27,Southeast
2026-01-27,PROD000088,46,69,Northeast
2026-01-27,PROD000016,24,30,Midwest
2026-01-27,PROD000055,6,66,Northeast
2026-01-27,PROD000002,127,53,West
2026-01-27,PROD000224,95,32,Midwest
2026-01-27,PROD000057,98,40,Southeast
2026-01-27,PROD000079,134,53,Southeast
2026-01-27,PROD000069,47,50,Midwest
2026-01-27,PROD000063,69,33,Midwest
2026-01-27,PROD000213,194,66,Northeast
2026-01-27,PROD000066,210,63,Midwest
2026-01-27,PROD000182,233,37,West
2026-01-27,PROD000168,4,68,Southeast
2026-01-27,PROD000094,147,46,Midwest
2026-01-27,PROD000153,116,54,Northeast
2026-01-27,PROD000152,42,28,Southeast
2026-01-27,PROD000195,232,37,Southeast
2026-01-27,PROD000051,160,61,West
2026-01-27,PROD000006,191,47,West
2026-01-27,PROD000147,123,60,Southeast
2026-01-27,PROD000003,79,67,Southeast
2026-01-27,PROD000199,88,65,Midwest
2026-01-27,PROD000219,40,20,West
2026-01-27,PROD000067,160,63,Midwest
2026-01-27,PROD000132,147,53,West
2026-01-27,PROD000089,6,27,Midwest
2026-01-27,PROD000135,187,49,Northeast
2026-01-27,PROD000141,39,27,Southeast
2026-01-27,PROD000247,130,24,Northeast
2026-01-27,PROD000053,61,28,Southeast
2026-01-27,PROD000122,1,45,West
2026-01-27,PROD000223,157,49,Southeast
2026-01-27,PROD000007,2,31,Southeast
2026-01-27,PROD000032,138,39,Northeast
2026-01-27,PROD000044,141,59,Midwest
2026-01-27,PROD000228,107,16,Southeast
2026-01-27,PROD000046,45,62,Northeast
2026-01-27,PROD000082,47,35,Northeast
2026-01-27,PROD000128,210,21,Midwest
2026-01-27,PROD000064,166,22,Midwest
2026-01-27,PROD000239,186,21,West
2026-01-27,PROD000237,69,28,West
2026-01-27,PROD000142,229,27,Southeast
2026-01-27,PROD000181,98,52,Southeast
2026-01-27,PROD000175,97,43,Southeast
2026-01-27,PROD000243,229,22,Midwest
2026-01-27,PROD000109,66,30,Southeast
2026-01-27,PROD000123,219,69,Southeast
2026-01-27,PROD000217,223,36,Southeast
2026-01-27,PROD000105,80,39,Midwest
2026-01-27,PROD000227,219,51,Northeast
2026-01-27,PROD000107,161,63,Southeast
2026-01-27,PROD000221,232,42,Southeast
2026-01-27,PROD000023,113,47,Northeast
2026-01-27,PROD000040,236,52,Northeast
2026-01-27,PROD000171,51,50,West
2026-01-27,PROD000166,32,61,Midwest
2026-01-27,PROD000062,223,24,Northeast
2026-01-27,PROD000025,222,20,Northeast
2026-01-27,PROD000174,68,47,Midwest
2026-01-27,PROD000042,161,59,Northeast
2026-01-27,PROD000198,101,50,Midwest
2026-01-27,PROD000101,63,57,Midwest
2026-01-27,PROD000041,111,60,Northeast
2026-01-27,PROD000138,158,39,Midwest
2026-01-28,PROD000031,19,30,West
2026-01-28,PROD000175,211,35,Northeast
2026-01-28,PROD000143,146,30,Northeast
2026-01-28,PROD000001,35,60,Northeast
2026-01-28,PROD000043,173,69,Northeast
2026-01-28,PROD000080,89,63,Southeast
2026-01-28,PROD000113,83,56,Midwest
2026-01-28,PROD000016,29,15,West
2026-01-28,PROD000202,22,52,Midwest
2026-01-28,PROD000250,219,34,West
2026-01-28,PROD000052,223,68,Southeast
2026-01-28,PROD000195,175,66,Southeast
2026-01-28,PROD000039,99,48,West
2026-01-28,PROD000089,17,19,Northeast
2026-01-28,PROD000079,119,23,Southeast
2026-01-28,PROD000090,67,42,Southeast
2026-01-28,PROD000026,141,53,Southeast
2026-01-28,PROD000207,135,38,Northeast
2026-01-28,PROD000024,16,22,West
2026-01-28,PROD000226,70,43,Midwest
2026-01-28,PROD000012,85,43,West
2026-01-28,PROD000125,138,46,Southeast
2026-01-28,PROD000023,186,23,Northeast
2026-01-28,PROD000035,144,55,Northeast
2026-01-28,PROD000010,127,16,Midwest
2026-01-28,PROD000209,61,35,West
2026-01-28,PROD000045,223,38,Midwest
2026-01-28,PROD000018,16,68,Northeast
2026-01-28,PROD000029,77,54,West
2026-01-28,PROD000019,32,22,West
2026-01-28,PROD000056,162,20,Southeast
2026-01-28,PROD000033,55,36,Northeast
2026-01-28,PROD000219,140,41,Midwest
2026-01-28,PROD000245,219,65,Southeast
2026-01-28,PROD000182,192,35,Northeast
2026-01-28,PROD000002,102,15,Northeast
2026-01-28,PROD000232,157,38,Northeast
2026-01-28,PROD000105,114,68,Northeast
2026-01-28,PROD000098,41,22,Northeast
2026-01-28,PROD000003,192,41,West
2026-01-28,PROD000115,37,65,Northeast
2026-01-28,PROD000168,28,63,West
2026-01-28,PROD000123,186,53,West
2026-01-28,PROD000112,161,20,Southeast
2026-01-28,PROD000138,177,57,Southeast
2026-01-28,PROD000218,209,16,Northeast
2026-01-28,PROD000237,144,30,West
2026-01-28,PROD000022,202,38,Southeast
2026-01-28,PROD000131,144,43,Southeast
2026-01-28,PROD000063,218,45,Midwest
2026-01-28,PROD000117,116,27,Midwest
2026-01-28,PROD000215,61,65,West
2026-01-28,PROD000225,233,65,Midwest
2026-01-28,PROD000204,126,40,Northeast
2026-01-28,PROD000083,55,21,Midwest
2026-01-28,PROD000006,34,55,Southeast
2026-01-28,PROD000196,3,18,Northeast
2026-01-28,PROD000231,34,39,Midwest
2026-01-28,PROD000064,236,64,West
2026-01-28,PROD000075,70,50,West
2026-01-28,PROD000044,142,64,Northeast
2026-01-28,PROD000233,111,43,Southeast
2026-01-28,PROD000047,167,64,Midwest
2026-01-28,PROD000170,90,34,Southeast
2026-01-28,PROD000009,222,45,Northeast
2026-01-28,PROD000229,152,32,Midwest
2026-01-28,PROD000101,132,24,Southeast
2026-01-28,PROD000160,236,28,Southeast
2026-01-28,PROD000011,52,27,Midwest
2026-01-28,PROD000206,124,16,Midwest
2026-01-28,PROD000110,17,17,West
2026-01-28,PROD000191,119,29,Northeast
2026-01-28,PROD000200,21,31,West
2026-01-28,PROD000205,77,61,Northeast
2026-01-28,PROD000241,43,48,Midwest
2026-01-28,PROD000126,171,16,Northeast
2026-01-28,PROD000040,207,31,West
2026-01-28,PROD000248,110,44,Northeast
2026-01-28,PROD000111,182,58,Midwest
2026-01-28,PROD000150,139,58,Southeast
2026-01-28,PROD000060,231,19,Southeast
2026-01-28,PROD000135,134,34,West
2026-01-28,PROD000050,136,58,Southeast
2026-01-28,PROD000067,178,48,West
2026-01-28,PROD000124,130,16,West
2026-01-28,PROD000091,181,16,Midwest
2026-01-28,PROD000228,95,36,Southeast
2026-01-28,PROD000100,49,64,Northeast
2026-01-28,PROD000179,157,30,Southeast
2026-01-28,PROD000104,33,63,Southeast
2026-01-28,PROD000239,157,33,Northeast
2026-01-28,PROD000071,151,54,Midwest
2026-01-28,PROD000129,201,26,West
2026-01-28,PROD000103,95,63,Midwest
2026-01-28,PROD000121,210,26,Northeast
2026-01-28,PROD000141,72,39,Midwest
2026-01-28,PROD000173,12,47,Southeast
2026-01-28,PROD000055,238,64,Southeast
2026-01-28,PROD000007,152,40,Midwest
2026-01-28,PROD000038,42,61,Northeast
2026-01-28,PROD000116,208,49,Southeast
2026-01-28,PROD000146,230,52,Northeast
2026-01-28,PROD000190,122,51,Midwest
2026-01-28,PROD000028,201,63,West
2026-01-28,PROD000165,148,18,West
2026-01-28,PROD000102,8,18,Northeast
2026-01-28,PROD000086,51,54,Midwest
2026-01-28,PROD000128,128,23,West
2026-01-28,PROD000155,33,33,West
2026-01-28,PROD000243,49,23,Northeast
2026-01-28,PROD000159,141,55,Northeast
2026-01-28,PROD000193,67,18,West
2026-01-28,PROD000072,226,62,West
2026-01-28,PROD000076,137,48,West
2026-01-28,PROD000184,100,29,Southeast
2026-01-28,PROD000094,178,48,West
2026-01-28,PROD000127,17,51,West
2026-01-28,PROD000013,131,38,Northeast
2026-01-28,PROD000194,143,46,West
2026-01-28,PROD000096,171,23,West
2026-01-29,PROD000173,51,67,West
2026-01-29,PROD000182,83,58,West
2026-01-29,PROD000109,203,37,Midwest
2026-01-29,PROD000208,163,17,Midwest
2026-01-29,PROD000144,59,68,Midwest
2026-01-29,PROD000169,97,23,Northeast
2026-01-29,PROD000132,46,58,Midwest
2026-01-29,PROD000214,29,68,Midwest
2026-01-29,PROD000242,210,59,Northeast
2026-01-29,PROD000139,39,66,West
2026-01-29,PROD000196,35,53,Southeast
2026-01-29,PROD000103,228,24,Midwest
2026-01-29,PROD000057,115,47,Southeast
2026-01-29,PROD000017,25,67,Midwest
2026-01-29,PROD000140,168,54,West
2026-01-29,PROD000230,204,32,Midwest
2026-01-29,PROD000225,85,15,Northeast
2026-01-29,PROD000040,193,17,Southeast
2026-01-29,PROD000237,106,33,Midwest
2026-01-29,PROD000113,65,56,Midwest
2026-01-29,PROD000016,88,34,West
2026-01-29,PROD000170,196,25,Southeast
2026-01-29,PROD000126,209,21,Southeast
2026-01-29,PROD000114,143,63,Midwest
2026-01-29,PROD000070,229,16,Northeast
2026-01-29,PROD000193,151,61,Southeast
2026-01-29,PROD000165,30,46,Southeast
2026-01-29,PROD000080,7,53,Midwest
2026-01-29,PROD000152,202,46,West
2026-01-29,PROD000197,146,54,Midwest
2026-01-29,PROD000210,198,25,Southeast
2026-01-29,PROD000015,14,21,Northeast
2026-01-29,PROD000116,206,69,Midwest
2026-01-29,PROD000013,76,43,West
2026-01-29,PROD000024,4,58,Southeast
2026-01-29,PROD000188,169,57,Southeast
2026-01-29,PROD000215,141,35,Midwest
2026-01-29,PROD000168,232,31,Northeast
2026-01-29,PROD000067,12,22,Southeast
2026-01-29,PROD000117,121,43,Southeast
2026-01-29,PROD000105,178,37,Southeast
2026-01-29,PROD000049,224,17,Southeast
2026-01-29,PROD000243,127,31,Midwest
2026-01-29,PROD000204,206,60,Northeast
2026-01-29,PROD000037,206,61,West
2026-01-29,PROD000149,121,35,Midwest
2026-01-29,PROD000195,79,38,Southeast
2026-01-29,PROD000241,63,53,Northeast
2026-01-29,PROD000229,55,69,West
2026-01-29,PROD000121,140,17,Southeast
2026-01-29,PROD000006,94,30,West
2026-01-29,PROD000207,219,45,West
2026-01-29,PROD000047,147,18,Midwest
2026-01-29,PROD000216,205,16,Southeast
2026-01-29,PROD000131,144,41,Southeast
2026-01-29,PROD000223,69,33,Northeast
2026-01-29,PROD000102,53,53,Southeast
2026-01-29,PROD000078,69,56,Southeast
2026-01-29,PROD000135,236,17,West
2026-01-29,PROD000041,62,59,Northeast
2026-01-29,PROD000125,102,20,Midwest
2026-01-29,PROD000091,91,57,Midwest
2026-01-29,PROD000054,124,27,West
2026-01-29,PROD000174,95,27,Midwest
2026-01-29,PROD000011,200,36,Southeast
2026-01-29,PROD000202,237,66,Northeast
2026-01-29,PROD000106,198,25,West
2026-01-29,PROD000156,87,26,Northeast
2026-01-29,PROD000090,2,34,Midwest
2026-01-29,PROD000233,43,59,West
2026-01-29,PROD000119,237,51,West
2026-01-29,PROD000245,162,46,Midwest
2026-01-29,PROD000186,62,66,Southeast
2026-01-29,PROD000035,58,25,Southeast
2026-01-29,PROD000217,231,33,Northeast
2026-01-29,PROD000227,162,34,West
2026-01-29,PROD000044,104,53,Southeast
2026-01-29,PROD000009,116,29,Northeast
2026-01-29,PROD000218,229,40,Midwest
2026-01-29,PROD000060,184,65,West
2026-01-29,PROD000157,193,45,Southeast
2026-01-29,PROD000096,177,65,Midwest
2026-01-29,PROD000092,4,41,Southeast
2026-01-29,PROD000115,10,39,Southeast
2026-01-29,PROD000083,181,33,West
2026-01-29,PROD000192,28,31,Northeast
2026-01-29,PROD000127,133,35,Northeast
2026-01-29,PROD000087,214,53,Midwest
2026-01-29,PROD000036,57,20,Midwest
2026-01-29,PROD000004,16,53,Southeast
2026-01-29,PROD000153,194,47,Midwest
2026-01-29,PROD000154,65,64,Northeast
2026-01-29,PROD000053,213,60,Midwest
2026-01-29,PROD000089,22,40,Northeast
2026-01-29,PROD000160,165,18,Southeast
2026-01-29,PROD000137,157,39,Midwest
2026-01-29,PROD000061,56,59,Southeast
2026-01-29,PROD000088,11,21,Southeast
2026-01-29,PROD000122,20,66,Midwest
2026-01-29,PROD000025,90,37,West
2026-01-29,PROD000164,118,17,Midwest
2026-01-29,PROD000232,64,26,Northeast
2026-01-29,PROD000046,53,59,Southeast
2026-01-29,PROD000063,15,57,Midwest
2026-01-29,PROD000002,114,61,Southeast
2026-01-29,PROD000198,71,27,West
2026-01-29,PROD000066,63,65,Northeast
2026-01-29,PROD000029,125,38,Northeast
2026-01-29,PROD000134,239,41,Southeast
2026-01-29,PROD000110,170,15,Midwest
2026-01-29,PROD000020,90,35,Southeast
2026-01-29,PROD000183,22,38,Northeast
2026-01-29,PROD000206,165,27,West
2026-01-29,PROD000163,12,26,Southeast
2026-01-29,PROD000151,157,28,Midwest
2026-01-29,PROD000081,144,50,Midwest
2026-01-29,PROD000007,198,57,Southeast
2026-01-29,PROD000023,22,33,Northeast
2026-01-29,PROD000093,91,40,Northeast
2026-01-29,PROD000167,44,32,Northeast
2026-01-30,PROD000222,30,68,Southeast
2026-01-30,PROD000042,188,41,Midwest
2026-01-30,PROD000215,83,46,Northeast
2026-01-30,PROD000249,48,45,Midwest
2026-01-30,PROD000119,101,26,West
2026-01-30,PROD000024,64,16,West
2026-01-30,PROD000156,226,59,Northeast
2026-01-30,PROD000061,177,29,Northeast
2026-01-30,PROD000004,36,25,Northeast
2026-01-30,PROD000020,227,39,Midwest
2026-01-30,PROD000134,94,47,Southeast
2026-01-30,PROD000003,114,69,Northeast
2026-01-30,PROD000182,159,69,Northeast
2026-01-30,PROD000043,121,59,West
2026-01-30,PROD000186,233,61,Northeast
2026-01-30,PROD000221,50,51,Northeast
2026-01-30,PROD000078,75,30,Southeast
2026-01-30,PROD000237,100,29,Midwest
2026-01-30,PROD000054,235,22,West
2026-01-30,PROD000231,112,38,Southeast
2026-01-30,PROD000110,196,42,Midwest
2026-01-30,PROD000106,68,52,West
2026-01-30,PROD000046,118,40,Northeast
2026-01-30,PROD000188,38,16,West
2026-01-30,PROD000058,157,30,Midwest
2026-01-30,PROD000236,70,64,Midwest
2026-01-30,PROD000118,51,66,Southeast
2026-01-30,PROD000176,201,53,Midwest
2026-01-30,PROD000001,55,15,West
2026-01-30,PROD000195,48,54,Midwest
2026-01-30,PROD000135,204,67,West
2026-01-30,PROD000168,218,28,West
2026-01-30,PROD000066,174,36,Northeast
2026-01-30,PROD000219,227,17,West
2026-01-30,PROD000198,100,54,West
2026-01-30,PROD000127,82,29,Midwest
2026-01-30,PROD000141,139,62,Northeast
2026-01-30,PROD000178,191,44,Northeast
2026-01-30,PROD000210,23,60,Midwest
2026-01-30,PROD000136,57,16,Northeast
2026-01-30,PROD000047,114,56,Northeast
2026-01-30,PROD000111,175,54,West
2026-01-30,PROD000235,178,65,West
2026-01-30,PROD000203,58,44,Midwest
2026-01-30,PROD000153,202,37,West
2026-01-30,PROD000080,33,16,Southeast
2026-01-30,PROD000097,109,50,Southeast
2026-01-30,PROD000226,237,22,West
2026-01-30,PROD000112,235,33,Midwest
2026-01-30,PROD000013,94,69,West
2026-01-30,PROD000209,187,49,Southeast
2026-01-30,PROD000010,56,60,Southeast
2026-01-30,PROD000113,1,39,West
2026-01-30,PROD000181,155,58,Southeast
2026-01-30,PROD000056,154,38,Southeast
2026-01-30,PROD000169,100,26,Northeast
2026-01-30,PROD000030,28,46,Southeast
2026-01-30,PROD000102,173,66,Midwest
2026-01-30,PROD000069,1,40,West
2026-01-30,PROD000245,167,59,West
2026-01-30,PROD000152,177,67,Southeast
2026-01-30,PROD000229,153,33,Midwest
2026-01-30,PROD000116,72,17,Northeast
2026-01-30,PROD000117,136,17,Northeast
2026-01-30,PROD000120,235,40,West
2026-01-30,PROD000228,164,54,West
2026-01-30,PROD000129,94,60,Midwest
2026-01-30,PROD000095,135,28,Southeast
2026-01-30,PROD000172,158,43,Midwest
2026-01-30,PROD000180,214,20,Southeast
2026-01-30,PROD000089,24,29,Southeast
2026-01-30,PROD000104,68,61,Northeast
2026-01-30,PROD000238,77,63,West
2026-01-30,PROD000193,72,64,Midwest
2026-01-30,PROD000085,132,19,Northeast
2026-01-30,PROD000081,187,44,Midwest
2026-01-30,PROD000002,69,30,Southeast
2026-01-30,PROD000214,206,26,West
2026-01-30,PROD000225,84,43,Southeast
2026-01-30,PROD000212,61,36,Northeast
2026-01-30,PROD000049,195,51,West
2026-01-30,PROD000026,21,69,Northeast
2026-01-30,PROD000082,194,57,Midwest
2026-01-30,PROD000244,52,61,Northeast
2026-01-30,PROD000150,36,60,Southeast
2026-01-30,PROD000053,104,58,Midwest
2026-01-30,PROD000014,218,32,Midwest
2026-01-30,PROD000121,135,68,Southeast
2026-01-30,PROD000204,170,39,West
2026-01-30,PROD000158,136,32,Midwest
2026-01-30,PROD000211,181,39,Southeast
2026-01-30,PROD000200,63,26,Midwest
2026-01-30,PROD000239,77,32,Midwest
2026-01-30,PROD000114,185,40,Midwest
2026-01-30,PROD000092,235,68,Northeast
2026-01-30,PROD000086,34,46,Southeast
2026-01-30,PROD000072,170,60,Southeast
2026-01-30,PROD000166,131,65,Southeast
2026-01-30,PROD000151,237,52,Midwest
2026-01-30,PROD000123,198,46,Southeast
2026-01-30,PROD000034,7,21,Midwest
2026-01-30,PROD000162,202,59,Southeast
2026-01-30,PROD000044,65,52,Midwest
2026-01-30,PROD000132,157,51,West
2026-01-30,PROD000157,135,56,West
2026-01-30,PROD000103,205,24,Midwest
2026-01-30,PROD000045,230,41,Northeast
2026-01-30,PROD000250,160,54,Southeast
2026-01-30,PROD000052,62,60,Midwest
2026-01-30,PROD000139,36,48,West
2026-01-30,PROD000217,116,36,West
2026-01-30,PROD000075,14,53,West
2026-01-30,PROD000021,13,61,Northeast
2026-01-30,PROD000137,188,34,Northeast
2026-01-30,PROD000148,181,44,West
2026-01-30,PROD000051,43,21,Midwest
2026-01-30,PROD000208,63,66,Northeast
2026-01-30,PROD000099,233,56,West
2026-01-30,PROD000220,213,16,West
2026-01-30,PROD000064,185,55,Southeast
2026-01-31,PROD000213,40,48,West
2026-01-31,PROD000155,72,21,Northeast
2026-01-31,PROD000104,87,31,Northeast
2026-01-31,PROD000225,206,32,Midwest
2026-01-31,PROD000193,110,52,West
2026-01-31,PROD000032,115,27,West
2026-01-31,PROD000041,54,41,West
2026-01-31,PROD000063,229,27,Southeast
2026-01-31,PROD000219,212,36,Midwest
2026-01-31,PROD000220,196,52,Northeast
2026-01-31,PROD000229,95,29,Northeast
2026-01-31,PROD000171,93,47,Southeast
2026-01-31,PROD000192,153,58,Midwest
2026-01-31,PROD000027,223,32,Midwest
2026-01-31,PROD000133,88,60,Southeast
2026-01-31,PROD000146,58,56,West
2026-01-31,PROD000222,65,63,Southeast
2026-01-31,PROD000074,108,40,West
2026-01-31,PROD000161,97,43,Northeast
2026-01-31,PROD000130,8,63,Southeast
2026-01-31,PROD000022,98,67,Northeast
2026-01-31,PROD000145,111,36,Midwest
2026-01-31,PROD000185,18,18,Southeast
2026-01-31,PROD000209,128,43,West
2026-01-31,PROD000244,51,15,Northeast
2026-01-31,PROD000083,153,64,Southeast
2026-01-31,PROD000087,194,52,Midwest
2026-01-31,PROD000214,118,45,West
2026-01-31,PROD000165,185,23,Southeast
2026-01-31,PROD000062,132,17,Northeast
2026-01-31,PROD000019,199,45,Midwest
2026-01-31,PROD000111,38,59,Northeast
2026-01-31,PROD000236,118,27,Southeast
2026-01-31,PROD000232,148,69,Northeast
2026-01-31,PROD000221,186,18,Northeast
2026-01-31,PROD000211,133,49,Northeast
2026-01-31,PROD000147,119,31,Northeast
2026-01-31,PROD000057,163,41,Northeast
2026-01-31,PROD000089,218,35,Midwest
2026-01-31,PROD000196,128,19,Southeast
2026-01-31,PROD000061,162,42,Midwest
2026-01-31,PROD000084,90,58,Midwest
2026-01-31,PROD000048,228,58,Midwest
2026-01-31,PROD000053,214,27,Midwest
2026-01-31,PROD000050,141,50,Midwest
2026-01-31,PROD000096,106,48,West
2026-01-31,PROD000184,68,42,Midwest
2026-01-31,PROD000203,73,30,Southeast
2026-01-31,PROD000120,172,37,West
2026-01-31,PROD000162,225,69,West
2026-01-31,PROD000047,103,58,Midwest
2026-01-31,PROD000109,223,61,Northeast
2026-01-31,PROD000174,58,49,Southeast
2026-01-31,PROD000038,30,39,West
2026-01-31,PROD000040,42,66,Midwest
2026-01-31,PROD000163,207,28,West
2026-01-31,PROD000108,145,51,Southeast
2026-01-31,PROD000148,168,17,Southeast
2026-01-31,PROD000042,109,67,West
2026-01-31,PROD000118,220,30,Northeast
2026-01-31,PROD000242,11,23,West
2026-01-31,PROD000131,2,42,Southeast
2026-01-31,PROD000021,205,43,West
2026-01-31,PROD000241,117,20,Northeast
2026-01-31,PROD000150,195,55,Southeast
2026-01-31,PROD000037,142,54,Midwest
2026-01-31,PROD000002,167,42,Southeast
2026-01-31,PROD000168,100,34,Midwest
2026-01-31,PROD000045,55,54,Midwest
2026-01-31,PROD000215,130,58,Northeast
2026-01-31,PROD000218,101,65,Northeast
2026-01-31,PROD000247,173,20,Northeast
2026-01-31,PROD000077,56,48,Northeast
2026-01-31,PROD000169,89,68,Midwest
2026-01-31,PROD000227,109,26,West
2026-01-31,PROD000197,99,65,Southeast
2026-01-31,PROD000143,104,29,Midwest
2026-01-31,PROD000239,229,22,Northeast
2026-01-31,PROD000175,143,41,Midwest
2026-01-31,PROD000181,235,65,Northeast
2026-01-31,PROD000177,26,37,Midwest
2026-01-31,PROD000043,5,38,Midwest
2026-01-31,PROD000170,145,68,Northeast
2026-01-31,PROD000216,16,25,Southeast
2026-01-31,PROD000082,100,59,Northeast
2026-01-31,PROD000001,225,22,West
2026-01-31,PROD000039,18,27,Southeast
2026-01-31,PROD000009,62,54,Northeast
2026-01-31,PROD000195,130,55,West
2026-01-31,PROD000153,131,56,West
2026-01-31,PROD000106,18,16,Midwest
2026-01-31,PROD000064,122,61,Midwest
2026-01-31,PROD000023,0,59,Southeast
2026-01-31,PROD000198,37,21,Southeast
2026-01-31,PROD000179,74,58,Southeast
2026-01-31,PROD000094,217,21,West
2026-01-31,PROD000140,166,43,Southeast
2026-01-31,PROD000142,114,39,Midwest
2026-01-31,PROD000110,174,53,West
2026-01-31,PROD000092,197,29,Northeast
2026-01-31,PROD000200,101,47,Midwest
2026-01-31,PROD000078,203,46,Southeast
2026-01-31,PROD000191,238,58,West
2026-01-31,PROD000183,135,69,Northeast
2026-01-31,PROD000206,148,56,Midwest
2026-01-31,PROD000160,183,24,Midwest
2026-01-31,PROD000095,69,36,Midwest
2026-01-31,PROD000152,128,18,Southeast
2026-01-31,PROD000230,147,53,Midwest
2026-01-31,PROD000238,79,57,Midwest
2026-01-31,PROD000085,122,51,Southeast
2026-01-31,PROD000159,216,65,Northeast
2026-01-31,PROD000141,58,43,Northeast
2026-01-31,PROD000182,166,43,Southeast
2026-01-31,PROD000156,143,15,Northeast
2026-01-31,PROD000122,115,41,Northeast
2026-01-31,PROD000072,77,61,Northeast
2026-01-31,PROD000086,154,57,Midwest
2026-01-31,PROD000201,83,40,Midwest
2026-01-31,PROD000005,234,55,Midwest
2026-02-01,PROD000203,172,54,Southeast
2026-02-01,PROD000232,213,67,West
2026-02-01,PROD000147,4,24,Southeast
2026-02-01,PROD000003,29,60,Northeast
2026-02-01,PROD000032,201,44,Midwest
2026-02-01,PROD000224,20,66,Midwest
2026-02-01,PROD000069,143,57,Midwest
2026-02-01,PROD000191,46,51,West
2026-02-01,PROD000084,126,68,Northeast
2026-02-01,PROD000105,76,53,Southeast
2026-02-01,PROD000030,212,15,Southeast
2026-02-01,PROD000036,224,38,Northeast
2026-02-01,PROD000218,46,41,Southeast
2026-02-01,PROD000026,137,36,Northeast
2026-02-01,PROD000058,145,40,West
2026-02-01,PROD000181,121,32,Midwest
2026-02-01,PROD000034,41,27,Northeast
2026-02-01,PROD000196,59,65,Northeast
2026-02-01,PROD000042,44,28,Midwest
2026-02-01,PROD000135,208,40,Northeast
2026-02-01,PROD000204,125,30,Midwest
2026-02-01,PROD000246,224,19,Northeast
2026-02-01,PROD000057,141,39,Southeast
2026-02-01,PROD000007,74,47,Midwest
2026-02-01,PROD000072,153,37,Midwest
2026-02-01,PROD000071,160,67,Southeast
2026-02-01,PROD000187,13,47,Southeast
2026-02-01,PROD000068,170,37,Northeast
2026-02-01,PROD000189,96,69,Southeast
2026-02-01,PROD000136,40,16,Southeast
2026-02-01,PROD000100,53,61,Southeast
2026-02-01,PROD000158,158,31,Northeast
2026-02-01,PROD000056,136,59,Midwest
2026-02-01,PROD000051,55,15,Northeast
2026-02-01,PROD000163,55,63,Southeast
2026-02-01,PROD000194,71,58,Midwest
2026-02-01,PROD000231,37,63,West
2026-02-01,PROD000221,173,68,Midwest
2026-02-01,PROD000217,234,23,Southeast
2026-02-01,PROD000141,147,41,West
2026-02-01,PROD000160,145,24,Southeast
2026-02-01,PROD000199,167,67,Midwest
2026-02-01,PROD000171,89,45,West
2026-02-01,PROD000094,231,21,West
2026-02-01,PROD000177,128,54,Northeast
2026-02-01,PROD000198,132,54,Southeast
2026-02-01,PROD000138,57,60,Southeast
2026-02-01,PROD000128,168,26,Midwest
2026-02-01,PROD000168,187,53,Southeast
2026-02-01,PROD000142,80,23,Southeast
2026-02-01,PROD000157,137,40,Southeast
2026-02-01,PROD000123,18,48,Northeast
2026-02-01,PROD000140,118,38,Southeast
2026-02-01,PROD000025,118,20,Midwest
2026-02-01,PROD000195,209,26,Southeast
2026-02-01,PROD000018,91,53,West
2026-02-01,PROD000008,34,17,Southeast
2026-02-01,PROD000192,185,58,Northeast
2026-02-01,PROD000006,110,31,West
2026-02-01,PROD000004,75,35,Southeast
2026-02-01,PROD000116,13,43,Northeast
2026-02-01,PROD000082,238,64,West
2026-02-01,PROD000214,104,56,Southeast
2026-02-01,PROD000208,205,67,West
2026-02-01,PROD000102,69,32,Southeast
2026-02-01,PROD000183,13,29,Midwest
2026-02-01,PROD000229,175,68,Midwest
2026-02-01,PROD000085,232,37,West
2026-02-01,PROD000148,53,64,Midwest
2026-02-01,PROD000174,116,21,West
2026-02-01,PROD000104,149,48,Northeast
2026-02-01,PROD000074,39,33,Southeast
2026-02-01,PROD000210,122,50,West
2026-02-01,PROD000149,226,67,Midwest
2026-02-01,PROD000077,24,62,Midwest
2026-02-01,PROD000016,65,66,Southeast
2026-02-01,PROD000245,174,22,Northeast
2026-02-01,PROD000122,77,43,Midwest
2026-02-01,PROD000125,120,64,West
2026-02-01,PROD000046,204,69,Southeast
2026-02-01,PROD000239,19,39,West
2026-02-01,PROD000076,48,16,Midwest
2026-02-01,PROD000180,86,69,West
2026-02-01,PROD000075,85,28,Southeast
2026-02-01,PROD000070,144,59,Southeast
2026-02-01,PROD000086,121,15,Southeast
2026-02-01,PROD000151,174,16,Southeast
2026-02-01,PROD000112,19,69,Midwest
2026-02-01,PROD000178,172,57,Northeast
2026-02-01,PROD000091,206,52,Southeast
2026-02-01,PROD000081,192,30,Midwest
2026-02-01,PROD000153,123,55,West
2026-02-01,PROD000111,105,22,Southeast
2026-02-01,PROD000222,30,61,Southeast
2026-02-01,PROD000129,126,48,Southeast
2026-02-01,PROD000233,232,39,Midwest
2026-02-01,PROD000173,230,69,Northeast
2026-02-01,PROD000073,21,49,Southeast
2026-02-01,PROD000101,217,65,Midwest
2026-02-01,PROD000200,170,38,Midwest
2026-02-01,PROD000052,230,69,Southeast
2026-02-01,PROD000243,14,30,Northeast
2026-02-01,PROD000110,34,19,Southeast
2026-02-01,PROD000043,44,62,Southeast
2026-02-01,PROD000033,226,33,Midwest
2026-02-01,PROD000044,201,28,West
2026-02-01,PROD000038,157,24,Southeast
2026-02-01,PROD000186,211,26,Southeast
2026-02-01,PROD000190,67,59,West
2026-02-01,PROD000113,84,51,Southeast
2026-02-01,PROD000235,74,29,West
2026-02-01,PROD000250,148,62,Northeast
2026-02-01,PROD000137,130,54,Northeast
2026-02-01,PROD000215,55,55,West
2026-02-01,PROD000201,50,37,Northeast
2026-02-01,PROD000093,209,65,Northeast
2026-02-01,PROD000098,239,28,Midwest
2026-02-01,PROD000156,47,47,Northeast
2026-02-01,PROD000121,2,51,Southeast
2026-02-01,PROD000087,17,27,Northeast
2026-02-02,PROD000010,143,45,Midwest
2026-02-02,PROD000138,93,19,Northeast
2026-02-02,PROD000019,74,32,Midwest
2026-02-02,PROD000071,188,53,Midwest
2026-02-02,PROD000050,36,54,Northeast
2026-02-02,PROD000006,162,47,Midwest
2026-02-02,PROD000170,132,41,West
2026-02-02,PROD000185,214,61,West
2026-02-02,PROD000247,111,29,West
2026-02-02,PROD000122,122,59,Midwest
2026-02-02,PROD000022,35,61,Northeast
2026-02-02,PROD000195,177,62,Midwest
2026-02-02,PROD000013,150,21,Northeast
2026-02-02,PROD000062,155,51,Southeast
2026-02-02,PROD000233,59,26,West
2026-02-02,PROD000131,126,66,Northeast
2026-02-02,PROD000011,43,59,Midwest
2026-02-02,PROD000106,86,57,West
2026-02-02,PROD000115,59,29,Midwest
2026-02-02,PROD000008,77,68,Southeast
2026-02-02,PROD000082,117,56,Midwest
2026-02-02,PROD000026,188,51,West
2026-02-02,PROD000038,176,15,Northeast
2026-02-02,PROD000142,46,62,Southeast
2026-02-02,PROD000144,121,29,Southeast
2026-02-02,PROD000214,37,52,Southeast
2026-02-02,PROD000238,198,64,Northeast
2026-02-02,PROD000056,202,37,Southeast
2026-02-02,PROD000045,210,25,West
2026-02-02,PROD000034,27,45,Midwest
2026-02-02,PROD000053,144,59,Midwest
2026-02-02,PROD000110,203,53,Southeast
2026-02-02,PROD000079,91,24,Southeast
2026-02-02,PROD000249,55,34,Northeast
2026-02-02,PROD000148,78,25,Midwest
2026-02-02,PROD000128,149,59,Northeast
2026-02-02,PROD000205,160,49,Northeast
2026-02-02,PROD000047,26,66,Northeast
2026-02-02,PROD000242,65,43,Midwest
2026-02-02,PROD000009,140,32,Southeast
2026-02-02,PROD000139,132,32,Northeast
2026-02-02,PROD000204,173,47,West
2026-02-02,PROD000198,111,35,Northeast
2026-02-02,PROD000162,29,30,Southeast
2026-02-02,PROD000018,197,17,West
2026-02-02,PROD000160,104,61,Southeast
2026-02-02,PROD000133,151,17,Northeast
2026-02-02,PROD000175,48,53,Midwest
2026-02-02,PROD000087,56,31,Southeast
2026-02-02,PROD000123,13,20,Southeast
2026-02-02,PROD000177,159,53,Midwest
2026-02-02,PROD000171,53,37,Southeast
2026-02-02,PROD000076,106,36,West
2026-02-02,PROD000199,213,66,Midwest
2026-02-02,PROD000186,102,64,West
2026-02-02,PROD000235,210,51,West
2026-02-02,PROD000179,1,60,Northeast
2026-02-02,PROD000217,193,17,Midwest
2026-02-02,PROD000032,157,42,Northeast
2026-02-02,PROD000098,72,65,Northeast
2026-02-02,PROD000182,12,40,Southeast
2026-02-02,PROD000095,94,57,Midwest
2026-02-02,PROD000193,89,36,Midwest
2026-02-02,PROD000100,178,61,West
2026-02-02,PROD000030,101,52,West
2026-02-02,PROD000069,6,30,West
2026-02-02,PROD000078,0,37,Northeast
2026-02-02,PROD000099,81,49,Midwest
2026-02-02,PROD000016,225,59,West
2026-02-02,PROD000137,224,28,Southeast
2026-02-02,PROD000015,23,43,West
2026-02-02,PROD000181,99,22,Southeast
2026-02-02,PROD000213,235,68,West
2026-02-02,PROD000206,143,43,West
2026-02-02,PROD000245,138,28,West
2026-02-02,PROD000029,214,47,Northeast
2026-02-02,PROD000113,50,53,West
2026-02-02,PROD000158,135,28,Northeast
2026-02-02,PROD000178,101,58,Northeast
2026-02-02,PROD000231,30,18,Midwest
2026-02-02,PROD000097,50,20,Midwest
2026-02-02,PROD000003,178,32,Northeast
2026-02-02,PROD000125,231,47,West
2026-02-02,PROD000060,238,41,West
2026-02-02,PROD000116,71,63,Southeast
2026-02-02,PROD000080,8,68,Northeast
2026-02-02,PROD000224,17,65,Northeast
2026-02-02,PROD000023,92,62,Southeast
2026-02-02,PROD000230,3,27,Midwest
2026-02-02,PROD000250,228,36,Northeast
2026-02-02,PROD000194,43,58,West
2026-02-02,PROD000226,230,16,Midwest
2026-02-02,PROD000090,127,23,Midwest
2026-02-02,PROD000102,226,27,West
2026-02-02,PROD000191,212,54,Midwest
2026-02-02,PROD000012,230,20,Southeast
2026-02-02,PROD000188,15,36,West
2026-02-02,PROD000064,187,63,Northeast
2026-02-02,PROD000117,204,51,Northeast
2026-02-02,PROD000132,193,33,Northeast
2026-02-02,PROD000046,106,63,Midwest
2026-02-02,PROD000157,196,40,West
2026-02-02,PROD000218,108,30,West
2026-02-02,PROD000140,110,27,Midwest
2026-02-02,PROD000120,83,29,Southeast
2026-02-02,PROD000070,123,63,West
2026-02-02,PROD000174,181,26,Northeast
2026-02-02,PROD000215,217,52,West
2026-02-02,PROD000063,165,43,West
2026-02-02,PROD000202,154,37,Southeast
2026-02-02,PROD000180,56,45,Midwest
2026-02-02,PROD000027,187,56,Northeast
2026-02-02,PROD000201,62,44,Southeast
2026-02-02,PROD000159,90,56,Southeast
2026-02-02,PROD000028,31,39,Midwest
2026-02-02,PROD000130,166,43,Northeast
2026-02-02,PROD000149,15,25,Midwest
2026-02-02,PROD000209,211,17,Southeast
2026-02-02,PROD000165,154,43,Midwest
2026-02-02,PROD000043,206,29,Southeast
2026-02-03,PROD000210,91,49,West
2026-02-03,PROD000067,235,58,Southeast
2026-02-03,PROD000111,104,40,Southeast
2026-02-03,PROD000170,195,47,Midwest
2026-02-03,PROD000188,205,24,Southeast
2026-02-03,PROD000038,199,28,Southeast
2026-02-03,PROD000239,18,67,Southeast
2026-02-03,PROD000228,180,59,Midwest
2026-02-03,PROD000174,53,43,West
2026-02-03,PROD000211,78,33,Northeast
2026-02-03,PROD000003,126,18,Southeast
2026-02-03,PROD000089,228,53,Northeast
2026-02-03,PROD000180,207,56,Southeast
2026-02-03,PROD000207,134,47,West
2026-02-03,PROD000212,104,45,Midwest
2026-02-03,PROD000192,182,67,West
2026-02-03,PROD000045,21,61,Northeast
2026-02-03,PROD000069,23,19,West
2026-02-03,PROD000135,35,50,Midwest
2026-02-03,PROD000114,196,25,Southeast
2026-02-03,PROD000158,75,61,Midwest
2026-02-03,PROD000096,67,46,Southeast
2026-02-03,PROD000047,109,69,Southeast
2026-02-03,PROD000013,66,61,Southeast
2026-02-03,PROD000121,115,39,West
2026-02-03,PROD000072,89,29,Northeast
2026-02-03,PROD000191,110,22,Midwest
2026-02-03,PROD000163,212,27,Midwest
2026-02-03,PROD000078,141,39,Northeast
2026-02-03,PROD000131,102,37,Southeast
2026-02-03,PROD000175,54,54,Southeast
2026-02-03,PROD000044,74,48,Midwest
2026-02-03,PROD000057,52,59,West
2026-02-03,PROD000221,4,23,West
2026-02-03,PROD000168,230,49,Southeast
2026-02-03,PROD000186,120,31,Midwest
2026-02-03,PROD000062,198,57,West
2026-02-03,PROD000146,214,15,Midwest
2026-02-03,PROD000115,202,51,Northeast
2026-02-03,PROD000201,76,67,Southeast
2026-02-03,PROD000007,143,43,Northeast
2026-02-03,PROD000098,110,52,Southeast
2026-02-03,PROD000004,80,64,West
2026-02-03,PROD000183,225,37,Southeast
2026-02-03,PROD000058,140,39,Southeast
2026-02-03,PROD000248,41,38,West
2026-02-03,PROD000223,83,31,Southeast
2026-02-03,PROD000002,29,33,West
2026-02-03,PROD000195,159,69,West
2026-02-03,PROD000214,192,40,West
2026-02-03,PROD000244,78,47,West
2026-02-03,PROD000190,184,29,Southeast
2026-02-03,PROD000066,174,55,Southeast
2026-02-03,PROD000091,85,67,Midwest
2026-02-03,PROD000187,66,34,Midwest
2026-02-03,PROD000082,0,22,West
2026-02-03,PROD000095,28,15,West
2026-02-03,PROD000194,206,66,Southeast
2026-02-03,PROD000034,197,38,Northeast
2026-02-03,PROD000226,15,50,West
2026-02-03,PROD000171,115,60,Southeast
2026-02-03,PROD000110,139,16,Midwest
2026-02-03,PROD000112,75,15,West
2026-02-03,PROD000027,171,66,Midwest
2026-02-03,PROD000144,132,66,Northeast
2026-02-03,PROD000179,112,56,West
2026-02-03,PROD000198,22,42,Midwest
2026-02-03,PROD000037,62,59,Southeast
2026-02-03,PROD000102,133,64,Midwest
2026-02-03,PROD000200,183,50,Southeast
2026-02-03,PROD000155,229,49,West
2026-02-03,PROD000011,21,56,Midwest
2026-02-03,PROD000076,108,33,West
2026-02-03,PROD000150,206,34,Southeast
2026-02-03,PROD000074,131,68,West
2026-02-03,PROD000093,13,42,West
2026-02-03,PROD000247,69,52,Southeast
2026-02-03,PROD000137,239,41,Midwest
2026-02-03,PROD000075,197,56,West
2026-02-03,PROD000243,233,40,West
2026-02-03,PROD000053,88,19,Northeast
2026-02-03,PROD000203,183,68,Northeast
2026-02-03,PROD000136,203,25,Southeast
2026-02-03,PROD000242,69,69,Southeast
2026-02-03,PROD000068,28,37,Southeast
2026-02-03,PROD000148,55,59,Midwest
2026-02-03,PROD000028,54,37,Northeast
2026-02-03,PROD000020,93,23,Midwest
2026-02-03,PROD000022,5,16,Midwest
2026-02-03,PROD000026,224,66,West
2026-02-03,PROD000231,112,33,West
2026-02-03,PROD000051,7,17,Midwest
2026-02-03,PROD000025,98,61,Northeast
2026-02-03,PROD000245,96,55,Southeast
2026-02-03,PROD000138,64,55,Midwest
2026-02-03,PROD000035,72,33,Southeast
2026-02-03,PROD000117,98,43,Southeast
2026-02-03,PROD000199,135,27,Midwest
2026-02-03,PROD000001,38,45,Southeast
2026-02-03,PROD000238,64,25,Southeast
2026-02-03,PROD000230,199,40,Midwest
2026-02-03,PROD000019,95,52,West
2026-02-03,PROD000008,49,48,Midwest
2026-02-03,PROD000196,29,54,Midwest
2026-02-03,PROD000128,157,15,Midwest
2026-02-03,PROD000056,209,27,West
2026-02-03,PROD000232,174,63,West
2026-02-03,PROD000147,70,49,Southeast
2026-02-03,PROD000097,208,32,Midwest
2026-02-03,PROD000140,66,29,Midwest
2026-02-03,PROD000064,45,53,Midwest
2026-02-03,PROD000224,52,52,Northeast
2026-02-03,PROD000009,233,64,West
2026-02-03,PROD000106,119,24,Northeast
2026-02-03,PROD000071,66,50,West
2026-02-03,PROD000124,59,51,Midwest
2026-02-03,PROD000012,37,25,Southeast
2026-02-03,PROD000080,81,25,West
2026-02-03,PROD000153,53,51,Midwest
2026-02-03,PROD000159,202,51,West
2026-02-04,PROD000143,129,17,Southeast
2026-02-04,PROD000189,82,18,Midwest
2026-02-04,PROD000223,81,65,Southeast
2026-02-04,PROD000056,123,52,Southeast
2026-02-04,PROD000037,81,46,West
2026-02-04,PROD000194,126,66,Southeast
2026-02-04,PROD000212,61,41,Southeast
2026-02-04,PROD000242,50,20,West
2026-02-04,PROD000121,52,44,Northeast
2026-02-04,PROD000126,62,58,Northeast
2026-02-04,PROD000098,177,26,West
2026-02-04,PROD000051,235,52,Southeast
2026-02-04,PROD000243,168,32,West
2026-02-04,PROD000096,23,41,Southeast
2026-02-04,PROD000184,93,37,Midwest
2026-02-04,PROD000113,143,31,West
2026-02-04,PROD000079,67,67,Northeast
2026-02-04,PROD000091,26,63,Midwest
2026-02-04,PROD000049,107,43,Northeast
2026-02-04,PROD000087,212,46,Northeast
2026-02-04,PROD000054,18,16,Northeast
2026-02-04,PROD000202,111,32,West
2026-02-04,PROD000027,26,38,Southeast
2026-02-04,PROD000151,212,53,Midwest
2026-02-04,PROD000038,180,42,Midwest
2026-02-04,PROD000210,65,30,Northeast
2026-02-04,PROD000104,238,39,Southeast
2026-02-04,PROD000172,164,67,Midwest
2026-02-04,PROD000185,233,42,West
2026-02-04,PROD000071,28,42,West
2026-02-04,PROD000196,86,50,Midwest
2026-02-04,PROD000191,182,34,West
2026-02-04,PROD000023,71,19,Northeast
2026-02-04,PROD000119,67,24,West
2026-02-04,PROD000100,177,16,West
2026-02-04,PROD000245,128,31,Midwest
2026-02-04,PROD000003,47,17,Midwest
2026-02-04,PROD000076,107,27,West
2026-02-04,PROD000248,164,20,Southeast
2026-02-04,PROD000216,165,18,Southeast
2026-02-04,PROD000197,118,48,Midwest
2026-02-04,PROD000029,158,25,West
2026-02-04,PROD000148,185,26,Southeast
2026-02-04,PROD000111,3,16,West
2026-02-04,PROD000214,215,57,Southeast
2026-02-04,PROD000231,171,15,West
2026-02-04,PROD000155,93,29,West
2026-02-04,PROD000183,121,45,Southeast
2026-02-04,PROD000241,239,30,Northeast
2026-02-04,PROD000128,19,50,Midwest
2026-02-04,PROD000006,7,50,Midwest
2026-02-04,PROD000030,145,36,West
2026-02-04,PROD000221,181,58,Midwest
2026-02-04,PROD000158,167,64,West
2026-02-04,PROD000097,79,33,West
2026-02-04,PROD000115,61,65,Midwest
2026-02-04,PROD000118,18,23,Northeast
2026-02-04,PROD000134,129,16,Southeast
2026-02-04,PROD000088,177,56,West
2026-02-04,PROD000166,66,42,Southeast
2026-02-04,PROD000092,130,31,West
2026-02-04,PROD000064,222,26,West
2026-02-04,PROD000036,234,20,Midwest
2026-02-04,PROD000141,19,25,Midwest
2026-02-04,PROD000230,228,52,Southeast
2026-02-04,PROD000187,159,59,Midwest
2026-02-04,PROD000069,36,44,Southeast
2026-02-04,PROD000116,216,56,Northeast
2026-02-04,PROD000225,204,60,Midwest
2026-02-04,PROD000015,211,43,West
2026-02-04,PROD000026,62,67,Northeast
2026-02-04,PROD000052,211,66,Northeast
2026-02-04,PROD000238,27,20,Midwest
2026-02-04,PROD000228,24,55,West
2026-02-04,PROD000031,183,48,West
2026-02-04,PROD000014,217,41,Northeast
2026-02-04,PROD000021,66,33,Northeast
2026-02-04,PROD000010,210,16,Midwest
2026-02-04,PROD000229,157,29,Northeast
2026-02-04,PROD000250,33,43,Northeast
2026-02-04,PROD000149,227,58,Southeast
2026-02-04,PROD000195,5,48,Midwest
2026-02-04,PROD000159,25,40,Southeast
2026-02-04,PROD000020,236,19,Northeast
2026-02-04,PROD000175,57,28,Midwest
2026-02-04,PROD000068,126,38,Northeast
2026-02-04,PROD000178,83,60,West
2026-02-04,PROD000066,13,29,West
2026-02-04,PROD000044,143,53,Midwest
2026-02-04,PROD000108,216,59,Southeast
2026-02-04,PROD000058,82,16,West
2026-02-04,PROD000174,59,43,West
2026-02-04,PROD000085,42,45,Northeast
2026-02-04,PROD000129,224,61,Midwest
2026-02-04,PROD000133,203,33,Southeast
2026-02-04,PROD000152,11,16,Midwest
2026-02-04,PROD000239,64,66,Midwest
2026-02-04,PROD000135,127,54,Midwest
2026-02-04,PROD000110,187,41,Southeast
2026-02-04,PROD000123,6,67,Southeast
2026-02-04,PROD000205,197,64,Northeast
2026-02-04,PROD000042,67,28,Midwest
2026-02-04,PROD000008,67,37,Northeast
2026-02-04,PROD000180,219,52,Northeast
2026-02-04,PROD000208,182,37,West
2026-02-04,PROD000007,98,32,Southeast
2026-02-04,PROD000009,84,25,Midwest
2026-02-04,PROD000139,174,33,West
2026-02-04,PROD000173,66,39,West
2026-02-04,PROD000032,121,21,Northeast
2026-02-04,PROD000035,36,54,Southeast
2026-02-04,PROD000043,77,23,Southeast
2026-02-04,PROD000045,60,48,Southeast
2026-02-04,PROD000050,11,38,Northeast
2026-02-04,PROD000138,154,62,West
2026-02-04,PROD000017,175,19,Southeast
2026-02-04,PROD000193,123,23,Northeast
2026-02-04,PROD000127,85,46,West
2026-02-04,PROD000215,130,36,West
2026-02-04,PROD000117,131,15,Midwest
2026-02-05,PROD000229,185,17,West
2026-02-05,PROD000082,96,38,West
2026-02-05,PROD000219,126,46,West
2026-02-05,PROD000080,68,37,Southeast
2026-02-05,PROD000006,163,58,West
2026-02-05,PROD000102,175,58,West
2026-02-05,PROD000136,37,50,Northeast
2026-02-05,PROD000028,135,47,Southeast
2026-02-05,PROD000245,37,21,Midwest
2026-02-05,PROD000021,69,32,Northeast
2026-02-05,PROD000246,226,68,Midwest
2026-02-05,PROD000193,73,55,Midwest
2026-02-05,PROD000137,181,66,Southeast
2026-02-05,PROD000059,222,31,Northeast
2026-02-05,PROD000118,66,63,West
2026-02-05,PROD000060,224,63,West
2026-02-05,PROD000218,231,39,West
2026-02-05,PROD000037,237,26,Northeast
2026-02-05,PROD000228,16,41,Northeast
2026-02-05,PROD000159,199,48,Midwest
2026-02-05,PROD000119,19,40,Midwest
2026-02-05,PROD000070,105,25,West
2026-02-05,PROD000240,160,66,West
2026-02-05,PROD000236,199,55,West
2026-02-05,PROD000091,231,64,Southeast
2026-02-05,PROD000211,35,67,Midwest
2026-02-05,PROD000126,235,40,Midwest
2026-02-05,PROD000134,135,45,Northeast
2026-02-05,PROD000132,19,50,Midwest
2026-02-05,PROD000206,160,33,Southeast
2026-02-05,PROD000139,97,17,Northeast
2026-02-05,PROD000114,57,39,Southeast
2026-02-05,PROD000029,108,35,Northeast
2026-02-05,PROD000163,216,24,West
2026-02-05,PROD000023,60,39,Midwest
2026-02-05,PROD000191,177,51,West
2026-02-05,PROD000133,218,41,West
2026-02-05,PROD000061,145,51,Southeast
2026-02-05,PROD000110,135,19,Midwest
2026-02-05,PROD000128,123,43,West
2026-02-05,PROD000104,103,48,West
2026-02-05,PROD000192,133,56,West
2026-02-05,PROD000130,9,65,Southeast
2026-02-05,PROD000074,110,47,Southeast
2026-02-05,PROD000112,198,56,West
2026-02-05,PROD000012,63,67,West
2026-02-05,PROD000223,159,19,Midwest
2026-02-05,PROD000094,47,18,West
2026-02-05,PROD000234,132,42,West
2026-02-05,PROD000036,0,24,Southeast
2026-02-05,PROD000048,106,54,Southeast
2026-02-05,PROD000041,170,15,Midwest
2026-02-05,PROD000249,114,61,Midwest
2026-02-05,PROD000225,17,35,Northeast
2026-02-05,PROD000089,149,67,Southeast
2026-02-05,PROD000100,235,48,Midwest
2026-02-05,PROD000010,19,55,Southeast
2026-02-05,PROD000049,143,53,Northeast
2026-02-05,PROD000043,26,32,Southeast
2026-02-05,PROD000172,43,29,West
2026-02-05,PROD000020,119,20,West
2026-02-05,PROD000231,194,34,Northeast
2026-02-05,PROD000011,213,40,Midwest
2026-02-05,PROD000205,195,49,Midwest
2026-02-05,PROD000210,33,51,Southeast
2026-02-05,PROD000062,35,54,West
2026-02-05,PROD000042,216,36,West
2026-02-05,PROD000187,17,60,Midwest
2026-02-05,PROD000033,153,26,Northeast
2026-02-05,PROD000017,236,46,Midwest
2026-02-05,PROD000116,171,60,West
2026-02-05,PROD000156,201,43,Southeast
2026-02-05,PROD000084,87,21,Southeast
2026-02-05,PROD000168,103,69,West
2026-02-05,PROD000141,92,49,West
2026-02-05,PROD000044,81,28,Northeast
2026-02-05,PROD000087,60,53,Northeast
2026-02-05,PROD000124,97,20,Southeast
2026-02-05,PROD000179,93,45,Northeast
2026-02-05,PROD000171,47,32,West
2026-02-05,PROD000066,223,49,West
2026-02-05,PROD000160,141,25,Northeast
2026-02-05,PROD000106,60,24,West
2026-02-05,PROD000073,38,35,Southeast
2026-02-05,PROD000009,131,52,Northeast
2026-02-05,PROD000201,43,33,Midwest
2026-02-05,PROD000154,201,34,Northeast
2026-02-05,PROD000122,98,54,West
2026-02-05,PROD000086,204,52,Southeast
2026-02-05,PROD000022,144,32,Southeast
2026-02-05,PROD000109,36,46,Midwest
2026-02-05,PROD000040,194,59,West
2026-02-05,PROD000202,81,27,Northeast
2026-02-05,PROD000239,212,45,West
2026-02-05,PROD000212,39,51,West
2026-02-05,PROD000047,105,18,West
2026-02-05,PROD000199,124,54,Northeast
2026-02-05,PROD000214,98,15,Southeast
2026-02-05,PROD000197,66,34,West
2026-02-05,PROD000173,66,33,Northeast
2026-02-05,PROD000050,45,52,Southeast
2026-02-05,PROD000051,30,17,Northeast
2026-02-05,PROD000026,163,25,West
2026-02-05,PROD000063,232,33,West
2026-02-05,PROD000165,97,69,West
2026-02-05,PROD000167,30,25,Midwest
2026-02-05,PROD000177,191,54,Midwest
2026-02-05,PROD000198,1,61,Northeast
2026-02-05,PROD000016,228,34,West
2026-02-05,PROD000057,215,42,Southeast
2026-02-05,PROD000153,160,69,Northeast
2026-02-05,PROD000092,164,65,West
2026-02-05,PROD000105,76,55,West
2026-02-05,PROD000185,65,69,Midwest
2026-02-05,PROD000233,174,42,Northeast
2026-02-05,PROD000182,91,66,Northeast
2026-02-05,PROD000244,145,67,West
2026-02-05,PROD000174,223,15,West
2026-02-05,PROD000158,116,38,West
2026-02-05,PROD000180,9,51,Southeast
2026-02-06,PROD000178,59,30,Midwest
2026-02-06,PROD000110,150,64,Midwest
2026-02-06,PROD000003,3,50,Southeast
2026-02-06,PROD000184,236,60,Northeast
2026-02-06,PROD000002,222,54,West
2026-02-06,PROD000053,222,40,Northeast
2026-02-06,PROD000025,221,18,West
2026-02-06,PROD000109,132,21,Midwest
2026-02-06,PROD000213,197,48,Midwest
2026-02-06,PROD000143,213,61,Southeast
2026-02-06,PROD000076,68,46,Southeast
2026-02-06,PROD000136,148,33,Southeast
2026-02-06,PROD000096,73,25,West
2026-02-06,PROD000152,65,25,West
2026-02-06,PROD000139,98,33,West
2026-02-06,PROD000146,116,17,Midwest
2026-02-06,PROD000137,4,26,Southeast
2026-02-06,PROD000111,110,49,Midwest
2026-02-06,PROD000236,130,63,Northeast
2026-02-06,PROD000064,82,38,West
2026-02-06,PROD000057,152,68,Southeast
2026-02-06,PROD000041,142,35,Midwest
2026-02-06,PROD000160,40,53,West
2026-02-06,PROD000026,221,55,Northeast
2026-02-06,PROD000169,115,31,West
2026-02-06,PROD000082,10,33,Southeast
2026-02-06,PROD000119,203,18,Northeast
2026-02-06,PROD000180,137,35,Northeast
2026-02-06,PROD000207,181,38,Midwest
2026-02-06,PROD000072,181,22,Southeast
2026-02-06,PROD000225,47,41,Northeast
2026-02-06,PROD000193,185,47,West
2026-02-06,PROD000142,159,69,West
2026-02-06,PROD000133,153,35,Northeast
2026-02-06,PROD000100,96,19,Northeast
2026-02-06,PROD000130,49,28,Southeast
2026-02-06,PROD000188,62,53,Midwest
2026-02-06,PROD000192,15,53,Southeast
2026-02-06,PROD000232,68,66,Midwest
2026-02-06,PROD000239,92,55,Southeast
2026-02-06,PROD000094,20,17,Northeast
2026-02-06,PROD000070,26,38,Southeast
2026-02-06,PROD000099,16,28,Midwest
2026-02-06,PROD000190,208,16,West
2026-02-06,PROD000200,104,15,Midwest
2026-02-06,PROD000080,220,56,Northeast
2026-02-06,PROD000202,226,51,Southeast
2026-02-06,PROD000087,89,38,Northeast
2026-02-06,PROD000105,175,20,Northeast
2026-02-06,PROD000121,85,50,Northeast
2026-02-06,PROD000216,21,56,Southeast
2026-02-06,PROD000079,113,52,Midwest
2026-02-06,PROD000063,65,44,Southeast
2026-02-06,PROD000237,147,31,West
2026-02-06,PROD000086,190,51,Northeast
2026-02-06,PROD000155,238,40,Midwest
2026-02-06,PROD000128,136,60,West
2026-02-06,PROD000248,230,51,West
2026-02-06,PROD000015,192,22,Southeast
2026-02-06,PROD000164,33,29,Southeast
2026-02-06,PROD000158,18,43,Midwest
2026-02-06,PROD000144,150,54,West
2026-02-06,PROD000205,37,38,Southeast
2026-02-06,PROD000189,147,47,Southeast
2026-02-06,PROD000022,80,56,West
2026-02-06,PROD000151,87,22,Northeast
2026-02-06,PROD000217,137,16,Northeast
2026-02-06,PROD000176,140,45,Southeast
2026-02-06,PROD000043,125,19,Northeast
2026-02-06,PROD000196,20,51,Northeast
2026-02-06,PROD000066,223,20,Southeast
2026-02-06,PROD000012,19,60,Southeast
2026-02-06,PROD000161,188,31,Southeast
2026-02-06,PROD000198,105,40,West
2026-02-06,PROD000013,140,49,Midwest
2026-02-06,PROD000075,148,62,Midwest
2026-02-06,PROD000168,152,49,Midwest
2026-02-06,PROD000209,88,50,Midwest
2026-02-06,PROD000230,50,57,Midwest
2026-02-06,PROD000126,172,49,West
2026-02-06,PROD000112,159,23,Midwest
2026-02-06,PROD000240,54,23,Northeast
2026-02-06,PROD000228,54,54,Midwest
2026-02-06,PROD000132,68,32,Southeast
2026-02-06,PROD000148,171,29,Southeast
2026-02-06,PROD000044,227,37,West
2026-02-06,PROD000250,155,17,Southeast
2026-02-06,PROD000034,70,62,Southeast
2026-02-06,PROD000009,177,66,Midwest
2026-02-06,PROD000102,127,33,Northeast
2026-02-06,PROD000122,70,38,Midwest
2026-02-06,PROD000083,28,66,Southeast
2026-02-06,PROD000191,133,50,Midwest
2026-02-06,PROD000085,86,29,Northeast
2026-02-06,PROD000171,203,50,Midwest
2026-02-06,PROD000167,32,69,Northeast
2026-02-06,PROD000048,122,18,Southeast
2026-02-06,PROD000185,63,41,West
2026-02-06,PROD000181,105,30,Midwest
2026-02-06,PROD000081,120,23,Southeast
2026-02-06,PROD000162,212,64,West
2026-02-06,PROD000103,188,23,Midwest
2026-02-06,PROD000104,184,36,Midwest
2026-02-06,PROD000195,5,63,Northeast
2026-02-06,PROD000068,138,17,Southeast
2026-02-06,PROD000037,31,27,West
2026-02-06,PROD000001,187,15,Northeast
2026-02-06,PROD000059,151,17,Midwest
2026-02-06,PROD000203,45,27,Northeast
2026-02-06,PROD000005,129,55,West
2026-02-06,PROD000214,29,62,Northeast
2026-02-06,PROD000077,173,19,Southeast
2026-02-06,PROD000219,92,66,Midwest
2026-02-06,PROD000231,102,50,Northeast
2026-02-06,PROD000071,128,63,West
2026-02-06,PROD000038,235,16,Southeast
2026-02-06,PROD000089,74,56,Southeast
2026-02-06,PROD000163,148,43,Northeast
2026-02-06,PROD000033,49,68,Midwest
2026-02-06,PROD000115,164,30,Southeast
2026-02-07,PROD000076,120,23,West
2026-02-07,PROD000044,93,24,West
2026-02-07,PROD000218,33,40,Midwest
2026-02-07,PROD000060,92,34,Southeast
2026-02-07,PROD000211,221,29,Northeast
2026-02-07,PROD000010,107,39,West
2026-02-07,PROD000233,110,55,Northeast
2026-02-07,PROD000164,209,38,Northeast
2026-02-07,PROD000210,70,19,Northeast
2026-02-07,PROD000166,224,48,Northeast
2026-02-07,PROD000152,128,58,West
2026-02-07,PROD000201,236,15,Northeast
2026-02-07,PROD000004,44,32,Midwest
2026-02-07,PROD000009,219,25,Midwest
2026-02-07,PROD000139,96,31,West
2026-02-07,PROD000058,233,20,West
2026-02-07,PROD000074,96,19,Northeast
2026-02-07,PROD000180,50,48,West
2026-02-07,PROD000073,101,49,West
2026-02-07,PROD000048,204,56,West
2026-02-07,PROD000220,185,44,Southeast
2026-02-07,PROD000110,135,57,Southeast
2026-02-07,PROD000133,27,36,West
2026-02-07,PROD000002,217,17,West
2026-02-07,PROD000172,132,52,Northeast
2026-02-07,PROD000177,235,41,West
2026-02-07,PROD000208,150,43,Northeast
2026-02-07,PROD000037,170,40,Midwest
2026-02-07,PROD000202,56,21,Northeast
2026-02-07,PROD000188,9,30,West
2026-02-07,PROD000223,4,16,West
2026-02-07,PROD000236,150,56,Northeast
2026-02-07,PROD000049,214,45,West
2026-02-07,PROD000222,153,27,Northeast
2026-02-07,PROD000195,80,34,West
2026-02-07,PROD000003,1,24,West
2026-02-07,PROD000039,149,35,Southeast
2026-02-07,PROD000116,151,24,Midwest
2026-02-07,PROD000041,26,60,Northeast
2026-02-07,PROD000092,178,47,West
2026-02-07,PROD000017,112,33,Midwest
2026-02-07,PROD000151,33,22,Midwest
2026-02-07,PROD000006,80,34,West
2026-02-07,PROD000008,106,64,Northeast
2026-02-07,PROD000194,150,67,West
2026-02-07,PROD000095,186,42,Midwest
2026-02-07,PROD000215,45,58,Northeast
2026-02-07,PROD000245,160,59,Midwest
2026-02-07,PROD000007,33,46,Northeast
2026-02-07,PROD000067,6,40,West
2026-02-07,PROD000021,72,48,West
2026-02-07,PROD000075,108,50,Northeast
2026-02-07,PROD000097,175,35,Northeast
2026-02-07,PROD000159,2,62,West
2026-02-07,PROD000229,163,65,West
2026-02-07,PROD000167,154,69,Midwest
2026-02-07,PROD000086,229,30,Southeast
2026-02-07,PROD000125,172,52,West
2026-02-07,PROD000101,220,24,Southeast
2026-02-07,PROD000135,51,40,Northeast
2026-02-07,PROD000231,96,50,Southeast
2026-02-07,PROD000105,163,21,Southeast
2026-02-07,PROD000153,223,66,Northeast
2026-02-07,PROD000213,191,53,Southeast
2026-02-07,PROD000240,211,48,Midwest
2026-02-07,PROD000107,195,32,Northeast
2026-02-07,PROD000250,130,52,West
2026-02-07,PROD000121,16,19,Midwest
2026-02-07,PROD000020,88,66,West
2026-02-07,PROD000032,3,47,West
2026-02-07,PROD000196,183,28,West
2026-02-07,PROD000005,8,30,West
2026-02-07,PROD000136,66,32,Midwest
2026-02-07,PROD000033,12,21,Northeast
2026-02-07,PROD000103,134,41,West
2026-02-07,PROD000012,90,26,Midwest
2026-02-07,PROD000078,145,58,Midwest
2026-02-07,PROD000089,127,36,Midwest
2026-02-07,PROD000104,95,41,West
2026-02-07,PROD000181,11,40,West
2026-02-07,PROD000066,139,59,Southeast
2026-02-07,PROD000235,188,61,Northeast
2026-02-07,PROD000011,110,25,Southeast
2026-02-07,PROD000122,130,56,West
2026-02-07,PROD000174,155,39,Midwest
2026-02-07,PROD000123,6,34,Midwest
2026-02-07,PROD000063,183,22,Midwest
2026-02-07,PROD000147,24,16,West
2026-02-07,PROD000018,61,57,Southeast
2026-02-07,PROD000059,75,59,West
2026-02-07,PROD000239,102,65,Southeast
2026-02-07,PROD000029,184,50,West
2026-02-07,PROD000001,80,60,Southeast
2026-02-07,PROD000244,96,49,West
2026-02-07,PROD000189,203,28,Northeast
2026-02-07,PROD000178,165,15,Southeast
2026-02-07,PROD000038,177,27,Midwest
2026-02-07,PROD000025,205,61,Midwest
2026-02-07,PROD000050,44,62,Southeast
2026-02-07,PROD000027,110,66,Midwest
2026-02-07,PROD000056,136,59,West
2026-02-07,PROD000120,79,67,Midwest
2026-02-07,PROD000192,59,41,Midwest
2026-02-07,PROD000126,218,56,Northeast
2026-02-07,PROD000090,235,17,Southeast
2026-02-07,PROD000165,97,52,Northeast
2026-02-07,PROD000111,83,16,West
2026-02-07,PROD000080,218,44,West
2026-02-07,PROD000225,179,30,West
2026-02-07,PROD000190,232,64,Northeast
2026-02-07,PROD000186,180,62,West
2026-02-07,PROD000155,47,31,Southeast
2026-02-07,PROD000248,188,31,Northeast
2026-02-07,PROD000024,237,69,Northeast
2026-02-07,PROD000085,162,69,Midwest
2026-02-07,PROD000132,198,64,Northeast
2026-02-07,PROD000084,143,34,West
2026-02-07,PROD000046,37,29,West
2026-02-07,PROD000057,113,50,Southeast
2026-02-07,PROD000015,69,26,Southeast
2026-02-08,PROD000214,230,38,West
2026-02-08,PROD000145,8,37,West
2026-02-08,PROD000006,68,28,Midwest
2026-02-08,PROD000026,75,41,West
2026-02-08,PROD000172,179,29,Midwest
2026-02-08,PROD000112,47,15,Southeast
2026-02-08,PROD000141,190,15,Northeast
2026-02-08,PROD000188,123,39,Northeast
2026-02-08,PROD000079,214,64,Southeast
2026-02-08,PROD000248,218,26,Midwest
2026-02-08,PROD000150,170,41,Midwest
2026-02-08,PROD000164,170,29,Midwest
2026-02-08,PROD000131,174,15,Midwest
2026-02-08,PROD000162,80,15,Midwest
2026-02-08,PROD000159,124,61,Southeast
2026-02-08,PROD000202,93,39,West
2026-02-08,PROD000219,234,56,West
2026-02-08,PROD000147,149,34,Northeast
2026-02-08,PROD000144,49,15,Northeast
2026-02-08,PROD000119,148,24,West
2026-02-08,PROD000229,181,60,Midwest
2026-02-08,PROD000124,101,17,Southeast
2026-02-08,PROD000148,184,66,West
2026-02-08,PROD000032,199,56,West
2026-02-08,PROD000246,206,49,Southeast
2026-02-08,PROD000217,175,67,West
2026-02-08,PROD000185,29,24,Southeast
2026-02-08,PROD000035,168,44,Northeast
2026-02-08,PROD000226,60,45,Northeast
2026-02-08,PROD000178,8,51,Midwest
2026-02-08,PROD000108,187,64,Northeast
2026-02-08,PROD000146,15,44,Southeast
2026-02-08,PROD000009,52,46,Northeast
2026-02-08,PROD000196,19,26,Midwest
2026-02-08,PROD000088,91,30,Southeast
2026-02-08,PROD000221,43,20,Southeast
2026-02-08,PROD000163,198,43,Midwest
2026-02-08,PROD000205,213,69,Midwest
2026-02-08,PROD000098,134,38,Northeast
2026-02-08,PROD000203,123,17,Southeast
2026-02-08,PROD000071,171,23,Southeast
2026-02-08,PROD000199,192,40,Southeast
2026-02-08,PROD000237,87,58,West
2026-02-08,PROD000247,216,67,Northeast
2026-02-08,PROD000012,4,55,Southeast
2026-02-08,PROD000113,217,18,Northeast
2026-02-08,PROD000115,142,50,West
2026-02-08,PROD000135,223,36,Southeast
2026-02-08,PROD000167,85,63,West
2026-02-08,PROD000156,11,59,Southeast
2026-02-08,PROD000194,135,34,Midwest
2026-02-08,PROD000091,158,64,Midwest
2026-02-08,PROD000215,151,48,Southeast
2026-02-08,PROD000080,91,49,Southeast
2026-02-08,PROD000038,104,33,Northeast
2026-02-08,PROD000152,95,63,Southeast
2026-02-08,PROD000127,10,43,Northeast
2026-02-08,PROD000016,226,53,West
2026-02-08,PROD000160,143,47,West
2026-02-08,PROD000168,167,67,Northeast
2026-02-08,PROD000195,211,61,Northeast
2026-02-08,PROD000222,112,29,Northeast
2026-02-08,PROD000052,43,68,Midwest
2026-02-08,PROD000039,65,38,Southeast
2026-02-08,PROD000175,82,27,Midwest
2026-02-08,PROD000050,209,49,Southeast
2026-02-08,PROD000250,126,64,Northeast
2026-02-08,PROD000063,180,33,Midwest
2026-02-08,PROD000020,170,32,Northeast
2026-02-08,PROD000192,208,62,Southeast
2026-02-08,PROD000094,52,66,Southeast
2026-02-08,PROD000005,200,52,Northeast
2026-02-08,PROD000069,37,32,Northeast
2026-02-08,PROD000225,83,43,West
2026-02-08,PROD000086,135,52,Northeast
2026-02-08,PROD000110,0,15,Northeast
2026-02-08,PROD000075,80,35,West
2026-02-08,PROD000128,119,56,Northeast
2026-02-08,PROD000053,7,16,Northeast
2026-02-08,PROD000104,138,59,Southeast
2026-02-08,PROD000102,234,24,West
2026-02-08,PROD000193,230,29,West
2026-02-08,PROD000067,213,29,West
2026-02-08,PROD000139,144,41,Midwest
2026-02-08,PROD000201,80,59,Southeast
2026-02-08,PROD000116,137,58,Southeast
2026-02-08,PROD000166,30,50,Northeast
2026-02-08,PROD000051,109,29,West
2026-02-08,PROD000019,103,52,Northeast
2026-02-08,PROD000186,2,19,Southeast
2026-02-08,PROD000209,75,43,West
2026-02-08,PROD000029,236,35,West
2026-02-08,PROD000031,190,52,West
2026-02-08,PROD000047,81,16,Midwest
2026-02-08,PROD000095,51,38,Southeast
2026-02-08,PROD000078,162,33,West
2026-02-08,PROD000230,20,42,Midwest
2026-02-08,PROD000117,163,44,Northeast
2026-02-08,PROD000100,81,40,Northeast
2026-02-08,PROD000092,156,18,West
2026-02-08,PROD000030,26,49,Midwest
2026-02-08,PROD000233,177,31,West
2026-02-08,PROD000096,118,24,West
2026-02-08,PROD000179,9,40,West
2026-02-08,PROD000118,151,34,Midwest
2026-02-08,PROD000024,179,30,Southeast
2026-02-08,PROD000109,198,47,Midwest
2026-02-08,PROD000027,217,30,Midwest
2026-02-08,PROD000238,143,25,Southeast
2026-02-08,PROD000189,15,54,Midwest
2026-02-08,PROD000017,195,51,Midwest
2026-02-08,PROD000210,144,53,Midwest
2026-02-08,PROD000169,197,67,Southeast
2026-02-08,PROD000153,224,35,Southeast
2026-02-08,PROD000089,138,26,Northeast
2026-02-08,PROD000133,177,31,Midwest
2026-02-08,PROD000045,115,37,West
2026-02-08,PROD000138,56,68,Southeast
2026-02-08,PROD000008,43,55,West
2026-02-08,PROD000125,110,66,West
2026-02-09,PROD000237,136,18,Midwest
2026-02-09,PROD000148,211,61,West
2026-02-09,PROD000200,70,56,Midwest
2026-02-09,PROD000156,226,60,Midwest
2026-02-09,PROD000079,40,42,Southeast
2026-02-09,PROD000015,60,49,Northeast
2026-02-09,PROD000027,69,44,Southeast
2026-02-09,PROD000087,47,55,Northeast
2026-02-09,PROD000046,152,22,Southeast
2026-02-09,PROD000129,198,52,Southeast
2026-02-09,PROD000045,12,27,West
2026-02-09,PROD000142,13,42,West
2026-02-09,PROD000174,101,49,West
2026-02-09,PROD000207,192,16,Southeast
2026-02-09,PROD000246,11,45,West
2026-02-09,PROD000134,175,66,Southeast
2026-02-09,PROD000175,116,29,Northeast
2026-02-09,PROD000056,159,44,Southeast
2026-02-09,PROD000201,187,23,Southeast
2026-02-09,PROD000241,102,63,Northeast
2026-02-09,PROD000041,171,20,Midwest
2026-02-09,PROD000163,32,56,West
2026-02-09,PROD000152,186,33,Northeast
2026-02-09,PROD000161,87,57,West
2026-02-09,PROD000058,64,27,Northeast
2026-02-09,PROD000085,236,34,Northeast
2026-02-09,PROD000097,7,46,Southeast
2026-02-09,PROD000119,42,16,Midwest
2026-02-09,PROD000070,93,25,Northeast
2026-02-09,PROD000116,56,20,Southeast
2026-02-09,PROD000093,56,35,Midwest
2026-02-09,PROD000091,124,19,West
2026-02-09,PROD000188,0,29,West
2026-02-09,PROD000064,174,39,Midwest
2026-02-09,PROD000221,85,49,Southeast
2026-02-09,PROD000059,81,25,West
2026-02-09,PROD000083,31,53,Northeast
2026-02-09,PROD000074,157,37,West
2026-02-09,PROD000040,9,49,Northeast
2026-02-09,PROD000033,224,52,Southeast
2026-02-09,PROD000146,47,18,West
2026-02-09,PROD000248,239,17,Northeast
2026-02-09,PROD000069,121,55,West
2026-02-09,PROD000007,87,38,West
2026-02-09,PROD000002,63,63,Midwest
2026-02-09,PROD000222,201,26,West
2026-02-09,PROD000203,167,17,Southeast
2026-02-09,PROD000077,115,53,West
2026-02-09,PROD000214,206,16,West
2026-02-09,PROD000177,188,56,Northeast
2026-02-09,PROD000049,189,36,Midwest
2026-02-09,PROD000224,45,49,Midwest
2026-02-09,PROD000167,35,24,Midwest
2026-02-09,PROD000138,16,64,Midwest
2026-02-09,PROD000014,19,66,Midwest
2026-02-09,PROD000094,118,15,Northeast
2026-02-09,PROD000250,136,18,Northeast
2026-02-09,PROD000098,10,48,Northeast
2026-02-09,PROD000213,91,20,Northeast
2026-02-09,PROD000198,124,34,Midwest
2026-02-09,PROD000113,37,53,West
2026-02-09,PROD000019,213,21,Northeast
2026-02-09,PROD000172,165,69,Midwest
2026-02-09,PROD000190,194,43,Northeast
2026-02-09,PROD000170,233,39,Southeast
2026-02-09,PROD000099,193,61,West
2026-02-09,PROD000052,84,55,West
2026-02-09,PROD000244,233,36,Southeast
2026-02-09,PROD000053,81,39,West
2026-02-09,PROD000215,113,60,West
2026-02-09,PROD000171,113,64,West
2026-02-09,PROD000212,52,36,West
2026-02-09,PROD000128,175,23,Northeast
2026-02-09,PROD000118,113,31,Northeast
2026-02-09,PROD000243,86,26,Southeast
2026-02-09,PROD000178,156,34,Southeast
2026-02-09,PROD000232,47,57,Northeast
2026-02-09,PROD000081,146,35,Midwest
2026-02-09,PROD000061,39,58,Midwest
2026-02-09,PROD000249,107,40,West
2026-02-09,PROD000008,189,64,Midwest
2026-02-09,PROD000144,8,60,West
2026-02-09,PROD000025,143,52,Midwest
2026-02-09,PROD000155,0,64,Northeast
2026-02-09,PROD000189,169,29,West
2026-02-09,PROD000026,19,44,Northeast
2026-02-09,PROD000185,219,38,West
2026-02-09,PROD000090,89,67,West
2026-02-09,PROD000013,43,55,Northeast
2026-02-09,PROD000173,174,56,West
2026-02-09,PROD000104,105,53,West
2026-02-09,PROD000240,43,64,Southeast
2026-02-09,PROD000191,158,30,Midwest
2026-02-09,PROD000154,139,29,West
2026-02-09,PROD000135,184,38,Northeast
2026-02-09,PROD000151,162,68,Midwest
2026-02-09,PROD000127,168,63,Southeast
2026-02-09,PROD000030,50,35,Northeast
2026-02-09,PROD000160,157,18,West
2026-02-09,PROD000017,40,65,West
2026-02-09,PROD000141,135,15,Midwest
2026-02-09,PROD000024,90,60,West
2026-02-09,PROD000217,214,39,Southeast
2026-02-09,PROD000183,16,67,Midwest
2026-02-09,PROD000112,93,55,Southeast
2026-02-09,PROD000132,26,53,Southeast
2026-02-09,PROD000150,65,52,Southeast
2026-02-09,PROD000106,40,69,Northeast
2026-02-09,PROD000012,35,19,West
2026-02-09,PROD000168,189,56,West
2026-02-09,PROD000166,181,55,Southeast
2026-02-09,PROD000228,6,59,West
2026-02-09,PROD000047,91,21,Northeast
2026-02-09,PROD000076,197,49,Northeast
2026-02-09,PROD000080,73,58,Southeast
2026-02-09,PROD000021,37,55,Midwest
2026-02-09,PROD000055,206,68,Midwest
2026-02-09,PROD000037,13,57,West
2026-02-09,PROD000234,178,51,Northeast
2026-02-09,PROD000131,187,18,Midwest
2026-02-10,PROD000229,212,38,West
2026-02-10,PROD000233,105,57,Northeast
2026-02-10,PROD000077,49,55,Northeast
2026-02-10,PROD000224,25,50,Southeast
2026-02-10,PROD000040,142,53,Northeast
2026-02-10,PROD000068,168,43,Northeast
2026-02-10,PROD000146,156,53,Northeast
2026-02-10,PROD000128,173,54,Northeast
2026-02-10,PROD000208,109,45,Northeast
2026-02-10,PROD000129,67,64,Northeast
2026-02-10,PROD000109,18,51,West
2026-02-10,PROD000200,197,61,Northeast
2026-02-10,PROD000187,94,22,Northeast
2026-02-10,PROD000193,157,24,Northeast
2026-02-10,PROD000031,186,16,Southeast
2026-02-10,PROD000160,231,15,Midwest
2026-02-10,PROD000249,119,15,Southeast
2026-02-10,PROD000213,127,28,West
2026-02-10,PROD000201,108,61,Southeast
2026-02-10,PROD000069,203,55,West
2026-02-10,PROD000028,176,15,Midwest
2026-02-10,PROD000221,166,27,Southeast
2026-02-10,PROD000114,92,18,West
2026-02-10,PROD000039,228,62,Midwest
2026-02-10,PROD000205,52,24,West
2026-02-10,PROD000192,65,23,Northeast
2026-02-10,PROD000016,98,64,Midwest
2026-02-10,PROD000225,134,52,Midwest
2026-02-10,PROD000076,87,19,Northeast
2026-02-10,PROD000098,195,64,Southeast
2026-02-10,PROD000202,144,50,Southeast
2026-02-10,PROD000087,130,17,Southeast
2026-02-10,PROD000008,188,46,West
2026-02-10,PROD000167,220,34,Northeast
2026-02-10,PROD000207,93,53,Midwest
2026-02-10,PROD000113,18,21,West
2026-02-10,PROD000217,73,60,Southeast
2026-02-10,PROD000067,49,55,Southeast
2026-02-10,PROD000234,78,68,West
2026-02-10,PROD000048,80,66,Southeast
2026-02-10,PROD000155,101,44,Southeast
2026-02-10,PROD000199,103,38,Southeast
2026-02-10,PROD000009,16,66,Southeast
2026-02-10,PROD000209,210,27,Southeast
2026-02-10,PROD000149,155,56,Northeast
2026-02-10,PROD000005,36,49,Southeast
2026-02-10,PROD000091,26,47,Midwest
2026-02-10,PROD000246,229,65,Northeast
2026-02-10,PROD000054,44,53,Northeast
2026-02-10,PROD000180,138,56,Northeast
2026-02-10,PROD000106,59,49,West
2026-02-10,PROD000047,61,22,Midwest
2026-02-10,PROD000110,90,20,West
2026-02-10,PROD000184,212,60,West
2026-02-10,PROD000197,209,57,Northeast
2026-02-10,PROD000214,99,42,Midwest
2026-02-10,PROD000046,210,46,West
2026-02-10,PROD000033,124,46,Southeast
2026-02-10,PROD000107,79,48,West
2026-02-10,PROD000131,174,51,Northeast
2026-02-10,PROD000081,236,54,West
2026-02-10,PROD000032,78,52,Northeast
2026-02-10,PROD000088,21,31,Midwest
2026-02-10,PROD000043,26,22,Northeast
2026-02-10,PROD000232,188,69,Midwest
2026-02-10,PROD000086,180,28,Northeast
2026-02-10,PROD000065,113,41,Southeast
2026-02-10,PROD000204,173,63,Southeast
2026-02-10,PROD000127,21,43,Northeast
2026-02-10,PROD000142,20,67,West
2026-02-10,PROD000080,200,16,Southeast
2026-02-10,PROD000164,120,57,Midwest
2026-02-10,PROD000007,203,17,Southeast
2026-02-10,PROD000181,147,34,West
2026-02-10,PROD000094,204,41,Midwest
2026-02-10,PROD000027,203,47,Northeast
2026-02-10,PROD000159,149,33,Southeast
2026-02-10,PROD000231,12,66,Midwest
2026-02-10,PROD000238,189,29,West
2026-02-10,PROD000090,108,25,Midwest
2026-02-10,PROD000212,148,48,Midwest
2026-02-10,PROD000026,2,17,Northeast
2026-02-10,PROD000006,200,42,Southeast
2026-02-10,PROD000042,52,58,Southeast
2026-02-10,PROD000152,137,63,Southeast
2026-02-10,PROD000182,179,63,Northeast
2026-02-10,PROD000062,46,38,West
2026-02-10,PROD000089,108,35,Southeast
2026-02-10,PROD000168,112,28,Midwest
2026-02-10,PROD000183,56,53,Midwest
2026-02-10,PROD000122,152,22,Midwest
2026-02-10,PROD000244,132,51,Southeast
2026-02-10,PROD000020,179,36,Northeast
2026-02-10,PROD000145,199,17,Midwest
2026-02-10,PROD000196,85,46,Southeast
2026-02-10,PROD000013,105,33,West
2026-02-10,PROD000057,214,34,Northeast
2026-02-10,PROD000111,19,36,Midwest
2026-02-10,PROD000190,208,55,West
2026-02-10,PROD000138,238,25,Southeast
2026-02-10,PROD000071,75,61,Northeast
2026-02-10,PROD000037,12,25,West
2026-02-10,PROD000124,28,62,Northeast
2026-02-10,PROD000179,155,26,Midwest
2026-02-10,PROD000250,85,36,Midwest
2026-02-10,PROD000019,198,18,Midwest
2026-02-10,PROD000012,130,31,Midwest
2026-02-10,PROD000050,136,38,Southeast
2026-02-10,PROD000116,166,40,Southeast
2026-02-10,PROD000188,94,44,Southeast
2026-02-10,PROD000044,125,68,Southeast
2026-02-10,PROD000064,72,55,Northeast
2026-02-10,PROD000072,134,51,West
2026-02-10,PROD000073,158,36,Midwest
2026-02-10,PROD000052,60,26,Midwest
2026-02-10,PROD000173,131,46,West
2026-02-10,PROD000053,63,34,Midwest
2026-02-10,PROD000151,126,68,Midwest
2026-02-10,PROD000015,114,23,Northeast
2026-02-10,PROD000247,71,42,Southeast
2026-02-11,PROD000120,61,41,Midwest
2026-02-11,PROD000024,77,43,West
2026-02-11,PROD000039,163,57,Northeast
2026-02-11,PROD000105,119,43,Northeast
2026-02-11,PROD000241,111,50,Midwest
2026-02-11,PROD000011,9,33,Midwest
2026-02-11,PROD000036,14,67,Northeast
2026-02-11,PROD000139,102,62,West
2026-02-11,PROD000054,47,32,Northeast
2026-02-11,PROD000018,203,40,Northeast
2026-02-11,PROD000214,125,28,Northeast
2026-02-11,PROD000127,76,49,West
2026-02-11,PROD000218,239,41,Midwest
2026-02-11,PROD000124,183,37,West
2026-02-11,PROD000087,91,56,West
2026-02-11,PROD000133,223,24,West
2026-02-11,PROD000232,177,40,Midwest
2026-02-11,PROD000128,210,34,Midwest
2026-02-11,PROD000198,24,25,Southeast
2026-02-11,PROD000077,179,63,West
2026-02-11,PROD000240,109,55,Northeast
2026-02-11,PROD000067,70,55,Northeast
2026-02-11,PROD000051,162,50,Midwest
2026-02-11,PROD000234,0,27,Southeast
2026-02-11,PROD000068,195,39,West
2026-02-11,PROD000191,175,68,West
2026-02-11,PROD000203,189,28,Midwest
2026-02-11,PROD000200,157,61,Midwest
2026-02-11,PROD000082,155,31,West
2026-02-11,PROD000005,237,20,Northeast
2026-02-11,PROD000029,75,21,West
2026-02-11,PROD000204,49,21,Midwest
2026-02-11,PROD000118,95,24,Northeast
2026-02-11,PROD000209,135,36,Southeast
2026-02-11,PROD000176,69,48,West
2026-02-11,PROD000157,197,20,Southeast
2026-02-11,PROD000149,77,38,Midwest
2026-02-11,PROD000197,134,19,Southeast
2026-02-11,PROD000032,232,67,Northeast
2026-02-11,PROD000022,117,49,Southeast
2026-02-11,PROD000066,95,51,West
2026-02-11,PROD000062,68,67,Southeast
2026-02-11,PROD000100,125,60,Northeast
2026-02-11,PROD000239,6,34,Northeast
2026-02-11,PROD000111,68,69,West
2026-02-11,PROD000074,123,66,West
2026-02-11,PROD000093,136,24,Midwest
2026-02-11,PROD000091,51,34,Northeast
2026-02-11,PROD000211,12,20,Southeast
2026-02-11,PROD000224,147,37,Northeast
2026-02-11,PROD000150,239,57,Northeast
2026-02-11,PROD000148,237,22,Northeast
2026-02-11,PROD000050,147,59,Northeast
2026-02-11,PROD000030,230,46,Northeast
2026-02-11,PROD000017,171,42,West
2026-02-11,PROD000053,137,34,Midwest
2026-02-11,PROD000102,66,20,Northeast
2026-02-11,PROD000171,147,26,Southeast
2026-02-11,PROD000222,108,28,West
2026-02-11,PROD000242,60,32,Southeast
2026-02-11,PROD000212,9,39,West
2026-02-11,PROD000107,231,16,Southeast
2026-02-11,PROD000132,31,52,West
2026-02-11,PROD000199,212,65,Midwest
2026-02-11,PROD000151,110,36,Northeast
2026-02-11,PROD000235,206,45,Northeast
2026-02-11,PROD000219,51,34,Northeast
2026-02-11,PROD000049,165,27,Midwest
2026-02-11,PROD000215,114,27,Northeast
2026-02-11,PROD000233,105,29,Midwest
2026-02-11,PROD000136,7,51,Midwest
2026-02-11,PROD000142,51,50,Midwest
2026-02-11,PROD000048,204,28,Southeast
2026-02-11,PROD000123,234,50,Midwest
2026-02-11,PROD000146,101,32,Southeast
2026-02-11,PROD000065,48,59,Northeast
2026-02-11,PROD000194,83,23,Midwest
2026-02-11,PROD000079,186,57,Northeast
2026-02-11,PROD000231,132,50,Northeast
2026-02-11,PROD000244,11,60,Northeast
2026-02-11,PROD000115,31,60,Southeast
2026-02-11,PROD000147,210,21,Northeast
2026-02-11,PROD000168,90,30,Northeast
2026-02-11,PROD000001,183,62,Northeast
2026-02-11,PROD000009,212,34,Southeast
2026-02-11,PROD000131,222,23,Midwest
2026-02-11,PROD000216,136,60,Northeast
2026-02-11,PROD000019,193,38,Northeast
2026-02-11,PROD000248,115,19,Southeast
2026-02-11,PROD000190,48,19,Midwest
2026-02-11,PROD000070,1,60,West
2026-02-11,PROD000189,94,24,Midwest
2026-02-11,PROD000027,92,61,Midwest
2026-02-11,PROD000071,211,56,Northeast
2026-02-11,PROD000034,113,68,Southeast
2026-02-11,PROD000237,238,43,West
2026-02-11,PROD000159,206,43,Northeast
2026-02-11,PROD000205,184,44,Northeast
2026-02-11,PROD000130,126,36,Midwest
2026-02-11,PROD000188,182,68,Northeast
2026-02-11,PROD000020,121,50,Midwest
2026-02-11,PROD000042,186,59,Southeast
2026-02-11,PROD000108,181,58,Southeast
2026-02-11,PROD000059,122,46,Northeast
2026-02-11,PROD000202,35,32,Northeast
2026-02-11,PROD000180,131,32,West
2026-02-11,PROD000249,204,27,Northeast
2026-02-11,PROD000220,170,15,Southeast
2026-02-11,PROD000183,10,37,Midwest
2026-02-11,PROD000226,175,19,Southeast
2026-02-11,PROD000089,119,46,Southeast
2026-02-11,PROD000167,135,33,West
2026-02-11,PROD000003,128,41,Northeast
2026-02-11,PROD000163,72,19,Southeast
2026-02-11,PROD000143,86,63,Northeast
2026-02-11,PROD000129,109,48,Southeast
2026-02-11,PROD000156,112,27,West
2026-02-11,PROD000083,191,40,Southeast
2026-02-11,PROD000028,101,42,West
2026-02-11,PROD000155,44,37,Southeast
2026-02-12,PROD000093,14,51,Midwest
2026-02-12,PROD000079,40,29,Northeast
2026-02-12,PROD000087,224,34,Northeast
2026-02-12,PROD000200,158,33,Midwest
2026-02-12,PROD000214,43,42,Southeast
2026-02-12,PROD000083,4,43,Southeast
2026-02-12,PROD000058,42,56,Northeast
2026-02-12,PROD000050,66,24,Southeast
2026-02-12,PROD000073,63,24,Southeast
2026-02-12,PROD000029,128,49,Northeast
2026-02-12,PROD000175,207,27,Northeast
2026-02-12,PROD000098,71,26,Northeast
2026-02-12,PROD000020,88,65,Southeast
2026-02-12,PROD000110,149,62,West
2026-02-12,PROD000005,35,21,Midwest
2026-02-12,PROD000164,97,18,Northeast
2026-02-12,PROD000215,140,40,Northeast
2026-02-12,PROD000119,38,60,Southeast
2026-02-12,PROD000036,117,54,Southeast
2026-02-12,PROD000174,133,50,Northeast
2026-02-12,PROD000224,44,34,Southeast
2026-02-12,PROD000054,28,36,Midwest
2026-02-12,PROD000116,55,65,Northeast
2026-02-12,PROD000071,7,68,Midwest
2026-02-12,PROD000135,167,69,Southeast
2026-02-12,PROD000015,69,53,Southeast
2026-02-12,PROD000229,98,66,Midwest
2026-02-12,PROD000043,36,29,Northeast
2026-02-12,PROD000032,187,48,West
2026-02-12,PROD000202,63,51,Southeast
2026-02-12,PROD000024,103,58,West
2026-02-12,PROD000090,83,63,Midwest
2026-02-12,PROD000156,45,59,Southeast
2026-02-12,PROD000012,29,60,Northeast
2026-02-12,PROD000171,194,44,Southeast
2026-02-12,PROD000163,43,53,West
2026-02-12,PROD000121,209,37,West
2026-02-12,PROD000237,15,41,West
2026-02-12,PROD000061,166,58,Northeast
2026-02-12,PROD000075,226,67,Midwest
2026-02-12,PROD000001,36,27,Southeast
2026-02-12,PROD000128,126,50,Northeast
2026-02-12,PROD000010,185,64,Southeast
2026-02-12,PROD000170,138,21,Northeast
2026-02-12,PROD000025,213,24,Northeast
2026-02-12,PROD000142,82,51,Southeast
2026-02-12,PROD000088,105,67,West
2026-02-12,PROD000053,228,19,West
2026-02-12,PROD000049,152,58,Midwest
2026-02-12,PROD000003,44,37,West
2026-02-12,PROD000074,205,67,Southeast
2026-02-12,PROD000031,166,49,West
2026-02-12,PROD000096,147,65,Midwest
2026-02-12,PROD000195,214,17,Midwest
2026-02-12,PROD000177,218,26,Southeast
2026-02-12,PROD000176,155,36,Southeast
2026-02-12,PROD000124,8,35,West
2026-02-12,PROD000136,111,63,Northeast
2026-02-12,PROD000249,67,42,Midwest
2026-02-12,PROD000189,229,45,West
2026-02-12,PROD000143,40,64,Midwest
2026-02-12,PROD000137,84,54,Midwest
2026-02-12,PROD000168,156,67,Midwest
2026-02-12,PROD000152,100,62,Southeast
2026-02-12,PROD000117,115,66,Midwest
2026-02-12,PROD000222,233,32,West
2026-02-12,PROD000188,153,17,West
2026-02-12,PROD000021,35,55,Midwest
2026-02-12,PROD000009,21,32,Midwest
2026-02-12,PROD000236,88,22,Northeast
2026-02-12,PROD000149,69,56,Northeast
2026-02-12,PROD000105,153,46,West
2026-02-12,PROD000115,63,22,Northeast
2026-02-12,PROD000227,197,27,Northeast
2026-02-12,PROD000101,42,34,West
2026-02-12,PROD000107,205,26,West
2026-02-12,PROD000233,136,22,West
2026-02-12,PROD000068,228,62,Midwest
2026-02-12,PROD000166,135,58,Midwest
2026-02-12,PROD000139,214,28,Northeast
2026-02-12,PROD000102,112,60,Midwest
2026-02-12,PROD000159,65,32,Southeast
2026-02-12,PROD000157,60,45,Northeast
2026-02-12,PROD000133,211,41,Northeast
2026-02-12,PROD000103,96,57,Northeast
2026-02-12,PROD000094,21,39,Northeast
2026-02-12,PROD000181,24,16,Northeast
2026-02-12,PROD000187,216,45,Midwest
2026-02-12,PROD000089,60,21,Midwest
2026-02-12,PROD000245,32,25,Northeast
2026-02-12,PROD000063,178,23,Northeast
2026-02-12,PROD000208,170,61,West
2026-02-12,PROD000084,78,67,West
2026-02-12,PROD000007,205,39,West
2026-02-12,PROD000097,115,32,Northeast
2026-02-12,PROD000194,84,23,West
2026-02-12,PROD000185,137,66,Midwest
2026-02-12,PROD000132,26,63,Southeast
2026-02-12,PROD000027,140,30,Northeast
2026-02-12,PROD000081,190,54,Midwest
2026-02-12,PROD000147,185,42,Midwest
2026-02-12,PROD000030,199,47,Northeast
2026-02-12,PROD000114,72,15,Northeast
2026-02-12,PROD000197,199,39,West
2026-02-12,PROD000130,194,27,Southeast
2026-02-12,PROD000104,63,32,Southeast
2026-02-12,PROD000086,115,60,Northeast
2026-02-12,PROD000155,229,59,Midwest
2026-02-12,PROD000231,11,69,West
2026-02-12,PROD000072,44,37,Northeast
2026-02-12,PROD000220,118,52,Northeast
2026-02-12,PROD000018,109,47,Northeast
2026-02-12,PROD000129,135,47,Northeast
2026-02-12,PROD000209,33,69,West
2026-02-12,PROD000172,3,46,Southeast
2026-02-12,PROD000045,100,57,West
2026-02-12,PROD000067,87,52,West
2026-02-12,PROD000151,10,33,Northeast
2026-02-12,PROD000180,237,35,Southeast
2026-02-12,PROD000120,27,17,Northeast
2026-02-13,PROD000203,0,51,West
2026-02-13,PROD000004,84,49,Northeast
2026-02-13,PROD000079,23,47,Midwest
2026-02-13,PROD000010,65,44,Midwest
2026-02-13,PROD000089,128,39,Midwest
2026-02-13,PROD000106,134,61,Northeast
2026-02-13,PROD000231,102,65,Northeast
2026-02-13,PROD000233,217,44,West
2026-02-13,PROD000185,195,51,Northeast
2026-02-13,PROD000176,162,36,Midwest
2026-02-13,PROD000049,127,54,Northeast
2026-02-13,PROD000071,224,61,West
2026-02-13,PROD000017,87,31,West
2026-02-13,PROD000109,194,68,Northeast
2026-02-13,PROD000061,70,29,Northeast
2026-02-13,PROD000225,30,32,Northeast
2026-02-13,PROD000155,2,22,Northeast
2026-02-13,PROD000150,27,34,Northeast
2026-02-13,PROD000067,15,37,Midwest
2026-02-13,PROD000099,224,56,Northeast
2026-02-13,PROD000002,189,45,Southeast
2026-02-13,PROD000111,116,64,Midwest
2026-02-13,PROD000016,84,50,Midwest
2026-02-13,PROD000055,107,33,Midwest
2026-02-13,PROD000184,167,63,Northeast
2026-02-13,PROD000164,160,55,West
2026-02-13,PROD000211,3,37,Southeast
2026-02-13,PROD000250,131,24,Southeast
2026-02-13,PROD000151,89,19,Northeast
2026-02-13,PROD000090,81,53,West
2026-02-13,PROD000041,39,59,Southeast
2026-02-13,PROD000062,100,68,Southeast
2026-02-13,PROD000218,160,60,Midwest
2026-02-13,PROD000240,56,16,Midwest
2026-02-13,PROD000180,226,37,Northeast
2026-02-13,PROD000095,74,55,Midwest
2026-02-13,PROD000064,127,50,Southeast
2026-02-13,PROD000086,27,62,Southeast
2026-02-13,PROD000088,171,44,Southeast
2026-02-13,PROD000215,115,46,Northeast
2026-02-13,PROD000143,166,58,Midwest
2026-02-13,PROD000207,227,26,Southeast
2026-02-13,PROD000077,54,24,Northeast
2026-02-13,PROD000033,88,60,Northeast
2026-02-13,PROD000059,122,36,Southeast
2026-02-13,PROD000128,154,61,Midwest
2026-02-13,PROD000229,160,57,Southeast
2026-02-13,PROD000009,11,66,Midwest
2026-02-13,PROD000121,93,31,West
2026-02-13,PROD000038,12,65,Midwest
2026-02-13,PROD000082,191,57,West
2026-02-13,PROD000200,135,33,West
2026-02-13,PROD000160,55,21,Northeast
2026-02-13,PROD000072,21,49,Southeast
2026-02-13,PROD000172,220,21,Northeast
2026-02-13,PROD000115,28,26,Southeast
2026-02-13,PROD000124,172,15,Northeast
2026-02-13,PROD000078,54,60,Northeast
2026-02-13,PROD000194,229,47,Southeast
2026-02-13,PROD000056,234,56,Southeast
2026-02-13,PROD000147,173,37,Southeast
2026-02-13,PROD000063,208,44,West
2026-02-13,PROD000112,11,26,Midwest
2026-02-13,PROD000137,144,31,Southeast
2026-02-13,PROD000249,118,27,Midwest
2026-02-13,PROD000120,210,34,Northeast
2026-02-13,PROD000220,55,41,West
2026-02-13,PROD000134,74,28,West
2026-02-13,PROD000161,103,18,West
2026-02-13,PROD000205,13,22,Southeast
2026-02-13,PROD000012,61,22,West
2026-02-13,PROD000042,158,56,Southeast
2026-02-13,PROD000092,189,34,Northeast
2026-02-13,PROD000213,226,29,Southeast
2026-02-13,PROD000201,89,52,Southeast
2026-02-13,PROD000023,208,15,Midwest
2026-02-13,PROD000103,6,58,Northeast
2026-02-13,PROD000102,82,66,Midwest
2026-02-13,PROD000156,114,28,West
2026-02-13,PROD000183,110,15,Northeast
2026-02-13,PROD000210,203,62,Midwest
2026-02-13,PROD000169,235,28,Midwest
2026-02-13,PROD000097,121,57,Northeast
2026-02-13,PROD000028,172,16,Midwest
2026-02-13,PROD000227,15,40,Southeast
2026-02-13,PROD000075,115,15,Southeast
2026-02-13,PROD000145,102,44,West
2026-02-13,PROD000116,140,44,West
2026-02-13,PROD000020,166,37,Midwest
2026-02-13,PROD000031,231,17,Southeast
2026-02-13,PROD000110,128,61,Northeast
2026-02-13,PROD000241,36,30,West
2026-02-13,PROD000158,178,17,Midwest
2026-02-13,PROD000108,45,48,West
2026-02-13,PROD000165,35,59,West
2026-02-13,PROD000171,230,60,West
2026-02-13,PROD000091,203,47,Southeast
2026-02-13,PROD000001,211,68,Southeast
2026-02-13,PROD000138,164,45,Midwest
2026-02-13,PROD000065,17,69,West
2026-02-13,PROD000039,108,50,West
2026-02-13,PROD000053,26,62,Midwest
2026-02-13,PROD000101,107,42,Northeast
2026-02-13,PROD000196,75,23,Midwest
2026-02-13,PROD000153,192,51,West
2026-02-13,PROD000126,1,49,West
2026-02-13,PROD000080,114,27,Southeast
2026-02-13,PROD000209,7,36,Northeast
2026-02-13,PROD000238,37,28,Southeast
2026-02-13,PROD000094,172,54,Southeast
2026-02-13,PROD000154,187,62,Northeast
2026-02-13,PROD000047,140,20,Southeast
2026-02-13,PROD000024,30,18,Northeast
2026-02-13,PROD000014,56,38,Northeast
2026-02-13,PROD000199,10,40,Midwest
2026-02-13,PROD000192,197,30,Northeast
2026-02-13,PROD000133,208,21,Northeast
2026-02-13,PROD000040,38,25,Northeast
2026-02-13,PROD000248,193,30,Southeast
2026-02-13,PROD000214,74,43,Midwest
2026-02-14,PROD000202,102,55,Midwest
2026-02-14,PROD000033,208,18,Northeast
2026-02-14,PROD000235,211,54,West
2026-02-14,PROD000196,116,52,Northeast
2026-02-14,PROD000063,126,48,Midwest
2026-02-14,PROD000061,115,24,Northeast
2026-02-14,PROD000197,43,16,Northeast
2026-02-14,PROD000105,93,57,Southeast
2026-02-14,PROD000156,173,38,Northeast
2026-02-14,PROD000076,184,62,West
2026-02-14,PROD000075,59,16,Midwest
2026-02-14,PROD000054,191,19,Midwest
2026-02-14,PROD000119,238,22,Southeast
2026-02-14,PROD000226,207,34,Northeast
2026-02-14,PROD000168,53,52,Midwest
2026-02-14,PROD000178,136,47,Southeast
2026-02-14,PROD000086,184,59,West
2026-02-14,PROD000148,207,19,Southeast
2026-02-14,PROD000078,137,18,West
2026-02-14,PROD000225,155,25,Northeast
2026-02-14,PROD000085,87,64,Southeast
2026-02-14,PROD000190,181,27,West
2026-02-14,PROD000058,0,36,West
2026-02-14,PROD000126,172,58,Southeast
2026-02-14,PROD000032,79,25,Northeast
2026-02-14,PROD000079,54,32,Southeast
2026-02-14,PROD000070,96,30,West
2026-02-14,PROD000169,31,66,West
2026-02-14,PROD000056,47,15,Northeast
2026-02-14,PROD000059,65,53,Northeast
2026-02-14,PROD000228,16,17,Midwest
2026-02-14,PROD000060,51,40,Southeast
2026-02-14,PROD000159,63,23,West
2026-02-14,PROD000101,21,17,West
2026-02-14,PROD000194,218,47,Northeast
2026-02-14,PROD000231,208,45,Southeast
2026-02-14,PROD000234,90,36,Southeast
2026-02-14,PROD000192,235,50,Northeast
2026-02-14,PROD000022,127,69,Midwest
2026-02-14,PROD000084,59,48,West
2026-02-14,PROD000158,59,34,Midwest
2026-02-14,PROD000026,23,42,West
2026-02-14,PROD000081,239,20,Southeast
2026-02-14,PROD000072,81,59,Southeast
2026-02-14,PROD000239,95,48,West
2026-02-14,PROD000203,83,57,Northeast
2026-02-14,PROD000107,148,56,Midwest
2026-02-14,PROD000040,101,60,West
2026-02-14,PROD000250,15,55,West
2026-02-14,PROD000121,165,49,Northeast
2026-02-14,PROD000232,3,20,West
2026-02-14,PROD000220,38,29,Midwest
2026-02-14,PROD000016,35,25,Southeast
2026-02-14,PROD000120,215,17,Southeast
2026-02-14,PROD000068,123,44,Northeast
2026-02-14,PROD000176,163,53,Southeast
2026-02-14,PROD000201,193,49,West
2026-02-14,PROD000062,46,29,Southeast
2026-02-14,PROD000042,65,27,Northeast
2026-02-14,PROD000108,109,54,Northeast
2026-02-14,PROD000183,230,43,Southeast
2026-02-14,PROD000087,1,45,Midwest
2026-02-14,PROD000127,53,21,Midwest
2026-02-14,PROD000019,54,30,West
2026-02-14,PROD000115,24,42,Southeast
2026-02-14,PROD000074,105,17,Midwest
2026-02-14,PROD000171,159,61,Midwest
2026-02-14,PROD000010,104,38,West
2026-02-14,PROD000142,177,44,Midwest
2026-02-14,PROD000064,84,56,Northeast
2026-02-14,PROD000110,206,54,Midwest
2026-02-14,PROD000151,167,48,Northeast
2026-02-14,PROD000177,200,29,Southeast
2026-02-14,PROD000244,201,19,West
2026-02-14,PROD000222,44,15,Southeast
2026-02-14,PROD000102,90,24,Midwest
2026-02-14,PROD000191,36,49,Southeast
2026-02-14,PROD000077,63,23,Northeast
2026-02-14,PROD000065,52,49,Northeast
2026-02-14,PROD000029,128,63,Southeast
2026-02-14,PROD000243,55,42,Southeast
2026-02-14,PROD000155,224,35,Southeast
2026-02-14,PROD000130,185,58,Southeast
2026-02-14,PROD000009,92,44,Northeast
2026-02-14,PROD000242,166,16,West
2026-02-14,PROD000181,173,50,Southeast
2026-02-14,PROD000217,239,23,Midwest
2026-02-14,PROD000157,197,51,Northeast
2026-02-14,PROD000122,192,67,Northeast
2026-02-14,PROD000034,230,49,Midwest
2026-02-14,PROD000212,10,58,West
2026-02-14,PROD000180,198,59,Southeast
2026-02-14,PROD000028,5,52,Northeast
2026-02-14,PROD000049,7,56,Southeast
2026-02-14,PROD000067,33,27,Midwest
2026-02-14,PROD000167,183,55,Midwest
2026-02-14,PROD000093,54,63,Midwest
2026-02-14,PROD000117,91,23,West
2026-02-14,PROD000004,52,52,Northeast
2026-02-14,PROD000161,200,15,Southeast
2026-02-14,PROD000139,223,15,Northeast
2026-02-14,PROD000055,5,61,Midwest
2026-02-14,PROD000097,29,35,West
2026-02-14,PROD000116,159,16,West
2026-02-14,PROD000236,173,28,West
2026-02-14,PROD000238,221,16,Southeast
2026-02-14,PROD000185,2,44,Northeast
2026-02-14,PROD000143,178,36,West
2026-02-14,PROD000114,90,46,Southeast
2026-02-14,PROD000219,165,17,Southeast
2026-02-14,PROD000245,200,60,Midwest
2026-02-14,PROD000090,202,21,Midwest
2026-02-14,PROD000027,101,49,Southeast
2026-02-14,PROD000015,78,35,Midwest
2026-02-14,PROD000038,138,69,Southeast
2026-02-14,PROD000053,239,50,Midwest
2026-02-14,PROD000134,123,26,Northeast
2026-02-14,PROD000047,4,24,Southeast
2026-02-14,PROD000184,93,30,Southeast
2026-02-14,PROD000218,115,57,West
2026-02-15,PROD000038,37,53,Northeast
2026-02-15,PROD000220,137,18,Southeast
2026-02-15,PROD000092,116,19,Northeast
2026-02-15,PROD000123,203,44,Midwest
2026-02-15,PROD000116,142,41,West
2026-02-15,PROD000111,118,53,Northeast
2026-02-15,PROD000221,202,60,West
2026-02-15,PROD000108,25,57,West
2026-02-15,PROD000168,28,39,Southeast
2026-02-15,PROD000015,98,16,Northeast
2026-02-15,PROD000238,119,19,Northeast
2026-02-15,PROD000140,90,32,Northeast
2026-02-15,PROD000229,226,49,Northeast
2026-02-15,PROD000065,133,52,Midwest
2026-02-15,PROD000063,201,59,Midwest
2026-02-15,PROD000244,230,48,West
2026-02-15,PROD000064,62,59,Northeast
2026-02-15,PROD000209,204,50,West
2026-02-15,PROD000201,120,29,West
2026-02-15,PROD000231,209,64,Southeast
2026-02-15,PROD000022,2,67,Northeast
2026-02-15,PROD000042,128,62,West
2026-02-15,PROD000205,6,56,Midwest
2026-02-15,PROD000142,25,34,West
2026-02-15,PROD000152,32,68,Midwest
2026-02-15,PROD000157,81,56,Northeast
2026-02-15,PROD000105,193,36,Southeast
2026-02-15,PROD000025,211,38,West
2026-02-15,PROD000088,118,44,Midwest
2026-02-15,PROD000118,79,51,West
2026-02-15,PROD000225,129,66,West
2026-02-15,PROD000161,213,22,West
2026-02-15,PROD000184,101,62,Southeast
2026-02-15,PROD000219,235,52,Southeast
2026-02-15,PROD000052,15,40,Northeast
2026-02-15,PROD000067,112,22,Southeast
2026-02-15,PROD000131,119,41,West
2026-02-15,PROD000139,148,24,Northeast
2026-02-15,PROD000236,80,27,Northeast
2026-02-15,PROD000121,45,61,Midwest
2026-02-15,PROD000037,231,17,Northeast
2026-02-15,PROD000204,70,16,Midwest
2026-02-15,PROD000197,141,33,Northeast
2026-02-15,PROD000045,80,26,West
2026-02-15,PROD000195,22,39,Midwest
2026-02-15,PROD000001,16,24,Southeast
2026-02-15,PROD000189,157,56,Northeast
2026-02-15,PROD000248,194,36,West
2026-02-15,PROD000177,72,41,West
2026-02-15,PROD000089,114,18,West
2026-02-15,PROD000101,14,17,Southeast
2026-02-15,PROD000173,162,16,Midwest
2026-02-15,PROD000050,233,69,Southeast
2026-02-15,PROD000047,54,45,Southeast
2026-02-15,PROD000145,64,27,Midwest
2026-02-15,PROD000135,49,62,Northeast
2026-02-15,PROD000039,98,27,Northeast
2026-02-15,PROD000066,195,69,Southeast
2026-02-15,PROD000129,164,58,Midwest
2026-02-15,PROD000182,140,22,Southeast
2026-02-15,PROD000083,156,61,Northeast
2026-02-15,PROD000024,220,44,Northeast
2026-02-15,PROD000009,112,67,Midwest
2026-02-15,PROD000046,3,47,Southeast
2026-02-15,PROD000082,161,37,Midwest
2026-02-15,PROD000023,75,63,West
2026-02-15,PROD000040,89,31,Southeast
2026-02-15,PROD000086,194,65,Midwest
2026-02-15,PROD000246,1,59,West
2026-02-15,PROD000020,87,23,Northeast
2026-02-15,PROD000141,128,51,West
2026-02-15,PROD000044,71,20,Midwest
2026-02-15,PROD000126,224,32,Midwest
2026-02-15,PROD000100,137,41,Northeast
2026-02-15,PROD000138,89,47,Southeast
2026-02-15,PROD000053,40,19,Northeast
2026-02-15,PROD000174,207,54,Midwest
2026-02-15,PROD000103,232,65,Southeast
2026-02-15,PROD000212,214,61,Southeast
2026-02-15,PROD000153,44,46,Midwest
2026-02-15,PROD000078,91,58,Northeast
2026-02-15,PROD000235,197,65,Southeast
2026-02-15,PROD000191,176,38,Southeast
2026-02-15,PROD000091,233,42,Midwest
2026-02-15,PROD000188,151,22,West
2026-02-15,PROD000033,124,27,Northeast
2026-02-15,PROD000125,99,18,Northeast
2026-02-15,PROD000114,136,30,West
2026-02-15,PROD000149,30,39,Northeast
2026-02-15,PROD000048,3,42,Southeast
2026-02-15,PROD000228,132,46,Midwest
2026-02-15,PROD000072,39,62,Southeast
2026-02-15,PROD000143,123,57,Southeast
2026-02-15,PROD000245,179,19,West
2026-02-15,PROD000061,163,35,Midwest
2026-02-15,PROD000095,68,68,Southeast
2026-02-15,PROD000207,156,62,Southeast
2026-02-15,PROD000222,146,56,Midwest
2026-02-15,PROD000226,129,53,West
2026-02-15,PROD000169,161,54,Midwest
2026-02-15,PROD000147,133,47,Southeast
2026-02-15,PROD000179,23,43,Northeast
2026-02-15,PROD000223,69,48,Northeast
2026-02-15,PROD000158,96,27,Northeast
2026-02-15,PROD000165,67,51,Northeast
2026-02-15,PROD000239,185,40,Southeast
2026-02-15,PROD000069,80,38,Southeast
2026-02-15,PROD000060,233,20,Southeast
2026-02-15,PROD000162,24,66,Northeast
2026-02-15,PROD000155,184,61,Midwest
2026-02-15,PROD000027,103,26,Northeast
2026-02-15,PROD000062,165,28,Midwest
2026-02-15,PROD000176,114,30,West
2026-02-15,PROD000073,116,21,Northeast
2026-02-15,PROD000028,0,16,Midwest
2026-02-15,PROD000133,71,22,Midwest
2026-02-15,PROD000128,16,52,Northeast
2026-02-15,PROD000166,20,34,Midwest
2026-02-15,PROD000018,34,29,Northeast
2026-02-15,PROD000192,12,30,Southeast
2026-02-16,PROD000080,89,53,Northeast
2026-02-16,PROD000081,234,26,Northeast
2026-02-16,PROD000233,238,40,West
2026-02-16,PROD000039,89,30,Midwest
2026-02-16,PROD000007,72,16,Northeast
2026-02-16,PROD000110,108,19,Northeast
2026-02-16,PROD000168,2,61,Southeast
2026-02-16,PROD000146,80,33,Northeast
2026-02-16,PROD000221,136,16,West
2026-02-16,PROD000104,211,48,Midwest
2026-02-16,PROD000094,21,32,Midwest
2026-02-16,PROD000120,74,32,West
2026-02-16,PROD000096,231,44,Northeast
2026-02-16,PROD000158,179,19,Southeast
2026-02-16,PROD000023,108,31,West
2026-02-16,PROD000247,40,23,West
2026-02-16,PROD000118,54,42,West
2026-02-16,PROD000004,51,34,West
2026-02-16,PROD000034,231,21,Southeast
2026-02-16,PROD000201,124,52,Northeast
2026-02-16,PROD000083,65,21,Southeast
2026-02-16,PROD000075,73,32,West
2026-02-16,PROD000219,205,53,Midwest
2026-02-16,PROD000049,210,23,Northeast
2026-02-16,PROD000194,215,49,Midwest
2026-02-16,PROD000089,15,30,Northeast
2026-02-16,PROD000153,126,45,Midwest
2026-02-16,PROD000231,230,31,Midwest
2026-02-16,PROD000033,107,57,Southeast
2026-02-16,PROD000115,173,32,Northeast
2026-02-16,PROD000190,95,19,Midwest
2026-02-16,PROD000017,137,60,Southeast
2026-02-16,PROD000189,107,21,Southeast
2026-02-16,PROD000001,187,66,Midwest
2026-02-16,PROD000060,189,37,Midwest
2026-02-16,PROD000067,193,63,Northeast
2026-02-16,PROD000182,1,59,Southeast
2026-02-16,PROD000090,89,20,Midwest
2026-02-16,PROD000005,154,26,West
2026-02-16,PROD000127,93,39,Midwest
2026-02-16,PROD000070,190,66,Northeast
2026-02-16,PROD000249,139,30,Northeast
2026-02-16,PROD000204,220,40,West
2026-02-16,PROD000107,15,32,Midwest
2026-02-16,PROD000159,228,35,Southeast
2026-02-16,PROD000229,66,57,West
2026-02-16,PROD000046,8,21,Northeast
2026-02-16,PROD000018,108,18,Midwest
2026-02-16,PROD000250,148,19,Northeast
2026-02-16,PROD000185,185,42,Southeast
2026-02-16,PROD000032,192,15,Midwest
2026-02-16,PROD000220,6,59,Midwest
2026-02-16,PROD000166,94,22,Northeast
2026-02-16,PROD000188,204,56,Northeast
2026-02-16,PROD000130,175,39,Midwest
2026-02-16,PROD000062,167,27,Midwest
2026-02-16,PROD000152,77,15,Northeast
2026-02-16,PROD000178,85,29,Northeast
2026-02-16,PROD000055,5,59,Midwest
2026-02-16,PROD000031,102,20,Southeast
2026-02-16,PROD000072,13,48,Midwest
2026-02-16,PROD000216,123,69,West
2026-02-16,PROD000186,160,42,Southeast
2026-02-16,PROD000218,177,48,Southeast
2026-02-16,PROD000203,173,62,Northeast
2026-02-16,PROD000093,185,61,West
2026-02-16,PROD000239,168,44,Northeast
2026-02-16,PROD000200,233,24,Midwest
2026-02-16,PROD000074,216,50,Midwest
2026-02-16,PROD000162,204,22,Southeast
2026-02-16,PROD000139,103,49,Midwest
2026-02-16,PROD000228,199,16,Midwest
2026-02-16,PROD000011,62,22,Midwest
2026-02-16,PROD000144,76,64,Midwest
2026-02-16,PROD000099,60,32,West
2026-02-16,PROD000210,72,29,Northeast
2026-02-16,PROD000167,197,35,Midwest
2026-02-16,PROD000097,8,56,Midwest
2026-02-16,PROD000140,108,66,Southeast
2026-02-16,PROD000028,57,38,Midwest
2026-02-16,PROD000124,192,53,Southeast
2026-02-16,PROD000006,138,52,Southeast
2026-02-16,PROD000196,47,16,Midwest
2026-02-16,PROD000044,66,49,Southeast
2026-02-16,PROD000041,192,41,Midwest
2026-02-16,PROD000155,189,47,Northeast
2026-02-16,PROD000211,22,24,Southeast
2026-02-16,PROD000135,197,56,Midwest
2026-02-16,PROD000133,8,67,West
2026-02-16,PROD000163,131,33,Midwest
2026-02-16,PROD000132,120,40,Southeast
2026-02-16,PROD000245,101,33,Midwest
2026-02-16,PROD000058,176,23,Midwest
2026-02-16,PROD000069,193,67,Midwest
2026-02-16,PROD000016,21,39,West
2026-02-16,PROD000230,185,36,West
2026-02-16,PROD000054,129,51,Midwest
2026-02-16,PROD000092,20,58,Northeast
2026-02-16,PROD000114,85,58,West
2026-02-16,PROD000048,142,34,Southeast
2026-02-16,PROD000164,9,54,Northeast
2026-02-16,PROD000116,79,33,West
2026-02-16,PROD000202,94,47,Southeast
2026-02-16,PROD000013,222,51,West
2026-02-16,PROD000142,0,30,Southeast
2026-02-16,PROD000172,225,67,Southeast
2026-02-16,PROD000179,113,37,West
2026-02-16,PROD000117,63,30,Northeast
2026-02-16,PROD000154,12,16,Midwest
2026-02-16,PROD000008,207,59,West
2026-02-16,PROD000086,62,23,Southeast
2026-02-16,PROD000212,79,64,Midwest
2026-02-16,PROD000047,224,26,Southeast
2026-02-16,PROD000184,222,42,Midwest
2026-02-16,PROD000108,69,39,Southeast
2026-02-16,PROD000030,65,27,West
2026-02-16,PROD000068,50,51,Northeast
2026-02-16,PROD000209,91,35,West
2026-02-16,PROD000112,231,55,West
2026-02-16,PROD000208,215,19,West
2026-02-17,PROD000082,138,59,Northeast
2026-02-17,PROD000221,234,68,Southeast
2026-02-17,PROD000063,171,57,West
2026-02-17,PROD000086,232,61,Northeast
2026-02-17,PROD000231,78,24,Midwest
2026-02-17,PROD000197,13,29,Southeast
2026-02-17,PROD000222,107,56,Northeast
2026-02-17,PROD000243,65,63,Midwest
2026-02-17,PROD000224,77,34,Southeast
2026-02-17,PROD000148,77,66,West
2026-02-17,PROD000248,54,18,Southeast
2026-02-17,PROD000185,170,40,Southeast
2026-02-17,PROD000125,160,20,Northeast
2026-02-17,PROD000061,217,56,West
2026-02-17,PROD000030,176,67,Northeast
2026-02-17,PROD000194,69,36,Southeast
2026-02-17,PROD000107,236,48,Northeast
2026-02-17,PROD000203,40,24,Midwest
2026-02-17,PROD000042,168,51,Southeast
2026-02-17,PROD000097,91,62,Northeast
2026-02-17,PROD000174,89,33,Northeast
2026-02-17,PROD000054,66,23,West
2026-02-17,PROD000110,90,27,Midwest
2026-02-17,PROD000066,48,15,West
2026-02-17,PROD000186,226,55,Southeast
2026-02-17,PROD000226,238,66,Midwest
2026-02-17,PROD000032,193,24,West
2026-02-17,PROD000238,235,60,West
2026-02-17,PROD000079,34,29,Northeast
2026-02-17,PROD000170,107,57,West
2026-02-17,PROD000235,164,38,Northeast
2026-02-17,PROD000199,124,59,Midwest
2026-02-17,PROD000142,181,55,West
2026-02-17,PROD000056,107,32,Southeast
2026-02-17,PROD000183,148,56,Northeast
2026-02-17,PROD000182,25,26,Midwest
2026-02-17,PROD000058,87,22,Southeast
2026-02-17,PROD000217,150,31,Northeast
2026-02-17,PROD000123,238,31,Southeast
2026-02-17,PROD000229,227,48,Southeast
2026-02-17,PROD000230,179,62,Midwest
2026-02-17,PROD000084,87,45,Midwest
2026-02-17,PROD000206,219,66,Midwest
2026-02-17,PROD000131,174,54,Southeast
2026-02-17,PROD000138,12,24,Northeast
2026-02-17,PROD000108,202,55,West
2026-02-17,PROD000227,87,60,Northeast
2026-02-17,PROD000161,161,60,West
2026-02-17,PROD000069,173,67,West
2026-02-17,PROD000081,215,40,Southeast
2026-02-17,PROD000204,91,20,Southeast
2026-02-17,PROD000247,3,32,Southeast
2026-02-17,PROD000047,220,38,Midwest
2026-02-17,PROD000236,186,33,West
2026-02-17,PROD000135,185,52,Southeast
2026-02-17,PROD000022,125,41,West
2026-02-17,PROD000088,158,31,Southeast
2026-02-17,PROD000067,208,22,Northeast
2026-02-17,PROD000156,4,26,West
2026-02-17,PROD000250,221,42,Northeast
2026-02-17,PROD000052,188,69,Midwest
2026-02-17,PROD000202,41,63,Midwest
2026-02-17,PROD000144,150,25,West
2026-02-17,PROD000164,66,66,West
2026-02-17,PROD000060,106,32,Northeast
2026-02-17,PROD000176,151,47,Southeast
2026-02-17,PROD000048,28,24,Northeast
2026-02-17,PROD000152,65,27,Midwest
2026-02-17,PROD000016,131,28,West
2026-02-17,PROD000193,111,41,Northeast
2026-02-17,PROD000075,134,49,Midwest
2026-02-17,PROD000219,133,40,West
2026-02-17,PROD000241,149,34,Midwest
2026-02-17,PROD000237,67,17,Northeast
2026-02-17,PROD000077,12,61,Northeast
2026-02-17,PROD000139,107,64,Northeast
2026-02-17,PROD000163,36,61,Midwest
2026-02-17,PROD000129,139,23,Northeast
2026-02-17,PROD000130,39,22,Northeast
2026-02-17,PROD000249,145,49,Southeast
2026-02-17,PROD000154,16,27,Midwest
2026-02-17,PROD000007,100,59,Midwest
2026-02-17,PROD000120,154,69,Midwest
2026-02-17,PROD000232,134,45,Northeast
2026-02-17,PROD000244,11,39,Midwest
2026-02-17,PROD000128,105,67,Northeast
2026-02-17,PROD000117,67,61,West
2026-02-17,PROD000167,129,47,Northeast
2026-02-17,PROD000181,153,62,West
2026-02-17,PROD000239,79,54,Northeast
2026-02-17,PROD000153,220,43,West
2026-02-17,PROD000189,52,65,Southeast
2026-02-17,PROD000169,66,25,Southeast
2026-02-17,PROD000192,62,17,Northeast
2026-02-17,PROD000041,2,15,Northeast
2026-02-17,PROD000006,144,34,Northeast
2026-02-17,PROD000136,92,28,Northeast
2026-02-17,PROD000180,58,64,West
2026-02-17,PROD000050,173,17,Southeast
2026-02-17,PROD000112,82,37,Midwest
2026-02-17,PROD000072,184,65,Northeast
2026-02-17,PROD000205,150,15,Southeast
2026-02-17,PROD000015,150,69,West
2026-02-17,PROD000049,84,26,Midwest
2026-02-17,PROD000019,216,16,Southeast
2026-02-17,PROD000073,43,61,Midwest
2026-02-17,PROD000070,145,49,West
2026-02-17,PROD000090,213,47,Midwest
2026-02-17,PROD000187,24,45,Midwest
2026-02-17,PROD000092,46,38,West
2026-02-17,PROD000116,210,27,Midwest
2026-02-17,PROD000207,190,37,Southeast
2026-02-17,PROD000228,135,45,Midwest
2026-02-17,PROD000246,7,62,Midwest
2026-02-17,PROD000240,22,44,Midwest
2026-02-17,PROD000091,45,50,Midwest
2026-02-17,PROD000158,128,44,Midwest
2026-02-17,PROD000208,102,64,Northeast
2026-02-17,PROD000099,55,53,Midwest
2026-02-17,PROD000037,53,33,Southeast
2026-02-18,PROD000044,219,38,Midwest
2026-02-18,PROD000087,105,32,Northeast
2026-02-18,PROD000053,218,27,Northeast
2026-02-18,PROD000229,58,64,Midwest
2026-02-18,PROD000153,16,48,Southeast
2026-02-18,PROD000038,194,43,Northeast
2026-02-18,PROD000065,126,63,West
2026-02-18,PROD000109,224,40,Southeast
2026-02-18,PROD000012,186,45,West
2026-02-18,PROD000131,62,58,West
2026-02-18,PROD000241,127,56,West
2026-02-18,PROD000183,207,53,Southeast
2026-02-18,PROD000029,5,48,West
2026-02-18,PROD000104,154,57,Midwest
2026-02-18,PROD000115,234,36,Southeast
2026-02-18,PROD000033,83,42,Midwest
2026-02-18,PROD000006,115,40,Northeast
2026-02-18,PROD000209,237,52,Northeast
2026-02-18,PROD000113,21,39,Southeast
2026-02-18,PROD000192,149,63,Southeast
2026-02-18,PROD000224,190,49,Southeast
2026-02-18,PROD000177,11,67,Midwest
2026-02-18,PROD000001,25,61,Midwest
2026-02-18,PROD000066,203,53,West
2026-02-18,PROD000133,192,40,Midwest
2026-02-18,PROD000032,91,22,Southeast
2026-02-18,PROD000114,112,33,West
2026-02-18,PROD000078,53,31,Midwest
2026-02-18,PROD000130,49,22,West
2026-02-18,PROD000208,42,45,Northeast
2026-02-18,PROD000216,79,46,Northeast
2026-02-18,PROD000011,142,59,Northeast
2026-02-18,PROD000097,110,44,Northeast
2026-02-18,PROD000175,209,62,Northeast
2026-02-18,PROD000106,98,69,Midwest
2026-02-18,PROD000107,90,51,Northeast
2026-02-18,PROD000193,3,54,Northeast
2026-02-18,PROD000111,224,64,Northeast
2026-02-18,PROD000159,191,69,West
2026-02-18,PROD000003,102,16,Midwest
2026-02-18,PROD000019,203,61,Southeast
2026-02-18,PROD000230,38,49,Midwest
2026-02-18,PROD000014,56,18,Midwest
2026-02-18,PROD000134,58,59,Midwest
2026-02-18,PROD000054,76,36,West
2026-02-18,PROD000002,165,60,Southeast
2026-02-18,PROD000170,156,68,West
2026-02-18,PROD000022,167,32,West
2026-02-18,PROD000101,137,41,Southeast
2026-02-18,PROD000171,189,40,Southeast
2026-02-18,PROD000184,144,37,Northeast
2026-02-18,PROD000040,157,62,Midwest
2026-02-18,PROD000036,106,47,Southeast
2026-02-18,PROD000144,75,61,Midwest
2026-02-18,PROD000221,193,56,Northeast
2026-02-18,PROD000088,162,20,West
2026-02-18,PROD000108,75,59,Southeast
2026-02-18,PROD000222,4,27,West
2026-02-18,PROD000156,90,39,Northeast
2026-02-18,PROD000008,195,31,Midwest
2026-02-18,PROD000150,112,17,Northeast
2026-02-18,PROD000098,144,29,West
2026-02-18,PROD000174,233,24,Northeast
2026-02-18,PROD000042,136,27,Midwest
2026-02-18,PROD000071,213,68,West
2026-02-18,PROD000047,122,54,Northeast
2026-02-18,PROD000124,166,48,Midwest
2026-02-18,PROD000201,64,62,Southeast
2026-02-18,PROD000166,103,62,Southeast
2026-02-18,PROD000073,58,16,Northeast
2026-02-18,PROD000236,220,17,Southeast
2026-02-18,PROD000147,138,15,Southeast
2026-02-18,PROD000218,183,65,West
2026-02-18,PROD000227,121,23,Midwest
2026-02-18,PROD000064,88,18,Southeast
2026-02-18,PROD000118,43,29,Northeast
2026-02-18,PROD000217,85,22,West
2026-02-18,PROD000061,176,47,Northeast
2026-02-18,PROD000231,175,51,Northeast
2026-02-18,PROD000165,32,65,West
2026-02-18,PROD000009,34,41,Southeast
2026-02-18,PROD000245,238,57,Southeast
2026-02-18,PROD000099,155,49,West
2026-02-18,PROD000219,29,17,Midwest
2026-02-18,PROD000250,108,50,West
2026-02-18,PROD000243,165,57,Midwest
2026-02-18,PROD000226,183,43,West
2026-02-18,PROD000212,76,20,Southeast
2026-02-18,PROD000095,120,26,Northeast
2026-02-18,PROD000037,18,39,Northeast
2026-02-18,PROD000154,40,69,Northeast
2026-02-18,PROD000173,4,58,Midwest
2026-02-18,PROD000220,132,18,Northeast
2026-02-18,PROD000194,216,61,Northeast
2026-02-18,PROD000050,126,40,Northeast
2026-02-18,PROD000017,148,36,West
2026-02-18,PROD000119,180,15,West
2026-02-18,PROD000141,25,27,Northeast
2026-02-18,PROD000191,188,68,Northeast
2026-02-18,PROD000048,190,50,Midwest
2026-02-18,PROD000030,80,57,Northeast
2026-02-18,PROD000084,70,66,Northeast
2026-02-18,PROD000070,116,47,Southeast
2026-02-18,PROD000031,81,17,Southeast
2026-02-18,PROD000235,172,40,West
2026-02-18,PROD000167,107,31,Northeast
2026-02-18,PROD000100,41,60,Northeast
2026-02-18,PROD000077,3,39,Northeast
2026-02-18,PROD000127,147,17,West
2026-02-18,PROD000143,134,44,Northeast
2026-02-18,PROD000083,156,54,West
2026-02-18,PROD000043,74,36,Northeast
2026-02-18,PROD000213,192,19,Midwest
2026-02-18,PROD000225,149,20,Midwest
2026-02-18,PROD000062,76,20,Southeast
2026-02-18,PROD000034,115,48,West
2026-02-18,PROD000004,213,32,Midwest
2026-02-18,PROD000169,15,60,West
2026-02-18,PROD000146,64,43,Midwest
2026-02-18,PROD000158,209,36,Northeast
2026-02-19,PROD000054,143,49,Midwest
2026-02-19,PROD000068,106,33,West
2026-02-19,PROD000125,237,57,Northeast
2026-02-19,PROD000007,226,63,Midwest
2026-02-19,PROD000169,138,29,Southeast
2026-02-19,PROD000006,166,23,Southeast
2026-02-19,PROD000161,75,17,Midwest
2026-02-19,PROD000189,49,54,West
2026-02-19,PROD000062,141,51,Midwest
2026-02-19,PROD000114,199,43,Northeast
2026-02-19,PROD000194,1,66,Northeast
2026-02-19,PROD000238,82,54,Southeast
2026-02-19,PROD000016,0,67,Midwest
2026-02-19,PROD000178,221,63,Northeast
2026-02-19,PROD000180,91,36,West
2026-02-19,PROD000232,64,31,Northeast
2026-02-19,PROD000171,5,43,Southeast
2026-02-19,PROD000045,178,49,Northeast
2026-02-19,PROD000073,231,29,Northeast
2026-02-19,PROD000229,181,64,Midwest
2026-02-19,PROD000002,125,55,Northeast
2026-02-19,PROD000220,199,20,Midwest
2026-02-19,PROD000042,218,49,Midwest
2026-02-19,PROD000237,203,65,Midwest
2026-02-19,PROD000142,46,28,Midwest
2026-02-19,PROD000141,216,61,Midwest
2026-02-19,PROD000011,87,62,West
2026-02-19,PROD000066,227,58,Southeast
2026-02-19,PROD000122,50,22,Northeast
2026-02-19,PROD000223,97,31,Southeast
2026-02-19,PROD000218,62,40,West
2026-02-19,PROD000190,209,29,West
2026-02-19,PROD000081,67,43,Midwest
2026-02-19,PROD000024,77,39,Northeast
2026-02-19,PROD000044,27,50,West
2026-02-19,PROD000115,62,63,West
2026-02-19,PROD000149,156,64,Southeast
2026-02-19,PROD000120,48,40,West
2026-02-19,PROD000234,139,47,Northeast
2026-02-19,PROD000035,20,30,Northeast
2026-02-19,PROD000160,69,58,Northeast
2026-02-19,PROD000181,162,48,Midwest
2026-02-19,PROD000139,59,30,Northeast
2026-02-19,PROD000148,105,44,West
2026-02-19,PROD000154,101,30,Northeast
2026-02-19,PROD000153,59,28,Midwest
2026-02-19,PROD000146,173,25,Northeast
2026-02-19,PROD000175,152,40,Northeast
2026-02-19,PROD000017,54,20,West
2026-02-19,PROD000226,113,34,West
2026-02-19,PROD000063,147,34,West
2026-02-19,PROD000159,202,33,Southeast
2026-02-19,PROD000102,141,41,Midwest
2026-02-19,PROD000061,228,39,West
2026-02-19,PROD000089,47,67,Southeast
2026-02-19,PROD000208,35,41,Midwest
2026-02-19,PROD000123,212,56,West
2026-02-19,PROD000104,19,65,Northeast
2026-02-19,PROD000037,156,39,Southeast
2026-02-19,PROD000127,187,55,West
2026-02-19,PROD000143,215,22,Northeast
2026-02-19,PROD000029,164,64,Northeast
2026-02-19,PROD000235,86,16,Midwest
2026-02-19,PROD000236,219,55,Midwest
2026-02-19,PROD000216,178,54,Southeast
2026-02-19,PROD000075,81,20,Northeast
2026-02-19,PROD000103,80,23,Southeast
2026-02-19,PROD000134,120,67,Midwest
2026-02-19,PROD000027,223,16,Southeast
2026-02-19,PROD000004,27,41,Midwest
2026-02-19,PROD000196,42,34,West
2026-02-19,PROD000164,174,36,Northeast
2026-02-19,PROD000034,84,33,Northeast
2026-02-19,PROD000184,144,46,West
2026-02-19,PROD000025,164,26,Southeast
2026-02-19,PROD000191,1,52,Northeast
2026-02-19,PROD000243,64,41,Southeast
2026-02-19,PROD000099,162,65,Northeast
2026-02-19,PROD000118,95,22,Southeast
2026-02-19,PROD000094,141,36,Southeast
2026-02-19,PROD000209,73,22,Midwest
2026-02-19,PROD000207,153,61,Northeast
2026-02-19,PROD000008,81,26,Southeast
2026-02-19,PROD000246,169,42,Southeast
2026-02-19,PROD000022,166,69,Southeast
2026-02-19,PROD000132,199,15,Northeast
2026-02-19,PROD000152,161,15,Midwest
2026-02-19,PROD000248,113,21,Midwest
2026-02-19,PROD000112,191,32,Southeast
2026-02-19,PROD000117,152,37,Northeast
2026-02-19,PROD000064,209,37,Midwest
2026-02-19,PROD000150,133,48,Northeast
2026-02-19,PROD000010,45,16,Northeast
2026-02-19,PROD000046,221,21,West
2026-02-19,PROD000222,71,16,West
2026-02-19,PROD000051,82,43,Midwest
2026-02-19,PROD000172,52,46,Northeast
2026-02-19,PROD000128,156,35,West
2026-02-19,PROD000105,68,51,Northeast
2026-02-19,PROD000100,7,53,Northeast
2026-02-19,PROD000206,118,69,West
2026-02-19,PROD000166,213,60,West
2026-02-19,PROD000090,50,33,Midwest
2026-02-19,PROD000121,227,42,Midwest
2026-02-19,PROD000048,176,23,West
2026-02-19,PROD000082,138,15,Midwest
2026-02-19,PROD000026,128,18,Northeast
2026-02-19,PROD000242,188,60,Southeast
2026-02-19,PROD000212,65,32,West
2026-02-19,PROD000162,56,64,West
2026-02-19,PROD000059,218,46,Southeast
2026-02-19,PROD000155,16,58,West
2026-02-19,PROD000230,100,63,Northeast
2026-02-19,PROD000021,45,50,West
2026-02-19,PROD000195,195,42,West
2026-02-19,PROD000151,104,15,Southeast
2026-02-19,PROD000137,75,17,West
2026-02-19,PROD000165,99,69,Midwest
2026-02-19,PROD000113,101,23,Southeast
2026-02-19,PROD000012,167,36,Southeast
2026-02-20,PROD000064,78,19,Midwest
2026-02-20,PROD000103,181,61,Northeast
2026-02-20,PROD000061,214,44,Northeast
2026-02-20,PROD000132,96,28,Southeast
2026-02-20,PROD000117,64,32,West
2026-02-20,PROD000035,177,34,Midwest
2026-02-20,PROD000214,78,55,Midwest
2026-02-20,PROD000011,151,43,Southeast
2026-02-20,PROD000004,100,44,Midwest
2026-02-20,PROD000071,82,58,Midwest
2026-02-20,PROD000178,212,52,Midwest
2026-02-20,PROD000200,228,67,West
2026-02-20,PROD000100,19,67,Midwest
2026-02-20,PROD000174,206,25,Southeast
2026-02-20,PROD000077,184,53,Northeast
2026-02-20,PROD000152,168,42,Northeast
2026-02-20,PROD000104,180,49,Southeast
2026-02-20,PROD000060,213,31,West
2026-02-20,PROD000052,61,35,West
2026-02-20,PROD000211,41,64,Southeast
2026-02-20,PROD000039,163,27,Northeast
2026-02-20,PROD000085,27,23,Midwest
2026-02-20,PROD000045,191,32,West
2026-02-20,PROD000036,195,45,Northeast
2026-02-20,PROD000179,125,51,Midwest
2026-02-20,PROD000073,124,58,Southeast
2026-02-20,PROD000026,228,16,West
2026-02-20,PROD000057,35,22,Northeast
2026-02-20,PROD000009,138,43,West
2026-02-20,PROD000113,75,60,Midwest
2026-02-20,PROD000207,0,36,West
2026-02-20,PROD000047,238,54,Midwest
2026-02-20,PROD000032,103,54,Southeast
2026-02-20,PROD000203,50,55,Midwest
2026-02-20,PROD000030,10,26,Northeast
2026-02-20,PROD000158,17,35,West
2026-02-20,PROD000157,135,51,Northeast
2026-02-20,PROD000231,61,52,Midwest
2026-02-20,PROD000163,69,51,Midwest
2026-02-20,PROD000055,175,37,Northeast
2026-02-20,PROD000210,29,31,Southeast
2026-02-20,PROD000246,4,66,Northeast
2026-02-20,PROD000153,186,22,West
2026-02-20,PROD000216,191,40,Midwest
2026-02-20,PROD000015,53,59,Southeast
2026-02-20,PROD000202,117,27,Midwest
2026-02-20,PROD000227,120,42,Southeast
2026-02-20,PROD000121,174,58,Midwest
2026-02-20,PROD000049,6,47,Southeast
2026-02-20,PROD000238,41,59,West
2026-02-20,PROD000008,235,36,Southeast
2026-02-20,PROD000094,1,68,Midwest
2026-02-20,PROD000043,222,32,West
2026-02-20,PROD000065,218,19,Midwest
2026-02-20,PROD000082,104,42,Southeast
2026-02-20,PROD000151,183,23,Southeast
2026-02-20,PROD000106,93,64,Southeast
2026-02-20,PROD000034,140,51,Southeast
2026-02-20,PROD000237,216,61,Midwest
2026-02-20,PROD000230,145,39,Midwest
2026-02-20,PROD000114,150,35,Southeast
2026-02-20,PROD000074,219,21,Northeast
2026-02-20,PROD000037,225,32,West
2026-02-20,PROD000185,95,36,Northeast
2026-02-20,PROD000193,47,49,Midwest
2026-02-20,PROD000122,41,30,Northeast
2026-02-20,PROD000119,155,52,Southeast
2026-02-20,PROD000111,83,22,Southeast
2026-02-20,PROD000016,166,52,Northeast
2026-02-20,PROD000134,88,37,Midwest
2026-02-20,PROD000023,79,21,Northeast
2026-02-20,PROD000051,113,61,Northeast
2026-02-20,PROD000155,126,47,Southeast
2026-02-20,PROD000247,173,58,Midwest
2026-02-20,PROD000053,115,41,Southeast
2026-02-20,PROD000199,69,65,Northeast
2026-02-20,PROD000120,100,62,Northeast
2026-02-20,PROD000124,55,17,Southeast
2026-02-20,PROD000241,117,54,Northeast
2026-02-20,PROD000168,172,18,Southeast
2026-02-20,PROD000189,151,30,Northeast
2026-02-20,PROD000150,236,16,Midwest
2026-02-20,PROD000188,14,36,Midwest
2026-02-20,PROD000183,10,23,Northeast
2026-02-20,PROD000058,165,59,Northeast
2026-02-20,PROD000099,229,51,Southeast
2026-02-20,PROD000080,148,58,Southeast
2026-02-20,PROD000038,236,45,West
2026-02-20,PROD000040,113,64,Southeast
2026-02-20,PROD000084,230,63,Southeast
2026-02-20,PROD000001,1,34,Northeast
2026-02-20,PROD000075,155,23,Northeast
2026-02-20,PROD000187,91,59,Midwest
2026-02-20,PROD000105,39,65,Southeast
2026-02-20,PROD000018,165,42,West
2026-02-20,PROD000143,61,52,West
2026-02-20,PROD000244,147,46,Northeast
2026-02-20,PROD000250,188,52,Midwest
2026-02-20,PROD000091,213,66,Midwest
2026-02-20,PROD000209,57,58,Northeast
2026-02-20,PROD000167,218,68,Southeast
2026-02-20,PROD000088,192,15,Northeast
2026-02-20,PROD000070,175,25,Southeast
2026-02-20,PROD000170,177,33,Midwest
2026-02-20,PROD000098,194,48,Southeast
2026-02-20,PROD000133,220,64,West
2026-02-20,PROD000245,14,22,Midwest
2026-02-20,PROD000242,83,25,Southeast
2026-02-20,PROD000095,115,50,Northeast
2026-02-20,PROD000029,165,38,West
2026-02-20,PROD000218,113,29,Northeast
2026-02-20,PROD000195,56,56,Northeast
2026-02-20,PROD000219,125,52,Midwest
2026-02-20,PROD000024,29,67,Northeast
2026-02-20,PROD000206,40,48,Southeast
2026-02-20,PROD000243,6,16,Southeast
2026-02-20,PROD000145,108,46,Southeast
2026-02-20,PROD000131,68,64,Midwest
2026-02-20,PROD000197,217,66,Northeast
2026-02-20,PROD000078,93,25,Southeast
2026-02-21,PROD000196,154,59,Northeast
2026-02-21,PROD000227,210,69,Northeast
2026-02-21,PROD000220,16,17,West
2026-02-21,PROD000118,1,20,Northeast
2026-02-21,PROD000169,63,25,Midwest
2026-02-21,PROD000052,131,47,Midwest
2026-02-21,PROD000203,182,28,Midwest
2026-02-21,PROD000040,193,67,Midwest
2026-02-21,PROD000018,138,32,Southeast
2026-02-21,PROD000081,14,42,Southeast
2026-02-21,PROD000163,194,58,West
2026-02-21,PROD000207,0,46,West
2026-02-21,PROD000186,163,65,Southeast
2026-02-21,PROD000122,87,65,Midwest
2026-02-21,PROD000110,100,66,Midwest
2026-02-21,PROD000005,52,62,Northeast
2026-02-21,PROD000030,125,56,Northeast
2026-02-21,PROD000066,51,35,West
2026-02-21,PROD000229,95,47,Northeast
2026-02-21,PROD000009,43,69,Northeast
2026-02-21,PROD000022,153,57,West
2026-02-21,PROD000232,62,18,Southeast
2026-02-21,PROD000036,77,48,Southeast
2026-02-21,PROD000162,96,24,West
2026-02-21,PROD000051,120,67,Midwest
2026-02-21,PROD000080,203,51,Northeast
2026-02-21,PROD000015,219,48,Northeast
2026-02-21,PROD000123,20,19,Northeast
2026-02-21,PROD000129,108,60,Northeast
2026-02-21,PROD000101,135,57,Southeast
2026-02-21,PROD000096,215,18,Northeast
2026-02-21,PROD000147,96,56,Midwest
2026-02-21,PROD000012,25,55,Southeast
2026-02-21,PROD000168,33,21,West
2026-02-21,PROD000156,148,59,Southeast
2026-02-21,PROD000193,176,43,Southeast
2026-02-21,PROD000002,150,61,Northeast
2026-02-21,PROD000173,35,19,West
2026-02-21,PROD000071,178,27,West
2026-02-21,PROD000167,107,22,Northeast
2026-02-21,PROD000236,92,45,West
2026-02-21,PROD000073,76,37,Southeast
2026-02-21,PROD000057,119,69,Northeast
2026-02-21,PROD000086,90,60,Midwest
2026-02-21,PROD000093,24,56,West
2026-02-21,PROD000184,182,49,Midwest
2026-02-21,PROD000182,161,57,Midwest
2026-02-21,PROD000065,53,16,West
2026-02-21,PROD000115,90,34,West
2026-02-21,PROD000089,214,38,West
2026-02-21,PROD000230,195,58,Northeast
2026-02-21,PROD000148,108,18,Northeast
2026-02-21,PROD000098,65,41,Midwest
2026-02-21,PROD000213,55,36,Northeast
2026-02-21,PROD000046,124,45,West
2026-02-21,PROD000013,157,43,Southeast
2026-02-21,PROD000139,212,38,West
2026-02-21,PROD000161,196,31,Midwest
2026-02-21,PROD000077,36,66,Northeast
2026-02-21,PROD000138,186,36,West
2026-02-21,PROD000027,2,23,Northeast
2026-02-21,PROD000109,93,69,Midwest
2026-02-21,PROD000205,175,23,West
2026-02-21,PROD000063,53,37,Midwest
2026-02-21,PROD000180,143,39,Northeast
2026-02-21,PROD000113,219,32,Southeast
2026-02-21,PROD000238,20,23,Midwest
2026-02-21,PROD000116,27,48,West
2026-02-21,PROD000061,16,16,Northeast
2026-02-21,PROD000120,197,59,West
2026-02-21,PROD000059,206,34,Midwest
2026-02-21,PROD000218,2,39,Southeast
2026-02-21,PROD000177,10,64,Northeast
2026-02-21,PROD000217,68,60,Northeast
2026-02-21,PROD000246,1,18,Southeast
2026-02-21,PROD000074,92,42,West
2026-02-21,PROD000250,111,52,Northeast
2026-02-21,PROD000001,6,69,Southeast
2026-02-21,PROD000003,12,18,Northeast
2026-02-21,PROD000062,47,51,Midwest
2026-02-21,PROD000231,148,50,Midwest
2026-02-21,PROD000166,124,40,Southeast
2026-02-21,PROD000199,51,24,Midwest
2026-02-21,PROD000106,207,36,Midwest
2026-02-21,PROD000136,183,20,Southeast
2026-02-21,PROD000192,170,41,Southeast
2026-02-21,PROD000239,103,25,Northeast
2026-02-21,PROD000108,138,59,West
2026-02-21,PROD000004,128,47,Southeast
2026-02-21,PROD000198,28,32,Northeast
2026-02-21,PROD000201,218,39,Southeast
2026-02-21,PROD000215,58,41,Northeast
2026-02-21,PROD000233,202,30,West
2026-02-21,PROD000072,217,36,Southeast
2026-02-21,PROD000085,34,24,West
2026-02-21,PROD000152,93,34,Southeast
2026-02-21,PROD000017,190,49,Northeast
2026-02-21,PROD000151,75,21,Midwest
2026-02-21,PROD000128,16,20,Northeast
2026-02-21,PROD000224,77,66,Midwest
2026-02-21,PROD000026,184,18,West
2026-02-21,PROD000094,145,25,West
2026-02-21,PROD000019,163,65,Northeast
2026-02-21,PROD000247,22,65,Southeast
2026-02-21,PROD000097,196,50,West
2026-02-21,PROD000159,211,32,West
2026-02-21,PROD000035,233,48,Midwest
2026-02-21,PROD000119,125,65,Midwest
2026-02-21,PROD000049,239,52,Northeast
2026-02-21,PROD000078,168,47,West
2026-02-21,PROD000243,166,15,Midwest
2026-02-21,PROD000244,167,25,Northeast
2026-02-21,PROD000079,16,56,Midwest
2026-02-21,PROD000183,33,27,West
2026-02-21,PROD000124,182,56,Midwest
2026-02-21,PROD000111,218,24,West
2026-02-21,PROD000146,160,17,Southeast
2026-02-21,PROD000070,145,50,Midwest
2026-02-21,PROD000025,212,49,Midwest
2026-02-21,PROD000076,81,31,Midwest
2026-02-22,PROD000231,138,41,Southeast
2026-02-22,PROD000027,206,17,West
2026-02-22,PROD000216,90,48,Northeast
2026-02-22,PROD000165,153,49,West
2026-02-22,PROD000207,211,45,Midwest
2026-02-22,PROD000078,143,38,Southeast
2026-02-22,PROD000223,178,54,Northeast
2026-02-22,PROD000070,101,49,West
2026-02-22,PROD000139,230,27,Southeast
2026-02-22,PROD000113,150,23,Southeast
2026-02-22,PROD000123,168,29,Southeast
2026-02-22,PROD000153,48,69,West
2026-02-22,PROD000110,185,17,West
2026-02-22,PROD000007,16,19,West
2026-02-22,PROD000057,192,28,Midwest
2026-02-22,PROD000213,64,39,Midwest
2026-02-22,PROD000111,114,45,Midwest
2026-02-22,PROD000020,22,39,Southeast
2026-02-22,PROD000233,17,38,Midwest
2026-02-22,PROD000185,56,64,West
2026-02-22,PROD000096,228,58,Northeast
2026-02-22,PROD000038,7,16,Midwest
2026-02-22,PROD000034,64,41,Southeast
2026-02-22,PROD000225,121,53,Southeast
2026-02-22,PROD000132,15,63,West
2026-02-22,PROD000162,6,65,Midwest
2026-02-22,PROD000129,42,53,Southeast
2026-02-22,PROD000118,37,45,Southeast
2026-02-22,PROD000066,59,34,Southeast
2026-02-22,PROD000031,207,40,Northeast
2026-02-22,PROD000023,200,52,Northeast
2026-02-22,PROD000104,10,37,Northeast
2026-02-22,PROD000222,107,54,Southeast
2026-02-22,PROD000241,78,16,West
2026-02-22,PROD000021,216,19,Northeast
2026-02-22,PROD000227,106,63,Northeast
2026-02-22,PROD000137,128,50,Southeast
2026-02-22,PROD000202,123,31,Northeast
2026-02-22,PROD000248,57,45,Southeast
2026-02-22,PROD000012,28,31,Northeast
2026-02-22,PROD000154,23,16,Midwest
2026-02-22,PROD000010,127,68,West
2026-02-22,PROD000211,215,53,Southeast
2026-02-22,PROD000006,176,40,Northeast
2026-02-22,PROD000025,165,57,Northeast
2026-02-22,PROD000086,85,52,Northeast
2026-02-22,PROD000238,206,60,Midwest
2026-02-22,PROD000055,140,34,Midwest
2026-02-22,PROD000140,29,15,Midwest
2026-02-22,PROD000119,72,50,Southeast
2026-02-22,PROD000193,210,33,West
2026-02-22,PROD000220,162,35,West
2026-02-22,PROD000079,152,51,Northeast
2026-02-22,PROD000197,71,63,Northeast
2026-02-22,PROD000155,213,31,Northeast
2026-02-22,PROD000062,97,51,Northeast
2026-02-22,PROD000236,119,52,Southeast
2026-02-22,PROD000210,118,26,West
2026-02-22,PROD000024,57,66,West
2026-02-22,PROD000056,14,23,Southeast
2026-02-22,PROD000041,11,61,Northeast
2026-02-22,PROD000156,238,19,Northeast
2026-02-22,PROD000013,122,32,West
2026-02-22,PROD000121,168,38,Southeast
2026-02-22,PROD000150,152,22,West
2026-02-22,PROD000196,113,25,West
2026-02-22,PROD000149,23,42,Southeast
2026-02-22,PROD000004,96,18,West
2026-02-22,PROD000051,7,55,West
2026-02-22,PROD000188,58,42,West
2026-02-22,PROD000019,0,33,Northeast
2026-02-22,PROD000232,12,42,Midwest
2026-02-22,PROD000221,95,20,Southeast
2026-02-22,PROD000224,14,30,Southeast
2026-02-22,PROD000239,167,41,Midwest
2026-02-22,PROD000194,237,57,Southeast
2026-02-22,PROD000127,239,26,Midwest
2026-02-22,PROD000029,200,41,Southeast
2026-02-22,PROD000164,52,49,Midwest
2026-02-22,PROD000014,221,63,Midwest
2026-02-22,PROD000065,141,66,West
2026-02-22,PROD000192,224,47,West
2026-02-22,PROD000069,139,24,Midwest
2026-02-22,PROD000183,106,35,West
2026-02-22,PROD000083,79,44,West
2026-02-22,PROD000143,203,55,West
2026-02-22,PROD000089,13,67,Southeast
2026-02-22,PROD000047,7,40,Northeast
2026-02-22,PROD000106,192,38,Southeast
2026-02-22,PROD000082,215,15,West
2026-02-22,PROD000128,165,40,Midwest
2026-02-22,PROD000075,38,26,Midwest
2026-02-22,PROD000230,171,50,Southeast
2026-02-22,PROD000206,180,32,West
2026-02-22,PROD000157,235,57,Southeast
2026-02-22,PROD000244,194,65,Northeast
2026-02-22,PROD000181,194,55,Midwest
2026-02-22,PROD000030,77,25,West
2026-02-22,PROD000095,113,59,Northeast
2026-02-22,PROD000242,57,59,West
2026-02-22,PROD000033,58,20,Northeast
2026-02-22,PROD000022,193,67,West
2026-02-22,PROD000001,115,30,Midwest
2026-02-22,PROD000017,106,33,Midwest
2026-02-22,PROD000064,227,53,Midwest
2026-02-22,PROD000205,189,58,Midwest
2026-02-22,PROD000049,160,32,West
2026-02-22,PROD000141,32,69,Northeast
2026-02-22,PROD000105,183,50,Northeast
2026-02-22,PROD000173,226,32,West
2026-02-22,PROD000246,104,42,Midwest
2026-02-22,PROD000077,135,50,West
2026-02-22,PROD000234,195,49,Southeast
2026-02-22,PROD000146,200,57,West
2026-02-22,PROD000054,90,40,Northeast
2026-02-22,PROD000073,39,35,West
2026-02-22,PROD000011,7,25,Northeast
2026-02-22,PROD000092,81,54,Northeast
2026-02-22,PROD000161,128,53,West
2026-02-22,PROD000203,27,68,Northeast
2026-02-23,PROD000237,183,23,West
2026-02-23,PROD000145,45,36,Midwest
2026-02-23,PROD000012,49,56,Southeast
2026-02-23,PROD000066,192,25,Southeast
2026-02-23,PROD000221,206,25,Southeast
2026-02-23,PROD000083,120,48,West
2026-02-23,PROD000011,223,40,Southeast
2026-02-23,PROD000049,196,52,Southeast
2026-02-23,PROD000055,161,69,Southeast
2026-02-23,PROD000218,125,47,Northeast
2026-02-23,PROD000056,19,50,Northeast
2026-02-23,PROD000043,117,58,Northeast
2026-02-23,PROD000014,2,67,Northeast
2026-02-23,PROD000057,224,19,Northeast
2026-02-23,PROD000175,48,40,Northeast
2026-02-23,PROD000211,198,16,West
2026-02-23,PROD000155,222,33,West
2026-02-23,PROD000101,203,16,Northeast
2026-02-23,PROD000224,73,49,West
2026-02-23,PROD000126,60,34,West
2026-02-23,PROD000121,105,30,Midwest
2026-02-23,PROD000003,60,17,Northeast
2026-02-23,PROD000167,31,18,Northeast
2026-02-23,PROD000199,57,41,Northeast
2026-02-23,PROD000018,187,58,Southeast
2026-02-23,PROD000187,151,64,Southeast
2026-02-23,PROD000105,174,24,Northeast
2026-02-23,PROD000047,37,21,West
2026-02-23,PROD000124,187,52,Southeast
2026-02-23,PROD000188,151,37,Northeast
2026-02-23,PROD000071,96,58,Southeast
2026-02-23,PROD000035,215,48,Midwest
2026-02-23,PROD000215,9,53,Midwest
2026-02-23,PROD000190,147,42,Southeast
2026-02-23,PROD000245,120,64,West
2026-02-23,PROD000116,230,41,Midwest
2026-02-23,PROD000068,125,51,Northeast
2026-02-23,PROD000153,80,52,Midwest
2026-02-23,PROD000143,29,51,Southeast
2026-02-23,PROD000159,151,44,West
2026-02-23,PROD000233,201,33,Northeast
2026-02-23,PROD000093,171,38,Southeast
2026-02-23,PROD000092,224,58,Northeast
2026-02-23,PROD000176,176,51,West
2026-02-23,PROD000160,215,18,Midwest
2026-02-23,PROD000244,225,36,Southeast
2026-02-23,PROD000136,26,16,Northeast
2026-02-23,PROD000088,6,61,Northeast
2026-02-23,PROD000174,56,56,Southeast
2026-02-23,PROD000213,89,63,Midwest
2026-02-23,PROD000017,228,37,West
2026-02-23,PROD000073,4,35,West
2026-02-23,PROD000063,92,51,Northeast
2026-02-23,PROD000130,83,37,Midwest
2026-02-23,PROD000010,182,56,Northeast
2026-02-23,PROD000226,123,19,Midwest
2026-02-23,PROD000206,94,57,Southeast
2026-02-23,PROD000118,105,28,Northeast
2026-02-23,PROD000158,67,68,Northeast
2026-02-23,PROD000091,172,27,Southeast
2026-02-23,PROD000110,132,26,Northeast
2026-02-23,PROD000184,54,30,Midwest
2026-02-23,PROD000115,226,46,Southeast
2026-02-23,PROD000168,74,27,Southeast
2026-02-23,PROD000048,205,28,Northeast
2026-02-23,PROD000207,210,37,West
2026-02-23,PROD000194,80,64,Southeast
2026-02-23,PROD000157,101,49,Northeast
2026-02-23,PROD000140,190,58,West
2026-02-23,PROD000046,127,22,Southeast
2026-02-23,PROD000064,214,46,West
2026-02-23,PROD000169,113,16,Northeast
2026-02-23,PROD000050,53,43,Southeast
2026-02-23,PROD000192,52,41,Southeast
2026-02-23,PROD000133,158,39,Southeast
2026-02-23,PROD000242,168,43,Northeast
2026-02-23,PROD000022,237,64,Midwest
2026-02-23,PROD000034,175,31,West
2026-02-23,PROD000127,170,63,Southeast
2026-02-23,PROD000223,200,34,Southeast
2026-02-23,PROD000142,102,55,Southeast
2026-02-23,PROD000041,83,66,Southeast
2026-02-23,PROD000053,15,42,West
2026-02-23,PROD000129,1,40,Southeast
2026-02-23,PROD000028,137,31,Midwest
2026-02-23,PROD000141,23,30,West
2026-02-23,PROD000100,88,36,West
2026-02-23,PROD000086,141,16,West
2026-02-23,PROD000125,106,64,West
2026-02-23,PROD000095,157,39,Northeast
2026-02-23,PROD000123,217,23,Northeast
2026-02-23,PROD000231,171,57,Northeast
2026-02-23,PROD000001,90,17,Southeast
2026-02-23,PROD000228,196,50,West
2026-02-23,PROD000031,32,32,Southeast
2026-02-23,PROD000230,174,50,Midwest
2026-02-23,PROD000077,57,66,Northeast
2026-02-23,PROD000249,106,60,Northeast
2026-02-23,PROD000098,57,37,Midwest
2026-02-23,PROD000020,99,36,Midwest
2026-02-23,PROD000054,113,41,Midwest
2026-02-23,PROD000195,48,31,Northeast
2026-02-23,PROD000005,116,39,Southeast
2026-02-23,PROD000033,134,59,Northeast
2026-02-23,PROD000076,21,35,Midwest
2026-02-23,PROD000037,104,22,Southeast
2026-02-23,PROD000051,92,62,Midwest
2026-02-23,PROD000039,197,64,West
2026-02-23,PROD000139,53,47,Southeast
2026-02-23,PROD000161,5,37,Southeast
2026-02-23,PROD000078,160,56,West
2026-02-23,PROD000045,234,23,Southeast
2026-02-23,PROD000170,100,33,Northeast
2026-02-23,PROD000164,194,68,Midwest
2026-02-23,PROD000119,195,69,West
2026-02-23,PROD000013,203,45,West
2026-02-23,PROD000087,17,43,Midwest
2026-02-23,PROD000212,146,59,Northeast
2026-02-23,PROD000109,80,26,Midwest
2026-02-23,PROD000108,125,17,Southeast
2026-02-24,PROD000250,10,21,Midwest
2026-02-24,PROD000015,105,24,Northeast
2026-02-24,PROD000174,4,29,Northeast
2026-02-24,PROD000091,20,45,Southeast
2026-02-24,PROD000172,3,50,West
2026-02-24,PROD000248,235,67,West
2026-02-24,PROD000062,178,29,Midwest
2026-02-24,PROD000212,172,27,West
2026-02-24,PROD000020,95,44,West
2026-02-24,PROD000086,179,50,Southeast
2026-02-24,PROD000123,202,63,Northeast
2026-02-24,PROD000100,127,56,Midwest
2026-02-24,PROD000241,116,48,Southeast
2026-02-24,PROD000146,162,23,Midwest
2026-02-24,PROD000120,35,47,West
2026-02-24,PROD000034,112,45,Southeast
2026-02-24,PROD000022,83,27,Midwest
2026-02-24,PROD000182,113,53,Northeast
2026-02-24,PROD000213,33,69,Northeast
2026-02-24,PROD000036,26,57,Southeast
2026-02-24,PROD000047,236,22,Midwest
2026-02-24,PROD000209,2,64,West
2026-02-24,PROD000154,58,30,Northeast
2026-02-24,PROD000126,147,65,Northeast
2026-02-24,PROD000222,199,29,West
2026-02-24,PROD000223,205,64,Southeast
2026-02-24,PROD000088,165,28,Northeast
2026-02-24,PROD000186,55,44,Southeast
2026-02-24,PROD000142,235,57,Southeast
2026-02-24,PROD000171,235,57,Midwest
2026-02-24,PROD000005,28,40,West
2026-02-24,PROD000188,81,57,Northeast
2026-02-24,PROD000210,140,43,Midwest
2026-02-24,PROD000029,227,36,West
2026-02-24,PROD000230,73,30,Southeast
2026-02-24,PROD000087,166,38,Northeast
2026-02-24,PROD000065,21,60,West
2026-02-24,PROD000204,170,34,Northeast
2026-02-24,PROD000061,44,45,Southeast
2026-02-24,PROD000077,48,46,West
2026-02-24,PROD000183,181,22,Southeast
2026-02-24,PROD000160,214,20,Midwest
2026-02-24,PROD000030,22,27,Southeast
2026-02-24,PROD000046,16,34,Midwest
2026-02-24,PROD000205,52,16,Northeast
2026-02-24,PROD000152,21,21,Midwest
2026-02-24,PROD000010,78,15,Midwest
2026-02-24,PROD000023,84,30,Northeast
2026-02-24,PROD000044,223,60,Southeast
2026-02-24,PROD000073,155,22,West
2026-02-24,PROD000028,36,37,Northeast
2026-02-24,PROD000027,66,41,West
2026-02-24,PROD000032,39,46,Southeast
2026-02-24,PROD000045,46,52,Midwest
2026-02-24,PROD000019,197,37,Midwest
2026-02-24,PROD000121,75,24,Midwest
2026-02-24,PROD000071,0,54,Midwest
2026-02-24,PROD000064,92,46,West
2026-02-24,PROD000114,137,50,Southeast
2026-02-24,PROD000157,170,45,Northeast
2026-02-24,PROD000150,219,50,Southeast
2026-02-24,PROD000198,45,16,Midwest
2026-02-24,PROD000016,225,69,Northeast
2026-02-24,PROD000138,104,68,Midwest
2026-02-24,PROD000113,95,18,Southeast
2026-02-24,PROD000080,36,21,Southeast
2026-02-24,PROD000207,154,24,Southeast
2026-02-24,PROD000175,231,63,Northeast
2026-02-24,PROD000179,230,29,Southeast
2026-02-24,PROD000021,99,44,Southeast
2026-02-24,PROD000193,152,37,West
2026-02-24,PROD000170,160,30,Midwest
2026-02-24,PROD000117,109,23,Midwest
2026-02-24,PROD000025,100,24,Northeast
2026-02-24,PROD000068,232,69,West
2026-02-24,PROD000249,44,47,Northeast
2026-02-24,PROD000109,127,51,Midwest
2026-02-24,PROD000092,64,40,West
2026-02-24,PROD000226,165,27,Midwest
2026-02-24,PROD000056,93,20,West
2026-02-24,PROD000167,118,18,Southeast
2026-02-24,PROD000136,87,26,West
2026-02-24,PROD000184,178,52,Southeast
2026-02-24,PROD000011,15,19,Southeast
2026-02-24,PROD000051,85,28,Northeast
2026-02-24,PROD000002,48,29,Northeast
2026-02-24,PROD000007,106,36,Southeast
2026-02-24,PROD000247,35,49,West
2026-02-24,PROD000082,27,46,West
2026-02-24,PROD000191,150,16,West
2026-02-24,PROD000074,130,56,Northeast
2026-02-24,PROD000038,44,18,Midwest
2026-02-24,PROD000189,107,56,Southeast
2026-02-24,PROD000014,149,15,Northeast
2026-02-24,PROD000079,49,24,Midwest
2026-02-24,PROD000058,154,39,West
2026-02-24,PROD000139,70,63,Midwest
2026-02-24,PROD000225,161,41,Southeast
2026-02-24,PROD000145,199,57,West
2026-02-24,PROD000185,144,60,West
2026-02-24,PROD000141,211,19,Midwest
2026-02-24,PROD000048,13,38,Southeast
2026-02-24,PROD000143,15,60,Midwest
2026-02-24,PROD000106,215,43,West
2026-02-24,PROD000070,29,17,West
2026-02-24,PROD000151,192,66,Midwest
2026-02-24,PROD000153,22,61,West
2026-02-24,PROD000240,69,48,West
2026-02-24,PROD000192,140,69,Northeast
2026-02-24,PROD000081,221,29,West
2026-02-24,PROD000009,171,37,Midwest
2026-02-24,PROD000026,115,37,Northeast
2026-02-24,PROD000108,159,28,Southeast
2026-02-24,PROD000238,55,64,Midwest
2026-02-24,PROD000233,123,29,West
2026-02-24,PROD000131,230,28,West
2026-02-24,PROD000219,137,24,Northeast
2026-02-24,PROD000134,77,42,West
2026-02-24,PROD000069,194,46,Midwest
2026-02-24,PROD000224,25,23,Southeast
2026-02-25,PROD000225,76,54,Southeast
2026-02-25,PROD000194,57,37,Midwest
2026-02-25,PROD000179,41,43,Southeast
2026-02-25,PROD000102,185,48,Midwest
2026-02-25,PROD000051,126,47,Midwest
2026-02-25,PROD000073,90,20,Midwest
2026-02-25,PROD000205,84,68,Midwest
2026-02-25,PROD000204,48,26,Northeast
2026-02-25,PROD000219,37,54,Southeast
2026-02-25,PROD000127,117,23,West
2026-02-25,PROD000192,166,30,West
2026-02-25,PROD000101,27,64,West
2026-02-25,PROD000044,193,56,West
2026-02-25,PROD000231,64,50,Midwest
2026-02-25,PROD000093,10,66,Midwest
2026-02-25,PROD000185,235,36,West
2026-02-25,PROD000033,102,34,Midwest
2026-02-25,PROD000134,6,66,Northeast
2026-02-25,PROD000140,72,66,West
2026-02-25,PROD000168,87,37,Southeast
2026-02-25,PROD000115,110,33,Northeast
2026-02-25,PROD000035,51,57,Northeast
2026-02-25,PROD000064,100,66,Northeast
2026-02-25,PROD000056,44,61,West
2026-02-25,PROD000241,72,69,West
2026-02-25,PROD000243,110,68,Northeast
2026-02-25,PROD000100,53,22,Southeast
2026-02-25,PROD000024,167,24,West
2026-02-25,PROD000008,125,35,Southeast
2026-02-25,PROD000078,171,18,Midwest
2026-02-25,PROD000030,78,55,Midwest
2026-02-25,PROD000061,126,23,West
2026-02-25,PROD000026,47,46,Midwest
2026-02-25,PROD000218,159,23,Northeast
2026-02-25,PROD000068,16,56,Northeast
2026-02-25,PROD000148,188,60,Midwest
2026-02-25,PROD000109,177,45,Northeast
2026-02-25,PROD000217,217,69,Northeast
2026-02-25,PROD000130,82,48,West
2026-02-25,PROD000180,95,63,Midwest
2026-02-25,PROD000087,39,17,Midwest
2026-02-25,PROD000196,109,57,Northeast
2026-02-25,PROD000039,62,48,Southeast
2026-02-25,PROD000079,63,54,Northeast
2026-02-25,PROD000214,19,22,Northeast
2026-02-25,PROD000037,145,67,Midwest
2026-02-25,PROD000242,19,50,Southeast
2026-02-25,PROD000075,158,38,Midwest
2026-02-25,PROD000210,205,64,Northeast
2026-02-25,PROD000071,93,64,Midwest
2026-02-25,PROD000138,119,66,Southeast
2026-02-25,PROD000023,133,53,West
2026-02-25,PROD000191,13,24,Northeast
2026-02-25,PROD000211,86,57,Midwest
2026-02-25,PROD000244,98,33,Midwest
2026-02-25,PROD000002,145,55,West
2026-02-25,PROD000193,202,37,West
2026-02-25,PROD000126,206,30,Midwest
2026-02-25,PROD000146,45,37,Midwest
2026-02-25,PROD000021,232,33,Southeast
2026-02-25,PROD000175,141,65,Northeast
2026-02-25,PROD000248,139,47,West
2026-02-25,PROD000159,7,56,Midwest
2026-02-25,PROD000186,68,25,West
2026-02-25,PROD000048,30,31,West
2026-02-25,PROD000162,109,42,West
2026-02-25,PROD000174,95,20,Midwest
2026-02-25,PROD000001,195,18,Northeast
2026-02-25,PROD000184,87,69,Northeast
2026-02-25,PROD000177,118,67,Midwest
2026-02-25,PROD000167,106,26,Northeast
2026-02-25,PROD000019,58,49,West
2026-02-25,PROD000107,68,39,Midwest
2026-02-25,PROD000197,174,15,Northeast
2026-02-25,PROD000216,92,65,Southeast
2026-02-25,PROD000121,219,47,West
2026-02-25,PROD000117,54,32,Southeast
2026-02-25,PROD000123,202,31,Midwest
2026-02-25,PROD000195,217,21,West
2026-02-25,PROD000139,224,25,West
2026-02-25,PROD000212,33,46,Southeast
2026-02-25,PROD000052,214,68,Southeast
2026-02-25,PROD000156,210,55,Northeast
2026-02-25,PROD000224,93,37,Midwest
2026-02-25,PROD000137,196,19,West
2026-02-25,PROD000190,105,22,West
2026-02-25,PROD000084,207,48,Midwest
2026-02-25,PROD000207,82,66,Southeast
2026-02-25,PROD000094,111,25,Southeast
2026-02-25,PROD000206,104,36,Northeast
2026-02-25,PROD000110,38,37,West
2026-02-25,PROD000236,11,66,Southeast
2026-02-25,PROD000124,173,26,Midwest
2026-02-25,PROD000027,195,20,Southeast
2026-02-25,PROD000202,104,44,Southeast
2026-02-25,PROD000059,154,46,Midwest
2026-02-25,PROD000150,3,44,Southeast
2026-02-25,PROD000086,6,37,Northeast
2026-02-25,PROD000028,197,15,Northeast
2026-02-25,PROD000128,101,63,Midwest
2026-02-25,PROD000017,32,44,Northeast
2026-02-25,PROD000058,103,47,Southeast
2026-02-25,PROD000031,18,67,Midwest
2026-02-25,PROD000164,232,34,Southeast
2026-02-25,PROD000200,83,67,Midwest
2026-02-25,PROD000049,55,57,Midwest
2026-02-25,PROD000066,40,56,Midwest
2026-02-25,PROD000114,106,40,Midwest
2026-02-25,PROD000007,9,48,West
2026-02-25,PROD000230,44,43,Southeast
2026-02-25,PROD000152,12,58,Southeast
2026-02-25,PROD000022,159,55,Northeast
2026-02-25,PROD000108,233,38,Southeast
2026-02-25,PROD000112,145,68,West
2026-02-25,PROD000105,183,69,West
2026-02-25,PROD000046,161,25,Northeast
2026-02-25,PROD000005,170,24,West
2026-02-25,PROD000181,5,66,West
2026-02-25,PROD000103,210,44,Southeast
2026-02-25,PROD000013,201,44,Northeast
2026-02-26,PROD000152,36,28,Southeast
2026-02-26,PROD000245,224,47,Northeast
2026-02-26,PROD000087,48,40,Midwest
2026-02-26,PROD000006,55,62,Midwest
2026-02-26,PROD000232,10,40,West
2026-02-26,PROD000042,86,60,Northeast
2026-02-26,PROD000194,52,33,Midwest
2026-02-26,PROD000225,199,38,Northeast
2026-02-26,PROD000146,239,17,West
2026-02-26,PROD000015,141,36,West
2026-02-26,PROD000065,4,23,Southeast
2026-02-26,PROD000021,113,16,Midwest
2026-02-26,PROD000001,78,63,Northeast
2026-02-26,PROD000237,47,29,Northeast
2026-02-26,PROD000240,140,25,Northeast
2026-02-26,PROD000215,19,37,Northeast
2026-02-26,PROD000064,147,15,Midwest
2026-02-26,PROD000144,13,47,Southeast
2026-02-26,PROD000224,121,38,Midwest
2026-02-26,PROD000203,6,67,Northeast
2026-02-26,PROD000247,1,32,Midwest
2026-02-26,PROD000156,226,26,Northeast
2026-02-26,PROD000177,139,59,Midwest
2026-02-26,PROD000056,153,55,Northeast
2026-02-26,PROD000089,112,66,Southeast
2026-02-26,PROD000088,123,25,Northeast
2026-02-26,PROD000135,194,69,Midwest
2026-02-26,PROD000243,56,56,Northeast
2026-02-26,PROD000136,15,53,West
2026-02-26,PROD000182,37,44,Southeast
2026-02-26,PROD000019,183,52,Midwest
2026-02-26,PROD000199,105,59,Midwest
2026-02-26,PROD000013,174,41,Southeast
2026-02-26,PROD000172,167,53,Southeast
2026-02-26,PROD000112,16,42,Southeast
2026-02-26,PROD000162,118,23,Midwest
2026-02-26,PROD000060,209,49,Northeast
2026-02-26,PROD000166,109,55,Northeast
2026-02-26,PROD000228,44,19,Midwest
2026-02-26,PROD000218,77,32,Southeast
2026-02-26,PROD000007,128,15,Midwest
2026-02-26,PROD000246,59,57,Southeast
2026-02-26,PROD000159,15,58,Southeast
2026-02-26,PROD000158,39,49,Southeast
2026-02-26,PROD000092,34,40,West
2026-02-26,PROD000025,83,53,Southeast
2026-02-26,PROD000118,102,22,Southeast
2026-02-26,PROD000032,175,45,West
2026-02-26,PROD000208,163,17,Southeast
2026-02-26,PROD000122,105,29,Midwest
2026-02-26,PROD000108,10,64,Northeast
2026-02-26,PROD000211,40,17,Southeast
2026-02-26,PROD000063,186,24,Northeast
2026-02-26,PROD000003,115,69,West
2026-02-26,PROD000059,13,34,West
2026-02-26,PROD000145,197,40,Northeast
2026-02-26,PROD000197,110,33,Northeast
2026-02-26,PROD000039,30,49,West
2026-02-26,PROD000028,56,27,West
2026-02-26,PROD000244,120,21,West
2026-02-26,PROD000022,52,66,Midwest
2026-02-26,PROD000010,187,44,Midwest
2026-02-26,PROD000239,141,62,Northeast
2026-02-26,PROD000030,152,18,Southeast
2026-02-26,PROD000209,140,21,Northeast
2026-02-26,PROD000250,9,62,Midwest
2026-02-26,PROD000091,178,51,Southeast
2026-02-26,PROD000017,136,59,West
2026-02-26,PROD000061,139,69,Southeast
2026-02-26,PROD000190,157,33,Southeast
2026-02-26,PROD000229,197,16,Midwest
2026-02-26,PROD000167,232,60,Northeast
2026-02-26,PROD000018,51,25,Northeast
2026-02-26,PROD000148,72,58,Southeast
2026-02-26,PROD000184,74,29,Midwest
2026-02-26,PROD000123,196,26,Northeast
2026-02-26,PROD000103,21,29,West
2026-02-26,PROD000027,209,18,Southeast
2026-02-26,PROD000248,35,48,Northeast
2026-02-26,PROD000163,166,68,Southeast
2026-02-26,PROD000202,10,69,Southeast
2026-02-26,PROD000134,222,49,Northeast
2026-02-26,PROD000174,194,47,Northeast
2026-02-26,PROD000037,96,48,Northeast
2026-02-26,PROD000180,233,50,Midwest
2026-02-26,PROD000235,157,63,Midwest
2026-02-26,PROD000238,63,63,West
2026-02-26,PROD000129,175,27,West
2026-02-26,PROD000090,48,32,Southeast
2026-02-26,PROD000141,68,52,West
2026-02-26,PROD000204,169,40,Northeast
2026-02-26,PROD000079,90,36,Southeast
2026-02-26,PROD000132,20,45,Northeast
2026-02-26,PROD000002,9,42,Midwest
2026-02-26,PROD000181,233,17,Northeast
2026-02-26,PROD000234,161,23,Southeast
2026-02-26,PROD000206,232,51,Southeast
2026-02-26,PROD000117,226,67,Northeast
2026-02-26,PROD000085,5,19,Northeast
2026-02-26,PROD000183,230,47,Midwest
2026-02-26,PROD000073,82,32,West
2026-02-26,PROD000150,100,18,Northeast
2026-02-26,PROD000054,41,24,Northeast
2026-02-26,PROD000142,174,21,Midwest
2026-02-26,PROD000220,5,39,Northeast
2026-02-26,PROD000175,191,32,Southeast
2026-02-26,PROD000173,78,39,Northeast
2026-02-26,PROD000165,232,18,Midwest
2026-02-26,PROD000084,213,28,Southeast
2026-02-26,PROD000188,118,19,West
2026-02-26,PROD000222,139,47,Midwest
2026-02-26,PROD000109,162,68,Northeast
2026-02-26,PROD000241,195,56,West
2026-02-26,PROD000113,20,26,Northeast
2026-02-26,PROD000045,72,48,West
2026-02-26,PROD000016,235,44,West
2026-02-26,PROD000115,127,45,Southeast
2026-02-26,PROD000076,5,20,Midwest
2026-02-26,PROD000217,28,39,Midwest
2026-02-26,PROD000009,221,43,Northeast
2026-02-27,PROD000229,116,18,West
2026-02-27,PROD000204,232,28,Northeast
2026-02-27,PROD000198,151,26,West
2026-02-27,PROD000161,142,21,Northeast
2026-02-27,PROD000226,22,65,West
2026-02-27,PROD000215,169,58,West
2026-02-27,PROD000135,159,46,Midwest
2026-02-27,PROD000009,72,40,West
2026-02-27,PROD000034,165,23,Southeast
2026-02-27,PROD000079,75,62,Midwest
2026-02-27,PROD000214,137,61,Midwest
2026-02-27,PROD000227,215,61,Midwest
2026-02-27,PROD000044,114,36,Southeast
2026-02-27,PROD000081,53,66,West
2026-02-27,PROD000026,158,28,Midwest
2026-02-27,PROD000129,84,21,Northeast
2026-02-27,PROD000225,19,52,Southeast
2026-02-27,PROD000228,231,38,Southeast
2026-02-27,PROD000094,201,18,Northeast
2026-02-27,PROD000195,64,18,Southeast
2026-02-27,PROD000151,10,40,Northeast
2026-02-27,PROD000160,221,57,Midwest
2026-02-27,PROD000242,234,16,West
2026-02-27,PROD000166,20,24,Southeast
2026-02-27,PROD000090,10,61,Midwest
2026-02-27,PROD000169,106,55,West
2026-02-27,PROD000178,100,51,Southeast
2026-02-27,PROD000130,212,42,Southeast
2026-02-27,PROD000203,120,17,Southeast
2026-02-27,PROD000162,19,36,Northeast
2026-02-27,PROD000061,51,39,Northeast
2026-02-27,PROD000039,6,26,Midwest
2026-02-27,PROD000059,205,56,West
2026-02-27,PROD000235,87,38,Southeast
2026-02-27,PROD000179,128,43,Southeast
2026-02-27,PROD000127,137,46,Midwest
2026-02-27,PROD000167,58,66,Northeast
2026-02-27,PROD000159,36,44,West
2026-02-27,PROD000107,116,44,West
2026-02-27,PROD000105,103,67,Northeast
2026-02-27,PROD000164,86,31,Northeast
2026-02-27,PROD000013,137,58,Northeast
2026-02-27,PROD000177,93,38,Northeast
2026-02-27,PROD000014,174,56,West
2026-02-27,PROD000093,57,33,Southeast
2026-02-27,PROD000111,155,26,Midwest
2026-02-27,PROD000218,72,22,Southeast
2026-02-27,PROD000057,71,44,Midwest
2026-02-27,PROD000084,164,48,West
2026-02-27,PROD000219,187,27,West
2026-02-27,PROD000095,143,61,Northeast
2026-02-27,PROD000246,56,15,Midwest
2026-02-27,PROD000043,142,58,Northeast
2026-02-27,PROD000216,46,34,Northeast
2026-02-27,PROD000126,132,52,Northeast
2026-02-27,PROD000189,164,60,Southeast
2026-02-27,PROD000091,13,15,Northeast
2026-02-27,PROD000069,231,56,Midwest
2026-02-27,PROD000148,93,25,Northeast
2026-02-27,PROD000109,89,19,Northeast
2026-02-27,PROD000046,128,41,Midwest
2026-02-27,PROD000098,28,40,Northeast
2026-02-27,PROD000060,41,62,Southeast
2026-02-27,PROD000120,129,36,West
2026-02-27,PROD000072,223,27,Midwest
2026-02-27,PROD000067,110,17,Northeast
2026-02-27,PROD000088,140,22,West
2026-02-27,PROD000101,7,39,Southeast
2026-02-27,PROD000055,104,55,Midwest
2026-02-27,PROD000080,169,68,Midwest
2026-02-27,PROD000042,179,28,West
2026-02-27,PROD000149,149,24,Southeast
2026-02-27,PROD000185,28,43,West
2026-02-27,PROD000001,206,68,Southeast
2026-02-27,PROD000096,221,24,Southeast
2026-02-27,PROD000085,115,50,West
2026-02-27,PROD000033,17,27,Southeast
2026-02-27,PROD000018,140,52,Midwest
2026-02-27,PROD000019,144,43,West
2026-02-27,PROD000139,190,34,Northeast
2026-02-27,PROD000250,89,48,West
2026-02-27,PROD000040,150,26,Northeast
2026-02-27,PROD000073,218,57,Northeast
2026-02-27,PROD000086,95,36,Northeast
2026-02-27,PROD000152,200,34,Midwest
2026-02-27,PROD000045,227,66,Midwest
2026-02-27,PROD000003,91,28,Midwest
2026-02-27,PROD000128,132,24,Northeast
2026-02-27,PROD000024,36,41,West
2026-02-27,PROD000244,166,46,Midwest
2026-02-27,PROD000097,149,45,Northeast
2026-02-27,PROD000058,97,69,West
2026-02-27,PROD000125,157,41,West
2026-02-27,PROD000102,237,65,Midwest
2026-02-27,PROD000240,12,19,Northeast
2026-02-27,PROD000117,170,15,Northeast
2026-02-27,PROD000051,78,47,West
2026-02-27,PROD000170,64,17,West
2026-02-27,PROD000171,7,30,Southeast
2026-02-27,PROD000180,192,35,Southeast
2026-02-27,PROD000016,18,65,Northeast
2026-02-27,PROD000071,69,23,West
2026-02-27,PROD000119,26,68,Southeast
2026-02-27,PROD000004,175,48,Southeast
2026-02-27,PROD000020,89,28,Southeast
2026-02-27,PROD000197,219,55,Northeast
2026-02-27,PROD000238,215,44,Northeast
2026-02-27,PROD000099,115,65,Midwest
2026-02-27,PROD000136,164,62,Midwest
2026-02-27,PROD000245,170,68,West
2026-02-27,PROD000224,33,39,Southeast
2026-02-27,PROD000056,31,40,Southeast
2026-02-27,PROD000083,202,39,Midwest
2026-02-27,PROD000175,65,65,West
2026-02-27,PROD000205,19,49,West
2026-02-27,PROD000002,42,55,Midwest
2026-02-27,PROD000190,17,63,Midwest
2026-02-27,PROD000247,75,26,Northeast
2026-02-27,PROD000124,212,62,Northeast
2026-02-27,PROD000176,154,41,Midwest
2026-02-28,PROD000037,199,68,Midwest
2026-02-28,PROD000186,43,69,Southeast
2026-02-28,PROD000020,169,48,Midwest
2026-02-28,PROD000043,56,54,Southeast
2026-02-28,PROD000144,44,26,West
2026-02-28,PROD000112,169,57,Midwest
2026-02-28,PROD000103,12,40,Southeast
2026-02-28,PROD000198,71,19,Southeast
2026-02-28,PROD000227,150,41,Midwest
2026-02-28,PROD000172,97,37,Midwest
2026-02-28,PROD000098,123,37,Southeast
2026-02-28,PROD000168,167,61,Southeast
2026-02-28,PROD000153,218,27,Northeast
2026-02-28,PROD000094,219,61,West
2026-02-28,PROD000017,20,32,Southeast
2026-02-28,PROD000074,133,42,Southeast
2026-02-28,PROD000146,158,17,Northeast
2026-02-28,PROD000163,3,41,Northeast
2026-02-28,PROD000241,78,40,Northeast
2026-02-28,PROD000239,233,49,West
2026-02-28,PROD000223,150,18,Southeast
2026-02-28,PROD000206,124,22,Midwest
2026-02-28,PROD000245,107,17,Southeast
2026-02-28,PROD000243,104,15,Midwest
2026-02-28,PROD000134,77,35,Northeast
2026-02-28,PROD000228,150,65,Midwest
2026-02-28,PROD000209,146,25,Midwest
2026-02-28,PROD000137,0,29,Northeast
2026-02-28,PROD000084,92,48,West
2026-02-28,PROD000165,179,42,Midwest
2026-02-28,PROD000001,167,43,Northeast
2026-02-28,PROD000156,37,31,West
2026-02-28,PROD000215,233,17,West
2026-02-28,PROD000122,199,56,Northeast
2026-02-28,PROD000229,2,68,West
2026-02-28,PROD000091,8,26,Southeast
2026-02-28,PROD000177,94,17,West
2026-02-28,PROD000052,233,35,Southeast
2026-02-28,PROD000105,140,44,Southeast
2026-02-28,PROD000157,23,54,Midwest
2026-02-28,PROD000226,149,52,Northeast
2026-02-28,PROD000240,35,30,Midwest
2026-02-28,PROD000136,213,51,Southeast
2026-02-28,PROD000080,205,28,West
2026-02-28,PROD000152,170,21,Southeast
2026-02-28,PROD000142,227,57,Southeast
2026-02-28,PROD000082,202,48,Northeast
2026-02-28,PROD000149,65,64,Midwest
2026-02-28,PROD000127,12,50,Southeast
2026-02-28,PROD000007,99,30,Northeast
2026-02-28,PROD000050,42,21,Southeast
2026-02-28,PROD000121,148,49,Midwest
2026-02-28,PROD000202,164,57,Southeast
2026-02-28,PROD000199,67,46,West
2026-02-28,PROD000031,99,31,West
2026-02-28,PROD000008,148,51,Midwest
2026-02-28,PROD000126,153,62,Midwest
2026-02-28,PROD000011,30,35,West
2026-02-28,PROD000219,142,23,Southeast
2026-02-28,PROD000059,103,29,Southeast
2026-02-28,PROD000009,45,51,Midwest
2026-02-28,PROD000006,201,60,West
2026-02-28,PROD000023,180,48,Southeast
2026-02-28,PROD000139,95,64,West
2026-02-28,PROD000015,149,31,Midwest
2026-02-28,PROD000097,196,53,Northeast
2026-02-28,PROD000078,14,24,West
2026-02-28,PROD000014,195,59,West
2026-02-28,PROD000054,220,27,Northeast
2026-02-28,PROD000225,154,53,Northeast
2026-02-28,PROD000159,61,45,Midwest
2026-02-28,PROD000148,229,62,Southeast
2026-02-28,PROD000058,216,49,Southeast
2026-02-28,PROD000095,195,32,Southeast
2026-02-28,PROD000224,57,61,Southeast
2026-02-28,PROD000045,158,69,Northeast
2026-02-28,PROD000070,41,64,West
2026-02-28,PROD000068,1,36,Midwest
2026-02-28,PROD000248,36,39,Southeast
2026-02-28,PROD000154,105,33,Southeast
2026-02-28,PROD000088,40,19,Southeast
2026-02-28,PROD000062,92,33,Southeast
2026-02-28,PROD000218,182,52,Midwest
2026-02-28,PROD000174,129,39,Southeast
2026-02-28,PROD000179,61,28,Northeast
2026-02-28,PROD000249,91,16,Northeast
2026-02-28,PROD000120,192,25,Midwest
2026-02-28,PROD000089,231,24,Midwest
2026-02-28,PROD000201,161,19,Midwest
2026-02-28,PROD000069,211,53,Southeast
2026-02-28,PROD000036,25,34,Midwest
2026-02-28,PROD000231,217,16,Southeast
2026-02-28,PROD000211,60,30,Midwest
2026-02-28,PROD000034,14,48,Northeast
2026-02-28,PROD000131,81,59,Midwest
2026-02-28,PROD000234,50,51,West
2026-02-28,PROD000170,191,52,Southeast
2026-02-28,PROD000151,208,69,West
2026-02-28,PROD000155,215,55,Midwest
2026-02-28,PROD000189,47,48,West
2026-02-28,PROD000217,66,55,Southeast
2026-02-28,PROD000132,9,58,Midwest
2026-02-28,PROD000047,124,45,Northeast
2026-02-28,PROD000026,206,18,Southeast
2026-02-28,PROD000145,83,37,West
2026-02-28,PROD000035,149,34,Midwest
2026-02-28,PROD000022,142,48,West
2026-02-28,PROD000066,215,42,West
2026-02-28,PROD000158,225,38,West
2026-02-28,PROD000064,72,46,Northeast
2026-02-28,PROD000115,198,46,Northeast
2026-02-28,PROD000077,153,23,Southeast
2026-02-28,PROD000118,184,57,Midwest
2026-02-28,PROD000171,227,27,Midwest
2026-02-28,PROD000060,227,19,Northeast
2026-02-28,PROD000004,126,59,West
2026-02-28,PROD000236,199,49,Southeast
2026-02-28,PROD000203,27,64,Northeast
2026-02-28,PROD000208,21,66,Southeast
2026-02-28,PROD000235,150,15,Northeast
2026-03-01,PROD000059,228,52,Southeast
2026-03-01,PROD000150,75,49,Midwest
2026-03-01,PROD000129,154,39,Northeast
2026-03-01,PROD000185,185,22,Northeast
2026-03-01,PROD000120,137,43,Southeast
2026-03-01,PROD000079,227,62,West
2026-03-01,PROD000063,86,39,Northeast
2026-03-01,PROD000136,157,60,Midwest
2026-03-01,PROD000162,106,19,West
2026-03-01,PROD000081,185,27,Southeast
2026-03-01,PROD000096,145,58,Northeast
2026-03-01,PROD000098,31,41,Midwest
2026-03-01,PROD000211,120,49,West
2026-03-01,PROD000084,157,63,Southeast
2026-03-01,PROD000140,140,43,Northeast
2026-03-01,PROD000203,35,46,West
2026-03-01,PROD000201,148,47,West
2026-03-01,PROD000135,206,68,Southeast
2026-03-01,PROD000017,215,30,Midwest
2026-03-01,PROD000108,143,15,Midwest
2026-03-01,PROD000183,167,25,Northeast
2026-03-01,PROD000119,33,21,Midwest
2026-03-01,PROD000210,129,45,West
2026-03-01,PROD000027,128,48,Midwest
2026-03-01,PROD000173,151,17,Midwest
2026-03-01,PROD000061,42,43,Southeast
2026-03-01,PROD000233,197,40,Northeast
2026-03-01,PROD000010,108,20,Northeast
2026-03-01,PROD000134,238,65,Southeast
2026-03-01,PROD000083,190,21,Midwest
2026-03-01,PROD000155,79,59,Southeast
2026-03-01,PROD000019,188,33,Northeast
2026-03-01,PROD000192,66,16,Midwest
2026-03-01,PROD000085,144,18,West
2026-03-01,PROD000243,156,64,Northeast
2026-03-01,PROD000186,172,36,Southeast
2026-03-01,PROD000031,113,51,West
2026-03-01,PROD000115,8,31,Southeast
2026-03-01,PROD000037,140,63,Midwest
2026-03-01,PROD000130,137,21,Northeast
2026-03-01,PROD000091,224,65,Northeast
2026-03-01,PROD000221,30,49,Northeast
2026-03-01,PROD000191,144,48,Midwest
2026-03-01,PROD000087,49,27,Midwest
2026-03-01,PROD000238,51,15,West
2026-03-01,PROD000068,146,24,West
2026-03-01,PROD000236,129,32,Southeast
2026-03-01,PROD000247,167,64,West
2026-03-01,PROD000234,215,68,Southeast
2026-03-01,PROD000146,92,48,Midwest
2026-03-01,PROD000106,30,47,West
2026-03-01,PROD000002,159,61,Northeast
2026-03-01,PROD000009,153,48,Southeast
2026-03-01,PROD000117,233,41,Northeast
2026-03-01,PROD000065,63,40,Northeast
2026-03-01,PROD000197,128,57,Northeast
2026-03-01,PROD000226,74,42,Southeast
2026-03-01,PROD000244,109,30,West
2026-03-01,PROD000153,200,26,West
2026-03-01,PROD000035,19,41,West
2026-03-01,PROD000011,172,19,Northeast
2026-03-01,PROD000209,25,68,West
2026-03-01,PROD000055,55,40,Southeast
2026-03-01,PROD000054,67,50,West
2026-03-01,PROD000167,140,48,West
2026-03-01,PROD000008,35,59,Southeast
2026-03-01,PROD000168,70,23,West
2026-03-01,PROD000012,53,43,Northeast
2026-03-01,PROD000029,72,68,Northeast
2026-03-01,PROD000190,51,53,Midwest
2026-03-01,PROD000036,87,40,Southeast
2026-03-01,PROD000131,75,33,West
2026-03-01,PROD000093,141,43,West
2026-03-01,PROD000005,131,30,West
2026-03-01,PROD000144,166,45,Midwest
2026-03-01,PROD000246,225,56,Northeast
2026-03-01,PROD000041,21,59,Northeast
2026-03-01,PROD000105,164,32,Southeast
2026-03-01,PROD000218,182,41,West
2026-03-01,PROD000199,36,18,Northeast
2026-03-01,PROD000118,235,18,Midwest
2026-03-01,PROD000080,206,27,Southeast
2026-03-01,PROD000053,134,34,Midwest
2026-03-01,PROD000149,185,69,West
2026-03-01,PROD000227,230,49,Southeast
2026-03-01,PROD000047,235,67,Southeast
2026-03-01,PROD000141,152,17,West
2026-03-01,PROD000064,100,45,Midwest
2026-03-01,PROD000222,73,57,Midwest
2026-03-01,PROD000195,58,60,Midwest
2026-03-01,PROD000104,71,47,Midwest
2026-03-01,PROD000072,220,58,Southeast
2026-03-01,PROD000043,6,66,Northeast
2026-03-01,PROD000200,167,49,Southeast
2026-03-01,PROD000089,11,60,Midwest
2026-03-01,PROD000033,202,27,Southeast
2026-03-01,PROD000228,239,25,Northeast
2026-03-01,PROD000022,55,66,Southeast
2026-03-01,PROD000138,143,60,Southeast
2026-03-01,PROD000229,185,49,Midwest
2026-03-01,PROD000114,132,57,Southeast
2026-03-01,PROD000214,176,50,Southeast
2026-03-01,PROD000212,236,63,Southeast
2026-03-01,PROD000122,99,36,Midwest
2026-03-01,PROD000163,99,65,Midwest
2026-03-01,PROD000223,166,64,Midwest
2026-03-01,PROD000178,200,64,West
2026-03-01,PROD000154,73,47,Northeast
2026-03-01,PROD000074,112,59,Southeast
2026-03-01,PROD000001,127,50,Midwest
2026-03-01,PROD000237,67,67,West
2026-03-01,PROD000205,24,57,West
2026-03-01,PROD000232,182,56,Midwest
2026-03-01,PROD000032,166,56,Midwest
2026-03-01,PROD000006,207,16,Northeast
2026-03-01,PROD000044,27,29,Midwest
2026-03-01,PROD000187,109,33,Northeast
2026-03-01,PROD000148,82,52,Midwest
2026-03-01,PROD000007,126,36,Southeast
2026-03-01,PROD000021,175,34,West
2026-03-02,PROD000060,74,46,West
2026-03-02,PROD000116,54,61,West
2026-03-02,PROD000016,119,40,Southeast
2026-03-02,PROD000149,191,19,Midwest
2026-03-02,PROD000109,189,50,West
2026-03-02,PROD000187,64,42,Northeast
2026-03-02,PROD000250,159,63,Southeast
2026-03-02,PROD000019,216,54,Midwest
2026-03-02,PROD000064,46,33,Northeast
2026-03-02,PROD000158,39,42,West
2026-03-02,PROD000240,64,64,West
2026-03-02,PROD000011,85,46,Northeast
2026-03-02,PROD000236,185,66,Midwest
2026-03-02,PROD000003,30,68,Southeast
2026-03-02,PROD000153,210,68,West
2026-03-02,PROD000118,79,41,West
2026-03-02,PROD000040,209,58,Midwest
2026-03-02,PROD000005,118,27,West
2026-03-02,PROD000114,140,41,Southeast
2026-03-02,PROD000248,8,47,Midwest
2026-03-02,PROD000022,93,61,Northeast
2026-03-02,PROD000110,113,47,Northeast
2026-03-02,PROD000021,7,36,Midwest
2026-03-02,PROD000069,30,35,West
2026-03-02,PROD000073,102,60,West
2026-03-02,PROD000101,57,25,West
2026-03-02,PROD000086,64,28,Midwest
2026-03-02,PROD000049,134,19,Southeast
2026-03-02,PROD000009,66,56,Southeast
2026-03-02,PROD000041,105,40,West
2026-03-02,PROD000054,231,68,Southeast
2026-03-02,PROD000087,91,61,Midwest
2026-03-02,PROD000178,179,15,Southeast
2026-03-02,PROD000008,215,41,Southeast
2026-03-02,PROD000072,67,16,Midwest
2026-03-02,PROD000246,66,57,Midwest
2026-03-02,PROD000210,0,18,Northeast
2026-03-02,PROD000043,35,49,Northeast
2026-03-02,PROD000218,97,49,Midwest
2026-03-02,PROD000245,52,42,Midwest
2026-03-02,PROD000051,112,43,Northeast
2026-03-02,PROD000184,237,41,Northeast
2026-03-02,PROD000177,108,54,Southeast
2026-03-02,PROD000243,1,69,Midwest
2026-03-02,PROD000182,177,36,West
2026-03-02,PROD000232,112,21,West
2026-03-02,PROD000195,93,50,West
2026-03-02,PROD000028,224,37,Midwest
2026-03-02,PROD000137,7,48,Southeast
2026-03-02,PROD000174,148,55,Southeast
2026-03-02,PROD000050,195,49,Southeast
2026-03-02,PROD000081,195,68,Midwest
2026-03-02,PROD000033,182,54,Northeast
2026-03-02,PROD000235,94,51,Midwest
2026-03-02,PROD000044,111,58,Northeast
2026-03-02,PROD000076,38,30,Southeast
2026-03-02,PROD000036,88,64,Midwest
2026-03-02,PROD000163,131,22,Midwest
2026-03-02,PROD000197,37,69,Southeast
2026-03-02,PROD000211,98,64,Southeast
2026-03-02,PROD000192,194,37,Midwest
2026-03-02,PROD000084,39,29,Midwest
2026-03-02,PROD000067,178,61,Southeast
2026-03-02,PROD000162,187,20,West
2026-03-02,PROD000226,174,66,Midwest
2026-03-02,PROD000108,80,36,Northeast
2026-03-02,PROD000015,86,60,Midwest
2026-03-02,PROD000025,139,40,Southeast
2026-03-02,PROD000031,84,50,Northeast
2026-03-02,PROD000225,198,60,Midwest
2026-03-02,PROD000181,86,31,Southeast
2026-03-02,PROD000133,195,36,West
2026-03-02,PROD000189,229,39,West
2026-03-02,PROD000169,205,42,West
2026-03-02,PROD000112,180,49,Southeast
2026-03-02,PROD000229,176,51,West
2026-03-02,PROD000204,77,15,West
2026-03-02,PROD000161,228,40,Southeast
2026-03-02,PROD000065,70,29,Northeast
2026-03-02,PROD000124,9,35,Northeast
2026-03-02,PROD000230,180,45,Northeast
2026-03-02,PROD000159,14,31,West
2026-03-02,PROD000247,236,69,West
2026-03-02,PROD000167,106,31,Southeast
2026-03-02,PROD000018,217,60,West
2026-03-02,PROD000200,226,15,West
2026-03-02,PROD000115,226,45,Midwest
2026-03-02,PROD000233,68,50,West
2026-03-02,PROD000160,54,39,Southeast
2026-03-02,PROD000085,12,23,Southeast
2026-03-02,PROD000166,151,27,Midwest
2026-03-02,PROD000030,223,68,Midwest
2026-03-02,PROD000170,53,64,Southeast
2026-03-02,PROD000244,3,67,Southeast
2026-03-02,PROD000152,7,42,Southeast
2026-03-02,PROD000227,134,45,Southeast
2026-03-02,PROD000106,83,33,West
2026-03-02,PROD000183,50,41,Midwest
2026-03-02,PROD000168,54,21,West
2026-03-02,PROD000196,9,43,Southeast
2026-03-02,PROD000117,182,32,Midwest
2026-03-02,PROD000171,15,69,Southeast
2026-03-02,PROD000175,215,42,Southeast
2026-03-02,PROD000056,147,39,Northeast
2026-03-02,PROD000198,63,25,Northeast
2026-03-02,PROD000194,112,44,Midwest
2026-03-02,PROD000179,140,66,West
2026-03-02,PROD000150,83,63,Northeast
2026-03-02,PROD000205,166,27,Northeast
2026-03-02,PROD000037,108,51,Northeast
2026-03-02,PROD000093,137,32,Northeast
2026-03-02,PROD000094,73,21,Midwest
2026-03-02,PROD000068,122,60,West
2026-03-02,PROD000120,122,44,Northeast
2026-03-02,PROD000006,169,27,Midwest
2026-03-02,PROD000241,138,64,Midwest
2026-03-02,PROD000207,131,45,Southeast
2026-03-02,PROD000125,190,21,Northeast
2026-03-02,PROD000140,217,63,Northeast
2026-03-02,PROD000071,155,41,West
2026-03-03,PROD000215,193,24,Northeast
2026-03-03,PROD000138,41,56,Midwest
2026-03-03,PROD000028,66,30,Midwest
2026-03-03,PROD000205,82,39,West
2026-03-03,PROD000247,121,42,Southeast
2026-03-03,PROD000130,129,21,Northeast
2026-03-03,PROD000204,138,44,Northeast
2026-03-03,PROD000055,25,30,West
2026-03-03,PROD000210,82,58,Midwest
2026-03-03,PROD000077,166,62,Southeast
2026-03-03,PROD000239,200,63,Southeast
2026-03-03,PROD000245,4,19,Southeast
2026-03-03,PROD000219,42,65,West
2026-03-03,PROD000129,83,40,Southeast
2026-03-03,PROD000115,45,43,Northeast
2026-03-03,PROD000090,169,62,Midwest
2026-03-03,PROD000110,156,44,West
2026-03-03,PROD000126,226,45,West
2026-03-03,PROD000177,36,22,Midwest
2026-03-03,PROD000040,210,49,West
2026-03-03,PROD000162,167,35,West
2026-03-03,PROD000017,191,39,Southeast
2026-03-03,PROD000074,31,51,Midwest
2026-03-03,PROD000152,239,48,West
2026-03-03,PROD000206,8,50,Midwest
2026-03-03,PROD000173,126,27,Northeast
2026-03-03,PROD000226,151,63,Midwest
2026-03-03,PROD000159,184,21,West
2026-03-03,PROD000032,117,47,Midwest
2026-03-03,PROD000167,38,33,West
2026-03-03,PROD000027,230,60,Northeast
2026-03-03,PROD000174,172,32,Southeast
2026-03-03,PROD000125,40,54,Midwest
2026-03-03,PROD000046,79,37,West
2026-03-03,PROD000030,204,28,Midwest
2026-03-03,PROD000048,130,57,Midwest
2026-03-03,PROD000223,161,42,Southeast
2026-03-03,PROD000182,12,20,Midwest
2026-03-03,PROD000044,124,45,West
2026-03-03,PROD000071,215,59,West
2026-03-03,PROD000096,200,30,Northeast
2026-03-03,PROD000201,99,44,Southeast
2026-03-03,PROD000143,93,21,West
2026-03-03,PROD000078,214,48,Southeast
2026-03-03,PROD000136,181,18,Southeast
2026-03-03,PROD000063,122,32,Northeast
2026-03-03,PROD000139,154,40,West
2026-03-03,PROD000214,53,67,Midwest
2026-03-03,PROD000145,41,46,Southeast
2026-03-03,PROD000244,173,25,West
2026-03-03,PROD000085,169,68,Midwest
2026-03-03,PROD000123,93,58,Northeast
2026-03-03,PROD000186,38,38,Southeast
2026-03-03,PROD000075,6,54,Southeast
2026-03-03,PROD000031,106,63,West
2026-03-03,PROD000127,70,60,Midwest
2026-03-03,PROD000195,28,25,Midwest
2026-03-03,PROD000056,102,49,Midwest
2026-03-03,PROD000227,135,68,Northeast
2026-03-03,PROD000175,55,34,Southeast
2026-03-03,PROD000052,34,19,Northeast
2026-03-03,PROD000042,187,30,Midwest
2026-03-03,PROD000091,27,59,West
2026-03-03,PROD000135,182,45,Northeast
2026-03-03,PROD000114,54,51,Midwest
2026-03-03,PROD000113,217,55,Southeast
2026-03-03,PROD000216,70,52,West
2026-03-03,PROD000234,218,65,West
2026-03-03,PROD000083,184,61,Midwest
2026-03-03,PROD000212,232,61,West
2026-03-03,PROD000149,126,16,Northeast
2026-03-03,PROD000208,129,62,Northeast
2026-03-03,PROD000043,214,18,Midwest
2026-03-03,PROD000154,120,23,Southeast
2026-03-03,PROD000172,211,51,West
2026-03-03,PROD000012,204,17,Midwest
2026-03-03,PROD000053,27,44,Northeast
2026-03-03,PROD000164,121,59,Southeast
2026-03-03,PROD000105,11,40,Southeast
2026-03-03,PROD000018,198,28,Northeast
2026-03-03,PROD000094,142,63,West
2026-03-03,PROD000157,104,57,Midwest
2026-03-03,PROD000168,212,27,Midwest
2026-03-03,PROD000066,219,68,Southeast
2026-03-03,PROD000097,82,54,West
2026-03-03,PROD000054,149,59,Midwest
2026-03-03,PROD000013,143,17,Midwest
2026-03-03,PROD000022,171,46,Midwest
2026-03-03,PROD000202,8,18,Southeast
2026-03-03,PROD000006,211,45,Northeast
2026-03-03,PROD000166,174,36,Northeast
2026-03-03,PROD000232,15,22,West
2026-03-03,PROD000116,217,33,Southeast
2026-03-03,PROD000117,28,30,Northeast
2026-03-03,PROD000184,171,39,Midwest
2026-03-03,PROD000198,49,65,Southeast
2026-03-03,PROD000120,233,39,Midwest
2026-03-03,PROD000237,57,47,Northeast
2026-03-03,PROD000133,91,23,West
2026-03-03,PROD000203,68,63,Midwest
2026-03-03,PROD000087,102,67,West
2026-03-03,PROD000180,135,58,Northeast
2026-03-03,PROD000051,50,49,Midwest
2026-03-03,PROD000200,64,28,Southeast
2026-03-03,PROD000088,126,35,Midwest
2026-03-03,PROD000150,77,68,Midwest
2026-03-03,PROD000038,206,28,West
2026-03-03,PROD000003,227,34,Northeast
2026-03-03,PROD000179,27,38,West
2026-03-03,PROD000242,76,34,West
2026-03-03,PROD000199,61,65,Southeast
2026-03-03,PROD000187,109,18,Northeast
2026-03-03,PROD000036,54,15,Midwest
2026-03-03,PROD000095,87,68,Northeast
2026-03-03,PROD000024,11,21,Northeast
2026-03-03,PROD000093,27,24,Northeast
2026-03-03,PROD000248,32,30,West
2026-03-03,PROD000222,22,33,Midwest
2026-03-03,PROD000160,17,21,Northeast
2026-03-03,PROD000224,138,39,Midwest
2026-03-04,PROD000213,134,19,Midwest
2026-03-04,PROD000178,11,16,Southeast
2026-03-04,PROD000195,117,24,Southeast
2026-03-04,PROD000249,153,39,Northeast
2026-03-04,PROD000006,81,53,West
2026-03-04,PROD000235,236,28,West
2026-03-04,PROD000037,41,44,Midwest
2026-03-04,PROD000212,189,51,Northeast
2026-03-04,PROD000240,37,51,Southeast
2026-03-04,PROD000123,29,46,Northeast
2026-03-04,PROD000150,26,69,Northeast
2026-03-04,PROD000180,96,44,Southeast
2026-03-04,PROD000141,120,51,Midwest
2026-03-04,PROD000176,89,33,West
2026-03-04,PROD000224,166,28,Northeast
2026-03-04,PROD000187,176,40,Southeast
2026-03-04,PROD000165,211,40,West
2026-03-04,PROD000013,35,67,West
2026-03-04,PROD000221,11,15,Midwest
2026-03-04,PROD000209,149,23,Midwest
2026-03-04,PROD000111,59,26,Southeast
2026-03-04,PROD000130,26,25,West
2026-03-04,PROD000049,12,35,West
2026-03-04,PROD000222,54,16,Midwest
2026-03-04,PROD000247,93,34,Southeast
2026-03-04,PROD000093,209,43,Midwest
2026-03-04,PROD000081,112,19,Northeast
2026-03-04,PROD000162,147,16,Midwest
2026-03-04,PROD000142,70,62,Midwest
2026-03-04,PROD000153,95,55,Northeast
2026-03-04,PROD000108,60,67,Midwest
2026-03-04,PROD000064,201,21,Southeast
2026-03-04,PROD000190,50,35,Southeast
2026-03-04,PROD000055,216,40,West
2026-03-04,PROD000074,192,61,Midwest
2026-03-04,PROD000181,200,20,Northeast
2026-03-04,PROD000021,176,16,Midwest
2026-03-04,PROD000042,129,46,Southeast
2026-03-04,PROD000207,187,28,Southeast
2026-03-04,PROD000246,30,38,West
2026-03-04,PROD000214,130,23,Midwest
2026-03-04,PROD000040,188,18,Northeast
2026-03-04,PROD000223,194,69,Midwest
2026-03-04,PROD000027,45,16,Midwest
2026-03-04,PROD000099,24,69,West
2026-03-04,PROD000054,170,15,Southeast
2026-03-04,PROD000206,113,18,Northeast
2026-03-04,PROD000044,181,25,Northeast
2026-03-04,PROD000005,35,36,Southeast
2026-03-04,PROD000161,208,22,West
2026-03-04,PROD000028,47,67,West
2026-03-04,PROD000245,41,51,Northeast
2026-03-04,PROD000067,157,69,West
2026-03-04,PROD000167,164,60,Midwest
2026-03-04,PROD000077,72,66,Northeast
2026-03-04,PROD000227,193,26,Southeast
2026-03-04,PROD000210,94,44,Northeast
2026-03-04,PROD000088,156,23,Midwest
2026-03-04,PROD000016,75,53,West
2026-03-04,PROD000243,24,59,Northeast
2026-03-04,PROD000051,5,60,Northeast
2026-03-04,PROD000158,228,38,Northeast
2026-03-04,PROD000090,116,44,Midwest
2026-03-04,PROD000234,11,52,Midwest
2026-03-04,PROD000008,96,27,Southeast
2026-03-04,PROD000171,169,28,West
2026-03-04,PROD000244,56,23,Northeast
2026-03-04,PROD000117,188,64,Northeast
2026-03-04,PROD000229,91,29,Midwest
2026-03-04,PROD000115,171,51,Midwest
2026-03-04,PROD000001,59,56,Northeast
2026-03-04,PROD000012,196,68,Southeast
2026-03-04,PROD000172,31,38,Northeast
2026-03-04,PROD000114,182,53,Southeast
2026-03-04,PROD000145,36,41,Midwest
2026-03-04,PROD000046,166,55,West
2026-03-04,PROD000086,6,59,Southeast
2026-03-04,PROD000066,1,54,Northeast
2026-03-04,PROD000218,218,63,Midwest
2026-03-04,PROD000095,68,19,Southeast
2026-03-04,PROD000157,22,62,West
2026-03-04,PROD000011,70,34,Midwest
2026-03-04,PROD000107,8,33,West
2026-03-04,PROD000197,92,20,West
2026-03-04,PROD000105,231,23,Southeast
2026-03-04,PROD000036,149,37,Southeast
2026-03-04,PROD000072,46,45,Southeast
2026-03-04,PROD000061,149,28,Northeast
2026-03-04,PROD000205,13,15,West
2026-03-04,PROD000034,132,54,Northeast
2026-03-04,PROD000002,233,39,West
2026-03-04,PROD000179,199,63,West
2026-03-04,PROD000201,113,49,West
2026-03-04,PROD000173,145,30,West
2026-03-04,PROD000101,107,46,Northeast
2026-03-04,PROD000038,211,26,Midwest
2026-03-04,PROD000071,83,54,Northeast
2026-03-04,PROD000192,59,39,Midwest
2026-03-04,PROD000062,71,48,Southeast
2026-03-04,PROD000032,25,18,West
2026-03-04,PROD000125,31,26,Southeast
2026-03-04,PROD000137,165,20,Midwest
2026-03-04,PROD000232,79,57,Northeast
2026-03-04,PROD000053,207,57,Southeast
2026-03-04,PROD000149,163,42,Midwest
2026-03-04,PROD000168,79,60,West
2026-03-04,PROD000148,58,19,Midwest
2026-03-04,PROD000198,155,60,Northeast
2026-03-04,PROD000228,41,37,West
2026-03-04,PROD000031,162,65,Southeast
2026-03-04,PROD000100,20,59,Northeast
2026-03-04,PROD000242,233,31,Southeast
2026-03-04,PROD000139,137,30,West
2026-03-04,PROD000204,150,56,West
2026-03-04,PROD000127,157,19,Midwest
2026-03-04,PROD000226,38,61,Midwest
2026-03-04,PROD000023,97,27,West
2026-03-04,PROD000152,54,22,West
2026-03-04,PROD000091,223,61,West
2026-03-04,PROD000069,108,57,Midwest
2026-03-05,PROD000185,221,51,West
2026-03-05,PROD000082,141,69,West
2026-03-05,PROD000222,231,35,Midwest
2026-03-05,PROD000064,154,40,West
2026-03-05,PROD000239,34,25,Midwest
2026-03-05,PROD000187,172,58,Northeast
2026-03-05,PROD000104,170,46,Southeast
2026-03-05,PROD000067,65,26,Northeast
2026-03-05,PROD000112,213,16,Midwest
2026-03-05,PROD000006,150,64,West
2026-03-05,PROD000052,61,53,West
2026-03-05,PROD000241,123,31,West
2026-03-05,PROD000089,228,39,Northeast
2026-03-05,PROD000079,83,47,Northeast
2026-03-05,PROD000057,180,48,Southeast
2026-03-05,PROD000228,223,50,Midwest
2026-03-05,PROD000092,92,43,Midwest
2026-03-05,PROD000019,184,33,West
2026-03-05,PROD000012,84,55,Southeast
2026-03-05,PROD000209,236,25,Southeast
2026-03-05,PROD000032,158,64,West
2026-03-05,PROD000086,54,42,Northeast
2026-03-05,PROD000074,111,40,Southeast
2026-03-05,PROD000141,128,42,Midwest
2026-03-05,PROD000240,49,50,Midwest
2026-03-05,PROD000003,129,66,Midwest
2026-03-05,PROD000088,132,20,West
2026-03-05,PROD000140,116,53,Southeast
2026-03-05,PROD000146,37,17,West
2026-03-05,PROD000237,103,46,Midwest
2026-03-05,PROD000207,155,47,Northeast
2026-03-05,PROD000160,127,18,Southeast
2026-03-05,PROD000231,125,45,Southeast
2026-03-05,PROD000236,227,38,Southeast
2026-03-05,PROD000098,150,49,Northeast
2026-03-05,PROD000171,186,62,Southeast
2026-03-05,PROD000115,162,26,West
2026-03-05,PROD000220,113,15,Southeast
2026-03-05,PROD000224,32,68,Southeast
2026-03-05,PROD000105,234,58,West
2026-03-05,PROD000189,73,20,Southeast
2026-03-05,PROD000047,165,37,Northeast
2026-03-05,PROD000127,58,37,Northeast
2026-03-05,PROD000186,157,32,Northeast
2026-03-05,PROD000029,175,48,Northeast
2026-03-05,PROD000227,205,22,Southeast
2026-03-05,PROD000149,208,57,Southeast
2026-03-05,PROD000110,71,32,Northeast
2026-03-05,PROD000188,47,57,Northeast
2026-03-05,PROD000158,158,43,Midwest
2026-03-05,PROD000132,203,48,West
2026-03-05,PROD000243,8,24,Southeast
2026-03-05,PROD000043,39,41,Northeast
2026-03-05,PROD000090,215,60,Midwest
2026-03-05,PROD000100,37,24,West
2026-03-05,PROD000199,230,25,Northeast
2026-03-05,PROD000059,205,51,West
2026-03-05,PROD000024,57,51,West
2026-03-05,PROD000126,179,23,Midwest
2026-03-05,PROD000166,67,38,West
2026-03-05,PROD000042,46,26,Midwest
2026-03-05,PROD000106,20,57,Southeast
2026-03-05,PROD000201,183,44,Midwest
2026-03-05,PROD000170,234,53,West
2026-03-05,PROD000221,231,55,West
2026-03-05,PROD000159,82,33,Southeast
2026-03-05,PROD000135,39,61,West
2026-03-05,PROD000157,118,61,Northeast
2026-03-05,PROD000049,216,25,Midwest
2026-03-05,PROD000219,132,33,Southeast
2026-03-05,PROD000121,142,55,Southeast
2026-03-05,PROD000099,222,60,Northeast
2026-03-05,PROD000095,209,46,Northeast
2026-03-05,PROD000229,166,21,Midwest
2026-03-05,PROD000027,70,60,Southeast
2026-03-05,PROD000087,119,59,Northeast
2026-03-05,PROD000050,101,48,Southeast
2026-03-05,PROD000062,61,64,Midwest
2026-03-05,PROD000248,35,34,West
2026-03-05,PROD000078,12,64,Midwest
2026-03-05,PROD000176,116,24,Midwest
2026-03-05,PROD000174,88,24,Southeast
2026-03-05,PROD000083,36,62,Southeast
2026-03-05,PROD000200,48,67,Northeast
2026-03-05,PROD000114,68,55,Northeast
2026-03-05,PROD000091,207,60,Southeast
2026-03-05,PROD000169,23,66,Midwest
2026-03-05,PROD000172,26,51,Southeast
2026-03-05,PROD000085,163,68,Southeast
2026-03-05,PROD000152,232,21,Southeast
2026-03-05,PROD000206,84,62,Southeast
2026-03-05,PROD000018,93,35,Southeast
2026-03-05,PROD000122,48,41,Southeast
2026-03-05,PROD000048,237,68,Southeast
2026-03-05,PROD000007,36,65,Southeast
2026-03-05,PROD000046,80,40,Southeast
2026-03-05,PROD000232,23,62,Northeast
2026-03-05,PROD000069,92,69,Northeast
2026-03-05,PROD000244,96,29,Midwest
2026-03-05,PROD000148,21,66,Midwest
2026-03-05,PROD000211,7,53,Southeast
2026-03-05,PROD000181,67,39,Midwest
2026-03-05,PROD000094,230,46,West
2026-03-05,PROD000178,229,21,Southeast
2026-03-05,PROD000063,70,68,Southeast
2026-03-05,PROD000108,232,66,Southeast
2026-03-05,PROD000249,70,38,West
2026-03-05,PROD000198,237,42,Northeast
2026-03-05,PROD000165,140,51,Midwest
2026-03-05,PROD000055,89,41,Southeast
2026-03-05,PROD000164,74,35,Southeast
2026-03-05,PROD000120,15,40,Midwest
2026-03-05,PROD000123,187,15,West
2026-03-05,PROD000058,140,57,Northeast
2026-03-05,PROD000014,11,22,West
2026-03-05,PROD000010,111,19,West
2026-03-05,PROD000131,220,29,West
2026-03-05,PROD000026,218,68,Northeast
2026-03-05,PROD000101,54,53,Southeast
2026-03-05,PROD000056,24,64,Northeast
2026-03-06,PROD000076,211,60,Midwest
2026-03-06,PROD000088,0,69,West
2026-03-06,PROD000044,38,57,Northeast
2026-03-06,PROD000242,58,53,Southeast
2026-03-06,PROD000045,133,57,Midwest
2026-03-06,PROD000110,64,20,Southeast
2026-03-06,PROD000229,76,66,Midwest
2026-03-06,PROD000062,150,61,Southeast
2026-03-06,PROD000182,26,67,Northeast
2026-03-06,PROD000134,219,27,Midwest
2026-03-06,PROD000133,180,50,Southeast
2026-03-06,PROD000073,67,49,Northeast
2026-03-06,PROD000157,47,47,West
2026-03-06,PROD000107,215,36,West
2026-03-06,PROD000126,170,31,Northeast
2026-03-06,PROD000019,143,33,Northeast
2026-03-06,PROD000020,118,36,Midwest
2026-03-06,PROD000216,26,58,West
2026-03-06,PROD000085,21,68,Northeast
2026-03-06,PROD000029,32,41,West
2026-03-06,PROD000103,62,41,Northeast
2026-03-06,PROD000075,235,35,Northeast
2026-03-06,PROD000204,16,28,West
2026-03-06,PROD000072,111,38,Midwest
2026-03-06,PROD000004,16,68,Southeast
2026-03-06,PROD000249,182,29,Northeast
2026-03-06,PROD000203,124,58,West
2026-03-06,PROD000230,21,15,West
2026-03-06,PROD000030,207,16,West
2026-03-06,PROD000095,109,50,Northeast
2026-03-06,PROD000240,93,38,Northeast
2026-03-06,PROD000007,184,35,Southeast
2026-03-06,PROD000038,83,66,Midwest
2026-03-06,PROD000181,63,29,West
2026-03-06,PROD000100,61,35,Midwest
2026-03-06,PROD000158,67,53,Midwest
2026-03-06,PROD000190,44,18,West
2026-03-06,PROD000119,83,26,Southeast
2026-03-06,PROD000141,146,20,Southeast
2026-03-06,PROD000066,32,33,Southeast
2026-03-06,PROD000129,60,64,Southeast
2026-03-06,PROD000070,223,43,Northeast
2026-03-06,PROD000146,93,49,Northeast
2026-03-06,PROD000246,198,51,Southeast
2026-03-06,PROD000017,156,68,Midwest
2026-03-06,PROD000108,231,29,Northeast
2026-03-06,PROD000207,6,68,Midwest
2026-03-06,PROD000033,127,33,West
2026-03-06,PROD000002,238,62,Northeast
2026-03-06,PROD000051,53,23,Northeast
2026-03-06,PROD000060,23,39,Southeast
2026-03-06,PROD000084,4,44,Southeast
2026-03-06,PROD000227,238,39,West
2026-03-06,PROD000199,220,55,West
2026-03-06,PROD000058,202,39,Northeast
2026-03-06,PROD000043,165,49,Southeast
2026-03-06,PROD000196,154,47,Northeast
2026-03-06,PROD000014,226,18,Midwest
2026-03-06,PROD000059,6,64,Northeast
2026-03-06,PROD000041,126,63,Northeast
2026-03-06,PROD000123,28,35,Northeast
2026-03-06,PROD000081,151,58,West
2026-03-06,PROD000243,213,60,Northeast
2026-03-06,PROD000178,149,36,Southeast
2026-03-06,PROD000184,143,23,Northeast
2026-03-06,PROD000188,108,65,Midwest
2026-03-06,PROD000163,133,59,Northeast
2026-03-06,PROD000220,187,61,Northeast
2026-03-06,PROD000160,70,58,West
2026-03-06,PROD000173,62,67,Northeast
2026-03-06,PROD000009,239,42,West
2026-03-06,PROD000046,0,38,Southeast
2026-03-06,PROD000101,120,58,Midwest
2026-03-06,PROD000074,3,28,Northeast
2026-03-06,PROD000056,121,62,Southeast
2026-03-06,PROD000211,229,44,Northeast
2026-03-06,PROD000025,175,43,Southeast
2026-03-06,PROD000057,67,19,Northeast
2026-03-06,PROD000026,102,45,West
2026-03-06,PROD000154,190,29,Northeast
2026-03-06,PROD000099,14,53,West
2026-03-06,PROD000031,188,18,Midwest
2026-03-06,PROD000225,49,26,Midwest
2026-03-06,PROD000228,35,50,Southeast
2026-03-06,PROD000092,68,33,Southeast
2026-03-06,PROD000202,75,53,Southeast
2026-03-06,PROD000138,212,56,Midwest
2026-03-06,PROD000053,60,62,Southeast
2026-03-06,PROD000106,81,33,Midwest
2026-03-06,PROD000011,166,29,West
2026-03-06,PROD000035,41,45,Midwest
2026-03-06,PROD000097,22,60,Southeast
2026-03-06,PROD000206,28,43,Southeast
2026-03-06,PROD000174,102,52,West
2026-03-06,PROD000175,184,50,Northeast
2026-03-06,PROD000170,209,65,West
2026-03-06,PROD000176,227,51,Southeast
2026-03-06,PROD000042,211,33,Southeast
2026-03-06,PROD000010,34,44,Southeast
2026-03-06,PROD000012,168,45,Midwest
2026-03-06,PROD000005,92,59,Midwest
2026-03-06,PROD000167,23,46,Northeast
2026-03-06,PROD000169,155,63,Southeast
2026-03-06,PROD000105,86,55,Northeast
2026-03-06,PROD000120,138,48,Northeast
2026-03-06,PROD000200,74,61,Northeast
2026-03-06,PROD000148,76,30,Southeast
2026-03-06,PROD000195,20,43,Midwest
2026-03-06,PROD000091,181,27,Midwest
2026-03-06,PROD000016,107,67,Midwest
2026-03-06,PROD000152,94,32,Midwest
2026-03-06,PROD000040,149,31,Northeast
2026-03-06,PROD000144,213,50,Southeast
2026-03-06,PROD000022,206,40,West
2026-03-06,PROD000047,161,53,Midwest
2026-03-06,PROD000241,86,20,West
2026-03-06,PROD000136,150,45,Midwest
2026-03-06,PROD000036,59,54,Southeast
2026-03-06,PROD000179,140,35,Northeast
2026-03-06,PROD000205,51,69,Midwest
2026-03-07,PROD000119,102,51,West
2026-03-07,PROD000194,164,15,West
2026-03-07,PROD000183,195,61,West
2026-03-07,PROD000210,91,40,West
2026-03-07,PROD000218,185,44,Northeast
2026-03-07,PROD000149,111,51,Northeast
2026-03-07,PROD000191,196,64,West
2026-03-07,PROD000076,155,57,Midwest
2026-03-07,PROD000114,51,28,Northeast
2026-03-07,PROD000051,201,49,West
2026-03-07,PROD000092,16,19,Southeast
2026-03-07,PROD000093,27,34,Midwest
2026-03-07,PROD000056,20,60,West
2026-03-07,PROD000090,203,52,West
2026-03-07,PROD000094,238,60,West
2026-03-07,PROD000250,74,45,Southeast
2026-03-07,PROD000239,233,26,Midwest
2026-03-07,PROD000134,156,19,Midwest
2026-03-07,PROD000055,216,53,Midwest
2026-03-07,PROD000138,29,25,Midwest
2026-03-07,PROD000141,109,66,Southeast
2026-03-07,PROD000104,9,29,West
2026-03-07,PROD000128,216,53,Midwest
2026-03-07,PROD000150,91,57,Northeast
2026-03-07,PROD000230,198,59,West
2026-03-07,PROD000101,221,15,Midwest
2026-03-07,PROD000079,197,46,Southeast
2026-03-07,PROD000156,25,41,West
2026-03-07,PROD000029,202,35,Southeast
2026-03-07,PROD000062,150,46,Midwest
2026-03-07,PROD000199,155,64,West
2026-03-07,PROD000130,75,28,Northeast
2026-03-07,PROD000021,122,44,Midwest
2026-03-07,PROD000127,59,58,Southeast
2026-03-07,PROD000243,65,22,Southeast
2026-03-07,PROD000203,86,29,West
2026-03-07,PROD000197,119,39,West
2026-03-07,PROD000174,40,51,Northeast
2026-03-07,PROD000222,1,44,Southeast
2026-03-07,PROD000086,138,45,Midwest
2026-03-07,PROD000064,135,39,Midwest
2026-03-07,PROD000177,103,26,Southeast
2026-03-07,PROD000091,26,26,West
2026-03-07,PROD000027,200,30,Southeast
2026-03-07,PROD000039,63,50,West
2026-03-07,PROD000207,182,66,West
2026-03-07,PROD000046,121,22,Northeast
2026-03-07,PROD000169,223,20,Southeast
2026-03-07,PROD000248,22,32,Midwest
2026-03-07,PROD000170,171,57,Midwest
2026-03-07,PROD000196,173,41,West
2026-03-07,PROD000187,192,57,West
2026-03-07,PROD000225,79,52,Midwest
2026-03-07,PROD000072,35,36,West
2026-03-07,PROD000081,30,61,Northeast
2026-03-07,PROD000049,51,50,Midwest
2026-03-07,PROD000147,178,26,West
2026-03-07,PROD000162,123,38,West
2026-03-07,PROD000099,124,65,Southeast
2026-03-07,PROD000014,177,62,Southeast
2026-03-07,PROD000036,214,16,West
2026-03-07,PROD000085,46,36,Northeast
2026-03-07,PROD000132,102,15,Northeast
2026-03-07,PROD000053,131,38,Northeast
2026-03-07,PROD000173,81,34,Northeast
2026-03-07,PROD000227,148,63,Midwest
2026-03-07,PROD000007,148,45,Midwest
2026-03-07,PROD000087,116,41,Midwest
2026-03-07,PROD000120,120,35,Midwest
2026-03-07,PROD000038,56,20,Southeast
2026-03-07,PROD000233,199,68,Northeast
2026-03-07,PROD000115,17,22,Midwest
2026-03-07,PROD000160,209,25,Midwest
2026-03-07,PROD000232,99,61,Southeast
2026-03-07,PROD000217,232,51,West
2026-03-07,PROD000088,45,62,Midwest
2026-03-07,PROD000026,197,35,West
2026-03-07,PROD000146,22,43,West
2026-03-07,PROD000167,116,62,Northeast
2026-03-07,PROD000084,6,55,Northeast
2026-03-07,PROD000145,219,28,Northeast
2026-03-07,PROD000032,80,42,Northeast
2026-03-07,PROD000048,88,66,West
2026-03-07,PROD000221,49,34,Southeast
2026-03-07,PROD000144,141,43,Midwest
2026-03-07,PROD000129,194,18,Midwest
2026-03-07,PROD000140,180,37,West
2026-03-07,PROD000228,70,29,Northeast
2026-03-07,PROD000052,79,56,West
2026-03-07,PROD000242,43,52,Northeast
2026-03-07,PROD000189,104,15,Southeast
2026-03-07,PROD000237,7,47,West
2026-03-07,PROD000125,229,34,Southeast
2026-03-07,PROD000246,57,48,Midwest
2026-03-07,PROD000063,197,29,Midwest
2026-03-07,PROD000102,185,63,Midwest
2026-03-07,PROD000171,149,50,Southeast
2026-03-07,PROD000082,50,49,Southeast
2026-03-07,PROD000245,221,55,Southeast
2026-03-07,PROD000126,158,23,Midwest
2026-03-07,PROD000155,221,47,West
2026-03-07,PROD000176,92,68,Southeast
2026-03-07,PROD000161,50,27,Northeast
2026-03-07,PROD000122,117,45,Southeast
2026-03-07,PROD000241,50,22,Midwest
2026-03-07,PROD000071,113,56,Southeast
2026-03-07,PROD000001,141,45,Southeast
2026-03-07,PROD000100,185,49,West
2026-03-07,PROD000006,120,36,West
2026-03-07,PROD000235,123,24,Southeast
2026-03-07,PROD000240,204,69,Southeast
2026-03-07,PROD000110,147,59,Southeast
2026-03-07,PROD000095,46,25,Southeast
2026-03-07,PROD000060,7,66,Southeast
2026-03-07,PROD000022,166,39,Southeast
2026-03-07,PROD000166,18,52,Northeast
2026-03-07,PROD000164,88,56,Northeast
2026-03-07,PROD000003,46,38,Southeast
2026-03-07,PROD000004,117,23,Southeast
2026-03-07,PROD000070,202,52,Northeast
2026-03-08,PROD000168,180,60,West
2026-03-08,PROD000199,43,48,Southeast
2026-03-08,PROD000201,91,33,West
2026-03-08,PROD000206,167,31,Southeast
2026-03-08,PROD000053,67,42,West
2026-03-08,PROD000023,34,47,West
2026-03-08,PROD000089,60,35,Midwest
2026-03-08,PROD000043,183,46,Midwest
2026-03-08,PROD000094,34,62,West
2026-03-08,PROD000142,218,48,Northeast
2026-03-08,PROD000085,32,68,Southeast
2026-03-08,PROD000217,107,54,Southeast
2026-03-08,PROD000088,13,23,West
2026-03-08,PROD000175,100,46,Midwest
2026-03-08,PROD000031,64,21,West
2026-03-08,PROD000059,129,24,Midwest
2026-03-08,PROD000076,39,68,Southeast
2026-03-08,PROD000099,120,67,Northeast
2026-03-08,PROD000122,2,16,Southeast
2026-03-08,PROD000021,46,53,Midwest
2026-03-08,PROD000104,131,39,Southeast
2026-03-08,PROD000208,120,20,West
2026-03-08,PROD000042,47,27,West
2026-03-08,PROD000080,223,68,Southeast
2026-03-08,PROD000004,192,51,Midwest
2026-03-08,PROD000192,3,23,Southeast
2026-03-08,PROD000057,26,65,Southeast
2026-03-08,PROD000069,226,19,Southeast
2026-03-08,PROD000118,237,60,Northeast
2026-03-08,PROD000093,132,20,Southeast
2026-03-08,PROD000066,234,15,West
2026-03-08,PROD000058,41,68,Northeast
2026-03-08,PROD000044,20,23,Southeast
2026-03-08,PROD000055,225,16,Midwest
2026-03-08,PROD000115,90,35,Southeast
2026-03-08,PROD000174,91,29,Midwest
2026-03-08,PROD000153,213,51,Midwest
2026-03-08,PROD000202,109,45,Northeast
2026-03-08,PROD000154,175,22,Midwest
2026-03-08,PROD000060,215,61,Southeast
2026-03-08,PROD000065,226,16,Midwest
2026-03-08,PROD000126,103,25,Southeast
2026-03-08,PROD000200,37,42,Midwest
2026-03-08,PROD000063,161,58,West
2026-03-08,PROD000113,86,19,Midwest
2026-03-08,PROD000221,159,61,Northeast
2026-03-08,PROD000096,158,56,Southeast
2026-03-08,PROD000128,222,26,Midwest
2026-03-08,PROD000002,62,42,Midwest
2026-03-08,PROD000238,186,35,Midwest
2026-03-08,PROD000172,146,19,Southeast
2026-03-08,PROD000075,8,47,Northeast
2026-03-08,PROD000016,149,41,Southeast
2026-03-08,PROD000027,135,59,Northeast
2026-03-08,PROD000117,110,48,Midwest
2026-03-08,PROD000029,167,61,Northeast
2026-03-08,PROD000110,144,59,Northeast
2026-03-08,PROD000125,239,51,West
2026-03-08,PROD000022,95,29,Southeast
2026-03-08,PROD000073,90,51,West
2026-03-08,PROD000119,90,50,Midwest
2026-03-08,PROD000204,36,23,Southeast
2026-03-08,PROD000012,151,39,Northeast
2026-03-08,PROD000157,108,24,Southeast
2026-03-08,PROD000040,238,31,Northeast
2026-03-08,PROD000162,69,68,West
2026-03-08,PROD000147,123,20,Southeast
2026-03-08,PROD000101,235,37,West
2026-03-08,PROD000079,176,26,Northeast
2026-03-08,PROD000135,177,65,Northeast
2026-03-08,PROD000235,51,17,Northeast
2026-03-08,PROD000173,81,22,Southeast
2026-03-08,PROD000082,113,59,Southeast
2026-03-08,PROD000214,91,67,Northeast
2026-03-08,PROD000008,60,26,Midwest
2026-03-08,PROD000160,223,53,Midwest
2026-03-08,PROD000064,35,66,West
2026-03-08,PROD000163,185,65,West
2026-03-08,PROD000123,189,53,Northeast
2026-03-08,PROD000247,213,43,Northeast
2026-03-08,PROD000048,51,59,Northeast
2026-03-08,PROD000077,99,53,Southeast
2026-03-08,PROD000227,105,59,Midwest
2026-03-08,PROD000170,76,29,West
2026-03-08,PROD000078,17,38,West
2026-03-08,PROD000145,42,60,Northeast
2026-03-08,PROD000193,228,33,West
2026-03-08,PROD000020,181,66,West
2026-03-08,PROD000092,154,37,Southeast
2026-03-08,PROD000041,46,28,Midwest
2026-03-08,PROD000177,34,39,West
2026-03-08,PROD000037,41,22,Northeast
2026-03-08,PROD000234,95,56,Midwest
2026-03-08,PROD000184,109,29,Midwest
2026-03-08,PROD000215,76,57,West
2026-03-08,PROD000181,229,42,West
2026-03-08,PROD000084,21,68,Southeast
2026-03-08,PROD000212,136,46,West
2026-03-08,PROD000138,82,65,Northeast
2026-03-08,PROD000036,36,66,West
2026-03-08,PROD000207,203,25,Northeast
2026-03-08,PROD000047,79,48,West
2026-03-08,PROD000211,129,64,Northeast
2026-03-08,PROD000052,107,45,Midwest
2026-03-08,PROD000019,153,54,Midwest
2026-03-08,PROD000194,58,35,Midwest
2026-03-08,PROD000121,180,22,Northeast
2026-03-08,PROD000035,197,53,Southeast
2026-03-08,PROD000015,236,28,Northeast
2026-03-08,PROD000127,37,20,Southeast
2026-03-08,PROD000070,97,50,West
2026-03-08,PROD000081,30,20,Southeast
2026-03-08,PROD000038,107,43,Northeast
2026-03-08,PROD000014,148,31,Northeast
2026-03-08,PROD000049,163,31,Southeast
2026-03-08,PROD000216,81,58,Northeast
2026-03-08,PROD000011,192,35,Midwest
2026-03-08,PROD000240,126,39,Northeast
2026-03-08,PROD000090,211,20,West
2026-03-08,PROD000087,41,67,West
2026-03-09,PROD000250,51,30,Northeast
2026-03-09,PROD000051,173,30,West
2026-03-09,PROD000179,35,15,West
2026-03-09,PROD000043,162,69,Northeast
2026-03-09,PROD000025,94,59,West
2026-03-09,PROD000204,150,44,West
2026-03-09,PROD000039,59,68,Southeast
2026-03-09,PROD000182,132,65,Midwest
2026-03-09,PROD000189,109,51,Northeast
2026-03-09,PROD000243,22,39,Midwest
2026-03-09,PROD000011,239,35,Northeast
2026-03-09,PROD000231,227,56,Northeast
2026-03-09,PROD000215,140,64,Northeast
2026-03-09,PROD000055,130,18,West
2026-03-09,PROD000125,84,19,Southeast
2026-03-09,PROD000068,1,32,Northeast
2026-03-09,PROD000114,237,34,West
2026-03-09,PROD000014,207,50,West
2026-03-09,PROD000008,84,59,Southeast
2026-03-09,PROD000085,226,58,West
2026-03-09,PROD000230,51,45,Northeast
2026-03-09,PROD000177,224,67,West
2026-03-09,PROD000047,127,42,Midwest
2026-03-09,PROD000237,207,52,West
2026-03-09,PROD000042,173,59,Midwest
2026-03-09,PROD000148,237,53,West
2026-03-09,PROD000005,201,59,Southeast
2026-03-09,PROD000153,209,40,Northeast
2026-03-09,PROD000083,100,43,West
2026-03-09,PROD000244,106,38,Midwest
2026-03-09,PROD000130,69,40,Southeast
2026-03-09,PROD000145,236,23,Midwest
2026-03-09,PROD000191,73,39,Northeast
2026-03-09,PROD000137,92,45,Northeast
2026-03-09,PROD000062,212,50,West
2026-03-09,PROD000081,3,69,Northeast
2026-03-09,PROD000007,87,56,West
2026-03-09,PROD000045,148,63,Midwest
2026-03-09,PROD000222,5,59,Southeast
2026-03-09,PROD000104,204,29,West
2026-03-09,PROD000133,138,49,Southeast
2026-03-09,PROD000225,16,30,Northeast
2026-03-09,PROD000024,106,52,Northeast
2026-03-09,PROD000157,27,16,West
2026-03-09,PROD000110,82,39,Northeast
2026-03-09,PROD000135,179,20,Northeast
2026-03-09,PROD000040,106,15,Southeast
2026-03-09,PROD000208,29,16,Northeast
2026-03-09,PROD000246,164,40,Southeast
2026-03-09,PROD000088,141,57,Midwest
2026-03-09,PROD000082,133,39,Midwest
2026-03-09,PROD000033,114,49,Northeast
2026-03-09,PROD000052,44,57,Southeast
2026-03-09,PROD000172,45,57,Northeast
2026-03-09,PROD000187,146,35,Southeast
2026-03-09,PROD000224,15,21,Northeast
2026-03-09,PROD000197,139,30,West
2026-03-09,PROD000175,209,27,West
2026-03-09,PROD000095,214,60,Southeast
2026-03-09,PROD000131,85,50,Northeast
2026-03-09,PROD000073,216,59,Southeast
2026-03-09,PROD000161,7,38,Northeast
2026-03-09,PROD000118,207,42,Midwest
2026-03-09,PROD000242,151,27,Northeast
2026-03-09,PROD000166,142,66,Southeast
2026-03-09,PROD000113,76,68,Northeast
2026-03-09,PROD000041,7,17,West
2026-03-09,PROD000026,210,34,West
2026-03-09,PROD000002,64,18,Midwest
2026-03-09,PROD000154,197,43,Northeast
2026-03-09,PROD000038,141,64,Northeast
2026-03-09,PROD000117,190,23,Midwest
2026-03-09,PROD000217,41,66,Midwest
2026-03-09,PROD000075,96,50,Northeast
2026-03-09,PROD000028,174,64,West
2026-03-09,PROD000248,170,35,Southeast
2026-03-09,PROD000128,123,45,West
2026-03-09,PROD000057,132,38,Northeast
2026-03-09,PROD000009,144,65,West
2026-03-09,PROD000037,6,62,Midwest
2026-03-09,PROD000141,222,38,Southeast
2026-03-09,PROD000193,123,21,West
2026-03-09,PROD000132,189,43,Southeast
2026-03-09,PROD000094,129,48,Southeast
2026-03-09,PROD000216,199,35,Southeast
2026-03-09,PROD000163,32,58,Midwest
2026-03-09,PROD000093,83,22,Midwest
2026-03-09,PROD000091,19,41,Northeast
2026-03-09,PROD000122,169,35,Midwest
2026-03-09,PROD000194,14,57,Northeast
2026-03-09,PROD000173,232,29,West
2026-03-09,PROD000201,36,55,Southeast
2026-03-09,PROD000072,137,31,West
2026-03-09,PROD000046,68,32,Northeast
2026-03-09,PROD000017,14,16,Northeast
2026-03-09,PROD000167,59,17,Midwest
2026-03-09,PROD000188,178,49,Midwest
2026-03-09,PROD000004,128,54,Midwest
2026-03-09,PROD000240,150,17,Midwest
2026-03-09,PROD000111,224,16,Southeast
2026-03-09,PROD000069,178,58,Southeast
2026-03-09,PROD000031,61,16,Southeast
2026-03-09,PROD000139,104,67,West
2026-03-09,PROD000092,32,22,Midwest
2026-03-09,PROD000019,155,29,Southeast
2026-03-09,PROD000119,7,42,Southeast
2026-03-09,PROD000060,84,42,West
2026-03-09,PROD000016,140,26,Midwest
2026-03-09,PROD000006,198,61,Northeast
2026-03-09,PROD000206,100,56,West
2026-03-09,PROD000192,103,29,West
2026-03-09,PROD000221,196,64,Midwest
2026-03-09,PROD000205,87,25,Southeast
2026-03-09,PROD000226,50,26,Midwest
2026-03-09,PROD000010,203,55,Midwest
2026-03-09,PROD000102,118,41,Northeast
2026-03-09,PROD000138,65,25,West
2026-03-09,PROD000044,162,17,West
2026-03-09,PROD000076,24,41,Northeast
2026-03-09,PROD000185,138,51,Midwest
2026-03-10,PROD000143,150,42,Southeast
2026-03-10,PROD000211,3,28,Southeast
2026-03-10,PROD000196,138,25,Southeast
2026-03-10,PROD000057,238,38,Midwest
2026-03-10,PROD000115,111,52,Southeast
2026-03-10,PROD000227,121,44,Midwest
2026-03-10,PROD000144,68,54,Northeast
2026-03-10,PROD000160,151,22,Midwest
2026-03-10,PROD000116,22,36,Midwest
2026-03-10,PROD000035,17,56,Southeast
2026-03-10,PROD000247,145,34,Southeast
2026-03-10,PROD000048,229,69,Northeast
2026-03-10,PROD000185,154,22,Midwest
2026-03-10,PROD000032,237,53,Midwest
2026-03-10,PROD000113,177,54,Southeast
2026-03-10,PROD000222,137,44,Midwest
2026-03-10,PROD000191,104,21,Midwest
2026-03-10,PROD000088,150,62,Southeast
2026-03-10,PROD000056,112,48,West
2026-03-10,PROD000027,204,53,Midwest
2026-03-10,PROD000197,51,32,Midwest
2026-03-10,PROD000006,186,21,Midwest
2026-03-10,PROD000022,174,54,Southeast
2026-03-10,PROD000074,74,55,Southeast
2026-03-10,PROD000169,236,21,Southeast
2026-03-10,PROD000120,34,24,Midwest
2026-03-10,PROD000034,76,40,Southeast
2026-03-10,PROD000186,136,44,Southeast
2026-03-10,PROD000013,139,44,West
2026-03-10,PROD000193,67,63,Southeast
2026-03-10,PROD000017,19,63,West
2026-03-10,PROD000102,200,31,Midwest
2026-03-10,PROD000148,136,65,Northeast
2026-03-10,PROD000207,209,19,Southeast
2026-03-10,PROD000138,113,38,West
2026-03-10,PROD000147,39,48,West
2026-03-10,PROD000128,145,41,Midwest
2026-03-10,PROD000087,165,52,Midwest
2026-03-10,PROD000216,13,27,Southeast
2026-03-10,PROD000162,87,53,Midwest
2026-03-10,PROD000106,110,53,West
2026-03-10,PROD000218,24,31,Midwest
2026-03-10,PROD000153,44,63,Southeast
2026-03-10,PROD000151,233,18,Southeast
2026-03-10,PROD000009,52,57,Southeast
2026-03-10,PROD000063,151,16,Midwest
2026-03-10,PROD000181,186,53,Southeast
2026-03-10,PROD000177,158,21,Midwest
2026-03-10,PROD000198,211,46,Northeast
2026-03-10,PROD000190,34,55,Southeast
2026-03-10,PROD000206,83,52,Northeast
2026-03-10,PROD000226,162,41,Midwest
2026-03-10,PROD000071,193,31,Midwest
2026-03-10,PROD000011,57,18,West
2026-03-10,PROD000018,221,35,Southeast
2026-03-10,PROD000175,215,22,Southeast
2026-03-10,PROD000085,239,32,West
2026-03-10,PROD000052,92,27,Northeast
2026-03-10,PROD000025,173,22,Northeast
2026-03-10,PROD000182,20,42,Northeast
2026-03-10,PROD000161,184,41,Midwest
2026-03-10,PROD000237,199,46,Southeast
2026-03-10,PROD000166,32,20,West
2026-03-10,PROD000076,54,47,Northeast
2026-03-10,PROD000039,46,15,West
2026-03-10,PROD000119,171,21,West
2026-03-10,PROD000084,50,69,Southeast
2026-03-10,PROD000176,239,26,Southeast
2026-03-10,PROD000214,5,47,Midwest
2026-03-10,PROD000136,155,50,Southeast
2026-03-10,PROD000238,147,20,Midwest
2026-03-10,PROD000241,113,52,Midwest
2026-03-10,PROD000020,21,67,Midwest
2026-03-10,PROD000141,45,59,Midwest
2026-03-10,PROD000165,163,61,Northeast
2026-03-10,PROD000090,74,28,Midwest
2026-03-10,PROD000112,86,64,Southeast
2026-03-10,PROD000103,112,15,Northeast
2026-03-10,PROD000179,40,48,West
2026-03-10,PROD000135,65,58,Midwest
2026-03-10,PROD000024,69,24,West
2026-03-10,PROD000125,88,42,Northeast
2026-03-10,PROD000078,170,32,Midwest
2026-03-10,PROD000038,198,27,Midwest
2026-03-10,PROD000070,194,57,Midwest
2026-03-10,PROD000019,231,18,Southeast
2026-03-10,PROD000224,108,58,Midwest
2026-03-10,PROD000134,105,40,West
2026-03-10,PROD000117,42,59,Northeast
2026-03-10,PROD000064,210,59,West
2026-03-10,PROD000005,36,30,Southeast
2026-03-10,PROD000139,111,52,Southeast
2026-03-10,PROD000192,32,39,Northeast
2026-03-10,PROD000246,158,25,Midwest
2026-03-10,PROD000230,122,43,Northeast
2026-03-10,PROD000146,69,21,Southeast
2026-03-10,PROD000044,209,15,West
2026-03-10,PROD000194,84,50,Northeast
2026-03-10,PROD000002,172,23,Northeast
2026-03-10,PROD000012,176,33,Midwest
2026-03-10,PROD000127,38,30,Midwest
2026-03-10,PROD000089,205,29,Midwest
2026-03-10,PROD000114,168,32,Southeast
2026-03-10,PROD000083,70,45,West
2026-03-10,PROD000215,5,25,Northeast
2026-03-10,PROD000003,134,28,West
2026-03-10,PROD000133,7,47,Midwest
2026-03-10,PROD000168,40,59,Southeast
2026-03-10,PROD000021,190,33,Southeast
2026-03-10,PROD000004,8,22,Northeast
2026-03-10,PROD000105,105,50,West
2026-03-10,PROD000008,28,61,Northeast
2026-03-10,PROD000145,141,66,Northeast
2026-03-10,PROD000054,125,34,West
2026-03-10,PROD000072,45,44,West
2026-03-10,PROD000067,141,51,Midwest
2026-03-10,PROD000016,89,54,West
2026-03-10,PROD000167,151,16,Southeast
2026-03-10,PROD000108,60,46,Southeast
2026-03-10,PROD000093,71,50,West
2026-03-11,PROD000073,139,63,West
2026-03-11,PROD000182,176,37,Northeast
2026-03-11,PROD000082,234,58,West
2026-03-11,PROD000165,204,16,Southeast
2026-03-11,PROD000010,229,23,Midwest
2026-03-11,PROD000163,19,19,West
2026-03-11,PROD000059,94,45,Northeast
2026-03-11,PROD000146,6,61,Midwest
2026-03-11,PROD000095,131,64,Midwest
2026-03-11,PROD000122,139,49,West
2026-03-11,PROD000086,78,19,West
2026-03-11,PROD000020,168,43,Southeast
2026-03-11,PROD000050,15,22,West
2026-03-11,PROD000030,75,62,West
2026-03-11,PROD000189,110,66,Midwest
2026-03-11,PROD000216,166,46,Southeast
2026-03-11,PROD000164,11,23,Midwest
2026-03-11,PROD000023,201,21,Northeast
2026-03-11,PROD000140,101,67,Southeast
2026-03-11,PROD000201,80,28,West
2026-03-11,PROD000199,135,42,Southeast
2026-03-11,PROD000027,140,45,Midwest
2026-03-11,PROD000148,180,20,Northeast
2026-03-11,PROD000015,150,33,Southeast
2026-03-11,PROD000017,79,38,Southeast
2026-03-11,PROD000088,96,43,West
2026-03-11,PROD000044,205,60,Southeast
2026-03-11,PROD000075,95,49,Midwest
2026-03-11,PROD000045,120,60,Southeast
2026-03-11,PROD000096,60,38,Northeast
2026-03-11,PROD000218,16,26,Southeast
2026-03-11,PROD000173,50,48,Midwest
2026-03-11,PROD000021,101,22,West
2026-03-11,PROD000196,200,28,Midwest
2026-03-11,PROD000198,13,56,Midwest
2026-03-11,PROD000134,146,45,Midwest
2026-03-11,PROD000204,220,52,Southeast
2026-03-11,PROD000009,38,52,Southeast
2026-03-11,PROD000131,94,22,West
2026-03-11,PROD000018,115,46,Northeast
2026-03-11,PROD000178,117,17,West
2026-03-11,PROD000240,5,58,Southeast
2026-03-11,PROD000065,65,36,Southeast
2026-03-11,PROD000161,217,42,Southeast
2026-03-11,PROD000041,165,68,Midwest
2026-03-11,PROD000209,149,38,Midwest
2026-03-11,PROD000056,224,60,West
2026-03-11,PROD000097,126,60,Southeast
2026-03-11,PROD000066,7,35,Midwest
2026-03-11,PROD000141,48,35,Southeast
2026-03-11,PROD000202,161,49,Midwest
2026-03-11,PROD000121,38,47,Midwest
2026-03-11,PROD000147,131,46,West
2026-03-11,PROD000136,139,59,Northeast
2026-03-11,PROD000024,196,39,West
2026-03-11,PROD000091,229,48,Midwest
2026-03-11,PROD000227,90,31,West
2026-03-11,PROD000116,67,46,Northeast
2026-03-11,PROD000247,88,44,Midwest
2026-03-11,PROD000090,75,59,Northeast
2026-03-11,PROD000171,195,41,West
2026-03-11,PROD000219,173,69,West
2026-03-11,PROD000085,211,50,Midwest
2026-03-11,PROD000062,17,50,Southeast
2026-03-11,PROD000064,98,16,Northeast
2026-03-11,PROD000033,52,60,Southeast
2026-03-11,PROD000210,73,60,Southeast
2026-03-11,PROD000208,77,41,Southeast
2026-03-11,PROD000126,63,16,Southeast
2026-03-11,PROD000093,97,68,Midwest
2026-03-11,PROD000235,191,34,Midwest
2026-03-11,PROD000106,30,21,Midwest
2026-03-11,PROD000157,157,15,Southeast
2026-03-11,PROD000205,27,18,Northeast
2026-03-11,PROD000151,177,19,Northeast
2026-03-11,PROD000032,193,35,Midwest
2026-03-11,PROD000101,119,21,West
2026-03-11,PROD000179,166,27,Southeast
2026-03-11,PROD000049,235,28,Northeast
2026-03-11,PROD000076,170,54,Midwest
2026-03-11,PROD000029,202,44,Midwest
2026-03-11,PROD000184,138,47,Midwest
2026-03-11,PROD000242,190,51,West
2026-03-11,PROD000089,85,64,Southeast
2026-03-11,PROD000197,205,50,Northeast
2026-03-11,PROD000223,206,34,Northeast
2026-03-11,PROD000142,106,58,Northeast
2026-03-11,PROD000144,173,48,Midwest
2026-03-11,PROD000153,42,25,West
2026-03-11,PROD000031,143,22,Northeast
2026-03-11,PROD000115,26,60,West
2026-03-11,PROD000039,120,26,Northeast
2026-03-11,PROD000034,8,64,Northeast
2026-03-11,PROD000048,209,47,Northeast
2026-03-11,PROD000053,122,39,Midwest
2026-03-11,PROD000145,54,45,Midwest
2026-03-11,PROD000107,192,28,West
2026-03-11,PROD000234,205,33,Northeast
2026-03-11,PROD000167,93,19,West
2026-03-11,PROD000094,174,48,Northeast
2026-03-11,PROD000077,37,17,Southeast
2026-03-11,PROD000078,187,55,Midwest
2026-03-11,PROD000060,12,62,Southeast
2026-03-11,PROD000025,207,17,Southeast
2026-03-11,PROD000225,153,46,Northeast
2026-03-11,PROD000058,68,69,Northeast
2026-03-11,PROD000176,55,59,West
2026-03-11,PROD000112,236,66,Northeast
2026-03-11,PROD000001,115,40,Northeast
2026-03-11,PROD000125,65,43,Midwest
2026-03-11,PROD000104,62,55,West
2026-03-11,PROD000174,205,44,West
2026-03-11,PROD000169,225,56,Northeast
2026-03-11,PROD000067,115,28,Southeast
2026-03-11,PROD000228,74,58,Midwest
2026-03-11,PROD000003,187,41,Northeast
2026-03-11,PROD000183,58,23,Northeast
2026-03-11,PROD000160,174,35,West
2026-03-11,PROD000229,61,48,West
2026-03-11,PROD000054,175,23,Midwest
2026-03-12,PROD000027,48,35,Southeast
2026-03-12,PROD000160,148,38,West
2026-03-12,PROD000119,129,44,Midwest
2026-03-12,PROD000186,133,57,West
2026-03-12,PROD000083,20,20,Northeast
2026-03-12,PROD000158,151,57,Midwest
2026-03-12,PROD000068,149,41,West
2026-03-12,PROD000210,79,59,West
2026-03-12,PROD000166,105,17,Northeast
2026-03-12,PROD000173,198,66,West
2026-03-12,PROD000036,225,62,Northeast
2026-03-12,PROD000195,226,27,Southeast
2026-03-12,PROD000201,3,62,Northeast
2026-03-12,PROD000008,67,58,Northeast
2026-03-12,PROD000006,143,66,West
2026-03-12,PROD000208,33,18,Midwest
2026-03-12,PROD000079,56,35,Northeast
2026-03-12,PROD000108,31,37,West
2026-03-12,PROD000142,150,48,Southeast
2026-03-12,PROD000189,212,58,West
2026-03-12,PROD000206,231,57,West
2026-03-12,PROD000087,104,39,West
2026-03-12,PROD000048,60,22,Southeast
2026-03-12,PROD000248,40,69,Midwest
2026-03-12,PROD000227,77,36,West
2026-03-12,PROD000062,207,57,Southeast
2026-03-12,PROD000054,109,29,Northeast
2026-03-12,PROD000162,132,28,Northeast
2026-03-12,PROD000202,176,18,Midwest
2026-03-12,PROD000112,86,38,Southeast
2026-03-12,PROD000147,180,36,Southeast
2026-03-12,PROD000005,111,47,Northeast
2026-03-12,PROD000232,72,59,Northeast
2026-03-12,PROD000075,18,60,Southeast
2026-03-12,PROD000146,31,19,Southeast
2026-03-12,PROD000217,92,59,Midwest
2026-03-12,PROD000070,119,42,Midwest
2026-03-12,PROD000110,230,33,Northeast
2026-03-12,PROD000245,191,24,Southeast
2026-03-12,PROD000107,41,60,West
2026-03-12,PROD000058,197,37,West
2026-03-12,PROD000096,99,20,Southeast
2026-03-12,PROD000246,62,45,Southeast
2026-03-12,PROD000196,97,31,Midwest
2026-03-12,PROD000003,102,63,Northeast
2026-03-12,PROD000233,50,45,Midwest
2026-03-12,PROD000020,144,54,Midwest
2026-03-12,PROD000178,208,49,Southeast
2026-03-12,PROD000015,162,48,Southeast
2026-03-12,PROD000152,126,46,West
2026-03-12,PROD000170,144,53,West
2026-03-12,PROD000211,228,65,Midwest
2026-03-12,PROD000131,50,16,Southeast
2026-03-12,PROD000105,85,41,West
2026-03-12,PROD000156,170,48,Southeast
2026-03-12,PROD000017,67,54,West
2026-03-12,PROD000224,173,17,West
2026-03-12,PROD000235,2,59,Northeast
2026-03-12,PROD000185,207,15,Southeast
2026-03-12,PROD000023,5,48,West
2026-03-12,PROD000183,203,57,Southeast
2026-03-12,PROD000177,150,36,Midwest
2026-03-12,PROD000132,88,27,Northeast
2026-03-12,PROD000059,66,43,Northeast
2026-03-12,PROD000249,107,45,Midwest
2026-03-12,PROD000047,136,58,West
2026-03-12,PROD000114,66,35,Northeast
2026-03-12,PROD000237,238,58,Southeast
2026-03-12,PROD000193,56,58,Midwest
2026-03-12,PROD000140,216,65,Southeast
2026-03-12,PROD000072,28,26,Northeast
2026-03-12,PROD000124,129,63,Northeast
2026-03-12,PROD000244,237,52,Southeast
2026-03-12,PROD000135,67,63,Midwest
2026-03-12,PROD000137,57,32,Midwest
2026-03-12,PROD000037,91,21,Northeast
2026-03-12,PROD000145,55,48,West
2026-03-12,PROD000197,228,66,Southeast
2026-03-12,PROD000184,31,53,West
2026-03-12,PROD000009,119,46,Midwest
2026-03-12,PROD000085,223,30,West
2026-03-12,PROD000247,3,57,West
2026-03-12,PROD000081,51,67,West
2026-03-12,PROD000019,207,52,Northeast
2026-03-12,PROD000064,160,66,Northeast
2026-03-12,PROD000030,178,20,West
2026-03-12,PROD000109,74,64,Midwest
2026-03-12,PROD000061,70,26,West
2026-03-12,PROD000172,214,42,Northeast
2026-03-12,PROD000011,68,27,Southeast
2026-03-12,PROD000106,78,55,Northeast
2026-03-12,PROD000021,113,39,Southeast
2026-03-12,PROD000051,222,27,Southeast
2026-03-12,PROD000057,12,60,Southeast
2026-03-12,PROD000128,52,30,Midwest
2026-03-12,PROD000171,24,51,West
2026-03-12,PROD000209,138,65,Midwest
2026-03-12,PROD000038,52,69,Northeast
2026-03-12,PROD000180,10,66,Midwest
2026-03-12,PROD000082,7,51,Midwest
2026-03-12,PROD000034,164,39,Southeast
2026-03-12,PROD000125,7,22,Northeast
2026-03-12,PROD000115,44,34,Northeast
2026-03-12,PROD000159,98,34,Northeast
2026-03-12,PROD000205,71,45,West
2026-03-12,PROD000101,145,32,Northeast
2026-03-12,PROD000127,210,25,West
2026-03-12,PROD000194,111,24,Midwest
2026-03-12,PROD000041,66,17,Southeast
2026-03-12,PROD000169,63,50,Southeast
2026-03-12,PROD000078,141,28,Midwest
2026-03-12,PROD000230,127,56,Southeast
2026-03-12,PROD000053,73,16,Southeast
2026-03-12,PROD000069,4,32,Southeast
2026-03-12,PROD000022,148,65,Midwest
2026-03-12,PROD000074,91,51,Northeast
2026-03-12,PROD000154,223,52,West
2026-03-12,PROD000089,33,46,Southeast
2026-03-12,PROD000065,233,25,Southeast
2026-03-12,PROD000149,153,49,Northeast
2026-03-13,PROD000237,42,21,Northeast
2026-03-13,PROD000203,56,26,West
2026-03-13,PROD000009,35,46,Northeast
2026-03-13,PROD000131,20,56,Southeast
2026-03-13,PROD000211,226,43,West
2026-03-13,PROD000207,79,62,Midwest
2026-03-13,PROD000054,85,21,Northeast
2026-03-13,PROD000002,151,59,West
2026-03-13,PROD000076,57,50,West
2026-03-13,PROD000145,114,37,Midwest
2026-03-13,PROD000162,169,66,Midwest
2026-03-13,PROD000056,38,43,Midwest
2026-03-13,PROD000112,87,54,West
2026-03-13,PROD000183,104,27,Northeast
2026-03-13,PROD000077,112,19,Southeast
2026-03-13,PROD000003,237,28,West
2026-03-13,PROD000220,180,15,Midwest
2026-03-13,PROD000102,45,21,Southeast
2026-03-13,PROD000198,217,53,Midwest
2026-03-13,PROD000119,227,61,Northeast
2026-03-13,PROD000164,152,24,Midwest
2026-03-13,PROD000127,60,18,Midwest
2026-03-13,PROD000169,150,26,Southeast
2026-03-13,PROD000036,95,49,Midwest
2026-03-13,PROD000178,51,61,Southeast
2026-03-13,PROD000038,157,21,West
2026-03-13,PROD000105,88,62,Northeast
2026-03-13,PROD000008,28,34,West
2026-03-13,PROD000011,77,41,Northeast
2026-03-13,PROD000082,214,51,Southeast
2026-03-13,PROD000018,186,57,Northeast
2026-03-13,PROD000192,179,48,Midwest
2026-03-13,PROD000204,102,67,Southeast
2026-03-13,PROD000031,210,20,Northeast
2026-03-13,PROD000245,221,34,West
2026-03-13,PROD000167,47,46,Midwest
2026-03-13,PROD000058,207,33,Northeast
2026-03-13,PROD000049,152,30,Midwest
2026-03-13,PROD000142,83,69,Southeast
2026-03-13,PROD000189,26,59,West
2026-03-13,PROD000205,105,27,Northeast
2026-03-13,PROD000148,81,55,Northeast
2026-03-13,PROD000166,43,48,Midwest
2026-03-13,PROD000168,124,16,Midwest
2026-03-13,PROD000048,136,22,Southeast
2026-03-13,PROD000141,111,44,West
2026-03-13,PROD000163,94,36,Midwest
2026-03-13,PROD000047,65,23,West
2026-03-13,PROD000060,203,24,Northeast
2026-03-13,PROD000239,212,48,Southeast
2026-03-13,PROD000234,143,19,Southeast
2026-03-13,PROD000221,187,68,Northeast
2026-03-13,PROD000064,111,53,Northeast
2026-03-13,PROD000062,55,67,Midwest
2026-03-13,PROD000100,213,66,West
2026-03-13,PROD000023,179,62,Southeast
2026-03-13,PROD000199,41,35,Northeast
2026-03-13,PROD000010,155,29,West
2026-03-13,PROD000229,21,29,Northeast
2026-03-13,PROD000078,121,37,Southeast
2026-03-13,PROD000185,37,31,Northeast
2026-03-13,PROD000052,101,58,Southeast
2026-03-13,PROD000029,97,49,Northeast
2026-03-13,PROD000025,160,22,Northeast
2026-03-13,PROD000020,196,41,Northeast
2026-03-13,PROD000179,49,30,Southeast
2026-03-13,PROD000109,129,33,West
2026-03-13,PROD000041,47,19,Southeast
2026-03-13,PROD000053,223,55,Southeast
2026-03-13,PROD000217,165,63,Midwest
2026-03-13,PROD000042,182,33,Southeast
2026-03-13,PROD000007,72,35,Northeast
2026-03-13,PROD000108,182,16,West
2026-03-13,PROD000061,172,26,Midwest
2026-03-13,PROD000033,93,58,Southeast
2026-03-13,PROD000117,224,51,West
2026-03-13,PROD000226,227,59,Southeast
2026-03-13,PROD000155,47,15,Southeast
2026-03-13,PROD000012,54,58,Southeast
2026-03-13,PROD000151,34,19,Northeast
2026-03-13,PROD000138,60,54,Southeast
2026-03-13,PROD000024,182,31,Northeast
2026-03-13,PROD000194,34,62,Midwest
2026-03-13,PROD000125,225,37,West
2026-03-13,PROD000249,57,34,Northeast
2026-03-13,PROD000152,117,28,Southeast
2026-03-13,PROD000233,49,62,West
2026-03-13,PROD000140,103,41,Midwest
2026-03-13,PROD000063,209,38,West
2026-03-13,PROD000165,1,52,Midwest
2026-03-13,PROD000235,172,41,West
2026-03-13,PROD000114,192,16,West
2026-03-13,PROD000172,159,17,Southeast
2026-03-13,PROD000134,42,50,Midwest
2026-03-13,PROD000073,181,29,West
2026-03-13,PROD000196,33,61,Southeast
2026-03-13,PROD000160,203,29,Midwest
2026-03-13,PROD000170,135,39,West
2026-03-13,PROD000057,202,26,Northeast
2026-03-13,PROD000111,162,65,West
2026-03-13,PROD000159,235,49,Midwest
2026-03-13,PROD000095,225,54,Midwest
2026-03-13,PROD000098,239,29,Midwest
2026-03-13,PROD000195,201,21,West
2026-03-13,PROD000088,218,16,Southeast
2026-03-13,PROD000218,6,61,Southeast
2026-03-13,PROD000028,117,41,Midwest
2026-03-13,PROD000126,214,52,West
2026-03-13,PROD000091,212,42,Northeast
2026-03-13,PROD000075,56,39,Midwest
2026-03-13,PROD000216,190,24,Southeast
2026-03-13,PROD000219,209,45,Southeast
2026-03-13,PROD000121,92,24,Midwest
2026-03-13,PROD000212,49,57,Midwest
2026-03-13,PROD000104,171,20,Southeast
2026-03-13,PROD000215,11,18,Southeast
2026-03-13,PROD000232,118,33,Northeast
2026-03-13,PROD000157,49,34,Northeast
2026-03-13,PROD000238,148,23,Southeast
2026-03-13,PROD000059,171,54,Southeast
2026-03-14,PROD000028,4,52,Midwest
2026-03-14,PROD000169,11,37,Midwest
2026-03-14,PROD000178,49,57,Southeast
2026-03-14,PROD000165,3,67,Northeast
2026-03-14,PROD000195,76,34,Northeast
2026-03-14,PROD000042,162,66,West
2026-03-14,PROD000129,146,29,Northeast
2026-03-14,PROD000053,105,43,Midwest
2026-03-14,PROD000224,108,31,Southeast
2026-03-14,PROD000010,65,34,Northeast
2026-03-14,PROD000104,0,36,Midwest
2026-03-14,PROD000153,16,60,Southeast
2026-03-14,PROD000162,161,31,Southeast
2026-03-14,PROD000041,0,36,Southeast
2026-03-14,PROD000158,111,17,West
2026-03-14,PROD000078,76,22,Midwest
2026-03-14,PROD000113,194,33,West
2026-03-14,PROD000212,203,61,West
2026-03-14,PROD000084,31,31,Midwest
2026-03-14,PROD000110,50,18,Northeast
2026-03-14,PROD000240,169,32,Midwest
2026-03-14,PROD000217,26,62,West
2026-03-14,PROD000091,183,47,Northeast
2026-03-14,PROD000021,229,16,Midwest
2026-03-14,PROD000071,116,47,Northeast
2026-03-14,PROD000250,58,50,Southeast
2026-03-14,PROD000239,52,41,Midwest
2026-03-14,PROD000173,156,43,Southeast
2026-03-14,PROD000170,225,59,West
2026-03-14,PROD000180,223,15,Northeast
2026-03-14,PROD000241,36,58,Midwest
2026-03-14,PROD000066,175,28,Southeast
2026-03-14,PROD000036,63,41,Midwest
2026-03-14,PROD000011,90,50,Midwest
2026-03-14,PROD000024,26,19,West
2026-03-14,PROD000216,100,52,Southeast
2026-03-14,PROD000135,169,60,Midwest
2026-03-14,PROD000225,156,41,Southeast
2026-03-14,PROD000143,231,18,Northeast
2026-03-14,PROD000201,140,27,West
2026-03-14,PROD000105,95,59,Midwest
2026-03-14,PROD000076,219,68,Northeast
2026-03-14,PROD000196,1,27,Midwest
2026-03-14,PROD000120,201,16,Northeast
2026-03-14,PROD000054,22,67,West
2026-03-14,PROD000040,87,45,Northeast
2026-03-14,PROD000228,90,34,Northeast
2026-03-14,PROD000176,44,32,Southeast
2026-03-14,PROD000166,70,57,West
2026-03-14,PROD000227,113,53,West
2026-03-14,PROD000025,128,68,Northeast
2026-03-14,PROD000247,227,34,Northeast
2026-03-14,PROD000187,58,66,West
2026-03-14,PROD000119,207,46,Northeast
2026-03-14,PROD000108,55,45,Southeast
2026-03-14,PROD000080,22,19,Northeast
2026-03-14,PROD000242,33,46,Midwest
2026-03-14,PROD000144,226,32,Northeast
2026-03-14,PROD000206,208,26,West
2026-03-14,PROD000121,129,50,Northeast
2026-03-14,PROD000189,208,65,Midwest
2026-03-14,PROD000050,80,41,Southeast
2026-03-14,PROD000246,176,56,West
2026-03-14,PROD000017,133,49,Southeast
2026-03-14,PROD000064,144,45,Midwest
2026-03-14,PROD000194,71,34,Northeast
2026-03-14,PROD000204,35,34,Midwest
2026-03-14,PROD000085,228,17,West
2026-03-14,PROD000214,84,61,Northeast
2026-03-14,PROD000202,82,42,Midwest
2026-03-14,PROD000019,91,64,Southeast
2026-03-14,PROD000130,45,61,Southeast
2026-03-14,PROD000226,1,17,Midwest
2026-03-14,PROD000087,4,67,Northeast
2026-03-14,PROD000082,234,37,Southeast
2026-03-14,PROD000029,28,58,Midwest
2026-03-14,PROD000146,206,40,Southeast
2026-03-14,PROD000075,31,64,Midwest
2026-03-14,PROD000039,137,60,West
2026-03-14,PROD000193,191,15,Northeast
2026-03-14,PROD000249,127,46,Midwest
2026-03-14,PROD000023,214,44,Northeast
2026-03-14,PROD000200,115,21,Midwest
2026-03-14,PROD000086,235,37,Midwest
2026-03-14,PROD000232,10,67,Midwest
2026-03-14,PROD000096,101,40,Northeast
2026-03-14,PROD000059,236,37,West
2026-03-14,PROD000151,204,50,Midwest
2026-03-14,PROD000185,45,45,Northeast
2026-03-14,PROD000004,65,66,Midwest
2026-03-14,PROD000018,202,44,Southeast
2026-03-14,PROD000157,16,21,West
2026-03-14,PROD000183,215,56,Northeast
2026-03-14,PROD000045,75,51,Southeast
2026-03-14,PROD000233,169,62,Northeast
2026-03-14,PROD000126,150,39,Northeast
2026-03-14,PROD000141,70,54,Midwest
2026-03-14,PROD000159,92,22,Southeast
2026-03-14,PROD000128,222,32,Midwest
2026-03-14,PROD000229,20,39,Midwest
2026-03-14,PROD000184,115,20,Northeast
2026-03-14,PROD000026,174,52,Southeast
2026-03-14,PROD000215,184,46,Southeast
2026-03-14,PROD000092,122,61,Northeast
2026-03-14,PROD000235,31,44,Northeast
2026-03-14,PROD000138,165,31,Midwest
2026-03-14,PROD000014,189,24,Northeast
2026-03-14,PROD000168,195,68,Midwest
2026-03-14,PROD000188,198,56,Southeast
2026-03-14,PROD000207,71,15,Southeast
2026-03-14,PROD000223,193,64,Southeast
2026-03-14,PROD000088,104,39,West
2026-03-14,PROD000060,172,22,West
2026-03-14,PROD000248,131,16,West
2026-03-14,PROD000090,141,38,Midwest
2026-03-14,PROD000177,195,29,West
2026-03-14,PROD000203,217,43,Southeast
2026-03-14,PROD000237,90,59,Northeast
2026-03-14,PROD000051,88,33,West
2026-03-14,PROD000034,35,33,West
2026-03-15,PROD000238,27,52,Midwest
2026-03-15,PROD000067,46,22,Northeast
2026-03-15,PROD000032,156,66,Midwest
2026-03-15,PROD000172,93,69,Midwest
2026-03-15,PROD000016,207,33,West
2026-03-15,PROD000142,4,40,Southeast
2026-03-15,PROD000192,169,29,Southeast
2026-03-15,PROD000080,224,65,Midwest
2026-03-15,PROD000004,163,54,Northeast
2026-03-15,PROD000245,205,29,Northeast
2026-03-15,PROD000063,9,64,Northeast
2026-03-15,PROD000122,197,21,Northeast
2026-03-15,PROD000069,148,63,Midwest
2026-03-15,PROD000027,207,34,West
2026-03-15,PROD000191,152,68,Midwest
2026-03-15,PROD000020,181,61,Northeast
2026-03-15,PROD000196,78,22,Northeast
2026-03-15,PROD000085,71,69,West
2026-03-15,PROD000102,192,15,Midwest
2026-03-15,PROD000202,146,22,Southeast
2026-03-15,PROD000026,209,15,Northeast
2026-03-15,PROD000152,22,59,West
2026-03-15,PROD000186,174,35,Southeast
2026-03-15,PROD000195,135,48,West
2026-03-15,PROD000148,82,41,Southeast
2026-03-15,PROD000092,52,40,Midwest
2026-03-15,PROD000216,227,51,Southeast
2026-03-15,PROD000023,165,48,Southeast
2026-03-15,PROD000049,225,54,Midwest
2026-03-15,PROD000011,147,66,Midwest
2026-03-15,PROD000153,94,61,Midwest
2026-03-15,PROD000178,160,50,Southeast
2026-03-15,PROD000117,237,24,Midwest
2026-03-15,PROD000155,67,43,West
2026-03-15,PROD000237,198,48,West
2026-03-15,PROD000134,104,57,Midwest
2026-03-15,PROD000059,38,26,Midwest
2026-03-15,PROD000107,230,64,Midwest
2026-03-15,PROD000105,4,51,Northeast
2026-03-15,PROD000200,194,27,Northeast
2026-03-15,PROD000003,68,30,West
2026-03-15,PROD000115,47,66,Midwest
2026-03-15,PROD000145,62,53,Northeast
2026-03-15,PROD000138,180,37,Southeast
2026-03-15,PROD000151,144,67,Midwest
2026-03-15,PROD000147,83,55,Northeast
2026-03-15,PROD000042,138,17,Northeast
2026-03-15,PROD000047,97,26,Midwest
2026-03-15,PROD000077,59,46,West
2026-03-15,PROD000109,236,66,Midwest
2026-03-15,PROD000106,37,46,Southeast
2026-03-15,PROD000161,76,18,Midwest
2026-03-15,PROD000086,22,43,Northeast
2026-03-15,PROD000066,195,58,Northeast
2026-03-15,PROD000208,15,26,Southeast
2026-03-15,PROD000217,125,59,Midwest
2026-03-15,PROD000212,163,61,Northeast
2026-03-15,PROD000190,118,63,West
2026-03-15,PROD000111,17,56,Southeast
2026-03-15,PROD000091,34,65,Northeast
2026-03-15,PROD000031,61,30,Midwest
2026-03-15,PROD000036,116,33,West
2026-03-15,PROD000168,222,63,West
2026-03-15,PROD000187,56,18,Northeast
2026-03-15,PROD000100,9,48,Southeast
2026-03-15,PROD000012,56,27,Midwest
2026-03-15,PROD000014,17,55,Southeast
2026-03-15,PROD000051,121,29,Southeast
2026-03-15,PROD000108,187,38,Midwest
2026-03-15,PROD000218,128,56,West
2026-03-15,PROD000017,25,59,West
2026-03-15,PROD000010,179,17,West
2026-03-15,PROD000071,49,55,West
2026-03-15,PROD000167,27,60,Northeast
2026-03-15,PROD000132,123,26,Southeast
2026-03-15,PROD000179,148,48,Midwest
2026-03-15,PROD000037,188,26,Northeast
2026-03-15,PROD000156,10,26,Northeast
2026-03-15,PROD000215,58,36,Midwest
2026-03-15,PROD000236,17,56,Southeast
2026-03-15,PROD000007,62,48,Northeast
2026-03-15,PROD000005,235,48,Midwest
2026-03-15,PROD000176,63,17,West
2026-03-15,PROD000197,163,31,Midwest
2026-03-15,PROD000008,235,22,Northeast
2026-03-15,PROD000097,108,63,Southeast
2026-03-15,PROD000246,82,32,Southeast
2026-03-15,PROD000182,227,29,Southeast
2026-03-15,PROD000088,103,60,Southeast
2026-03-15,PROD000206,91,40,Midwest
2026-03-15,PROD000181,176,68,Northeast
2026-03-15,PROD000199,13,66,West
2026-03-15,PROD000188,186,16,Midwest
2026-03-15,PROD000083,229,18,West
2026-03-15,PROD000221,153,37,Midwest
2026-03-15,PROD000162,63,55,Northeast
2026-03-15,PROD000043,62,44,Southeast
2026-03-15,PROD000089,114,23,Southeast
2026-03-15,PROD000173,44,15,Southeast
2026-03-15,PROD000204,104,40,Midwest
2026-03-15,PROD000090,182,29,Southeast
2026-03-15,PROD000214,150,51,West
2026-03-15,PROD000021,162,19,Northeast
2026-03-15,PROD000213,7,18,Southeast
2026-03-15,PROD000033,58,46,Southeast
2026-03-15,PROD000149,146,50,Southeast
2026-03-15,PROD000065,123,17,Northeast
2026-03-15,PROD000114,37,61,West
2026-03-15,PROD000209,34,42,Northeast
2026-03-15,PROD000118,27,58,West
2026-03-15,PROD000120,51,51,Northeast
2026-03-15,PROD000205,133,55,Midwest
2026-03-15,PROD000025,140,37,Southeast
2026-03-15,PROD000075,127,16,Northeast
2026-03-15,PROD000211,36,62,Southeast
2026-03-15,PROD000242,43,44,Midwest
2026-03-15,PROD000124,40,69,Midwest
2026-03-15,PROD000119,111,27,West
2026-03-15,PROD000128,77,24,Southeast
2026-03-15,PROD000175,224,58,Southeast
2026-03-16,PROD000079,99,48,Southeast
2026-03-16,PROD000200,189,41,West
2026-03-16,PROD000018,108,52,Southeast
2026-03-16,PROD000091,151,63,Southeast
2026-03-16,PROD000204,171,19,Northeast
2026-03-16,PROD000023,172,48,West
2026-03-16,PROD000244,188,37,Midwest
2026-03-16,PROD000207,12,57,Northeast
2026-03-16,PROD000016,181,24,Northeast
2026-03-16,PROD000206,18,40,Southeast
2026-03-16,PROD000041,53,31,Northeast
2026-03-16,PROD000075,200,30,Northeast
2026-03-16,PROD000161,236,41,West
2026-03-16,PROD000011,217,58,Northeast
2026-03-16,PROD000180,119,35,West
2026-03-16,PROD000242,175,41,West
2026-03-16,PROD000076,178,17,Southeast
2026-03-16,PROD000241,84,43,West
2026-03-16,PROD000096,112,51,West
2026-03-16,PROD000189,49,63,Northeast
2026-03-16,PROD000082,96,45,Northeast
2026-03-16,PROD000137,59,35,Midwest
2026-03-16,PROD000199,78,62,Midwest
2026-03-16,PROD000165,173,56,Southeast
2026-03-16,PROD000063,155,69,Midwest
2026-03-16,PROD000005,149,50,Southeast
2026-03-16,PROD000187,44,29,West
2026-03-16,PROD000052,148,30,Midwest
2026-03-16,PROD000214,234,51,West
2026-03-16,PROD000112,231,24,Northeast
2026-03-16,PROD000053,66,28,Southeast
2026-03-16,PROD000095,148,67,Midwest
2026-03-16,PROD000218,151,47,Northeast
2026-03-16,PROD000182,34,68,Northeast
2026-03-16,PROD000019,167,57,Southeast
2026-03-16,PROD000048,124,44,West
2026-03-16,PROD000104,44,25,Northeast
2026-03-16,PROD000026,128,69,West
2026-03-16,PROD000134,129,46,Northeast
2026-03-16,PROD000115,102,27,West
2026-03-16,PROD000142,210,33,Southeast
2026-03-16,PROD000152,132,56,West
2026-03-16,PROD000247,186,59,West
2026-03-16,PROD000034,73,49,Southeast
2026-03-16,PROD000009,152,53,Midwest
2026-03-16,PROD000201,141,16,Northeast
2026-03-16,PROD000232,57,33,Northeast
2026-03-16,PROD000215,35,56,West
2026-03-16,PROD000119,1,36,Midwest
2026-03-16,PROD000089,223,44,West
2026-03-16,PROD000085,46,26,West
2026-03-16,PROD000032,216,46,West
2026-03-16,PROD000055,171,49,Midwest
2026-03-16,PROD000020,200,47,Southeast
2026-03-16,PROD000090,126,16,Midwest
2026-03-16,PROD000105,26,18,Midwest
2026-03-16,PROD000002,30,68,Northeast
2026-03-16,PROD000036,164,38,Midwest
2026-03-16,PROD000097,212,33,Southeast
2026-03-16,PROD000088,6,25,Midwest
2026-03-16,PROD000126,90,40,Southeast
2026-03-16,PROD000037,181,53,West
2026-03-16,PROD000116,179,33,Southeast
2026-03-16,PROD000228,219,50,Northeast
2026-03-16,PROD000246,40,37,Midwest
2026-03-16,PROD000100,224,40,West
2026-03-16,PROD000003,34,66,Midwest
2026-03-16,PROD000101,94,58,Midwest
2026-03-16,PROD000081,12,24,Northeast
2026-03-16,PROD000147,119,69,Southeast
2026-03-16,PROD000059,155,42,Southeast
2026-03-16,PROD000249,33,20,West
2026-03-16,PROD000190,36,62,Southeast
2026-03-16,PROD000080,195,17,Southeast
2026-03-16,PROD000156,34,42,West
2026-03-16,PROD000008,170,51,Midwest
2026-03-16,PROD000031,101,40,Northeast
2026-03-16,PROD000072,107,42,Southeast
2026-03-16,PROD000123,146,54,Northeast
2026-03-16,PROD000042,34,63,Northeast
2026-03-16,PROD000245,67,34,Northeast
2026-03-16,PROD000111,114,17,Southeast
2026-03-16,PROD000070,202,31,Southeast
2026-03-16,PROD000051,37,68,West
2026-03-16,PROD000229,109,51,West
2026-03-16,PROD000028,235,52,Northeast
2026-03-16,PROD000235,148,54,Midwest
2026-03-16,PROD000030,22,64,West
2026-03-16,PROD000173,183,32,Southeast
2026-03-16,PROD000162,201,56,West
2026-03-16,PROD000054,122,64,Midwest
2026-03-16,PROD000159,220,27,Northeast
2026-03-16,PROD000006,73,26,West
2026-03-16,PROD000043,224,66,Southeast
2026-03-16,PROD000109,210,58,West
2026-03-16,PROD000099,5,44,Southeast
2026-03-16,PROD000056,75,42,Midwest
2026-03-16,PROD000127,59,52,Southeast
2026-03-16,PROD000222,226,56,Northeast
2026-03-16,PROD000166,20,60,Midwest
2026-03-16,PROD000047,176,37,Midwest
2026-03-16,PROD000121,124,33,Southeast
2026-03-16,PROD000186,80,23,Southeast
2026-03-16,PROD000209,180,25,West
2026-03-16,PROD000163,119,28,West
2026-03-16,PROD000234,171,44,West
2026-03-16,PROD000078,150,26,Southeast
2026-03-16,PROD000169,30,15,Northeast
2026-03-16,PROD000092,172,33,Northeast
2026-03-16,PROD000102,109,23,Southeast
2026-03-16,PROD000208,196,22,Southeast
2026-03-16,PROD000170,165,55,Southeast
2026-03-16,PROD000151,191,39,Midwest
2026-03-16,PROD000176,33,40,West
2026-03-16,PROD000062,183,43,Southeast
2026-03-16,PROD000077,28,27,West
2026-03-16,PROD000113,127,39,Northeast
2026-03-16,PROD000203,100,28,Northeast
2026-03-16,PROD000093,27,34,West
2026-03-16,PROD000110,50,61,Southeast
2026-03-17,PROD000181,76,57,Northeast
2026-03-17,PROD000131,153,15,Northeast
2026-03-17,PROD000060,151,38,West
2026-03-17,PROD000197,173,17,Northeast
2026-03-17,PROD000076,28,20,Southeast
2026-03-17,PROD000054,93,65,Southeast
2026-03-17,PROD000209,149,40,Midwest
2026-03-17,PROD000152,191,24,Midwest
2026-03-17,PROD000097,200,60,Midwest
2026-03-17,PROD000170,179,34,Southeast
2026-03-17,PROD000161,114,37,Northeast
2026-03-17,PROD000219,60,23,Midwest
2026-03-17,PROD000223,0,19,West
2026-03-17,PROD000083,219,47,Northeast
2026-03-17,PROD000154,171,38,Northeast
2026-03-17,PROD000069,175,47,Northeast
2026-03-17,PROD000090,133,59,Midwest
2026-03-17,PROD000086,190,54,West
2026-03-17,PROD000180,114,60,Northeast
2026-03-17,PROD000026,218,64,Northeast
2026-03-17,PROD000198,189,63,Northeast
2026-03-17,PROD000028,159,63,Southeast
2026-03-17,PROD000128,231,23,Northeast
2026-03-17,PROD000186,92,46,Southeast
2026-03-17,PROD000177,80,47,Southeast
2026-03-17,PROD000190,97,63,Midwest
2026-03-17,PROD000091,142,20,Southeast
2026-03-17,PROD000029,134,59,Southeast
2026-03-17,PROD000191,181,35,West
2026-03-17,PROD000016,175,46,West
2026-03-17,PROD000085,75,25,Northeast
2026-03-17,PROD000188,188,33,Northeast
2026-03-17,PROD000040,113,15,Midwest
2026-03-17,PROD000221,16,63,Southeast
2026-03-17,PROD000228,12,22,West
2026-03-17,PROD000137,146,22,Midwest
2026-03-17,PROD000149,195,15,Southeast
2026-03-17,PROD000074,55,56,Northeast
2026-03-17,PROD000234,169,37,West
2026-03-17,PROD000243,13,49,Southeast
2026-03-17,PROD000024,54,46,Midwest
2026-03-17,PROD000236,72,16,Southeast
2026-03-17,PROD000062,139,59,Midwest
2026-03-17,PROD000118,30,60,Midwest
2026-03-17,PROD000238,207,26,Midwest
2026-03-17,PROD000065,184,34,West
2026-03-17,PROD000244,197,36,Northeast
2026-03-17,PROD000127,16,26,West
2026-03-17,PROD000160,125,48,Southeast
2026-03-17,PROD000145,55,68,West
2026-03-17,PROD000201,132,65,Southeast
2026-03-17,PROD000039,56,50,Southeast
2026-03-17,PROD000247,66,53,Southeast
2026-03-17,PROD000132,125,43,Midwest
2026-03-17,PROD000136,78,62,Southeast
2026-03-17,PROD000025,119,45,Midwest
2026-03-17,PROD000246,52,39,Northeast
2026-03-17,PROD000215,211,59,Northeast
2026-03-17,PROD000229,141,48,Northeast
2026-03-17,PROD000119,129,48,Southeast
2026-03-17,PROD000172,66,28,Southeast
2026-03-17,PROD000115,15,53,West
2026-03-17,PROD000005,86,44,Northeast
2026-03-17,PROD000192,32,51,Northeast
2026-03-17,PROD000012,67,40,Southeast
2026-03-17,PROD000162,38,39,Northeast
2026-03-17,PROD000017,13,41,Southeast
2026-03-17,PROD000010,67,33,Northeast
2026-03-17,PROD000011,109,58,Midwest
2026-03-17,PROD000008,171,43,Southeast
2026-03-17,PROD000185,222,39,Northeast
2026-03-17,PROD000113,42,29,West
2026-03-17,PROD000125,191,54,Southeast
2026-03-17,PROD000230,28,29,Midwest
2026-03-17,PROD000225,71,22,Southeast
2026-03-17,PROD000239,98,22,West
2026-03-17,PROD000183,35,67,Southeast
2026-03-17,PROD000176,100,38,Southeast
2026-03-17,PROD000070,35,68,Northeast
2026-03-17,PROD000035,124,31,West
2026-03-17,PROD000213,182,54,Southeast
2026-03-17,PROD000106,72,39,West
2026-03-17,PROD000121,16,50,Southeast
2026-03-17,PROD000041,54,47,Northeast
2026-03-17,PROD000138,43,21,West
2026-03-17,PROD000123,165,30,West
2026-03-17,PROD000200,191,15,Southeast
2026-03-17,PROD000175,237,62,Midwest
2026-03-17,PROD000217,166,69,Midwest
2026-03-17,PROD000101,35,59,West
2026-03-17,PROD000199,91,34,West
2026-03-17,PROD000245,71,67,West
2026-03-17,PROD000218,223,62,West
2026-03-17,PROD000120,151,43,Northeast
2026-03-17,PROD000046,223,23,Midwest
2026-03-17,PROD000208,72,53,West
2026-03-17,PROD000231,58,18,Midwest
2026-03-17,PROD000018,5,65,Midwest
2026-03-17,PROD000133,222,64,Midwest
2026-03-17,PROD000001,139,36,Midwest
2026-03-17,PROD000104,60,51,West
2026-03-17,PROD000174,143,42,Southeast
2026-03-17,PROD000139,40,59,Northeast
2026-03-17,PROD000158,107,18,Midwest
2026-03-17,PROD000107,205,22,Southeast
2026-03-17,PROD000045,18,54,Southeast
2026-03-17,PROD000189,137,55,West
2026-03-17,PROD000081,8,29,Northeast
2026-03-17,PROD000204,26,31,West
2026-03-17,PROD000067,168,44,Southeast
2026-03-17,PROD000019,88,56,West
2026-03-17,PROD000092,159,32,Midwest
2026-03-17,PROD000205,14,35,Northeast
2026-03-17,PROD000023,199,22,Midwest
2026-03-17,PROD000111,6,48,Midwest
2026-03-17,PROD000071,79,41,West
2026-03-17,PROD000248,145,55,West
2026-03-17,PROD000047,191,69,Northeast
2026-03-17,PROD000216,209,42,West
2026-03-17,PROD000021,162,53,Midwest
2026-03-18,PROD000068,145,33,West
2026-03-18,PROD000186,4,48,Midwest
2026-03-18,PROD000197,62,56,Southeast
2026-03-18,PROD000209,239,63,Northeast
2026-03-18,PROD000221,19,33,Midwest
2026-03-18,PROD000100,148,54,West
2026-03-18,PROD000011,153,41,Southeast
2026-03-18,PROD000130,110,62,West
2026-03-18,PROD000147,188,42,Southeast
2026-03-18,PROD000193,40,43,Midwest
2026-03-18,PROD000079,84,46,Southeast
2026-03-18,PROD000156,173,52,Southeast
2026-03-18,PROD000173,168,54,West
2026-03-18,PROD000158,24,25,Southeast
2026-03-18,PROD000034,120,51,Southeast
2026-03-18,PROD000023,27,56,Southeast
2026-03-18,PROD000151,71,65,Southeast
2026-03-18,PROD000164,62,64,Midwest
2026-03-18,PROD000013,205,54,Midwest
2026-03-18,PROD000082,115,60,Southeast
2026-03-18,PROD000132,155,23,Northeast
2026-03-18,PROD000162,96,39,Midwest
2026-03-18,PROD000243,173,35,West
2026-03-18,PROD000218,76,56,Northeast
2026-03-18,PROD000107,3,58,Northeast
2026-03-18,PROD000087,78,53,Midwest
2026-03-18,PROD000212,40,18,Northeast
2026-03-18,PROD000170,88,59,Southeast
2026-03-18,PROD000019,145,39,West
2026-03-18,PROD000026,190,20,Northeast
2026-03-18,PROD000188,164,22,Southeast
2026-03-18,PROD000102,188,52,Northeast
2026-03-18,PROD000219,217,65,Midwest
2026-03-18,PROD000145,187,55,Midwest
2026-03-18,PROD000138,6,48,Midwest
2026-03-18,PROD000063,22,24,Southeast
2026-03-18,PROD000163,225,39,Northeast
2026-03-18,PROD000142,55,60,Southeast
2026-03-18,PROD000139,44,43,Northeast
2026-03-18,PROD000244,179,33,Northeast
2026-03-18,PROD000120,18,67,Northeast
2026-03-18,PROD000021,24,38,Midwest
2026-03-18,PROD000229,105,24,Northeast
2026-03-18,PROD000192,163,30,Midwest
2026-03-18,PROD000016,226,60,Midwest
2026-03-18,PROD000081,145,23,Northeast
2026-03-18,PROD000189,185,34,Northeast
2026-03-18,PROD000108,219,47,Southeast
2026-03-18,PROD000042,94,66,Midwest
2026-03-18,PROD000048,86,57,Northeast
2026-03-18,PROD000094,156,63,Southeast
2026-03-18,PROD000051,38,29,Northeast
2026-03-18,PROD000203,48,54,Midwest
2026-03-18,PROD000073,126,23,Southeast
2026-03-18,PROD000029,78,27,Northeast
2026-03-18,PROD000160,170,39,Midwest
2026-03-18,PROD000054,115,50,Northeast
2026-03-18,PROD000166,27,43,Southeast
2026-03-18,PROD000241,140,44,Northeast
2026-03-18,PROD000140,4,61,West
2026-03-18,PROD000117,226,57,West
2026-03-18,PROD000247,202,67,Northeast
2026-03-18,PROD000080,56,29,Midwest
2026-03-18,PROD000040,129,46,Northeast
2026-03-18,PROD000032,25,36,Southeast
2026-03-18,PROD000012,230,68,West
2026-03-18,PROD000119,8,54,Southeast
2026-03-18,PROD000003,103,64,West
2026-03-18,PROD000220,31,17,Southeast
2026-03-18,PROD000237,65,46,Northeast
2026-03-18,PROD000109,195,39,Midwest
2026-03-18,PROD000217,189,56,Southeast
2026-03-18,PROD000122,99,33,Southeast
2026-03-18,PROD000069,160,57,Northeast
2026-03-18,PROD000172,199,32,West
2026-03-18,PROD000097,134,61,Southeast
2026-03-18,PROD000182,55,57,Midwest
2026-03-18,PROD000043,67,36,Midwest
2026-03-18,PROD000059,84,58,Southeast
2026-03-18,PROD000238,83,16,Northeast
2026-03-18,PROD000125,47,51,Northeast
2026-03-18,PROD000206,52,50,Southeast
2026-03-18,PROD000038,80,37,West
2026-03-18,PROD000233,120,17,Southeast
2026-03-18,PROD000150,104,18,Southeast
2026-03-18,PROD000091,145,17,West
2026-03-18,PROD000148,164,30,Midwest
2026-03-18,PROD000089,56,32,Midwest
2026-03-18,PROD000174,173,65,Northeast
2026-03-18,PROD000133,157,64,Northeast
2026-03-18,PROD000093,153,21,Northeast
2026-03-18,PROD000250,3,46,Midwest
2026-03-18,PROD000181,16,29,Southeast
2026-03-18,PROD000126,225,28,West
2026-03-18,PROD000001,54,59,Southeast
2026-03-18,PROD000231,91,55,West
2026-03-18,PROD000235,8,50,Southeast
2026-03-18,PROD000014,2,61,Northeast
2026-03-18,PROD000215,182,39,West
2026-03-18,PROD000106,173,47,West
2026-03-18,PROD000214,195,43,Midwest
2026-03-18,PROD000010,19,45,Midwest
2026-03-18,PROD000171,88,50,Northeast
2026-03-18,PROD000129,97,40,Southeast
2026-03-18,PROD000153,211,19,Midwest
2026-03-18,PROD000111,49,15,Southeast
2026-03-18,PROD000088,126,61,Northeast
2026-03-18,PROD000169,92,33,West
2026-03-18,PROD000224,212,17,Midwest
2026-03-18,PROD000184,62,44,Northeast
2026-03-18,PROD000074,148,58,Northeast
2026-03-18,PROD000009,169,21,West
2026-03-18,PROD000205,33,34,Midwest
2026-03-18,PROD000131,133,52,Southeast
2026-03-18,PROD000114,142,30,Midwest
2026-03-18,PROD000245,141,48,Southeast
2026-03-18,PROD000018,176,45,Midwest
2026-03-18,PROD000005,107,25,Northeast
2026-03-18,PROD000167,86,41,Northeast
2026-03-18,PROD000143,7,65,West
2026-03-19,PROD000010,170,67,West
2026-03-19,PROD000107,102,61,West
2026-03-19,PROD000244,223,59,Southeast
2026-03-19,PROD000178,212,69,Southeast
2026-03-19,PROD000131,213,61,Northeast
2026-03-19,PROD000160,171,19,Midwest
2026-03-19,PROD000111,9,19,Northeast
2026-03-19,PROD000236,25,64,Northeast
2026-03-19,PROD000080,127,53,Northeast
2026-03-19,PROD000175,135,57,Northeast
2026-03-19,PROD000212,15,33,Midwest
2026-03-19,PROD000032,166,44,West
2026-03-19,PROD000157,107,32,Midwest
2026-03-19,PROD000068,72,18,Southeast
2026-03-19,PROD000104,121,52,Midwest
2026-03-19,PROD000071,202,52,West
2026-03-19,PROD000239,151,64,Southeast
2026-03-19,PROD000213,142,65,Northeast
2026-03-19,PROD000029,159,59,Southeast
2026-03-19,PROD000028,91,22,Midwest
2026-03-19,PROD000067,31,44,Northeast
2026-03-19,PROD000147,23,64,Southeast
2026-03-19,PROD000003,164,27,Northeast
2026-03-19,PROD000189,55,38,Midwest
2026-03-19,PROD000180,229,28,Northeast
2026-03-19,PROD000138,173,21,Midwest
2026-03-19,PROD000082,218,23,West
2026-03-19,PROD000220,69,51,Midwest
2026-03-19,PROD000177,127,28,Midwest
2026-03-19,PROD000127,234,24,Southeast
2026-03-19,PROD000194,213,32,West
2026-03-19,PROD000004,149,59,Northeast
2026-03-19,PROD000096,46,35,Southeast
2026-03-19,PROD000007,147,61,West
2026-03-19,PROD000098,26,47,Northeast
2026-03-19,PROD000063,122,47,Midwest
2026-03-19,PROD000056,118,37,West
2026-03-19,PROD000150,65,26,Northeast
2026-03-19,PROD000206,154,47,Northeast
2026-03-19,PROD000159,39,53,Southeast
2026-03-19,PROD000045,48,16,Northeast
2026-03-19,PROD000153,104,26,Northeast
2026-03-19,PROD000016,48,49,Northeast
2026-03-19,PROD000231,100,53,Northeast
2026-03-19,PROD000242,127,30,Northeast
2026-03-19,PROD000009,91,65,Northeast
2026-03-19,PROD000186,220,60,West
2026-03-19,PROD000117,173,18,Southeast
2026-03-19,PROD000022,15,21,Midwest
2026-03-19,PROD000054,27,59,Northeast
2026-03-19,PROD000126,225,41,Midwest
2026-03-19,PROD000128,98,55,West
2026-03-19,PROD000196,130,43,Midwest
2026-03-19,PROD000137,154,52,Midwest
2026-03-19,PROD000118,62,27,West
2026-03-19,PROD000084,237,24,Midwest
2026-03-19,PROD000152,57,20,Northeast
2026-03-19,PROD000203,85,26,Midwest
2026-03-19,PROD000070,6,43,Northeast
2026-03-19,PROD000158,110,20,Northeast
2026-03-19,PROD000008,92,63,Midwest
2026-03-19,PROD000141,177,38,Southeast
2026-03-19,PROD000248,41,63,Midwest
2026-03-19,PROD000230,129,40,Northeast
2026-03-19,PROD000092,210,21,Northeast
2026-03-19,PROD000073,183,50,Midwest
2026-03-19,PROD000051,99,20,West
2026-03-19,PROD000037,40,66,Southeast
2026-03-19,PROD000197,70,57,West
2026-03-19,PROD000040,80,23,Midwest
2026-03-19,PROD000164,176,46,Southeast
2026-03-19,PROD000069,138,25,West
2026-03-19,PROD000234,101,39,Northeast
2026-03-19,PROD000133,164,56,Southeast
2026-03-19,PROD000021,205,35,Southeast
2026-03-19,PROD000064,157,55,Midwest
2026-03-19,PROD000110,114,47,West
2026-03-19,PROD000161,83,31,Midwest
2026-03-19,PROD000184,182,33,Southeast
2026-03-19,PROD000240,87,64,Northeast
2026-03-19,PROD000103,204,61,Midwest
2026-03-19,PROD000046,219,34,Midwest
2026-03-19,PROD000139,53,67,Southeast
2026-03-19,PROD000014,104,24,Southeast
2026-03-19,PROD000115,121,58,Southeast
2026-03-19,PROD000079,120,34,West
2026-03-19,PROD000059,55,60,Northeast
2026-03-19,PROD000167,46,67,Northeast
2026-03-19,PROD000055,121,48,Southeast
2026-03-19,PROD000195,34,48,Midwest
2026-03-19,PROD000243,63,61,Northeast
2026-03-19,PROD000193,115,26,Southeast
2026-03-19,PROD000030,139,41,West
2026-03-19,PROD000002,163,56,Northeast
2026-03-19,PROD000047,114,40,Southeast
2026-03-19,PROD000222,126,63,Northeast
2026-03-19,PROD000224,185,43,Midwest
2026-03-19,PROD000012,8,44,Midwest
2026-03-19,PROD000062,202,51,Midwest
2026-03-19,PROD000173,143,64,West
2026-03-19,PROD000134,167,20,Midwest
2026-03-19,PROD000075,155,64,Midwest
2026-03-19,PROD000100,124,24,Northeast
2026-03-19,PROD000136,31,46,West
2026-03-19,PROD000065,132,61,Midwest
2026-03-19,PROD000031,178,28,Midwest
2026-03-19,PROD000207,130,56,Southeast
2026-03-19,PROD000174,172,44,Northeast
2026-03-19,PROD000078,10,38,Northeast
2026-03-19,PROD000125,196,48,Northeast
2026-03-19,PROD000154,114,32,Midwest
2026-03-19,PROD000232,43,39,Midwest
2026-03-19,PROD000181,154,21,Midwest
2026-03-19,PROD000025,96,20,Northeast
2026-03-19,PROD000015,110,28,West
2026-03-19,PROD000132,35,26,West
2026-03-19,PROD000165,65,24,Southeast
2026-03-19,PROD000163,32,65,West
2026-03-19,PROD000149,96,17,Northeast
2026-03-19,PROD000089,97,18,Northeast
2026-03-20,PROD000026,159,29,Northeast
2026-03-20,PROD000229,230,25,Northeast
2026-03-20,PROD000246,239,68,Northeast
2026-03-20,PROD000211,113,67,Northeast
2026-03-20,PROD000106,52,30,West
2026-03-20,PROD000200,4,37,West
2026-03-20,PROD000188,111,21,Northeast
2026-03-20,PROD000095,114,37,Midwest
2026-03-20,PROD000248,124,22,Northeast
2026-03-20,PROD000178,25,15,Northeast
2026-03-20,PROD000034,220,49,Midwest
2026-03-20,PROD000220,27,33,Southeast
2026-03-20,PROD000056,120,39,Southeast
2026-03-20,PROD000097,121,63,West
2026-03-20,PROD000099,119,47,Southeast
2026-03-20,PROD000090,16,67,Midwest
2026-03-20,PROD000015,81,67,Southeast
2026-03-20,PROD000147,193,63,Northeast
2026-03-20,PROD000224,12,66,West
2026-03-20,PROD000195,46,27,Midwest
2026-03-20,PROD000136,177,58,Midwest
2026-03-20,PROD000238,28,43,Southeast
2026-03-20,PROD000003,133,23,Southeast
2026-03-20,PROD000066,84,15,Midwest
2026-03-20,PROD000067,78,59,Northeast
2026-03-20,PROD000196,149,62,Midwest
2026-03-20,PROD000011,238,66,West
2026-03-20,PROD000022,136,61,Midwest
2026-03-20,PROD000007,64,35,Northeast
2026-03-20,PROD000193,67,59,West
2026-03-20,PROD000055,18,28,Northeast
2026-03-20,PROD000156,144,64,Northeast
2026-03-20,PROD000077,93,37,Midwest
2026-03-20,PROD000079,97,33,West
2026-03-20,PROD000024,16,22,Northeast
2026-03-20,PROD000152,225,17,Northeast
2026-03-20,PROD000120,234,15,Southeast
2026-03-20,PROD000060,226,67,Southeast
2026-03-20,PROD000145,24,40,Midwest
2026-03-20,PROD000213,211,53,Midwest
2026-03-20,PROD000223,172,66,Northeast
2026-03-20,PROD000181,128,24,Northeast
2026-03-20,PROD000108,153,50,West
2026-03-20,PROD000089,102,48,Midwest
2026-03-20,PROD000171,167,43,Northeast
2026-03-20,PROD000179,106,65,Southeast
2026-03-20,PROD000168,33,17,Midwest
2026-03-20,PROD000076,169,56,West
2026-03-20,PROD000042,130,27,Northeast
2026-03-20,PROD000073,17,28,Southeast
2026-03-20,PROD000110,6,63,West
2026-03-20,PROD000138,117,34,Northeast
2026-03-20,PROD000198,201,23,Southeast
2026-03-20,PROD000111,233,33,Midwest
2026-03-20,PROD000041,139,19,Midwest
2026-03-20,PROD000068,130,61,Midwest
2026-03-20,PROD000170,63,15,West
2026-03-20,PROD000064,238,54,West
2026-03-20,PROD000176,96,19,Northeast
2026-03-20,PROD000098,26,20,Southeast
2026-03-20,PROD000105,141,66,Northeast
2026-03-20,PROD000177,165,66,Northeast
2026-03-20,PROD000219,222,41,Northeast
2026-03-20,PROD000058,199,65,Midwest
2026-03-20,PROD000013,144,30,Northeast
2026-03-20,PROD000140,127,40,Southeast
2026-03-20,PROD000244,182,58,Northeast
2026-03-20,PROD000021,199,42,Northeast
2026-03-20,PROD000018,125,69,West
2026-03-20,PROD000169,39,65,Southeast
2026-03-20,PROD000038,103,37,Northeast
2026-03-20,PROD000121,81,48,Northeast
2026-03-20,PROD000082,134,68,West
2026-03-20,PROD000135,113,27,Northeast
2026-03-20,PROD000001,179,16,Midwest
2026-03-20,PROD000050,37,47,West
2026-03-20,PROD000070,234,54,Northeast
2026-03-20,PROD000118,174,61,West
2026-03-20,PROD000075,139,50,Midwest
2026-03-20,PROD000194,112,23,Northeast
2026-03-20,PROD000025,139,46,West
2026-03-20,PROD000237,147,30,Southeast
2026-03-20,PROD000183,101,55,Midwest
2026-03-20,PROD000230,232,44,Southeast
2026-03-20,PROD000096,39,31,West
2026-03-20,PROD000217,52,45,Southeast
2026-03-20,PROD000218,1,66,Midwest
2026-03-20,PROD000159,120,37,Southeast
2026-03-20,PROD000047,121,59,Midwest
2026-03-20,PROD000142,71,15,Southeast
2026-03-20,PROD000040,131,15,Southeast
2026-03-20,PROD000240,163,29,Northeast
2026-03-20,PROD000086,15,47,West
2026-03-20,PROD000175,190,44,Midwest
2026-03-20,PROD000206,150,64,West
2026-03-20,PROD000083,98,57,Northeast
2026-03-20,PROD000085,2,41,West
2026-03-20,PROD000054,102,43,Midwest
2026-03-20,PROD000216,58,23,Midwest
2026-03-20,PROD000045,35,64,West
2026-03-20,PROD000167,214,66,Midwest
2026-03-20,PROD000033,44,15,Midwest
2026-03-20,PROD000232,64,34,Northeast
2026-03-20,PROD000072,81,60,Northeast
2026-03-20,PROD000071,195,39,Southeast
2026-03-20,PROD000103,212,64,West
2026-03-20,PROD000065,158,44,Northeast
2026-03-20,PROD000204,191,53,Midwest
2026-03-20,PROD000092,116,65,Northeast
2026-03-20,PROD000019,220,55,Southeast
2026-03-20,PROD000048,233,61,Southeast
2026-03-20,PROD000149,146,34,Southeast
2026-03-20,PROD000208,191,37,Northeast
2026-03-20,PROD000144,21,60,West
2026-03-20,PROD000036,104,26,West
2026-03-20,PROD000192,220,59,West
2026-03-20,PROD000122,187,47,Northeast
2026-03-20,PROD000028,116,66,Northeast
2026-03-20,PROD000207,213,48,West
2026-03-20,PROD000063,135,27,Midwest
2026-03-21,PROD000203,129,23,Midwest
2026-03-21,PROD000232,207,66,Midwest
2026-03-21,PROD000240,212,29,Southeast
2026-03-21,PROD000166,174,41,West
2026-03-21,PROD000191,100,41,Northeast
2026-03-21,PROD000206,145,27,West
2026-03-21,PROD000018,142,58,West
2026-03-21,PROD000140,9,49,Midwest
2026-03-21,PROD000001,112,24,Midwest
2026-03-21,PROD000189,116,34,West
2026-03-21,PROD000220,66,55,Southeast
2026-03-21,PROD000137,118,23,Midwest
2026-03-21,PROD000205,141,41,Midwest
2026-03-21,PROD000223,218,44,Midwest
2026-03-21,PROD000236,219,29,Southeast
2026-03-21,PROD000177,52,58,West
2026-03-21,PROD000228,36,42,Northeast
2026-03-21,PROD000041,161,48,West
2026-03-21,PROD000004,136,49,Northeast
2026-03-21,PROD000084,156,48,Southeast
2026-03-21,PROD000076,33,46,Midwest
2026-03-21,PROD000114,91,52,West
2026-03-21,PROD000063,113,43,Southeast
2026-03-21,PROD000241,26,24,West
2026-03-21,PROD000056,132,18,Midwest
2026-03-21,PROD000175,107,44,Southeast
2026-03-21,PROD000247,14,26,West
2026-03-21,PROD000226,231,44,West
2026-03-21,PROD000110,158,54,Northeast
2026-03-21,PROD000118,203,63,West
2026-03-21,PROD000146,156,29,West
2026-03-21,PROD000091,65,52,West
2026-03-21,PROD000086,52,15,Northeast
2026-03-21,PROD000218,193,29,Northeast
2026-03-21,PROD000016,155,47,Southeast
2026-03-21,PROD000054,76,63,West
2026-03-21,PROD000077,163,50,Midwest
2026-03-21,PROD000215,198,43,West
2026-03-21,PROD000176,175,60,Northeast
2026-03-21,PROD000156,42,62,Midwest
2026-03-21,PROD000127,166,30,Northeast
2026-03-21,PROD000099,211,37,Northeast
2026-03-21,PROD000225,133,29,Southeast
2026-03-21,PROD000072,137,50,Midwest
2026-03-21,PROD000105,124,39,West
2026-03-21,PROD000245,219,26,West
2026-03-21,PROD000117,26,39,Southeast
2026-03-21,PROD000141,182,67,West
2026-03-21,PROD000060,151,39,West
2026-03-21,PROD000199,233,34,Northeast
2026-03-21,PROD000207,146,53,Southeast
2026-03-21,PROD000133,148,44,Midwest
2026-03-21,PROD000171,88,58,Midwest
2026-03-21,PROD000035,49,18,Midwest
2026-03-21,PROD000162,78,53,Midwest
2026-03-21,PROD000079,14,31,West
2026-03-21,PROD000148,77,46,Southeast
2026-03-21,PROD000098,152,55,Midwest
2026-03-21,PROD000178,216,22,Southeast
2026-03-21,PROD000006,194,54,Southeast
2026-03-21,PROD000179,152,17,Southeast
2026-03-21,PROD000174,101,20,Northeast
2026-03-21,PROD000044,232,53,West
2026-03-21,PROD000012,141,32,Northeast
2026-03-21,PROD000149,214,67,Midwest
2026-03-21,PROD000051,155,31,Southeast
2026-03-21,PROD000182,27,27,Midwest
2026-03-21,PROD000180,28,59,Southeast
2026-03-21,PROD000005,140,54,Midwest
2026-03-21,PROD000109,183,38,West
2026-03-21,PROD000042,215,46,Midwest
2026-03-21,PROD000219,205,26,Northeast
2026-03-21,PROD000087,187,26,Northeast
2026-03-21,PROD000023,169,65,Southeast
2026-03-21,PROD000080,47,33,Midwest
2026-03-21,PROD000188,151,44,Southeast
2026-03-21,PROD000009,225,26,Midwest
2026-03-21,PROD000062,209,62,Midwest
2026-03-21,PROD000123,120,69,Midwest
2026-03-21,PROD000011,202,36,Northeast
2026-03-21,PROD000187,177,40,Northeast
2026-03-21,PROD000088,197,28,Southeast
2026-03-21,PROD000211,93,69,Southeast
2026-03-21,PROD000039,143,31,Southeast
2026-03-21,PROD000221,102,59,Northeast
2026-03-21,PROD000145,209,50,West
2026-03-21,PROD000002,98,18,Midwest
2026-03-21,PROD000161,39,37,West
2026-03-21,PROD000106,128,66,West
2026-03-21,PROD000210,29,57,West
2026-03-21,PROD000107,78,58,West
2026-03-21,PROD000113,3,31,West
2026-03-21,PROD000190,171,25,Southeast
2026-03-21,PROD000068,82,66,West
2026-03-21,PROD000003,18,39,Southeast
2026-03-21,PROD000043,88,57,Midwest
2026-03-21,PROD000200,163,30,Northeast
2026-03-21,PROD000074,66,60,Southeast
2026-03-21,PROD000151,140,47,Midwest
2026-03-21,PROD000073,19,21,Southeast
2026-03-21,PROD000013,223,68,Southeast
2026-03-21,PROD000201,210,67,Southeast
2026-03-21,PROD000094,25,15,Southeast
2026-03-21,PROD000222,233,64,West
2026-03-21,PROD000242,40,18,West
2026-03-21,PROD000144,119,69,West
2026-03-21,PROD000065,181,55,Northeast
2026-03-21,PROD000214,144,23,West
2026-03-21,PROD000227,239,44,West
2026-03-21,PROD000150,46,65,Northeast
2026-03-21,PROD000055,164,27,Southeast
2026-03-21,PROD000143,112,64,West
2026-03-21,PROD000186,53,61,Northeast
2026-03-21,PROD000036,121,18,Midwest
2026-03-21,PROD000173,45,28,Southeast
2026-03-21,PROD000224,136,15,West
2026-03-21,PROD000045,98,32,Midwest
2026-03-21,PROD000007,62,17,West
2026-03-21,PROD000069,236,65,Southeast
2026-03-21,PROD000100,54,49,West
2026-03-22,PROD000209,2,21,Midwest
2026-03-22,PROD000220,91,43,Northeast
2026-03-22,PROD000135,102,34,West
2026-03-22,PROD000136,8,54,Northeast
2026-03-22,PROD000151,159,23,Midwest
2026-03-22,PROD000034,38,44,Northeast
2026-03-22,PROD000090,81,17,Midwest
2026-03-22,PROD000051,108,66,Northeast
2026-03-22,PROD000245,107,20,Midwest
2026-03-22,PROD000215,129,18,Southeast
2026-03-22,PROD000143,197,62,Northeast
2026-03-22,PROD000165,230,45,Southeast
2026-03-22,PROD000147,93,43,Southeast
2026-03-22,PROD000022,60,17,Northeast
2026-03-22,PROD000094,60,52,West
2026-03-22,PROD000035,40,48,West
2026-03-22,PROD000204,84,59,Northeast
2026-03-22,PROD000097,136,54,West
2026-03-22,PROD000144,109,62,Midwest
2026-03-22,PROD000126,218,33,West
2026-03-22,PROD000021,7,19,Midwest
2026-03-22,PROD000187,195,65,Southeast
2026-03-22,PROD000248,18,67,Midwest
2026-03-22,PROD000237,140,30,Midwest
2026-03-22,PROD000003,59,56,Northeast
2026-03-22,PROD000007,18,45,Northeast
2026-03-22,PROD000125,162,53,Midwest
2026-03-22,PROD000112,43,48,Southeast
2026-03-22,PROD000024,208,32,Midwest
2026-03-22,PROD000213,37,32,West
2026-03-22,PROD000189,8,32,West
2026-03-22,PROD000195,96,68,Northeast
2026-03-22,PROD000014,193,65,Southeast
2026-03-22,PROD000019,163,20,Northeast
2026-03-22,PROD000073,127,48,Midwest
2026-03-22,PROD000166,85,43,West
2026-03-22,PROD000065,84,60,Midwest
2026-03-22,PROD000059,3,61,Southeast
2026-03-22,PROD000212,192,69,West
2026-03-22,PROD000192,39,36,Northeast
2026-03-22,PROD000067,77,15,Southeast
2026-03-22,PROD000008,55,54,West
2026-03-22,PROD000162,87,59,Northeast
2026-03-22,PROD000134,188,19,Midwest
2026-03-22,PROD000179,67,34,West
2026-03-22,PROD000117,212,41,Northeast
2026-03-22,PROD000062,235,54,Northeast
2026-03-22,PROD000186,30,42,Midwest
2026-03-22,PROD000163,177,43,Northeast
2026-03-22,PROD000175,34,41,West
2026-03-22,PROD000171,116,30,Midwest
2026-03-22,PROD000241,86,53,West
2026-03-22,PROD000023,198,47,West
2026-03-22,PROD000197,149,41,Southeast
2026-03-22,PROD000142,239,30,Northeast
2026-03-22,PROD000164,173,60,Southeast
2026-03-22,PROD000111,148,69,Southeast
2026-03-22,PROD000169,155,33,West
2026-03-22,PROD000238,153,35,West
2026-03-22,PROD000095,48,47,Midwest
2026-03-22,PROD000068,60,32,West
2026-03-22,PROD000079,151,58,West
2026-03-22,PROD000206,87,33,Midwest
2026-03-22,PROD000081,85,32,Northeast
2026-03-22,PROD000033,206,34,Southeast
2026-03-22,PROD000087,160,42,Northeast
2026-03-22,PROD000060,128,48,Midwest
2026-03-22,PROD000041,230,34,Midwest
2026-03-22,PROD000011,218,16,Midwest
2026-03-22,PROD000170,129,61,Midwest
2026-03-22,PROD000042,81,16,Midwest
2026-03-22,PROD000047,57,27,West
2026-03-22,PROD000006,28,24,West
2026-03-22,PROD000102,18,23,Northeast
2026-03-22,PROD000227,57,47,Midwest
2026-03-22,PROD000096,15,49,Midwest
2026-03-22,PROD000218,220,35,West
2026-03-22,PROD000054,225,43,West
2026-03-22,PROD000243,174,48,Southeast
2026-03-22,PROD000139,117,28,West
2026-03-22,PROD000017,222,68,Northeast
2026-03-22,PROD000049,87,18,Midwest
2026-03-22,PROD000069,44,24,Southeast
2026-03-22,PROD000056,112,33,Southeast
2026-03-22,PROD000240,35,32,Midwest
2026-03-22,PROD000058,217,41,Midwest
2026-03-22,PROD000172,121,21,Southeast
2026-03-22,PROD000118,83,45,Northeast
2026-03-22,PROD000110,144,28,Southeast
2026-03-22,PROD000012,76,31,Northeast
2026-03-22,PROD000108,58,40,Midwest
2026-03-22,PROD000191,193,48,West
2026-03-22,PROD000174,159,31,Midwest
2026-03-22,PROD000092,134,25,Northeast
2026-03-22,PROD000100,215,63,Northeast
2026-03-22,PROD000201,87,46,Southeast
2026-03-22,PROD000075,219,67,Midwest
2026-03-22,PROD000088,188,20,Northeast
2026-03-22,PROD000013,216,55,Midwest
2026-03-22,PROD000156,173,54,Midwest
2026-03-22,PROD000015,226,38,Midwest
2026-03-22,PROD000239,40,19,West
2026-03-22,PROD000230,124,53,Southeast
2026-03-22,PROD000043,198,49,Northeast
2026-03-22,PROD000223,194,55,Northeast
2026-03-22,PROD000027,59,40,Northeast
2026-03-22,PROD000050,6,57,Northeast
2026-03-22,PROD000199,225,31,West
2026-03-22,PROD000029,158,35,Northeast
2026-03-22,PROD000194,197,17,Northeast
2026-03-22,PROD000103,38,58,Southeast
2026-03-22,PROD000098,60,38,Midwest
2026-03-22,PROD000002,3,19,Midwest
2026-03-22,PROD000214,82,29,Midwest
2026-03-22,PROD000148,124,48,Southeast
2026-03-22,PROD000205,21,43,Southeast
2026-03-22,PROD000123,112,34,Midwest
2026-03-22,PROD000038,223,61,Southeast
2026-03-22,PROD000010,175,24,Northeast
2026-03-22,PROD000185,153,33,Northeast
2026-03-23,PROD000226,30,18,Midwest
2026-03-23,PROD000059,213,29,Southeast
2026-03-23,PROD000071,15,44,West
2026-03-23,PROD000061,166,68,West
2026-03-23,PROD000056,0,69,West
2026-03-23,PROD000028,58,38,Southeast
2026-03-23,PROD000144,140,58,Northeast
2026-03-23,PROD000172,181,28,Midwest
2026-03-23,PROD000194,78,63,West
2026-03-23,PROD000019,110,15,West
2026-03-23,PROD000113,185,64,Southeast
2026-03-23,PROD000201,162,67,Northeast
2026-03-23,PROD000237,63,58,Southeast
2026-03-23,PROD000228,53,15,West
2026-03-23,PROD000250,28,39,West
2026-03-23,PROD000060,239,22,Northeast
2026-03-23,PROD000002,48,67,Southeast
2026-03-23,PROD000210,95,57,West
2026-03-23,PROD000057,49,39,Southeast
2026-03-23,PROD000027,6,26,Northeast
2026-03-23,PROD000146,55,60,Midwest
2026-03-23,PROD000044,70,64,West
2026-03-23,PROD000192,194,17,Southeast
2026-03-23,PROD000024,153,36,Midwest
2026-03-23,PROD000221,147,22,Southeast
2026-03-23,PROD000244,181,49,Midwest
2026-03-23,PROD000175,131,58,Southeast
2026-03-23,PROD000142,36,57,Midwest
2026-03-23,PROD000014,236,54,Northeast
2026-03-23,PROD000200,170,36,Northeast
2026-03-23,PROD000207,29,51,West
2026-03-23,PROD000161,144,50,Southeast
2026-03-23,PROD000108,41,66,West
2026-03-23,PROD000094,132,29,Midwest
2026-03-23,PROD000106,170,62,Northeast
2026-03-23,PROD000159,223,39,West
2026-03-23,PROD000196,101,38,Northeast
2026-03-23,PROD000051,96,40,West
2026-03-23,PROD000023,136,42,West
2026-03-23,PROD000193,140,38,West
2026-03-23,PROD000133,188,52,Northeast
2026-03-23,PROD000160,239,34,West
2026-03-23,PROD000075,69,41,Northeast
2026-03-23,PROD000242,58,56,West
2026-03-23,PROD000020,34,17,Southeast
2026-03-23,PROD000129,174,45,Midwest
2026-03-23,PROD000007,20,67,West
2026-03-23,PROD000063,26,24,Southeast
2026-03-23,PROD000154,201,54,Southeast
2026-03-23,PROD000086,183,55,Northeast
2026-03-23,PROD000234,196,63,Midwest
2026-03-23,PROD000069,228,45,Northeast
2026-03-23,PROD000035,38,41,Midwest
2026-03-23,PROD000179,82,37,Southeast
2026-03-23,PROD000164,83,65,Southeast
2026-03-23,PROD000152,169,37,Southeast
2026-03-23,PROD000032,113,16,West
2026-03-23,PROD000122,81,59,Southeast
2026-03-23,PROD000240,31,29,Midwest
2026-03-23,PROD000199,73,57,West
2026-03-23,PROD000211,212,15,West
2026-03-23,PROD000039,100,46,West
2026-03-23,PROD000185,28,68,Northeast
2026-03-23,PROD000008,201,68,Northeast
2026-03-23,PROD000003,164,30,West
2026-03-23,PROD000110,93,16,Midwest
2026-03-23,PROD000017,64,60,Southeast
2026-03-23,PROD000246,127,50,West
2026-03-23,PROD000080,170,56,Midwest
2026-03-23,PROD000082,128,61,Midwest
2026-03-23,PROD000098,90,40,Southeast
2026-03-23,PROD000213,1,34,West
2026-03-23,PROD000125,185,27,Northeast
2026-03-23,PROD000073,224,58,Southeast
2026-03-23,PROD000216,124,55,Northeast
2026-03-23,PROD000176,61,45,Northeast
2026-03-23,PROD000112,44,67,Southeast
2026-03-23,PROD000097,74,24,West
2026-03-23,PROD000001,209,27,Southeast
2026-03-23,PROD000245,84,65,Southeast
2026-03-23,PROD000126,27,67,Southeast
2026-03-23,PROD000053,172,27,West
2026-03-23,PROD000149,167,60,Southeast
2026-03-23,PROD000195,226,59,Southeast
2026-03-23,PROD000157,78,38,Northeast
2026-03-23,PROD000105,68,58,West
2026-03-23,PROD000101,2,60,Northeast
2026-03-23,PROD000011,24,35,West
2026-03-23,PROD000089,19,37,West
2026-03-23,PROD000049,132,44,West
2026-03-23,PROD000249,58,31,Midwest
2026-03-23,PROD000224,56,37,Southeast
2026-03-23,PROD000109,199,21,West
2026-03-23,PROD000205,180,32,Southeast
2026-03-23,PROD000215,77,62,West
2026-03-23,PROD000012,161,45,Northeast
2026-03-23,PROD000029,129,21,Midwest
2026-03-23,PROD000090,220,33,Northeast
2026-03-23,PROD000065,20,31,West
2026-03-23,PROD000114,199,56,Northeast
2026-03-23,PROD000067,235,63,Southeast
2026-03-23,PROD000168,73,26,Southeast
2026-03-23,PROD000031,209,55,Southeast
2026-03-23,PROD000120,107,42,West
2026-03-23,PROD000135,230,40,West
2026-03-23,PROD000186,146,32,West
2026-03-23,PROD000100,65,41,Southeast
2026-03-23,PROD000139,14,50,Northeast
2026-03-23,PROD000115,78,17,Northeast
2026-03-23,PROD000118,96,50,Midwest
2026-03-23,PROD000248,151,25,West
2026-03-23,PROD000138,85,66,West
2026-03-23,PROD000103,14,26,Northeast
2026-03-23,PROD000121,206,36,Midwest
2026-03-23,PROD000243,91,27,Northeast
2026-03-23,PROD000212,82,31,Northeast
2026-03-23,PROD000076,112,59,West
2026-03-23,PROD000183,110,22,Northeast
2026-03-23,PROD000190,87,61,Southeast
2026-03-23,PROD000208,62,62,Southeast
2026-03-24,PROD000213,164,38,Southeast
2026-03-24,PROD000249,137,22,Northeast
2026-03-24,PROD000034,37,26,West
2026-03-24,PROD000003,195,52,West
2026-03-24,PROD000050,42,66,Southeast
2026-03-24,PROD000179,27,27,Northeast
2026-03-24,PROD000248,220,52,Northeast
2026-03-24,PROD000207,85,15,Midwest
2026-03-24,PROD000216,25,45,Southeast
2026-03-24,PROD000235,81,41,Southeast
2026-03-24,PROD000161,37,45,West
2026-03-24,PROD000004,12,57,West
2026-03-24,PROD000051,79,28,Midwest
2026-03-24,PROD000075,11,29,Midwest
2026-03-24,PROD000199,2,33,Southeast
2026-03-24,PROD000194,229,62,Midwest
2026-03-24,PROD000186,96,59,Midwest
2026-03-24,PROD000136,37,51,Southeast
2026-03-24,PROD000198,211,41,Northeast
2026-03-24,PROD000153,172,59,Southeast
2026-03-24,PROD000212,33,69,West
2026-03-24,PROD000068,111,51,West
2026-03-24,PROD000091,80,26,Midwest
2026-03-24,PROD000017,88,66,West
2026-03-24,PROD000026,28,48,Northeast
2026-03-24,PROD000244,216,37,West
2026-03-24,PROD000184,176,44,Northeast
2026-03-24,PROD000156,169,69,Southeast
2026-03-24,PROD000046,36,68,West
2026-03-24,PROD000064,110,23,Midwest
2026-03-24,PROD000074,44,47,Northeast
2026-03-24,PROD000215,26,34,Midwest
2026-03-24,PROD000148,187,15,Northeast
2026-03-24,PROD000009,47,56,Midwest
2026-03-24,PROD000229,201,29,Midwest
2026-03-24,PROD000057,94,51,West
2026-03-24,PROD000172,79,47,Northeast
2026-03-24,PROD000178,102,46,Southeast
2026-03-24,PROD000247,58,17,Midwest
2026-03-24,PROD000171,203,17,Northeast
2026-03-24,PROD000070,1,54,Northeast
2026-03-24,PROD000125,60,59,Midwest
2026-03-24,PROD000154,141,67,West
2026-03-24,PROD000159,19,45,Southeast
2026-03-24,PROD000226,135,32,Midwest
2026-03-24,PROD000134,108,66,Midwest
2026-03-24,PROD000049,102,64,West
2026-03-24,PROD000114,128,37,West
2026-03-24,PROD000043,231,66,Midwest
2026-03-24,PROD000129,122,16,Midwest
2026-03-24,PROD000163,2,22,Midwest
2026-03-24,PROD000158,75,37,West
2026-03-24,PROD000065,165,26,Southeast
2026-03-24,PROD000131,18,30,Southeast
2026-03-24,PROD000101,202,47,Northeast
2026-03-24,PROD000108,48,20,Northeast
2026-03-24,PROD000090,177,17,Midwest
2026-03-24,PROD000232,38,48,Midwest
2026-03-24,PROD000237,82,42,Northeast
2026-03-24,PROD000016,2,62,Midwest
2026-03-24,PROD000053,100,53,Southeast
2026-03-24,PROD000116,183,17,Southeast
2026-03-24,PROD000217,91,57,Southeast
2026-03-24,PROD000014,205,69,Midwest
2026-03-24,PROD000084,109,29,Northeast
2026-03-24,PROD000193,21,43,Midwest
2026-03-24,PROD000165,54,32,Northeast
2026-03-24,PROD000128,107,39,West
2026-03-24,PROD000222,185,19,Southeast
2026-03-24,PROD000023,148,41,West
2026-03-24,PROD000106,152,67,West
2026-03-24,PROD000047,238,18,West
2026-03-24,PROD000122,181,59,Southeast
2026-03-24,PROD000137,225,19,Southeast
2026-03-24,PROD000170,3,61,Midwest
2026-03-24,PROD000176,237,55,West
2026-03-24,PROD000085,40,43,Northeast
2026-03-24,PROD000162,145,37,Midwest
2026-03-24,PROD000110,62,49,West
2026-03-24,PROD000067,12,40,Northeast
2026-03-24,PROD000151,197,52,Southeast
2026-03-24,PROD000201,163,58,Midwest
2026-03-24,PROD000103,221,25,Northeast
2026-03-24,PROD000204,78,51,Northeast
2026-03-24,PROD000245,100,17,Southeast
2026-03-24,PROD000192,224,51,Midwest
2026-03-24,PROD000195,214,43,Southeast
2026-03-24,PROD000107,107,51,Northeast
2026-03-24,PROD000033,68,49,Northeast
2026-03-24,PROD000119,235,36,Northeast
2026-03-24,PROD000001,186,60,Midwest
2026-03-24,PROD000087,99,41,West
2026-03-24,PROD000044,107,29,Southeast
2026-03-24,PROD000220,171,55,West
2026-03-24,PROD000078,49,56,Midwest
2026-03-24,PROD000013,36,61,Midwest
2026-03-24,PROD000196,192,31,West
2026-03-24,PROD000150,190,26,Southeast
2026-03-24,PROD000115,75,51,Midwest
2026-03-24,PROD000236,219,22,Southeast
2026-03-24,PROD000174,46,38,Midwest
2026-03-24,PROD000175,186,57,Southeast
2026-03-24,PROD000164,23,44,Midwest
2026-03-24,PROD000055,105,48,Northeast
2026-03-24,PROD000109,56,49,Northeast
2026-03-24,PROD000168,228,30,West
2026-03-24,PROD000197,36,62,Midwest
2026-03-24,PROD000093,91,29,Southeast
2026-03-24,PROD000032,15,46,Midwest
2026-03-24,PROD000157,30,64,West
2026-03-24,PROD000082,42,54,Southeast
2026-03-24,PROD000096,30,53,West
2026-03-24,PROD000144,6,41,Southeast
2026-03-24,PROD000089,104,51,Northeast
2026-03-24,PROD000202,59,60,Midwest
2026-03-24,PROD000152,125,34,Southeast
2026-03-24,PROD000142,161,49,Northeast
2026-03-24,PROD000239,20,51,West
2026-03-24,PROD000058,220,55,Northeast
2026-03-24,PROD000132,150,33,West
2026-03-25,PROD000036,83,19,Southeast
2026-03-25,PROD000235,233,45,Midwest
2026-03-25,PROD000001,56,46,Northeast
2026-03-25,PROD000137,46,23,Midwest
2026-03-25,PROD000178,85,15,Midwest
2026-03-25,PROD000069,80,36,Southeast
2026-03-25,PROD000016,134,58,Southeast
2026-03-25,PROD000127,169,41,Midwest
2026-03-25,PROD000130,149,47,West
2026-03-25,PROD000200,151,23,West
2026-03-25,PROD000176,231,35,Southeast
2026-03-25,PROD000071,6,34,West
2026-03-25,PROD000089,179,34,Northeast
2026-03-25,PROD000192,14,32,Southeast
2026-03-25,PROD000216,178,43,Northeast
2026-03-25,PROD000037,229,66,Midwest
2026-03-25,PROD000152,188,18,Southeast
2026-03-25,PROD000123,208,62,West
2026-03-25,PROD000197,121,57,West
2026-03-25,PROD000045,170,43,West
2026-03-25,PROD000227,64,68,Midwest
2026-03-25,PROD000202,57,54,West
2026-03-25,PROD000058,6,54,Midwest
2026-03-25,PROD000019,142,42,Northeast
2026-03-25,PROD000220,52,31,West
2026-03-25,PROD000231,174,50,Midwest
2026-03-25,PROD000179,29,22,West
2026-03-25,PROD000188,25,41,Northeast
2026-03-25,PROD000174,235,57,Northeast
2026-03-25,PROD000194,215,56,Northeast
2026-03-25,PROD000050,42,18,Northeast
2026-03-25,PROD000107,117,44,Northeast
2026-03-25,PROD000063,38,15,Northeast
2026-03-25,PROD000217,178,31,Northeast
2026-03-25,PROD000018,32,53,Southeast
2026-03-25,PROD000094,95,55,West
2026-03-25,PROD000041,81,51,West
2026-03-25,PROD000088,155,42,Midwest
2026-03-25,PROD000159,195,40,West
2026-03-25,PROD000097,32,54,Southeast
2026-03-25,PROD000009,108,38,Midwest
2026-03-25,PROD000232,226,28,West
2026-03-25,PROD000074,195,66,Southeast
2026-03-25,PROD000198,77,23,Southeast
2026-03-25,PROD000151,65,49,Midwest
2026-03-25,PROD000080,18,26,West
2026-03-25,PROD000121,104,64,Southeast
2026-03-25,PROD000051,206,24,Southeast
2026-03-25,PROD000090,35,27,Southeast
2026-03-25,PROD000247,68,36,Midwest
2026-03-25,PROD000243,132,23,Southeast
2026-03-25,PROD000017,23,28,Midwest
2026-03-25,PROD000034,19,57,Southeast
2026-03-25,PROD000248,135,46,Southeast
2026-03-25,PROD000124,136,15,West
2026-03-25,PROD000024,44,24,Southeast
2026-03-25,PROD000171,237,52,Midwest
2026-03-25,PROD000060,61,31,Midwest
2026-03-25,PROD000020,107,20,West
2026-03-25,PROD000095,83,17,Midwest
2026-03-25,PROD000204,204,44,Southeast
2026-03-25,PROD000166,8,28,Midwest
2026-03-25,PROD000004,148,21,Southeast
2026-03-25,PROD000148,156,31,Northeast
2026-03-25,PROD000011,60,29,Southeast
2026-03-25,PROD000083,64,60,West
2026-03-25,PROD000120,106,41,West
2026-03-25,PROD000238,213,16,Northeast
2026-03-25,PROD000135,58,44,Midwest
2026-03-25,PROD000038,225,46,Southeast
2026-03-25,PROD000156,233,67,Northeast
2026-03-25,PROD000158,190,28,Northeast
2026-03-25,PROD000082,198,24,Northeast
2026-03-25,PROD000167,86,63,Midwest
2026-03-25,PROD000056,239,34,West
2026-03-25,PROD000070,144,56,Southeast
2026-03-25,PROD000118,112,36,Northeast
2026-03-25,PROD000023,90,26,Northeast
2026-03-25,PROD000111,101,18,Southeast
2026-03-25,PROD000239,210,58,Midwest
2026-03-25,PROD000098,7,48,Northeast
2026-03-25,PROD000064,65,34,West
2026-03-25,PROD000246,198,53,Midwest
2026-03-25,PROD000164,16,26,Northeast
2026-03-25,PROD000006,173,29,Midwest
2026-03-25,PROD000061,221,49,Southeast
2026-03-25,PROD000075,227,51,Northeast
2026-03-25,PROD000140,156,34,West
2026-03-25,PROD000172,135,34,Midwest
2026-03-25,PROD000206,168,19,West
2026-03-25,PROD000076,15,62,Northeast
2026-03-25,PROD000180,54,39,West
2026-03-25,PROD000205,54,35,Southeast
2026-03-25,PROD000027,119,69,Northeast
2026-03-25,PROD000105,196,20,Northeast
2026-03-25,PROD000126,148,18,Midwest
2026-03-25,PROD000055,229,17,Southeast
2026-03-25,PROD000084,92,64,Midwest
2026-03-25,PROD000155,222,61,West
2026-03-25,PROD000242,88,57,Southeast
2026-03-25,PROD000062,223,51,Midwest
2026-03-25,PROD000133,207,56,Northeast
2026-03-25,PROD000210,209,35,Southeast
2026-03-25,PROD000181,43,23,Northeast
2026-03-25,PROD000102,181,44,Midwest
2026-03-25,PROD000116,170,25,West
2026-03-25,PROD000154,116,19,Midwest
2026-03-25,PROD000007,5,43,Midwest
2026-03-25,PROD000224,20,67,West
2026-03-25,PROD000015,131,63,Midwest
2026-03-25,PROD000014,2,35,Southeast
2026-03-25,PROD000131,144,28,Midwest
2026-03-25,PROD000013,41,56,Northeast
2026-03-25,PROD000087,82,63,Southeast
2026-03-25,PROD000104,202,68,Northeast
2026-03-25,PROD000031,141,62,Midwest
2026-03-25,PROD000108,113,36,Midwest
2026-03-25,PROD000066,237,48,Northeast
2026-03-25,PROD000005,201,48,West
2026-03-25,PROD000228,51,25,Southeast
2026-03-26,PROD000202,135,44,Midwest
2026-03-26,PROD000055,239,18,West
2026-03-26,PROD000005,61,66,West
2026-03-26,PROD000124,65,61,West
2026-03-26,PROD000223,210,30,Midwest
2026-03-26,PROD000141,81,48,Northeast
2026-03-26,PROD000072,164,55,West
2026-03-26,PROD000017,1,39,Southeast
2026-03-26,PROD000206,4,20,West
2026-03-26,PROD000190,9,41,Northeast
2026-03-26,PROD000171,101,38,Northeast
2026-03-26,PROD000245,133,52,Midwest
2026-03-26,PROD000173,163,32,Northeast
2026-03-26,PROD000198,63,41,Southeast
2026-03-26,PROD000110,24,56,West
2026-03-26,PROD000214,59,31,Southeast
2026-03-26,PROD000130,101,61,West
2026-03-26,PROD000054,200,48,Southeast
2026-03-26,PROD000180,75,18,Southeast
2026-03-26,PROD000062,119,46,Midwest
2026-03-26,PROD000208,102,67,Northeast
2026-03-26,PROD000226,132,44,Northeast
2026-03-26,PROD000237,77,63,Midwest
2026-03-26,PROD000065,48,30,Northeast
2026-03-26,PROD000165,186,48,West
2026-03-26,PROD000248,142,17,Midwest
2026-03-26,PROD000117,224,19,Midwest
2026-03-26,PROD000133,196,21,Midwest
2026-03-26,PROD000080,158,58,Midwest
2026-03-26,PROD000177,75,46,Southeast
2026-03-26,PROD000200,152,32,Midwest
2026-03-26,PROD000157,179,43,West
2026-03-26,PROD000045,81,55,Northeast
2026-03-26,PROD000218,14,45,Northeast
2026-03-26,PROD000235,169,24,Northeast
2026-03-26,PROD000040,12,59,Midwest
2026-03-26,PROD000203,176,22,Midwest
2026-03-26,PROD000001,1,46,West
2026-03-26,PROD000029,179,21,Northeast
2026-03-26,PROD000134,16,25,West
2026-03-26,PROD000021,199,41,Northeast
2026-03-26,PROD000027,93,45,Southeast
2026-03-26,PROD000014,202,17,Midwest
2026-03-26,PROD000233,197,46,Northeast
2026-03-26,PROD000132,142,20,West
2026-03-26,PROD000025,58,61,Midwest
2026-03-26,PROD000204,221,39,Northeast
2026-03-26,PROD000043,7,49,Northeast
2026-03-26,PROD000050,11,17,West
2026-03-26,PROD000051,215,39,Northeast
2026-03-26,PROD000075,184,51,Northeast
2026-03-26,PROD000144,70,31,Midwest
2026-03-26,PROD000068,172,16,Southeast
2026-03-26,PROD000160,9,59,Northeast
2026-03-26,PROD000120,97,22,Midwest
2026-03-26,PROD000174,101,39,West
2026-03-26,PROD000150,27,37,Southeast
2026-03-26,PROD000089,182,36,Midwest
2026-03-26,PROD000032,61,35,Midwest
2026-03-26,PROD000112,186,15,West
2026-03-26,PROD000090,83,56,West
2026-03-26,PROD000191,126,68,Northeast
2026-03-26,PROD000169,147,68,Midwest
2026-03-26,PROD000215,184,27,Northeast
2026-03-26,PROD000149,200,41,Northeast
2026-03-26,PROD000036,218,43,Southeast
2026-03-26,PROD000227,84,57,Southeast
2026-03-26,PROD000052,173,34,Southeast
2026-03-26,PROD000073,235,33,Southeast
2026-03-26,PROD000059,87,19,West
2026-03-26,PROD000216,51,31,Northeast
2026-03-26,PROD000103,126,36,Southeast
2026-03-26,PROD000125,125,49,Northeast
2026-03-26,PROD000159,6,36,Midwest
2026-03-26,PROD000135,71,69,West
2026-03-26,PROD000222,96,63,Midwest
2026-03-26,PROD000194,192,57,Midwest
2026-03-26,PROD000057,194,18,Southeast
2026-03-26,PROD000242,15,61,West
2026-03-26,PROD000187,21,51,Midwest
2026-03-26,PROD000249,65,25,West
2026-03-26,PROD000154,130,17,Southeast
2026-03-26,PROD000116,221,54,West
2026-03-26,PROD000078,171,15,Northeast
2026-03-26,PROD000224,123,25,Southeast
2026-03-26,PROD000026,99,50,Midwest
2026-03-26,PROD000024,131,44,West
2026-03-26,PROD000145,65,35,Northeast
2026-03-26,PROD000023,177,21,Midwest
2026-03-26,PROD000034,188,67,Southeast
2026-03-26,PROD000195,69,27,Southeast
2026-03-26,PROD000118,18,33,West
2026-03-26,PROD000041,171,38,Northeast
2026-03-26,PROD000007,220,44,Midwest
2026-03-26,PROD000074,96,40,Southeast
2026-03-26,PROD000247,224,23,Midwest
2026-03-26,PROD000167,100,43,Northeast
2026-03-26,PROD000102,96,32,Northeast
2026-03-26,PROD000199,186,50,Northeast
2026-03-26,PROD000207,231,20,Northeast
2026-03-26,PROD000151,88,59,Midwest
2026-03-26,PROD000128,57,34,Northeast
2026-03-26,PROD000111,23,32,Southeast
2026-03-26,PROD000196,199,64,Midwest
2026-03-26,PROD000056,190,40,Southeast
2026-03-26,PROD000070,197,61,West
2026-03-26,PROD000240,112,51,Midwest
2026-03-26,PROD000098,30,38,Southeast
2026-03-26,PROD000212,67,25,Midwest
2026-03-26,PROD000221,200,30,Northeast
2026-03-26,PROD000044,102,48,Northeast
2026-03-26,PROD000084,34,25,Southeast
2026-03-26,PROD000115,105,19,Southeast
2026-03-26,PROD000234,134,16,Southeast
2026-03-26,PROD000184,97,40,Northeast
2026-03-26,PROD000209,49,31,Northeast
2026-03-26,PROD000019,157,47,Northeast
2026-03-26,PROD000006,175,66,West
2026-03-26,PROD000231,62,55,Midwest
2026-03-26,PROD000232,159,64,Midwest
2026-03-27,PROD000044,127,55,West
2026-03-27,PROD000208,74,56,West
2026-03-27,PROD000085,236,39,Southeast
2026-03-27,PROD000155,139,17,Northeast
2026-03-27,PROD000082,131,29,Northeast
2026-03-27,PROD000143,168,62,Midwest
2026-03-27,PROD000234,175,67,Northeast
2026-03-27,PROD000137,144,43,Midwest
2026-03-27,PROD000223,222,67,Midwest
2026-03-27,PROD000193,81,68,Midwest
2026-03-27,PROD000058,157,41,Northeast
2026-03-27,PROD000147,111,31,West
2026-03-27,PROD000127,195,68,Midwest
2026-03-27,PROD000166,106,64,West
2026-03-27,PROD000217,121,25,Southeast
2026-03-27,PROD000098,237,40,Northeast
2026-03-27,PROD000010,161,45,Southeast
2026-03-27,PROD000141,86,55,West
2026-03-27,PROD000126,218,28,Southeast
2026-03-27,PROD000178,197,54,Midwest
2026-03-27,PROD000244,76,50,Southeast
2026-03-27,PROD000250,60,50,West
2026-03-27,PROD000012,39,31,West
2026-03-27,PROD000233,79,34,West
2026-03-27,PROD000096,82,35,Southeast
2026-03-27,PROD000139,35,48,West
2026-03-27,PROD000070,131,54,Northeast
2026-03-27,PROD000028,183,64,West
2026-03-27,PROD000073,209,59,Southeast
2026-03-27,PROD000022,56,55,Northeast
2026-03-27,PROD000125,122,51,Southeast
2026-03-27,PROD000180,232,29,West
2026-03-27,PROD000064,141,46,Northeast
2026-03-27,PROD000006,220,55,Southeast
2026-03-27,PROD000053,158,50,Midwest
2026-03-27,PROD000052,51,52,Northeast
2026-03-27,PROD000120,94,40,West
2026-03-27,PROD000112,41,50,Midwest
2026-03-27,PROD000013,86,30,Northeast
2026-03-27,PROD000062,88,17,Southeast
2026-03-27,PROD000158,122,29,Northeast
2026-03-27,PROD000216,98,61,Southeast
2026-03-27,PROD000226,202,46,Southeast
2026-03-27,PROD000153,166,68,West
2026-03-27,PROD000111,65,18,West
2026-03-27,PROD000086,111,29,West
2026-03-27,PROD000101,146,61,Northeast
2026-03-27,PROD000172,75,43,Midwest
2026-03-27,PROD000076,213,67,Southeast
2026-03-27,PROD000025,45,55,Midwest
2026-03-27,PROD000171,81,24,Midwest
2026-03-27,PROD000116,77,23,Northeast
2026-03-27,PROD000065,129,52,Northeast
2026-03-27,PROD000191,135,53,Midwest
2026-03-27,PROD000157,149,69,Southeast
2026-03-27,PROD000151,31,65,West
2026-03-27,PROD000131,115,49,Southeast
2026-03-27,PROD000031,182,46,Midwest
2026-03-27,PROD000046,142,61,Northeast
2026-03-27,PROD000107,1,39,West
2026-03-27,PROD000199,140,51,West
2026-03-27,PROD000011,76,50,Southeast
2026-03-27,PROD000145,193,24,Northeast
2026-03-27,PROD000186,213,58,West
2026-03-27,PROD000074,91,38,Southeast
2026-03-27,PROD000015,183,15,Northeast
2026-03-27,PROD000179,119,33,West
2026-03-27,PROD000097,165,53,Northeast
2026-03-27,PROD000001,136,36,Northeast
2026-03-27,PROD000060,63,31,West
2026-03-27,PROD000219,173,39,West
2026-03-27,PROD000079,47,17,West
2026-03-27,PROD000189,52,33,Southeast
2026-03-27,PROD000055,102,59,Midwest
2026-03-27,PROD000102,53,63,West
2026-03-27,PROD000159,34,21,Midwest
2026-03-27,PROD000204,110,37,West
2026-03-27,PROD000201,153,27,Northeast
2026-03-27,PROD000241,128,32,Northeast
2026-03-27,PROD000005,179,67,Southeast
2026-03-27,PROD000121,69,68,Midwest
2026-03-27,PROD000175,75,64,Southeast
2026-03-27,PROD000023,64,17,Midwest
2026-03-27,PROD000173,82,54,Midwest
2026-03-27,PROD000196,58,39,Northeast
2026-03-27,PROD000168,195,60,Midwest
2026-03-27,PROD000222,164,25,Northeast
2026-03-27,PROD000105,2,24,Southeast
2026-03-27,PROD000249,154,55,Southeast
2026-03-27,PROD000212,233,24,Northeast
2026-03-27,PROD000036,7,31,Northeast
2026-03-27,PROD000067,104,67,Southeast
2026-03-27,PROD000084,45,36,Midwest
2026-03-27,PROD000190,4,52,Midwest
2026-03-27,PROD000100,18,37,West
2026-03-27,PROD000203,231,15,Southeast
2026-03-27,PROD000170,19,26,Midwest
2026-03-27,PROD000185,155,29,Northeast
2026-03-27,PROD000124,4,63,West
2026-03-27,PROD000136,232,47,Northeast
2026-03-27,PROD000164,40,29,Northeast
2026-03-27,PROD000090,68,50,Northeast
2026-03-27,PROD000134,101,54,Midwest
2026-03-27,PROD000177,107,17,Northeast
2026-03-27,PROD000041,231,15,West
2026-03-27,PROD000003,158,31,West
2026-03-27,PROD000035,123,28,Northeast
2026-03-27,PROD000072,123,43,Midwest
2026-03-27,PROD000167,166,63,Midwest
2026-03-27,PROD000091,27,59,West
2026-03-27,PROD000227,195,68,Southeast
2026-03-27,PROD000188,31,54,West
2026-03-27,PROD000135,235,26,West
2026-03-27,PROD000115,124,42,Northeast
2026-03-27,PROD000061,51,35,Northeast
2026-03-27,PROD000162,196,15,West
2026-03-27,PROD000087,0,62,West
2026-03-27,PROD000183,48,50,Midwest
2026-03-27,PROD000042,198,50,West
2026-03-27,PROD000009,133,25,Northeast
2026-03-28,PROD000220,49,20,Midwest
2026-03-28,PROD000087,201,40,West
2026-03-28,PROD000191,221,21,West
2026-03-28,PROD000005,10,68,West
2026-03-28,PROD000098,116,24,Northeast
2026-03-28,PROD000084,189,24,West
2026-03-28,PROD000048,94,41,Southeast
2026-03-28,PROD000153,188,48,West
2026-03-28,PROD000202,122,43,Midwest
2026-03-28,PROD000069,141,63,Southeast
2026-03-28,PROD000002,141,18,Midwest
2026-03-28,PROD000060,8,38,Midwest
2026-03-28,PROD000079,141,21,Northeast
2026-03-28,PROD000189,16,29,Northeast
2026-03-28,PROD000063,23,28,Southeast
2026-03-28,PROD000112,215,57,Midwest
2026-03-28,PROD000012,138,27,Northeast
2026-03-28,PROD000171,154,21,Midwest
2026-03-28,PROD000116,39,43,West
2026-03-28,PROD000070,150,52,Northeast
2026-03-28,PROD000053,176,23,Southeast
2026-03-28,PROD000110,0,28,West
2026-03-28,PROD000020,52,17,Southeast
2026-03-28,PROD000077,11,50,Northeast
2026-03-28,PROD000162,72,24,Northeast
2026-03-28,PROD000247,226,20,Midwest
2026-03-28,PROD000244,234,66,Southeast
2026-03-28,PROD000209,81,40,West
2026-03-28,PROD000239,200,22,Southeast
2026-03-28,PROD000074,190,19,Northeast
2026-03-28,PROD000249,79,19,Midwest
2026-03-28,PROD000147,188,28,Northeast
2026-03-28,PROD000231,73,33,West
2026-03-28,PROD000230,16,69,West
2026-03-28,PROD000089,178,42,Northeast
2026-03-28,PROD000198,66,67,Southeast
2026-03-28,PROD000221,27,42,Southeast
2026-03-28,PROD000188,97,64,West
2026-03-28,PROD000154,59,38,Northeast
2026-03-28,PROD000058,108,57,West
2026-03-28,PROD000133,33,29,West
2026-03-28,PROD000102,62,57,Southeast
2026-03-28,PROD000042,96,20,Midwest
2026-03-28,PROD000250,28,41,West
2026-03-28,PROD000227,120,20,Southeast
2026-03-28,PROD000031,6,54,Midwest
2026-03-28,PROD000149,222,56,Midwest
2026-03-28,PROD000197,19,36,Northeast
2026-03-28,PROD000075,132,15,Midwest
2026-03-28,PROD000067,176,63,West
2026-03-28,PROD000173,213,44,Midwest
2026-03-28,PROD000193,62,28,Midwest
2026-03-28,PROD000199,137,16,Northeast
2026-03-28,PROD000152,221,30,Southeast
2026-03-28,PROD000206,167,63,Southeast
2026-03-28,PROD000172,47,28,Northeast
2026-03-28,PROD000006,3,22,West
2026-03-28,PROD000134,141,34,Southeast
2026-03-28,PROD000080,217,36,West
2026-03-28,PROD000035,25,25,Midwest
2026-03-28,PROD000234,209,60,West
2026-03-28,PROD000246,131,51,Southeast
2026-03-28,PROD000136,30,29,Midwest
2026-03-28,PROD000184,36,32,Midwest
2026-03-28,PROD000004,144,68,West
2026-03-28,PROD000232,64,59,Southeast
2026-03-28,PROD000132,207,24,Northeast
2026-03-28,PROD000097,22,69,Midwest
2026-03-28,PROD000237,140,21,Northeast
2026-03-28,PROD000062,126,20,Northeast
2026-03-28,PROD000138,94,32,Southeast
2026-03-28,PROD000182,46,56,West
2026-03-28,PROD000092,61,18,West
2026-03-28,PROD000038,33,32,Northeast
2026-03-28,PROD000190,174,47,West
2026-03-28,PROD000096,73,29,Midwest
2026-03-28,PROD000158,11,44,Northeast
2026-03-28,PROD000212,111,40,Southeast
2026-03-28,PROD000121,65,17,West
2026-03-28,PROD000245,128,69,West
2026-03-28,PROD000196,237,48,Midwest
2026-03-28,PROD000016,174,35,Southeast
2026-03-28,PROD000071,48,40,West
2026-03-28,PROD000066,79,48,Midwest
2026-03-28,PROD000169,120,32,Northeast
2026-03-28,PROD000029,30,53,West
2026-03-28,PROD000222,20,53,Southeast
2026-03-28,PROD000050,75,44,Midwest
2026-03-28,PROD000242,130,49,Midwest
2026-03-28,PROD000241,24,51,West
2026-03-28,PROD000186,209,37,Southeast
2026-03-28,PROD000176,87,55,West
2026-03-28,PROD000201,232,44,Northeast
2026-03-28,PROD000105,164,23,Southeast
2026-03-28,PROD000233,43,30,Midwest
2026-03-28,PROD000013,222,38,Southeast
2026-03-28,PROD000025,168,50,Midwest
2026-03-28,PROD000150,2,55,Northeast
2026-03-28,PROD000015,186,65,Midwest
2026-03-28,PROD000107,203,16,Southeast
2026-03-28,PROD000130,125,21,Midwest
2026-03-28,PROD000194,100,57,Midwest
2026-03-28,PROD000140,122,69,Southeast
2026-03-28,PROD000041,17,40,West
2026-03-28,PROD000157,88,44,Midwest
2026-03-28,PROD000078,76,24,West
2026-03-28,PROD000010,136,61,Midwest
2026-03-28,PROD000055,123,41,Northeast
2026-03-28,PROD000093,198,68,Northeast
2026-03-28,PROD000180,17,20,Midwest
2026-03-28,PROD000086,11,44,Southeast
2026-03-28,PROD000204,143,32,Southeast
2026-03-28,PROD000024,91,43,Southeast
2026-03-28,PROD000054,48,67,Southeast
2026-03-28,PROD000205,201,28,Northeast
2026-03-28,PROD000131,125,54,West
2026-03-28,PROD000119,201,19,Midwest
2026-03-28,PROD000033,212,64,Southeast
2026-03-28,PROD000175,155,42,Southeast
2026-03-28,PROD000040,218,50,West
2026-03-29,PROD000211,116,48,Southeast
2026-03-29,PROD000150,31,17,Southeast
2026-03-29,PROD000173,95,69,Midwest
2026-03-29,PROD000134,47,58,Midwest
2026-03-29,PROD000171,229,18,West
2026-03-29,PROD000115,171,54,West
2026-03-29,PROD000133,203,17,West
2026-03-29,PROD000220,72,57,Northeast
2026-03-29,PROD000172,185,22,Northeast
2026-03-29,PROD000242,20,55,Northeast
2026-03-29,PROD000006,115,42,Midwest
2026-03-29,PROD000002,215,29,Midwest
2026-03-29,PROD000216,208,33,Midwest
2026-03-29,PROD000077,98,40,Southeast
2026-03-29,PROD000163,138,31,Southeast
2026-03-29,PROD000031,108,62,Northeast
2026-03-29,PROD000149,124,64,Northeast
2026-03-29,PROD000013,24,26,Southeast
2026-03-29,PROD000129,53,47,Southeast
2026-03-29,PROD000214,174,25,Midwest
2026-03-29,PROD000048,54,26,Southeast
2026-03-29,PROD000194,2,56,Northeast
2026-03-29,PROD000131,89,63,West
2026-03-29,PROD000142,221,52,Southeast
2026-03-29,PROD000183,13,33,West
2026-03-29,PROD000100,64,67,Northeast
2026-03-29,PROD000224,43,61,Midwest
2026-03-29,PROD000122,191,53,Northeast
2026-03-29,PROD000017,74,43,Southeast
2026-03-29,PROD000137,59,41,West
2026-03-29,PROD000085,210,26,West
2026-03-29,PROD000136,91,20,Northeast
2026-03-29,PROD000062,69,55,Northeast
2026-03-29,PROD000232,91,31,Northeast
2026-03-29,PROD000227,154,25,Southeast
2026-03-29,PROD000098,30,27,Northeast
2026-03-29,PROD000076,78,38,Southeast
2026-03-29,PROD000059,180,44,West
2026-03-29,PROD000018,182,46,Midwest
2026-03-29,PROD000180,237,41,Northeast
2026-03-29,PROD000051,87,32,West
2026-03-29,PROD000228,48,54,West
2026-03-29,PROD000105,41,46,West
2026-03-29,PROD000154,27,66,Northeast
2026-03-29,PROD000200,205,49,West
2026-03-29,PROD000087,117,50,Northeast
2026-03-29,PROD000202,75,38,Midwest
2026-03-29,PROD000170,9,40,Northeast
2026-03-29,PROD000144,84,23,Midwest
2026-03-29,PROD000234,183,29,Southeast
2026-03-29,PROD000236,106,22,Northeast
2026-03-29,PROD000145,212,28,Midwest
2026-03-29,PROD000196,60,53,Southeast
2026-03-29,PROD000186,157,39,Midwest
2026-03-29,PROD000213,68,38,Midwest
2026-03-29,PROD000109,132,37,Southeast
2026-03-29,PROD000177,94,27,West
2026-03-29,PROD000016,14,23,Midwest
2026-03-29,PROD000160,177,21,Northeast
2026-03-29,PROD000209,206,34,Southeast
2026-03-29,PROD000206,226,38,West
2026-03-29,PROD000028,116,35,Northeast
2026-03-29,PROD000039,217,23,Midwest
2026-03-29,PROD000113,27,63,Midwest
2026-03-29,PROD000238,71,45,West
2026-03-29,PROD000057,47,68,Northeast
2026-03-29,PROD000148,76,40,West
2026-03-29,PROD000226,153,67,Southeast
2026-03-29,PROD000053,1,36,West
2026-03-29,PROD000047,233,25,Northeast
2026-03-29,PROD000066,119,36,West
2026-03-29,PROD000127,43,53,Northeast
2026-03-29,PROD000112,223,61,Northeast
2026-03-29,PROD000219,81,20,West
2026-03-29,PROD000054,198,40,Northeast
2026-03-29,PROD000009,48,63,Midwest
2026-03-29,PROD000063,121,66,Midwest
2026-03-29,PROD000097,236,36,Southeast
2026-03-29,PROD000247,122,17,Southeast
2026-03-29,PROD000239,50,63,Southeast
2026-03-29,PROD000218,157,46,Midwest
2026-03-29,PROD000125,183,29,Southeast
2026-03-29,PROD000064,183,16,West
2026-03-29,PROD000246,3,29,Northeast
2026-03-29,PROD000193,169,33,West
2026-03-29,PROD000250,97,27,Southeast
2026-03-29,PROD000174,4,26,Midwest
2026-03-29,PROD000070,175,67,Midwest
2026-03-29,PROD000049,50,33,Southeast
2026-03-29,PROD000061,5,46,Northeast
2026-03-29,PROD000060,163,68,Midwest
2026-03-29,PROD000217,102,46,Midwest
2026-03-29,PROD000240,213,43,Midwest
2026-03-29,PROD000114,121,49,Northeast
2026-03-29,PROD000083,11,16,Midwest
2026-03-29,PROD000090,51,26,Northeast
2026-03-29,PROD000184,208,44,West
2026-03-29,PROD000071,115,56,Southeast
2026-03-29,PROD000096,116,33,Northeast
2026-03-29,PROD000120,167,38,West
2026-03-29,PROD000152,238,23,West
2026-03-29,PROD000166,137,60,Southeast
2026-03-29,PROD000181,8,56,Midwest
2026-03-29,PROD000161,99,56,Southeast
2026-03-29,PROD000208,18,35,Midwest
2026-03-29,PROD000074,52,48,West
2026-03-29,PROD000204,19,51,West
2026-03-29,PROD000235,166,66,West
2026-03-29,PROD000014,29,31,West
2026-03-29,PROD000121,202,66,Southeast
2026-03-29,PROD000223,70,33,West
2026-03-29,PROD000248,180,39,Southeast
2026-03-29,PROD000032,7,62,Midwest
2026-03-29,PROD000245,102,66,Southeast
2026-03-29,PROD000233,0,66,Southeast
2026-03-29,PROD000132,93,34,Northeast
2026-03-29,PROD000058,224,33,Southeast
2026-03-29,PROD000197,203,59,Midwest
2026-03-29,PROD000221,216,66,Northeast
2026-03-29,PROD000178,145,62,Midwest
2026-03-30,PROD000234,210,60,West
2026-03-30,PROD000150,77,62,Midwest
2026-03-30,PROD000026,118,27,Midwest
2026-03-30,PROD000192,68,47,Southeast
2026-03-30,PROD000127,146,68,West
2026-03-30,PROD000178,62,63,Northeast
2026-03-30,PROD000052,174,19,Southeast
2026-03-30,PROD000050,51,28,Midwest
2026-03-30,PROD000203,125,20,West
2026-03-30,PROD000246,183,39,Midwest
2026-03-30,PROD000180,113,33,West
2026-03-30,PROD000060,140,44,Northeast
2026-03-30,PROD000080,53,19,Northeast
2026-03-30,PROD000175,234,54,Midwest
2026-03-30,PROD000242,205,65,Midwest
2026-03-30,PROD000204,121,60,Northeast
2026-03-30,PROD000020,98,61,West
2026-03-30,PROD000112,49,25,Midwest
2026-03-30,PROD000006,54,18,Northeast
2026-03-30,PROD000095,224,16,West
2026-03-30,PROD000079,23,20,West
2026-03-30,PROD000238,16,60,Midwest
2026-03-30,PROD000167,236,25,Midwest
2026-03-30,PROD000212,57,59,Northeast
2026-03-30,PROD000033,0,47,Northeast
2026-03-30,PROD000103,149,39,West
2026-03-30,PROD000059,85,27,Midwest
2026-03-30,PROD000035,177,51,Midwest
2026-03-30,PROD000097,181,65,Midwest
2026-03-30,PROD000134,15,19,Southeast
2026-03-30,PROD000037,78,18,Southeast
2026-03-30,PROD000158,74,35,West
2026-03-30,PROD000149,178,41,West
2026-03-30,PROD000091,203,48,Northeast
2026-03-30,PROD000107,62,45,Northeast
2026-03-30,PROD000248,236,15,Southeast
2026-03-30,PROD000225,101,60,West
2026-03-30,PROD000046,235,34,West
2026-03-30,PROD000154,211,52,Midwest
2026-03-30,PROD000047,37,38,Southeast
2026-03-30,PROD000022,176,38,Midwest
2026-03-30,PROD000012,18,42,Northeast
2026-03-30,PROD000065,143,65,Midwest
2026-03-30,PROD000137,148,59,West
2026-03-30,PROD000218,68,31,West
2026-03-30,PROD000165,3,28,Midwest
2026-03-30,PROD000135,132,58,Southeast
2026-03-30,PROD000177,179,23,Northeast
2026-03-30,PROD000048,158,51,Southeast
2026-03-30,PROD000109,110,34,Southeast
2026-03-30,PROD000187,20,36,Southeast
2026-03-30,PROD000197,82,67,West
2026-03-30,PROD000183,156,16,Midwest
2026-03-30,PROD000202,61,16,West
2026-03-30,PROD000070,122,21,Midwest
2026-03-30,PROD000062,197,37,Southeast
2026-03-30,PROD000233,140,65,Northeast
2026-03-30,PROD000049,67,68,Northeast
2026-03-30,PROD000014,164,37,Midwest
2026-03-30,PROD000171,58,60,Southeast
2026-03-30,PROD000198,150,18,West
2026-03-30,PROD000250,125,50,West
2026-03-30,PROD000044,155,59,Midwest
2026-03-30,PROD000211,51,33,West
2026-03-30,PROD000232,117,44,West
2026-03-30,PROD000142,156,31,Northeast
2026-03-30,PROD000249,102,44,Northeast
2026-03-30,PROD000090,166,30,Northeast
2026-03-30,PROD000024,128,49,Northeast
2026-03-30,PROD000168,177,69,Southeast
2026-03-30,PROD000083,101,68,Northeast
2026-03-30,PROD000220,235,62,Midwest
2026-03-30,PROD000141,149,38,Southeast
2026-03-30,PROD000228,111,18,Northeast
2026-03-30,PROD000237,92,39,Midwest
2026-03-30,PROD000174,224,43,Southeast
2026-03-30,PROD000102,34,44,Northeast
2026-03-30,PROD000068,61,54,West
2026-03-30,PROD000057,17,42,Southeast
2026-03-30,PROD000098,106,32,West
2026-03-30,PROD000034,70,21,West
2026-03-30,PROD000074,141,18,Midwest
2026-03-30,PROD000069,210,26,Southeast
2026-03-30,PROD000028,155,68,Northeast
2026-03-30,PROD000208,225,59,Northeast
2026-03-30,PROD000231,104,47,Northeast
2026-03-30,PROD000077,84,50,West
2026-03-30,PROD000088,30,69,West
2026-03-30,PROD000144,174,60,Southeast
2026-03-30,PROD000201,100,59,West
2026-03-30,PROD000196,10,18,Northeast
2026-03-30,PROD000209,202,30,Southeast
2026-03-30,PROD000182,62,61,West
2026-03-30,PROD000041,141,54,Northeast
2026-03-30,PROD000010,213,51,Southeast
2026-03-30,PROD000241,149,48,West
2026-03-30,PROD000071,55,41,Midwest
2026-03-30,PROD000162,102,16,Northeast
2026-03-30,PROD000219,235,45,Northeast
2026-03-30,PROD000011,122,69,West
2026-03-30,PROD000193,134,53,Northeast
2026-03-30,PROD000159,217,48,Southeast
2026-03-30,PROD000117,69,49,Midwest
2026-03-30,PROD000210,236,39,Northeast
2026-03-30,PROD000156,61,54,West
2026-03-30,PROD000221,159,44,Southeast
2026-03-30,PROD000085,95,32,West
2026-03-30,PROD000017,111,61,Southeast
2026-03-30,PROD000195,40,43,Southeast
2026-03-30,PROD000226,234,23,West
2026-03-30,PROD000009,174,21,Midwest
2026-03-30,PROD000176,208,57,Midwest
2026-03-30,PROD000025,69,42,West
2026-03-30,PROD000061,79,26,Southeast
2026-03-30,PROD000118,10,15,West
2026-03-30,PROD000099,28,22,Southeast
2026-03-30,PROD000001,214,35,Southeast
2026-03-30,PROD000128,222,61,Southeast
2026-03-30,PROD000054,229,21,Southeast
2026-03-30,PROD000056,120,39,West
2026-03-31,PROD000156,204,64,Northeast
2026-03-31,PROD000109,115,65,West
2026-03-31,PROD000200,129,67,Midwest
2026-03-31,PROD000234,218,24,Northeast
2026-03-31,PROD000184,19,47,Southeast
2026-03-31,PROD000054,78,19,West
2026-03-31,PROD000137,6,64,West
2026-03-31,PROD000111,202,42,West
2026-03-31,PROD000227,178,16,Northeast
2026-03-31,PROD000056,137,56,Northeast
2026-03-31,PROD000237,26,23,Midwest
2026-03-31,PROD000068,77,45,West
2026-03-31,PROD000003,181,48,West
2026-03-31,PROD000047,180,29,West
2026-03-31,PROD000158,136,28,Northeast
2026-03-31,PROD000154,129,65,Northeast
2026-03-31,PROD000189,44,55,Northeast
2026-03-31,PROD000025,85,62,Midwest
2026-03-31,PROD000064,123,15,Northeast
2026-03-31,PROD000099,104,31,Southeast
2026-03-31,PROD000091,184,51,West
2026-03-31,PROD000230,101,62,Northeast
2026-03-31,PROD000185,221,41,West
2026-03-31,PROD000203,125,27,West
2026-03-31,PROD000100,93,32,Northeast
2026-03-31,PROD000136,85,30,Midwest
2026-03-31,PROD000113,104,66,Southeast
2026-03-31,PROD000160,62,50,Northeast
2026-03-31,PROD000247,107,15,Southeast
2026-03-31,PROD000151,220,44,West
2026-03-31,PROD000118,123,64,Midwest
2026-03-31,PROD000202,103,45,Northeast
2026-03-31,PROD000131,149,19,Southeast
2026-03-31,PROD000004,8,56,Southeast
2026-03-31,PROD000192,128,24,West
2026-03-31,PROD000225,222,61,West
2026-03-31,PROD000216,89,40,West
2026-03-31,PROD000015,87,64,Midwest
2026-03-31,PROD000182,146,16,Midwest
2026-03-31,PROD000176,204,29,Northeast
2026-03-31,PROD000053,52,42,Northeast
2026-03-31,PROD000215,212,58,West
2026-03-31,PROD000002,120,46,West
2026-03-31,PROD000204,61,65,West
2026-03-31,PROD000098,188,63,Midwest
2026-03-31,PROD000094,108,64,Southeast
2026-03-31,PROD000242,218,37,Midwest
2026-03-31,PROD000086,95,56,Midwest
2026-03-31,PROD000141,56,17,Northeast
2026-03-31,PROD000191,133,39,Midwest
2026-03-31,PROD000010,19,21,Midwest
2026-03-31,PROD000063,183,64,West
2026-03-31,PROD000129,158,40,Northeast
2026-03-31,PROD000193,13,66,Northeast
2026-03-31,PROD000038,0,45,Midwest
2026-03-31,PROD000152,86,26,Northeast
2026-03-31,PROD000174,56,51,Southeast
2026-03-31,PROD000102,57,60,Northeast
2026-03-31,PROD000165,198,50,West
2026-03-31,PROD000145,153,34,Midwest
2026-03-31,PROD000236,93,41,Midwest
2026-03-31,PROD000122,175,24,Northeast
2026-03-31,PROD000167,103,25,West
2026-03-31,PROD000246,122,15,Midwest
2026-03-31,PROD000173,30,39,Northeast
2026-03-31,PROD000188,80,60,Northeast
2026-03-31,PROD000029,177,36,Southeast
2026-03-31,PROD000133,199,44,Southeast
2026-03-31,PROD000006,182,46,Midwest
2026-03-31,PROD000055,123,21,Northeast
2026-03-31,PROD000244,19,63,West
2026-03-31,PROD000001,87,61,Midwest
2026-03-31,PROD000026,207,35,Midwest
2026-03-31,PROD000088,134,15,West
2026-03-31,PROD000233,210,18,West
2026-03-31,PROD000175,153,65,Southeast
2026-03-31,PROD000206,192,55,Southeast
2026-03-31,PROD000228,168,17,Southeast
2026-03-31,PROD000076,48,19,Midwest
2026-03-31,PROD000139,210,34,West
2026-03-31,PROD000148,214,27,Midwest
2026-03-31,PROD000075,170,34,Midwest
2026-03-31,PROD000012,55,18,West
2026-03-31,PROD000121,135,31,Northeast
2026-03-31,PROD000146,26,65,Southeast
2026-03-31,PROD000104,180,50,Midwest
2026-03-31,PROD000103,142,64,West
2026-03-31,PROD000243,177,45,Northeast
2026-03-31,PROD000079,31,42,Northeast
2026-03-31,PROD000052,216,39,Northeast
2026-03-31,PROD000155,224,57,Midwest
2026-03-31,PROD000077,44,61,Northeast
2026-03-31,PROD000078,188,40,West
2026-03-31,PROD000231,123,24,Northeast
2026-03-31,PROD000224,173,49,Midwest
2026-03-31,PROD000163,48,65,West
2026-03-31,PROD000197,138,56,Midwest
2026-03-31,PROD000187,139,52,Southeast
2026-03-31,PROD000157,211,37,West
2026-03-31,PROD000164,81,52,West
2026-03-31,PROD000149,9,56,West
2026-03-31,PROD000208,4,68,West
2026-03-31,PROD000217,46,65,West
2026-03-31,PROD000080,36,46,Northeast
2026-03-31,PROD000142,164,27,West
2026-03-31,PROD000016,50,29,West
2026-03-31,PROD000037,68,45,Northeast
2026-03-31,PROD000013,39,62,West
2026-03-31,PROD000210,121,34,West
2026-03-31,PROD000135,79,60,Southeast
2026-03-31,PROD000020,56,55,Northeast
2026-03-31,PROD000011,58,41,Midwest
2026-03-31,PROD000030,206,42,Midwest
2026-03-31,PROD000028,164,69,Midwest
2026-03-31,PROD000081,223,37,Northeast
2026-03-31,PROD000018,109,26,Southeast
2026-03-31,PROD000150,209,61,West
2026-03-31,PROD000127,109,61,West
2026-03-31,PROD000060,237,69,West
2026-03-31,PROD000051,132,16,Northeast
2026-04-01,PROD000157,144,26,Northeast
2026-04-01,PROD000161,54,51,Southeast
2026-04-01,PROD000082,95,61,Southeast
2026-04-01,PROD000072,92,44,Midwest
2026-04-01,PROD000030,80,43,Northeast
2026-04-01,PROD000206,173,24,Southeast
2026-04-01,PROD000098,146,53,Southeast
2026-04-01,PROD000062,179,30,Northeast
2026-04-01,PROD000132,148,33,Northeast
2026-04-01,PROD000118,203,30,Southeast
2026-04-01,PROD000202,148,30,Southeast
2026-04-01,PROD000195,126,31,Midwest
2026-04-01,PROD000024,130,36,Southeast
2026-04-01,PROD000047,90,67,Northeast
2026-04-01,PROD000159,101,34,Northeast
2026-04-01,PROD000064,57,69,Southeast
2026-04-01,PROD000160,58,38,Northeast
2026-04-01,PROD000121,93,25,Southeast
2026-04-01,PROD000137,222,16,Northeast
2026-04-01,PROD000112,3,59,Midwest
2026-04-01,PROD000034,6,22,Southeast
2026-04-01,PROD000186,61,45,Midwest
2026-04-01,PROD000216,4,16,West
2026-04-01,PROD000069,110,26,Midwest
2026-04-01,PROD000131,97,55,Northeast
2026-04-01,PROD000205,227,31,West
2026-04-01,PROD000201,38,23,Northeast
2026-04-01,PROD000184,21,26,Midwest
2026-04-01,PROD000001,76,23,Southeast
2026-04-01,PROD000140,200,33,Southeast
2026-04-01,PROD000119,53,18,Northeast
2026-04-01,PROD000089,14,19,Southeast
2026-04-01,PROD000165,18,36,Northeast
2026-04-01,PROD000129,71,41,Northeast
2026-04-01,PROD000163,82,36,Northeast
2026-04-01,PROD000114,152,26,Midwest
2026-04-01,PROD000152,162,35,Northeast
2026-04-01,PROD000104,117,64,Midwest
2026-04-01,PROD000194,13,53,Southeast
2026-04-01,PROD000092,69,49,Midwest
2026-04-01,PROD000036,29,52,Northeast
2026-04-01,PROD000008,4,50,Northeast
2026-04-01,PROD000011,105,50,Southeast
2026-04-01,PROD000086,142,38,West
2026-04-01,PROD000170,141,67,West
2026-04-01,PROD000145,105,30,Northeast
2026-04-01,PROD000081,83,37,West
2026-04-01,PROD000057,213,34,West
2026-04-01,PROD000110,210,67,West
2026-04-01,PROD000151,99,36,Northeast
2026-04-01,PROD000171,16,23,Midwest
2026-04-01,PROD000117,23,43,Southeast
2026-04-01,PROD000187,13,15,Northeast
2026-04-01,PROD000248,181,20,Midwest
2026-04-01,PROD000237,161,46,Northeast
2026-04-01,PROD000019,165,28,West
2026-04-01,PROD000004,206,25,Northeast
2026-04-01,PROD000067,162,21,Northeast
2026-04-01,PROD000002,159,56,West
2026-04-01,PROD000156,151,37,Midwest
2026-04-01,PROD000215,231,42,Midwest
2026-04-01,PROD000228,43,43,Northeast
2026-04-01,PROD000197,167,59,Midwest
2026-04-01,PROD000233,9,32,Southeast
2026-04-01,PROD000227,125,17,Northeast
2026-04-01,PROD000066,75,35,Midwest
2026-04-01,PROD000050,230,43,Northeast
2026-04-01,PROD000146,108,41,Southeast
2026-04-01,PROD000038,21,20,West
2026-04-01,PROD000188,97,22,Southeast
2026-04-01,PROD000029,194,61,West
2026-04-01,PROD000095,78,31,West
2026-04-01,PROD000108,66,42,Northeast
2026-04-01,PROD000141,144,39,West
2026-04-01,PROD000173,219,69,West
2026-04-01,PROD000198,154,54,West
2026-04-01,PROD000085,7,27,Midwest
2026-04-01,PROD000234,76,56,Midwest
2026-04-01,PROD000243,188,44,Midwest
2026-04-01,PROD000033,104,54,Midwest
2026-04-01,PROD000054,148,35,Midwest
2026-04-01,PROD000191,97,38,Southeast
2026-04-01,PROD000016,198,47,Midwest
2026-04-01,PROD000219,186,64,Northeast
2026-04-01,PROD000164,38,26,Midwest
2026-04-01,PROD000041,228,61,Midwest
2026-04-01,PROD000101,5,34,Midwest
2026-04-01,PROD000232,7,67,West
2026-04-01,PROD000053,98,59,Northeast
2026-04-01,PROD000079,198,35,Northeast
2026-04-01,PROD000142,2,64,West
2026-04-01,PROD000028,126,21,West
2026-04-01,PROD000220,88,67,Northeast
2026-04-01,PROD000123,98,66,Southeast
2026-04-01,PROD000179,159,68,West
2026-04-01,PROD000031,184,46,Midwest
2026-04-01,PROD000143,236,46,Midwest
2026-04-01,PROD000017,120,69,West
2026-04-01,PROD000126,14,25,Northeast
2026-04-01,PROD000127,83,44,Southeast
2026-04-01,PROD000231,108,40,West
2026-04-01,PROD000168,36,51,Southeast
2026-04-01,PROD000193,64,33,West
2026-04-01,PROD000217,200,30,Northeast
2026-04-01,PROD000242,66,42,West
2026-04-01,PROD000091,88,34,West
2026-04-01,PROD000023,14,26,West
2026-04-01,PROD000235,46,15,Northeast
2026-04-01,PROD000087,170,45,Southeast
2026-04-01,PROD000213,170,35,West
2026-04-01,PROD000052,176,35,West
2026-04-01,PROD000116,18,15,West
2026-04-01,PROD000044,2,50,West
2026-04-01,PROD000068,45,48,Southeast
2026-04-01,PROD000226,202,44,Northeast
2026-04-01,PROD000147,182,41,Midwest
2026-04-01,PROD000180,66,15,Southeast
2026-04-01,PROD000177,70,44,Northeast
2026-04-01,PROD000021,193,64,Northeast
2026-04-01,PROD000175,122,19,Southeast
2026-04-02,PROD000173,172,68,Southeast
2026-04-02,PROD000069,37,56,Northeast
2026-04-02,PROD000127,62,50,West
2026-04-02,PROD000250,57,21,West
2026-04-02,PROD000175,124,39,Northeast
2026-04-02,PROD000222,178,45,Southeast
2026-04-02,PROD000178,73,60,Southeast
2026-04-02,PROD000083,118,40,West
2026-04-02,PROD000144,132,56,Northeast
2026-04-02,PROD000226,181,57,Southeast
2026-04-02,PROD000053,211,28,Southeast
2026-04-02,PROD000216,68,26,West
2026-04-02,PROD000215,144,38,Southeast
2026-04-02,PROD000233,116,29,Northeast
2026-04-02,PROD000184,113,50,Southeast
2026-04-02,PROD000221,52,38,Midwest
2026-04-02,PROD000037,84,41,Northeast
2026-04-02,PROD000151,72,52,Northeast
2026-04-02,PROD000059,53,64,Northeast
2026-04-02,PROD000095,212,55,West
2026-04-02,PROD000199,236,56,Northeast
2026-04-02,PROD000200,133,65,West
2026-04-02,PROD000136,32,24,Midwest
2026-04-02,PROD000074,204,22,West
2026-04-02,PROD000106,103,24,Southeast
2026-04-02,PROD000133,8,26,West
2026-04-02,PROD000084,61,52,Southeast
2026-04-02,PROD000047,238,22,West
2026-04-02,PROD000066,68,46,West
2026-04-02,PROD000214,19,30,Northeast
2026-04-02,PROD000035,11,16,Southeast
2026-04-02,PROD000176,67,50,Southeast
2026-04-02,PROD000180,93,40,Northeast
2026-04-02,PROD000058,81,43,Northeast
2026-04-02,PROD000090,120,34,West
2026-04-02,PROD000149,158,45,Northeast
2026-04-02,PROD000169,61,54,Southeast
2026-04-02,PROD000092,45,28,Midwest
2026-04-02,PROD000131,13,43,Northeast
2026-04-02,PROD000142,118,57,Midwest
2026-04-02,PROD000021,92,25,West
2026-04-02,PROD000012,198,60,Northeast
2026-04-02,PROD000189,216,53,Southeast
2026-04-02,PROD000029,156,35,Southeast
2026-04-02,PROD000042,24,51,West
2026-04-02,PROD000049,125,30,Northeast
2026-04-02,PROD000230,223,22,Southeast
2026-04-02,PROD000209,69,19,West
2026-04-02,PROD000055,171,44,Southeast
2026-04-02,PROD000114,222,23,West
2026-04-02,PROD000051,29,63,Northeast
2026-04-02,PROD000212,213,41,Midwest
2026-04-02,PROD000009,238,43,West
2026-04-02,PROD000112,102,60,Southeast
2026-04-02,PROD000013,231,57,Northeast
2026-04-02,PROD000065,207,16,Southeast
2026-04-02,PROD000097,175,65,Northeast
2026-04-02,PROD000022,220,23,Southeast
2026-04-02,PROD000032,135,55,Southeast
2026-04-02,PROD000137,16,65,West
2026-04-02,PROD000025,74,67,Midwest
2026-04-02,PROD000064,4,21,Northeast
2026-04-02,PROD000002,204,19,Midwest
2026-04-02,PROD000239,91,41,Southeast
2026-04-02,PROD000249,53,26,Midwest
2026-04-02,PROD000004,127,46,Southeast
2026-04-02,PROD000118,19,45,Midwest
2026-04-02,PROD000104,76,62,West
2026-04-02,PROD000195,47,54,West
2026-04-02,PROD000124,215,19,Northeast
2026-04-02,PROD000057,18,50,Northeast
2026-04-02,PROD000208,31,53,West
2026-04-02,PROD000147,202,69,Northeast
2026-04-02,PROD000156,238,55,Southeast
2026-04-02,PROD000113,228,33,Southeast
2026-04-02,PROD000087,65,40,Northeast
2026-04-02,PROD000093,102,15,West
2026-04-02,PROD000031,186,15,Midwest
2026-04-02,PROD000190,75,18,West
2026-04-02,PROD000130,21,44,Northeast
2026-04-02,PROD000234,2,20,Midwest
2026-04-02,PROD000117,90,41,Midwest
2026-04-02,PROD000143,85,62,Northeast
2026-04-02,PROD000062,167,28,Southeast
2026-04-02,PROD000148,103,19,Northeast
2026-04-02,PROD000034,120,35,West
2026-04-02,PROD000040,124,65,West
2026-04-02,PROD000129,102,25,Northeast
2026-04-02,PROD000165,18,18,Northeast
2026-04-02,PROD000158,132,34,Southeast
2026-04-02,PROD000115,48,56,Southeast
2026-04-02,PROD000054,79,66,Northeast
2026-04-02,PROD000003,18,68,Southeast
2026-04-02,PROD000245,209,67,Northeast
2026-04-02,PROD000241,120,52,Northeast
2026-04-02,PROD000191,108,31,Northeast
2026-04-02,PROD000196,122,27,West
2026-04-02,PROD000020,17,38,West
2026-04-02,PROD000225,119,51,Southeast
2026-04-02,PROD000159,190,32,Southeast
2026-04-02,PROD000150,201,66,Southeast
2026-04-02,PROD000094,124,23,Midwest
2026-04-02,PROD000076,59,48,Southeast
2026-04-02,PROD000045,81,47,Southeast
2026-04-02,PROD000098,79,42,Midwest
2026-04-02,PROD000109,193,21,Midwest
2026-04-02,PROD000182,74,29,Southeast
2026-04-02,PROD000014,231,44,West
2026-04-02,PROD000197,199,38,West
2026-04-02,PROD000038,61,60,West
2026-04-02,PROD000078,197,61,Southeast
2026-04-02,PROD000193,38,42,West
2026-04-02,PROD000100,139,54,Northeast
2026-04-02,PROD000048,53,34,Southeast
2026-04-02,PROD000005,2,56,Southeast
2026-04-02,PROD000043,207,40,Midwest
2026-04-02,PROD000015,50,48,Northeast
2026-04-02,PROD000111,211,57,Midwest
2026-04-02,PROD000071,87,29,Northeast
2026-04-02,PROD000056,20,27,West
2026-04-03,PROD000121,29,44,West
2026-04-03,PROD000096,124,59,Northeast
2026-04-03,PROD000153,29,20,Northeast
2026-04-03,PROD000147,36,27,Southeast
2026-04-03,PROD000197,103,34,West
2026-04-03,PROD000095,143,25,West
2026-04-03,PROD000064,57,67,West
2026-04-03,PROD000022,160,62,Northeast
2026-04-03,PROD000195,127,44,Midwest
2026-04-03,PROD000145,59,32,Southeast
2026-04-03,PROD000179,237,49,Southeast
2026-04-03,PROD000033,84,32,West
2026-04-03,PROD000162,221,36,Midwest
2026-04-03,PROD000043,89,65,Northeast
2026-04-03,PROD000227,1,33,Southeast
2026-04-03,PROD000224,56,53,West
2026-04-03,PROD000092,92,47,Southeast
2026-04-03,PROD000211,53,23,Northeast
2026-04-03,PROD000194,38,46,Northeast
2026-04-03,PROD000099,198,50,Midwest
2026-04-03,PROD000101,130,45,Midwest
2026-04-03,PROD000178,107,54,Northeast
2026-04-03,PROD000212,120,66,Northeast
2026-04-03,PROD000105,143,57,West
2026-04-03,PROD000188,142,22,Southeast
2026-04-03,PROD000116,163,30,Midwest
2026-04-03,PROD000210,99,22,Northeast
2026-04-03,PROD000155,160,65,Midwest
2026-04-03,PROD000059,108,51,Southeast
2026-04-03,PROD000238,149,58,Midwest
2026-04-03,PROD000143,20,47,West
2026-04-03,PROD000040,192,49,Southeast
2026-04-03,PROD000247,79,56,West
2026-04-03,PROD000157,196,25,Southeast
2026-04-03,PROD000137,189,37,West
2026-04-03,PROD000218,72,29,Northeast
2026-04-03,PROD000051,3,44,Midwest
2026-04-03,PROD000068,12,48,Midwest
2026-04-03,PROD000191,30,56,West
2026-04-03,PROD000220,122,66,Northeast
2026-04-03,PROD000060,217,29,Northeast
2026-04-03,PROD000044,172,41,Midwest
2026-04-03,PROD000159,228,33,Northeast
2026-04-03,PROD000133,21,46,West
2026-04-03,PROD000037,126,36,Midwest
2026-04-03,PROD000017,152,30,West
2026-04-03,PROD000045,92,31,West
2026-04-03,PROD000149,63,60,West
2026-04-03,PROD000003,144,67,Southeast
2026-04-03,PROD000016,162,41,Northeast
2026-04-03,PROD000130,126,22,Southeast
2026-04-03,PROD000097,115,66,West
2026-04-03,PROD000127,133,65,Southeast
2026-04-03,PROD000018,25,56,Midwest
2026-04-03,PROD000047,98,49,Midwest
2026-04-03,PROD000174,66,26,Midwest
2026-04-03,PROD000169,190,16,West
2026-04-03,PROD000071,158,48,Southeast
2026-04-03,PROD000250,202,60,Southeast
2026-04-03,PROD000125,176,38,West
2026-04-03,PROD000020,158,41,West
2026-04-03,PROD000170,149,42,Southeast
2026-04-03,PROD000173,16,33,Midwest
2026-04-03,PROD000185,51,51,Midwest
2026-04-03,PROD000113,151,28,Northeast
2026-04-03,PROD000209,0,49,West
2026-04-03,PROD000066,184,51,Midwest
2026-04-03,PROD000236,130,27,West
2026-04-03,PROD000054,88,55,Midwest
2026-04-03,PROD000232,167,43,West
2026-04-03,PROD000168,101,22,Northeast
2026-04-03,PROD000005,62,49,Northeast
2026-04-03,PROD000223,18,66,Midwest
2026-04-03,PROD000094,15,40,Midwest
2026-04-03,PROD000187,171,40,Southeast
2026-04-03,PROD000201,181,36,Southeast
2026-04-03,PROD000193,97,19,Northeast
2026-04-03,PROD000086,55,20,Northeast
2026-04-03,PROD000235,229,62,Northeast
2026-04-03,PROD000221,18,54,West
2026-04-03,PROD000198,72,50,Midwest
2026-04-03,PROD000039,130,58,Southeast
2026-04-03,PROD000154,153,47,Midwest
2026-04-03,PROD000036,33,32,West
2026-04-03,PROD000007,189,59,Midwest
2026-04-03,PROD000109,230,48,Midwest
2026-04-03,PROD000120,200,37,Northeast
2026-04-03,PROD000041,239,18,Southeast
2026-04-03,PROD000056,95,54,Southeast
2026-04-03,PROD000165,82,34,West
2026-04-03,PROD000085,97,18,Midwest
2026-04-03,PROD000063,76,30,West
2026-04-03,PROD000216,91,41,Southeast
2026-04-03,PROD000139,212,32,West
2026-04-03,PROD000049,170,49,Southeast
2026-04-03,PROD000237,7,23,West
2026-04-03,PROD000122,230,26,Northeast
2026-04-03,PROD000129,59,64,Midwest
2026-04-03,PROD000042,94,63,Midwest
2026-04-03,PROD000090,163,30,Midwest
2026-04-03,PROD000031,164,35,Northeast
2026-04-03,PROD000035,2,31,Southeast
2026-04-03,PROD000027,45,64,Midwest
2026-04-03,PROD000239,195,37,Midwest
2026-04-03,PROD000142,71,46,West
2026-04-03,PROD000032,41,54,West
2026-04-03,PROD000075,34,68,Southeast
2026-04-03,PROD000141,161,62,Southeast
2026-04-03,PROD000021,11,34,Northeast
2026-04-03,PROD000026,149,53,Northeast
2026-04-03,PROD000009,47,62,Southeast
2026-04-03,PROD000070,196,27,West
2026-04-03,PROD000150,124,38,West
2026-04-03,PROD000062,85,39,West
2026-04-03,PROD000123,5,39,Southeast
2026-04-03,PROD000248,119,25,Northeast
2026-04-03,PROD000233,27,21,West
2026-04-03,PROD000213,86,51,Northeast
2026-04-03,PROD000246,125,39,Southeast
2026-04-03,PROD000146,142,22,Southeast
2026-04-04,PROD000247,212,49,Midwest
2026-04-04,PROD000025,158,58,Midwest
2026-04-04,PROD000095,214,48,Southeast
2026-04-04,PROD000152,19,53,West
2026-04-04,PROD000223,90,43,Northeast
2026-04-04,PROD000106,235,63,West
2026-04-04,PROD000081,42,31,Northeast
2026-04-04,PROD000156,174,23,West
2026-04-04,PROD000200,32,32,West
2026-04-04,PROD000244,133,17,Midwest
2026-04-04,PROD000048,154,22,Southeast
2026-04-04,PROD000241,3,57,Midwest
2026-04-04,PROD000233,2,67,West
2026-04-04,PROD000172,106,59,Northeast
2026-04-04,PROD000052,148,43,Southeast
2026-04-04,PROD000042,173,65,Midwest
2026-04-04,PROD000246,191,36,West
2026-04-04,PROD000227,27,39,Northeast
2026-04-04,PROD000059,8,36,Midwest
2026-04-04,PROD000069,104,23,Southeast
2026-04-04,PROD000072,58,18,West
2026-04-04,PROD000058,172,42,Midwest
2026-04-04,PROD000167,156,67,Midwest
2026-04-04,PROD000094,108,33,Southeast
2026-04-04,PROD000050,149,23,West
2026-04-04,PROD000114,92,41,Southeast
2026-04-04,PROD000220,65,23,Northeast
2026-04-04,PROD000147,66,40,Midwest
2026-04-04,PROD000171,180,38,Northeast
2026-04-04,PROD000068,5,17,Midwest
2026-04-04,PROD000121,86,17,Northeast
2026-04-04,PROD000125,40,55,West
2026-04-04,PROD000208,127,19,Midwest
2026-04-04,PROD000145,238,55,Southeast
2026-04-04,PROD000043,9,59,Midwest
2026-04-04,PROD000057,50,54,West
2026-04-04,PROD000116,91,18,Northeast
2026-04-04,PROD000086,207,20,Midwest
2026-04-04,PROD000197,63,47,West
2026-04-04,PROD000018,203,60,Northeast
2026-04-04,PROD000046,101,17,Northeast
2026-04-04,PROD000122,133,52,Midwest
2026-04-04,PROD000210,86,49,Midwest
2026-04-04,PROD000056,71,48,Northeast
2026-04-04,PROD000038,201,51,Northeast
2026-04-04,PROD000249,111,35,Southeast
2026-04-04,PROD000136,152,43,Southeast
2026-04-04,PROD000111,55,17,Northeast
2026-04-04,PROD000236,54,33,Midwest
2026-04-04,PROD000199,229,50,Southeast
2026-04-04,PROD000023,108,52,West
2026-04-04,PROD000195,157,36,Northeast
2026-04-04,PROD000015,40,47,Northeast
2026-04-04,PROD000074,8,20,Northeast
2026-04-04,PROD000192,117,31,Northeast
2026-04-04,PROD000115,5,24,Midwest
2026-04-04,PROD000021,40,28,Southeast
2026-04-04,PROD000085,41,48,Midwest
2026-04-04,PROD000153,118,67,Southeast
2026-04-04,PROD000093,204,31,Midwest
2026-04-04,PROD000245,36,61,Midwest
2026-04-04,PROD000184,184,55,Northeast
2026-04-04,PROD000193,33,46,Northeast
2026-04-04,PROD000002,225,25,Midwest
2026-04-04,PROD000204,25,23,Midwest
2026-04-04,PROD000162,218,46,Southeast
2026-04-04,PROD000221,61,15,Midwest
2026-04-04,PROD000113,150,55,Northeast
2026-04-04,PROD000033,127,22,West
2026-04-04,PROD000179,72,67,West
2026-04-04,PROD000173,46,58,Northeast
2026-04-04,PROD000090,115,30,Midwest
2026-04-04,PROD000022,195,17,Midwest
2026-04-04,PROD000138,15,49,Midwest
2026-04-04,PROD000130,11,19,Northeast
2026-04-04,PROD000144,49,48,Midwest
2026-04-04,PROD000061,192,48,Northeast
2026-04-04,PROD000119,21,64,West
2026-04-04,PROD000131,125,28,Midwest
2026-04-04,PROD000127,124,42,Southeast
2026-04-04,PROD000009,206,30,Southeast
2026-04-04,PROD000196,43,45,Southeast
2026-04-04,PROD000120,52,40,West
2026-04-04,PROD000181,162,16,Midwest
2026-04-04,PROD000092,13,27,Northeast
2026-04-04,PROD000224,107,30,West
2026-04-04,PROD000217,150,44,Southeast
2026-04-04,PROD000175,217,43,Midwest
2026-04-04,PROD000013,89,36,West
2026-04-04,PROD000239,113,21,Northeast
2026-04-04,PROD000182,77,59,Southeast
2026-04-04,PROD000211,197,62,Southeast
2026-04-04,PROD000091,66,53,Southeast
2026-04-04,PROD000163,117,28,Southeast
2026-04-04,PROD000139,199,22,Midwest
2026-04-04,PROD000027,56,21,Northeast
2026-04-04,PROD000041,133,36,Midwest
2026-04-04,PROD000154,15,37,West
2026-04-04,PROD000100,191,42,Midwest
2026-04-04,PROD000166,0,25,West
2026-04-04,PROD000151,86,56,Midwest
2026-04-04,PROD000203,71,23,Midwest
2026-04-04,PROD000006,18,30,Northeast
2026-04-04,PROD000226,60,19,West
2026-04-04,PROD000228,9,60,Midwest
2026-04-04,PROD000030,83,21,Midwest
2026-04-04,PROD000209,193,68,Northeast
2026-04-04,PROD000117,140,43,West
2026-04-04,PROD000107,25,64,Midwest
2026-04-04,PROD000165,0,63,Northeast
2026-04-04,PROD000110,164,23,Midwest
2026-04-04,PROD000177,153,18,West
2026-04-04,PROD000029,120,17,Northeast
2026-04-04,PROD000213,144,56,Midwest
2026-04-04,PROD000012,216,40,Northeast
2026-04-04,PROD000134,22,42,Southeast
2026-04-04,PROD000207,113,30,West
2026-04-04,PROD000137,160,25,Northeast
2026-04-04,PROD000248,59,56,Southeast
2026-04-04,PROD000031,230,24,Northeast
2026-04-05,PROD000053,138,33,West
2026-04-05,PROD000190,140,23,West
2026-04-05,PROD000036,141,39,Northeast
2026-04-05,PROD000219,234,45,Southeast
2026-04-05,PROD000124,237,29,Midwest
2026-04-05,PROD000200,222,43,West
2026-04-05,PROD000203,31,54,West
2026-04-05,PROD000005,123,30,West
2026-04-05,PROD000159,103,27,Northeast
2026-04-05,PROD000033,208,25,West
2026-04-05,PROD000228,192,66,Northeast
2026-04-05,PROD000050,222,65,Midwest
2026-04-05,PROD000039,216,21,Southeast
2026-04-05,PROD000181,138,42,Midwest
2026-04-05,PROD000088,18,38,Midwest
2026-04-05,PROD000104,203,20,Northeast
2026-04-05,PROD000025,21,41,Northeast
2026-04-05,PROD000238,136,47,West
2026-04-05,PROD000231,186,15,Midwest
2026-04-05,PROD000150,69,31,West
2026-04-05,PROD000135,232,20,Midwest
2026-04-05,PROD000132,140,32,Midwest
2026-04-05,PROD000063,6,40,Midwest
2026-04-05,PROD000121,166,48,West
2026-04-05,PROD000008,190,15,Northeast
2026-04-05,PROD000127,86,63,West
2026-04-05,PROD000192,17,17,Northeast
2026-04-05,PROD000177,131,55,Midwest
2026-04-05,PROD000240,144,24,Midwest
2026-04-05,PROD000210,158,46,Northeast
2026-04-05,PROD000091,120,31,Southeast
2026-04-05,PROD000166,207,56,Southeast
2026-04-05,PROD000145,193,58,Southeast
2026-04-05,PROD000211,41,36,West
2026-04-05,PROD000169,221,63,Northeast
2026-04-05,PROD000123,73,23,Midwest
2026-04-05,PROD000032,126,48,Northeast
2026-04-05,PROD000029,212,45,West
2026-04-05,PROD000153,22,65,Southeast
2026-04-05,PROD000057,129,48,West
2026-04-05,PROD000015,229,36,Midwest
2026-04-05,PROD000172,23,31,Southeast
2026-04-05,PROD000060,43,20,Midwest
2026-04-05,PROD000194,195,31,Northeast
2026-04-05,PROD000055,141,54,Southeast
2026-04-05,PROD000221,178,61,West
2026-04-05,PROD000087,125,38,Northeast
2026-04-05,PROD000162,65,56,West
2026-04-05,PROD000013,23,25,West
2026-04-05,PROD000075,118,17,West
2026-04-05,PROD000011,208,65,West
2026-04-05,PROD000247,95,67,Southeast
2026-04-05,PROD000080,170,24,Southeast
2026-04-05,PROD000002,198,62,Northeast
2026-04-05,PROD000182,221,17,Southeast
2026-04-05,PROD000026,112,54,West
2026-04-05,PROD000037,165,17,Midwest
2026-04-05,PROD000214,116,20,West
2026-04-05,PROD000114,77,26,Northeast
2026-04-05,PROD000076,112,46,Midwest
2026-04-05,PROD000094,82,32,West
2026-04-05,PROD000090,5,41,Southeast
2026-04-05,PROD000001,209,36,Southeast
2026-04-05,PROD000235,193,46,Midwest
2026-04-05,PROD000239,145,16,West
2026-04-05,PROD000064,169,25,Northeast
2026-04-05,PROD000105,182,42,West
2026-04-05,PROD000101,93,39,West
2026-04-05,PROD000156,167,29,Northeast
2026-04-05,PROD000074,44,68,Midwest
2026-04-05,PROD000095,39,68,Midwest
2026-04-05,PROD000128,10,41,Midwest
2026-04-05,PROD000160,149,37,Northeast
2026-04-05,PROD000021,214,21,West
2026-04-05,PROD000186,178,15,Midwest
2026-04-05,PROD000161,124,45,West
2026-04-05,PROD000202,216,45,West
2026-04-05,PROD000069,166,21,Midwest
2026-04-05,PROD000054,177,62,Midwest
2026-04-05,PROD000031,154,33,Northeast
2026-04-05,PROD000022,111,36,Southeast
2026-04-05,PROD000227,172,47,Northeast
2026-04-05,PROD000082,97,25,Midwest
2026-04-05,PROD000027,93,47,Southeast
2026-04-05,PROD000139,157,31,Northeast
2026-04-05,PROD000225,38,68,Northeast
2026-04-05,PROD000131,205,28,Southeast
2026-04-05,PROD000180,191,33,West
2026-04-05,PROD000047,212,19,Midwest
2026-04-05,PROD000151,218,65,Midwest
2026-04-05,PROD000199,95,69,Southeast
2026-04-05,PROD000152,189,63,Southeast
2026-04-05,PROD000083,233,50,Northeast
2026-04-05,PROD000110,83,66,Midwest
2026-04-05,PROD000213,207,30,West
2026-04-05,PROD000146,119,20,Northeast
2026-04-05,PROD000195,98,26,Midwest
2026-04-05,PROD000098,24,24,Northeast
2026-04-05,PROD000073,40,29,Southeast
2026-04-05,PROD000086,22,31,Northeast
2026-04-05,PROD000017,85,67,West
2026-04-05,PROD000062,85,17,Northeast
2026-04-05,PROD000179,87,40,West
2026-04-05,PROD000226,1,30,Midwest
2026-04-05,PROD000085,147,20,Southeast
2026-04-05,PROD000234,234,61,Northeast
2026-04-05,PROD000140,5,36,West
2026-04-05,PROD000136,186,30,Northeast
2026-04-05,PROD000138,57,66,Southeast
2026-04-05,PROD000079,94,59,Midwest
2026-04-05,PROD000040,73,66,West
2026-04-05,PROD000148,66,61,Northeast
2026-04-05,PROD000102,107,18,West
2026-04-05,PROD000046,40,67,Midwest
2026-04-05,PROD000024,26,32,Midwest
2026-04-05,PROD000052,38,46,Southeast
2026-04-05,PROD000217,194,19,West
2026-04-05,PROD000048,9,15,West
2026-04-05,PROD000007,172,65,Northeast
2026-04-05,PROD000170,65,21,Midwest
2026-04-06,PROD000249,32,55,Northeast
2026-04-06,PROD000090,186,47,West
2026-04-06,PROD000165,9,23,West
2026-04-06,PROD000202,15,59,Midwest
2026-04-06,PROD000117,25,35,Northeast
2026-04-06,PROD000115,47,28,Northeast
2026-04-06,PROD000080,205,59,West
2026-04-06,PROD000077,53,51,West
2026-04-06,PROD000118,236,54,West
2026-04-06,PROD000138,46,38,West
2026-04-06,PROD000162,149,50,Midwest
2026-04-06,PROD000242,187,61,Southeast
2026-04-06,PROD000235,179,33,Southeast
2026-04-06,PROD000172,52,29,Northeast
2026-04-06,PROD000244,239,44,West
2026-04-06,PROD000224,99,28,Southeast
2026-04-06,PROD000038,42,42,Southeast
2026-04-06,PROD000104,210,55,Midwest
2026-04-06,PROD000060,8,28,Southeast
2026-04-06,PROD000025,51,58,West
2026-04-06,PROD000001,179,60,West
2026-04-06,PROD000100,61,57,Midwest
2026-04-06,PROD000083,174,52,Southeast
2026-04-06,PROD000061,228,33,West
2026-04-06,PROD000203,52,38,West
2026-04-06,PROD000012,20,28,West
2026-04-06,PROD000024,71,52,Southeast
2026-04-06,PROD000106,154,21,Northeast
2026-04-06,PROD000044,140,26,Northeast
2026-04-06,PROD000232,30,62,Northeast
2026-04-06,PROD000201,163,21,Northeast
2026-04-06,PROD000153,202,49,Northeast
2026-04-06,PROD000066,10,34,Midwest
2026-04-06,PROD000073,236,55,Southeast
2026-04-06,PROD000181,118,20,Midwest
2026-04-06,PROD000234,192,37,West
2026-04-06,PROD000157,188,67,West
2026-04-06,PROD000146,142,40,Midwest
2026-04-06,PROD000142,208,16,West
2026-04-06,PROD000222,101,18,Southeast
2026-04-06,PROD000053,213,28,Midwest
2026-04-06,PROD000143,182,32,Northeast
2026-04-06,PROD000019,6,66,West
2026-04-06,PROD000139,43,39,West
2026-04-06,PROD000140,183,68,West
2026-04-06,PROD000122,50,24,Northeast
2026-04-06,PROD000248,199,20,West
2026-04-06,PROD000027,68,49,Southeast
2026-04-06,PROD000167,134,60,Southeast
2026-04-06,PROD000237,23,52,West
2026-04-06,PROD000247,199,33,Midwest
2026-04-06,PROD000023,40,34,Northeast
2026-04-06,PROD000163,239,17,Northeast
2026-04-06,PROD000018,71,28,Northeast
2026-04-06,PROD000121,56,48,Midwest
2026-04-06,PROD000014,145,23,Southeast
2026-04-06,PROD000207,110,30,West
2026-04-06,PROD000193,163,22,West
2026-04-06,PROD000164,27,50,West
2026-04-06,PROD000015,113,62,Northeast
2026-04-06,PROD000145,24,53,West
2026-04-06,PROD000072,237,22,West
2026-04-06,PROD000007,32,63,Southeast
2026-04-06,PROD000210,106,43,West
2026-04-06,PROD000177,76,47,Southeast
2026-04-06,PROD000144,111,17,Midwest
2026-04-06,PROD000240,149,67,Northeast
2026-04-06,PROD000081,155,49,West
2026-04-06,PROD000050,216,47,West
2026-04-06,PROD000229,36,58,Southeast
2026-04-06,PROD000191,225,15,West
2026-04-06,PROD000123,41,31,Southeast
2026-04-06,PROD000069,46,45,Southeast
2026-04-06,PROD000216,17,26,Southeast
2026-04-06,PROD000160,54,56,Midwest
2026-04-06,PROD000062,53,55,Midwest
2026-04-06,PROD000225,2,38,Midwest
2026-04-06,PROD000183,48,64,Northeast
2026-04-06,PROD000156,74,33,Southeast
2026-04-06,PROD000008,189,58,Midwest
2026-04-06,PROD000132,132,31,Northeast
2026-04-06,PROD000111,202,54,Northeast
2026-04-06,PROD000107,175,35,West
2026-04-06,PROD000093,45,51,Northeast
2026-04-06,PROD000005,99,57,Southeast
2026-04-06,PROD000058,200,66,Southeast
2026-04-06,PROD000067,207,28,West
2026-04-06,PROD000185,194,48,Southeast
2026-04-06,PROD000217,46,23,Northeast
2026-04-06,PROD000152,164,36,West
2026-04-06,PROD000049,193,48,Southeast
2026-04-06,PROD000126,121,65,Midwest
2026-04-06,PROD000131,50,46,Southeast
2026-04-06,PROD000091,79,56,Southeast
2026-04-06,PROD000097,159,19,Southeast
2026-04-06,PROD000009,230,57,Southeast
2026-04-06,PROD000035,13,34,West
2026-04-06,PROD000047,136,68,Southeast
2026-04-06,PROD000045,93,31,Northeast
2026-04-06,PROD000227,131,27,West
2026-04-06,PROD000226,136,31,Northeast
2026-04-06,PROD000211,215,43,Midwest
2026-04-06,PROD000200,128,31,Northeast
2026-04-06,PROD000039,95,27,Midwest
2026-04-06,PROD000087,164,33,Midwest
2026-04-06,PROD000168,26,42,Midwest
2026-04-06,PROD000020,158,65,Southeast
2026-04-06,PROD000068,74,45,Southeast
2026-04-06,PROD000031,71,49,Midwest
2026-04-06,PROD000189,228,17,Midwest
2026-04-06,PROD000198,39,42,Southeast
2026-04-06,PROD000085,180,38,Southeast
2026-04-06,PROD000088,48,66,Northeast
2026-04-06,PROD000239,17,49,Midwest
2026-04-06,PROD000102,114,23,Northeast
2026-04-06,PROD000013,219,48,Southeast
2026-04-06,PROD000245,179,69,Southeast
2026-04-06,PROD000188,90,22,West
2026-04-06,PROD000037,173,30,Northeast
2026-04-06,PROD000074,163,16,Midwest
2026-04-07,PROD000125,157,53,Southeast
2026-04-07,PROD000205,167,52,Midwest
2026-04-07,PROD000134,73,20,Midwest
2026-04-07,PROD000152,127,26,Southeast
2026-04-07,PROD000057,53,50,West
2026-04-07,PROD000055,49,45,Northeast
2026-04-07,PROD000220,66,44,Northeast
2026-04-07,PROD000213,61,17,Northeast
2026-04-07,PROD000215,23,63,Northeast
2026-04-07,PROD000033,35,37,Midwest
2026-04-07,PROD000092,179,32,Northeast
2026-04-07,PROD000158,234,30,Midwest
2026-04-07,PROD000128,89,40,Southeast
2026-04-07,PROD000113,3,23,Northeast
2026-04-07,PROD000045,182,55,West
2026-04-07,PROD000148,103,28,Northeast
2026-04-07,PROD000236,15,25,Southeast
2026-04-07,PROD000232,15,32,West
2026-04-07,PROD000088,125,19,Northeast
2026-04-07,PROD000136,128,30,West
2026-04-07,PROD000075,61,19,Southeast
2026-04-07,PROD000065,18,49,Southeast
2026-04-07,PROD000195,90,52,West
2026-04-07,PROD000069,233,57,Midwest
2026-04-07,PROD000082,231,57,Southeast
2026-04-07,PROD000132,220,50,Northeast
2026-04-07,PROD000193,95,27,Midwest
2026-04-07,PROD000119,34,44,Midwest
2026-04-07,PROD000175,124,20,Southeast
2026-04-07,PROD000116,209,61,West
2026-04-07,PROD000146,170,39,Midwest
2026-04-07,PROD000081,137,62,Northeast
2026-04-07,PROD000219,204,62,Northeast
2026-04-07,PROD000138,144,15,West
2026-04-07,PROD000074,79,18,Southeast
2026-04-07,PROD000079,230,59,Midwest
2026-04-07,PROD000168,57,59,Southeast
2026-04-07,PROD000100,136,20,Southeast
2026-04-07,PROD000235,151,32,Southeast
2026-04-07,PROD000249,24,20,Midwest
2026-04-07,PROD000048,84,34,Northeast
2026-04-07,PROD000103,33,46,Northeast
2026-04-07,PROD000024,71,65,Northeast
2026-04-07,PROD000164,59,57,Northeast
2026-04-07,PROD000102,223,19,West
2026-04-07,PROD000077,157,33,Northeast
2026-04-07,PROD000163,103,61,Northeast
2026-04-07,PROD000091,78,44,Southeast
2026-04-07,PROD000066,154,45,Southeast
2026-04-07,PROD000186,164,64,West
2026-04-07,PROD000143,226,20,Midwest
2026-04-07,PROD000176,34,65,Northeast
2026-04-07,PROD000041,111,41,Northeast
2026-04-07,PROD000018,222,49,Southeast
2026-04-07,PROD000107,23,65,Southeast
2026-04-07,PROD000142,219,64,Southeast
2026-04-07,PROD000238,181,37,Southeast
2026-04-07,PROD000174,107,52,West
2026-04-07,PROD000053,198,18,Southeast
2026-04-07,PROD000224,42,60,Midwest
2026-04-07,PROD000188,78,43,Southeast
2026-04-07,PROD000030,56,28,Midwest
2026-04-07,PROD000104,117,25,West
2026-04-07,PROD000223,30,65,West
2026-04-07,PROD000072,104,49,Midwest
2026-04-07,PROD000108,183,42,Midwest
2026-04-07,PROD000089,115,18,Northeast
2026-04-07,PROD000096,237,68,Northeast
2026-04-07,PROD000197,65,31,Southeast
2026-04-07,PROD000080,230,45,Midwest
2026-04-07,PROD000179,212,52,Midwest
2026-04-07,PROD000139,163,44,West
2026-04-07,PROD000180,67,58,West
2026-04-07,PROD000005,89,16,Midwest
2026-04-07,PROD000216,64,46,Midwest
2026-04-07,PROD000109,176,68,Northeast
2026-04-07,PROD000120,98,69,Midwest
2026-04-07,PROD000038,59,51,Southeast
2026-04-07,PROD000140,164,30,Northeast
2026-04-07,PROD000050,57,20,Northeast
2026-04-07,PROD000101,30,28,West
2026-04-07,PROD000084,19,58,West
2026-04-07,PROD000196,8,34,Northeast
2026-04-07,PROD000035,207,25,West
2026-04-07,PROD000135,132,22,Southeast
2026-04-07,PROD000062,26,50,Northeast
2026-04-07,PROD000073,236,49,Midwest
2026-04-07,PROD000230,2,17,Midwest
2026-04-07,PROD000171,71,19,Northeast
2026-04-07,PROD000049,228,35,Northeast
2026-04-07,PROD000185,195,47,Southeast
2026-04-07,PROD000009,85,54,Midwest
2026-04-07,PROD000027,125,44,West
2026-04-07,PROD000078,45,16,Northeast
2026-04-07,PROD000153,92,59,Midwest
2026-04-07,PROD000019,136,24,Northeast
2026-04-07,PROD000204,87,65,West
2026-04-07,PROD000012,7,17,Midwest
2026-04-07,PROD000147,86,22,Midwest
2026-04-07,PROD000087,183,28,Midwest
2026-04-07,PROD000133,106,51,Southeast
2026-04-07,PROD000202,123,39,West
2026-04-07,PROD000060,35,58,Southeast
2026-04-07,PROD000112,10,56,Midwest
2026-04-07,PROD000184,156,34,Northeast
2026-04-07,PROD000208,110,16,Northeast
2026-04-07,PROD000212,22,60,Midwest
2026-04-07,PROD000244,190,21,Midwest
2026-04-07,PROD000165,166,16,Southeast
2026-04-07,PROD000032,226,34,Southeast
2026-04-07,PROD000022,131,31,Southeast
2026-04-07,PROD000056,130,27,Southeast
2026-04-07,PROD000122,19,44,Southeast
2026-04-07,PROD000209,147,44,Midwest
2026-04-07,PROD000194,168,51,Midwest
2026-04-07,PROD000162,37,54,Southeast
2026-04-07,PROD000191,64,25,Midwest
2026-04-07,PROD000241,223,45,West
2026-04-07,PROD000161,20,38,Midwest
2026-04-07,PROD000044,126,38,Northeast
2026-04-08,PROD000247,101,57,Southeast
2026-04-08,PROD000198,43,36,Northeast
2026-04-08,PROD000046,22,33,West
2026-04-08,PROD000112,108,65,Midwest
2026-04-08,PROD000124,54,48,Northeast
2026-04-08,PROD000065,217,36,Midwest
2026-04-08,PROD000118,208,48,West
2026-04-08,PROD000028,194,51,Southeast
2026-04-08,PROD000040,168,32,Southeast
2026-04-08,PROD000248,123,18,Midwest
2026-04-08,PROD000021,201,50,Midwest
2026-04-08,PROD000229,216,23,Southeast
2026-04-08,PROD000224,171,25,West
2026-04-08,PROD000171,138,41,West
2026-04-08,PROD000140,187,49,Midwest
2026-04-08,PROD000025,197,61,West
2026-04-08,PROD000139,229,29,Northeast
2026-04-08,PROD000082,48,48,Northeast
2026-04-08,PROD000066,37,30,Southeast
2026-04-08,PROD000087,188,24,Southeast
2026-04-08,PROD000249,128,29,Northeast
2026-04-08,PROD000096,99,54,Northeast
2026-04-08,PROD000010,148,26,Northeast
2026-04-08,PROD000236,205,19,Midwest
2026-04-08,PROD000158,37,66,Northeast
2026-04-08,PROD000173,73,34,Southeast
2026-04-08,PROD000190,103,24,West
2026-04-08,PROD000114,144,21,West
2026-04-08,PROD000108,155,69,Southeast
2026-04-08,PROD000134,124,16,Midwest
2026-04-08,PROD000053,73,32,West
2026-04-08,PROD000049,194,23,Midwest
2026-04-08,PROD000011,54,31,Northeast
2026-04-08,PROD000019,2,57,Midwest
2026-04-08,PROD000033,161,56,Northeast
2026-04-08,PROD000016,90,35,Midwest
2026-04-08,PROD000241,52,66,Midwest
2026-04-08,PROD000209,195,63,Southeast
2026-04-08,PROD000067,204,31,Northeast
2026-04-08,PROD000188,28,28,West
2026-04-08,PROD000100,154,66,Northeast
2026-04-08,PROD000152,147,25,Southeast
2026-04-08,PROD000168,174,44,Northeast
2026-04-08,PROD000174,44,58,West
2026-04-08,PROD000189,233,63,West
2026-04-08,PROD000064,84,26,Midwest
2026-04-08,PROD000003,159,66,Southeast
2026-04-08,PROD000166,172,45,Southeast
2026-04-08,PROD000200,135,27,West
2026-04-08,PROD000211,94,31,Southeast
2026-04-08,PROD000133,55,17,West
2026-04-08,PROD000226,22,22,Midwest
2026-04-08,PROD000038,90,37,West
2026-04-08,PROD000121,236,62,Northeast
2026-04-08,PROD000099,91,51,West
2026-04-08,PROD000119,75,63,West
2026-04-08,PROD000192,7,37,Southeast
2026-04-08,PROD000078,181,60,Midwest
2026-04-08,PROD000085,1,67,Southeast
2026-04-08,PROD000036,155,20,Northeast
2026-04-08,PROD000056,139,36,Southeast
2026-04-08,PROD000208,65,28,Midwest
2026-04-08,PROD000204,201,33,Northeast
2026-04-08,PROD000239,168,25,Northeast
2026-04-08,PROD000201,6,38,West
2026-04-08,PROD000127,95,37,Midwest
2026-04-08,PROD000228,113,38,Southeast
2026-04-08,PROD000120,189,38,Northeast
2026-04-08,PROD000075,145,28,Midwest
2026-04-08,PROD000218,164,55,Southeast
2026-04-08,PROD000187,238,47,Midwest
2026-04-08,PROD000054,124,37,Northeast
2026-04-08,PROD000154,82,18,Northeast
2026-04-08,PROD000156,212,24,Midwest
2026-04-08,PROD000164,164,37,Midwest
2026-04-08,PROD000004,31,47,Northeast
2026-04-08,PROD000045,86,24,West
2026-04-08,PROD000073,171,20,West
2026-04-08,PROD000058,114,22,Northeast
2026-04-08,PROD000148,203,66,Southeast
2026-04-08,PROD000101,159,27,Southeast
2026-04-08,PROD000024,181,62,Northeast
2026-04-08,PROD000143,145,24,Northeast
2026-04-08,PROD000129,111,15,Midwest
2026-04-08,PROD000144,104,46,Southeast
2026-04-08,PROD000007,8,47,Midwest
2026-04-08,PROD000104,41,67,Midwest
2026-04-08,PROD000151,162,40,Northeast
2026-04-08,PROD000185,161,19,West
2026-04-08,PROD000083,212,59,Northeast
2026-04-08,PROD000207,176,64,West
2026-04-08,PROD000102,132,67,Southeast
2026-04-08,PROD000044,179,67,West
2026-04-08,PROD000147,167,32,Midwest
2026-04-08,PROD000055,14,57,Southeast
2026-04-08,PROD000162,187,29,Midwest
2026-04-08,PROD000091,195,50,Northeast
2026-04-08,PROD000234,63,15,West
2026-04-08,PROD000048,39,58,Northeast
2026-04-08,PROD000157,50,59,Midwest
2026-04-08,PROD000206,18,21,West
2026-04-08,PROD000135,150,57,Midwest
2026-04-08,PROD000116,166,21,West
2026-04-08,PROD000095,159,69,West
2026-04-08,PROD000225,134,25,Midwest
2026-04-08,PROD000032,177,55,Midwest
2026-04-08,PROD000022,186,28,West
2026-04-08,PROD000023,43,34,Midwest
2026-04-08,PROD000017,62,51,Southeast
2026-04-08,PROD000180,212,15,West
2026-04-08,PROD000072,77,66,Northeast
2026-04-08,PROD000175,203,58,Midwest
2026-04-08,PROD000057,97,42,Midwest
2026-04-08,PROD000062,52,58,Southeast
2026-04-08,PROD000223,106,17,Southeast
2026-04-08,PROD000014,101,47,Northeast
2026-04-08,PROD000061,187,47,West
2026-04-08,PROD000029,153,64,Midwest
2026-04-08,PROD000037,97,30,West
2026-04-08,PROD000230,232,37,Southeast
2026-04-09,PROD000204,62,33,West
2026-04-09,PROD000079,60,58,Northeast
2026-04-09,PROD000088,91,23,West
2026-04-09,PROD000165,181,52,Northeast
2026-04-09,PROD000061,98,29,West
2026-04-09,PROD000117,118,18,Northeast
2026-04-09,PROD000102,9,49,West
2026-04-09,PROD000200,176,19,Northeast
2026-04-09,PROD000101,143,50,Northeast
2026-04-09,PROD000017,125,46,Southeast
2026-04-09,PROD000026,211,60,Southeast
2026-04-09,PROD000130,81,56,Northeast
2026-04-09,PROD000060,170,32,Midwest
2026-04-09,PROD000068,186,50,Northeast
2026-04-09,PROD000025,156,20,Northeast
2026-04-09,PROD000246,41,23,West
2026-04-09,PROD000184,239,17,Northeast
2026-04-09,PROD000030,72,16,Southeast
2026-04-09,PROD000206,204,40,Northeast
2026-04-09,PROD000066,62,32,West
2026-04-09,PROD000091,131,24,Northeast
2026-04-09,PROD000023,72,58,Southeast
2026-04-09,PROD000043,57,43,Midwest
2026-04-09,PROD000128,76,53,Midwest
2026-04-09,PROD000021,177,52,Northeast
2026-04-09,PROD000161,29,46,Midwest
2026-04-09,PROD000213,9,50,Southeast
2026-04-09,PROD000027,185,49,Northeast
2026-04-09,PROD000073,113,20,Midwest
2026-04-09,PROD000193,221,19,West
2026-04-09,PROD000232,199,17,Southeast
2026-04-09,PROD000024,43,55,Midwest
2026-04-09,PROD000197,35,19,Northeast
2026-04-09,PROD000105,216,35,Northeast
2026-04-09,PROD000159,42,51,West
2026-04-09,PROD000227,71,67,West
2026-04-09,PROD000070,32,49,Midwest
2026-04-09,PROD000012,5,46,West
2026-04-09,PROD000107,48,15,Northeast
2026-04-09,PROD000090,8,37,Northeast
2026-04-09,PROD000171,96,23,Midwest
2026-04-09,PROD000202,104,32,Southeast
2026-04-09,PROD000162,18,22,Southeast
2026-04-09,PROD000103,207,16,West
2026-04-09,PROD000154,78,48,Midwest
2026-04-09,PROD000238,178,59,West
2026-04-09,PROD000181,186,18,Southeast
2026-04-09,PROD000082,175,65,Northeast
2026-04-09,PROD000015,154,67,Northeast
2026-04-09,PROD000005,127,57,Midwest
2026-04-09,PROD000196,10,64,Northeast
2026-04-09,PROD000224,170,49,West
2026-04-09,PROD000062,188,38,Southeast
2026-04-09,PROD000191,198,62,West
2026-04-09,PROD000122,169,25,West
2026-04-09,PROD000067,103,63,Midwest
2026-04-09,PROD000078,138,69,Southeast
2026-04-09,PROD000247,183,28,West
2026-04-09,PROD000230,221,27,West
2026-04-09,PROD000143,26,36,Midwest
2026-04-09,PROD000187,154,47,Midwest
2026-04-09,PROD000248,2,53,Northeast
2026-04-09,PROD000080,38,35,West
2026-04-09,PROD000211,207,52,Midwest
2026-04-09,PROD000006,98,51,Midwest
2026-04-09,PROD000093,143,26,West
2026-04-09,PROD000032,114,50,Northeast
2026-04-09,PROD000038,56,66,Midwest
2026-04-09,PROD000167,75,31,Southeast
2026-04-09,PROD000149,203,36,Southeast
2026-04-09,PROD000001,179,15,West
2026-04-09,PROD000034,150,63,West
2026-04-09,PROD000244,115,18,West
2026-04-09,PROD000207,44,35,Midwest
2026-04-09,PROD000142,55,43,Midwest
2026-04-09,PROD000228,111,23,West
2026-04-09,PROD000033,54,67,Midwest
2026-04-09,PROD000056,94,54,Midwest
2026-04-09,PROD000136,21,43,Midwest
2026-04-09,PROD000190,69,43,West
2026-04-09,PROD000081,130,38,Northeast
2026-04-09,PROD000121,147,24,West
2026-04-09,PROD000205,72,59,West
2026-04-09,PROD000216,17,64,Northeast
2026-04-09,PROD000221,159,52,Southeast
2026-04-09,PROD000092,79,48,West
2026-04-09,PROD000199,137,59,West
2026-04-09,PROD000233,184,39,Northeast
2026-04-09,PROD000138,138,48,Midwest
2026-04-09,PROD000004,213,48,Southeast
2026-04-09,PROD000054,197,69,Midwest
2026-04-09,PROD000064,120,58,Midwest
2026-04-09,PROD000237,224,61,Midwest
2026-04-09,PROD000041,6,42,West
2026-04-09,PROD000059,95,61,Northeast
2026-04-09,PROD000095,104,40,Northeast
2026-04-09,PROD000086,2,24,Midwest
2026-04-09,PROD000118,101,20,Northeast
2026-04-09,PROD000235,216,56,Southeast
2026-04-09,PROD000098,209,26,Midwest
2026-04-09,PROD000139,156,60,Southeast
2026-04-09,PROD000057,135,45,Northeast
2026-04-09,PROD000069,138,17,Northeast
2026-04-09,PROD000126,184,48,West
2026-04-09,PROD000179,115,64,Southeast
2026-04-09,PROD000168,183,48,Midwest
2026-04-09,PROD000185,223,25,West
2026-04-09,PROD000144,82,22,Southeast
2026-04-09,PROD000040,144,54,Northeast
2026-04-09,PROD000106,161,27,Southeast
2026-04-09,PROD000243,166,24,West
2026-04-09,PROD000192,226,67,Southeast
2026-04-09,PROD000053,128,26,West
2026-04-09,PROD000112,7,41,Southeast
2026-04-09,PROD000201,68,45,Northeast
2026-04-09,PROD000234,213,29,Northeast
2026-04-09,PROD000218,25,46,Southeast
2026-04-09,PROD000010,46,62,Northeast
2026-04-09,PROD000011,156,54,Southeast
2026-04-09,PROD000113,239,65,Midwest
2026-04-10,PROD000228,45,32,Southeast
2026-04-10,PROD000141,52,55,West
2026-04-10,PROD000081,140,37,West
2026-04-10,PROD000129,202,37,Northeast
2026-04-10,PROD000120,173,24,Midwest
2026-04-10,PROD000237,189,66,West
2026-04-10,PROD000148,201,30,Midwest
2026-04-10,PROD000250,137,61,Northeast
2026-04-10,PROD000063,97,35,Northeast
2026-04-10,PROD000193,66,45,Northeast
2026-04-10,PROD000099,154,64,Southeast
2026-04-10,PROD000247,186,60,Midwest
2026-04-10,PROD000219,129,57,West
2026-04-10,PROD000024,86,59,Southeast
2026-04-10,PROD000213,68,45,Midwest
2026-04-10,PROD000133,75,46,Northeast
2026-04-10,PROD000061,27,27,Northeast
2026-04-10,PROD000147,83,27,Midwest
2026-04-10,PROD000102,205,53,Midwest
2026-04-10,PROD000033,160,69,Northeast
2026-04-10,PROD000008,164,26,West
2026-04-10,PROD000131,13,40,Northeast
2026-04-10,PROD000114,136,56,Southeast
2026-04-10,PROD000243,117,45,Southeast
2026-04-10,PROD000034,168,33,Northeast
2026-04-10,PROD000062,76,26,Southeast
2026-04-10,PROD000207,220,36,Southeast
2026-04-10,PROD000244,104,37,Southeast
2026-04-10,PROD000155,209,61,Midwest
2026-04-10,PROD000029,127,43,Southeast
2026-04-10,PROD000149,201,64,Northeast
2026-04-10,PROD000105,51,23,West
2026-04-10,PROD000118,61,19,West
2026-04-10,PROD000204,95,31,West
2026-04-10,PROD000195,187,68,West
2026-04-10,PROD000145,107,42,Midwest
2026-04-10,PROD000188,120,57,Southeast
2026-04-10,PROD000066,19,67,Northeast
2026-04-10,PROD000080,106,29,Midwest
2026-04-10,PROD000192,64,30,Midwest
2026-04-10,PROD000162,71,27,Southeast
2026-04-10,PROD000197,35,42,Southeast
2026-04-10,PROD000180,218,39,Northeast
2026-04-10,PROD000200,178,33,West
2026-04-10,PROD000245,32,35,West
2026-04-10,PROD000085,116,16,Midwest
2026-04-10,PROD000226,223,26,Midwest
2026-04-10,PROD000074,200,50,West
2026-04-10,PROD000017,168,34,Southeast
2026-04-10,PROD000101,6,62,Midwest
2026-04-10,PROD000230,227,66,West
2026-04-10,PROD000065,7,15,Northeast
2026-04-10,PROD000135,13,37,Northeast
2026-04-10,PROD000109,79,33,Midwest
2026-04-10,PROD000206,236,29,Southeast
2026-04-10,PROD000126,21,45,West
2026-04-10,PROD000234,88,24,Midwest
2026-04-10,PROD000172,98,46,Midwest
2026-04-10,PROD000202,227,18,Midwest
2026-04-10,PROD000240,182,19,Northeast
2026-04-10,PROD000106,153,29,Northeast
2026-04-10,PROD000151,21,46,Southeast
2026-04-10,PROD000218,222,59,Northeast
2026-04-10,PROD000096,143,34,West
2026-04-10,PROD000025,224,43,West
2026-04-10,PROD000152,190,26,Midwest
2026-04-10,PROD000190,16,28,Midwest
2026-04-10,PROD000068,48,50,Midwest
2026-04-10,PROD000165,193,47,West
2026-04-10,PROD000143,97,64,Northeast
2026-04-10,PROD000223,1,19,Northeast
2026-04-10,PROD000171,28,66,Southeast
2026-04-10,PROD000047,61,52,Northeast
2026-04-10,PROD000107,24,34,Southeast
2026-04-10,PROD000021,229,33,Northeast
2026-04-10,PROD000160,207,53,West
2026-04-10,PROD000224,42,30,Southeast
2026-04-10,PROD000146,10,41,Midwest
2026-04-10,PROD000166,130,24,Midwest
2026-04-10,PROD000248,29,63,Midwest
2026-04-10,PROD000057,41,31,Southeast
2026-04-10,PROD000011,111,40,West
2026-04-10,PROD000036,43,48,Midwest
2026-04-10,PROD000158,233,25,Southeast
2026-04-10,PROD000110,143,30,Northeast
2026-04-10,PROD000154,56,20,Midwest
2026-04-10,PROD000031,149,47,Midwest
2026-04-10,PROD000045,172,43,Southeast
2026-04-10,PROD000038,164,45,West
2026-04-10,PROD000199,174,47,Southeast
2026-04-10,PROD000075,165,18,Southeast
2026-04-10,PROD000130,125,39,Northeast
2026-04-10,PROD000035,221,44,Southeast
2026-04-10,PROD000242,85,30,Northeast
2026-04-10,PROD000221,190,35,Midwest
2026-04-10,PROD000026,84,52,Southeast
2026-04-10,PROD000123,119,69,Southeast
2026-04-10,PROD000084,239,54,Northeast
2026-04-10,PROD000236,214,42,West
2026-04-10,PROD000113,11,21,West
2026-04-10,PROD000054,73,47,Midwest
2026-04-10,PROD000100,55,19,West
2026-04-10,PROD000167,105,37,Northeast
2026-04-10,PROD000111,234,17,Northeast
2026-04-10,PROD000239,69,40,Southeast
2026-04-10,PROD000103,70,21,West
2026-04-10,PROD000037,173,69,Southeast
2026-04-10,PROD000009,41,47,Midwest
2026-04-10,PROD000092,136,26,West
2026-04-10,PROD000079,118,58,Northeast
2026-04-10,PROD000150,235,29,West
2026-04-10,PROD000189,184,44,Southeast
2026-04-10,PROD000098,183,35,West
2026-04-10,PROD000041,216,29,Southeast
2026-04-10,PROD000043,172,25,Southeast
2026-04-10,PROD000156,0,24,Southeast
2026-04-10,PROD000058,238,47,Northeast
2026-04-10,PROD000184,174,58,West
2026-04-10,PROD000249,136,27,Southeast
2026-04-10,PROD000177,36,33,Midwest
2026-04-11,PROD000054,107,56,West
2026-04-11,PROD000125,93,40,Southeast
2026-04-11,PROD000135,24,15,Southeast
2026-04-11,PROD000203,97,65,Southeast
2026-04-11,PROD000191,53,53,Midwest
2026-04-11,PROD000170,159,36,Northeast
2026-04-11,PROD000184,70,43,Northeast
2026-04-11,PROD000173,47,68,Southeast
2026-04-11,PROD000231,58,43,West
2026-04-11,PROD000070,149,59,Southeast
2026-04-11,PROD000011,94,35,Northeast
2026-04-11,PROD000133,45,46,West
2026-04-11,PROD000061,205,45,Midwest
2026-04-11,PROD000232,41,47,Northeast
2026-04-11,PROD000178,192,65,Midwest
2026-04-11,PROD000118,26,66,West
2026-04-11,PROD000088,47,40,West
2026-04-11,PROD000033,159,47,West
2026-04-11,PROD000040,203,22,West
2026-04-11,PROD000155,160,68,West
2026-04-11,PROD000206,227,42,Northeast
2026-04-11,PROD000162,144,39,West
2026-04-11,PROD000194,221,36,Southeast
2026-04-11,PROD000081,139,67,Northeast
2026-04-11,PROD000241,25,61,Southeast
2026-04-11,PROD000138,32,18,Southeast
2026-04-11,PROD000074,14,45,West
2026-04-11,PROD000167,159,67,Midwest
2026-04-11,PROD000038,230,24,Southeast
2026-04-11,PROD000215,181,36,West
2026-04-11,PROD000186,164,55,West
2026-04-11,PROD000147,153,20,Southeast
2026-04-11,PROD000023,202,65,Northeast
2026-04-11,PROD000247,175,48,Northeast
2026-04-11,PROD000013,120,37,Midwest
2026-04-11,PROD000014,63,56,Midwest
2026-04-11,PROD000078,199,50,Southeast
2026-04-11,PROD000024,189,34,West
2026-04-11,PROD000210,207,23,Northeast
2026-04-11,PROD000048,67,64,Midwest
2026-04-11,PROD000199,233,51,Northeast
2026-04-11,PROD000189,150,63,Midwest
2026-04-11,PROD000071,84,42,Midwest
2026-04-11,PROD000099,152,63,Southeast
2026-04-11,PROD000225,53,54,Northeast
2026-04-11,PROD000001,110,53,Northeast
2026-04-11,PROD000144,100,53,Midwest
2026-04-11,PROD000192,144,22,Northeast
2026-04-11,PROD000239,215,45,Southeast
2026-04-11,PROD000087,205,46,Northeast
2026-04-11,PROD000228,5,43,Northeast
2026-04-11,PROD000122,218,63,Northeast
2026-04-11,PROD000119,16,47,Midwest
2026-04-11,PROD000036,134,55,West
2026-04-11,PROD000212,157,54,West
2026-04-11,PROD000090,151,20,West
2026-04-11,PROD000136,29,64,Southeast
2026-04-11,PROD000053,17,65,Midwest
2026-04-11,PROD000035,127,28,Midwest
2026-04-11,PROD000025,177,33,Southeast
2026-04-11,PROD000086,234,58,Southeast
2026-04-11,PROD000230,193,65,Midwest
2026-04-11,PROD000166,158,46,West
2026-04-11,PROD000185,177,68,Southeast
2026-04-11,PROD000193,119,64,Northeast
2026-04-11,PROD000031,1,31,Southeast
2026-04-11,PROD000049,188,21,West
2026-04-11,PROD000112,132,40,West
2026-04-11,PROD000043,238,15,Midwest
2026-04-11,PROD000195,76,66,Southeast
2026-04-11,PROD000177,71,38,Northeast
2026-04-11,PROD000008,141,45,Northeast
2026-04-11,PROD000018,218,48,Southeast
2026-04-11,PROD000182,138,63,Northeast
2026-04-11,PROD000082,79,24,Midwest
2026-04-11,PROD000021,53,41,West
2026-04-11,PROD000181,220,67,West
2026-04-11,PROD000022,175,22,Southeast
2026-04-11,PROD000066,134,52,West
2026-04-11,PROD000201,194,18,West
2026-04-11,PROD000240,204,44,West
2026-04-11,PROD000204,218,23,Midwest
2026-04-11,PROD000207,13,25,Midwest
2026-04-11,PROD000140,131,58,Midwest
2026-04-11,PROD000196,235,54,Northeast
2026-04-11,PROD000137,199,40,Northeast
2026-04-11,PROD000064,53,32,Southeast
2026-04-11,PROD000096,156,34,West
2026-04-11,PROD000238,123,68,West
2026-04-11,PROD000030,19,43,Midwest
2026-04-11,PROD000083,198,22,West
2026-04-11,PROD000223,10,64,Midwest
2026-04-11,PROD000052,29,18,Southeast
2026-04-11,PROD000120,109,35,Southeast
2026-04-11,PROD000097,71,22,West
2026-04-11,PROD000156,138,45,Midwest
2026-04-11,PROD000029,44,23,Southeast
2026-04-11,PROD000217,116,36,Southeast
2026-04-11,PROD000187,176,17,West
2026-04-11,PROD000219,180,48,West
2026-04-11,PROD000124,77,30,West
2026-04-11,PROD000076,52,49,Northeast
2026-04-11,PROD000012,103,46,Northeast
2026-04-11,PROD000085,170,68,West
2026-04-11,PROD000009,39,57,Northeast
2026-04-11,PROD000095,16,23,Southeast
2026-04-11,PROD000042,157,58,Southeast
2026-04-11,PROD000065,16,32,West
2026-04-11,PROD000104,144,38,Northeast
2026-04-11,PROD000174,53,16,Midwest
2026-04-11,PROD000084,81,15,Southeast
2026-04-11,PROD000234,202,25,Southeast
2026-04-11,PROD000117,135,47,West
2026-04-11,PROD000220,9,34,Northeast
2026-04-11,PROD000102,171,47,Midwest
2026-04-11,PROD000068,154,21,Northeast
2026-04-11,PROD000197,180,60,Southeast
2026-04-11,PROD000226,68,59,Northeast
2026-04-11,PROD000130,200,50,West
2026-04-11,PROD000072,181,57,West
2026-04-12,PROD000028,88,56,West
2026-04-12,PROD000157,133,36,West
2026-04-12,PROD000243,107,32,Southeast
2026-04-12,PROD000018,214,46,Southeast
2026-04-12,PROD000154,189,53,Southeast
2026-04-12,PROD000183,120,66,Southeast
2026-04-12,PROD000002,17,54,Southeast
2026-04-12,PROD000177,208,15,West
2026-04-12,PROD000234,23,55,Southeast
2026-04-12,PROD000236,104,46,West
2026-04-12,PROD000184,41,29,West
2026-04-12,PROD000221,175,55,Northeast
2026-04-12,PROD000220,10,25,Southeast
2026-04-12,PROD000201,54,43,Midwest
2026-04-12,PROD000026,122,37,West
2026-04-12,PROD000044,227,25,Northeast
2026-04-12,PROD000151,217,22,Northeast
2026-04-12,PROD000172,231,17,Northeast
2026-04-12,PROD000108,100,15,Northeast
2026-04-12,PROD000125,97,27,Northeast
2026-04-12,PROD000086,42,52,Southeast
2026-04-12,PROD000051,32,61,West
2026-04-12,PROD000232,151,19,Southeast
2026-04-12,PROD000001,194,55,Midwest
2026-04-12,PROD000224,167,20,West
2026-04-12,PROD000118,27,53,Northeast
2026-04-12,PROD000160,231,41,Southeast
2026-04-12,PROD000230,196,31,West
2026-04-12,PROD000162,225,55,Midwest
2026-04-12,PROD000169,199,25,West
2026-04-12,PROD000163,210,27,West
2026-04-12,PROD000245,38,68,Southeast
2026-04-12,PROD000084,28,57,Northeast
2026-04-12,PROD000024,227,17,Midwest
2026-04-12,PROD000098,47,33,Midwest
2026-04-12,PROD000097,0,66,Southeast
2026-04-12,PROD000149,35,17,Midwest
2026-04-12,PROD000167,22,36,Northeast
2026-04-12,PROD000222,124,47,West
2026-04-12,PROD000082,138,53,West
2026-04-12,PROD000116,118,43,Northeast
2026-04-12,PROD000059,49,67,Midwest
2026-04-12,PROD000054,120,40,Southeast
2026-04-12,PROD000114,232,35,Northeast
2026-04-12,PROD000041,63,53,Northeast
2026-04-12,PROD000037,161,15,West
2026-04-12,PROD000189,120,63,Northeast
2026-04-12,PROD000043,106,45,Southeast
2026-04-12,PROD000180,10,53,West
2026-04-12,PROD000119,224,18,Midwest
2026-04-12,PROD000121,125,40,Southeast
2026-04-12,PROD000060,50,47,West
2026-04-12,PROD000209,24,18,Northeast
2026-04-12,PROD000057,185,43,Midwest
2026-04-12,PROD000191,231,67,Southeast
2026-04-12,PROD000238,91,42,Southeast
2026-04-12,PROD000135,85,49,West
2026-04-12,PROD000203,182,15,Midwest
2026-04-12,PROD000117,204,54,Northeast
2026-04-12,PROD000029,143,21,West
2026-04-12,PROD000079,26,52,Midwest
2026-04-12,PROD000229,27,32,Southeast
2026-04-12,PROD000217,162,28,Southeast
2026-04-12,PROD000012,16,40,West
2026-04-12,PROD000056,239,52,Northeast
2026-04-12,PROD000137,84,58,West
2026-04-12,PROD000099,22,22,West
2026-04-12,PROD000094,172,21,West
2026-04-12,PROD000038,233,19,Northeast
2026-04-12,PROD000216,13,22,Midwest
2026-04-12,PROD000179,19,16,Northeast
2026-04-12,PROD000100,216,52,Northeast
2026-04-12,PROD000182,96,57,Southeast
2026-04-12,PROD000210,42,48,Midwest
2026-04-12,PROD000133,230,18,Southeast
2026-04-12,PROD000089,211,28,Southeast
2026-04-12,PROD000197,55,66,Northeast
2026-04-12,PROD000030,151,40,Midwest
2026-04-12,PROD000192,25,28,Northeast
2026-04-12,PROD000176,212,33,Southeast
2026-04-12,PROD000193,145,59,Northeast
2026-04-12,PROD000066,153,40,Southeast
2026-04-12,PROD000103,11,23,Northeast
2026-04-12,PROD000145,64,53,Midwest
2026-04-12,PROD000042,101,30,Midwest
2026-04-12,PROD000153,147,29,Northeast
2026-04-12,PROD000200,62,53,Northeast
2026-04-12,PROD000129,72,32,Southeast
2026-04-12,PROD000068,152,19,Northeast
2026-04-12,PROD000053,13,25,Midwest
2026-04-12,PROD000132,214,54,Southeast
2026-04-12,PROD000087,73,55,Southeast
2026-04-12,PROD000211,55,36,West
2026-04-12,PROD000198,160,27,West
2026-04-12,PROD000219,165,36,Northeast
2026-04-12,PROD000158,121,18,West
2026-04-12,PROD000039,224,34,Southeast
2026-04-12,PROD000106,185,36,West
2026-04-12,PROD000247,23,37,Midwest
2026-04-12,PROD000250,23,67,Midwest
2026-04-12,PROD000228,101,30,West
2026-04-12,PROD000014,184,52,Midwest
2026-04-12,PROD000045,130,47,Northeast
2026-04-12,PROD000011,73,57,Northeast
2026-04-12,PROD000088,121,18,West
2026-04-12,PROD000144,78,60,Midwest
2026-04-12,PROD000052,112,54,West
2026-04-12,PROD000101,122,33,Southeast
2026-04-12,PROD000083,43,63,Northeast
2026-04-12,PROD000249,60,21,West
2026-04-12,PROD000031,208,20,West
2026-04-12,PROD000049,36,64,Northeast
2026-04-12,PROD000065,227,34,Southeast
2026-04-12,PROD000188,31,61,Midwest
2026-04-12,PROD000025,74,53,Midwest
2026-04-12,PROD000015,93,69,Northeast
2026-04-12,PROD000061,135,44,Midwest
2026-04-12,PROD000112,212,42,West
2026-04-12,PROD000091,110,53,Midwest
2026-04-12,PROD000159,207,36,West
2026-04-13,PROD000017,45,24,West
2026-04-13,PROD000153,82,26,Southeast
2026-04-13,PROD000229,132,45,West
2026-04-13,PROD000188,87,66,Southeast
2026-04-13,PROD000053,34,39,Southeast
2026-04-13,PROD000016,6,54,Southeast
2026-04-13,PROD000141,38,66,West
2026-04-13,PROD000039,14,28,Southeast
2026-04-13,PROD000001,208,23,Northeast
2026-04-13,PROD000156,86,37,Southeast
2026-04-13,PROD000108,36,44,Southeast
2026-04-13,PROD000115,8,45,Midwest
2026-04-13,PROD000250,188,34,Northeast
2026-04-13,PROD000041,66,25,West
2026-04-13,PROD000106,92,35,Northeast
2026-04-13,PROD000078,175,44,West
2026-04-13,PROD000212,77,65,Northeast
2026-04-13,PROD000130,27,62,Southeast
2026-04-13,PROD000172,133,48,West
2026-04-13,PROD000029,53,52,West
2026-04-13,PROD000118,77,40,Northeast
2026-04-13,PROD000117,88,64,Midwest
2026-04-13,PROD000009,88,27,Southeast
2026-04-13,PROD000240,152,67,Midwest
2026-04-13,PROD000196,212,36,Midwest
2026-04-13,PROD000131,190,29,Northeast
2026-04-13,PROD000050,231,33,Southeast
2026-04-13,PROD000102,224,47,Northeast
2026-04-13,PROD000213,19,26,Southeast
2026-04-13,PROD000205,229,68,West
2026-04-13,PROD000248,113,36,West
2026-04-13,PROD000022,177,46,West
2026-04-13,PROD000129,213,69,Northeast
2026-04-13,PROD000243,203,51,Midwest
2026-04-13,PROD000028,119,61,Southeast
2026-04-13,PROD000086,22,49,Northeast
2026-04-13,PROD000182,10,55,West
2026-04-13,PROD000113,89,46,Southeast
2026-04-13,PROD000244,137,60,Northeast
2026-04-13,PROD000069,85,43,West
2026-04-13,PROD000064,211,39,West
2026-04-13,PROD000183,85,67,Northeast
2026-04-13,PROD000046,142,36,Southeast
2026-04-13,PROD000220,160,49,West
2026-04-13,PROD000151,174,41,Midwest
2026-04-13,PROD000201,43,35,Northeast
2026-04-13,PROD000014,105,57,Northeast
2026-04-13,PROD000054,143,20,Northeast
2026-04-13,PROD000194,16,15,West
2026-04-13,PROD000037,216,17,Midwest
2026-04-13,PROD000107,38,32,West
2026-04-13,PROD000079,204,18,Southeast
2026-04-13,PROD000033,27,57,Southeast
2026-04-13,PROD000061,61,20,West
2026-04-13,PROD000101,31,47,Midwest
2026-04-13,PROD000247,87,20,Northeast
2026-04-13,PROD000105,16,46,Southeast
2026-04-13,PROD000018,43,44,West
2026-04-13,PROD000187,231,30,Southeast
2026-04-13,PROD000178,40,43,Midwest
2026-04-13,PROD000147,190,27,Midwest
2026-04-13,PROD000144,121,53,Southeast
2026-04-13,PROD000087,234,22,Northeast
2026-04-13,PROD000208,87,51,Southeast
2026-04-13,PROD000191,142,44,Southeast
2026-04-13,PROD000049,169,26,Midwest
2026-04-13,PROD000032,126,45,Southeast
2026-04-13,PROD000139,209,66,Northeast
2026-04-13,PROD000186,38,43,Southeast
2026-04-13,PROD000167,176,49,Southeast
2026-04-13,PROD000235,20,67,Southeast
2026-04-13,PROD000198,215,20,Southeast
2026-04-13,PROD000065,104,22,Southeast
2026-04-13,PROD000228,50,54,Southeast
2026-04-13,PROD000088,96,33,Southeast
2026-04-13,PROD000019,132,23,Southeast
2026-04-13,PROD000177,104,52,Midwest
2026-04-13,PROD000249,199,32,Southeast
2026-04-13,PROD000168,141,31,Midwest
2026-04-13,PROD000025,77,53,Southeast
2026-04-13,PROD000200,233,35,West
2026-04-13,PROD000047,177,32,Northeast
2026-04-13,PROD000154,48,35,Southeast
2026-04-13,PROD000204,239,61,West
2026-04-13,PROD000192,111,39,Midwest
2026-04-13,PROD000225,23,37,Midwest
2026-04-13,PROD000242,224,30,West
2026-04-13,PROD000031,149,23,Northeast
2026-04-13,PROD000098,159,56,Southeast
2026-04-13,PROD000241,197,42,Northeast
2026-04-13,PROD000095,100,66,Midwest
2026-04-13,PROD000193,124,58,Midwest
2026-04-13,PROD000219,7,51,Midwest
2026-04-13,PROD000093,231,40,Midwest
2026-04-13,PROD000011,142,42,Midwest
2026-04-13,PROD000134,75,43,Midwest
2026-04-13,PROD000159,102,31,Midwest
2026-04-13,PROD000215,181,60,Northeast
2026-04-13,PROD000015,173,32,Midwest
2026-04-13,PROD000007,24,54,West
2026-04-13,PROD000035,30,63,Northeast
2026-04-13,PROD000021,181,39,Midwest
2026-04-13,PROD000114,116,56,Northeast
2026-04-13,PROD000062,8,30,West
2026-04-13,PROD000122,203,59,Southeast
2026-04-13,PROD000063,127,61,Southeast
2026-04-13,PROD000237,58,16,Southeast
2026-04-13,PROD000058,106,61,Midwest
2026-04-13,PROD000217,171,24,Northeast
2026-04-13,PROD000076,232,27,Northeast
2026-04-13,PROD000206,92,22,Southeast
2026-04-13,PROD000148,42,40,Northeast
2026-04-13,PROD000127,84,31,West
2026-04-13,PROD000121,25,64,West
2026-04-13,PROD000080,139,57,Northeast
2026-04-13,PROD000020,205,59,Northeast
2026-04-13,PROD000043,56,37,Northeast
2026-04-13,PROD000030,127,55,Midwest
2026-04-13,PROD000023,162,22,Southeast
2026-04-13,PROD000125,200,65,Southeast
2026-04-14,PROD000204,72,46,West
2026-04-14,PROD000154,165,21,Northeast
2026-04-14,PROD000148,144,55,Midwest
2026-04-14,PROD000050,224,30,West
2026-04-14,PROD000062,217,49,Midwest
2026-04-14,PROD000126,164,52,Northeast
2026-04-14,PROD000158,135,67,Midwest
2026-04-14,PROD000018,146,24,Southeast
2026-04-14,PROD000076,83,66,Midwest
2026-04-14,PROD000084,94,23,Northeast
2026-04-14,PROD000160,99,33,Northeast
2026-04-14,PROD000080,83,64,West
2026-04-14,PROD000225,29,42,Midwest
2026-04-14,PROD000129,13,69,Northeast
2026-04-14,PROD000097,136,36,West
2026-04-14,PROD000182,104,60,Northeast
2026-04-14,PROD000035,183,20,Southeast
2026-04-14,PROD000144,0,16,Northeast
2026-04-14,PROD000187,234,68,West
2026-04-14,PROD000208,183,18,Midwest
2026-04-14,PROD000049,84,16,Midwest
2026-04-14,PROD000197,194,64,Northeast
2026-04-14,PROD000203,79,59,Midwest
2026-04-14,PROD000102,134,45,Midwest
2026-04-14,PROD000106,162,20,Northeast
2026-04-14,PROD000147,37,42,Southeast
2026-04-14,PROD000214,25,57,Northeast
2026-04-14,PROD000240,113,60,Midwest
2026-04-14,PROD000090,41,41,Northeast
2026-04-14,PROD000122,201,40,West
2026-04-14,PROD000136,115,21,West
2026-04-14,PROD000131,81,30,Southeast
2026-04-14,PROD000193,194,41,Midwest
2026-04-14,PROD000096,82,37,Northeast
2026-04-14,PROD000041,28,65,Northeast
2026-04-14,PROD000146,159,31,West
2026-04-14,PROD000109,188,68,Midwest
2026-04-14,PROD000170,11,65,Northeast
2026-04-14,PROD000026,165,52,Southeast
2026-04-14,PROD000124,98,27,Northeast
2026-04-14,PROD000046,17,27,Southeast
2026-04-14,PROD000038,56,23,Northeast
2026-04-14,PROD000089,81,29,Southeast
2026-04-14,PROD000008,214,56,Midwest
2026-04-14,PROD000074,96,51,Southeast
2026-04-14,PROD000016,186,24,Midwest
2026-04-14,PROD000033,175,49,Midwest
2026-04-14,PROD000117,63,23,Midwest
2026-04-14,PROD000139,38,46,Northeast
2026-04-14,PROD000006,146,22,Southeast
2026-04-14,PROD000245,102,15,West
2026-04-14,PROD000152,167,31,Northeast
2026-04-14,PROD000081,20,29,Southeast
2026-04-14,PROD000007,137,28,West
2026-04-14,PROD000174,75,38,West
2026-04-14,PROD000012,86,34,Midwest
2026-04-14,PROD000087,154,52,Northeast
2026-04-14,PROD000184,175,63,West
2026-04-14,PROD000209,182,40,Southeast
2026-04-14,PROD000066,146,55,Southeast
2026-04-14,PROD000151,43,59,Southeast
2026-04-14,PROD000104,20,58,Southeast
2026-04-14,PROD000071,223,52,Midwest
2026-04-14,PROD000107,124,53,Southeast
2026-04-14,PROD000095,162,25,Southeast
2026-04-14,PROD000159,45,66,Northeast
2026-04-14,PROD000250,49,36,Northeast
2026-04-14,PROD000202,48,62,Midwest
2026-04-14,PROD000020,154,38,Midwest
2026-04-14,PROD000243,200,42,Northeast
2026-04-14,PROD000234,44,40,West
2026-04-14,PROD000088,147,20,West
2026-04-14,PROD000249,45,38,Northeast
2026-04-14,PROD000247,88,39,West
2026-04-14,PROD000196,98,53,Southeast
2026-04-14,PROD000189,115,49,Midwest
2026-04-14,PROD000220,236,29,Northeast
2026-04-14,PROD000178,232,57,Midwest
2026-04-14,PROD000207,132,64,Southeast
2026-04-14,PROD000014,194,48,Midwest
2026-04-14,PROD000034,127,26,West
2026-04-14,PROD000040,55,18,Southeast
2026-04-14,PROD000101,45,19,Southeast
2026-04-14,PROD000166,86,36,Midwest
2026-04-14,PROD000060,197,66,Southeast
2026-04-14,PROD000123,200,41,Midwest
2026-04-14,PROD000051,145,30,Northeast
2026-04-14,PROD000052,26,25,West
2026-04-14,PROD000029,94,63,Northeast
2026-04-14,PROD000233,130,30,Midwest
2026-04-14,PROD000108,2,38,Midwest
2026-04-14,PROD000228,96,58,Northeast
2026-04-14,PROD000188,218,68,West
2026-04-14,PROD000105,165,64,Southeast
2026-04-14,PROD000239,223,29,West
2026-04-14,PROD000218,214,51,Northeast
2026-04-14,PROD000172,116,49,Southeast
2026-04-14,PROD000127,130,40,Midwest
2026-04-14,PROD000194,114,54,Midwest
2026-04-14,PROD000036,190,40,Northeast
2026-04-14,PROD000037,223,50,West
2026-04-14,PROD000110,86,25,Southeast
2026-04-14,PROD000027,130,32,Northeast
2026-04-14,PROD000216,105,21,Northeast
2026-04-14,PROD000212,85,55,Southeast
2026-04-14,PROD000028,22,26,Northeast
2026-04-14,PROD000056,161,54,West
2026-04-14,PROD000176,27,31,Northeast
2026-04-14,PROD000181,50,51,Midwest
2026-04-14,PROD000230,57,35,Northeast
2026-04-14,PROD000191,208,28,Midwest
2026-04-14,PROD000162,60,59,Southeast
2026-04-14,PROD000246,205,65,West
2026-04-14,PROD000141,140,38,Northeast
2026-04-14,PROD000195,163,42,West
2026-04-14,PROD000083,68,69,Northeast
2026-04-14,PROD000113,154,21,West
2026-04-14,PROD000185,69,34,Southeast
2026-04-14,PROD000164,156,39,Southeast
2026-04-14,PROD000179,196,43,West
2026-04-15,PROD000163,238,66,West
2026-04-15,PROD000184,9,20,Southeast
2026-04-15,PROD000159,227,45,Southeast
2026-04-15,PROD000034,181,38,Southeast
2026-04-15,PROD000136,15,48,Midwest
2026-04-15,PROD000150,107,54,Midwest
2026-04-15,PROD000010,147,15,Midwest
2026-04-15,PROD000061,83,34,West
2026-04-15,PROD000230,201,25,Southeast
2026-04-15,PROD000134,42,34,Midwest
2026-04-15,PROD000073,131,68,Midwest
2026-04-15,PROD000019,136,63,Southeast
2026-04-15,PROD000185,236,17,Southeast
2026-04-15,PROD000093,159,23,Midwest
2026-04-15,PROD000165,190,16,Southeast
2026-04-15,PROD000089,17,61,Midwest
2026-04-15,PROD000087,189,17,West
2026-04-15,PROD000143,79,33,Midwest
2026-04-15,PROD000189,220,67,West
2026-04-15,PROD000002,163,35,Midwest
2026-04-15,PROD000148,58,44,Southeast
2026-04-15,PROD000020,70,50,Northeast
2026-04-15,PROD000194,33,38,Midwest
2026-04-15,PROD000239,42,29,Northeast
2026-04-15,PROD000248,131,64,Southeast
2026-04-15,PROD000237,161,54,Southeast
2026-04-15,PROD000211,140,39,Midwest
2026-04-15,PROD000249,42,43,Midwest
2026-04-15,PROD000146,116,43,Midwest
2026-04-15,PROD000186,196,53,Midwest
2026-04-15,PROD000064,145,24,Southeast
2026-04-15,PROD000057,40,68,Midwest
2026-04-15,PROD000015,217,16,Midwest
2026-04-15,PROD000063,11,39,Southeast
2026-04-15,PROD000094,60,31,Midwest
2026-04-15,PROD000014,84,41,West
2026-04-15,PROD000151,137,42,Southeast
2026-04-15,PROD000050,36,16,Southeast
2026-04-15,PROD000197,70,46,Northeast
2026-04-15,PROD000199,35,23,Southeast
2026-04-15,PROD000168,39,43,Southeast
2026-04-15,PROD000170,206,39,Southeast
2026-04-15,PROD000209,188,37,Southeast
2026-04-15,PROD000233,81,22,Northeast
2026-04-15,PROD000160,5,19,Southeast
2026-04-15,PROD000240,208,20,Southeast
2026-04-15,PROD000097,203,25,Southeast
2026-04-15,PROD000157,64,58,Midwest
2026-04-15,PROD000161,96,57,Southeast
2026-04-15,PROD000004,83,17,Midwest
2026-04-15,PROD000180,122,34,Northeast
2026-04-15,PROD000154,199,60,Northeast
2026-04-15,PROD000195,181,30,Northeast
2026-04-15,PROD000024,135,60,Southeast
2026-04-15,PROD000167,232,16,Southeast
2026-04-15,PROD000049,100,15,Midwest
2026-04-15,PROD000033,100,34,West
2026-04-15,PROD000039,161,66,Northeast
2026-04-15,PROD000139,140,44,Midwest
2026-04-15,PROD000133,122,58,Midwest
2026-04-15,PROD000059,172,36,Midwest
2026-04-15,PROD000153,10,44,Northeast
2026-04-15,PROD000144,10,66,Northeast
2026-04-15,PROD000231,180,46,Midwest
2026-04-15,PROD000071,89,28,Northeast
2026-04-15,PROD000241,132,48,West
2026-04-15,PROD000130,37,62,Midwest
2026-04-15,PROD000077,147,59,Northeast
2026-04-15,PROD000232,184,35,West
2026-04-15,PROD000083,183,34,Northeast
2026-04-15,PROD000030,136,69,Midwest
2026-04-15,PROD000018,138,32,Midwest
2026-04-15,PROD000132,225,32,Southeast
2026-04-15,PROD000121,210,45,Southeast
2026-04-15,PROD000069,118,15,Southeast
2026-04-15,PROD000025,161,48,Southeast
2026-04-15,PROD000156,193,58,Southeast
2026-04-15,PROD000234,170,33,Northeast
2026-04-15,PROD000088,195,45,Southeast
2026-04-15,PROD000046,53,62,Northeast
2026-04-15,PROD000065,106,46,Midwest
2026-04-15,PROD000245,230,41,West
2026-04-15,PROD000017,10,45,Midwest
2026-04-15,PROD000021,49,49,Northeast
2026-04-15,PROD000012,77,57,Southeast
2026-04-15,PROD000041,30,61,Midwest
2026-04-15,PROD000179,13,31,Midwest
2026-04-15,PROD000181,188,28,West
2026-04-15,PROD000108,214,47,West
2026-04-15,PROD000229,239,62,Northeast
2026-04-15,PROD000175,235,20,Southeast
2026-04-15,PROD000091,181,30,Southeast
2026-04-15,PROD000227,128,31,Midwest
2026-04-15,PROD000028,5,41,Southeast
2026-04-15,PROD000084,5,27,Midwest
2026-04-15,PROD000031,134,37,West
2026-04-15,PROD000107,39,68,Southeast
2026-04-15,PROD000042,89,68,Northeast
2026-04-15,PROD000055,126,42,West
2026-04-15,PROD000023,138,60,West
2026-04-15,PROD000204,49,58,West
2026-04-15,PROD000027,58,50,Midwest
2026-04-15,PROD000106,198,33,Midwest
2026-04-15,PROD000236,43,35,Northeast
2026-04-15,PROD000128,55,32,West
2026-04-15,PROD000164,110,50,West
2026-04-15,PROD000225,38,51,Southeast
2026-04-15,PROD000114,152,62,Northeast
2026-04-15,PROD000177,9,43,Northeast
2026-04-15,PROD000207,150,22,West
2026-04-15,PROD000141,146,40,Southeast
2026-04-15,PROD000131,183,36,Southeast
2026-04-15,PROD000009,86,50,Midwest
2026-04-15,PROD000110,207,27,Midwest
2026-04-15,PROD000095,148,24,Midwest
2026-04-15,PROD000124,5,54,Southeast
2026-04-15,PROD000038,115,24,Midwest
2026-04-15,PROD000122,209,63,Midwest
2026-04-15,PROD000119,6,48,West
2026-04-15,PROD000196,128,56,Southeast
2026-04-16,PROD000077,57,53,Northeast
2026-04-16,PROD000029,232,57,Northeast
2026-04-16,PROD000016,78,24,West
2026-04-16,PROD000057,193,16,Northeast
2026-04-16,PROD000027,190,44,West
2026-04-16,PROD000170,228,38,West
2026-04-16,PROD000225,95,40,Northeast
2026-04-16,PROD000197,98,57,West
2026-04-16,PROD000183,39,67,Midwest
2026-04-16,PROD000061,215,34,West
2026-04-16,PROD000062,58,68,Northeast
2026-04-16,PROD000045,147,40,Midwest
2026-04-16,PROD000053,98,43,Northeast
2026-04-16,PROD000091,124,66,Southeast
2026-04-16,PROD000143,30,57,Southeast
2026-04-16,PROD000037,5,50,Northeast
2026-04-16,PROD000015,148,33,Southeast
2026-04-16,PROD000234,20,17,Northeast
2026-04-16,PROD000071,189,24,West
2026-04-16,PROD000222,185,56,Southeast
2026-04-16,PROD000194,164,58,West
2026-04-16,PROD000086,194,22,West
2026-04-16,PROD000107,126,39,West
2026-04-16,PROD000024,154,58,Northeast
2026-04-16,PROD000054,141,67,Northeast
2026-04-16,PROD000066,114,27,West
2026-04-16,PROD000102,157,38,Midwest
2026-04-16,PROD000109,28,45,Midwest
2026-04-16,PROD000221,138,45,Southeast
2026-04-16,PROD000032,19,34,Southeast
2026-04-16,PROD000202,141,46,Southeast
2026-04-16,PROD000220,196,51,Southeast
2026-04-16,PROD000199,132,17,West
2026-04-16,PROD000249,76,69,Northeast
2026-04-16,PROD000096,140,68,West
2026-04-16,PROD000236,81,45,Southeast
2026-04-16,PROD000137,185,61,Southeast
2026-04-16,PROD000177,118,20,Southeast
2026-04-16,PROD000030,27,48,Southeast
2026-04-16,PROD000026,152,55,Midwest
2026-04-16,PROD000215,58,61,Northeast
2026-04-16,PROD000005,78,25,West
2026-04-16,PROD000036,37,67,Northeast
2026-04-16,PROD000058,161,67,West
2026-04-16,PROD000043,60,38,Southeast
2026-04-16,PROD000247,189,67,Northeast
2026-04-16,PROD000112,36,35,Southeast
2026-04-16,PROD000133,125,15,West
2026-04-16,PROD000224,62,52,Northeast
2026-04-16,PROD000076,106,40,Southeast
2026-04-16,PROD000237,4,64,West
2026-04-16,PROD000072,217,61,Northeast
2026-04-16,PROD000181,98,62,Midwest
2026-04-16,PROD000163,4,61,Southeast
2026-04-16,PROD000100,213,55,West
2026-04-16,PROD000232,225,65,Midwest
2026-04-16,PROD000126,60,43,Southeast
2026-04-16,PROD000129,32,15,Southeast
2026-04-16,PROD000144,100,33,Southeast
2026-04-16,PROD000157,202,57,West
2026-04-16,PROD000243,196,46,Northeast
2026-04-16,PROD000006,176,57,West
2026-04-16,PROD000051,226,64,Southeast
2026-04-16,PROD000042,169,55,Northeast
2026-04-16,PROD000088,157,33,Southeast
2026-04-16,PROD000190,150,32,Midwest
2026-04-16,PROD000113,127,25,Northeast
2026-04-16,PROD000192,183,25,Midwest
2026-04-16,PROD000124,173,49,Midwest
2026-04-16,PROD000166,155,27,Northeast
2026-04-16,PROD000185,8,30,Northeast
2026-04-16,PROD000118,195,56,West
2026-04-16,PROD000009,125,35,Southeast
2026-04-16,PROD000048,179,33,Southeast
2026-04-16,PROD000146,235,66,West
2026-04-16,PROD000084,17,25,Southeast
2026-04-16,PROD000056,30,68,West
2026-04-16,PROD000013,117,54,Midwest
2026-04-16,PROD000069,181,44,Southeast
2026-04-16,PROD000089,28,38,Midwest
2026-04-16,PROD000110,42,52,Northeast
2026-04-16,PROD000108,210,65,Midwest
2026-04-16,PROD000219,20,40,West
2026-04-16,PROD000151,141,37,Midwest
2026-04-16,PROD000120,180,63,Northeast
2026-04-16,PROD000207,178,69,Northeast
2026-04-16,PROD000022,4,55,Midwest
2026-04-16,PROD000103,40,68,West
2026-04-16,PROD000028,81,66,West
2026-04-16,PROD000233,239,45,West
2026-04-16,PROD000080,60,55,Midwest
2026-04-16,PROD000139,187,23,West
2026-04-16,PROD000187,198,40,Midwest
2026-04-16,PROD000169,93,15,Midwest
2026-04-16,PROD000218,147,58,Midwest
2026-04-16,PROD000082,86,50,Northeast
2026-04-16,PROD000049,224,55,Southeast
2026-04-16,PROD000046,223,27,Southeast
2026-04-16,PROD000217,91,36,Northeast
2026-04-16,PROD000085,201,16,Northeast
2026-04-16,PROD000038,2,65,Northeast
2026-04-16,PROD000161,212,20,Midwest
2026-04-16,PROD000119,135,36,Midwest
2026-04-16,PROD000003,237,69,Midwest
2026-04-16,PROD000168,197,64,Southeast
2026-04-16,PROD000020,36,59,Northeast
2026-04-16,PROD000014,176,39,Southeast
2026-04-16,PROD000240,114,52,West
2026-04-16,PROD000204,228,61,Midwest
2026-04-16,PROD000195,24,25,Northeast
2026-04-16,PROD000136,56,41,Midwest
2026-04-16,PROD000064,157,21,Southeast
2026-04-16,PROD000019,130,53,Southeast
2026-04-16,PROD000067,48,25,West
2026-04-16,PROD000008,165,54,Midwest
2026-04-16,PROD000141,30,62,West
2026-04-16,PROD000040,105,27,West
2026-04-16,PROD000250,8,20,Midwest
2026-04-16,PROD000033,176,38,Midwest
2026-04-16,PROD000111,178,61,West
2026-04-17,PROD000110,124,60,Midwest
2026-04-17,PROD000037,135,52,Southeast
2026-04-17,PROD000195,124,38,Southeast
2026-04-17,PROD000166,126,69,Midwest
2026-04-17,PROD000231,81,69,Southeast
2026-04-17,PROD000189,233,51,Midwest
2026-04-17,PROD000005,2,41,Midwest
2026-04-17,PROD000045,163,56,Midwest
2026-04-17,PROD000170,207,36,West
2026-04-17,PROD000131,103,47,West
2026-04-17,PROD000026,128,45,Midwest
2026-04-17,PROD000188,184,69,Southeast
2026-04-17,PROD000089,237,53,Southeast
2026-04-17,PROD000097,114,52,Northeast
2026-04-17,PROD000042,121,46,West
2026-04-17,PROD000239,54,29,Northeast
2026-04-17,PROD000104,225,58,West
2026-04-17,PROD000076,156,27,Northeast
2026-04-17,PROD000011,219,24,Northeast
2026-04-17,PROD000091,96,34,Northeast
2026-04-17,PROD000153,176,15,Midwest
2026-04-17,PROD000224,42,61,Southeast
2026-04-17,PROD000047,42,15,Northeast
2026-04-17,PROD000023,214,48,Northeast
2026-04-17,PROD000112,52,52,West
2026-04-17,PROD000090,103,32,Northeast
2026-04-17,PROD000025,188,65,Southeast
2026-04-17,PROD000070,207,41,West
2026-04-17,PROD000234,198,47,Southeast
2026-04-17,PROD000187,66,45,Northeast
2026-04-17,PROD000072,81,25,Northeast
2026-04-17,PROD000165,211,31,West
2026-04-17,PROD000229,32,35,Northeast
2026-04-17,PROD000039,129,63,Midwest
2026-04-17,PROD000031,207,29,Southeast
2026-04-17,PROD000099,149,52,Southeast
2026-04-17,PROD000196,37,28,Southeast
2026-04-17,PROD000163,93,40,Midwest
2026-04-17,PROD000035,143,36,West
2026-04-17,PROD000148,124,31,West
2026-04-17,PROD000167,47,23,West
2026-04-17,PROD000135,191,59,West
2026-04-17,PROD000122,196,58,Midwest
2026-04-17,PROD000178,57,69,West
2026-04-17,PROD000208,128,67,West
2026-04-17,PROD000149,121,19,Midwest
2026-04-17,PROD000071,57,42,Northeast
2026-04-17,PROD000244,77,49,Midwest
2026-04-17,PROD000087,193,26,West
2026-04-17,PROD000092,147,26,Midwest
2026-04-17,PROD000056,163,42,Northeast
2026-04-17,PROD000180,155,15,Midwest
2026-04-17,PROD000228,55,33,Northeast
2026-04-17,PROD000049,48,61,West
2026-04-17,PROD000073,201,27,Northeast
2026-04-17,PROD000085,91,20,West
2026-04-17,PROD000107,153,56,Northeast
2026-04-17,PROD000207,201,40,Northeast
2026-04-17,PROD000182,32,27,Northeast
2026-04-17,PROD000152,115,39,West
2026-04-17,PROD000120,28,37,West
2026-04-17,PROD000083,225,27,Northeast
2026-04-17,PROD000142,64,46,Midwest
2026-04-17,PROD000158,221,60,Northeast
2026-04-17,PROD000235,2,64,Southeast
2026-04-17,PROD000184,31,67,Midwest
2026-04-17,PROD000247,161,24,Northeast
2026-04-17,PROD000075,203,67,Southeast
2026-04-17,PROD000193,79,28,Northeast
2026-04-17,PROD000161,228,20,Southeast
2026-04-17,PROD000125,193,60,Southeast
2026-04-17,PROD000024,143,46,Northeast
2026-04-17,PROD000041,41,55,Northeast
2026-04-17,PROD000108,132,41,West
2026-04-17,PROD000058,24,67,Northeast
2026-04-17,PROD000245,41,68,Northeast
2026-04-17,PROD000138,175,19,West
2026-04-17,PROD000241,164,57,Midwest
2026-04-17,PROD000115,145,42,West
2026-04-17,PROD000132,90,17,West
2026-04-17,PROD000212,91,50,Southeast
2026-04-17,PROD000014,225,16,Midwest
2026-04-17,PROD000186,193,16,Midwest
2026-04-17,PROD000214,7,32,Midwest
2026-04-17,PROD000079,42,55,West
2026-04-17,PROD000016,89,61,West
2026-04-17,PROD000051,148,41,Midwest
2026-04-17,PROD000053,132,65,Southeast
2026-04-17,PROD000096,174,22,Midwest
2026-04-17,PROD000113,0,18,Midwest
2026-04-17,PROD000061,80,59,West
2026-04-17,PROD000093,59,18,Northeast
2026-04-17,PROD000064,79,28,Northeast
2026-04-17,PROD000114,0,62,Southeast
2026-04-17,PROD000185,9,51,Southeast
2026-04-17,PROD000236,101,56,Southeast
2026-04-17,PROD000130,28,33,Midwest
2026-04-17,PROD000028,51,25,Northeast
2026-04-17,PROD000078,149,69,West
2026-04-17,PROD000010,206,48,Northeast
2026-04-17,PROD000029,192,19,Northeast
2026-04-17,PROD000117,48,32,Northeast
2026-04-17,PROD000156,148,33,West
2026-04-17,PROD000171,217,63,Midwest
2026-04-17,PROD000248,187,60,Midwest
2026-04-17,PROD000050,123,32,West
2026-04-17,PROD000169,126,61,West
2026-04-17,PROD000069,200,15,West
2026-04-17,PROD000174,55,69,Northeast
2026-04-17,PROD000048,213,68,West
2026-04-17,PROD000094,15,30,Southeast
2026-04-17,PROD000200,121,54,Northeast
2026-04-17,PROD000232,220,49,Midwest
2026-04-17,PROD000020,117,50,Northeast
2026-04-17,PROD000147,212,48,Northeast
2026-04-17,PROD000168,182,21,West
2026-04-17,PROD000172,175,51,Northeast
2026-04-17,PROD000249,222,35,Southeast
2026-04-17,PROD000226,238,37,Southeast
2026-04-17,PROD000084,223,40,Southeast
2026-04-18,PROD000082,69,28,Southeast
2026-04-18,PROD000022,33,66,Midwest
2026-04-18,PROD000029,45,38,Midwest
2026-04-18,PROD000096,195,42,West
2026-04-18,PROD000008,19,20,Northeast
2026-04-18,PROD000162,96,16,West
2026-04-18,PROD000079,95,25,West
2026-04-18,PROD000224,158,38,West
2026-04-18,PROD000051,19,69,West
2026-04-18,PROD000193,39,29,Northeast
2026-04-18,PROD000165,36,48,Southeast
2026-04-18,PROD000112,138,67,West
2026-04-18,PROD000021,11,43,Midwest
2026-04-18,PROD000093,200,48,Southeast
2026-04-18,PROD000017,116,66,Northeast
2026-04-18,PROD000180,172,57,Southeast
2026-04-18,PROD000141,239,21,Midwest
2026-04-18,PROD000046,126,40,Southeast
2026-04-18,PROD000234,174,45,Midwest
2026-04-18,PROD000229,162,50,Midwest
2026-04-18,PROD000167,24,18,Midwest
2026-04-18,PROD000053,139,18,Northeast
2026-04-18,PROD000010,154,38,Midwest
2026-04-18,PROD000210,189,48,Northeast
2026-04-18,PROD000175,120,66,Midwest
2026-04-18,PROD000043,31,67,Midwest
2026-04-18,PROD000097,8,46,Southeast
2026-04-18,PROD000232,192,52,Midwest
2026-04-18,PROD000027,160,47,Southeast
2026-04-18,PROD000132,122,69,Midwest
2026-04-18,PROD000124,9,67,Midwest
2026-04-18,PROD000213,149,53,Southeast
2026-04-18,PROD000087,56,35,Midwest
2026-04-18,PROD000198,152,38,Northeast
2026-04-18,PROD000194,96,40,West
2026-04-18,PROD000098,151,26,Northeast
2026-04-18,PROD000032,167,37,Northeast
2026-04-18,PROD000242,120,68,Southeast
2026-04-18,PROD000019,2,23,Southeast
2026-04-18,PROD000209,154,69,Midwest
2026-04-18,PROD000012,63,35,West
2026-04-18,PROD000116,183,20,Midwest
2026-04-18,PROD000003,226,20,West
2026-04-18,PROD000164,207,30,Northeast
2026-04-18,PROD000094,160,60,Midwest
2026-04-18,PROD000110,62,62,Midwest
2026-04-18,PROD000016,150,16,Northeast
2026-04-18,PROD000144,214,50,West
2026-04-18,PROD000145,222,40,Midwest
2026-04-18,PROD000060,150,51,Southeast
2026-04-18,PROD000047,106,31,Southeast
2026-04-18,PROD000142,125,42,West
2026-04-18,PROD000189,59,21,Northeast
2026-04-18,PROD000015,20,43,Northeast
2026-04-18,PROD000057,110,61,Southeast
2026-04-18,PROD000169,79,58,Northeast
2026-04-18,PROD000158,64,29,Midwest
2026-04-18,PROD000052,133,31,Northeast
2026-04-18,PROD000007,38,41,Midwest
2026-04-18,PROD000246,34,63,Southeast
2026-04-18,PROD000148,172,29,West
2026-04-18,PROD000040,147,18,Northeast
2026-04-18,PROD000153,54,20,West
2026-04-18,PROD000034,168,27,Midwest
2026-04-18,PROD000241,235,19,Midwest
2026-04-18,PROD000071,102,68,Southeast
2026-04-18,PROD000174,168,23,West
2026-04-18,PROD000028,21,62,Northeast
2026-04-18,PROD000211,26,67,Southeast
2026-04-18,PROD000107,26,51,Midwest
2026-04-18,PROD000227,73,15,West
2026-04-18,PROD000054,223,23,West
2026-04-18,PROD000123,71,24,Midwest
2026-04-18,PROD000222,132,43,Northeast
2026-04-18,PROD000205,195,19,Southeast
2026-04-18,PROD000197,137,37,West
2026-04-18,PROD000089,215,69,Southeast
2026-04-18,PROD000208,101,69,Midwest
2026-04-18,PROD000009,121,46,West
2026-04-18,PROD000160,177,49,Northeast
2026-04-18,PROD000035,64,48,West
2026-04-18,PROD000037,110,56,Northeast
2026-04-18,PROD000176,128,21,Northeast
2026-04-18,PROD000181,12,49,West
2026-04-18,PROD000002,209,15,West
2026-04-18,PROD000105,150,35,West
2026-04-18,PROD000134,146,62,Southeast
2026-04-18,PROD000023,110,16,West
2026-04-18,PROD000203,216,24,West
2026-04-18,PROD000206,209,53,Northeast
2026-04-18,PROD000217,114,38,West
2026-04-18,PROD000250,45,50,Midwest
2026-04-18,PROD000204,152,28,Northeast
2026-04-18,PROD000063,6,36,Southeast
2026-04-18,PROD000147,100,45,Southeast
2026-04-18,PROD000067,230,57,West
2026-04-18,PROD000199,121,55,Southeast
2026-04-18,PROD000077,144,40,Northeast
2026-04-18,PROD000154,169,53,Northeast
2026-04-18,PROD000113,127,57,Northeast
2026-04-18,PROD000188,73,16,Southeast
2026-04-18,PROD000195,118,66,Midwest
2026-04-18,PROD000243,218,41,West
2026-04-18,PROD000083,18,52,Midwest
2026-04-18,PROD000108,205,61,Northeast
2026-04-18,PROD000143,136,40,Northeast
2026-04-18,PROD000168,91,62,Midwest
2026-04-18,PROD000041,50,39,Northeast
2026-04-18,PROD000221,91,33,Midwest
2026-04-18,PROD000228,87,25,Midwest
2026-04-18,PROD000150,146,55,Southeast
2026-04-18,PROD000018,104,47,Northeast
2026-04-18,PROD000006,141,34,Northeast
2026-04-18,PROD000095,43,16,Southeast
2026-04-18,PROD000111,226,66,Northeast
2026-04-18,PROD000129,141,33,West
2026-04-18,PROD000247,194,25,Midwest
2026-04-18,PROD000133,234,27,Northeast
2026-04-18,PROD000186,74,42,Midwest
2026-04-18,PROD000070,33,23,Southeast
2026-04-19,PROD000164,122,51,Northeast
2026-04-19,PROD000143,145,15,Midwest
2026-04-19,PROD000092,204,29,Northeast
2026-04-19,PROD000071,40,44,Northeast
2026-04-19,PROD000215,169,40,West
2026-04-19,PROD000018,14,26,Northeast
2026-04-19,PROD000241,220,37,West
2026-04-19,PROD000150,157,15,Northeast
2026-04-19,PROD000133,13,20,West
2026-04-19,PROD000176,3,49,Southeast
2026-04-19,PROD000103,52,30,West
2026-04-19,PROD000062,24,46,Northeast
2026-04-19,PROD000008,221,30,Midwest
2026-04-19,PROD000039,206,59,Southeast
2026-04-19,PROD000200,81,56,Midwest
2026-04-19,PROD000210,129,16,West
2026-04-19,PROD000163,172,18,Southeast
2026-04-19,PROD000196,142,28,West
2026-04-19,PROD000174,99,68,Midwest
2026-04-19,PROD000114,9,57,Northeast
2026-04-19,PROD000100,82,28,Northeast
2026-04-19,PROD000138,158,36,Southeast
2026-04-19,PROD000156,22,26,Southeast
2026-04-19,PROD000230,69,58,Midwest
2026-04-19,PROD000006,102,55,Midwest
2026-04-19,PROD000104,118,56,Southeast
2026-04-19,PROD000249,32,35,Midwest
2026-04-19,PROD000058,145,55,Northeast
2026-04-19,PROD000042,57,27,Southeast
2026-04-19,PROD000192,226,56,Southeast
2026-04-19,PROD000067,186,37,Northeast
2026-04-19,PROD000057,141,25,Midwest
2026-04-19,PROD000036,214,52,Northeast
2026-04-19,PROD000059,197,29,Midwest
2026-04-19,PROD000228,200,57,Southeast
2026-04-19,PROD000227,230,37,Midwest
2026-04-19,PROD000027,135,48,West
2026-04-19,PROD000015,63,36,Southeast
2026-04-19,PROD000118,17,34,Midwest
2026-04-19,PROD000211,33,30,Midwest
2026-04-19,PROD000193,98,67,Northeast
2026-04-19,PROD000014,117,57,West
2026-04-19,PROD000086,108,47,Southeast
2026-04-19,PROD000219,96,47,West
2026-04-19,PROD000035,177,33,Midwest
2026-04-19,PROD000198,68,28,West
2026-04-19,PROD000173,52,16,West
2026-04-19,PROD000216,11,17,Midwest
2026-04-19,PROD000132,132,52,West
2026-04-19,PROD000061,31,22,Northeast
2026-04-19,PROD000096,4,32,West
2026-04-19,PROD000151,84,54,Northeast
2026-04-19,PROD000229,149,65,West
2026-04-19,PROD000049,63,43,Southeast
2026-04-19,PROD000155,195,49,Midwest
2026-04-19,PROD000167,141,53,Northeast
2026-04-19,PROD000087,120,29,Southeast
2026-04-19,PROD000204,146,24,Midwest
2026-04-19,PROD000130,225,59,Midwest
2026-04-19,PROD000017,151,58,Southeast
2026-04-19,PROD000214,184,43,Southeast
2026-04-19,PROD000109,180,18,West
2026-04-19,PROD000159,91,23,Midwest
2026-04-19,PROD000007,154,31,West
2026-04-19,PROD000171,53,29,Southeast
2026-04-19,PROD000161,55,68,Midwest
2026-04-19,PROD000070,206,63,Northeast
2026-04-19,PROD000102,60,45,West
2026-04-19,PROD000068,162,47,Northeast
2026-04-19,PROD000142,117,55,West
2026-04-19,PROD000160,52,27,Northeast
2026-04-19,PROD000046,198,24,Midwest
2026-04-19,PROD000025,167,40,Midwest
2026-04-19,PROD000232,230,59,Southeast
2026-04-19,PROD000152,62,32,Midwest
2026-04-19,PROD000212,202,42,Midwest
2026-04-19,PROD000053,139,17,West
2026-04-19,PROD000180,226,18,West
2026-04-19,PROD000218,80,35,West
2026-04-19,PROD000247,97,37,Southeast
2026-04-19,PROD000085,95,26,Southeast
2026-04-19,PROD000091,64,23,Southeast
2026-04-19,PROD000076,177,28,West
2026-04-19,PROD000009,217,58,Northeast
2026-04-19,PROD000147,107,19,Northeast
2026-04-19,PROD000178,239,27,West
2026-04-19,PROD000165,226,22,Southeast
2026-04-19,PROD000013,207,18,West
2026-04-19,PROD000093,225,20,Northeast
2026-04-19,PROD000001,237,32,Midwest
2026-04-19,PROD000149,207,44,West
2026-04-19,PROD000121,175,52,Northeast
2026-04-19,PROD000002,141,32,West
2026-04-19,PROD000188,80,37,Northeast
2026-04-19,PROD000224,235,58,Northeast
2026-04-19,PROD000122,221,27,West
2026-04-19,PROD000050,86,32,Northeast
2026-04-19,PROD000106,6,15,Northeast
2026-04-19,PROD000179,41,25,Northeast
2026-04-19,PROD000108,110,44,Midwest
2026-04-19,PROD000120,210,25,West
2026-04-19,PROD000075,60,55,West
2026-04-19,PROD000105,238,28,Southeast
2026-04-19,PROD000005,159,46,West
2026-04-19,PROD000090,40,48,Southeast
2026-04-19,PROD000168,59,58,Southeast
2026-04-19,PROD000239,165,24,Northeast
2026-04-19,PROD000177,12,62,West
2026-04-19,PROD000144,104,62,Midwest
2026-04-19,PROD000226,197,31,Southeast
2026-04-19,PROD000183,98,51,Midwest
2026-04-19,PROD000021,52,28,Midwest
2026-04-19,PROD000077,180,37,Midwest
2026-04-19,PROD000119,63,66,Northeast
2026-04-19,PROD000158,148,44,Midwest
2026-04-19,PROD000101,239,68,Northeast
2026-04-19,PROD000145,84,54,Southeast
2026-04-19,PROD000041,37,56,Northeast
2026-04-19,PROD000060,61,29,Southeast
2026-04-19,PROD000098,176,16,Southeast
2026-04-20,PROD000070,25,32,West
2026-04-20,PROD000188,29,55,West
2026-04-20,PROD000216,144,65,West
2026-04-20,PROD000112,222,35,Midwest
2026-04-20,PROD000074,81,61,Midwest
2026-04-20,PROD000118,200,62,Northeast
2026-04-20,PROD000166,212,36,Midwest
2026-04-20,PROD000141,115,66,West
2026-04-20,PROD000089,211,66,Southeast
2026-04-20,PROD000099,147,56,Midwest
2026-04-20,PROD000221,113,40,Midwest
2026-04-20,PROD000115,105,68,West
2026-04-20,PROD000004,234,28,West
2026-04-20,PROD000138,37,38,Midwest
2026-04-20,PROD000157,12,27,Southeast
2026-04-20,PROD000174,41,31,Southeast
2026-04-20,PROD000032,121,45,Southeast
2026-04-20,PROD000247,75,64,West
2026-04-20,PROD000023,61,69,Northeast
2026-04-20,PROD000038,127,38,Midwest
2026-04-20,PROD000090,74,54,West
2026-04-20,PROD000228,97,54,West
2026-04-20,PROD000176,82,35,Southeast
2026-04-20,PROD000113,97,39,Northeast
2026-04-20,PROD000203,144,45,Southeast
2026-04-20,PROD000071,15,61,Southeast
2026-04-20,PROD000088,48,15,Northeast
2026-04-20,PROD000006,191,51,Southeast
2026-04-20,PROD000046,132,29,Midwest
2026-04-20,PROD000224,14,53,Northeast
2026-04-20,PROD000091,210,46,Northeast
2026-04-20,PROD000241,112,30,West
2026-04-20,PROD000098,141,32,Northeast
2026-04-20,PROD000031,196,49,West
2026-04-20,PROD000085,201,28,West
2026-04-20,PROD000154,179,55,Southeast
2026-04-20,PROD000165,150,63,Northeast
2026-04-20,PROD000102,148,67,Northeast
2026-04-20,PROD000116,75,61,Southeast
2026-04-20,PROD000223,238,57,West
2026-04-20,PROD000044,137,60,West
2026-04-20,PROD000152,201,49,West
2026-04-20,PROD000182,33,57,West
2026-04-20,PROD000135,0,54,West
2026-04-20,PROD000155,14,37,West
2026-04-20,PROD000198,100,43,Southeast
2026-04-20,PROD000244,99,60,Northeast
2026-04-20,PROD000020,199,57,West
2026-04-20,PROD000104,128,17,West
2026-04-20,PROD000213,96,22,West
2026-04-20,PROD000097,189,32,Southeast
2026-04-20,PROD000009,125,50,Midwest
2026-04-20,PROD000144,217,39,Midwest
2026-04-20,PROD000100,82,28,Midwest
2026-04-20,PROD000069,209,44,Northeast
2026-04-20,PROD000075,157,36,Northeast
2026-04-20,PROD000120,30,40,Midwest
2026-04-20,PROD000160,19,61,Northeast
2026-04-20,PROD000197,86,25,Southeast
2026-04-20,PROD000080,123,42,Southeast
2026-04-20,PROD000148,202,50,Midwest
2026-04-20,PROD000131,97,41,Midwest
2026-04-20,PROD000012,166,50,Northeast
2026-04-20,PROD000013,53,59,Midwest
2026-04-20,PROD000003,159,38,West
2026-04-20,PROD000181,26,56,Southeast
2026-04-20,PROD000105,152,61,West
2026-04-20,PROD000002,12,46,Southeast
2026-04-20,PROD000212,226,42,Northeast
2026-04-20,PROD000158,132,45,Southeast
2026-04-20,PROD000048,162,36,West
2026-04-20,PROD000063,24,22,Northeast
2026-04-20,PROD000136,89,31,Midwest
2026-04-20,PROD000054,163,67,Midwest
2026-04-20,PROD000039,26,57,Midwest
2026-04-20,PROD000045,46,47,Midwest
2026-04-20,PROD000125,68,27,West
2026-04-20,PROD000240,138,58,Northeast
2026-04-20,PROD000236,17,38,West
2026-04-20,PROD000066,23,50,West
2026-04-20,PROD000184,137,21,West
2026-04-20,PROD000139,141,49,Southeast
2026-04-20,PROD000226,193,34,Midwest
2026-04-20,PROD000195,230,49,Southeast
2026-04-20,PROD000128,231,69,Midwest
2026-04-20,PROD000026,77,52,West
2026-04-20,PROD000193,190,33,Northeast
2026-04-20,PROD000018,49,41,West
2026-04-20,PROD000159,1,62,Southeast
2026-04-20,PROD000143,134,47,Southeast
2026-04-20,PROD000232,172,43,Southeast
2026-04-20,PROD000206,117,31,Northeast
2026-04-20,PROD000049,136,63,Northeast
2026-04-20,PROD000124,198,49,Northeast
2026-04-20,PROD000204,145,43,Southeast
2026-04-20,PROD000222,172,45,West
2026-04-20,PROD000171,100,17,Midwest
2026-04-20,PROD000133,122,17,Northeast
2026-04-20,PROD000087,173,17,Northeast
2026-04-20,PROD000220,105,28,Midwest
2026-04-20,PROD000122,121,59,Northeast
2026-04-20,PROD000092,98,43,Midwest
2026-04-20,PROD000191,52,31,Southeast
2026-04-20,PROD000149,27,47,Southeast
2026-04-20,PROD000001,82,63,Southeast
2026-04-20,PROD000209,39,58,West
2026-04-20,PROD000019,66,41,West
2026-04-20,PROD000239,198,58,Southeast
2026-04-20,PROD000231,111,24,Northeast
2026-04-20,PROD000016,231,39,Midwest
2026-04-20,PROD000121,217,52,Midwest
2026-04-20,PROD000050,103,15,Northeast
2026-04-20,PROD000041,31,44,Midwest
2026-04-20,PROD000248,157,26,Midwest
2026-04-20,PROD000185,159,30,Southeast
2026-04-20,PROD000250,134,38,Northeast
2026-04-20,PROD000014,97,64,Midwest
2026-04-20,PROD000210,210,32,Midwest
2026-04-20,PROD000130,5,64,Southeast
2026-04-20,PROD000190,5,38,Midwest
2026-04-21,PROD000128,113,31,Northeast
2026-04-21,PROD000106,113,16,Midwest
2026-04-21,PROD000167,173,40,West
2026-04-21,PROD000010,157,16,West
2026-04-21,PROD000218,66,24,Northeast
2026-04-21,PROD000017,52,39,West
2026-04-21,PROD000208,74,62,West
2026-04-21,PROD000187,44,23,Northeast
2026-04-21,PROD000215,233,49,Southeast
2026-04-21,PROD000127,94,20,Northeast
2026-04-21,PROD000220,170,32,Southeast
2026-04-21,PROD000207,104,35,Midwest
2026-04-21,PROD000067,52,54,Southeast
2026-04-21,PROD000090,211,45,Southeast
2026-04-21,PROD000041,149,52,Northeast
2026-04-21,PROD000202,88,36,Northeast
2026-04-21,PROD000169,37,57,Southeast
2026-04-21,PROD000074,83,19,West
2026-04-21,PROD000116,140,42,Northeast
2026-04-21,PROD000050,15,57,Southeast
2026-04-21,PROD000083,86,37,Midwest
2026-04-21,PROD000132,170,42,West
2026-04-21,PROD000137,27,40,Midwest
2026-04-21,PROD000100,37,67,Northeast
2026-04-21,PROD000138,138,27,Northeast
2026-04-21,PROD000046,176,61,Southeast
2026-04-21,PROD000088,124,40,Southeast
2026-04-21,PROD000081,5,51,Midwest
2026-04-21,PROD000094,26,42,Midwest
2026-04-21,PROD000086,126,20,Midwest
2026-04-21,PROD000221,211,20,Midwest
2026-04-21,PROD000130,23,68,Midwest
2026-04-21,PROD000212,95,24,Midwest
2026-04-21,PROD000177,165,46,Northeast
2026-04-21,PROD000163,34,15,Southeast
2026-04-21,PROD000062,234,66,Northeast
2026-04-21,PROD000182,53,64,Southeast
2026-04-21,PROD000211,54,16,Midwest
2026-04-21,PROD000073,135,31,Midwest
2026-04-21,PROD000080,89,25,Northeast
2026-04-21,PROD000173,105,51,Southeast
2026-04-21,PROD000223,103,23,West
2026-04-21,PROD000107,31,41,Southeast
2026-04-21,PROD000034,171,45,Southeast
2026-04-21,PROD000040,156,34,West
2026-04-21,PROD000111,157,65,Northeast
2026-04-21,PROD000172,36,52,Southeast
2026-04-21,PROD000045,77,19,Midwest
2026-04-21,PROD000096,180,29,West
2026-04-21,PROD000174,130,61,Southeast
2026-04-21,PROD000159,39,48,Northeast
2026-04-21,PROD000131,32,63,Midwest
2026-04-21,PROD000011,46,34,Midwest
2026-04-21,PROD000084,145,62,Southeast
2026-04-21,PROD000154,172,31,West
2026-04-21,PROD000059,224,55,Northeast
2026-04-21,PROD000228,8,47,Southeast
2026-04-21,PROD000186,32,43,Midwest
2026-04-21,PROD000027,128,43,West
2026-04-21,PROD000105,216,43,West
2026-04-21,PROD000193,97,53,Midwest
2026-04-21,PROD000119,32,63,Northeast
2026-04-21,PROD000216,89,20,West
2026-04-21,PROD000044,1,67,Northeast
2026-04-21,PROD000038,168,61,Northeast
2026-04-21,PROD000196,55,45,Southeast
2026-04-21,PROD000249,173,45,Northeast
2026-04-21,PROD000231,10,23,Southeast
2026-04-21,PROD000224,49,46,Southeast
2026-04-21,PROD000018,143,59,West
2026-04-21,PROD000101,94,33,West
2026-04-21,PROD000085,198,63,Northeast
2026-04-21,PROD000068,195,29,Southeast
2026-04-21,PROD000082,138,36,West
2026-04-21,PROD000170,226,15,West
2026-04-21,PROD000014,180,25,Midwest
2026-04-21,PROD000149,123,21,West
2026-04-21,PROD000035,98,17,Midwest
2026-04-21,PROD000192,130,68,Midwest
2026-04-21,PROD000214,160,53,Northeast
2026-04-21,PROD000026,9,67,West
2026-04-21,PROD000043,48,66,Midwest
2026-04-21,PROD000078,58,51,Southeast
2026-04-21,PROD000057,176,19,Southeast
2026-04-21,PROD000052,63,62,Midwest
2026-04-21,PROD000145,172,52,West
2026-04-21,PROD000061,154,63,Midwest
2026-04-21,PROD000098,238,54,West
2026-04-21,PROD000156,128,56,West
2026-04-21,PROD000176,121,65,Southeast
2026-04-21,PROD000019,61,63,Midwest
2026-04-21,PROD000188,131,45,West
2026-04-21,PROD000232,6,47,West
2026-04-21,PROD000118,81,17,Northeast
2026-04-21,PROD000180,106,48,Midwest
2026-04-21,PROD000032,191,16,West
2026-04-21,PROD000239,213,60,Southeast
2026-04-21,PROD000005,180,58,Southeast
2026-04-21,PROD000104,42,30,Northeast
2026-04-21,PROD000089,219,59,Northeast
2026-04-21,PROD000012,169,42,West
2026-04-21,PROD000166,217,55,Northeast
2026-04-21,PROD000241,111,34,West
2026-04-21,PROD000092,127,60,Southeast
2026-04-21,PROD000162,205,22,Northeast
2026-04-21,PROD000157,180,57,Northeast
2026-04-21,PROD000210,27,59,Midwest
2026-04-21,PROD000053,182,18,Northeast
2026-04-21,PROD000023,189,61,West
2026-04-21,PROD000055,155,39,Northeast
2026-04-21,PROD000209,37,64,West
2026-04-21,PROD000066,22,58,West
2026-04-21,PROD000240,82,19,Southeast
2026-04-21,PROD000037,215,68,Southeast
2026-04-21,PROD000099,98,48,Northeast
2026-04-21,PROD000020,53,52,Southeast
2026-04-21,PROD000190,17,55,Midwest
2026-04-21,PROD000203,33,59,Northeast
2026-04-21,PROD000153,39,29,Northeast
2026-04-21,PROD000021,154,27,Midwest
2026-04-22,PROD000224,160,62,Northeast
2026-04-22,PROD000001,160,62,Midwest
2026-04-22,PROD000009,206,20,West
2026-04-22,PROD000240,201,55,West
2026-04-22,PROD000183,91,23,Northeast
2026-04-22,PROD000202,5,54,Northeast
2026-04-22,PROD000105,86,52,Northeast
2026-04-22,PROD000170,75,20,Northeast
2026-04-22,PROD000048,20,43,Midwest
2026-04-22,PROD000248,19,40,Midwest
2026-04-22,PROD000089,150,64,Southeast
2026-04-22,PROD000061,217,48,Midwest
2026-04-22,PROD000132,68,57,Northeast
2026-04-22,PROD000037,172,52,Midwest
2026-04-22,PROD000229,124,66,Midwest
2026-04-22,PROD000109,90,39,Southeast
2026-04-22,PROD000070,39,48,West
2026-04-22,PROD000225,194,26,Southeast
2026-04-22,PROD000201,97,27,Northeast
2026-04-22,PROD000005,18,62,Northeast
2026-04-22,PROD000028,93,48,West
2026-04-22,PROD000115,189,15,Midwest
2026-04-22,PROD000173,83,52,West
2026-04-22,PROD000094,108,63,West
2026-04-22,PROD000138,40,59,Midwest
2026-04-22,PROD000217,46,16,Midwest
2026-04-22,PROD000047,139,65,Northeast
2026-04-22,PROD000082,224,52,Midwest
2026-04-22,PROD000038,129,40,Southeast
2026-04-22,PROD000141,185,41,Northeast
2026-04-22,PROD000056,94,58,Northeast
2026-04-22,PROD000220,92,30,West
2026-04-22,PROD000107,188,42,Northeast
2026-04-22,PROD000211,188,55,Southeast
2026-04-22,PROD000228,232,48,Northeast
2026-04-22,PROD000032,45,64,Southeast
2026-04-22,PROD000069,160,18,Northeast
2026-04-22,PROD000055,61,45,West
2026-04-22,PROD000031,50,19,Southeast
2026-04-22,PROD000185,76,59,Midwest
2026-04-22,PROD000192,86,24,West
2026-04-22,PROD000197,44,57,Midwest
2026-04-22,PROD000099,18,41,Southeast
2026-04-22,PROD000157,81,47,Midwest
2026-04-22,PROD000106,214,54,Southeast
2026-04-22,PROD000036,53,19,Midwest
2026-04-22,PROD000079,11,55,Northeast
2026-04-22,PROD000193,158,27,Northeast
2026-04-22,PROD000151,208,30,Northeast
2026-04-22,PROD000238,93,40,West
2026-04-22,PROD000043,97,23,Midwest
2026-04-22,PROD000223,173,49,Midwest
2026-04-22,PROD000181,92,24,Southeast
2026-04-22,PROD000187,220,66,Northeast
2026-04-22,PROD000214,235,50,Midwest
2026-04-22,PROD000130,95,41,Midwest
2026-04-22,PROD000033,150,45,Northeast
2026-04-22,PROD000241,39,24,Northeast
2026-04-22,PROD000116,100,44,Northeast
2026-04-22,PROD000191,50,41,Southeast
2026-04-22,PROD000097,138,23,West
2026-04-22,PROD000040,42,53,Northeast
2026-04-22,PROD000232,190,47,Southeast
2026-04-22,PROD000017,23,31,Northeast
2026-04-22,PROD000120,109,19,West
2026-04-22,PROD000098,195,27,Southeast
2026-04-22,PROD000110,202,54,Southeast
2026-04-22,PROD000154,115,48,Northeast
2026-04-22,PROD000190,58,57,Northeast
2026-04-22,PROD000143,18,19,Southeast
2026-04-22,PROD000078,81,50,Midwest
2026-04-22,PROD000117,39,65,West
2026-04-22,PROD000006,50,36,Midwest
2026-04-22,PROD000065,217,45,Midwest
2026-04-22,PROD000088,197,35,Midwest
2026-04-22,PROD000064,99,59,Midwest
2026-04-22,PROD000198,87,54,Northeast
2026-04-22,PROD000104,101,34,Northeast
2026-04-22,PROD000171,174,28,Southeast
2026-04-22,PROD000179,181,55,West
2026-04-22,PROD000175,79,52,Southeast
2026-04-22,PROD000206,200,36,Midwest
2026-04-22,PROD000209,22,63,Midwest
2026-04-22,PROD000127,94,52,Southeast
2026-04-22,PROD000236,120,32,West
2026-04-22,PROD000142,28,64,West
2026-04-22,PROD000093,174,55,West
2026-04-22,PROD000221,0,35,Midwest
2026-04-22,PROD000083,51,26,Midwest
2026-04-22,PROD000020,197,29,West
2026-04-22,PROD000113,154,25,Midwest
2026-04-22,PROD000167,73,57,West
2026-04-22,PROD000234,144,35,Northeast
2026-04-22,PROD000186,95,30,Northeast
2026-04-22,PROD000092,193,29,West
2026-04-22,PROD000067,113,57,Midwest
2026-04-22,PROD000176,47,35,Midwest
2026-04-22,PROD000011,122,34,Northeast
2026-04-22,PROD000091,237,53,West
2026-04-22,PROD000174,79,50,West
2026-04-22,PROD000039,128,55,Midwest
2026-04-22,PROD000021,163,43,Midwest
2026-04-22,PROD000100,232,43,Southeast
2026-04-22,PROD000066,222,17,Northeast
2026-04-22,PROD000015,114,31,Midwest
2026-04-22,PROD000194,165,58,West
2026-04-22,PROD000112,138,17,Northeast
2026-04-22,PROD000121,5,15,Midwest
2026-04-22,PROD000103,116,63,Northeast
2026-04-22,PROD000148,29,45,Northeast
2026-04-22,PROD000237,210,68,Southeast
2026-04-22,PROD000095,127,63,West
2026-04-22,PROD000086,154,21,Northeast
2026-04-22,PROD000008,93,27,West
2026-04-22,PROD000126,98,50,Southeast
2026-04-22,PROD000114,16,35,Midwest
2026-04-22,PROD000160,102,47,Midwest
2026-04-22,PROD000212,122,56,Northeast
2026-04-22,PROD000164,46,65,Northeast
2026-04-22,PROD000166,226,42,Midwest
2026-04-23,PROD000181,49,25,Northeast
2026-04-23,PROD000021,41,64,Southeast
2026-04-23,PROD000128,95,27,Southeast
2026-04-23,PROD000038,125,56,Midwest
2026-04-23,PROD000079,82,15,Southeast
2026-04-23,PROD000030,8,34,Northeast
2026-04-23,PROD000022,218,23,Southeast
2026-04-23,PROD000195,88,55,West
2026-04-23,PROD000226,114,64,Midwest
2026-04-23,PROD000215,218,67,Midwest
2026-04-23,PROD000154,133,50,Midwest
2026-04-23,PROD000058,118,29,West
2026-04-23,PROD000096,162,19,West
2026-04-23,PROD000086,158,52,Southeast
2026-04-23,PROD000120,174,35,West
2026-04-23,PROD000077,213,16,West
2026-04-23,PROD000219,206,42,West
2026-04-23,PROD000095,42,16,Southeast
2026-04-23,PROD000081,130,15,Midwest
2026-04-23,PROD000046,169,59,Southeast
2026-04-23,PROD000087,169,64,Northeast
2026-04-23,PROD000002,91,40,Northeast
2026-04-23,PROD000176,18,25,Midwest
2026-04-23,PROD000248,176,32,Midwest
2026-04-23,PROD000119,16,18,West
2026-04-23,PROD000080,30,29,Midwest
2026-04-23,PROD000102,188,36,Midwest
2026-04-23,PROD000151,136,31,Southeast
2026-04-23,PROD000246,19,20,Midwest
2026-04-23,PROD000123,206,51,Southeast
2026-04-23,PROD000111,136,59,Northeast
2026-04-23,PROD000062,140,51,West
2026-04-23,PROD000243,172,45,Northeast
2026-04-23,PROD000240,47,43,Northeast
2026-04-23,PROD000218,12,30,West
2026-04-23,PROD000221,147,54,Southeast
2026-04-23,PROD000122,122,64,Southeast
2026-04-23,PROD000169,65,67,Northeast
2026-04-23,PROD000007,168,30,Midwest
2026-04-23,PROD000229,164,33,Northeast
2026-04-23,PROD000167,169,30,Northeast
2026-04-23,PROD000132,2,53,Northeast
2026-04-23,PROD000094,153,55,West
2026-04-23,PROD000005,233,41,Southeast
2026-04-23,PROD000213,155,50,West
2026-04-23,PROD000064,26,19,Midwest
2026-04-23,PROD000063,55,67,West
2026-04-23,PROD000011,54,62,West
2026-04-23,PROD000166,150,68,Southeast
2026-04-23,PROD000042,99,37,Midwest
2026-04-23,PROD000194,53,42,Northeast
2026-04-23,PROD000121,24,63,Midwest
2026-04-23,PROD000182,239,66,West
2026-04-23,PROD000149,81,41,Southeast
2026-04-23,PROD000197,19,22,Southeast
2026-04-23,PROD000104,144,48,West
2026-04-23,PROD000075,156,36,West
2026-04-23,PROD000206,83,26,Midwest
2026-04-23,PROD000018,113,58,Midwest
2026-04-23,PROD000242,137,64,Northeast
2026-04-23,PROD000020,70,28,Northeast
2026-04-23,PROD000004,225,43,Southeast
2026-04-23,PROD000070,87,60,Midwest
2026-04-23,PROD000186,178,41,Midwest
2026-04-23,PROD000161,47,18,Midwest
2026-04-23,PROD000153,233,19,West
2026-04-23,PROD000036,174,41,Southeast
2026-04-23,PROD000127,68,58,Midwest
2026-04-23,PROD000138,154,16,Midwest
2026-04-23,PROD000157,150,62,Midwest
2026-04-23,PROD000204,163,33,Southeast
2026-04-23,PROD000084,234,59,West
2026-04-23,PROD000190,199,60,West
2026-04-23,PROD000092,74,30,Southeast
2026-04-23,PROD000156,37,65,Northeast
2026-04-23,PROD000228,144,61,Midwest
2026-04-23,PROD000093,7,53,Southeast
2026-04-23,PROD000133,51,19,Southeast
2026-04-23,PROD000168,21,32,West
2026-04-23,PROD000210,200,27,Midwest
2026-04-23,PROD000115,104,26,West
2026-04-23,PROD000196,144,27,West
2026-04-23,PROD000088,100,37,Northeast
2026-04-23,PROD000014,144,65,Midwest
2026-04-23,PROD000110,18,37,Midwest
2026-04-23,PROD000237,221,43,Northeast
2026-04-23,PROD000236,208,55,Northeast
2026-04-23,PROD000013,187,32,West
2026-04-23,PROD000214,110,26,West
2026-04-23,PROD000057,213,56,Midwest
2026-04-23,PROD000205,196,33,Southeast
2026-04-23,PROD000017,197,42,Midwest
2026-04-23,PROD000101,190,26,Midwest
2026-04-23,PROD000193,148,64,West
2026-04-23,PROD000124,61,63,Southeast
2026-04-23,PROD000179,224,43,Midwest
2026-04-23,PROD000189,47,34,West
2026-04-23,PROD000097,181,27,Southeast
2026-04-23,PROD000162,151,39,Midwest
2026-04-23,PROD000035,40,38,Southeast
2026-04-23,PROD000050,227,42,Northeast
2026-04-23,PROD000067,42,60,Southeast
2026-04-23,PROD000054,48,63,Northeast
2026-04-23,PROD000147,40,49,Midwest
2026-04-23,PROD000232,208,59,West
2026-04-23,PROD000106,118,51,Southeast
2026-04-23,PROD000159,121,34,Southeast
2026-04-23,PROD000152,39,61,Northeast
2026-04-23,PROD000053,151,36,West
2026-04-23,PROD000139,10,25,Northeast
2026-04-23,PROD000113,105,66,Southeast
2026-04-23,PROD000052,62,57,Midwest
2026-04-23,PROD000032,232,34,West
2026-04-23,PROD000183,39,49,Northeast
2026-04-23,PROD000160,184,66,West
2026-04-23,PROD000145,63,33,Northeast
2026-04-23,PROD000170,40,53,Northeast
2026-04-23,PROD000211,208,20,Northeast
2026-04-23,PROD000187,107,46,Northeast
2026-04-23,PROD000076,106,60,West
