payment_id,order_id,payment_ts,payment_method,payment_status,payment_amount
PAY0000001,ORD0000001,2026-02-14 23:29:00,bank_transfer,completed,1158.3
PAY0000002,ORD0000002,2026-02-09 20:10:00,wallet,completed,1767.99
PAY0000003,ORD0000003,2026-02-16 10:35:00,gift_card,completed,1994.85
PAY0000004,ORD0000004,2026-03-09 06:24:00,wallet,failed,1693.64
PAY0000005,ORD0000005,2026-04-09 22:56:00,card,completed,2679.86
PAY0000006,ORD0000006,2026-03-26 18:29:00,gift_card,completed,804.57
PAY0000007,ORD0000007,2026-04-04 21:04:00,gift_card,completed,1710.03
PAY0000008,ORD0000008,2026-01-26 10:36:00,gift_card,completed,1919.32
PAY0000009,ORD0000009,2026-04-13 13:26:00,wallet,completed,1560.01
PAY0000010,ORD0000010,2026-03-08 21:35:00,gift_card,completed,2064.98
PAY0000011,ORD0000011,2026-02-22 03:59:00,gift_card,completed,1219.29
PAY0000012,ORD0000012,2026-03-19 21:37:00,bank_transfer,completed,1678.9
PAY0000013,ORD0000013,2026-02-27 23:14:00,card,completed,2657.36
PAY0000014,ORD0000014,2026-01-24 14:24:00,wallet,completed,1934.16
PAY0000015,ORD0000015,2026-02-22 11:23:00,gift_card,completed,899.58
PAY0000016,ORD0000016,2026-01-29 07:33:00,gift_card,completed,2059.4
PAY0000017,ORD0000017,2026-04-11 07:10:00,gift_card,completed,10.89
PAY0000018,ORD0000018,2026-04-17 16:10:00,gift_card,refunded,347.26
PAY0000019,ORD0000019,2026-04-12 00:01:00,bank_transfer,completed,736.26
PAY0000020,ORD0000020,2026-02-01 15:34:00,gift_card,completed,1522.39
PAY0000021,ORD0000021,2026-02-28 02:02:00,wallet,completed,1115.91
PAY0000022,ORD0000022,2026-04-22 15:38:00,bank_transfer,completed,1392.09
PAY0000023,ORD0000023,2026-03-31 22:31:00,bank_transfer,completed,367.94
PAY0000024,ORD0000024,2026-03-07 12:59:00,gift_card,completed,642.75
PAY0000025,ORD0000025,2026-04-14 08:54:00,wallet,completed,1761.43
PAY0000026,ORD0000026,2026-03-22 12:04:00,card,completed,677.16
PAY0000027,ORD0000027,2026-03-31 15:26:00,gift_card,completed,2049.09
PAY0000028,ORD0000028,2026-03-18 11:20:00,wallet,completed,925.74
PAY0000029,ORD0000029,2026-04-20 17:39:00,card,completed,280.87
PAY0000030,ORD0000030,2026-04-05 02:35:00,bank_transfer,completed,2009.5
PAY0000031,ORD0000031,2026-03-20 10:37:00,gift_card,refunded,403.54
PAY0000032,ORD0000032,2026-02-19 19:18:00,gift_card,completed,993.96
PAY0000033,ORD0000033,2026-04-01 15:26:00,card,completed,1049.07
PAY0000034,ORD0000034,2026-01-31 02:32:00,gift_card,completed,329.9
PAY0000035,ORD0000035,2026-02-25 17:32:00,wallet,completed,1976.3
PAY0000036,ORD0000036,2026-02-02 06:12:00,gift_card,completed,2061.16
PAY0000037,ORD0000037,2026-04-15 16:47:00,bank_transfer,completed,1400.33
PAY0000038,ORD0000038,2026-04-17 18:06:00,card,completed,131.83
PAY0000039,ORD0000039,2026-04-08 07:25:00,card,completed,68.68
PAY0000040,ORD0000040,2026-03-22 16:12:00,bank_transfer,failed,989.92
PAY0000041,ORD0000041,2026-04-15 04:03:00,wallet,completed,2081.9
PAY0000042,ORD0000042,2026-04-19 09:14:00,bank_transfer,completed,2435.71
PAY0000043,ORD0000043,2026-03-31 16:11:00,card,completed,1394.46
PAY0000044,ORD0000044,2026-04-01 07:35:00,wallet,completed,1489.33
PAY0000045,ORD0000045,2026-04-06 10:47:00,wallet,completed,300.96
PAY0000046,ORD0000046,2026-02-12 09:28:00,card,completed,1641.28
PAY0000047,ORD0000047,2026-02-04 02:51:00,bank_transfer,completed,836.14
PAY0000048,ORD0000048,2026-02-10 07:10:00,bank_transfer,completed,1858.32
PAY0000049,ORD0000049,2026-02-03 03:52:00,card,completed,990.5
PAY0000050,ORD0000050,2026-04-18 15:34:00,bank_transfer,refunded,3126.52
PAY0000051,ORD0000051,2026-01-24 23:49:00,wallet,completed,1190.18
PAY0000052,ORD0000052,2026-04-03 14:24:00,card,completed,777.25
PAY0000053,ORD0000053,2026-04-14 16:08:00,bank_transfer,completed,1027.81
PAY0000054,ORD0000054,2026-03-11 19:58:00,bank_transfer,completed,184.3
PAY0000055,ORD0000055,2026-03-24 09:12:00,wallet,completed,277.72
PAY0000056,ORD0000056,2026-01-26 04:18:00,bank_transfer,completed,2959.41
PAY0000057,ORD0000057,2026-02-15 03:23:00,gift_card,completed,791.07
PAY0000058,ORD0000058,2026-04-20 16:07:00,bank_transfer,completed,1652.59
PAY0000059,ORD0000059,2026-03-07 09:39:00,bank_transfer,refunded,894.78
PAY0000060,ORD0000060,2026-04-15 03:45:00,gift_card,completed,1183.44
PAY0000061,ORD0000061,2026-02-05 08:19:00,card,completed,151.94
PAY0000062,ORD0000062,2026-02-12 06:03:00,card,completed,438.1
PAY0000063,ORD0000063,2026-03-03 13:57:00,gift_card,completed,1362.58
PAY0000064,ORD0000064,2026-03-08 10:35:00,gift_card,completed,632.58
PAY0000065,ORD0000065,2026-04-05 07:38:00,card,completed,49.7
PAY0000066,ORD0000066,2026-04-08 06:30:00,gift_card,completed,2374.53
PAY0000067,ORD0000067,2026-04-08 15:36:00,card,completed,984.22
PAY0000068,ORD0000068,2026-04-11 19:39:00,wallet,completed,931.7
PAY0000069,ORD0000069,2026-04-01 01:31:00,bank_transfer,failed,1129.72
PAY0000070,ORD0000070,2026-02-10 23:25:00,card,completed,1357.97
PAY0000071,ORD0000071,2026-04-13 18:59:00,gift_card,completed,1309.53
PAY0000072,ORD0000072,2026-02-14 23:19:00,wallet,refunded,2719.94
PAY0000073,ORD0000073,2026-04-09 12:48:00,wallet,completed,2639.12
PAY0000074,ORD0000074,2026-03-02 13:08:00,card,completed,1648.05
PAY0000075,ORD0000075,2026-02-14 05:31:00,wallet,completed,433.64
PAY0000076,ORD0000076,2026-02-18 06:51:00,gift_card,completed,1233.85
PAY0000077,ORD0000077,2026-03-11 19:56:00,wallet,completed,2860.83
PAY0000078,ORD0000078,2026-01-31 16:33:00,gift_card,completed,2327.2
PAY0000079,ORD0000079,2026-04-07 02:33:00,wallet,completed,1588.52
PAY0000080,ORD0000080,2026-03-11 22:18:00,bank_transfer,completed,1994.56
PAY0000081,ORD0000081,2026-04-02 16:51:00,bank_transfer,completed,422.66
PAY0000082,ORD0000082,2026-02-15 08:40:00,wallet,completed,517.72
PAY0000083,ORD0000083,2026-03-25 06:36:00,bank_transfer,completed,465.29
PAY0000084,ORD0000084,2026-02-13 06:12:00,bank_transfer,completed,169.26
PAY0000085,ORD0000085,2026-04-07 02:34:00,gift_card,completed,1337.8
PAY0000086,ORD0000086,2026-03-05 17:26:00,wallet,completed,1607.65
PAY0000087,ORD0000087,2026-03-26 02:29:00,card,completed,789.06
PAY0000088,ORD0000088,2026-03-08 04:43:00,bank_transfer,completed,1791.22
PAY0000089,ORD0000089,2026-03-10 00:14:00,card,completed,943.2
PAY0000090,ORD0000090,2026-03-13 02:52:00,bank_transfer,completed,2321.0
PAY0000091,ORD0000091,2026-02-22 11:38:00,bank_transfer,completed,1328.86
PAY0000092,ORD0000092,2026-04-03 01:51:00,card,completed,828.72
PAY0000093,ORD0000093,2026-04-16 00:42:00,gift_card,completed,1899.68
PAY0000094,ORD0000094,2026-02-02 17:06:00,card,completed,2408.36
PAY0000095,ORD0000095,2026-02-19 19:58:00,wallet,completed,2442.16
PAY0000096,ORD0000096,2026-02-15 07:58:00,wallet,refunded,678.72
PAY0000097,ORD0000097,2026-01-25 06:21:00,bank_transfer,completed,67.96
PAY0000098,ORD0000098,2026-04-23 17:41:00,wallet,completed,2744.77
PAY0000099,ORD0000099,2026-04-03 20:15:00,wallet,completed,1837.05
PAY0000100,ORD0000100,2026-04-17 22:17:00,wallet,completed,1956.91
PAY0000101,ORD0000101,2026-03-23 15:40:00,gift_card,completed,760.74
PAY0000102,ORD0000102,2026-02-22 20:11:00,card,completed,1110.64
PAY0000103,ORD0000103,2026-03-18 20:32:00,wallet,completed,1954.87
PAY0000104,ORD0000104,2026-04-07 07:18:00,gift_card,completed,1755.78
PAY0000105,ORD0000105,2026-03-19 07:03:00,card,completed,411.83
PAY0000106,ORD0000106,2026-02-11 12:25:00,wallet,completed,1467.16
PAY0000107,ORD0000107,2026-04-15 22:21:00,card,completed,606.28
PAY0000108,ORD0000108,2026-02-09 16:27:00,wallet,completed,1951.1
PAY0000109,ORD0000109,2026-03-01 02:17:00,card,completed,439.67
PAY0000110,ORD0000110,2026-02-23 02:45:00,card,completed,706.56
PAY0000111,ORD0000111,2026-04-17 22:24:00,card,completed,825.6
PAY0000112,ORD0000112,2026-02-28 21:29:00,wallet,completed,2131.06
PAY0000113,ORD0000113,2026-01-31 09:06:00,bank_transfer,completed,294.42
PAY0000114,ORD0000114,2026-04-18 17:08:00,bank_transfer,completed,2585.77
PAY0000115,ORD0000115,2026-01-30 12:05:00,card,completed,1699.99
PAY0000116,ORD0000116,2026-04-02 21:16:00,bank_transfer,completed,15.93
PAY0000117,ORD0000117,2026-02-05 19:02:00,gift_card,completed,842.26
PAY0000118,ORD0000118,2026-04-06 07:38:00,gift_card,completed,1874.25
PAY0000119,ORD0000119,2026-04-11 05:14:00,wallet,completed,380.2
PAY0000120,ORD0000120,2026-03-12 21:51:00,bank_transfer,completed,1721.64
PAY0000121,ORD0000121,2026-04-12 05:14:00,wallet,completed,1953.34
PAY0000122,ORD0000122,2026-02-11 01:39:00,card,completed,2108.64
PAY0000123,ORD0000123,2026-01-27 04:16:00,wallet,completed,1931.28
PAY0000124,ORD0000124,2026-02-11 12:08:00,bank_transfer,completed,1295.27
PAY0000125,ORD0000125,2026-02-04 21:58:00,bank_transfer,completed,1158.17
PAY0000126,ORD0000126,2026-04-06 09:08:00,bank_transfer,completed,699.44
PAY0000127,ORD0000127,2026-03-21 20:45:00,bank_transfer,completed,855.18
PAY0000128,ORD0000128,2026-04-10 10:27:00,card,completed,1984.28
PAY0000129,ORD0000129,2026-03-25 21:14:00,gift_card,completed,988.52
PAY0000130,ORD0000130,2026-03-28 09:03:00,wallet,failed,99.4
PAY0000131,ORD0000131,2026-03-22 17:29:00,bank_transfer,completed,2127.18
PAY0000132,ORD0000132,2026-01-28 20:25:00,bank_transfer,completed,555.44
PAY0000133,ORD0000133,2026-02-17 10:44:00,card,completed,216.48
PAY0000134,ORD0000134,2026-02-17 07:29:00,bank_transfer,completed,1068.1
PAY0000135,ORD0000135,2026-02-28 08:01:00,gift_card,completed,270.16
PAY0000136,ORD0000136,2026-04-10 19:51:00,bank_transfer,completed,89.82
PAY0000137,ORD0000137,2026-02-06 14:47:00,bank_transfer,completed,1384.06
PAY0000138,ORD0000138,2026-03-26 22:27:00,gift_card,completed,642.75
PAY0000139,ORD0000139,2026-03-01 17:32:00,gift_card,completed,986.61
PAY0000140,ORD0000140,2026-03-25 09:48:00,bank_transfer,completed,916.31
PAY0000141,ORD0000141,2026-02-04 13:22:00,bank_transfer,completed,496.32
PAY0000142,ORD0000142,2026-02-18 11:57:00,card,completed,275.36
PAY0000143,ORD0000143,2026-04-17 23:02:00,wallet,completed,189.97
PAY0000144,ORD0000144,2026-03-25 01:47:00,gift_card,completed,700.95
PAY0000145,ORD0000145,2026-02-01 02:34:00,bank_transfer,completed,804.1
PAY0000146,ORD0000146,2026-02-02 00:16:00,wallet,completed,3314.32
PAY0000147,ORD0000147,2026-04-01 01:09:00,bank_transfer,completed,2919.95
PAY0000148,ORD0000148,2026-04-20 23:08:00,gift_card,failed,2069.6
PAY0000149,ORD0000149,2026-04-13 18:31:00,bank_transfer,completed,1601.24
PAY0000150,ORD0000150,2026-03-25 16:34:00,wallet,completed,1341.15
PAY0000151,ORD0000151,2026-04-09 13:11:00,gift_card,completed,1660.34
PAY0000152,ORD0000152,2026-03-02 22:31:00,bank_transfer,completed,1768.23
PAY0000153,ORD0000153,2026-04-07 22:43:00,gift_card,failed,1157.01
PAY0000154,ORD0000154,2026-02-10 08:30:00,card,completed,2220.06
PAY0000155,ORD0000155,2026-04-11 05:58:00,bank_transfer,completed,1444.62
PAY0000156,ORD0000156,2026-03-06 19:33:00,wallet,completed,840.32
PAY0000157,ORD0000157,2026-03-04 08:39:00,card,failed,431.89
PAY0000158,ORD0000158,2026-04-02 20:31:00,card,completed,583.62
PAY0000159,ORD0000159,2026-02-10 05:20:00,gift_card,completed,1455.37
PAY0000160,ORD0000160,2026-03-08 08:44:00,bank_transfer,completed,1757.2
PAY0000161,ORD0000161,2026-02-02 18:26:00,bank_transfer,completed,918.27
PAY0000162,ORD0000162,2026-03-28 15:35:00,card,completed,951.73
PAY0000163,ORD0000163,2026-04-14 11:57:00,wallet,refunded,1147.52
PAY0000164,ORD0000164,2026-04-17 18:31:00,card,completed,1620.45
PAY0000165,ORD0000165,2026-03-06 21:06:00,bank_transfer,completed,2796.52
PAY0000166,ORD0000166,2026-03-29 00:30:00,gift_card,completed,418.37
PAY0000167,ORD0000167,2026-01-26 05:29:00,card,completed,1059.15
PAY0000168,ORD0000168,2026-02-12 10:38:00,wallet,completed,549.61
PAY0000169,ORD0000169,2026-03-20 18:05:00,card,completed,1516.35
PAY0000170,ORD0000170,2026-04-05 18:52:00,card,completed,1611.05
PAY0000171,ORD0000171,2026-03-05 03:49:00,wallet,completed,1321.23
PAY0000172,ORD0000172,2026-01-25 18:06:00,gift_card,completed,357.16
PAY0000173,ORD0000173,2026-02-14 16:35:00,card,completed,3233.74
PAY0000174,ORD0000174,2026-04-08 07:46:00,bank_transfer,completed,2052.17
PAY0000175,ORD0000175,2026-02-18 04:14:00,wallet,completed,416.03
PAY0000176,ORD0000176,2026-02-11 07:03:00,wallet,completed,116.2
PAY0000177,ORD0000177,2026-02-14 15:18:00,wallet,completed,429.52
PAY0000178,ORD0000178,2026-04-21 15:52:00,bank_transfer,completed,195.9
PAY0000179,ORD0000179,2026-04-01 06:09:00,bank_transfer,completed,679.72
PAY0000180,ORD0000180,2026-02-08 08:40:00,wallet,completed,1689.2
PAY0000181,ORD0000181,2026-02-25 10:22:00,bank_transfer,refunded,1366.32
PAY0000182,ORD0000182,2026-03-28 17:47:00,bank_transfer,completed,969.22
PAY0000183,ORD0000183,2026-03-16 19:44:00,gift_card,completed,1099.71
PAY0000184,ORD0000184,2026-02-08 13:46:00,bank_transfer,completed,394.59
PAY0000185,ORD0000185,2026-02-27 17:16:00,wallet,completed,643.8
PAY0000186,ORD0000186,2026-02-11 23:09:00,wallet,completed,959.78
PAY0000187,ORD0000187,2026-02-08 15:28:00,wallet,completed,1127.64
PAY0000188,ORD0000188,2026-04-23 08:58:00,wallet,completed,1914.88
PAY0000189,ORD0000189,2026-04-11 19:43:00,gift_card,completed,1999.6
PAY0000190,ORD0000190,2026-03-28 09:35:00,card,completed,295.81
PAY0000191,ORD0000191,2026-03-27 06:48:00,bank_transfer,refunded,294.42
PAY0000192,ORD0000192,2026-03-22 10:22:00,gift_card,completed,1269.3
PAY0000193,ORD0000193,2026-02-05 08:23:00,wallet,completed,3178.49
PAY0000194,ORD0000194,2026-02-23 07:37:00,bank_transfer,completed,811.51
PAY0000195,ORD0000195,2026-02-20 12:49:00,card,completed,679.98
PAY0000196,ORD0000196,2026-02-23 23:31:00,bank_transfer,completed,1537.35
PAY0000197,ORD0000197,2026-02-16 09:12:00,bank_transfer,completed,709.1
PAY0000198,ORD0000198,2026-02-05 13:34:00,wallet,completed,1438.64
PAY0000199,ORD0000199,2026-04-05 11:25:00,wallet,completed,993.03
PAY0000200,ORD0000200,2026-04-12 22:44:00,bank_transfer,completed,1383.54
PAY0000201,ORD0000201,2026-02-19 05:15:00,wallet,completed,2215.19
PAY0000202,ORD0000202,2026-03-07 17:04:00,gift_card,completed,1087.98
PAY0000203,ORD0000203,2026-02-28 19:18:00,gift_card,refunded,1804.72
PAY0000204,ORD0000204,2026-04-12 00:14:00,bank_transfer,completed,419.89
PAY0000205,ORD0000205,2026-03-12 13:28:00,bank_transfer,completed,660.52
PAY0000206,ORD0000206,2026-04-20 13:05:00,gift_card,refunded,885.46
PAY0000207,ORD0000207,2026-03-12 20:13:00,bank_transfer,completed,924.29
PAY0000208,ORD0000208,2026-04-03 07:34:00,card,completed,1124.54
PAY0000209,ORD0000209,2026-03-12 18:21:00,wallet,completed,945.39
PAY0000210,ORD0000210,2026-03-16 23:45:00,gift_card,refunded,790.6
PAY0000211,ORD0000211,2026-04-15 15:04:00,card,completed,719.75
PAY0000212,ORD0000212,2026-02-20 09:11:00,gift_card,completed,2232.9
PAY0000213,ORD0000213,2026-01-24 22:41:00,gift_card,refunded,606.37
PAY0000214,ORD0000214,2026-02-09 17:39:00,gift_card,completed,430.71
PAY0000215,ORD0000215,2026-03-08 02:35:00,gift_card,completed,335.8
PAY0000216,ORD0000216,2026-03-16 09:56:00,wallet,completed,2139.64
PAY0000217,ORD0000217,2026-02-15 07:29:00,card,completed,763.53
PAY0000218,ORD0000218,2026-03-11 15:29:00,wallet,completed,206.12
PAY0000219,ORD0000219,2026-02-03 22:47:00,gift_card,completed,846.82
PAY0000220,ORD0000220,2026-04-20 00:41:00,gift_card,completed,367.58
PAY0000221,ORD0000221,2026-04-22 11:05:00,gift_card,completed,2266.59
PAY0000222,ORD0000222,2026-04-19 22:50:00,gift_card,completed,1409.38
PAY0000223,ORD0000223,2026-02-18 03:42:00,card,completed,908.58
PAY0000224,ORD0000224,2026-03-05 06:14:00,card,completed,125.88
PAY0000225,ORD0000225,2026-03-19 01:11:00,bank_transfer,completed,194.4
PAY0000226,ORD0000226,2026-03-25 05:06:00,gift_card,completed,621.22
PAY0000227,ORD0000227,2026-04-03 18:42:00,gift_card,completed,1659.68
PAY0000228,ORD0000228,2026-02-25 04:57:00,card,completed,72.4
PAY0000229,ORD0000229,2026-02-08 10:19:00,card,completed,2347.17
PAY0000230,ORD0000230,2026-02-28 22:58:00,card,completed,1783.78
PAY0000231,ORD0000231,2026-04-19 05:20:00,wallet,completed,616.98
PAY0000232,ORD0000232,2026-04-08 18:46:00,card,completed,1464.7
PAY0000233,ORD0000233,2026-03-02 18:57:00,gift_card,completed,1359.08
PAY0000234,ORD0000234,2026-04-05 02:03:00,wallet,completed,20.4
PAY0000235,ORD0000235,2026-04-05 04:21:00,bank_transfer,completed,482.37
PAY0000236,ORD0000236,2026-04-17 10:42:00,gift_card,completed,1900.93
PAY0000237,ORD0000237,2026-03-08 08:11:00,card,completed,1255.9
PAY0000238,ORD0000238,2026-04-17 10:47:00,wallet,completed,1705.91
PAY0000239,ORD0000239,2026-04-06 04:47:00,card,completed,143.72
PAY0000240,ORD0000240,2026-02-16 06:40:00,bank_transfer,completed,2030.93
PAY0000241,ORD0000241,2026-01-31 00:16:00,bank_transfer,completed,2109.73
PAY0000242,ORD0000242,2026-01-26 22:48:00,card,completed,3230.31
PAY0000243,ORD0000243,2026-03-07 04:57:00,card,completed,848.54
PAY0000244,ORD0000244,2026-04-11 02:55:00,wallet,completed,991.51
PAY0000245,ORD0000245,2026-02-10 02:57:00,gift_card,completed,1243.71
PAY0000246,ORD0000246,2026-03-01 11:56:00,card,completed,693.8
PAY0000247,ORD0000247,2026-03-14 01:57:00,gift_card,completed,602.36
PAY0000248,ORD0000248,2026-02-26 13:39:00,bank_transfer,completed,829.18
PAY0000249,ORD0000249,2026-02-22 23:51:00,gift_card,completed,2124.81
PAY0000250,ORD0000250,2026-01-29 06:57:00,gift_card,completed,2196.8
PAY0000251,ORD0000251,2026-01-26 14:29:00,card,completed,1067.23
PAY0000252,ORD0000252,2026-03-30 23:28:00,card,completed,679.56
PAY0000253,ORD0000253,2026-03-02 22:34:00,gift_card,completed,468.97
PAY0000254,ORD0000254,2026-02-27 21:39:00,bank_transfer,completed,1181.63
PAY0000255,ORD0000255,2026-04-06 10:11:00,card,completed,1858.55
PAY0000256,ORD0000256,2026-03-11 02:08:00,wallet,completed,448.92
PAY0000257,ORD0000257,2026-03-14 12:37:00,bank_transfer,completed,1020.28
PAY0000258,ORD0000258,2026-01-25 20:21:00,card,completed,2228.31
PAY0000259,ORD0000259,2026-02-04 04:26:00,card,completed,905.68
PAY0000260,ORD0000260,2026-04-14 02:11:00,card,completed,1514.87
PAY0000261,ORD0000261,2026-02-16 19:28:00,gift_card,completed,513.03
PAY0000262,ORD0000262,2026-03-17 05:05:00,wallet,completed,1319.35
PAY0000263,ORD0000263,2026-01-24 20:44:00,card,completed,971.43
PAY0000264,ORD0000264,2026-03-22 16:46:00,bank_transfer,completed,127.4
PAY0000265,ORD0000265,2026-02-23 06:55:00,gift_card,completed,286.7
PAY0000266,ORD0000266,2026-02-01 20:12:00,gift_card,completed,2011.97
PAY0000267,ORD0000267,2026-02-20 20:54:00,wallet,completed,1660.86
PAY0000268,ORD0000268,2026-04-04 06:57:00,bank_transfer,completed,929.71
PAY0000269,ORD0000269,2026-02-02 13:25:00,gift_card,completed,1910.33
PAY0000270,ORD0000270,2026-03-07 16:48:00,wallet,completed,236.88
PAY0000271,ORD0000271,2026-03-07 08:49:00,card,completed,1945.89
PAY0000272,ORD0000272,2026-03-01 21:15:00,wallet,completed,1504.29
PAY0000273,ORD0000273,2026-02-06 18:30:00,wallet,completed,1461.66
PAY0000274,ORD0000274,2026-04-09 16:30:00,bank_transfer,completed,1216.41
PAY0000275,ORD0000275,2026-03-14 14:05:00,gift_card,completed,1501.75
PAY0000276,ORD0000276,2026-04-17 07:51:00,wallet,completed,1801.29
PAY0000277,ORD0000277,2026-04-09 11:03:00,card,completed,178.74
PAY0000278,ORD0000278,2026-02-07 22:21:00,bank_transfer,completed,2597.71
PAY0000279,ORD0000279,2026-03-25 05:47:00,bank_transfer,completed,110.39
PAY0000280,ORD0000280,2026-04-09 15:45:00,bank_transfer,completed,1943.44
PAY0000281,ORD0000281,2026-03-07 10:27:00,bank_transfer,completed,2290.17
PAY0000282,ORD0000282,2026-03-27 08:42:00,wallet,completed,437.25
PAY0000283,ORD0000283,2026-03-30 16:39:00,gift_card,completed,716.32
PAY0000284,ORD0000284,2026-04-17 20:40:00,gift_card,completed,1043.97
PAY0000285,ORD0000285,2026-02-22 17:38:00,bank_transfer,completed,468.95
PAY0000286,ORD0000286,2026-02-12 04:33:00,card,completed,1754.5
PAY0000287,ORD0000287,2026-04-05 04:32:00,wallet,completed,1284.24
PAY0000288,ORD0000288,2026-04-22 06:24:00,wallet,completed,1395.04
PAY0000289,ORD0000289,2026-03-27 02:09:00,bank_transfer,completed,895.9
PAY0000290,ORD0000290,2026-03-18 17:55:00,gift_card,completed,1174.59
PAY0000291,ORD0000291,2026-04-14 23:51:00,gift_card,completed,1452.06
PAY0000292,ORD0000292,2026-03-09 23:50:00,wallet,completed,640.28
PAY0000293,ORD0000293,2026-03-07 11:38:00,gift_card,completed,701.52
PAY0000294,ORD0000294,2026-04-22 18:55:00,bank_transfer,completed,644.5
PAY0000295,ORD0000295,2026-04-11 22:23:00,bank_transfer,completed,557.48
PAY0000296,ORD0000296,2026-02-28 12:31:00,card,completed,409.68
PAY0000297,ORD0000297,2026-03-25 19:25:00,wallet,completed,719.48
PAY0000298,ORD0000298,2026-03-08 11:37:00,bank_transfer,completed,438.86
PAY0000299,ORD0000299,2026-02-11 06:52:00,wallet,completed,1080.39
PAY0000300,ORD0000300,2026-02-21 18:23:00,gift_card,completed,320.25
PAY0000301,ORD0000301,2026-02-22 18:52:00,gift_card,completed,1886.35
PAY0000302,ORD0000302,2026-03-24 15:29:00,bank_transfer,completed,1548.35
PAY0000303,ORD0000303,2026-03-16 09:27:00,wallet,completed,145.65
PAY0000304,ORD0000304,2026-02-08 18:26:00,bank_transfer,completed,988.74
PAY0000305,ORD0000305,2026-04-06 17:42:00,bank_transfer,completed,700.62
PAY0000306,ORD0000306,2026-04-19 21:14:00,wallet,completed,1111.78
PAY0000307,ORD0000307,2026-01-28 06:56:00,gift_card,completed,1501.96
PAY0000308,ORD0000308,2026-03-28 06:33:00,bank_transfer,completed,1269.75
PAY0000309,ORD0000309,2026-02-06 04:01:00,wallet,completed,561.74
PAY0000310,ORD0000310,2026-03-04 05:13:00,gift_card,completed,2061.4
PAY0000311,ORD0000311,2026-03-06 02:15:00,bank_transfer,completed,2228.33
PAY0000312,ORD0000312,2026-03-15 18:06:00,card,completed,728.19
PAY0000313,ORD0000313,2026-04-01 19:49:00,bank_transfer,completed,244.9
PAY0000314,ORD0000314,2026-03-30 18:24:00,card,failed,2221.3
PAY0000315,ORD0000315,2026-03-17 07:21:00,gift_card,failed,690.97
PAY0000316,ORD0000316,2026-01-30 19:20:00,bank_transfer,completed,30.85
PAY0000317,ORD0000317,2026-04-07 06:06:00,gift_card,refunded,2870.29
PAY0000318,ORD0000318,2026-02-21 06:22:00,gift_card,completed,652.13
PAY0000319,ORD0000319,2026-02-16 11:51:00,card,completed,30.51
PAY0000320,ORD0000320,2026-02-20 03:26:00,card,completed,1823.39
PAY0000321,ORD0000321,2026-01-28 23:19:00,wallet,completed,1556.92
PAY0000322,ORD0000322,2026-03-12 10:49:00,card,completed,2130.52
PAY0000323,ORD0000323,2026-03-12 01:18:00,card,completed,576.23
PAY0000324,ORD0000324,2026-03-09 13:10:00,gift_card,completed,1045.82
PAY0000325,ORD0000325,2026-03-18 20:06:00,wallet,completed,1464.76
PAY0000326,ORD0000326,2026-01-25 03:39:00,bank_transfer,completed,1813.05
PAY0000327,ORD0000327,2026-03-15 14:45:00,bank_transfer,completed,2014.01
PAY0000328,ORD0000328,2026-03-25 22:06:00,gift_card,completed,510.05
PAY0000329,ORD0000329,2026-02-18 18:45:00,gift_card,completed,1506.39
PAY0000330,ORD0000330,2026-04-14 10:11:00,gift_card,completed,1064.27
PAY0000331,ORD0000331,2026-03-06 20:41:00,card,completed,1864.65
PAY0000332,ORD0000332,2026-04-17 04:42:00,gift_card,completed,215.06
PAY0000333,ORD0000333,2026-03-27 13:11:00,gift_card,completed,2400.52
PAY0000334,ORD0000334,2026-04-11 23:40:00,wallet,completed,4102.17
PAY0000335,ORD0000335,2026-01-28 08:25:00,card,completed,1664.66
PAY0000336,ORD0000336,2026-02-04 14:06:00,gift_card,completed,300.96
PAY0000337,ORD0000337,2026-02-02 18:39:00,wallet,completed,738.6
PAY0000338,ORD0000338,2026-04-06 00:46:00,card,completed,1761.03
PAY0000339,ORD0000339,2026-02-01 05:07:00,bank_transfer,completed,594.95
PAY0000340,ORD0000340,2026-02-23 14:09:00,card,completed,1410.33
PAY0000341,ORD0000341,2026-03-20 12:25:00,gift_card,completed,829.02
PAY0000342,ORD0000342,2026-04-19 10:48:00,bank_transfer,completed,474.02
PAY0000343,ORD0000343,2026-02-20 15:16:00,bank_transfer,completed,646.98
PAY0000344,ORD0000344,2026-02-04 10:31:00,gift_card,completed,650.6
PAY0000345,ORD0000345,2026-04-18 18:52:00,bank_transfer,completed,225.03
PAY0000346,ORD0000346,2026-03-05 10:45:00,gift_card,failed,226.66
PAY0000347,ORD0000347,2026-03-27 08:21:00,wallet,completed,725.96
PAY0000348,ORD0000348,2026-01-27 21:09:00,gift_card,completed,2382.21
PAY0000349,ORD0000349,2026-03-21 21:15:00,gift_card,completed,2235.63
PAY0000350,ORD0000350,2026-02-17 23:33:00,bank_transfer,refunded,455.82
PAY0000351,ORD0000351,2026-02-25 13:21:00,bank_transfer,completed,513.03
PAY0000352,ORD0000352,2026-03-24 07:58:00,wallet,completed,812.58
PAY0000353,ORD0000353,2026-03-24 21:31:00,gift_card,completed,2578.64
PAY0000354,ORD0000354,2026-04-02 16:23:00,gift_card,completed,1756.3
PAY0000355,ORD0000355,2026-04-09 13:20:00,gift_card,completed,862.83
PAY0000356,ORD0000356,2026-03-28 05:07:00,bank_transfer,completed,947.65
PAY0000357,ORD0000357,2026-02-24 06:04:00,wallet,completed,930.07
PAY0000358,ORD0000358,2026-02-24 21:32:00,bank_transfer,completed,1513.34
PAY0000359,ORD0000359,2026-01-25 00:21:00,wallet,completed,93.11
PAY0000360,ORD0000360,2026-03-19 20:31:00,card,completed,2308.14
PAY0000361,ORD0000361,2026-02-27 11:47:00,bank_transfer,completed,2257.69
PAY0000362,ORD0000362,2026-03-15 06:10:00,gift_card,completed,497.88
PAY0000363,ORD0000363,2026-04-01 08:12:00,wallet,completed,331.13
PAY0000364,ORD0000364,2026-04-15 11:56:00,bank_transfer,completed,171.18
PAY0000365,ORD0000365,2026-04-06 02:11:00,card,completed,2455.22
PAY0000366,ORD0000366,2026-03-31 06:28:00,wallet,completed,1173.3
PAY0000367,ORD0000367,2026-01-29 23:14:00,wallet,completed,3715.29
PAY0000368,ORD0000368,2026-02-16 03:37:00,card,completed,1869.51
PAY0000369,ORD0000369,2026-02-02 18:51:00,card,completed,2210.45
PAY0000370,ORD0000370,2026-04-08 18:28:00,bank_transfer,completed,1137.66
PAY0000371,ORD0000371,2026-04-20 01:52:00,wallet,completed,981.67
PAY0000372,ORD0000372,2026-04-20 23:08:00,bank_transfer,completed,2113.71
PAY0000373,ORD0000373,2026-03-15 20:14:00,wallet,completed,200.37
PAY0000374,ORD0000374,2026-04-20 02:09:00,gift_card,completed,554.38
PAY0000375,ORD0000375,2026-04-05 07:07:00,bank_transfer,completed,1475.38
PAY0000376,ORD0000376,2026-03-13 18:07:00,gift_card,completed,2129.02
PAY0000377,ORD0000377,2026-03-09 20:20:00,gift_card,completed,611.97
PAY0000378,ORD0000378,2026-04-23 00:54:00,gift_card,completed,174.14
PAY0000379,ORD0000379,2026-04-23 05:59:00,wallet,completed,839.88
PAY0000380,ORD0000380,2026-01-29 02:46:00,card,completed,981.3
PAY0000381,ORD0000381,2026-02-24 00:13:00,bank_transfer,completed,707.55
PAY0000382,ORD0000382,2026-03-28 15:26:00,card,completed,638.82
PAY0000383,ORD0000383,2026-04-20 01:41:00,gift_card,completed,1800.35
PAY0000384,ORD0000384,2026-03-05 05:59:00,bank_transfer,completed,2093.45
PAY0000385,ORD0000385,2026-03-16 00:51:00,gift_card,completed,1185.58
PAY0000386,ORD0000386,2026-02-05 09:48:00,bank_transfer,completed,1171.1
PAY0000387,ORD0000387,2026-03-13 02:47:00,wallet,completed,1946.35
PAY0000388,ORD0000388,2026-04-15 10:20:00,gift_card,completed,2036.13
PAY0000389,ORD0000389,2026-04-19 15:33:00,gift_card,completed,767.32
PAY0000390,ORD0000390,2026-03-23 08:22:00,bank_transfer,completed,2341.16
PAY0000391,ORD0000391,2026-02-20 22:40:00,bank_transfer,completed,922.94
PAY0000392,ORD0000392,2026-02-22 14:03:00,bank_transfer,completed,3275.79
PAY0000393,ORD0000393,2026-03-11 08:19:00,gift_card,completed,1294.89
PAY0000394,ORD0000394,2026-03-18 23:51:00,gift_card,completed,1169.62
PAY0000395,ORD0000395,2026-03-07 09:03:00,card,completed,2816.37
PAY0000396,ORD0000396,2026-02-13 18:47:00,wallet,completed,494.26
PAY0000397,ORD0000397,2026-04-19 23:25:00,bank_transfer,completed,1377.47
PAY0000398,ORD0000398,2026-03-25 05:31:00,gift_card,completed,1141.02
PAY0000399,ORD0000399,2026-03-13 16:52:00,gift_card,completed,1039.01
PAY0000400,ORD0000400,2026-04-09 04:11:00,card,completed,701.7
PAY0000401,ORD0000401,2026-04-04 01:30:00,gift_card,completed,1201.92
PAY0000402,ORD0000402,2026-03-14 01:51:00,wallet,completed,375.54
PAY0000403,ORD0000403,2026-04-11 02:10:00,wallet,completed,797.81
PAY0000404,ORD0000404,2026-02-10 19:03:00,gift_card,completed,1060.89
PAY0000405,ORD0000405,2026-02-28 18:37:00,bank_transfer,completed,2883.44
PAY0000406,ORD0000406,2026-03-22 22:09:00,wallet,completed,980.77
PAY0000407,ORD0000407,2026-03-26 02:06:00,bank_transfer,completed,1433.96
PAY0000408,ORD0000408,2026-04-01 17:35:00,card,completed,916.92
PAY0000409,ORD0000409,2026-01-28 15:30:00,wallet,completed,1958.8
PAY0000410,ORD0000410,2026-02-28 04:07:00,gift_card,completed,1269.16
PAY0000411,ORD0000411,2026-04-09 03:43:00,gift_card,refunded,1167.06
PAY0000412,ORD0000412,2026-02-08 19:55:00,wallet,completed,64.44
PAY0000413,ORD0000413,2026-04-22 01:34:00,wallet,completed,829.29
PAY0000414,ORD0000414,2026-04-20 00:52:00,bank_transfer,completed,1844.63
PAY0000415,ORD0000415,2026-03-12 00:29:00,gift_card,completed,1758.2
PAY0000416,ORD0000416,2026-03-24 15:25:00,gift_card,completed,3389.88
PAY0000417,ORD0000417,2026-04-11 20:26:00,wallet,completed,1967.77
PAY0000418,ORD0000418,2026-04-19 16:56:00,gift_card,completed,786.93
PAY0000419,ORD0000419,2026-02-02 22:45:00,card,completed,973.57
PAY0000420,ORD0000420,2026-03-06 09:52:00,card,completed,935.74
PAY0000421,ORD0000421,2026-03-28 07:15:00,wallet,completed,68.68
PAY0000422,ORD0000422,2026-03-09 10:54:00,card,completed,3748.33
PAY0000423,ORD0000423,2026-03-26 21:25:00,wallet,completed,2393.55
PAY0000424,ORD0000424,2026-02-14 06:36:00,gift_card,completed,1015.39
PAY0000425,ORD0000425,2026-03-15 01:18:00,gift_card,completed,2541.03
PAY0000426,ORD0000426,2026-04-09 06:46:00,bank_transfer,completed,1305.62
PAY0000427,ORD0000427,2026-04-15 10:36:00,wallet,completed,1550.47
PAY0000428,ORD0000428,2026-02-25 05:48:00,gift_card,completed,478.98
PAY0000429,ORD0000429,2026-03-16 08:51:00,bank_transfer,refunded,1647.83
PAY0000430,ORD0000430,2026-01-31 20:31:00,wallet,completed,696.81
PAY0000431,ORD0000431,2026-03-16 11:11:00,wallet,completed,1052.2
PAY0000432,ORD0000432,2026-01-30 21:21:00,gift_card,completed,1600.36
PAY0000433,ORD0000433,2026-03-05 11:44:00,wallet,completed,2108.64
PAY0000434,ORD0000434,2026-04-10 17:04:00,card,completed,1531.08
PAY0000435,ORD0000435,2026-04-04 09:05:00,bank_transfer,refunded,436.86
PAY0000436,ORD0000436,2026-02-28 05:05:00,card,completed,940.39
PAY0000437,ORD0000437,2026-02-25 02:15:00,card,completed,1968.77
PAY0000438,ORD0000438,2026-02-06 21:56:00,bank_transfer,completed,2266.14
PAY0000439,ORD0000439,2026-02-17 07:15:00,bank_transfer,completed,411.41
PAY0000440,ORD0000440,2026-03-17 09:19:00,gift_card,completed,417.82
PAY0000441,ORD0000441,2026-02-01 06:54:00,bank_transfer,completed,2814.5
PAY0000442,ORD0000442,2026-02-27 15:16:00,gift_card,completed,1079.16
PAY0000443,ORD0000443,2026-02-17 11:26:00,wallet,completed,777.1
PAY0000444,ORD0000444,2026-03-30 06:20:00,wallet,completed,2050.45
PAY0000445,ORD0000445,2026-04-16 03:20:00,card,completed,687.79
PAY0000446,ORD0000446,2026-03-03 02:51:00,card,refunded,991.38
PAY0000447,ORD0000447,2026-03-24 15:39:00,gift_card,completed,1755.28
PAY0000448,ORD0000448,2026-02-18 03:33:00,gift_card,completed,261.62
PAY0000449,ORD0000449,2026-03-16 15:13:00,bank_transfer,completed,277.94
PAY0000450,ORD0000450,2026-02-21 11:08:00,card,completed,2114.01
PAY0000451,ORD0000451,2026-04-02 11:30:00,wallet,failed,1476.23
PAY0000452,ORD0000452,2026-02-06 23:26:00,bank_transfer,completed,1665.26
PAY0000453,ORD0000453,2026-03-19 00:12:00,card,completed,1569.31
PAY0000454,ORD0000454,2026-03-13 06:27:00,wallet,completed,2016.73
PAY0000455,ORD0000455,2026-01-30 02:17:00,wallet,completed,74.38
PAY0000456,ORD0000456,2026-03-08 02:08:00,card,completed,1258.86
PAY0000457,ORD0000457,2026-02-04 03:47:00,card,completed,894.21
PAY0000458,ORD0000458,2026-04-04 22:30:00,wallet,completed,2530.06
PAY0000459,ORD0000459,2026-02-09 05:08:00,card,completed,1023.17
PAY0000460,ORD0000460,2026-03-08 15:33:00,card,completed,738.44
PAY0000461,ORD0000461,2026-03-10 15:57:00,bank_transfer,completed,1586.71
PAY0000462,ORD0000462,2026-03-14 02:08:00,wallet,completed,2087.83
PAY0000463,ORD0000463,2026-04-12 01:27:00,gift_card,refunded,1110.33
PAY0000464,ORD0000464,2026-03-28 07:38:00,gift_card,completed,1728.12
PAY0000465,ORD0000465,2026-02-11 00:13:00,gift_card,completed,938.33
PAY0000466,ORD0000466,2026-03-16 05:41:00,bank_transfer,completed,1014.74
PAY0000467,ORD0000467,2026-03-26 11:55:00,wallet,completed,1734.49
PAY0000468,ORD0000468,2026-01-24 05:08:00,card,completed,664.38
PAY0000469,ORD0000469,2026-02-19 07:47:00,gift_card,completed,1101.2
PAY0000470,ORD0000470,2026-03-16 14:21:00,wallet,completed,3500.1
PAY0000471,ORD0000471,2026-02-11 08:51:00,gift_card,completed,889.13
PAY0000472,ORD0000472,2026-01-26 03:17:00,wallet,completed,1089.74
PAY0000473,ORD0000473,2026-03-22 02:29:00,bank_transfer,completed,618.36
PAY0000474,ORD0000474,2026-03-18 19:52:00,bank_transfer,completed,2511.94
PAY0000475,ORD0000475,2026-04-03 07:34:00,wallet,completed,344.88
PAY0000476,ORD0000476,2026-04-23 02:24:00,bank_transfer,completed,2915.82
PAY0000477,ORD0000477,2026-02-15 10:45:00,card,completed,1346.58
PAY0000478,ORD0000478,2026-02-26 20:30:00,wallet,completed,710.7
PAY0000479,ORD0000479,2026-03-27 02:41:00,card,completed,2020.43
PAY0000480,ORD0000480,2026-04-03 14:05:00,wallet,refunded,983.56
PAY0000481,ORD0000481,2026-04-01 20:57:00,bank_transfer,completed,606.98
PAY0000482,ORD0000482,2026-04-18 01:57:00,gift_card,completed,484.38
PAY0000483,ORD0000483,2026-03-12 19:22:00,card,completed,871.81
PAY0000484,ORD0000484,2026-03-10 02:06:00,card,completed,1725.92
PAY0000485,ORD0000485,2026-04-22 00:22:00,gift_card,completed,546.48
PAY0000486,ORD0000486,2026-03-24 04:02:00,wallet,completed,597.72
PAY0000487,ORD0000487,2026-03-07 19:38:00,wallet,completed,2386.27
PAY0000488,ORD0000488,2026-04-19 08:39:00,bank_transfer,completed,1405.23
PAY0000489,ORD0000489,2026-01-25 17:10:00,bank_transfer,refunded,1332.56
PAY0000490,ORD0000490,2026-03-17 08:47:00,card,completed,835.64
PAY0000491,ORD0000491,2026-04-13 22:52:00,card,completed,1740.09
PAY0000492,ORD0000492,2026-04-22 22:52:00,wallet,completed,1144.29
PAY0000493,ORD0000493,2026-02-23 05:45:00,wallet,completed,1536.83
PAY0000494,ORD0000494,2026-03-27 23:06:00,card,failed,1885.75
PAY0000495,ORD0000495,2026-02-05 09:38:00,bank_transfer,failed,1527.17
PAY0000496,ORD0000496,2026-04-15 04:35:00,bank_transfer,completed,2940.61
PAY0000497,ORD0000497,2026-01-28 06:22:00,bank_transfer,failed,1018.75
PAY0000498,ORD0000498,2026-02-08 02:41:00,wallet,completed,1222.2
PAY0000499,ORD0000499,2026-02-25 02:30:00,wallet,completed,1833.36
PAY0000500,ORD0000500,2026-03-02 01:33:00,gift_card,completed,2165.81
PAY0000501,ORD0000501,2026-03-10 09:03:00,wallet,completed,1365.54
PAY0000502,ORD0000502,2026-03-11 14:03:00,bank_transfer,completed,1174.6
PAY0000503,ORD0000503,2026-02-04 06:51:00,gift_card,completed,1549.67
PAY0000504,ORD0000504,2026-04-01 01:52:00,bank_transfer,completed,1152.45
PAY0000505,ORD0000505,2026-03-22 20:42:00,card,completed,76.31
PAY0000506,ORD0000506,2026-03-02 00:08:00,gift_card,completed,1085.05
PAY0000507,ORD0000507,2026-01-29 18:20:00,wallet,refunded,931.17
PAY0000508,ORD0000508,2026-03-19 00:47:00,bank_transfer,completed,1045.98
PAY0000509,ORD0000509,2026-04-01 07:54:00,card,completed,634.92
PAY0000510,ORD0000510,2026-02-07 04:56:00,wallet,completed,1373.68
PAY0000511,ORD0000511,2026-03-02 15:36:00,bank_transfer,completed,16.77
PAY0000512,ORD0000512,2026-03-29 17:12:00,card,completed,1694.28
PAY0000513,ORD0000513,2026-02-04 23:46:00,wallet,completed,1418.81
PAY0000514,ORD0000514,2026-03-17 22:59:00,bank_transfer,completed,326.57
PAY0000515,ORD0000515,2026-02-19 03:35:00,card,completed,1952.54
PAY0000516,ORD0000516,2026-02-02 11:38:00,gift_card,completed,394.62
PAY0000517,ORD0000517,2026-02-07 01:25:00,wallet,completed,1852.77
PAY0000518,ORD0000518,2026-04-04 02:23:00,wallet,completed,1684.52
PAY0000519,ORD0000519,2026-03-31 22:57:00,wallet,completed,1430.58
PAY0000520,ORD0000520,2026-03-01 13:49:00,card,completed,1373.87
PAY0000521,ORD0000521,2026-02-01 15:34:00,card,completed,1874.76
PAY0000522,ORD0000522,2026-04-08 09:57:00,wallet,completed,723.94
PAY0000523,ORD0000523,2026-02-13 06:53:00,gift_card,completed,2006.04
PAY0000524,ORD0000524,2026-02-03 22:19:00,bank_transfer,refunded,1383.12
PAY0000525,ORD0000525,2026-04-03 01:07:00,gift_card,refunded,365.75
PAY0000526,ORD0000526,2026-03-02 00:08:00,wallet,completed,982.55
PAY0000527,ORD0000527,2026-02-07 01:10:00,bank_transfer,completed,220.58
PAY0000528,ORD0000528,2026-02-13 21:38:00,gift_card,completed,1252.44
PAY0000529,ORD0000529,2026-04-02 21:54:00,card,completed,346.74
PAY0000530,ORD0000530,2026-03-07 23:24:00,wallet,completed,1443.41
PAY0000531,ORD0000531,2026-03-19 08:58:00,gift_card,completed,3102.11
PAY0000532,ORD0000532,2026-02-28 22:09:00,wallet,completed,754.15
PAY0000533,ORD0000533,2026-03-13 07:51:00,card,completed,276.5
PAY0000534,ORD0000534,2026-03-13 03:13:00,wallet,completed,362.73
PAY0000535,ORD0000535,2026-02-07 15:38:00,card,refunded,181.65
PAY0000536,ORD0000536,2026-03-13 04:11:00,wallet,refunded,519.29
PAY0000537,ORD0000537,2026-02-21 21:27:00,wallet,completed,181.65
PAY0000538,ORD0000538,2026-03-14 06:21:00,wallet,completed,1742.87
PAY0000539,ORD0000539,2026-04-09 13:11:00,wallet,completed,2531.92
PAY0000540,ORD0000540,2026-03-01 11:51:00,gift_card,completed,3056.68
PAY0000541,ORD0000541,2026-02-17 09:23:00,bank_transfer,completed,1004.98
PAY0000542,ORD0000542,2026-02-15 22:12:00,card,completed,2262.21
PAY0000543,ORD0000543,2026-02-15 10:17:00,bank_transfer,completed,1318.16
PAY0000544,ORD0000544,2026-03-24 12:07:00,bank_transfer,completed,2008.99
PAY0000545,ORD0000545,2026-04-04 03:54:00,bank_transfer,completed,1361.76
PAY0000546,ORD0000546,2026-03-02 09:12:00,bank_transfer,completed,1453.11
PAY0000547,ORD0000547,2026-03-08 11:28:00,card,completed,1056.06
PAY0000548,ORD0000548,2026-02-11 10:26:00,wallet,completed,3173.87
PAY0000549,ORD0000549,2026-02-26 22:40:00,gift_card,completed,2303.2
PAY0000550,ORD0000550,2026-03-16 05:19:00,bank_transfer,completed,1528.43
PAY0000551,ORD0000551,2026-01-29 14:34:00,wallet,completed,2262.45
PAY0000552,ORD0000552,2026-03-07 08:36:00,wallet,completed,1345.17
PAY0000553,ORD0000553,2026-02-21 15:08:00,bank_transfer,completed,662.36
PAY0000554,ORD0000554,2026-03-24 06:41:00,bank_transfer,completed,69.21
PAY0000555,ORD0000555,2026-02-26 07:23:00,gift_card,completed,1756.55
PAY0000556,ORD0000556,2026-03-12 04:28:00,card,completed,1996.31
PAY0000557,ORD0000557,2026-03-23 10:49:00,card,completed,564.84
PAY0000558,ORD0000558,2026-02-21 08:24:00,card,completed,626.01
PAY0000559,ORD0000559,2026-04-21 00:09:00,wallet,failed,822.76
PAY0000560,ORD0000560,2026-04-21 23:02:00,bank_transfer,completed,1023.27
PAY0000561,ORD0000561,2026-04-21 12:15:00,bank_transfer,refunded,1798.58
PAY0000562,ORD0000562,2026-03-17 17:09:00,card,completed,1149.95
PAY0000563,ORD0000563,2026-02-12 11:22:00,card,completed,925.22
PAY0000564,ORD0000564,2026-04-01 15:56:00,gift_card,completed,779.86
PAY0000565,ORD0000565,2026-02-10 13:04:00,wallet,refunded,451.34
PAY0000566,ORD0000566,2026-04-07 07:22:00,card,completed,1316.58
PAY0000567,ORD0000567,2026-04-03 10:15:00,bank_transfer,completed,1515.37
PAY0000568,ORD0000568,2026-03-12 02:08:00,bank_transfer,completed,967.53
PAY0000569,ORD0000569,2026-03-06 02:47:00,gift_card,refunded,1115.98
PAY0000570,ORD0000570,2026-03-31 08:13:00,wallet,completed,186.1
PAY0000571,ORD0000571,2026-03-30 17:25:00,gift_card,completed,751.92
PAY0000572,ORD0000572,2026-03-27 03:20:00,bank_transfer,refunded,2267.63
PAY0000573,ORD0000573,2026-03-23 04:43:00,card,completed,1186.52
PAY0000574,ORD0000574,2026-04-14 11:23:00,gift_card,completed,456.25
PAY0000575,ORD0000575,2026-04-02 04:44:00,bank_transfer,completed,747.38
PAY0000576,ORD0000576,2026-02-24 06:37:00,bank_transfer,completed,1485.14
PAY0000577,ORD0000577,2026-04-15 04:55:00,wallet,refunded,375.96
PAY0000578,ORD0000578,2026-02-26 03:54:00,gift_card,completed,1358.24
PAY0000579,ORD0000579,2026-02-23 19:03:00,wallet,completed,2427.5
PAY0000580,ORD0000580,2026-02-26 11:22:00,bank_transfer,completed,859.34
PAY0000581,ORD0000581,2026-03-16 18:59:00,card,completed,2619.96
PAY0000582,ORD0000582,2026-02-25 10:32:00,gift_card,completed,710.79
PAY0000583,ORD0000583,2026-03-20 00:14:00,gift_card,completed,831.12
PAY0000584,ORD0000584,2026-02-19 12:27:00,card,completed,119.63
PAY0000585,ORD0000585,2026-04-08 03:02:00,gift_card,completed,796.88
PAY0000586,ORD0000586,2026-04-17 19:45:00,card,failed,1903.71
PAY0000587,ORD0000587,2026-02-10 14:58:00,gift_card,completed,1117.32
PAY0000588,ORD0000588,2026-02-23 17:32:00,bank_transfer,completed,477.57
PAY0000589,ORD0000589,2026-02-18 13:39:00,bank_transfer,completed,1111.74
PAY0000590,ORD0000590,2026-01-29 08:54:00,card,failed,966.6
PAY0000591,ORD0000591,2026-02-27 01:34:00,card,completed,282.79
PAY0000592,ORD0000592,2026-02-04 14:04:00,card,completed,1278.8
PAY0000593,ORD0000593,2026-04-05 21:40:00,wallet,completed,3066.6
PAY0000594,ORD0000594,2026-01-31 08:54:00,wallet,completed,2606.41
PAY0000595,ORD0000595,2026-03-24 12:10:00,card,completed,2345.64
PAY0000596,ORD0000596,2026-03-09 07:08:00,gift_card,completed,1305.46
PAY0000597,ORD0000597,2026-02-14 06:05:00,card,completed,1729.54
PAY0000598,ORD0000598,2026-04-21 09:17:00,gift_card,completed,455.38
PAY0000599,ORD0000599,2026-02-26 12:16:00,gift_card,completed,450.52
PAY0000600,ORD0000600,2026-04-04 16:49:00,bank_transfer,completed,2136.64
PAY0000601,ORD0000601,2026-02-21 21:49:00,card,completed,1368.88
PAY0000602,ORD0000602,2026-03-10 09:12:00,card,completed,2476.24
PAY0000603,ORD0000603,2026-02-08 09:49:00,gift_card,completed,693.38
PAY0000604,ORD0000604,2026-03-13 20:10:00,card,completed,1076.82
PAY0000605,ORD0000605,2026-03-02 21:12:00,bank_transfer,completed,1157.06
PAY0000606,ORD0000606,2026-03-04 10:01:00,bank_transfer,refunded,1231.24
PAY0000607,ORD0000607,2026-02-11 09:31:00,card,completed,672.59
PAY0000608,ORD0000608,2026-03-28 10:13:00,gift_card,failed,250.48
PAY0000609,ORD0000609,2026-03-04 14:25:00,card,completed,107.09
PAY0000610,ORD0000610,2026-03-30 14:48:00,gift_card,completed,2092.71
PAY0000611,ORD0000611,2026-04-23 15:09:00,card,completed,392.68
PAY0000612,ORD0000612,2026-02-02 15:02:00,wallet,completed,666.05
PAY0000613,ORD0000613,2026-03-29 19:17:00,bank_transfer,completed,1732.9
PAY0000614,ORD0000614,2026-02-01 20:30:00,wallet,refunded,506.45
PAY0000615,ORD0000615,2026-02-01 12:49:00,gift_card,completed,2358.82
PAY0000616,ORD0000616,2026-04-20 21:54:00,card,completed,535.0
PAY0000617,ORD0000617,2026-03-25 23:04:00,bank_transfer,completed,240.64
PAY0000618,ORD0000618,2026-03-03 08:10:00,wallet,completed,873.22
PAY0000619,ORD0000619,2026-04-04 13:16:00,wallet,completed,1922.69
PAY0000620,ORD0000620,2026-03-29 16:18:00,bank_transfer,completed,770.01
PAY0000621,ORD0000621,2026-01-25 03:15:00,bank_transfer,completed,110.29
PAY0000622,ORD0000622,2026-01-30 17:02:00,bank_transfer,completed,1602.06
PAY0000623,ORD0000623,2026-04-20 14:56:00,wallet,completed,1218.79
PAY0000624,ORD0000624,2026-03-08 20:54:00,bank_transfer,completed,279.33
PAY0000625,ORD0000625,2026-03-11 16:01:00,card,completed,581.22
PAY0000626,ORD0000626,2026-04-13 12:28:00,gift_card,completed,809.48
PAY0000627,ORD0000627,2026-04-15 05:47:00,card,completed,2624.52
PAY0000628,ORD0000628,2026-03-05 03:49:00,gift_card,completed,632.3
PAY0000629,ORD0000629,2026-01-24 20:31:00,bank_transfer,completed,757.51
PAY0000630,ORD0000630,2026-03-31 13:05:00,wallet,completed,1313.61
PAY0000631,ORD0000631,2026-04-03 18:38:00,bank_transfer,completed,414.48
PAY0000632,ORD0000632,2026-02-03 16:45:00,bank_transfer,completed,3229.9
PAY0000633,ORD0000633,2026-01-29 01:46:00,card,completed,545.6
PAY0000634,ORD0000634,2026-03-14 02:29:00,gift_card,completed,2057.61
PAY0000635,ORD0000635,2026-01-25 13:07:00,wallet,completed,2601.11
PAY0000636,ORD0000636,2026-02-10 21:42:00,card,completed,303.09
PAY0000637,ORD0000637,2026-03-31 07:35:00,wallet,completed,300.96
PAY0000638,ORD0000638,2026-03-12 23:40:00,card,completed,2865.68
PAY0000639,ORD0000639,2026-02-03 10:30:00,wallet,completed,1587.81
PAY0000640,ORD0000640,2026-03-13 15:24:00,wallet,completed,488.71
PAY0000641,ORD0000641,2026-02-02 04:02:00,bank_transfer,completed,190.74
PAY0000642,ORD0000642,2026-03-07 14:11:00,gift_card,completed,905.97
PAY0000643,ORD0000643,2026-03-21 11:45:00,wallet,completed,692.53
PAY0000644,ORD0000644,2026-03-10 15:12:00,wallet,completed,286.7
PAY0000645,ORD0000645,2026-04-20 02:33:00,card,completed,743.83
PAY0000646,ORD0000646,2026-03-21 00:34:00,gift_card,completed,1450.54
PAY0000647,ORD0000647,2026-02-18 22:48:00,card,completed,2187.75
PAY0000648,ORD0000648,2026-02-04 20:35:00,wallet,completed,128.31
PAY0000649,ORD0000649,2026-04-19 21:30:00,bank_transfer,completed,1591.85
PAY0000650,ORD0000650,2026-03-20 15:05:00,wallet,completed,25.45
PAY0000651,ORD0000651,2026-02-25 11:20:00,bank_transfer,completed,550.25
PAY0000652,ORD0000652,2026-01-28 10:03:00,bank_transfer,completed,2166.34
PAY0000653,ORD0000653,2026-03-23 18:03:00,card,completed,1391.18
PAY0000654,ORD0000654,2026-03-07 01:40:00,bank_transfer,completed,633.01
PAY0000655,ORD0000655,2026-04-06 04:53:00,wallet,completed,1519.7
PAY0000656,ORD0000656,2026-01-28 08:55:00,wallet,completed,1406.74
PAY0000657,ORD0000657,2026-04-06 18:35:00,card,completed,904.87
PAY0000658,ORD0000658,2026-03-14 23:06:00,card,failed,1610.84
PAY0000659,ORD0000659,2026-02-28 18:16:00,gift_card,completed,1072.0
PAY0000660,ORD0000660,2026-04-23 21:16:00,bank_transfer,completed,262.98
PAY0000661,ORD0000661,2026-01-29 05:45:00,wallet,completed,607.96
PAY0000662,ORD0000662,2026-02-24 22:49:00,card,completed,1700.07
PAY0000663,ORD0000663,2026-04-14 20:15:00,wallet,completed,4020.63
PAY0000664,ORD0000664,2026-03-25 00:33:00,wallet,completed,465.01
PAY0000665,ORD0000665,2026-02-14 23:20:00,wallet,completed,2732.58
PAY0000666,ORD0000666,2026-03-14 20:39:00,wallet,completed,2098.02
PAY0000667,ORD0000667,2026-02-25 05:32:00,bank_transfer,completed,1838.64
PAY0000668,ORD0000668,2026-02-27 15:49:00,wallet,completed,527.15
PAY0000669,ORD0000669,2026-04-10 08:08:00,card,completed,2074.19
PAY0000670,ORD0000670,2026-04-12 01:50:00,card,completed,679.14
PAY0000671,ORD0000671,2026-03-22 14:59:00,card,completed,931.7
PAY0000672,ORD0000672,2026-02-28 23:50:00,card,completed,288.12
PAY0000673,ORD0000673,2026-02-22 11:12:00,bank_transfer,completed,1555.4
PAY0000674,ORD0000674,2026-02-22 12:26:00,gift_card,refunded,2313.74
PAY0000675,ORD0000675,2026-02-17 17:50:00,gift_card,completed,1687.34
PAY0000676,ORD0000676,2026-04-07 21:39:00,wallet,completed,390.48
PAY0000677,ORD0000677,2026-04-03 01:28:00,card,completed,1811.93
PAY0000678,ORD0000678,2026-04-04 20:02:00,gift_card,completed,1492.54
PAY0000679,ORD0000679,2026-01-27 21:32:00,bank_transfer,completed,4124.46
PAY0000680,ORD0000680,2026-03-17 09:14:00,wallet,completed,574.77
PAY0000681,ORD0000681,2026-04-04 00:54:00,bank_transfer,completed,1772.6
PAY0000682,ORD0000682,2026-04-13 03:04:00,wallet,completed,2238.35
PAY0000683,ORD0000683,2026-03-04 23:18:00,gift_card,completed,936.48
PAY0000684,ORD0000684,2026-04-04 17:53:00,bank_transfer,completed,344.86
PAY0000685,ORD0000685,2026-03-06 10:10:00,bank_transfer,completed,1238.99
PAY0000686,ORD0000686,2026-04-06 06:46:00,wallet,completed,1115.9
PAY0000687,ORD0000687,2026-02-23 18:07:00,gift_card,completed,1263.6
PAY0000688,ORD0000688,2026-02-13 00:33:00,gift_card,completed,273.09
PAY0000689,ORD0000689,2026-03-22 13:15:00,bank_transfer,completed,638.82
PAY0000690,ORD0000690,2026-03-10 14:43:00,wallet,completed,663.78
PAY0000691,ORD0000691,2026-04-15 12:56:00,gift_card,completed,1561.48
PAY0000692,ORD0000692,2026-04-10 02:17:00,wallet,completed,658.64
PAY0000693,ORD0000693,2026-03-04 03:12:00,bank_transfer,completed,2015.54
PAY0000694,ORD0000694,2026-03-01 02:26:00,bank_transfer,completed,1269.65
PAY0000695,ORD0000695,2026-04-07 14:14:00,bank_transfer,completed,232.94
PAY0000696,ORD0000696,2026-04-10 09:19:00,gift_card,refunded,2965.01
PAY0000697,ORD0000697,2026-03-07 18:48:00,gift_card,refunded,3083.11
PAY0000698,ORD0000698,2026-02-19 20:24:00,card,completed,578.83
PAY0000699,ORD0000699,2026-04-02 11:06:00,wallet,completed,987.91
PAY0000700,ORD0000700,2026-02-02 19:25:00,gift_card,completed,951.43
PAY0000701,ORD0000701,2026-04-04 20:53:00,bank_transfer,completed,2761.1
PAY0000702,ORD0000702,2026-03-02 00:39:00,wallet,completed,1632.19
PAY0000703,ORD0000703,2026-01-30 03:55:00,card,completed,1711.61
PAY0000704,ORD0000704,2026-04-17 22:24:00,wallet,completed,1858.14
PAY0000705,ORD0000705,2026-04-06 14:31:00,card,completed,804.01
PAY0000706,ORD0000706,2026-03-30 06:26:00,gift_card,completed,1984.08
PAY0000707,ORD0000707,2026-03-23 23:47:00,bank_transfer,completed,430.71
PAY0000708,ORD0000708,2026-04-01 15:12:00,gift_card,completed,3128.25
PAY0000709,ORD0000709,2026-04-18 10:15:00,card,completed,2627.91
PAY0000710,ORD0000710,2026-03-25 03:11:00,bank_transfer,completed,2122.69
PAY0000711,ORD0000711,2026-04-18 06:32:00,wallet,completed,1520.51
PAY0000712,ORD0000712,2026-02-22 20:43:00,card,completed,168.2
PAY0000713,ORD0000713,2026-02-01 10:04:00,gift_card,failed,321.18
PAY0000714,ORD0000714,2026-03-07 05:46:00,wallet,completed,540.5
PAY0000715,ORD0000715,2026-04-07 13:25:00,bank_transfer,completed,1802.05
PAY0000716,ORD0000716,2026-02-14 21:56:00,wallet,completed,278.72
PAY0000717,ORD0000717,2026-03-22 00:29:00,bank_transfer,completed,1981.61
PAY0000718,ORD0000718,2026-03-16 15:55:00,bank_transfer,completed,287.75
PAY0000719,ORD0000719,2026-02-25 16:14:00,card,completed,828.3
PAY0000720,ORD0000720,2026-03-04 23:15:00,wallet,completed,1291.04
PAY0000721,ORD0000721,2026-03-22 17:05:00,wallet,completed,807.08
PAY0000722,ORD0000722,2026-04-06 02:44:00,gift_card,completed,1892.79
PAY0000723,ORD0000723,2026-02-13 19:49:00,gift_card,failed,821.16
PAY0000724,ORD0000724,2026-01-24 00:58:00,wallet,completed,1173.5
PAY0000725,ORD0000725,2026-03-22 09:58:00,bank_transfer,completed,1888.59
PAY0000726,ORD0000726,2026-04-13 23:38:00,bank_transfer,completed,1043.31
PAY0000727,ORD0000727,2026-01-31 01:52:00,bank_transfer,completed,926.77
PAY0000728,ORD0000728,2026-02-13 01:13:00,gift_card,completed,1616.24
PAY0000729,ORD0000729,2026-02-20 22:57:00,wallet,completed,2007.86
PAY0000730,ORD0000730,2026-03-24 15:16:00,bank_transfer,completed,268.65
PAY0000731,ORD0000731,2026-03-21 05:57:00,gift_card,completed,1645.6
PAY0000732,ORD0000732,2026-01-26 03:45:00,bank_transfer,completed,594.07
PAY0000733,ORD0000733,2026-04-21 13:30:00,wallet,completed,1513.32
PAY0000734,ORD0000734,2026-03-25 13:49:00,gift_card,completed,890.55
PAY0000735,ORD0000735,2026-02-26 13:12:00,bank_transfer,completed,674.4
PAY0000736,ORD0000736,2026-04-03 10:53:00,bank_transfer,completed,529.33
PAY0000737,ORD0000737,2026-04-01 21:54:00,bank_transfer,completed,2086.39
PAY0000738,ORD0000738,2026-03-27 17:58:00,bank_transfer,completed,1278.23
PAY0000739,ORD0000739,2026-01-25 10:09:00,gift_card,completed,466.51
PAY0000740,ORD0000740,2026-03-03 18:11:00,bank_transfer,completed,303.09
PAY0000741,ORD0000741,2026-02-03 14:34:00,gift_card,completed,372.15
PAY0000742,ORD0000742,2026-01-24 12:21:00,gift_card,completed,1237.7
PAY0000743,ORD0000743,2026-03-14 20:38:00,bank_transfer,completed,947.94
PAY0000744,ORD0000744,2026-03-27 06:20:00,card,refunded,33.48
PAY0000745,ORD0000745,2026-02-27 13:06:00,wallet,completed,102.72
PAY0000746,ORD0000746,2026-02-06 21:48:00,bank_transfer,completed,3037.76
PAY0000747,ORD0000747,2026-04-09 10:19:00,card,refunded,2326.03
PAY0000748,ORD0000748,2026-01-24 06:17:00,bank_transfer,failed,1541.52
PAY0000749,ORD0000749,2026-03-31 17:24:00,gift_card,completed,1354.03
PAY0000750,ORD0000750,2026-03-10 16:02:00,bank_transfer,completed,474.02
PAY0000751,ORD0000751,2026-04-20 09:58:00,wallet,completed,508.58
PAY0000752,ORD0000752,2026-02-11 12:41:00,wallet,completed,88.33
PAY0000753,ORD0000753,2026-02-03 04:27:00,gift_card,completed,1299.18
PAY0000754,ORD0000754,2026-04-17 14:19:00,bank_transfer,completed,336.12
PAY0000755,ORD0000755,2026-03-31 20:16:00,gift_card,completed,642.45
PAY0000756,ORD0000756,2026-03-02 21:39:00,card,completed,3166.7
PAY0000757,ORD0000757,2026-03-08 23:22:00,card,completed,133.3
PAY0000758,ORD0000758,2026-01-26 08:50:00,gift_card,completed,340.78
PAY0000759,ORD0000759,2026-02-18 04:30:00,wallet,completed,1067.97
PAY0000760,ORD0000760,2026-03-26 19:39:00,bank_transfer,completed,1311.97
PAY0000761,ORD0000761,2026-04-12 21:57:00,bank_transfer,completed,859.01
PAY0000762,ORD0000762,2026-04-17 05:36:00,gift_card,refunded,2106.19
PAY0000763,ORD0000763,2026-03-10 21:08:00,card,completed,595.36
PAY0000764,ORD0000764,2026-02-06 00:29:00,wallet,completed,2146.43
PAY0000765,ORD0000765,2026-03-25 21:44:00,card,completed,1813.51
PAY0000766,ORD0000766,2026-03-17 02:10:00,card,completed,1302.75
PAY0000767,ORD0000767,2026-03-14 11:27:00,gift_card,completed,269.97
PAY0000768,ORD0000768,2026-03-25 06:47:00,wallet,completed,2764.17
PAY0000769,ORD0000769,2026-03-28 04:45:00,card,completed,3006.36
PAY0000770,ORD0000770,2026-04-19 00:30:00,gift_card,completed,61.2
PAY0000771,ORD0000771,2026-04-14 17:42:00,bank_transfer,completed,97.95
PAY0000772,ORD0000772,2026-02-26 12:29:00,wallet,refunded,1921.31
PAY0000773,ORD0000773,2026-02-01 17:08:00,wallet,completed,2066.58
PAY0000774,ORD0000774,2026-03-02 21:31:00,gift_card,refunded,1006.74
PAY0000775,ORD0000775,2026-02-24 07:15:00,wallet,completed,2649.6
PAY0000776,ORD0000776,2026-02-10 12:17:00,bank_transfer,refunded,1046.84
PAY0000777,ORD0000777,2026-03-24 15:36:00,bank_transfer,completed,632.32
PAY0000778,ORD0000778,2026-04-14 22:46:00,gift_card,completed,847.62
PAY0000779,ORD0000779,2026-03-22 15:10:00,wallet,completed,2162.87
PAY0000780,ORD0000780,2026-04-04 05:22:00,bank_transfer,completed,814.04
PAY0000781,ORD0000781,2026-02-15 21:02:00,card,completed,1260.45
PAY0000782,ORD0000782,2026-03-29 08:39:00,bank_transfer,completed,1413.54
PAY0000783,ORD0000783,2026-04-18 20:09:00,gift_card,completed,1943.04
PAY0000784,ORD0000784,2026-03-07 05:34:00,bank_transfer,completed,2856.12
PAY0000785,ORD0000785,2026-03-01 06:09:00,wallet,completed,762.03
PAY0000786,ORD0000786,2026-01-31 23:29:00,bank_transfer,completed,537.46
PAY0000787,ORD0000787,2026-03-27 15:47:00,wallet,completed,1758.08
PAY0000788,ORD0000788,2026-02-01 11:53:00,card,completed,718.69
PAY0000789,ORD0000789,2026-04-18 10:28:00,wallet,completed,1571.89
PAY0000790,ORD0000790,2026-03-26 07:01:00,card,completed,1691.75
PAY0000791,ORD0000791,2026-04-19 13:42:00,gift_card,completed,1724.28
PAY0000792,ORD0000792,2026-03-20 02:48:00,card,completed,1488.96
PAY0000793,ORD0000793,2026-03-22 15:11:00,card,completed,405.38
PAY0000794,ORD0000794,2026-03-26 00:51:00,bank_transfer,completed,1252.75
PAY0000795,ORD0000795,2026-02-03 10:48:00,gift_card,completed,725.62
PAY0000796,ORD0000796,2026-02-27 06:18:00,card,completed,538.12
PAY0000797,ORD0000797,2026-03-16 15:09:00,bank_transfer,completed,3383.28
PAY0000798,ORD0000798,2026-03-25 12:04:00,card,refunded,2847.58
PAY0000799,ORD0000799,2026-03-26 15:53:00,wallet,completed,706.4
PAY0000800,ORD0000800,2026-02-04 17:36:00,card,completed,611.97
PAY0000801,ORD0000801,2026-04-22 22:02:00,bank_transfer,completed,795.34
PAY0000802,ORD0000802,2026-04-12 14:42:00,gift_card,completed,893.04
PAY0000803,ORD0000803,2026-03-25 04:03:00,gift_card,completed,1506.81
PAY0000804,ORD0000804,2026-04-21 09:28:00,card,completed,3357.28
PAY0000805,ORD0000805,2026-03-07 12:07:00,gift_card,refunded,1551.02
PAY0000806,ORD0000806,2026-02-12 01:30:00,card,completed,1940.62
PAY0000807,ORD0000807,2026-01-24 20:40:00,gift_card,completed,1001.67
PAY0000808,ORD0000808,2026-03-20 13:23:00,card,completed,449.78
PAY0000809,ORD0000809,2026-03-19 07:35:00,bank_transfer,completed,2030.53
PAY0000810,ORD0000810,2026-03-30 15:49:00,wallet,completed,876.26
PAY0000811,ORD0000811,2026-03-02 02:59:00,wallet,completed,299.97
PAY0000812,ORD0000812,2026-03-22 22:12:00,wallet,completed,581.08
PAY0000813,ORD0000813,2026-02-11 23:05:00,card,completed,2970.38
PAY0000814,ORD0000814,2026-03-01 19:12:00,gift_card,completed,247.1
PAY0000815,ORD0000815,2026-03-01 22:35:00,gift_card,completed,1243.85
PAY0000816,ORD0000816,2026-04-17 14:27:00,wallet,completed,611.66
PAY0000817,ORD0000817,2026-04-18 21:49:00,bank_transfer,completed,3444.27
PAY0000818,ORD0000818,2026-03-05 19:32:00,gift_card,completed,1448.23
PAY0000819,ORD0000819,2026-03-17 09:35:00,gift_card,completed,152.62
PAY0000820,ORD0000820,2026-02-08 04:37:00,bank_transfer,completed,1198.69
PAY0000821,ORD0000821,2026-03-29 21:31:00,gift_card,completed,4486.12
PAY0000822,ORD0000822,2026-02-23 03:15:00,card,completed,1689.92
PAY0000823,ORD0000823,2026-02-10 16:28:00,card,completed,928.75
PAY0000824,ORD0000824,2026-02-20 11:47:00,wallet,completed,2744.98
PAY0000825,ORD0000825,2026-04-02 07:53:00,bank_transfer,completed,1325.97
PAY0000826,ORD0000826,2026-03-19 01:39:00,gift_card,failed,1365.44
PAY0000827,ORD0000827,2026-03-17 09:57:00,gift_card,completed,523.9
PAY0000828,ORD0000828,2026-03-01 04:55:00,bank_transfer,completed,1470.28
PAY0000829,ORD0000829,2026-03-25 03:29:00,gift_card,completed,335.16
PAY0000830,ORD0000830,2026-04-07 04:10:00,wallet,completed,1888.44
PAY0000831,ORD0000831,2026-03-17 06:05:00,wallet,completed,2181.77
PAY0000832,ORD0000832,2026-02-27 22:39:00,card,completed,63.62
PAY0000833,ORD0000833,2026-02-19 04:03:00,bank_transfer,completed,2055.48
PAY0000834,ORD0000834,2026-02-14 01:57:00,gift_card,completed,1046.46
PAY0000835,ORD0000835,2026-02-11 13:47:00,wallet,completed,1086.27
PAY0000836,ORD0000836,2026-02-26 03:50:00,bank_transfer,completed,676.76
PAY0000837,ORD0000837,2026-04-21 06:03:00,gift_card,completed,890.85
PAY0000838,ORD0000838,2026-02-21 17:14:00,card,completed,1552.74
PAY0000839,ORD0000839,2026-02-17 09:23:00,card,completed,1330.2
PAY0000840,ORD0000840,2026-04-07 14:21:00,bank_transfer,completed,2123.88
PAY0000841,ORD0000841,2026-02-08 08:27:00,bank_transfer,completed,113.53
PAY0000842,ORD0000842,2026-03-14 06:29:00,gift_card,completed,1466.45
PAY0000843,ORD0000843,2026-02-19 02:23:00,wallet,completed,2032.4
PAY0000844,ORD0000844,2026-01-24 10:27:00,card,completed,550.28
PAY0000845,ORD0000845,2026-02-04 11:43:00,wallet,completed,1167.3
PAY0000846,ORD0000846,2026-03-09 16:49:00,bank_transfer,completed,1568.28
PAY0000847,ORD0000847,2026-02-19 20:25:00,bank_transfer,completed,934.21
PAY0000848,ORD0000848,2026-02-07 13:12:00,gift_card,completed,1366.83
PAY0000849,ORD0000849,2026-02-15 18:07:00,bank_transfer,completed,450.28
PAY0000850,ORD0000850,2026-04-21 12:07:00,gift_card,completed,1466.24
PAY0000851,ORD0000851,2026-02-12 07:21:00,bank_transfer,completed,2052.73
PAY0000852,ORD0000852,2026-03-01 19:34:00,gift_card,completed,1206.56
PAY0000853,ORD0000853,2026-04-05 04:29:00,bank_transfer,completed,1791.51
PAY0000854,ORD0000854,2026-04-21 08:33:00,bank_transfer,completed,1552.32
PAY0000855,ORD0000855,2026-02-12 23:04:00,wallet,completed,1933.64
PAY0000856,ORD0000856,2026-01-24 23:42:00,gift_card,completed,1102.34
PAY0000857,ORD0000857,2026-02-20 11:17:00,card,completed,998.18
PAY0000858,ORD0000858,2026-03-15 20:02:00,bank_transfer,completed,591.39
PAY0000859,ORD0000859,2026-02-22 13:32:00,wallet,completed,1021.26
PAY0000860,ORD0000860,2026-02-12 15:48:00,wallet,completed,925.74
PAY0000861,ORD0000861,2026-01-29 12:08:00,card,completed,483.16
PAY0000862,ORD0000862,2026-03-09 13:55:00,gift_card,completed,581.04
PAY0000863,ORD0000863,2026-03-31 00:15:00,gift_card,completed,237.73
PAY0000864,ORD0000864,2026-02-28 22:56:00,card,completed,809.53
PAY0000865,ORD0000865,2026-01-31 11:29:00,bank_transfer,completed,520.77
PAY0000866,ORD0000866,2026-02-11 21:09:00,gift_card,completed,331.34
PAY0000867,ORD0000867,2026-03-09 20:38:00,bank_transfer,completed,1085.02
PAY0000868,ORD0000868,2026-04-19 12:36:00,card,completed,1888.41
PAY0000869,ORD0000869,2026-02-25 09:59:00,card,completed,625.96
PAY0000870,ORD0000870,2026-02-01 22:02:00,bank_transfer,completed,2163.17
PAY0000871,ORD0000871,2026-02-01 07:48:00,wallet,failed,3052.28
PAY0000872,ORD0000872,2026-03-08 03:40:00,bank_transfer,completed,2763.72
PAY0000873,ORD0000873,2026-04-06 00:33:00,wallet,completed,131.83
PAY0000874,ORD0000874,2026-03-19 12:35:00,bank_transfer,completed,672.26
PAY0000875,ORD0000875,2026-02-18 06:48:00,card,completed,2135.47
PAY0000876,ORD0000876,2026-04-23 20:48:00,bank_transfer,completed,1070.64
PAY0000877,ORD0000877,2026-03-06 06:55:00,gift_card,completed,152.62
PAY0000878,ORD0000878,2026-02-25 20:43:00,gift_card,completed,1467.69
PAY0000879,ORD0000879,2026-01-31 23:44:00,gift_card,completed,2357.76
PAY0000880,ORD0000880,2026-02-01 17:48:00,gift_card,completed,1649.73
PAY0000881,ORD0000881,2026-03-30 15:01:00,gift_card,completed,1385.39
PAY0000882,ORD0000882,2026-03-20 03:21:00,wallet,completed,1613.09
PAY0000883,ORD0000883,2026-04-23 00:25:00,card,completed,1132.56
PAY0000884,ORD0000884,2026-04-23 22:48:00,gift_card,completed,412.34
PAY0000885,ORD0000885,2026-04-18 08:14:00,card,completed,989.45
PAY0000886,ORD0000886,2026-02-19 07:46:00,gift_card,completed,1665.17
PAY0000887,ORD0000887,2026-01-29 21:24:00,bank_transfer,completed,344.58
PAY0000888,ORD0000888,2026-02-23 01:04:00,bank_transfer,refunded,1473.53
PAY0000889,ORD0000889,2026-03-03 18:05:00,gift_card,completed,1138.42
PAY0000890,ORD0000890,2026-02-20 07:15:00,gift_card,completed,1334.09
PAY0000891,ORD0000891,2026-03-29 20:50:00,wallet,completed,1461.8
PAY0000892,ORD0000892,2026-02-03 14:10:00,gift_card,completed,828.91
PAY0000893,ORD0000893,2026-02-09 22:37:00,card,refunded,1453.28
PAY0000894,ORD0000894,2026-03-19 11:47:00,gift_card,completed,2430.02
PAY0000895,ORD0000895,2026-02-25 18:33:00,bank_transfer,completed,1127.3
PAY0000896,ORD0000896,2026-02-06 08:29:00,bank_transfer,completed,2189.64
PAY0000897,ORD0000897,2026-02-13 14:16:00,bank_transfer,completed,1103.9
PAY0000898,ORD0000898,2026-02-11 02:17:00,gift_card,completed,1294.84
PAY0000899,ORD0000899,2026-02-07 16:04:00,bank_transfer,completed,339.21
PAY0000900,ORD0000900,2026-01-26 09:51:00,card,refunded,2147.58
PAY0000901,ORD0000901,2026-01-31 01:18:00,bank_transfer,completed,1685.49
PAY0000902,ORD0000902,2026-04-04 15:43:00,card,completed,26.08
PAY0000903,ORD0000903,2026-03-25 06:35:00,bank_transfer,completed,728.91
PAY0000904,ORD0000904,2026-04-04 12:55:00,gift_card,completed,777.57
PAY0000905,ORD0000905,2026-02-04 18:51:00,card,completed,1037.67
PAY0000906,ORD0000906,2026-02-28 14:16:00,wallet,completed,1317.28
PAY0000907,ORD0000907,2026-02-04 04:37:00,wallet,completed,1149.37
PAY0000908,ORD0000908,2026-03-27 17:07:00,gift_card,completed,375.96
PAY0000909,ORD0000909,2026-02-09 09:57:00,card,refunded,1186.52
PAY0000910,ORD0000910,2026-02-13 09:13:00,wallet,completed,1601.23
PAY0000911,ORD0000911,2026-02-19 23:16:00,bank_transfer,completed,2060.49
PAY0000912,ORD0000912,2026-01-25 07:28:00,bank_transfer,refunded,772.2
PAY0000913,ORD0000913,2026-02-15 10:46:00,gift_card,completed,1869.07
PAY0000914,ORD0000914,2026-03-11 04:29:00,wallet,completed,454.62
PAY0000915,ORD0000915,2026-02-23 01:45:00,card,completed,1110.01
PAY0000916,ORD0000916,2026-04-18 06:41:00,bank_transfer,completed,482.61
PAY0000917,ORD0000917,2026-03-28 16:17:00,bank_transfer,completed,1503.29
PAY0000918,ORD0000918,2026-04-07 01:44:00,card,completed,663.91
PAY0000919,ORD0000919,2026-04-11 15:10:00,wallet,completed,1762.68
PAY0000920,ORD0000920,2026-03-05 15:32:00,bank_transfer,completed,160.4
PAY0000921,ORD0000921,2026-03-05 15:46:00,card,completed,169.75
PAY0000922,ORD0000922,2026-02-02 23:01:00,gift_card,completed,300.96
PAY0000923,ORD0000923,2026-03-19 21:36:00,gift_card,completed,1296.37
PAY0000924,ORD0000924,2026-01-28 14:20:00,wallet,completed,252.74
PAY0000925,ORD0000925,2026-03-30 05:47:00,gift_card,completed,760.4
PAY0000926,ORD0000926,2026-03-14 04:19:00,card,completed,2166.55
PAY0000927,ORD0000927,2026-02-13 14:19:00,gift_card,completed,457.72
PAY0000928,ORD0000928,2026-02-28 11:47:00,bank_transfer,completed,1472.04
PAY0000929,ORD0000929,2026-04-10 12:53:00,card,completed,2065.75
PAY0000930,ORD0000930,2026-03-06 18:15:00,wallet,completed,389.43
PAY0000931,ORD0000931,2026-02-12 20:12:00,card,completed,416.53
PAY0000932,ORD0000932,2026-04-20 06:14:00,gift_card,completed,1762.98
PAY0000933,ORD0000933,2026-03-17 08:16:00,card,completed,2177.95
PAY0000934,ORD0000934,2026-03-21 23:27:00,gift_card,completed,905.66
PAY0000935,ORD0000935,2026-01-31 17:18:00,card,completed,2095.86
PAY0000936,ORD0000936,2026-02-03 05:14:00,card,completed,626.79
PAY0000937,ORD0000937,2026-02-27 22:58:00,bank_transfer,completed,1102.82
PAY0000938,ORD0000938,2026-03-13 23:37:00,wallet,completed,617.23
PAY0000939,ORD0000939,2026-02-16 17:09:00,gift_card,completed,249.78
PAY0000940,ORD0000940,2026-02-09 17:29:00,card,completed,1461.69
PAY0000941,ORD0000941,2026-04-20 05:19:00,card,completed,1021.26
PAY0000942,ORD0000942,2026-02-15 16:40:00,bank_transfer,completed,1540.42
PAY0000943,ORD0000943,2026-04-11 14:56:00,wallet,completed,251.76
PAY0000944,ORD0000944,2026-03-01 14:49:00,card,completed,2190.25
PAY0000945,ORD0000945,2026-03-20 08:41:00,gift_card,completed,672.1
PAY0000946,ORD0000946,2026-03-05 21:12:00,bank_transfer,completed,1062.81
PAY0000947,ORD0000947,2026-04-22 12:22:00,bank_transfer,completed,811.29
PAY0000948,ORD0000948,2026-04-11 16:14:00,card,completed,481.36
PAY0000949,ORD0000949,2026-02-06 09:06:00,card,completed,909.42
PAY0000950,ORD0000950,2026-02-03 17:58:00,wallet,completed,1315.42
PAY0000951,ORD0000951,2026-01-26 13:01:00,card,completed,859.88
PAY0000952,ORD0000952,2026-03-22 04:58:00,card,completed,18.28
PAY0000953,ORD0000953,2026-04-06 02:57:00,card,completed,1743.56
PAY0000954,ORD0000954,2026-02-09 22:46:00,card,completed,1121.31
PAY0000955,ORD0000955,2026-03-05 05:57:00,bank_transfer,completed,1290.43
PAY0000956,ORD0000956,2026-02-01 08:44:00,gift_card,completed,2752.77
PAY0000957,ORD0000957,2026-04-23 17:29:00,card,completed,182.24
PAY0000958,ORD0000958,2026-02-23 20:55:00,card,completed,249.78
PAY0000959,ORD0000959,2026-03-16 00:49:00,wallet,completed,1519.6
PAY0000960,ORD0000960,2026-04-06 15:14:00,wallet,refunded,128.31
PAY0000961,ORD0000961,2026-02-02 06:09:00,gift_card,completed,1584.05
PAY0000962,ORD0000962,2026-04-23 08:44:00,wallet,completed,1066.33
PAY0000963,ORD0000963,2026-04-13 19:44:00,wallet,completed,655.28
PAY0000964,ORD0000964,2026-02-15 13:03:00,bank_transfer,completed,317.2
PAY0000965,ORD0000965,2026-03-31 09:39:00,bank_transfer,completed,1127.05
PAY0000966,ORD0000966,2026-02-28 14:35:00,wallet,completed,724.06
PAY0000967,ORD0000967,2026-03-23 18:02:00,card,completed,1184.92
PAY0000968,ORD0000968,2026-04-05 20:27:00,card,completed,156.78
PAY0000969,ORD0000969,2026-03-23 16:43:00,bank_transfer,completed,2097.17
PAY0000970,ORD0000970,2026-03-27 21:22:00,bank_transfer,completed,1712.71
PAY0000971,ORD0000971,2026-04-11 21:34:00,wallet,refunded,1509.38
PAY0000972,ORD0000972,2026-02-06 11:07:00,card,completed,671.09
PAY0000973,ORD0000973,2026-02-27 00:25:00,gift_card,completed,218.72
PAY0000974,ORD0000974,2026-03-07 19:42:00,wallet,completed,1812.72
PAY0000975,ORD0000975,2026-03-15 16:25:00,gift_card,completed,20.7
PAY0000976,ORD0000976,2026-03-19 13:12:00,bank_transfer,completed,2166.03
PAY0000977,ORD0000977,2026-04-23 00:46:00,bank_transfer,failed,1774.92
PAY0000978,ORD0000978,2026-03-16 20:47:00,bank_transfer,completed,72.4
PAY0000979,ORD0000979,2026-03-16 20:52:00,card,completed,504.65
PAY0000980,ORD0000980,2026-02-25 21:03:00,bank_transfer,completed,115.04
PAY0000981,ORD0000981,2026-04-03 11:49:00,wallet,completed,593.67
PAY0000982,ORD0000982,2026-02-01 07:05:00,wallet,completed,370.65
PAY0000983,ORD0000983,2026-04-22 03:39:00,bank_transfer,completed,2525.42
PAY0000984,ORD0000984,2026-04-18 05:21:00,card,completed,909.42
PAY0000985,ORD0000985,2026-04-11 01:31:00,card,completed,3267.23
PAY0000986,ORD0000986,2026-03-27 06:12:00,gift_card,completed,2950.82
PAY0000987,ORD0000987,2026-02-07 02:54:00,bank_transfer,completed,396.41
PAY0000988,ORD0000988,2026-02-04 09:09:00,bank_transfer,completed,58.08
PAY0000989,ORD0000989,2026-02-23 22:06:00,bank_transfer,completed,541.51
PAY0000990,ORD0000990,2026-01-31 16:55:00,card,completed,973.23
PAY0000991,ORD0000991,2026-03-17 17:14:00,gift_card,completed,205.66
PAY0000992,ORD0000992,2026-02-25 10:45:00,bank_transfer,completed,779.14
PAY0000993,ORD0000993,2026-02-08 06:03:00,bank_transfer,completed,620.78
PAY0000994,ORD0000994,2026-04-12 05:50:00,bank_transfer,completed,1824.13
PAY0000995,ORD0000995,2026-01-31 09:32:00,wallet,completed,336.9
PAY0000996,ORD0000996,2026-04-10 01:36:00,gift_card,completed,198.45
PAY0000997,ORD0000997,2026-03-20 06:52:00,bank_transfer,completed,239.04
PAY0000998,ORD0000998,2026-03-05 13:13:00,bank_transfer,completed,1239.28
PAY0000999,ORD0000999,2026-03-07 02:58:00,card,completed,1529.04
PAY0001000,ORD0001000,2026-03-31 05:32:00,gift_card,completed,2028.96
PAY0001001,ORD0001001,2026-02-23 21:30:00,bank_transfer,completed,415.41
PAY0001002,ORD0001002,2026-01-30 04:56:00,bank_transfer,completed,1111.64
PAY0001003,ORD0001003,2026-04-03 14:47:00,gift_card,completed,1321.46
PAY0001004,ORD0001004,2026-02-13 12:54:00,gift_card,completed,1183.51
PAY0001005,ORD0001005,2026-01-28 20:53:00,card,completed,1115.16
PAY0001006,ORD0001006,2026-02-15 08:32:00,bank_transfer,completed,365.07
PAY0001007,ORD0001007,2026-03-10 03:13:00,wallet,completed,2005.58
PAY0001008,ORD0001008,2026-02-14 23:56:00,wallet,completed,249.78
PAY0001009,ORD0001009,2026-03-07 19:43:00,gift_card,completed,2373.64
PAY0001010,ORD0001010,2026-04-05 13:54:00,card,completed,1636.73
PAY0001011,ORD0001011,2026-01-29 04:01:00,wallet,failed,2460.75
PAY0001012,ORD0001012,2026-04-23 00:29:00,wallet,completed,916.68
PAY0001013,ORD0001013,2026-04-23 12:58:00,gift_card,completed,1788.5
PAY0001014,ORD0001014,2026-02-01 23:54:00,card,completed,2116.84
PAY0001015,ORD0001015,2026-02-16 07:44:00,card,completed,604.58
PAY0001016,ORD0001016,2026-02-21 11:52:00,gift_card,completed,2054.19
PAY0001017,ORD0001017,2026-03-20 17:55:00,bank_transfer,completed,1292.94
PAY0001018,ORD0001018,2026-03-09 10:51:00,bank_transfer,completed,815.67
PAY0001019,ORD0001019,2026-02-07 12:06:00,card,refunded,1233.54
PAY0001020,ORD0001020,2026-04-15 20:39:00,wallet,completed,2785.65
PAY0001021,ORD0001021,2026-03-31 21:07:00,bank_transfer,completed,159.19
PAY0001022,ORD0001022,2026-02-23 04:47:00,gift_card,completed,1542.63
PAY0001023,ORD0001023,2026-02-16 06:07:00,wallet,completed,736.26
PAY0001024,ORD0001024,2026-02-05 01:19:00,wallet,refunded,411.41
PAY0001025,ORD0001025,2026-04-16 23:18:00,bank_transfer,completed,1464.21
PAY0001026,ORD0001026,2026-02-14 07:16:00,wallet,completed,1892.33
PAY0001027,ORD0001027,2026-01-28 20:45:00,gift_card,completed,1167.06
PAY0001028,ORD0001028,2026-04-08 23:08:00,bank_transfer,completed,156.84
PAY0001029,ORD0001029,2026-02-24 10:53:00,card,completed,321.73
PAY0001030,ORD0001030,2026-02-22 00:55:00,card,completed,2553.65
PAY0001031,ORD0001031,2026-03-31 03:59:00,card,completed,1472.31
PAY0001032,ORD0001032,2026-02-26 06:49:00,gift_card,completed,1442.23
PAY0001033,ORD0001033,2026-04-21 11:09:00,wallet,completed,1745.78
PAY0001034,ORD0001034,2026-02-02 21:09:00,wallet,completed,1754.29
PAY0001035,ORD0001035,2026-02-10 09:24:00,card,completed,946.37
PAY0001036,ORD0001036,2026-03-30 13:42:00,bank_transfer,completed,1610.93
PAY0001037,ORD0001037,2026-03-06 02:55:00,bank_transfer,completed,1808.03
PAY0001038,ORD0001038,2026-02-20 07:05:00,gift_card,completed,2252.04
PAY0001039,ORD0001039,2026-02-16 02:07:00,wallet,completed,706.8
PAY0001040,ORD0001040,2026-02-04 09:53:00,wallet,completed,1219.32
PAY0001041,ORD0001041,2026-04-02 09:59:00,card,completed,1737.4
PAY0001042,ORD0001042,2026-03-23 02:58:00,card,completed,2399.87
PAY0001043,ORD0001043,2026-02-10 10:56:00,wallet,completed,1727.21
PAY0001044,ORD0001044,2026-03-02 09:06:00,gift_card,completed,2829.74
PAY0001045,ORD0001045,2026-03-03 19:45:00,card,completed,199.24
PAY0001046,ORD0001046,2026-02-02 11:54:00,gift_card,completed,259.88
PAY0001047,ORD0001047,2026-03-24 14:17:00,wallet,completed,1639.94
PAY0001048,ORD0001048,2026-04-08 04:31:00,card,completed,181.17
PAY0001049,ORD0001049,2026-03-01 02:53:00,wallet,completed,2888.53
PAY0001050,ORD0001050,2026-03-18 09:52:00,bank_transfer,completed,2816.73
PAY0001051,ORD0001051,2026-03-30 18:50:00,gift_card,refunded,925.18
PAY0001052,ORD0001052,2026-01-26 18:33:00,card,completed,3865.72
PAY0001053,ORD0001053,2026-02-12 08:07:00,gift_card,completed,564.88
PAY0001054,ORD0001054,2026-03-07 06:58:00,card,completed,1625.85
PAY0001055,ORD0001055,2026-02-21 19:01:00,wallet,completed,142.24
PAY0001056,ORD0001056,2026-02-08 13:51:00,card,completed,3106.44
PAY0001057,ORD0001057,2026-03-08 08:39:00,wallet,refunded,179.64
PAY0001058,ORD0001058,2026-03-16 05:58:00,bank_transfer,completed,948.04
PAY0001059,ORD0001059,2026-01-28 08:33:00,bank_transfer,completed,1226.96
PAY0001060,ORD0001060,2026-04-13 04:27:00,wallet,completed,389.75
PAY0001061,ORD0001061,2026-03-31 06:50:00,card,completed,371.2
PAY0001062,ORD0001062,2026-02-01 00:52:00,wallet,completed,2063.13
PAY0001063,ORD0001063,2026-04-06 14:48:00,gift_card,completed,1084.42
PAY0001064,ORD0001064,2026-02-26 01:34:00,card,completed,1040.64
PAY0001065,ORD0001065,2026-02-12 10:09:00,wallet,completed,1214.48
PAY0001066,ORD0001066,2026-04-18 20:49:00,bank_transfer,completed,354.92
PAY0001067,ORD0001067,2026-03-09 10:51:00,wallet,completed,411.83
PAY0001068,ORD0001068,2026-02-07 22:56:00,gift_card,refunded,665.69
PAY0001069,ORD0001069,2026-02-25 20:39:00,gift_card,completed,1794.27
PAY0001070,ORD0001070,2026-01-25 09:47:00,bank_transfer,completed,1241.44
PAY0001071,ORD0001071,2026-03-05 20:27:00,gift_card,completed,2089.79
PAY0001072,ORD0001072,2026-02-02 18:32:00,card,completed,433.22
PAY0001073,ORD0001073,2026-02-17 18:50:00,gift_card,completed,2444.66
PAY0001074,ORD0001074,2026-03-31 22:41:00,bank_transfer,completed,2212.42
PAY0001075,ORD0001075,2026-04-03 00:16:00,bank_transfer,completed,1188.06
PAY0001076,ORD0001076,2026-04-07 10:47:00,bank_transfer,completed,2659.29
PAY0001077,ORD0001077,2026-02-24 02:26:00,gift_card,completed,1822.58
PAY0001078,ORD0001078,2026-04-22 06:18:00,bank_transfer,completed,1362.96
PAY0001079,ORD0001079,2026-03-14 01:59:00,bank_transfer,completed,455.21
PAY0001080,ORD0001080,2026-03-02 13:49:00,bank_transfer,completed,679.72
PAY0001081,ORD0001081,2026-02-17 07:35:00,card,completed,1803.36
PAY0001082,ORD0001082,2026-03-15 20:36:00,gift_card,completed,2427.38
PAY0001083,ORD0001083,2026-03-12 17:16:00,card,completed,1469.63
PAY0001084,ORD0001084,2026-02-07 23:10:00,gift_card,completed,693.01
PAY0001085,ORD0001085,2026-02-26 22:57:00,wallet,completed,1419.82
PAY0001086,ORD0001086,2026-03-19 12:17:00,card,completed,1425.29
PAY0001087,ORD0001087,2026-04-15 03:02:00,bank_transfer,refunded,360.8
PAY0001088,ORD0001088,2026-04-19 11:01:00,bank_transfer,refunded,555.65
PAY0001089,ORD0001089,2026-02-20 20:34:00,bank_transfer,completed,284.97
PAY0001090,ORD0001090,2026-03-04 10:13:00,bank_transfer,completed,1499.11
PAY0001091,ORD0001091,2026-03-26 11:06:00,wallet,completed,579.19
PAY0001092,ORD0001092,2026-03-12 09:28:00,bank_transfer,completed,1445.74
PAY0001093,ORD0001093,2026-03-07 17:23:00,card,completed,111.57
PAY0001094,ORD0001094,2026-02-01 19:17:00,card,completed,3012.58
PAY0001095,ORD0001095,2026-02-25 11:17:00,gift_card,completed,2039.23
PAY0001096,ORD0001096,2026-04-22 09:23:00,wallet,completed,1748.34
PAY0001097,ORD0001097,2026-03-18 00:10:00,bank_transfer,completed,1419.83
PAY0001098,ORD0001098,2026-04-11 02:15:00,gift_card,completed,664.91
PAY0001099,ORD0001099,2026-04-02 05:49:00,card,completed,3424.9
PAY0001100,ORD0001100,2026-04-19 23:03:00,bank_transfer,refunded,1868.93
PAY0001101,ORD0001101,2026-03-15 14:57:00,gift_card,completed,862.83
PAY0001102,ORD0001102,2026-02-13 04:09:00,bank_transfer,failed,1751.45
PAY0001103,ORD0001103,2026-02-12 20:10:00,wallet,completed,349.35
PAY0001104,ORD0001104,2026-04-01 03:06:00,bank_transfer,completed,772.83
PAY0001105,ORD0001105,2026-01-24 14:36:00,wallet,completed,1785.13
PAY0001106,ORD0001106,2026-03-16 13:26:00,wallet,completed,695.52
PAY0001107,ORD0001107,2026-01-30 10:33:00,wallet,completed,1988.42
PAY0001108,ORD0001108,2026-02-22 08:01:00,card,completed,1304.26
PAY0001109,ORD0001109,2026-02-09 06:25:00,bank_transfer,completed,328.24
PAY0001110,ORD0001110,2026-04-03 18:10:00,wallet,completed,2960.74
PAY0001111,ORD0001111,2026-04-07 11:56:00,card,completed,906.63
PAY0001112,ORD0001112,2026-03-16 12:03:00,bank_transfer,completed,2139.74
PAY0001113,ORD0001113,2026-03-28 18:38:00,gift_card,completed,2815.18
PAY0001114,ORD0001114,2026-03-26 01:36:00,gift_card,completed,912.58
PAY0001115,ORD0001115,2026-02-16 08:23:00,card,refunded,215.34
PAY0001116,ORD0001116,2026-03-14 03:33:00,wallet,completed,1373.29
PAY0001117,ORD0001117,2026-03-03 18:40:00,wallet,completed,1349.96
PAY0001118,ORD0001118,2026-03-12 21:40:00,bank_transfer,completed,1260.43
PAY0001119,ORD0001119,2026-02-18 22:02:00,wallet,completed,340.63
PAY0001120,ORD0001120,2026-03-03 12:09:00,gift_card,completed,1891.06
PAY0001121,ORD0001121,2026-02-28 18:34:00,gift_card,completed,3472.91
PAY0001122,ORD0001122,2026-04-09 10:11:00,gift_card,completed,721.6
PAY0001123,ORD0001123,2026-02-01 07:50:00,wallet,completed,225.58
PAY0001124,ORD0001124,2026-04-21 19:02:00,bank_transfer,completed,1606.62
PAY0001125,ORD0001125,2026-04-05 11:23:00,bank_transfer,completed,1803.43
PAY0001126,ORD0001126,2026-03-21 22:27:00,wallet,refunded,901.25
PAY0001127,ORD0001127,2026-04-08 13:43:00,bank_transfer,completed,220.58
PAY0001128,ORD0001128,2026-04-18 00:36:00,card,completed,1096.44
PAY0001129,ORD0001129,2026-04-09 01:16:00,bank_transfer,failed,1687.88
PAY0001130,ORD0001130,2026-03-07 04:34:00,card,completed,1059.83
PAY0001131,ORD0001131,2026-02-09 10:11:00,gift_card,completed,2615.69
PAY0001132,ORD0001132,2026-04-13 18:07:00,card,completed,372.4
PAY0001133,ORD0001133,2026-02-07 11:16:00,gift_card,completed,2606.4
PAY0001134,ORD0001134,2026-04-22 03:34:00,gift_card,completed,928.48
PAY0001135,ORD0001135,2026-03-19 15:30:00,card,completed,1682.63
PAY0001136,ORD0001136,2026-04-10 23:16:00,card,completed,472.85
PAY0001137,ORD0001137,2026-03-28 23:11:00,gift_card,completed,370.78
PAY0001138,ORD0001138,2026-03-10 13:20:00,card,completed,1089.57
PAY0001139,ORD0001139,2026-02-25 18:23:00,wallet,completed,1293.18
PAY0001140,ORD0001140,2026-03-06 02:27:00,gift_card,completed,1508.43
PAY0001141,ORD0001141,2026-03-23 17:53:00,gift_card,completed,606.98
PAY0001142,ORD0001142,2026-03-14 15:15:00,card,completed,944.36
PAY0001143,ORD0001143,2026-04-11 00:46:00,card,completed,2278.6
PAY0001144,ORD0001144,2026-03-20 08:35:00,card,completed,2398.55
PAY0001145,ORD0001145,2026-03-18 06:28:00,gift_card,completed,1796.46
PAY0001146,ORD0001146,2026-01-28 05:15:00,wallet,completed,2252.28
PAY0001147,ORD0001147,2026-02-26 00:14:00,gift_card,completed,811.44
PAY0001148,ORD0001148,2026-03-08 04:41:00,gift_card,completed,529.35
PAY0001149,ORD0001149,2026-04-01 07:58:00,gift_card,failed,1804.4
PAY0001150,ORD0001150,2026-04-14 17:24:00,gift_card,completed,1667.17
PAY0001151,ORD0001151,2026-02-02 12:02:00,wallet,completed,2213.78
PAY0001152,ORD0001152,2026-04-17 10:41:00,gift_card,completed,1614.36
PAY0001153,ORD0001153,2026-03-04 16:59:00,bank_transfer,completed,1472.31
PAY0001154,ORD0001154,2026-02-26 12:18:00,gift_card,completed,529.06
PAY0001155,ORD0001155,2026-02-27 13:47:00,wallet,completed,881.88
PAY0001156,ORD0001156,2026-04-19 22:34:00,card,completed,54.49
PAY0001157,ORD0001157,2026-02-24 17:40:00,wallet,failed,730.86
PAY0001158,ORD0001158,2026-04-07 07:30:00,wallet,completed,1377.1
PAY0001159,ORD0001159,2026-03-15 01:23:00,gift_card,completed,866.12
PAY0001160,ORD0001160,2026-03-28 01:40:00,card,completed,1353.84
PAY0001161,ORD0001161,2026-03-08 05:18:00,card,completed,796.34
PAY0001162,ORD0001162,2026-03-17 10:53:00,wallet,completed,351.38
PAY0001163,ORD0001163,2026-02-02 02:29:00,gift_card,completed,2517.31
PAY0001164,ORD0001164,2026-04-20 02:14:00,gift_card,completed,442.02
PAY0001165,ORD0001165,2026-03-03 11:02:00,wallet,completed,591.11
PAY0001166,ORD0001166,2026-02-11 21:28:00,wallet,completed,1596.05
PAY0001167,ORD0001167,2026-02-04 21:08:00,bank_transfer,failed,914.3
PAY0001168,ORD0001168,2026-03-08 10:37:00,gift_card,completed,1726.49
PAY0001169,ORD0001169,2026-02-28 17:16:00,wallet,completed,339.87
PAY0001170,ORD0001170,2026-02-12 03:05:00,wallet,completed,639.86
PAY0001171,ORD0001171,2026-02-04 10:19:00,wallet,completed,1734.31
PAY0001172,ORD0001172,2026-04-04 00:07:00,wallet,completed,1204.48
PAY0001173,ORD0001173,2026-02-24 04:38:00,bank_transfer,completed,773.1
PAY0001174,ORD0001174,2026-02-05 21:53:00,bank_transfer,completed,1994.48
PAY0001175,ORD0001175,2026-03-05 01:38:00,wallet,completed,558.07
PAY0001176,ORD0001176,2026-04-20 09:11:00,gift_card,completed,149.1
PAY0001177,ORD0001177,2026-03-11 06:33:00,card,failed,2231.69
PAY0001178,ORD0001178,2026-04-19 06:06:00,card,completed,1933.86
PAY0001179,ORD0001179,2026-04-04 01:03:00,gift_card,completed,334.15
PAY0001180,ORD0001180,2026-04-01 03:28:00,wallet,completed,370.78
PAY0001181,ORD0001181,2026-02-12 14:38:00,wallet,completed,1774.91
PAY0001182,ORD0001182,2026-02-01 11:36:00,gift_card,refunded,1962.83
PAY0001183,ORD0001183,2026-02-12 14:23:00,bank_transfer,completed,1994.67
PAY0001184,ORD0001184,2026-04-23 08:33:00,wallet,completed,1656.64
PAY0001185,ORD0001185,2026-02-27 07:53:00,wallet,completed,1952.31
PAY0001186,ORD0001186,2026-02-25 15:31:00,bank_transfer,completed,348.41
PAY0001187,ORD0001187,2026-04-21 20:48:00,bank_transfer,completed,1248.84
PAY0001188,ORD0001188,2026-01-26 22:53:00,card,completed,1096.95
PAY0001189,ORD0001189,2026-03-30 14:12:00,wallet,completed,986.46
PAY0001190,ORD0001190,2026-04-06 19:09:00,bank_transfer,completed,817.52
PAY0001191,ORD0001191,2026-02-06 05:34:00,wallet,completed,3499.75
PAY0001192,ORD0001192,2026-04-15 08:39:00,card,completed,88.33
PAY0001193,ORD0001193,2026-02-07 17:44:00,wallet,completed,851.01
PAY0001194,ORD0001194,2026-01-24 18:19:00,wallet,completed,1484.55
PAY0001195,ORD0001195,2026-03-05 19:48:00,card,completed,2083.38
PAY0001196,ORD0001196,2026-02-14 06:42:00,bank_transfer,completed,1195.44
PAY0001197,ORD0001197,2026-04-10 12:11:00,wallet,completed,1159.24
PAY0001198,ORD0001198,2026-03-12 12:26:00,gift_card,completed,1296.8
PAY0001199,ORD0001199,2026-04-11 00:07:00,bank_transfer,completed,3199.4
PAY0001200,ORD0001200,2026-03-18 13:18:00,gift_card,completed,1119.35
PAY0001201,ORD0001201,2026-02-22 01:24:00,bank_transfer,completed,568.92
PAY0001202,ORD0001202,2026-03-17 21:46:00,gift_card,completed,1097.9
PAY0001203,ORD0001203,2026-04-20 23:06:00,card,completed,1589.56
PAY0001204,ORD0001204,2026-03-14 03:09:00,gift_card,completed,1260.4
PAY0001205,ORD0001205,2026-02-04 15:43:00,bank_transfer,completed,63.12
PAY0001206,ORD0001206,2026-02-02 00:40:00,gift_card,completed,1107.8
PAY0001207,ORD0001207,2026-03-10 14:58:00,wallet,completed,476.32
PAY0001208,ORD0001208,2026-02-21 06:21:00,wallet,completed,2708.17
PAY0001209,ORD0001209,2026-03-09 22:03:00,bank_transfer,completed,1615.3
PAY0001210,ORD0001210,2026-02-17 09:36:00,bank_transfer,completed,673.54
PAY0001211,ORD0001211,2026-04-11 07:16:00,wallet,completed,1023.9
PAY0001212,ORD0001212,2026-03-10 11:25:00,wallet,completed,418.11
PAY0001213,ORD0001213,2026-03-28 09:15:00,gift_card,completed,1813.56
PAY0001214,ORD0001214,2026-03-27 01:24:00,gift_card,completed,484.11
PAY0001215,ORD0001215,2026-03-13 10:40:00,bank_transfer,completed,2278.05
PAY0001216,ORD0001216,2026-04-13 23:57:00,card,completed,449.86
PAY0001217,ORD0001217,2026-03-15 19:13:00,bank_transfer,completed,336.72
PAY0001218,ORD0001218,2026-04-11 17:29:00,wallet,completed,1118.13
PAY0001219,ORD0001219,2026-02-15 20:09:00,card,completed,1425.13
PAY0001220,ORD0001220,2026-01-24 01:47:00,wallet,completed,319.32
PAY0001221,ORD0001221,2026-02-12 00:07:00,wallet,completed,2192.71
PAY0001222,ORD0001222,2026-02-14 17:35:00,bank_transfer,completed,2630.12
PAY0001223,ORD0001223,2026-04-19 16:51:00,gift_card,completed,2049.83
PAY0001224,ORD0001224,2026-03-04 06:12:00,wallet,completed,673.41
PAY0001225,ORD0001225,2026-03-07 04:02:00,card,completed,430.66
PAY0001226,ORD0001226,2026-02-20 14:47:00,gift_card,completed,1407.99
PAY0001227,ORD0001227,2026-02-26 03:16:00,bank_transfer,completed,1923.0
PAY0001228,ORD0001228,2026-02-15 06:05:00,bank_transfer,completed,744.17
PAY0001229,ORD0001229,2026-03-14 01:14:00,gift_card,refunded,1787.63
PAY0001230,ORD0001230,2026-03-27 14:40:00,card,completed,1233.9
PAY0001231,ORD0001231,2026-01-26 17:57:00,card,completed,465.85
PAY0001232,ORD0001232,2026-02-08 11:36:00,wallet,completed,206.3
PAY0001233,ORD0001233,2026-03-26 04:47:00,wallet,completed,192.63
PAY0001234,ORD0001234,2026-03-29 01:45:00,wallet,completed,1870.12
PAY0001235,ORD0001235,2026-03-05 10:53:00,card,failed,889.5
PAY0001236,ORD0001236,2026-03-17 11:24:00,bank_transfer,completed,267.01
PAY0001237,ORD0001237,2026-04-07 09:09:00,card,completed,407.51
PAY0001238,ORD0001238,2026-02-06 08:27:00,gift_card,completed,1780.82
PAY0001239,ORD0001239,2026-03-05 20:34:00,wallet,completed,481.8
PAY0001240,ORD0001240,2026-03-08 01:09:00,bank_transfer,completed,1559.58
PAY0001241,ORD0001241,2026-02-23 13:18:00,bank_transfer,refunded,1031.81
PAY0001242,ORD0001242,2026-03-31 12:41:00,card,completed,916.92
PAY0001243,ORD0001243,2026-02-22 11:05:00,bank_transfer,completed,624.48
PAY0001244,ORD0001244,2026-01-28 01:57:00,gift_card,completed,1821.22
PAY0001245,ORD0001245,2026-02-08 20:15:00,bank_transfer,completed,1114.5
PAY0001246,ORD0001246,2026-03-31 22:27:00,gift_card,refunded,224.8
PAY0001247,ORD0001247,2026-03-21 04:31:00,gift_card,completed,2353.42
PAY0001248,ORD0001248,2026-03-06 14:47:00,wallet,completed,1433.62
PAY0001249,ORD0001249,2026-03-25 08:54:00,bank_transfer,completed,3192.35
PAY0001250,ORD0001250,2026-04-05 04:41:00,bank_transfer,completed,1679.13
PAY0001251,ORD0001251,2026-04-11 09:30:00,wallet,completed,2042.22
PAY0001252,ORD0001252,2026-02-23 03:16:00,bank_transfer,completed,324.92
PAY0001253,ORD0001253,2026-02-12 23:46:00,bank_transfer,completed,771.34
PAY0001254,ORD0001254,2026-02-23 05:50:00,bank_transfer,completed,767.32
PAY0001255,ORD0001255,2026-03-19 04:15:00,bank_transfer,completed,2417.8
PAY0001256,ORD0001256,2026-01-28 10:17:00,wallet,completed,401.27
PAY0001257,ORD0001257,2026-03-15 03:33:00,wallet,completed,910.31
PAY0001258,ORD0001258,2026-02-16 04:03:00,card,completed,864.36
PAY0001259,ORD0001259,2026-03-25 13:29:00,gift_card,completed,2413.05
PAY0001260,ORD0001260,2026-04-14 17:05:00,wallet,completed,1856.55
PAY0001261,ORD0001261,2026-02-15 23:08:00,bank_transfer,completed,656.86
PAY0001262,ORD0001262,2026-02-04 23:49:00,bank_transfer,completed,1109.44
PAY0001263,ORD0001263,2026-04-10 08:58:00,bank_transfer,completed,1224.81
PAY0001264,ORD0001264,2026-02-05 08:11:00,bank_transfer,completed,1838.69
PAY0001265,ORD0001265,2026-04-03 06:35:00,gift_card,completed,3600.62
PAY0001266,ORD0001266,2026-02-03 15:49:00,card,completed,3156.91
PAY0001267,ORD0001267,2026-03-17 07:45:00,bank_transfer,completed,1999.5
PAY0001268,ORD0001268,2026-02-20 10:13:00,bank_transfer,completed,698.2
PAY0001269,ORD0001269,2026-01-31 17:21:00,wallet,completed,1412.68
PAY0001270,ORD0001270,2026-04-19 21:57:00,wallet,completed,1818.07
PAY0001271,ORD0001271,2026-04-18 05:10:00,bank_transfer,refunded,565.81
PAY0001272,ORD0001272,2026-04-06 06:04:00,card,completed,1733.97
PAY0001273,ORD0001273,2026-02-02 20:23:00,bank_transfer,completed,1045.32
PAY0001274,ORD0001274,2026-02-26 14:42:00,card,completed,748.11
PAY0001275,ORD0001275,2026-02-22 09:13:00,gift_card,completed,715.26
PAY0001276,ORD0001276,2026-03-20 14:09:00,wallet,completed,1089.72
PAY0001277,ORD0001277,2026-04-23 00:11:00,wallet,failed,2885.26
PAY0001278,ORD0001278,2026-02-09 11:12:00,card,completed,2102.59
PAY0001279,ORD0001279,2026-02-05 08:15:00,gift_card,completed,222.18
PAY0001280,ORD0001280,2026-04-17 02:33:00,bank_transfer,completed,725.96
PAY0001281,ORD0001281,2026-02-18 14:06:00,card,completed,1249.43
PAY0001282,ORD0001282,2026-04-13 02:52:00,gift_card,completed,413.1
PAY0001283,ORD0001283,2026-04-08 00:58:00,wallet,completed,1500.35
PAY0001284,ORD0001284,2026-03-24 08:10:00,bank_transfer,completed,938.93
PAY0001285,ORD0001285,2026-02-19 08:36:00,card,completed,424.65
PAY0001286,ORD0001286,2026-03-02 21:20:00,gift_card,completed,269.46
PAY0001287,ORD0001287,2026-02-09 03:37:00,gift_card,completed,2473.6
PAY0001288,ORD0001288,2026-01-31 16:06:00,wallet,completed,2803.47
PAY0001289,ORD0001289,2026-03-07 06:59:00,wallet,completed,1412.31
PAY0001290,ORD0001290,2026-03-02 17:44:00,gift_card,completed,2102.98
PAY0001291,ORD0001291,2026-01-28 16:33:00,gift_card,completed,730.69
PAY0001292,ORD0001292,2026-04-01 18:38:00,wallet,completed,429.86
PAY0001293,ORD0001293,2026-02-17 11:35:00,bank_transfer,completed,748.2
PAY0001294,ORD0001294,2026-04-19 16:59:00,gift_card,completed,273.36
PAY0001295,ORD0001295,2026-04-14 05:31:00,gift_card,failed,539.69
PAY0001296,ORD0001296,2026-04-11 23:30:00,gift_card,completed,125.24
PAY0001297,ORD0001297,2026-03-24 17:43:00,wallet,completed,1790.05
PAY0001298,ORD0001298,2026-02-22 06:20:00,bank_transfer,completed,1752.05
PAY0001299,ORD0001299,2026-01-27 13:49:00,gift_card,refunded,762.59
PAY0001300,ORD0001300,2026-03-22 03:16:00,card,completed,1503.61
PAY0001301,ORD0001301,2026-01-27 10:10:00,wallet,failed,2231.59
PAY0001302,ORD0001302,2026-01-30 03:09:00,bank_transfer,completed,1939.2
PAY0001303,ORD0001303,2026-04-12 13:26:00,card,completed,964.14
PAY0001304,ORD0001304,2026-03-30 12:13:00,gift_card,completed,1673.82
PAY0001305,ORD0001305,2026-02-11 02:18:00,gift_card,completed,380.2
PAY0001306,ORD0001306,2026-03-07 17:05:00,card,refunded,2191.96
PAY0001307,ORD0001307,2026-03-10 18:04:00,bank_transfer,completed,1175.54
PAY0001308,ORD0001308,2026-02-01 12:04:00,wallet,refunded,1472.45
PAY0001309,ORD0001309,2026-02-18 05:18:00,bank_transfer,completed,1745.87
PAY0001310,ORD0001310,2026-04-16 20:18:00,gift_card,completed,2159.35
PAY0001311,ORD0001311,2026-04-08 09:07:00,card,completed,2008.28
PAY0001312,ORD0001312,2026-02-25 11:54:00,wallet,completed,2569.6
PAY0001313,ORD0001313,2026-01-30 16:21:00,gift_card,completed,397.44
PAY0001314,ORD0001314,2026-01-28 01:21:00,gift_card,completed,530.67
PAY0001315,ORD0001315,2026-04-09 00:57:00,gift_card,completed,2454.95
PAY0001316,ORD0001316,2026-02-24 06:13:00,gift_card,completed,1692.7
PAY0001317,ORD0001317,2026-01-26 06:42:00,gift_card,completed,82.35
PAY0001318,ORD0001318,2026-02-24 18:32:00,card,completed,979.88
PAY0001319,ORD0001319,2026-03-22 16:10:00,bank_transfer,completed,1682.93
PAY0001320,ORD0001320,2026-02-17 03:30:00,wallet,completed,863.41
PAY0001321,ORD0001321,2026-03-03 07:48:00,bank_transfer,refunded,828.22
PAY0001322,ORD0001322,2026-02-17 21:46:00,wallet,completed,368.72
PAY0001323,ORD0001323,2026-04-02 18:25:00,bank_transfer,completed,572.94
PAY0001324,ORD0001324,2026-03-17 11:05:00,gift_card,completed,254.51
PAY0001325,ORD0001325,2026-03-04 21:35:00,card,completed,3021.54
PAY0001326,ORD0001326,2026-03-06 18:30:00,bank_transfer,completed,1885.62
PAY0001327,ORD0001327,2026-04-20 17:25:00,bank_transfer,completed,2690.65
PAY0001328,ORD0001328,2026-03-15 16:29:00,gift_card,completed,534.74
PAY0001329,ORD0001329,2026-03-31 16:09:00,card,completed,837.75
PAY0001330,ORD0001330,2026-03-25 07:14:00,gift_card,completed,1075.2
PAY0001331,ORD0001331,2026-03-25 00:27:00,bank_transfer,completed,311.83
PAY0001332,ORD0001332,2026-02-27 05:43:00,wallet,completed,836.74
PAY0001333,ORD0001333,2026-04-07 01:21:00,wallet,completed,1000.05
PAY0001334,ORD0001334,2026-04-01 06:05:00,gift_card,refunded,2737.03
PAY0001335,ORD0001335,2026-03-19 16:54:00,bank_transfer,completed,2946.54
PAY0001336,ORD0001336,2026-02-26 23:08:00,card,completed,1725.33
PAY0001337,ORD0001337,2026-02-23 11:25:00,gift_card,completed,1782.37
PAY0001338,ORD0001338,2026-03-01 08:58:00,bank_transfer,completed,2435.54
PAY0001339,ORD0001339,2026-04-12 16:11:00,card,completed,3719.57
PAY0001340,ORD0001340,2026-03-01 06:49:00,gift_card,completed,1433.82
PAY0001341,ORD0001341,2026-04-08 00:23:00,bank_transfer,failed,1004.45
PAY0001342,ORD0001342,2026-01-30 14:12:00,wallet,completed,72.83
PAY0001343,ORD0001343,2026-04-06 21:11:00,gift_card,completed,1791.45
PAY0001344,ORD0001344,2026-02-03 21:42:00,card,completed,418.35
PAY0001345,ORD0001345,2026-03-02 14:12:00,bank_transfer,completed,1255.11
PAY0001346,ORD0001346,2026-03-26 17:42:00,wallet,completed,519.18
PAY0001347,ORD0001347,2026-03-30 07:50:00,card,completed,1826.11
PAY0001348,ORD0001348,2026-03-14 07:31:00,bank_transfer,completed,709.03
PAY0001349,ORD0001349,2026-02-03 13:26:00,wallet,completed,623.89
PAY0001350,ORD0001350,2026-03-06 10:26:00,card,completed,1804.85
PAY0001351,ORD0001351,2026-02-05 16:34:00,card,completed,1515.45
PAY0001352,ORD0001352,2026-02-15 20:15:00,card,completed,314.4
PAY0001353,ORD0001353,2026-04-09 00:40:00,card,completed,610.14
PAY0001354,ORD0001354,2026-02-20 03:30:00,bank_transfer,completed,365.43
PAY0001355,ORD0001355,2026-03-16 05:09:00,wallet,completed,1292.25
PAY0001356,ORD0001356,2026-03-11 17:42:00,card,completed,1565.94
PAY0001357,ORD0001357,2026-02-18 13:24:00,card,completed,596.13
PAY0001358,ORD0001358,2026-03-12 10:09:00,wallet,completed,469.07
PAY0001359,ORD0001359,2026-02-17 11:31:00,bank_transfer,completed,2732.79
PAY0001360,ORD0001360,2026-03-28 16:42:00,gift_card,completed,1487.51
PAY0001361,ORD0001361,2026-03-20 04:41:00,wallet,completed,2642.23
PAY0001362,ORD0001362,2026-02-24 01:25:00,gift_card,completed,288.32
PAY0001363,ORD0001363,2026-01-26 02:48:00,bank_transfer,completed,1959.92
PAY0001364,ORD0001364,2026-02-13 05:37:00,card,failed,453.55
PAY0001365,ORD0001365,2026-02-18 16:17:00,gift_card,failed,983.95
PAY0001366,ORD0001366,2026-02-27 07:49:00,bank_transfer,completed,1614.62
PAY0001367,ORD0001367,2026-03-08 14:11:00,wallet,completed,420.84
PAY0001368,ORD0001368,2026-03-02 03:25:00,gift_card,completed,583.95
PAY0001369,ORD0001369,2026-04-20 04:31:00,wallet,completed,1923.84
PAY0001370,ORD0001370,2026-01-29 09:17:00,bank_transfer,completed,763.26
PAY0001371,ORD0001371,2026-03-10 08:55:00,wallet,completed,614.06
PAY0001372,ORD0001372,2026-02-24 08:20:00,gift_card,completed,413.86
PAY0001373,ORD0001373,2026-03-13 19:21:00,gift_card,completed,3393.87
PAY0001374,ORD0001374,2026-03-05 19:59:00,bank_transfer,completed,928.3
PAY0001375,ORD0001375,2026-02-13 04:26:00,wallet,completed,2515.99
PAY0001376,ORD0001376,2026-03-15 05:27:00,wallet,completed,2025.96
PAY0001377,ORD0001377,2026-01-25 19:55:00,gift_card,completed,1613.51
PAY0001378,ORD0001378,2026-03-21 12:14:00,card,completed,428.44
PAY0001379,ORD0001379,2026-03-10 21:20:00,gift_card,completed,1957.3
PAY0001380,ORD0001380,2026-04-06 22:20:00,bank_transfer,completed,198.62
PAY0001381,ORD0001381,2026-04-21 16:57:00,bank_transfer,completed,1458.58
PAY0001382,ORD0001382,2026-04-02 01:03:00,card,completed,407.11
PAY0001383,ORD0001383,2026-02-14 18:48:00,card,completed,2979.18
PAY0001384,ORD0001384,2026-02-27 23:16:00,card,completed,1136.3
PAY0001385,ORD0001385,2026-02-03 19:14:00,gift_card,completed,1328.44
PAY0001386,ORD0001386,2026-03-13 13:48:00,wallet,completed,1350.84
PAY0001387,ORD0001387,2026-01-30 05:42:00,bank_transfer,completed,1617.4
PAY0001388,ORD0001388,2026-04-09 08:32:00,card,completed,329.59
PAY0001389,ORD0001389,2026-03-05 09:32:00,card,completed,662.56
PAY0001390,ORD0001390,2026-02-21 08:30:00,gift_card,completed,2011.2
PAY0001391,ORD0001391,2026-03-29 06:17:00,bank_transfer,completed,1455.09
PAY0001392,ORD0001392,2026-03-06 02:54:00,wallet,completed,974.55
PAY0001393,ORD0001393,2026-02-02 18:20:00,gift_card,completed,479.45
PAY0001394,ORD0001394,2026-02-07 18:32:00,card,completed,998.65
PAY0001395,ORD0001395,2026-04-07 05:30:00,bank_transfer,completed,525.4
PAY0001396,ORD0001396,2026-03-12 13:07:00,card,completed,1833.77
PAY0001397,ORD0001397,2026-03-10 22:38:00,bank_transfer,completed,375.96
PAY0001398,ORD0001398,2026-03-02 02:12:00,gift_card,completed,2371.29
PAY0001399,ORD0001399,2026-03-04 01:52:00,gift_card,completed,834.07
PAY0001400,ORD0001400,2026-03-07 22:03:00,gift_card,completed,469.07
PAY0001401,ORD0001401,2026-04-09 22:19:00,card,completed,367.44
PAY0001402,ORD0001402,2026-03-25 14:20:00,gift_card,completed,560.33
PAY0001403,ORD0001403,2026-03-12 06:12:00,bank_transfer,completed,1502.1
PAY0001404,ORD0001404,2026-03-31 11:08:00,gift_card,completed,146.97
PAY0001405,ORD0001405,2026-04-06 00:50:00,card,completed,352.24
PAY0001406,ORD0001406,2026-03-31 04:31:00,gift_card,completed,1867.33
PAY0001407,ORD0001407,2026-01-30 05:43:00,wallet,completed,737.88
PAY0001408,ORD0001408,2026-04-16 04:45:00,card,completed,1993.29
PAY0001409,ORD0001409,2026-02-27 09:40:00,wallet,completed,728.25
PAY0001410,ORD0001410,2026-03-16 23:18:00,wallet,completed,156.78
PAY0001411,ORD0001411,2026-02-14 18:39:00,bank_transfer,completed,1799.73
PAY0001412,ORD0001412,2026-02-22 04:02:00,card,completed,1728.51
PAY0001413,ORD0001413,2026-03-08 19:26:00,wallet,completed,2469.24
PAY0001414,ORD0001414,2026-01-31 10:04:00,gift_card,completed,1836.09
PAY0001415,ORD0001415,2026-04-07 02:22:00,bank_transfer,failed,675.4
PAY0001416,ORD0001416,2026-04-20 05:27:00,wallet,completed,1453.88
PAY0001417,ORD0001417,2026-01-25 22:33:00,wallet,completed,1314.12
PAY0001418,ORD0001418,2026-01-29 19:54:00,card,completed,1909.07
PAY0001419,ORD0001419,2026-02-17 20:50:00,bank_transfer,completed,2514.26
PAY0001420,ORD0001420,2026-02-21 00:01:00,bank_transfer,completed,1452.02
PAY0001421,ORD0001421,2026-02-21 14:31:00,wallet,completed,249.78
PAY0001422,ORD0001422,2026-02-25 22:41:00,card,completed,2027.16
PAY0001423,ORD0001423,2026-04-04 07:52:00,wallet,completed,490.96
PAY0001424,ORD0001424,2026-04-06 14:23:00,card,completed,3050.43
PAY0001425,ORD0001425,2026-03-24 09:23:00,gift_card,completed,2471.85
PAY0001426,ORD0001426,2026-02-21 11:40:00,wallet,completed,1871.52
PAY0001427,ORD0001427,2026-03-27 23:09:00,gift_card,completed,656.48
PAY0001428,ORD0001428,2026-04-04 07:08:00,card,failed,963.17
PAY0001429,ORD0001429,2026-03-24 13:42:00,wallet,completed,481.82
PAY0001430,ORD0001430,2026-04-12 05:53:00,card,completed,1849.71
PAY0001431,ORD0001431,2026-03-31 05:28:00,bank_transfer,completed,1235.32
PAY0001432,ORD0001432,2026-03-25 13:56:00,wallet,completed,24.92
PAY0001433,ORD0001433,2026-02-21 00:02:00,card,failed,660.74
PAY0001434,ORD0001434,2026-02-09 14:10:00,gift_card,completed,318.38
PAY0001435,ORD0001435,2026-04-15 00:35:00,wallet,failed,2052.71
PAY0001436,ORD0001436,2026-04-02 23:46:00,wallet,completed,1372.4
PAY0001437,ORD0001437,2026-02-22 22:22:00,gift_card,completed,1403.81
PAY0001438,ORD0001438,2026-03-05 21:59:00,wallet,completed,2046.89
PAY0001439,ORD0001439,2026-02-14 08:47:00,card,completed,62.28
PAY0001440,ORD0001440,2026-02-07 10:21:00,bank_transfer,completed,2520.24
PAY0001441,ORD0001441,2026-04-14 00:47:00,bank_transfer,refunded,321.26
PAY0001442,ORD0001442,2026-03-02 22:37:00,bank_transfer,completed,768.72
PAY0001443,ORD0001443,2026-03-24 01:48:00,bank_transfer,completed,864.98
PAY0001444,ORD0001444,2026-04-19 12:03:00,bank_transfer,completed,1926.53
PAY0001445,ORD0001445,2026-02-03 13:30:00,wallet,completed,1104.68
PAY0001446,ORD0001446,2026-04-02 09:27:00,bank_transfer,completed,468.78
PAY0001447,ORD0001447,2026-03-22 21:25:00,gift_card,refunded,974.16
PAY0001448,ORD0001448,2026-04-18 21:14:00,bank_transfer,completed,1760.94
PAY0001449,ORD0001449,2026-03-22 19:04:00,gift_card,failed,321.27
PAY0001450,ORD0001450,2026-03-23 08:59:00,card,completed,1205.0
PAY0001451,ORD0001451,2026-03-14 17:23:00,bank_transfer,completed,1749.36
PAY0001452,ORD0001452,2026-04-15 03:38:00,wallet,completed,1485.27
PAY0001453,ORD0001453,2026-04-10 06:21:00,gift_card,completed,2035.8
PAY0001454,ORD0001454,2026-03-08 08:44:00,card,completed,1710.0
PAY0001455,ORD0001455,2026-03-26 07:47:00,wallet,completed,1051.06
PAY0001456,ORD0001456,2026-02-24 00:39:00,wallet,completed,864.36
PAY0001457,ORD0001457,2026-01-27 14:36:00,card,completed,2703.6
PAY0001458,ORD0001458,2026-02-07 04:39:00,gift_card,completed,1851.86
PAY0001459,ORD0001459,2026-03-17 03:24:00,bank_transfer,completed,2531.88
PAY0001460,ORD0001460,2026-01-27 08:10:00,card,completed,3877.05
PAY0001461,ORD0001461,2026-04-18 06:07:00,card,completed,1602.81
PAY0001462,ORD0001462,2026-03-23 13:14:00,card,completed,847.72
PAY0001463,ORD0001463,2026-03-18 03:45:00,gift_card,completed,909.61
PAY0001464,ORD0001464,2026-03-26 03:08:00,gift_card,completed,2562.53
PAY0001465,ORD0001465,2026-03-01 00:05:00,wallet,completed,1938.46
PAY0001466,ORD0001466,2026-04-17 11:44:00,wallet,completed,482.54
PAY0001467,ORD0001467,2026-04-15 22:07:00,gift_card,completed,2568.36
PAY0001468,ORD0001468,2026-02-01 05:51:00,wallet,completed,1095.16
PAY0001469,ORD0001469,2026-03-19 08:21:00,wallet,completed,1709.71
PAY0001470,ORD0001470,2026-03-26 17:37:00,card,completed,3867.99
PAY0001471,ORD0001471,2026-03-21 10:18:00,wallet,completed,1019.74
PAY0001472,ORD0001472,2026-02-12 07:24:00,bank_transfer,completed,996.77
PAY0001473,ORD0001473,2026-04-20 02:54:00,card,completed,232.4
PAY0001474,ORD0001474,2026-03-04 04:01:00,wallet,completed,765.82
PAY0001475,ORD0001475,2026-02-08 16:47:00,gift_card,completed,1228.55
PAY0001476,ORD0001476,2026-02-26 19:06:00,card,completed,2594.43
PAY0001477,ORD0001477,2026-03-10 09:38:00,bank_transfer,completed,1238.12
PAY0001478,ORD0001478,2026-04-02 08:24:00,wallet,completed,682.11
PAY0001479,ORD0001479,2026-04-14 03:08:00,bank_transfer,completed,2610.53
PAY0001480,ORD0001480,2026-04-10 16:25:00,wallet,completed,326.83
PAY0001481,ORD0001481,2026-03-05 22:49:00,wallet,completed,1924.0
PAY0001482,ORD0001482,2026-02-04 05:13:00,gift_card,completed,1189.5
PAY0001483,ORD0001483,2026-04-07 06:45:00,wallet,failed,796.06
PAY0001484,ORD0001484,2026-04-07 14:01:00,bank_transfer,completed,944.61
PAY0001485,ORD0001485,2026-02-23 09:19:00,card,completed,2318.19
PAY0001486,ORD0001486,2026-02-18 00:59:00,gift_card,completed,507.53
PAY0001487,ORD0001487,2026-02-09 17:13:00,wallet,completed,1585.54
PAY0001488,ORD0001488,2026-03-16 07:11:00,bank_transfer,completed,1877.42
PAY0001489,ORD0001489,2026-01-24 15:48:00,wallet,completed,1296.21
PAY0001490,ORD0001490,2026-02-28 13:41:00,bank_transfer,completed,2321.53
PAY0001491,ORD0001491,2026-03-23 00:11:00,gift_card,completed,365.46
PAY0001492,ORD0001492,2026-02-07 18:05:00,gift_card,completed,1597.2
PAY0001493,ORD0001493,2026-03-06 09:54:00,wallet,completed,1238.88
PAY0001494,ORD0001494,2026-02-28 16:08:00,card,completed,168.84
PAY0001495,ORD0001495,2026-01-24 02:16:00,gift_card,completed,386.1
PAY0001496,ORD0001496,2026-04-21 18:58:00,gift_card,completed,696.96
PAY0001497,ORD0001497,2026-02-08 06:25:00,wallet,completed,1252.92
PAY0001498,ORD0001498,2026-03-14 23:31:00,bank_transfer,completed,1376.08
PAY0001499,ORD0001499,2026-03-13 17:44:00,wallet,completed,1343.16
PAY0001500,ORD0001500,2026-04-07 06:49:00,card,completed,2193.3
PAY0001501,ORD0001501,2026-03-18 02:27:00,card,completed,2019.73
PAY0001502,ORD0001502,2026-04-22 07:49:00,gift_card,completed,1426.6
PAY0001503,ORD0001503,2026-02-14 08:17:00,gift_card,completed,1415.58
PAY0001504,ORD0001504,2026-01-29 12:09:00,bank_transfer,completed,2268.0
PAY0001505,ORD0001505,2026-03-07 00:44:00,wallet,completed,986.46
PAY0001506,ORD0001506,2026-01-24 06:07:00,wallet,completed,1654.22
PAY0001507,ORD0001507,2026-03-03 20:17:00,bank_transfer,completed,594.1
PAY0001508,ORD0001508,2026-03-19 01:39:00,gift_card,completed,778.04
PAY0001509,ORD0001509,2026-03-15 08:21:00,wallet,completed,2512.35
PAY0001510,ORD0001510,2026-04-10 04:01:00,wallet,failed,520.93
PAY0001511,ORD0001511,2026-04-18 08:27:00,wallet,completed,671.9
PAY0001512,ORD0001512,2026-03-13 04:06:00,card,completed,43.26
PAY0001513,ORD0001513,2026-03-08 02:59:00,card,completed,1106.19
PAY0001514,ORD0001514,2026-02-02 11:23:00,gift_card,completed,543.0
PAY0001515,ORD0001515,2026-02-25 06:41:00,gift_card,completed,1082.4
PAY0001516,ORD0001516,2026-02-17 16:59:00,bank_transfer,completed,1165.65
PAY0001517,ORD0001517,2026-03-01 04:18:00,bank_transfer,completed,1025.75
PAY0001518,ORD0001518,2026-03-28 21:55:00,bank_transfer,completed,2084.08
PAY0001519,ORD0001519,2026-01-30 18:46:00,bank_transfer,completed,1604.95
PAY0001520,ORD0001520,2026-04-13 17:28:00,wallet,completed,862.62
PAY0001521,ORD0001521,2026-03-21 09:50:00,gift_card,failed,659.86
PAY0001522,ORD0001522,2026-02-19 03:16:00,bank_transfer,completed,2136.4
PAY0001523,ORD0001523,2026-03-03 07:56:00,card,completed,31.05
PAY0001524,ORD0001524,2026-03-01 21:20:00,card,completed,313.91
PAY0001525,ORD0001525,2026-02-10 07:42:00,gift_card,completed,2344.72
PAY0001526,ORD0001526,2026-04-10 15:32:00,bank_transfer,completed,957.96
PAY0001527,ORD0001527,2026-02-17 09:53:00,bank_transfer,completed,2845.61
PAY0001528,ORD0001528,2026-03-08 09:41:00,bank_transfer,completed,1064.27
PAY0001529,ORD0001529,2026-04-10 10:35:00,wallet,completed,24.92
PAY0001530,ORD0001530,2026-04-10 11:09:00,wallet,completed,2493.47
PAY0001531,ORD0001531,2026-03-16 07:29:00,gift_card,completed,686.97
PAY0001532,ORD0001532,2026-04-20 10:39:00,gift_card,failed,1454.51
PAY0001533,ORD0001533,2026-03-05 15:15:00,bank_transfer,completed,287.61
PAY0001534,ORD0001534,2026-02-22 18:04:00,gift_card,completed,907.46
PAY0001535,ORD0001535,2026-03-19 19:06:00,bank_transfer,completed,1044.77
PAY0001536,ORD0001536,2026-04-23 10:57:00,gift_card,completed,1200.44
PAY0001537,ORD0001537,2026-03-26 19:01:00,bank_transfer,completed,1394.82
PAY0001538,ORD0001538,2026-03-18 06:31:00,bank_transfer,completed,1828.44
PAY0001539,ORD0001539,2026-04-11 03:24:00,wallet,completed,351.88
PAY0001540,ORD0001540,2026-03-21 14:38:00,bank_transfer,refunded,1163.78
PAY0001541,ORD0001541,2026-04-16 18:54:00,wallet,completed,651.08
PAY0001542,ORD0001542,2026-03-09 11:58:00,card,completed,2438.68
PAY0001543,ORD0001543,2026-03-16 04:16:00,bank_transfer,completed,384.36
PAY0001544,ORD0001544,2026-04-12 18:21:00,card,completed,1867.76
PAY0001545,ORD0001545,2026-03-13 13:55:00,card,completed,808.67
PAY0001546,ORD0001546,2026-04-19 08:37:00,bank_transfer,completed,1764.39
PAY0001547,ORD0001547,2026-03-09 12:50:00,gift_card,completed,1825.02
PAY0001548,ORD0001548,2026-02-17 05:34:00,card,completed,1427.5
PAY0001549,ORD0001549,2026-01-31 06:54:00,bank_transfer,completed,1985.34
PAY0001550,ORD0001550,2026-01-31 05:43:00,wallet,completed,683.36
PAY0001551,ORD0001551,2026-03-03 03:38:00,card,completed,1212.95
PAY0001552,ORD0001552,2026-02-04 09:21:00,card,completed,1292.62
PAY0001553,ORD0001553,2026-04-05 17:24:00,wallet,completed,1397.55
PAY0001554,ORD0001554,2026-04-18 15:45:00,card,completed,337.2
PAY0001555,ORD0001555,2026-03-11 10:41:00,wallet,completed,1322.82
PAY0001556,ORD0001556,2026-03-22 19:28:00,gift_card,completed,359.47
PAY0001557,ORD0001557,2026-01-30 09:26:00,card,completed,169.2
PAY0001558,ORD0001558,2026-04-09 10:43:00,bank_transfer,completed,780.44
PAY0001559,ORD0001559,2026-02-20 02:59:00,bank_transfer,completed,881.88
PAY0001560,ORD0001560,2026-01-27 23:47:00,card,completed,423.18
PAY0001561,ORD0001561,2026-04-10 08:15:00,card,completed,1037.76
PAY0001562,ORD0001562,2026-02-17 22:01:00,bank_transfer,completed,916.79
PAY0001563,ORD0001563,2026-03-30 06:44:00,wallet,completed,648.02
PAY0001564,ORD0001564,2026-01-28 07:54:00,card,completed,1737.37
PAY0001565,ORD0001565,2026-03-16 21:44:00,wallet,completed,1003.87
PAY0001566,ORD0001566,2026-02-10 16:48:00,wallet,completed,682.92
PAY0001567,ORD0001567,2026-02-22 10:43:00,bank_transfer,completed,2109.57
PAY0001568,ORD0001568,2026-02-05 22:27:00,bank_transfer,completed,2602.29
PAY0001569,ORD0001569,2026-02-26 21:34:00,wallet,completed,107.09
PAY0001570,ORD0001570,2026-02-27 07:45:00,wallet,completed,1004.31
PAY0001571,ORD0001571,2026-04-13 19:42:00,bank_transfer,completed,1805.01
PAY0001572,ORD0001572,2026-02-04 21:50:00,gift_card,completed,2927.86
PAY0001573,ORD0001573,2026-03-21 12:11:00,bank_transfer,completed,1960.9
PAY0001574,ORD0001574,2026-03-13 17:35:00,gift_card,completed,1234.23
PAY0001575,ORD0001575,2026-01-29 19:01:00,wallet,completed,732.78
PAY0001576,ORD0001576,2026-02-24 13:59:00,gift_card,completed,1664.46
PAY0001577,ORD0001577,2026-02-17 09:53:00,bank_transfer,completed,689.76
PAY0001578,ORD0001578,2026-03-06 08:15:00,card,failed,2008.6
PAY0001579,ORD0001579,2026-03-16 23:16:00,card,completed,3481.45
PAY0001580,ORD0001580,2026-02-08 22:18:00,gift_card,completed,1575.52
PAY0001581,ORD0001581,2026-04-08 18:25:00,gift_card,completed,2981.64
PAY0001582,ORD0001582,2026-03-08 20:32:00,card,refunded,915.6
PAY0001583,ORD0001583,2026-01-25 11:36:00,bank_transfer,refunded,1700.79
PAY0001584,ORD0001584,2026-03-31 10:18:00,bank_transfer,completed,754.86
PAY0001585,ORD0001585,2026-02-08 17:35:00,wallet,completed,1139.6
PAY0001586,ORD0001586,2026-03-29 14:37:00,card,completed,226.31
PAY0001587,ORD0001587,2026-03-13 16:18:00,gift_card,completed,491.76
PAY0001588,ORD0001588,2026-04-23 05:22:00,gift_card,completed,1488.96
PAY0001589,ORD0001589,2026-02-03 10:05:00,wallet,completed,834.86
PAY0001590,ORD0001590,2026-03-20 13:55:00,wallet,completed,841.04
PAY0001591,ORD0001591,2026-01-26 22:14:00,gift_card,completed,583.62
PAY0001592,ORD0001592,2026-04-17 23:22:00,bank_transfer,failed,389.79
PAY0001593,ORD0001593,2026-02-08 20:50:00,bank_transfer,completed,1969.59
PAY0001594,ORD0001594,2026-04-17 18:47:00,gift_card,completed,2422.62
PAY0001595,ORD0001595,2026-02-06 09:23:00,card,completed,468.24
PAY0001596,ORD0001596,2026-03-26 11:59:00,bank_transfer,completed,428.26
PAY0001597,ORD0001597,2026-04-17 07:27:00,bank_transfer,completed,381.28
PAY0001598,ORD0001598,2026-04-15 05:09:00,wallet,completed,3140.3
PAY0001599,ORD0001599,2026-03-25 14:19:00,bank_transfer,completed,61.2
PAY0001600,ORD0001600,2026-04-15 18:27:00,bank_transfer,completed,1547.83
PAY0001601,ORD0001601,2026-04-23 12:42:00,card,completed,755.58
PAY0001602,ORD0001602,2026-03-16 22:46:00,gift_card,completed,1534.22
PAY0001603,ORD0001603,2026-01-28 19:46:00,card,completed,562.82
PAY0001604,ORD0001604,2026-03-27 14:55:00,wallet,completed,1815.14
PAY0001605,ORD0001605,2026-02-15 07:06:00,gift_card,completed,107.09
PAY0001606,ORD0001606,2026-02-24 09:08:00,bank_transfer,completed,1560.44
PAY0001607,ORD0001607,2026-02-06 11:59:00,gift_card,completed,57.52
PAY0001608,ORD0001608,2026-03-20 01:13:00,card,completed,344.02
PAY0001609,ORD0001609,2026-04-06 14:55:00,bank_transfer,completed,708.1
PAY0001610,ORD0001610,2026-02-16 17:17:00,gift_card,completed,910.17
PAY0001611,ORD0001611,2026-01-27 12:36:00,card,completed,746.67
PAY0001612,ORD0001612,2026-02-18 12:46:00,card,completed,1089.03
PAY0001613,ORD0001613,2026-02-15 16:13:00,card,completed,223.39
PAY0001614,ORD0001614,2026-02-20 15:09:00,bank_transfer,completed,1610.86
PAY0001615,ORD0001615,2026-02-28 00:14:00,card,completed,1400.83
PAY0001616,ORD0001616,2026-02-03 17:29:00,bank_transfer,completed,1889.09
PAY0001617,ORD0001617,2026-02-20 00:17:00,bank_transfer,completed,1067.28
PAY0001618,ORD0001618,2026-01-24 22:15:00,bank_transfer,completed,1663.62
PAY0001619,ORD0001619,2026-02-18 12:53:00,card,completed,1032.34
PAY0001620,ORD0001620,2026-01-25 17:35:00,wallet,completed,921.78
PAY0001621,ORD0001621,2026-04-18 15:30:00,bank_transfer,completed,2596.9
PAY0001622,ORD0001622,2026-04-18 11:20:00,bank_transfer,completed,2183.6
PAY0001623,ORD0001623,2026-02-26 05:20:00,card,completed,2366.54
PAY0001624,ORD0001624,2026-03-02 15:58:00,gift_card,completed,1463.74
PAY0001625,ORD0001625,2026-04-13 18:10:00,bank_transfer,failed,662.33
PAY0001626,ORD0001626,2026-02-23 03:02:00,wallet,completed,881.68
PAY0001627,ORD0001627,2026-03-01 19:39:00,wallet,completed,1084.26
PAY0001628,ORD0001628,2026-03-30 07:17:00,card,failed,4006.35
PAY0001629,ORD0001629,2026-02-16 09:50:00,card,completed,1226.3
PAY0001630,ORD0001630,2026-04-03 23:46:00,wallet,completed,1026.68
PAY0001631,ORD0001631,2026-02-12 04:46:00,bank_transfer,completed,752.38
PAY0001632,ORD0001632,2026-02-03 22:26:00,gift_card,completed,2774.9
PAY0001633,ORD0001633,2026-02-13 07:20:00,wallet,completed,1919.71
PAY0001634,ORD0001634,2026-02-21 06:43:00,wallet,completed,458.42
PAY0001635,ORD0001635,2026-03-14 04:06:00,wallet,completed,60.39
PAY0001636,ORD0001636,2026-03-20 19:10:00,wallet,completed,1508.75
PAY0001637,ORD0001637,2026-02-18 04:38:00,bank_transfer,refunded,1150.11
PAY0001638,ORD0001638,2026-03-27 06:20:00,card,completed,1230.17
PAY0001639,ORD0001639,2026-03-02 05:30:00,bank_transfer,completed,895.42
PAY0001640,ORD0001640,2026-04-21 10:23:00,bank_transfer,completed,1169.0
PAY0001641,ORD0001641,2026-02-09 16:09:00,bank_transfer,completed,707.37
PAY0001642,ORD0001642,2026-02-28 16:49:00,gift_card,failed,1363.86
PAY0001643,ORD0001643,2026-04-07 20:36:00,bank_transfer,completed,689.73
PAY0001644,ORD0001644,2026-04-12 23:19:00,bank_transfer,completed,723.43
PAY0001645,ORD0001645,2026-03-04 23:42:00,card,completed,1598.94
PAY0001646,ORD0001646,2026-04-18 07:14:00,wallet,completed,412.94
PAY0001647,ORD0001647,2026-03-15 18:13:00,card,completed,1298.24
PAY0001648,ORD0001648,2026-02-26 04:53:00,gift_card,completed,1022.11
PAY0001649,ORD0001649,2026-04-11 05:34:00,card,completed,46.89
PAY0001650,ORD0001650,2026-03-24 03:43:00,gift_card,completed,699.17
PAY0001651,ORD0001651,2026-03-03 12:56:00,card,completed,2168.25
PAY0001652,ORD0001652,2026-04-23 22:54:00,bank_transfer,failed,889.52
PAY0001653,ORD0001653,2026-03-06 02:13:00,card,completed,1329.91
PAY0001654,ORD0001654,2026-03-24 15:48:00,card,completed,624.88
PAY0001655,ORD0001655,2026-03-15 19:05:00,wallet,completed,684.36
PAY0001656,ORD0001656,2026-04-05 12:05:00,bank_transfer,completed,54.9
PAY0001657,ORD0001657,2026-03-28 06:42:00,bank_transfer,completed,1583.25
PAY0001658,ORD0001658,2026-02-17 03:28:00,gift_card,completed,743.58
PAY0001659,ORD0001659,2026-03-02 04:29:00,bank_transfer,completed,780.79
PAY0001660,ORD0001660,2026-02-20 08:42:00,wallet,completed,3029.34
PAY0001661,ORD0001661,2026-03-05 19:53:00,bank_transfer,completed,2191.86
PAY0001662,ORD0001662,2026-02-01 23:54:00,bank_transfer,completed,403.41
PAY0001663,ORD0001663,2026-01-30 14:48:00,bank_transfer,refunded,810.55
PAY0001664,ORD0001664,2026-02-24 02:49:00,bank_transfer,completed,1266.62
PAY0001665,ORD0001665,2026-03-12 09:36:00,gift_card,completed,796.27
PAY0001666,ORD0001666,2026-03-16 05:32:00,gift_card,completed,1942.43
PAY0001667,ORD0001667,2026-04-05 10:58:00,card,refunded,1462.63
PAY0001668,ORD0001668,2026-02-14 16:34:00,gift_card,completed,398.17
PAY0001669,ORD0001669,2026-03-16 16:14:00,bank_transfer,completed,2274.48
PAY0001670,ORD0001670,2026-02-25 04:20:00,gift_card,completed,2128.13
PAY0001671,ORD0001671,2026-02-20 05:07:00,gift_card,completed,1124.06
PAY0001672,ORD0001672,2026-02-16 10:27:00,card,completed,2232.85
PAY0001673,ORD0001673,2026-04-11 01:18:00,wallet,completed,319.41
PAY0001674,ORD0001674,2026-02-04 17:41:00,card,refunded,2649.39
PAY0001675,ORD0001675,2026-02-17 01:09:00,card,completed,1069.04
PAY0001676,ORD0001676,2026-03-12 05:59:00,bank_transfer,completed,1271.78
PAY0001677,ORD0001677,2026-04-23 11:41:00,wallet,completed,255.51
PAY0001678,ORD0001678,2026-03-27 01:31:00,gift_card,completed,4473.52
PAY0001679,ORD0001679,2026-03-11 02:24:00,wallet,completed,117.59
PAY0001680,ORD0001680,2026-02-02 18:29:00,card,completed,1576.11
PAY0001681,ORD0001681,2026-03-25 10:28:00,wallet,completed,166.85
PAY0001682,ORD0001682,2026-03-14 15:51:00,bank_transfer,failed,2698.66
PAY0001683,ORD0001683,2026-03-06 10:14:00,wallet,completed,805.84
PAY0001684,ORD0001684,2026-03-08 03:38:00,card,completed,679.0
PAY0001685,ORD0001685,2026-04-08 20:37:00,card,completed,2286.7
PAY0001686,ORD0001686,2026-04-21 15:40:00,wallet,completed,740.57
PAY0001687,ORD0001687,2026-01-27 04:18:00,gift_card,completed,1933.78
PAY0001688,ORD0001688,2026-03-18 06:54:00,wallet,completed,1675.12
PAY0001689,ORD0001689,2026-02-27 00:42:00,card,completed,1193.44
PAY0001690,ORD0001690,2026-03-19 14:36:00,wallet,completed,255.89
PAY0001691,ORD0001691,2026-01-24 15:48:00,card,completed,2159.21
PAY0001692,ORD0001692,2026-01-28 13:54:00,bank_transfer,completed,1580.27
PAY0001693,ORD0001693,2026-04-23 22:42:00,wallet,completed,873.97
PAY0001694,ORD0001694,2026-03-30 02:26:00,card,completed,1219.99
PAY0001695,ORD0001695,2026-02-24 16:06:00,card,completed,575.48
PAY0001696,ORD0001696,2026-04-15 15:47:00,bank_transfer,completed,1762.0
PAY0001697,ORD0001697,2026-02-25 23:05:00,card,completed,1155.95
PAY0001698,ORD0001698,2026-02-21 03:45:00,card,completed,1515.98
PAY0001699,ORD0001699,2026-01-29 13:11:00,gift_card,completed,1633.31
PAY0001700,ORD0001700,2026-02-24 17:11:00,card,completed,307.12
PAY0001701,ORD0001701,2026-03-04 09:45:00,gift_card,completed,1030.91
PAY0001702,ORD0001702,2026-04-22 04:01:00,gift_card,completed,1405.99
PAY0001703,ORD0001703,2026-02-16 12:18:00,card,refunded,1069.1
PAY0001704,ORD0001704,2026-03-23 11:51:00,bank_transfer,completed,2822.05
PAY0001705,ORD0001705,2026-01-27 15:02:00,card,completed,1280.17
PAY0001706,ORD0001706,2026-03-18 11:33:00,wallet,completed,910.2
PAY0001707,ORD0001707,2026-02-17 21:50:00,card,completed,706.96
PAY0001708,ORD0001708,2026-02-11 06:11:00,bank_transfer,completed,870.23
PAY0001709,ORD0001709,2026-04-21 15:10:00,gift_card,completed,1127.64
PAY0001710,ORD0001710,2026-03-14 22:05:00,wallet,completed,1165.68
PAY0001711,ORD0001711,2026-03-26 07:31:00,bank_transfer,completed,1104.7
PAY0001712,ORD0001712,2026-03-27 21:33:00,gift_card,completed,850.42
PAY0001713,ORD0001713,2026-01-25 09:32:00,wallet,completed,637.56
PAY0001714,ORD0001714,2026-02-03 15:08:00,bank_transfer,completed,1761.75
PAY0001715,ORD0001715,2026-04-07 16:13:00,card,completed,1380.69
PAY0001716,ORD0001716,2026-02-15 08:57:00,bank_transfer,completed,1046.36
PAY0001717,ORD0001717,2026-04-09 05:56:00,gift_card,completed,450.28
PAY0001718,ORD0001718,2026-02-18 07:47:00,wallet,completed,928.3
PAY0001719,ORD0001719,2026-02-27 04:43:00,bank_transfer,completed,947.28
PAY0001720,ORD0001720,2026-03-30 13:12:00,card,completed,277.02
PAY0001721,ORD0001721,2026-04-10 13:55:00,card,completed,2857.08
PAY0001722,ORD0001722,2026-02-07 11:04:00,wallet,completed,2309.07
PAY0001723,ORD0001723,2026-04-07 07:13:00,card,completed,248.69
PAY0001724,ORD0001724,2026-03-10 19:54:00,card,completed,366.8
PAY0001725,ORD0001725,2026-02-10 06:38:00,gift_card,completed,193.62
PAY0001726,ORD0001726,2026-02-17 17:23:00,wallet,completed,715.14
PAY0001727,ORD0001727,2026-01-31 13:09:00,gift_card,completed,698.39
PAY0001728,ORD0001728,2026-02-24 10:48:00,wallet,completed,300.5
PAY0001729,ORD0001729,2026-01-26 05:52:00,gift_card,completed,751.08
PAY0001730,ORD0001730,2026-02-17 04:09:00,bank_transfer,completed,768.72
PAY0001731,ORD0001731,2026-02-06 09:42:00,wallet,completed,1263.79
PAY0001732,ORD0001732,2026-03-31 06:57:00,wallet,completed,225.95
PAY0001733,ORD0001733,2026-04-02 03:51:00,gift_card,completed,1152.93
PAY0001734,ORD0001734,2026-04-20 19:05:00,wallet,completed,324.92
PAY0001735,ORD0001735,2026-03-05 12:43:00,gift_card,completed,458.04
PAY0001736,ORD0001736,2026-03-12 15:44:00,card,completed,894.07
PAY0001737,ORD0001737,2026-02-04 12:35:00,bank_transfer,completed,2754.28
PAY0001738,ORD0001738,2026-03-07 02:41:00,gift_card,completed,1005.4
PAY0001739,ORD0001739,2026-03-21 10:59:00,card,completed,1867.6
PAY0001740,ORD0001740,2026-04-01 03:57:00,gift_card,completed,2671.72
PAY0001741,ORD0001741,2026-02-27 09:19:00,wallet,completed,1533.38
PAY0001742,ORD0001742,2026-03-28 06:28:00,card,completed,102.01
PAY0001743,ORD0001743,2026-03-22 13:11:00,bank_transfer,completed,268.85
PAY0001744,ORD0001744,2026-02-22 15:22:00,wallet,completed,502.6
PAY0001745,ORD0001745,2026-03-12 16:03:00,gift_card,completed,1241.23
PAY0001746,ORD0001746,2026-02-09 21:08:00,card,completed,953.26
PAY0001747,ORD0001747,2026-01-31 09:35:00,wallet,completed,1785.75
PAY0001748,ORD0001748,2026-03-30 13:17:00,wallet,completed,1002.93
PAY0001749,ORD0001749,2026-02-08 03:01:00,gift_card,completed,947.23
PAY0001750,ORD0001750,2026-02-16 14:36:00,gift_card,completed,709.7
PAY0001751,ORD0001751,2026-04-14 09:51:00,bank_transfer,completed,622.89
PAY0001752,ORD0001752,2026-04-09 10:47:00,card,completed,2393.12
PAY0001753,ORD0001753,2026-02-01 11:49:00,bank_transfer,completed,1169.37
PAY0001754,ORD0001754,2026-03-15 00:32:00,card,completed,304.34
PAY0001755,ORD0001755,2026-03-04 14:54:00,gift_card,completed,1747.7
PAY0001756,ORD0001756,2026-04-20 19:57:00,gift_card,completed,440.94
PAY0001757,ORD0001757,2026-02-28 17:01:00,bank_transfer,failed,282.47
PAY0001758,ORD0001758,2026-03-17 21:12:00,gift_card,completed,915.92
PAY0001759,ORD0001759,2026-04-23 22:37:00,gift_card,completed,698.38
PAY0001760,ORD0001760,2026-02-15 17:45:00,bank_transfer,completed,1314.84
PAY0001761,ORD0001761,2026-02-17 15:09:00,card,completed,3800.58
PAY0001762,ORD0001762,2026-02-13 23:58:00,card,failed,2968.7
PAY0001763,ORD0001763,2026-04-16 01:04:00,wallet,completed,751.92
PAY0001764,ORD0001764,2026-03-22 04:02:00,bank_transfer,completed,777.24
PAY0001765,ORD0001765,2026-02-12 01:12:00,bank_transfer,completed,57.37
PAY0001766,ORD0001766,2026-03-01 06:26:00,gift_card,completed,389.2
PAY0001767,ORD0001767,2026-01-24 21:13:00,card,completed,1271.88
PAY0001768,ORD0001768,2026-02-04 17:16:00,bank_transfer,completed,153.46
PAY0001769,ORD0001769,2026-02-19 18:28:00,gift_card,completed,277.81
PAY0001770,ORD0001770,2026-04-21 18:10:00,card,completed,594.68
PAY0001771,ORD0001771,2026-02-24 07:51:00,wallet,completed,1316.54
PAY0001772,ORD0001772,2026-04-21 11:03:00,card,completed,1234.23
PAY0001773,ORD0001773,2026-02-27 22:37:00,card,completed,2621.11
PAY0001774,ORD0001774,2026-04-15 18:37:00,wallet,completed,742.77
PAY0001775,ORD0001775,2026-04-20 03:03:00,card,completed,1868.94
PAY0001776,ORD0001776,2026-04-17 11:28:00,wallet,refunded,1817.94
PAY0001777,ORD0001777,2026-02-23 19:33:00,wallet,completed,1774.95
PAY0001778,ORD0001778,2026-04-08 23:25:00,bank_transfer,completed,2081.92
PAY0001779,ORD0001779,2026-02-16 22:36:00,bank_transfer,failed,1059.6
PAY0001780,ORD0001780,2026-02-24 09:06:00,bank_transfer,completed,461.29
PAY0001781,ORD0001781,2026-04-10 18:27:00,bank_transfer,refunded,1474.61
PAY0001782,ORD0001782,2026-03-08 16:29:00,card,completed,2708.4
PAY0001783,ORD0001783,2026-03-28 07:20:00,card,completed,1221.65
PAY0001784,ORD0001784,2026-03-13 23:02:00,gift_card,completed,807.12
PAY0001785,ORD0001785,2026-01-24 11:17:00,wallet,completed,1644.88
PAY0001786,ORD0001786,2026-02-04 06:48:00,gift_card,completed,157.64
PAY0001787,ORD0001787,2026-04-07 13:51:00,gift_card,completed,2107.21
PAY0001788,ORD0001788,2026-03-14 05:10:00,card,completed,258.7
PAY0001789,ORD0001789,2026-01-29 21:38:00,wallet,completed,1325.74
PAY0001790,ORD0001790,2026-02-04 12:14:00,wallet,completed,1226.26
PAY0001791,ORD0001791,2026-01-27 01:39:00,card,completed,776.58
PAY0001792,ORD0001792,2026-01-24 17:28:00,wallet,completed,2735.48
PAY0001793,ORD0001793,2026-02-26 15:03:00,bank_transfer,completed,3087.81
PAY0001794,ORD0001794,2026-03-22 05:51:00,card,completed,1046.39
PAY0001795,ORD0001795,2026-01-31 14:53:00,gift_card,completed,491.03
PAY0001796,ORD0001796,2026-04-13 00:56:00,gift_card,completed,863.94
PAY0001797,ORD0001797,2026-03-15 19:46:00,card,failed,1216.14
PAY0001798,ORD0001798,2026-04-10 00:57:00,gift_card,completed,1467.75
PAY0001799,ORD0001799,2026-02-20 10:39:00,bank_transfer,completed,2096.05
PAY0001800,ORD0001800,2026-04-13 19:15:00,bank_transfer,completed,3122.44
PAY0001801,ORD0001801,2026-02-08 02:59:00,gift_card,completed,141.88
PAY0001802,ORD0001802,2026-01-30 23:16:00,bank_transfer,completed,652.13
PAY0001803,ORD0001803,2026-04-21 10:08:00,wallet,completed,2974.65
PAY0001804,ORD0001804,2026-02-06 06:25:00,bank_transfer,completed,722.73
PAY0001805,ORD0001805,2026-02-03 19:39:00,wallet,completed,1336.58
PAY0001806,ORD0001806,2026-02-24 23:59:00,card,completed,768.72
PAY0001807,ORD0001807,2026-04-20 21:27:00,wallet,completed,2100.81
PAY0001808,ORD0001808,2026-03-29 04:41:00,gift_card,completed,204.02
PAY0001809,ORD0001809,2026-03-28 22:16:00,card,completed,2691.05
PAY0001810,ORD0001810,2026-03-13 18:12:00,bank_transfer,completed,2632.85
PAY0001811,ORD0001811,2026-02-04 03:45:00,wallet,completed,20.4
PAY0001812,ORD0001812,2026-02-10 15:26:00,wallet,completed,289.56
PAY0001813,ORD0001813,2026-01-25 02:31:00,bank_transfer,completed,797.43
PAY0001814,ORD0001814,2026-03-09 13:19:00,bank_transfer,completed,1774.34
PAY0001815,ORD0001815,2026-03-08 14:33:00,gift_card,completed,2139.46
PAY0001816,ORD0001816,2026-04-09 06:45:00,wallet,refunded,1567.18
PAY0001817,ORD0001817,2026-02-19 13:03:00,card,completed,2375.05
PAY0001818,ORD0001818,2026-04-21 21:32:00,wallet,completed,801.45
PAY0001819,ORD0001819,2026-03-31 06:10:00,wallet,completed,1110.69
PAY0001820,ORD0001820,2026-03-27 21:35:00,gift_card,completed,393.62
PAY0001821,ORD0001821,2026-01-24 00:30:00,card,completed,2518.32
PAY0001822,ORD0001822,2026-04-20 04:53:00,card,completed,2872.74
PAY0001823,ORD0001823,2026-01-28 16:50:00,card,completed,590.44
PAY0001824,ORD0001824,2026-02-25 04:52:00,card,completed,1701.39
PAY0001825,ORD0001825,2026-01-31 23:14:00,card,completed,2163.05
PAY0001826,ORD0001826,2026-03-05 15:37:00,bank_transfer,completed,1171.61
PAY0001827,ORD0001827,2026-02-23 13:36:00,card,completed,389.38
PAY0001828,ORD0001828,2026-02-02 03:09:00,bank_transfer,completed,751.92
PAY0001829,ORD0001829,2026-04-09 06:10:00,bank_transfer,completed,2975.71
PAY0001830,ORD0001830,2026-03-24 13:59:00,wallet,completed,306.03
PAY0001831,ORD0001831,2026-03-27 03:18:00,bank_transfer,completed,1392.48
PAY0001832,ORD0001832,2026-02-19 02:01:00,bank_transfer,completed,2188.2
PAY0001833,ORD0001833,2026-01-26 11:14:00,bank_transfer,completed,2088.75
PAY0001834,ORD0001834,2026-03-10 16:03:00,gift_card,completed,1143.46
PAY0001835,ORD0001835,2026-02-10 10:32:00,card,completed,235.96
PAY0001836,ORD0001836,2026-03-12 21:05:00,gift_card,completed,1575.12
PAY0001837,ORD0001837,2026-03-07 17:55:00,bank_transfer,completed,1785.91
PAY0001838,ORD0001838,2026-03-16 22:28:00,wallet,completed,578.17
PAY0001839,ORD0001839,2026-04-06 07:25:00,bank_transfer,completed,102.01
PAY0001840,ORD0001840,2026-04-07 21:10:00,bank_transfer,completed,441.47
PAY0001841,ORD0001841,2026-03-21 18:18:00,bank_transfer,completed,603.78
PAY0001842,ORD0001842,2026-03-01 10:35:00,gift_card,completed,915.6
PAY0001843,ORD0001843,2026-02-06 03:40:00,bank_transfer,completed,1160.0
PAY0001844,ORD0001844,2026-04-18 11:47:00,wallet,completed,1654.55
PAY0001845,ORD0001845,2026-02-15 06:22:00,card,completed,723.96
PAY0001846,ORD0001846,2026-03-12 02:01:00,wallet,refunded,1014.03
PAY0001847,ORD0001847,2026-04-02 22:48:00,gift_card,completed,2062.41
PAY0001848,ORD0001848,2026-04-10 09:05:00,gift_card,completed,803.57
PAY0001849,ORD0001849,2026-04-12 13:50:00,bank_transfer,completed,2523.2
PAY0001850,ORD0001850,2026-03-30 00:08:00,gift_card,completed,813.8
PAY0001851,ORD0001851,2026-04-04 13:40:00,wallet,completed,1250.5
PAY0001852,ORD0001852,2026-01-30 09:45:00,gift_card,completed,49.49
PAY0001853,ORD0001853,2026-03-12 05:03:00,gift_card,completed,1675.92
PAY0001854,ORD0001854,2026-03-10 11:15:00,bank_transfer,completed,1338.76
PAY0001855,ORD0001855,2026-03-25 17:04:00,bank_transfer,completed,1414.34
PAY0001856,ORD0001856,2026-03-29 07:26:00,bank_transfer,completed,958.62
PAY0001857,ORD0001857,2026-02-23 14:18:00,gift_card,completed,517.64
PAY0001858,ORD0001858,2026-02-12 20:32:00,bank_transfer,completed,2775.48
PAY0001859,ORD0001859,2026-02-28 04:11:00,card,completed,2181.05
PAY0001860,ORD0001860,2026-03-21 00:38:00,gift_card,refunded,1422.06
PAY0001861,ORD0001861,2026-04-04 11:31:00,wallet,completed,886.99
PAY0001862,ORD0001862,2026-04-08 09:12:00,wallet,failed,1067.74
PAY0001863,ORD0001863,2026-04-12 10:12:00,wallet,completed,1699.52
PAY0001864,ORD0001864,2026-04-10 04:32:00,gift_card,completed,1095.32
PAY0001865,ORD0001865,2026-03-15 05:09:00,gift_card,completed,371.97
PAY0001866,ORD0001866,2026-02-15 20:20:00,wallet,completed,1305.56
PAY0001867,ORD0001867,2026-01-31 03:18:00,card,completed,296.85
PAY0001868,ORD0001868,2026-04-17 11:52:00,gift_card,completed,449.96
PAY0001869,ORD0001869,2026-04-21 07:42:00,gift_card,completed,2599.71
PAY0001870,ORD0001870,2026-04-04 17:14:00,bank_transfer,completed,2298.51
PAY0001871,ORD0001871,2026-02-28 13:16:00,gift_card,completed,631.51
PAY0001872,ORD0001872,2026-04-04 05:52:00,bank_transfer,completed,1581.42
PAY0001873,ORD0001873,2026-03-25 07:31:00,wallet,completed,679.98
PAY0001874,ORD0001874,2026-03-28 15:24:00,bank_transfer,completed,1894.23
PAY0001875,ORD0001875,2026-01-30 08:01:00,card,completed,1036.56
PAY0001876,ORD0001876,2026-04-14 16:10:00,wallet,refunded,611.04
PAY0001877,ORD0001877,2026-03-19 23:04:00,bank_transfer,completed,476.04
PAY0001878,ORD0001878,2026-04-23 05:29:00,bank_transfer,completed,2328.31
PAY0001879,ORD0001879,2026-03-22 12:46:00,card,completed,98.98
PAY0001880,ORD0001880,2026-02-07 14:58:00,card,completed,214.25
PAY0001881,ORD0001881,2026-04-14 08:43:00,wallet,failed,694.56
PAY0001882,ORD0001882,2026-03-27 19:23:00,card,refunded,955.36
PAY0001883,ORD0001883,2026-03-30 03:10:00,gift_card,completed,251.17
PAY0001884,ORD0001884,2026-03-31 08:08:00,bank_transfer,completed,303.39
PAY0001885,ORD0001885,2026-04-03 18:59:00,gift_card,completed,1628.02
PAY0001886,ORD0001886,2026-02-28 18:25:00,wallet,completed,374.66
PAY0001887,ORD0001887,2026-03-30 05:32:00,wallet,completed,616.94
PAY0001888,ORD0001888,2026-01-26 12:11:00,card,completed,1301.99
PAY0001889,ORD0001889,2026-02-18 00:33:00,gift_card,completed,1127.94
PAY0001890,ORD0001890,2026-03-11 04:54:00,card,completed,683.5
PAY0001891,ORD0001891,2026-03-21 20:22:00,card,completed,1833.99
PAY0001892,ORD0001892,2026-04-08 23:09:00,gift_card,completed,2794.09
PAY0001893,ORD0001893,2026-03-26 12:10:00,card,completed,738.33
PAY0001894,ORD0001894,2026-03-24 05:06:00,card,completed,394.14
PAY0001895,ORD0001895,2026-03-04 06:32:00,card,completed,1067.28
PAY0001896,ORD0001896,2026-03-14 22:15:00,wallet,completed,2091.23
PAY0001897,ORD0001897,2026-03-18 12:06:00,gift_card,completed,909.42
PAY0001898,ORD0001898,2026-04-13 05:17:00,gift_card,completed,346.69
PAY0001899,ORD0001899,2026-02-21 16:14:00,gift_card,completed,523.56
PAY0001900,ORD0001900,2026-04-20 11:53:00,gift_card,completed,320.76
PAY0001901,ORD0001901,2026-02-10 14:01:00,gift_card,completed,849.0
PAY0001902,ORD0001902,2026-02-10 03:49:00,gift_card,completed,1341.17
PAY0001903,ORD0001903,2026-02-22 04:21:00,card,completed,992.64
PAY0001904,ORD0001904,2026-02-16 15:27:00,gift_card,failed,1334.66
PAY0001905,ORD0001905,2026-03-12 18:28:00,wallet,completed,243.18
PAY0001906,ORD0001906,2026-02-22 23:10:00,card,completed,2426.36
PAY0001907,ORD0001907,2026-03-25 16:38:00,gift_card,completed,444.44
PAY0001908,ORD0001908,2026-04-01 04:29:00,wallet,completed,2857.66
PAY0001909,ORD0001909,2026-03-06 10:03:00,wallet,completed,2470.41
PAY0001910,ORD0001910,2026-03-26 11:21:00,card,completed,137.36
PAY0001911,ORD0001911,2026-04-06 17:34:00,wallet,completed,3608.51
PAY0001912,ORD0001912,2026-02-22 22:43:00,gift_card,completed,3280.09
PAY0001913,ORD0001913,2026-04-09 10:54:00,gift_card,completed,1697.42
PAY0001914,ORD0001914,2026-04-18 19:34:00,card,refunded,2062.29
PAY0001915,ORD0001915,2026-04-21 14:31:00,gift_card,completed,1316.61
PAY0001916,ORD0001916,2026-02-22 17:01:00,wallet,completed,1068.74
PAY0001917,ORD0001917,2026-04-16 02:28:00,card,completed,748.84
PAY0001918,ORD0001918,2026-02-19 21:57:00,gift_card,completed,852.91
PAY0001919,ORD0001919,2026-04-21 14:05:00,wallet,completed,724.63
PAY0001920,ORD0001920,2026-03-21 02:51:00,wallet,completed,141.55
PAY0001921,ORD0001921,2026-02-16 00:59:00,card,completed,536.61
PAY0001922,ORD0001922,2026-03-03 15:24:00,card,completed,1087.12
PAY0001923,ORD0001923,2026-03-24 14:07:00,bank_transfer,completed,1548.36
PAY0001924,ORD0001924,2026-01-29 23:02:00,wallet,completed,1397.89
PAY0001925,ORD0001925,2026-02-03 00:23:00,card,completed,863.78
PAY0001926,ORD0001926,2026-03-30 23:26:00,bank_transfer,completed,1330.14
PAY0001927,ORD0001927,2026-03-17 01:20:00,bank_transfer,completed,198.19
PAY0001928,ORD0001928,2026-03-19 23:03:00,gift_card,completed,224.43
PAY0001929,ORD0001929,2026-03-03 10:46:00,bank_transfer,completed,2139.59
PAY0001930,ORD0001930,2026-03-05 17:23:00,card,completed,1601.0
PAY0001931,ORD0001931,2026-02-06 18:55:00,wallet,completed,1398.53
PAY0001932,ORD0001932,2026-02-09 09:46:00,card,completed,1465.32
PAY0001933,ORD0001933,2026-03-02 09:10:00,gift_card,completed,1971.27
PAY0001934,ORD0001934,2026-02-04 19:23:00,card,completed,670.44
PAY0001935,ORD0001935,2026-02-06 03:16:00,card,completed,1397.55
PAY0001936,ORD0001936,2026-04-10 08:41:00,gift_card,completed,1551.22
PAY0001937,ORD0001937,2026-03-03 07:30:00,gift_card,completed,2538.59
PAY0001938,ORD0001938,2026-04-01 14:29:00,wallet,refunded,1194.49
PAY0001939,ORD0001939,2026-02-12 14:58:00,wallet,completed,2079.78
PAY0001940,ORD0001940,2026-02-06 17:20:00,gift_card,completed,491.58
PAY0001941,ORD0001941,2026-04-20 20:14:00,card,completed,1232.19
PAY0001942,ORD0001942,2026-04-06 06:25:00,bank_transfer,completed,2309.43
PAY0001943,ORD0001943,2026-03-16 09:51:00,gift_card,completed,1880.09
PAY0001944,ORD0001944,2026-02-07 20:47:00,bank_transfer,completed,720.01
PAY0001945,ORD0001945,2026-02-13 22:50:00,wallet,completed,1193.43
PAY0001946,ORD0001946,2026-01-29 17:03:00,wallet,completed,651.59
PAY0001947,ORD0001947,2026-04-20 09:54:00,wallet,refunded,573.04
PAY0001948,ORD0001948,2026-01-29 18:33:00,bank_transfer,completed,985.84
PAY0001949,ORD0001949,2026-04-10 08:33:00,gift_card,completed,904.8
PAY0001950,ORD0001950,2026-04-20 20:14:00,wallet,completed,1121.76
PAY0001951,ORD0001951,2026-04-12 09:07:00,bank_transfer,completed,1152.72
PAY0001952,ORD0001952,2026-03-05 08:54:00,wallet,completed,145.76
PAY0001953,ORD0001953,2026-03-15 23:42:00,card,completed,1834.47
PAY0001954,ORD0001954,2026-03-22 08:53:00,wallet,completed,1646.87
PAY0001955,ORD0001955,2026-04-17 06:48:00,card,completed,1601.1
PAY0001956,ORD0001956,2026-02-01 22:11:00,gift_card,completed,753.06
PAY0001957,ORD0001957,2026-01-24 01:47:00,bank_transfer,completed,1927.48
PAY0001958,ORD0001958,2026-03-31 11:11:00,bank_transfer,completed,703.98
PAY0001959,ORD0001959,2026-01-24 20:04:00,bank_transfer,completed,678.06
PAY0001960,ORD0001960,2026-04-14 09:08:00,bank_transfer,completed,523.14
PAY0001961,ORD0001961,2026-02-01 09:20:00,wallet,completed,1232.47
PAY0001962,ORD0001962,2026-01-31 02:46:00,bank_transfer,completed,414.32
PAY0001963,ORD0001963,2026-03-04 20:04:00,card,failed,1385.21
PAY0001964,ORD0001964,2026-04-16 09:42:00,card,completed,938.73
PAY0001965,ORD0001965,2026-04-17 21:36:00,bank_transfer,completed,493.28
PAY0001966,ORD0001966,2026-02-17 00:59:00,wallet,completed,1144.73
PAY0001967,ORD0001967,2026-03-28 18:46:00,gift_card,completed,1264.04
PAY0001968,ORD0001968,2026-03-14 21:05:00,gift_card,completed,1692.47
PAY0001969,ORD0001969,2026-03-05 10:19:00,gift_card,completed,306.03
PAY0001970,ORD0001970,2026-02-24 19:33:00,wallet,refunded,863.94
PAY0001971,ORD0001971,2026-03-19 05:23:00,gift_card,completed,760.97
PAY0001972,ORD0001972,2026-04-09 18:43:00,card,completed,1673.48
PAY0001973,ORD0001973,2026-04-03 22:18:00,gift_card,completed,1032.59
PAY0001974,ORD0001974,2026-02-04 01:21:00,wallet,completed,2919.0
PAY0001975,ORD0001975,2026-04-11 22:49:00,gift_card,completed,1433.17
PAY0001976,ORD0001976,2026-01-26 11:36:00,bank_transfer,completed,773.52
PAY0001977,ORD0001977,2026-03-27 14:25:00,gift_card,completed,1541.19
PAY0001978,ORD0001978,2026-03-30 22:38:00,card,completed,819.86
PAY0001979,ORD0001979,2026-03-18 18:34:00,bank_transfer,completed,2391.32
PAY0001980,ORD0001980,2026-04-19 20:27:00,gift_card,completed,1997.83
PAY0001981,ORD0001981,2026-04-11 00:41:00,bank_transfer,completed,715.38
PAY0001982,ORD0001982,2026-01-31 15:37:00,wallet,completed,470.34
PAY0001983,ORD0001983,2026-03-08 12:50:00,gift_card,completed,664.77
PAY0001984,ORD0001984,2026-04-19 15:33:00,card,completed,1155.81
PAY0001985,ORD0001985,2026-04-08 15:58:00,card,completed,122.1
PAY0001986,ORD0001986,2026-03-19 00:39:00,bank_transfer,completed,1571.45
PAY0001987,ORD0001987,2026-03-12 11:35:00,wallet,refunded,2969.08
PAY0001988,ORD0001988,2026-03-15 16:09:00,card,completed,1707.21
PAY0001989,ORD0001989,2026-03-31 08:28:00,gift_card,completed,715.04
PAY0001990,ORD0001990,2026-02-22 10:01:00,card,completed,323.35
PAY0001991,ORD0001991,2026-02-06 07:46:00,wallet,completed,282.86
PAY0001992,ORD0001992,2026-04-10 13:44:00,gift_card,completed,2732.55
PAY0001993,ORD0001993,2026-03-22 02:28:00,card,completed,2094.08
PAY0001994,ORD0001994,2026-03-16 10:36:00,gift_card,completed,1204.76
PAY0001995,ORD0001995,2026-04-10 12:45:00,bank_transfer,completed,105.02
PAY0001996,ORD0001996,2026-02-22 21:59:00,wallet,completed,1906.66
PAY0001997,ORD0001997,2026-04-02 06:39:00,wallet,completed,1327.24
PAY0001998,ORD0001998,2026-02-18 16:58:00,card,completed,203.86
PAY0001999,ORD0001999,2026-03-02 12:11:00,gift_card,completed,1254.84
PAY0002000,ORD0002000,2026-03-06 18:51:00,gift_card,completed,1659.06
PAY0002001,ORD0002001,2026-02-28 13:03:00,card,completed,446.69
PAY0002002,ORD0002002,2026-02-03 12:34:00,wallet,completed,2441.3
PAY0002003,ORD0002003,2026-03-22 16:11:00,gift_card,completed,151.94
PAY0002004,ORD0002004,2026-03-15 13:31:00,wallet,completed,2641.19
PAY0002005,ORD0002005,2026-04-18 16:47:00,gift_card,completed,281.38
PAY0002006,ORD0002006,2026-03-29 20:01:00,bank_transfer,completed,1390.8
PAY0002007,ORD0002007,2026-01-29 14:42:00,gift_card,completed,2118.5
PAY0002008,ORD0002008,2026-03-30 12:24:00,wallet,refunded,2832.03
PAY0002009,ORD0002009,2026-03-29 08:35:00,bank_transfer,completed,1251.81
PAY0002010,ORD0002010,2026-02-21 13:32:00,gift_card,refunded,2629.39
PAY0002011,ORD0002011,2026-02-21 09:26:00,bank_transfer,completed,1112.07
PAY0002012,ORD0002012,2026-04-04 14:08:00,bank_transfer,completed,1830.27
PAY0002013,ORD0002013,2026-02-24 17:03:00,gift_card,completed,632.24
PAY0002014,ORD0002014,2026-04-09 21:32:00,bank_transfer,completed,303.49
PAY0002015,ORD0002015,2026-04-14 10:24:00,card,completed,874.15
PAY0002016,ORD0002016,2026-03-18 01:13:00,bank_transfer,completed,1645.41
PAY0002017,ORD0002017,2026-04-05 08:14:00,wallet,completed,253.35
PAY0002018,ORD0002018,2026-03-04 19:22:00,card,completed,2164.96
PAY0002019,ORD0002019,2026-04-23 13:58:00,wallet,completed,987.73
PAY0002020,ORD0002020,2026-03-26 13:21:00,wallet,failed,2384.86
PAY0002021,ORD0002021,2026-02-26 06:07:00,wallet,completed,874.57
PAY0002022,ORD0002022,2026-02-10 17:03:00,card,completed,2144.22
PAY0002023,ORD0002023,2026-02-21 02:02:00,wallet,completed,229.02
PAY0002024,ORD0002024,2026-03-18 05:32:00,wallet,completed,226.31
PAY0002025,ORD0002025,2026-02-16 02:11:00,bank_transfer,completed,1640.48
PAY0002026,ORD0002026,2026-04-17 18:08:00,bank_transfer,completed,209.16
PAY0002027,ORD0002027,2026-03-11 00:20:00,card,completed,1192.37
PAY0002028,ORD0002028,2026-01-25 13:21:00,card,completed,2607.85
PAY0002029,ORD0002029,2026-04-22 01:29:00,card,completed,2001.84
PAY0002030,ORD0002030,2026-04-13 14:50:00,card,completed,1306.99
PAY0002031,ORD0002031,2026-03-14 03:36:00,wallet,completed,822.14
PAY0002032,ORD0002032,2026-01-30 06:07:00,wallet,completed,1278.8
PAY0002033,ORD0002033,2026-02-15 00:06:00,card,completed,1478.0
PAY0002034,ORD0002034,2026-03-25 07:48:00,bank_transfer,completed,3546.32
PAY0002035,ORD0002035,2026-04-17 13:36:00,wallet,completed,1991.38
PAY0002036,ORD0002036,2026-03-05 19:31:00,gift_card,completed,146.34
PAY0002037,ORD0002037,2026-04-08 22:05:00,wallet,failed,1322.59
PAY0002038,ORD0002038,2026-04-16 22:06:00,gift_card,completed,1133.12
PAY0002039,ORD0002039,2026-04-09 00:28:00,card,completed,1186.79
PAY0002040,ORD0002040,2026-02-26 11:15:00,gift_card,completed,2961.21
PAY0002041,ORD0002041,2026-02-03 04:03:00,wallet,completed,2016.68
PAY0002042,ORD0002042,2026-03-06 16:39:00,wallet,completed,1826.21
PAY0002043,ORD0002043,2026-02-15 04:57:00,gift_card,refunded,809.42
PAY0002044,ORD0002044,2026-02-14 06:39:00,bank_transfer,completed,1445.9
PAY0002045,ORD0002045,2026-03-22 05:48:00,card,completed,2162.68
PAY0002046,ORD0002046,2026-02-04 04:49:00,card,completed,919.89
PAY0002047,ORD0002047,2026-03-11 10:56:00,wallet,completed,373.95
PAY0002048,ORD0002048,2026-02-16 13:02:00,card,completed,1210.62
PAY0002049,ORD0002049,2026-03-19 07:54:00,bank_transfer,refunded,368.5
PAY0002050,ORD0002050,2026-04-05 21:19:00,gift_card,completed,1238.55
PAY0002051,ORD0002051,2026-03-09 19:49:00,wallet,completed,2255.89
PAY0002052,ORD0002052,2026-03-31 03:35:00,bank_transfer,completed,1296.39
PAY0002053,ORD0002053,2026-03-31 13:42:00,gift_card,completed,942.36
PAY0002054,ORD0002054,2026-03-23 07:30:00,gift_card,failed,1824.06
PAY0002055,ORD0002055,2026-03-30 11:26:00,card,refunded,1066.41
PAY0002056,ORD0002056,2026-03-23 21:06:00,bank_transfer,completed,928.3
PAY0002057,ORD0002057,2026-03-26 11:49:00,card,completed,578.26
PAY0002058,ORD0002058,2026-02-16 16:31:00,gift_card,completed,801.48
PAY0002059,ORD0002059,2026-02-27 08:14:00,wallet,completed,625.36
PAY0002060,ORD0002060,2026-04-19 04:44:00,gift_card,completed,1427.07
PAY0002061,ORD0002061,2026-03-21 05:56:00,bank_transfer,completed,800.0
PAY0002062,ORD0002062,2026-02-16 17:19:00,gift_card,completed,550.4
PAY0002063,ORD0002063,2026-03-13 09:59:00,bank_transfer,completed,1439.9
PAY0002064,ORD0002064,2026-02-08 12:24:00,card,completed,1968.98
PAY0002065,ORD0002065,2026-03-02 17:23:00,gift_card,completed,1683.43
PAY0002066,ORD0002066,2026-01-30 01:38:00,bank_transfer,completed,895.86
PAY0002067,ORD0002067,2026-01-29 12:33:00,bank_transfer,completed,546.5
PAY0002068,ORD0002068,2026-03-20 20:45:00,gift_card,refunded,610.83
PAY0002069,ORD0002069,2026-02-12 23:39:00,wallet,completed,3036.82
PAY0002070,ORD0002070,2026-02-04 08:28:00,card,completed,605.02
PAY0002071,ORD0002071,2026-04-01 06:49:00,gift_card,completed,1436.78
PAY0002072,ORD0002072,2026-03-06 16:51:00,card,completed,3066.33
PAY0002073,ORD0002073,2026-02-23 04:42:00,bank_transfer,completed,1726.34
PAY0002074,ORD0002074,2026-03-14 12:04:00,wallet,completed,627.04
PAY0002075,ORD0002075,2026-04-11 17:42:00,wallet,completed,1119.96
PAY0002076,ORD0002076,2026-02-19 00:24:00,gift_card,completed,2087.92
PAY0002077,ORD0002077,2026-03-05 21:32:00,bank_transfer,completed,417.27
PAY0002078,ORD0002078,2026-02-28 17:36:00,wallet,completed,846.07
PAY0002079,ORD0002079,2026-03-23 17:57:00,gift_card,completed,2159.78
PAY0002080,ORD0002080,2026-03-07 03:34:00,bank_transfer,completed,2590.2
PAY0002081,ORD0002081,2026-02-23 01:07:00,wallet,completed,417.62
PAY0002082,ORD0002082,2026-03-17 18:22:00,wallet,completed,2113.51
PAY0002083,ORD0002083,2026-02-19 09:17:00,gift_card,completed,177.22
PAY0002084,ORD0002084,2026-04-22 12:27:00,gift_card,completed,129.01
PAY0002085,ORD0002085,2026-02-27 13:28:00,card,completed,993.38
PAY0002086,ORD0002086,2026-03-15 05:10:00,gift_card,completed,2413.13
PAY0002087,ORD0002087,2026-02-05 06:06:00,wallet,completed,229.02
PAY0002088,ORD0002088,2026-02-11 23:06:00,wallet,completed,3052.64
PAY0002089,ORD0002089,2026-03-01 23:05:00,card,completed,2153.0
PAY0002090,ORD0002090,2026-01-25 22:31:00,bank_transfer,completed,247.77
PAY0002091,ORD0002091,2026-04-19 08:18:00,card,completed,1137.06
PAY0002092,ORD0002092,2026-03-31 03:51:00,card,completed,1560.06
PAY0002093,ORD0002093,2026-04-21 00:04:00,wallet,refunded,1954.46
PAY0002094,ORD0002094,2026-02-28 20:18:00,bank_transfer,completed,815.81
PAY0002095,ORD0002095,2026-03-12 11:25:00,card,completed,707.09
PAY0002096,ORD0002096,2026-04-13 16:41:00,gift_card,completed,2523.66
PAY0002097,ORD0002097,2026-03-02 00:09:00,wallet,completed,1697.67
PAY0002098,ORD0002098,2026-02-25 19:50:00,bank_transfer,completed,1916.59
PAY0002099,ORD0002099,2026-03-23 12:44:00,gift_card,completed,956.7
PAY0002100,ORD0002100,2026-03-03 06:46:00,bank_transfer,completed,993.84
PAY0002101,ORD0002101,2026-02-27 21:25:00,card,completed,105.21
PAY0002102,ORD0002102,2026-03-27 19:33:00,gift_card,completed,1543.36
PAY0002103,ORD0002103,2026-02-04 06:22:00,wallet,completed,1381.82
PAY0002104,ORD0002104,2026-02-08 07:18:00,bank_transfer,completed,1187.2
PAY0002105,ORD0002105,2026-04-20 00:48:00,card,completed,1525.64
PAY0002106,ORD0002106,2026-04-17 05:11:00,gift_card,completed,751.76
PAY0002107,ORD0002107,2026-03-19 04:35:00,bank_transfer,completed,1194.51
PAY0002108,ORD0002108,2026-03-07 22:07:00,gift_card,completed,723.74
PAY0002109,ORD0002109,2026-03-07 00:32:00,gift_card,completed,1611.67
PAY0002110,ORD0002110,2026-04-14 12:44:00,bank_transfer,completed,96.01
PAY0002111,ORD0002111,2026-03-13 08:48:00,card,completed,1440.59
PAY0002112,ORD0002112,2026-03-31 23:33:00,bank_transfer,completed,1192.07
PAY0002113,ORD0002113,2026-04-04 23:40:00,bank_transfer,completed,2798.4
PAY0002114,ORD0002114,2026-02-19 05:52:00,wallet,completed,1914.95
PAY0002115,ORD0002115,2026-04-11 13:25:00,card,completed,4859.51
PAY0002116,ORD0002116,2026-04-20 00:57:00,card,completed,411.02
PAY0002117,ORD0002117,2026-03-28 10:37:00,bank_transfer,completed,1089.81
PAY0002118,ORD0002118,2026-03-03 11:54:00,gift_card,completed,143.35
PAY0002119,ORD0002119,2026-02-25 10:05:00,card,completed,1501.46
PAY0002120,ORD0002120,2026-03-17 22:19:00,bank_transfer,completed,552.03
PAY0002121,ORD0002121,2026-03-13 20:53:00,card,completed,1647.19
PAY0002122,ORD0002122,2026-03-14 10:10:00,card,refunded,1832.38
PAY0002123,ORD0002123,2026-03-28 05:56:00,card,completed,1233.71
PAY0002124,ORD0002124,2026-04-17 14:20:00,wallet,completed,281.41
PAY0002125,ORD0002125,2026-02-19 17:03:00,gift_card,completed,1006.62
PAY0002126,ORD0002126,2026-03-23 15:47:00,wallet,completed,694.2
PAY0002127,ORD0002127,2026-02-04 16:44:00,wallet,completed,2223.79
PAY0002128,ORD0002128,2026-03-27 07:59:00,gift_card,completed,169.64
PAY0002129,ORD0002129,2026-04-11 00:27:00,bank_transfer,completed,1723.39
PAY0002130,ORD0002130,2026-03-04 06:40:00,wallet,completed,260.14
PAY0002131,ORD0002131,2026-03-10 06:51:00,gift_card,completed,464.37
PAY0002132,ORD0002132,2026-03-27 19:53:00,gift_card,completed,2038.32
PAY0002133,ORD0002133,2026-02-26 00:23:00,bank_transfer,completed,2554.53
PAY0002134,ORD0002134,2026-04-03 17:24:00,gift_card,completed,348.42
PAY0002135,ORD0002135,2026-02-02 20:06:00,wallet,completed,1228.07
PAY0002136,ORD0002136,2026-03-29 21:46:00,bank_transfer,completed,2051.91
PAY0002137,ORD0002137,2026-03-22 23:33:00,gift_card,completed,4231.37
PAY0002138,ORD0002138,2026-03-22 03:05:00,wallet,completed,584.49
PAY0002139,ORD0002139,2026-04-13 19:12:00,gift_card,completed,1312.01
PAY0002140,ORD0002140,2026-03-10 05:21:00,gift_card,failed,1485.16
PAY0002141,ORD0002141,2026-01-31 11:47:00,card,completed,2015.37
PAY0002142,ORD0002142,2026-04-17 20:28:00,bank_transfer,completed,1206.72
PAY0002143,ORD0002143,2026-03-10 03:16:00,card,completed,379.47
PAY0002144,ORD0002144,2026-01-29 04:56:00,gift_card,completed,567.84
PAY0002145,ORD0002145,2026-03-16 18:39:00,card,completed,880.58
PAY0002146,ORD0002146,2026-01-30 08:50:00,bank_transfer,completed,891.74
PAY0002147,ORD0002147,2026-04-05 17:09:00,gift_card,completed,2137.34
PAY0002148,ORD0002148,2026-02-18 19:30:00,gift_card,completed,1112.62
PAY0002149,ORD0002149,2026-02-27 02:52:00,wallet,completed,649.98
PAY0002150,ORD0002150,2026-03-01 13:17:00,bank_transfer,completed,1799.3
PAY0002151,ORD0002151,2026-02-02 05:43:00,gift_card,completed,1194.17
PAY0002152,ORD0002152,2026-02-22 22:15:00,card,completed,1633.91
PAY0002153,ORD0002153,2026-02-08 12:36:00,gift_card,completed,1251.31
PAY0002154,ORD0002154,2026-03-13 01:10:00,wallet,completed,745.29
PAY0002155,ORD0002155,2026-02-11 14:40:00,wallet,completed,1058.63
PAY0002156,ORD0002156,2026-02-13 09:07:00,bank_transfer,completed,569.0
PAY0002157,ORD0002157,2026-04-20 18:16:00,bank_transfer,completed,1983.51
PAY0002158,ORD0002158,2026-03-18 03:14:00,bank_transfer,completed,336.72
PAY0002159,ORD0002159,2026-02-06 20:19:00,bank_transfer,failed,1493.72
PAY0002160,ORD0002160,2026-02-12 16:18:00,bank_transfer,completed,1178.41
PAY0002161,ORD0002161,2026-04-15 00:13:00,card,refunded,978.51
PAY0002162,ORD0002162,2026-04-22 01:36:00,card,completed,873.91
PAY0002163,ORD0002163,2026-03-26 07:02:00,wallet,completed,1200.0
PAY0002164,ORD0002164,2026-01-26 17:19:00,gift_card,completed,2013.25
PAY0002165,ORD0002165,2026-04-17 23:57:00,gift_card,completed,940.92
PAY0002166,ORD0002166,2026-02-09 19:28:00,gift_card,completed,287.14
PAY0002167,ORD0002167,2026-03-10 01:02:00,bank_transfer,failed,87.93
PAY0002168,ORD0002168,2026-03-14 22:50:00,bank_transfer,completed,1358.04
PAY0002169,ORD0002169,2026-04-11 21:12:00,bank_transfer,completed,957.69
PAY0002170,ORD0002170,2026-04-12 02:41:00,card,completed,777.93
PAY0002171,ORD0002171,2026-04-15 05:38:00,bank_transfer,completed,1302.77
PAY0002172,ORD0002172,2026-04-22 10:49:00,bank_transfer,refunded,1343.09
PAY0002173,ORD0002173,2026-03-07 13:07:00,wallet,failed,1410.38
PAY0002174,ORD0002174,2026-04-07 07:55:00,gift_card,completed,434.73
PAY0002175,ORD0002175,2026-04-20 14:25:00,bank_transfer,completed,1474.7
PAY0002176,ORD0002176,2026-04-12 13:14:00,gift_card,completed,1908.7
PAY0002177,ORD0002177,2026-04-05 17:50:00,card,completed,1519.35
PAY0002178,ORD0002178,2026-03-29 17:30:00,bank_transfer,completed,598.34
PAY0002179,ORD0002179,2026-02-25 05:11:00,bank_transfer,completed,200.56
PAY0002180,ORD0002180,2026-02-14 08:10:00,wallet,completed,1327.32
PAY0002181,ORD0002181,2026-03-15 07:52:00,card,completed,68.78
PAY0002182,ORD0002182,2026-03-07 18:30:00,wallet,completed,1116.84
PAY0002183,ORD0002183,2026-01-31 13:57:00,bank_transfer,completed,2830.86
PAY0002184,ORD0002184,2026-03-10 03:10:00,wallet,completed,1461.69
PAY0002185,ORD0002185,2026-03-15 08:47:00,gift_card,completed,230.52
PAY0002186,ORD0002186,2026-02-26 11:32:00,bank_transfer,completed,1673.19
PAY0002187,ORD0002187,2026-02-08 18:37:00,bank_transfer,completed,967.7
PAY0002188,ORD0002188,2026-03-26 16:29:00,bank_transfer,failed,759.72
PAY0002189,ORD0002189,2026-02-28 03:16:00,card,completed,3073.62
PAY0002190,ORD0002190,2026-02-06 11:54:00,wallet,completed,1191.3
PAY0002191,ORD0002191,2026-02-12 17:10:00,wallet,completed,540.58
PAY0002192,ORD0002192,2026-03-19 06:57:00,card,completed,1781.83
PAY0002193,ORD0002193,2026-04-18 12:46:00,gift_card,refunded,1996.1
PAY0002194,ORD0002194,2026-02-22 04:52:00,wallet,completed,195.54
PAY0002195,ORD0002195,2026-04-11 01:20:00,bank_transfer,completed,578.26
PAY0002196,ORD0002196,2026-02-10 07:58:00,gift_card,completed,438.79
PAY0002197,ORD0002197,2026-01-24 06:59:00,gift_card,completed,1865.48
PAY0002198,ORD0002198,2026-04-02 19:52:00,card,completed,1476.43
PAY0002199,ORD0002199,2026-01-24 20:24:00,card,completed,1033.79
PAY0002200,ORD0002200,2026-04-20 09:47:00,bank_transfer,refunded,1497.93
PAY0002201,ORD0002201,2026-04-12 22:57:00,card,completed,815.82
PAY0002202,ORD0002202,2026-03-10 02:24:00,gift_card,failed,136.16
PAY0002203,ORD0002203,2026-02-21 04:15:00,bank_transfer,completed,827.22
PAY0002204,ORD0002204,2026-03-03 15:31:00,gift_card,completed,1210.18
PAY0002205,ORD0002205,2026-01-24 15:15:00,gift_card,completed,2867.38
PAY0002206,ORD0002206,2026-03-27 11:22:00,gift_card,completed,104.48
PAY0002207,ORD0002207,2026-02-24 05:15:00,gift_card,completed,1343.27
PAY0002208,ORD0002208,2026-04-12 12:37:00,wallet,completed,755.06
PAY0002209,ORD0002209,2026-03-29 13:47:00,wallet,completed,279.38
PAY0002210,ORD0002210,2026-02-10 16:50:00,wallet,completed,2167.84
PAY0002211,ORD0002211,2026-04-19 06:06:00,gift_card,completed,1801.48
PAY0002212,ORD0002212,2026-03-12 10:03:00,gift_card,refunded,1203.54
PAY0002213,ORD0002213,2026-02-10 12:26:00,card,completed,1138.6
PAY0002214,ORD0002214,2026-02-12 08:40:00,wallet,completed,1036.07
PAY0002215,ORD0002215,2026-03-02 18:32:00,card,completed,814.91
PAY0002216,ORD0002216,2026-03-26 11:04:00,wallet,completed,1797.22
PAY0002217,ORD0002217,2026-02-15 18:26:00,gift_card,completed,1724.61
PAY0002218,ORD0002218,2026-03-31 02:01:00,card,completed,459.99
PAY0002219,ORD0002219,2026-03-17 08:03:00,bank_transfer,completed,455.9
PAY0002220,ORD0002220,2026-03-10 11:29:00,wallet,completed,1238.6
PAY0002221,ORD0002221,2026-02-18 12:56:00,card,completed,452.68
PAY0002222,ORD0002222,2026-04-14 09:07:00,wallet,completed,211.08
PAY0002223,ORD0002223,2026-02-09 18:02:00,wallet,completed,1358.01
PAY0002224,ORD0002224,2026-01-25 08:30:00,wallet,completed,1883.94
PAY0002225,ORD0002225,2026-03-25 17:07:00,bank_transfer,completed,827.42
PAY0002226,ORD0002226,2026-02-09 21:43:00,bank_transfer,completed,1952.43
PAY0002227,ORD0002227,2026-04-12 15:57:00,gift_card,completed,2748.69
PAY0002228,ORD0002228,2026-03-19 17:12:00,card,completed,23.07
PAY0002229,ORD0002229,2026-03-08 11:42:00,bank_transfer,completed,1958.38
PAY0002230,ORD0002230,2026-01-27 11:53:00,card,completed,1623.75
PAY0002231,ORD0002231,2026-02-03 05:02:00,wallet,refunded,2112.09
PAY0002232,ORD0002232,2026-03-09 21:19:00,gift_card,completed,1568.76
PAY0002233,ORD0002233,2026-04-01 02:18:00,wallet,completed,872.49
PAY0002234,ORD0002234,2026-04-23 14:40:00,bank_transfer,completed,1817.7
PAY0002235,ORD0002235,2026-02-18 15:43:00,gift_card,completed,587.33
PAY0002236,ORD0002236,2026-03-03 03:22:00,wallet,completed,831.17
PAY0002237,ORD0002237,2026-04-07 11:09:00,wallet,completed,2517.98
PAY0002238,ORD0002238,2026-04-02 16:33:00,card,completed,316.15
PAY0002239,ORD0002239,2026-01-27 21:03:00,card,completed,862.86
PAY0002240,ORD0002240,2026-03-13 21:18:00,bank_transfer,completed,1363.28
PAY0002241,ORD0002241,2026-03-02 12:19:00,wallet,completed,2127.69
PAY0002242,ORD0002242,2026-02-02 01:26:00,wallet,completed,1325.8
PAY0002243,ORD0002243,2026-04-21 04:31:00,gift_card,completed,1732.61
PAY0002244,ORD0002244,2026-04-04 13:11:00,bank_transfer,completed,1762.61
PAY0002245,ORD0002245,2026-01-27 12:51:00,card,completed,928.64
PAY0002246,ORD0002246,2026-02-05 13:18:00,gift_card,completed,1116.45
PAY0002247,ORD0002247,2026-02-28 14:47:00,wallet,refunded,47.22
PAY0002248,ORD0002248,2026-01-31 18:10:00,gift_card,completed,1140.6
PAY0002249,ORD0002249,2026-04-06 05:32:00,gift_card,completed,722.38
PAY0002250,ORD0002250,2026-03-22 22:18:00,card,completed,958.08
PAY0002251,ORD0002251,2026-02-10 05:04:00,wallet,completed,2066.74
PAY0002252,ORD0002252,2026-04-07 20:35:00,bank_transfer,completed,798.88
PAY0002253,ORD0002253,2026-02-04 10:11:00,bank_transfer,completed,1249.25
PAY0002254,ORD0002254,2026-04-20 20:37:00,wallet,completed,2562.86
PAY0002255,ORD0002255,2026-04-07 12:05:00,card,refunded,348.44
PAY0002256,ORD0002256,2026-01-29 23:04:00,card,completed,181.8
PAY0002257,ORD0002257,2026-03-04 06:01:00,card,completed,303.49
PAY0002258,ORD0002258,2026-02-25 08:44:00,card,completed,2545.65
PAY0002259,ORD0002259,2026-03-03 09:22:00,wallet,completed,148.47
PAY0002260,ORD0002260,2026-02-09 07:43:00,card,completed,2107.04
PAY0002261,ORD0002261,2026-04-08 02:55:00,wallet,completed,610.12
PAY0002262,ORD0002262,2026-04-18 18:36:00,wallet,completed,661.16
PAY0002263,ORD0002263,2026-02-07 09:52:00,bank_transfer,completed,1784.75
PAY0002264,ORD0002264,2026-03-20 18:10:00,gift_card,completed,1638.82
PAY0002265,ORD0002265,2026-03-01 03:22:00,wallet,completed,1159.17
PAY0002266,ORD0002266,2026-04-09 08:25:00,card,completed,978.97
PAY0002267,ORD0002267,2026-03-25 04:45:00,wallet,completed,254.7
PAY0002268,ORD0002268,2026-03-15 23:48:00,card,completed,2792.43
PAY0002269,ORD0002269,2026-04-11 15:32:00,bank_transfer,failed,1540.36
PAY0002270,ORD0002270,2026-04-20 04:44:00,gift_card,completed,67.54
PAY0002271,ORD0002271,2026-04-14 11:09:00,wallet,completed,1305.29
PAY0002272,ORD0002272,2026-04-17 19:06:00,card,completed,893.29
PAY0002273,ORD0002273,2026-02-16 06:21:00,wallet,completed,49.49
PAY0002274,ORD0002274,2026-04-15 18:33:00,card,completed,1641.57
PAY0002275,ORD0002275,2026-01-27 14:56:00,gift_card,completed,386.16
PAY0002276,ORD0002276,2026-01-30 14:46:00,gift_card,completed,1293.56
PAY0002277,ORD0002277,2026-04-22 18:27:00,card,completed,981.3
PAY0002278,ORD0002278,2026-03-03 02:17:00,card,completed,1188.16
PAY0002279,ORD0002279,2026-04-16 17:29:00,card,completed,1181.74
PAY0002280,ORD0002280,2026-04-19 16:56:00,gift_card,completed,610.62
PAY0002281,ORD0002281,2026-03-12 12:01:00,card,completed,2934.1
PAY0002282,ORD0002282,2026-03-20 19:05:00,wallet,completed,261.44
PAY0002283,ORD0002283,2026-04-22 07:58:00,wallet,completed,1245.36
PAY0002284,ORD0002284,2026-03-28 20:03:00,card,completed,1590.28
PAY0002285,ORD0002285,2026-02-09 12:28:00,card,completed,801.15
PAY0002286,ORD0002286,2026-04-02 12:29:00,wallet,completed,2662.71
PAY0002287,ORD0002287,2026-03-10 05:43:00,bank_transfer,completed,872.5
PAY0002288,ORD0002288,2026-04-11 19:17:00,wallet,completed,1509.09
PAY0002289,ORD0002289,2026-03-21 05:52:00,card,completed,673.98
PAY0002290,ORD0002290,2026-02-14 13:58:00,card,completed,1297.02
PAY0002291,ORD0002291,2026-03-26 17:47:00,wallet,completed,350.68
PAY0002292,ORD0002292,2026-02-17 01:47:00,wallet,completed,1106.65
PAY0002293,ORD0002293,2026-02-07 03:31:00,bank_transfer,completed,1636.91
PAY0002294,ORD0002294,2026-01-24 07:56:00,gift_card,completed,444.15
PAY0002295,ORD0002295,2026-04-10 07:45:00,bank_transfer,completed,121.1
PAY0002296,ORD0002296,2026-03-01 16:15:00,wallet,completed,428.08
PAY0002297,ORD0002297,2026-04-21 10:57:00,card,completed,867.87
PAY0002298,ORD0002298,2026-03-17 20:11:00,gift_card,completed,368.13
PAY0002299,ORD0002299,2026-02-05 13:59:00,gift_card,completed,2594.11
PAY0002300,ORD0002300,2026-04-10 20:42:00,card,completed,2826.25
PAY0002301,ORD0002301,2026-01-24 05:32:00,card,completed,1128.08
PAY0002302,ORD0002302,2026-02-12 05:53:00,gift_card,completed,274.98
PAY0002303,ORD0002303,2026-02-11 17:31:00,gift_card,completed,1426.59
PAY0002304,ORD0002304,2026-03-01 13:09:00,card,completed,1013.3
PAY0002305,ORD0002305,2026-02-09 16:32:00,bank_transfer,completed,1462.44
PAY0002306,ORD0002306,2026-02-14 11:42:00,card,completed,842.61
PAY0002307,ORD0002307,2026-03-31 10:55:00,gift_card,refunded,1279.96
PAY0002308,ORD0002308,2026-03-09 01:16:00,bank_transfer,completed,428.5
PAY0002309,ORD0002309,2026-03-03 17:43:00,wallet,completed,1550.11
PAY0002310,ORD0002310,2026-03-02 20:33:00,card,completed,1788.63
PAY0002311,ORD0002311,2026-03-22 10:18:00,bank_transfer,completed,2351.46
PAY0002312,ORD0002312,2026-03-22 09:59:00,bank_transfer,completed,1206.42
PAY0002313,ORD0002313,2026-02-02 21:22:00,bank_transfer,completed,1459.28
PAY0002314,ORD0002314,2026-03-02 06:09:00,gift_card,completed,2257.71
PAY0002315,ORD0002315,2026-02-27 03:46:00,bank_transfer,completed,440.41
PAY0002316,ORD0002316,2026-03-10 13:04:00,gift_card,completed,1473.96
PAY0002317,ORD0002317,2026-04-23 07:36:00,card,completed,873.99
PAY0002318,ORD0002318,2026-04-02 16:18:00,card,completed,1529.49
PAY0002319,ORD0002319,2026-04-10 01:46:00,gift_card,completed,1406.52
PAY0002320,ORD0002320,2026-04-11 12:17:00,gift_card,completed,1387.71
PAY0002321,ORD0002321,2026-03-21 13:23:00,bank_transfer,completed,1688.86
PAY0002322,ORD0002322,2026-02-23 09:30:00,wallet,completed,745.8
PAY0002323,ORD0002323,2026-02-08 14:30:00,card,completed,749.34
PAY0002324,ORD0002324,2026-04-17 18:20:00,bank_transfer,completed,357.57
PAY0002325,ORD0002325,2026-02-22 05:37:00,wallet,failed,1340.14
PAY0002326,ORD0002326,2026-03-18 16:56:00,card,completed,281.38
PAY0002327,ORD0002327,2026-03-29 21:09:00,card,completed,1097.08
PAY0002328,ORD0002328,2026-04-21 08:12:00,gift_card,completed,594.57
PAY0002329,ORD0002329,2026-03-12 01:07:00,gift_card,completed,567.91
PAY0002330,ORD0002330,2026-01-30 02:04:00,card,completed,1060.62
PAY0002331,ORD0002331,2026-02-27 10:41:00,wallet,completed,226.66
PAY0002332,ORD0002332,2026-02-21 21:41:00,bank_transfer,completed,739.14
PAY0002333,ORD0002333,2026-03-17 01:24:00,gift_card,completed,1215.19
PAY0002334,ORD0002334,2026-03-01 06:24:00,card,completed,1636.75
PAY0002335,ORD0002335,2026-03-21 11:41:00,bank_transfer,completed,754.4
PAY0002336,ORD0002336,2026-04-16 08:18:00,gift_card,failed,900.56
PAY0002337,ORD0002337,2026-03-15 00:58:00,gift_card,completed,2841.18
PAY0002338,ORD0002338,2026-04-03 10:07:00,card,completed,1683.92
PAY0002339,ORD0002339,2026-04-11 02:58:00,gift_card,completed,2042.45
PAY0002340,ORD0002340,2026-03-07 18:22:00,wallet,refunded,452.78
PAY0002341,ORD0002341,2026-01-27 03:13:00,bank_transfer,completed,2578.81
PAY0002342,ORD0002342,2026-03-19 03:56:00,wallet,completed,1841.64
PAY0002343,ORD0002343,2026-02-01 15:10:00,card,completed,1022.17
PAY0002344,ORD0002344,2026-02-22 18:46:00,gift_card,completed,2213.1
PAY0002345,ORD0002345,2026-04-07 22:22:00,gift_card,completed,770.67
PAY0002346,ORD0002346,2026-04-06 20:42:00,bank_transfer,completed,2025.32
PAY0002347,ORD0002347,2026-04-03 02:23:00,gift_card,completed,249.92
PAY0002348,ORD0002348,2026-03-25 20:13:00,card,completed,1045.48
PAY0002349,ORD0002349,2026-02-07 22:38:00,gift_card,completed,371.34
PAY0002350,ORD0002350,2026-03-06 14:38:00,bank_transfer,completed,458.94
PAY0002351,ORD0002351,2026-03-15 03:41:00,wallet,completed,1676.47
PAY0002352,ORD0002352,2026-03-27 09:17:00,bank_transfer,completed,697.44
PAY0002353,ORD0002353,2026-02-09 19:38:00,gift_card,completed,746.55
PAY0002354,ORD0002354,2026-03-30 22:11:00,wallet,completed,2362.56
PAY0002355,ORD0002355,2026-03-20 22:33:00,gift_card,completed,1880.43
PAY0002356,ORD0002356,2026-02-14 19:07:00,card,refunded,391.72
PAY0002357,ORD0002357,2026-03-08 00:34:00,bank_transfer,completed,347.16
PAY0002358,ORD0002358,2026-01-29 04:16:00,gift_card,completed,1294.06
PAY0002359,ORD0002359,2026-02-07 03:40:00,wallet,completed,1109.7
PAY0002360,ORD0002360,2026-02-26 15:51:00,bank_transfer,completed,508.56
PAY0002361,ORD0002361,2026-04-10 15:07:00,card,completed,918.2
PAY0002362,ORD0002362,2026-03-30 04:36:00,card,completed,1391.87
PAY0002363,ORD0002363,2026-02-28 14:46:00,bank_transfer,completed,162.46
PAY0002364,ORD0002364,2026-03-28 17:55:00,gift_card,refunded,1643.71
PAY0002365,ORD0002365,2026-03-28 16:27:00,gift_card,completed,3416.94
PAY0002366,ORD0002366,2026-02-19 19:48:00,card,completed,809.01
PAY0002367,ORD0002367,2026-02-13 22:55:00,bank_transfer,completed,385.27
PAY0002368,ORD0002368,2026-03-25 06:17:00,bank_transfer,completed,494.1
PAY0002369,ORD0002369,2026-02-12 22:02:00,card,completed,1623.56
PAY0002370,ORD0002370,2026-01-31 17:35:00,gift_card,completed,1567.42
PAY0002371,ORD0002371,2026-02-26 10:50:00,wallet,completed,618.8
PAY0002372,ORD0002372,2026-02-26 05:12:00,wallet,completed,1177.32
PAY0002373,ORD0002373,2026-02-08 15:03:00,wallet,completed,287.44
PAY0002374,ORD0002374,2026-02-09 03:33:00,bank_transfer,completed,1687.45
PAY0002375,ORD0002375,2026-04-19 07:06:00,wallet,completed,3599.64
PAY0002376,ORD0002376,2026-02-03 00:28:00,card,completed,1278.4
PAY0002377,ORD0002377,2026-03-16 06:01:00,bank_transfer,completed,2180.2
PAY0002378,ORD0002378,2026-01-27 21:57:00,bank_transfer,completed,492.27
PAY0002379,ORD0002379,2026-04-08 00:14:00,wallet,completed,419.11
PAY0002380,ORD0002380,2026-02-15 19:33:00,card,completed,1313.58
PAY0002381,ORD0002381,2026-04-12 20:53:00,gift_card,completed,668.37
PAY0002382,ORD0002382,2026-02-19 00:42:00,bank_transfer,completed,1158.3
PAY0002383,ORD0002383,2026-03-27 18:47:00,gift_card,completed,2808.65
PAY0002384,ORD0002384,2026-01-31 05:34:00,bank_transfer,completed,2021.35
PAY0002385,ORD0002385,2026-03-31 18:56:00,card,completed,1831.29
PAY0002386,ORD0002386,2026-04-06 18:04:00,card,completed,497.38
PAY0002387,ORD0002387,2026-03-20 10:49:00,bank_transfer,completed,1262.85
PAY0002388,ORD0002388,2026-04-09 23:25:00,wallet,completed,485.02
PAY0002389,ORD0002389,2026-02-14 14:26:00,wallet,completed,2026.2
PAY0002390,ORD0002390,2026-02-27 20:14:00,gift_card,completed,1306.01
PAY0002391,ORD0002391,2026-01-30 19:32:00,wallet,completed,764.95
PAY0002392,ORD0002392,2026-03-01 23:59:00,wallet,completed,673.61
PAY0002393,ORD0002393,2026-03-17 00:44:00,gift_card,refunded,654.43
PAY0002394,ORD0002394,2026-04-10 09:40:00,wallet,completed,3729.29
PAY0002395,ORD0002395,2026-02-09 15:03:00,bank_transfer,completed,723.96
PAY0002396,ORD0002396,2026-04-01 11:13:00,bank_transfer,completed,2823.62
PAY0002397,ORD0002397,2026-02-08 11:24:00,gift_card,completed,1271.45
PAY0002398,ORD0002398,2026-02-15 08:15:00,wallet,completed,1660.05
PAY0002399,ORD0002399,2026-01-30 09:07:00,card,completed,1439.85
PAY0002400,ORD0002400,2026-03-29 13:28:00,gift_card,completed,2290.96
PAY0002401,ORD0002401,2026-01-28 16:56:00,bank_transfer,completed,1215.92
PAY0002402,ORD0002402,2026-01-28 16:46:00,bank_transfer,completed,891.38
PAY0002403,ORD0002403,2026-04-04 17:07:00,bank_transfer,completed,2468.25
PAY0002404,ORD0002404,2026-04-14 23:57:00,wallet,completed,931.92
PAY0002405,ORD0002405,2026-04-13 10:03:00,bank_transfer,completed,52.16
PAY0002406,ORD0002406,2026-04-16 01:20:00,bank_transfer,completed,1936.94
PAY0002407,ORD0002407,2026-04-20 16:12:00,gift_card,completed,2534.68
PAY0002408,ORD0002408,2026-02-17 12:52:00,wallet,completed,1530.84
PAY0002409,ORD0002409,2026-03-10 15:37:00,card,completed,678.0
PAY0002410,ORD0002410,2026-04-05 07:22:00,wallet,completed,89.43
PAY0002411,ORD0002411,2026-02-28 19:07:00,bank_transfer,completed,254.9
PAY0002412,ORD0002412,2026-02-18 11:42:00,gift_card,completed,1251.21
PAY0002413,ORD0002413,2026-03-26 01:03:00,gift_card,completed,964.68
PAY0002414,ORD0002414,2026-02-10 21:37:00,bank_transfer,completed,273.85
PAY0002415,ORD0002415,2026-03-22 16:27:00,bank_transfer,completed,1678.28
PAY0002416,ORD0002416,2026-03-03 21:27:00,gift_card,completed,1682.33
PAY0002417,ORD0002417,2026-03-19 16:28:00,wallet,completed,2316.05
PAY0002418,ORD0002418,2026-04-14 08:52:00,bank_transfer,completed,936.33
PAY0002419,ORD0002419,2026-02-07 18:02:00,bank_transfer,completed,740.81
PAY0002420,ORD0002420,2026-02-14 05:08:00,bank_transfer,completed,1650.47
PAY0002421,ORD0002421,2026-01-26 13:19:00,gift_card,completed,1902.85
PAY0002422,ORD0002422,2026-04-15 19:08:00,wallet,completed,1115.18
PAY0002423,ORD0002423,2026-03-28 10:06:00,wallet,completed,656.58
PAY0002424,ORD0002424,2026-02-20 06:22:00,gift_card,completed,1435.24
PAY0002425,ORD0002425,2026-04-15 00:47:00,gift_card,completed,3089.79
PAY0002426,ORD0002426,2026-02-18 09:14:00,gift_card,completed,430.68
PAY0002427,ORD0002427,2026-03-06 17:03:00,card,completed,1378.49
PAY0002428,ORD0002428,2026-02-18 19:19:00,card,completed,2411.74
PAY0002429,ORD0002429,2026-01-27 11:25:00,bank_transfer,completed,410.19
PAY0002430,ORD0002430,2026-03-24 09:18:00,gift_card,completed,729.88
PAY0002431,ORD0002431,2026-03-02 03:28:00,gift_card,completed,1034.91
PAY0002432,ORD0002432,2026-02-15 22:55:00,wallet,completed,796.3
PAY0002433,ORD0002433,2026-04-15 00:27:00,gift_card,failed,2076.03
PAY0002434,ORD0002434,2026-03-04 18:08:00,card,completed,1827.12
PAY0002435,ORD0002435,2026-02-09 02:09:00,wallet,completed,1489.78
PAY0002436,ORD0002436,2026-04-17 01:32:00,gift_card,completed,1584.03
PAY0002437,ORD0002437,2026-04-14 17:37:00,wallet,completed,1774.6
PAY0002438,ORD0002438,2026-02-09 16:40:00,gift_card,completed,1043.79
PAY0002439,ORD0002439,2026-04-17 10:17:00,gift_card,completed,586.3
PAY0002440,ORD0002440,2026-03-16 14:14:00,card,completed,1360.32
PAY0002441,ORD0002441,2026-04-15 13:30:00,gift_card,completed,2108.01
PAY0002442,ORD0002442,2026-02-22 11:46:00,card,completed,1854.17
PAY0002443,ORD0002443,2026-03-06 22:52:00,gift_card,completed,1480.14
PAY0002444,ORD0002444,2026-03-17 22:04:00,card,completed,119.08
PAY0002445,ORD0002445,2026-02-04 00:38:00,card,completed,272.32
PAY0002446,ORD0002446,2026-04-04 05:32:00,gift_card,completed,266.76
PAY0002447,ORD0002447,2026-04-09 07:27:00,card,completed,1422.06
PAY0002448,ORD0002448,2026-04-20 00:35:00,card,completed,278.9
PAY0002449,ORD0002449,2026-02-13 03:23:00,gift_card,completed,360.8
PAY0002450,ORD0002450,2026-04-14 18:09:00,bank_transfer,completed,1720.82
PAY0002451,ORD0002451,2026-04-16 07:57:00,gift_card,completed,997.42
PAY0002452,ORD0002452,2026-03-02 18:34:00,bank_transfer,completed,1129.59
PAY0002453,ORD0002453,2026-03-31 22:03:00,card,completed,1374.29
PAY0002454,ORD0002454,2026-04-17 06:26:00,gift_card,failed,1396.55
PAY0002455,ORD0002455,2026-03-27 13:30:00,bank_transfer,completed,990.63
PAY0002456,ORD0002456,2026-04-16 01:15:00,wallet,completed,2847.71
PAY0002457,ORD0002457,2026-02-09 20:02:00,wallet,completed,705.44
PAY0002458,ORD0002458,2026-03-06 00:42:00,wallet,completed,401.18
PAY0002459,ORD0002459,2026-04-07 02:22:00,wallet,completed,1873.78
PAY0002460,ORD0002460,2026-04-19 17:59:00,card,completed,936.33
PAY0002461,ORD0002461,2026-02-12 16:49:00,bank_transfer,completed,428.5
PAY0002462,ORD0002462,2026-04-08 13:29:00,bank_transfer,completed,1465.68
PAY0002463,ORD0002463,2026-03-19 18:26:00,wallet,completed,408.46
PAY0002464,ORD0002464,2026-03-04 23:12:00,card,completed,1462.86
PAY0002465,ORD0002465,2026-04-20 02:05:00,bank_transfer,completed,1662.7
PAY0002466,ORD0002466,2026-03-09 01:27:00,bank_transfer,failed,2758.91
PAY0002467,ORD0002467,2026-02-17 23:43:00,gift_card,completed,703.83
PAY0002468,ORD0002468,2026-03-25 21:10:00,card,completed,2123.01
PAY0002469,ORD0002469,2026-03-06 03:39:00,card,refunded,615.42
PAY0002470,ORD0002470,2026-01-26 19:41:00,gift_card,completed,1012.34
PAY0002471,ORD0002471,2026-03-28 03:49:00,gift_card,completed,414.34
PAY0002472,ORD0002472,2026-03-08 12:15:00,gift_card,completed,2931.85
PAY0002473,ORD0002473,2026-04-21 23:42:00,card,completed,561.93
PAY0002474,ORD0002474,2026-03-11 06:54:00,wallet,completed,1854.05
PAY0002475,ORD0002475,2026-03-23 11:58:00,bank_transfer,completed,645.74
PAY0002476,ORD0002476,2026-04-10 19:56:00,wallet,completed,1140.53
PAY0002477,ORD0002477,2026-02-14 11:06:00,gift_card,completed,496.14
PAY0002478,ORD0002478,2026-04-01 05:24:00,wallet,completed,1354.4
PAY0002479,ORD0002479,2026-02-08 19:30:00,card,completed,1399.71
PAY0002480,ORD0002480,2026-04-10 09:04:00,wallet,completed,49.7
PAY0002481,ORD0002481,2026-03-20 19:49:00,bank_transfer,completed,1594.6
PAY0002482,ORD0002482,2026-02-13 00:03:00,card,completed,2196.82
PAY0002483,ORD0002483,2026-04-05 14:32:00,card,completed,2741.04
PAY0002484,ORD0002484,2026-03-27 03:27:00,gift_card,completed,1438.77
PAY0002485,ORD0002485,2026-04-03 17:19:00,gift_card,completed,394.66
PAY0002486,ORD0002486,2026-02-08 21:48:00,wallet,completed,1262.64
PAY0002487,ORD0002487,2026-03-20 18:31:00,card,completed,684.03
PAY0002488,ORD0002488,2026-03-29 07:58:00,card,completed,772.2
PAY0002489,ORD0002489,2026-03-03 00:51:00,bank_transfer,completed,836.32
PAY0002490,ORD0002490,2026-02-06 13:23:00,wallet,completed,1318.52
PAY0002491,ORD0002491,2026-02-01 18:37:00,gift_card,completed,2593.01
PAY0002492,ORD0002492,2026-04-01 07:11:00,card,completed,869.12
PAY0002493,ORD0002493,2026-02-24 19:16:00,bank_transfer,completed,909.42
PAY0002494,ORD0002494,2026-03-10 14:12:00,bank_transfer,completed,1909.84
PAY0002495,ORD0002495,2026-02-08 23:55:00,bank_transfer,completed,973.19
PAY0002496,ORD0002496,2026-03-24 01:23:00,wallet,completed,1046.34
PAY0002497,ORD0002497,2026-01-27 21:29:00,card,completed,508.88
PAY0002498,ORD0002498,2026-04-22 14:37:00,gift_card,completed,763.91
PAY0002499,ORD0002499,2026-04-07 05:27:00,bank_transfer,completed,551.91
PAY0002500,ORD0002500,2026-03-30 11:37:00,gift_card,completed,303.49
PAY0002501,ORD0002501,2026-02-19 12:54:00,card,refunded,259.27
PAY0002502,ORD0002502,2026-03-23 07:01:00,bank_transfer,completed,1127.53
PAY0002503,ORD0002503,2026-04-05 17:12:00,wallet,completed,1149.6
PAY0002504,ORD0002504,2026-03-14 05:27:00,bank_transfer,completed,222.42
PAY0002505,ORD0002505,2026-03-11 01:15:00,gift_card,completed,258.7
PAY0002506,ORD0002506,2026-03-19 22:30:00,bank_transfer,failed,759.99
PAY0002507,ORD0002507,2026-02-02 13:20:00,wallet,failed,625.36
PAY0002508,ORD0002508,2026-02-22 10:50:00,wallet,completed,1154.65
PAY0002509,ORD0002509,2026-03-16 01:17:00,wallet,completed,1120.24
PAY0002510,ORD0002510,2026-02-18 00:18:00,wallet,completed,932.44
PAY0002511,ORD0002511,2026-04-16 02:23:00,gift_card,completed,508.1
PAY0002512,ORD0002512,2026-03-13 10:28:00,wallet,completed,380.49
PAY0002513,ORD0002513,2026-03-14 16:11:00,gift_card,completed,2632.88
PAY0002514,ORD0002514,2026-04-08 15:48:00,card,completed,633.75
PAY0002515,ORD0002515,2026-02-15 12:01:00,gift_card,completed,860.64
PAY0002516,ORD0002516,2026-01-24 07:32:00,bank_transfer,completed,1268.69
PAY0002517,ORD0002517,2026-02-19 22:08:00,card,completed,869.42
PAY0002518,ORD0002518,2026-02-14 11:18:00,card,completed,662.56
PAY0002519,ORD0002519,2026-04-10 14:32:00,bank_transfer,completed,771.34
PAY0002520,ORD0002520,2026-03-03 20:01:00,gift_card,completed,435.64
PAY0002521,ORD0002521,2026-02-27 07:18:00,wallet,completed,901.51
PAY0002522,ORD0002522,2026-03-24 09:21:00,gift_card,completed,705.11
PAY0002523,ORD0002523,2026-03-12 10:30:00,wallet,completed,1756.15
PAY0002524,ORD0002524,2026-03-08 21:46:00,card,completed,93.11
PAY0002525,ORD0002525,2026-03-15 12:41:00,gift_card,completed,2661.0
PAY0002526,ORD0002526,2026-02-09 07:42:00,gift_card,refunded,2552.32
PAY0002527,ORD0002527,2026-04-10 17:03:00,gift_card,completed,1419.76
PAY0002528,ORD0002528,2026-03-07 12:45:00,gift_card,completed,1812.23
PAY0002529,ORD0002529,2026-03-21 03:24:00,card,completed,545.37
PAY0002530,ORD0002530,2026-01-27 03:46:00,wallet,completed,625.36
PAY0002531,ORD0002531,2026-02-14 05:04:00,gift_card,completed,1633.59
PAY0002532,ORD0002532,2026-04-14 15:06:00,gift_card,completed,1114.07
PAY0002533,ORD0002533,2026-02-28 09:28:00,card,completed,772.2
PAY0002534,ORD0002534,2026-04-21 22:40:00,card,completed,2199.33
PAY0002535,ORD0002535,2026-02-19 21:47:00,gift_card,completed,284.85
PAY0002536,ORD0002536,2026-03-13 19:15:00,bank_transfer,completed,766.3
PAY0002537,ORD0002537,2026-04-19 17:21:00,wallet,completed,129.08
PAY0002538,ORD0002538,2026-01-26 13:49:00,wallet,completed,326.62
PAY0002539,ORD0002539,2026-03-23 22:59:00,gift_card,refunded,646.64
PAY0002540,ORD0002540,2026-02-20 09:13:00,gift_card,completed,919.97
PAY0002541,ORD0002541,2026-03-17 15:15:00,card,completed,2278.85
PAY0002542,ORD0002542,2026-02-13 01:10:00,bank_transfer,completed,496.34
PAY0002543,ORD0002543,2026-02-13 01:02:00,bank_transfer,completed,864.7
PAY0002544,ORD0002544,2026-02-15 00:59:00,gift_card,completed,344.86
PAY0002545,ORD0002545,2026-03-04 02:58:00,gift_card,completed,1546.68
PAY0002546,ORD0002546,2026-04-20 09:35:00,bank_transfer,completed,453.3
PAY0002547,ORD0002547,2026-03-03 23:25:00,card,failed,1732.44
PAY0002548,ORD0002548,2026-01-31 06:49:00,bank_transfer,completed,3008.31
PAY0002549,ORD0002549,2026-01-31 01:41:00,wallet,refunded,1626.66
PAY0002550,ORD0002550,2026-02-20 03:46:00,bank_transfer,completed,1606.92
PAY0002551,ORD0002551,2026-01-26 23:01:00,card,completed,1910.16
PAY0002552,ORD0002552,2026-01-26 18:08:00,bank_transfer,completed,567.68
PAY0002553,ORD0002553,2026-02-28 12:06:00,gift_card,completed,159.94
PAY0002554,ORD0002554,2026-03-16 03:17:00,bank_transfer,completed,1112.62
PAY0002555,ORD0002555,2026-02-02 03:33:00,wallet,completed,1845.27
PAY0002556,ORD0002556,2026-01-27 03:46:00,bank_transfer,completed,59.55
PAY0002557,ORD0002557,2026-04-17 09:35:00,gift_card,completed,78.42
PAY0002558,ORD0002558,2026-03-04 05:08:00,gift_card,completed,2369.5
PAY0002559,ORD0002559,2026-02-13 23:09:00,card,completed,1975.39
PAY0002560,ORD0002560,2026-02-25 19:51:00,card,failed,1135.95
PAY0002561,ORD0002561,2026-04-17 18:23:00,gift_card,completed,1542.0
PAY0002562,ORD0002562,2026-04-02 01:17:00,card,completed,697.6
PAY0002563,ORD0002563,2026-04-04 19:52:00,bank_transfer,completed,612.17
PAY0002564,ORD0002564,2026-02-25 13:11:00,wallet,completed,335.54
PAY0002565,ORD0002565,2026-02-03 02:30:00,gift_card,completed,1506.18
PAY0002566,ORD0002566,2026-02-15 03:55:00,wallet,completed,326.57
PAY0002567,ORD0002567,2026-03-26 19:45:00,wallet,completed,1754.13
PAY0002568,ORD0002568,2026-04-20 16:03:00,wallet,completed,874.5
PAY0002569,ORD0002569,2026-03-12 17:33:00,wallet,completed,585.49
PAY0002570,ORD0002570,2026-04-15 16:20:00,gift_card,completed,976.06
PAY0002571,ORD0002571,2026-04-02 06:13:00,bank_transfer,completed,1705.94
PAY0002572,ORD0002572,2026-04-10 10:23:00,bank_transfer,completed,1000.14
PAY0002573,ORD0002573,2026-04-04 21:29:00,gift_card,completed,610.4
PAY0002574,ORD0002574,2026-02-09 19:55:00,bank_transfer,refunded,3145.84
PAY0002575,ORD0002575,2026-01-27 23:30:00,gift_card,completed,706.41
PAY0002576,ORD0002576,2026-04-03 11:50:00,card,completed,1578.59
PAY0002577,ORD0002577,2026-03-03 12:35:00,bank_transfer,completed,496.34
PAY0002578,ORD0002578,2026-02-03 12:34:00,gift_card,completed,2436.93
PAY0002579,ORD0002579,2026-03-26 21:24:00,gift_card,completed,1977.35
PAY0002580,ORD0002580,2026-04-04 11:39:00,card,completed,1255.65
PAY0002581,ORD0002581,2026-04-04 19:54:00,card,completed,1580.1
PAY0002582,ORD0002582,2026-04-12 16:18:00,card,completed,609.64
PAY0002583,ORD0002583,2026-03-05 21:58:00,wallet,completed,2995.64
PAY0002584,ORD0002584,2026-03-14 17:29:00,gift_card,completed,1873.92
PAY0002585,ORD0002585,2026-04-02 01:24:00,wallet,completed,1200.98
PAY0002586,ORD0002586,2026-01-28 07:55:00,card,completed,759.36
PAY0002587,ORD0002587,2026-04-15 00:42:00,gift_card,completed,643.46
PAY0002588,ORD0002588,2026-02-02 07:51:00,bank_transfer,completed,423.81
PAY0002589,ORD0002589,2026-03-31 13:59:00,card,completed,235.15
PAY0002590,ORD0002590,2026-03-11 03:44:00,gift_card,completed,1194.51
PAY0002591,ORD0002591,2026-03-30 03:53:00,card,completed,1102.76
PAY0002592,ORD0002592,2026-02-27 23:50:00,wallet,completed,1928.14
PAY0002593,ORD0002593,2026-02-28 04:04:00,bank_transfer,completed,1487.59
PAY0002594,ORD0002594,2026-04-18 01:22:00,card,completed,431.63
PAY0002595,ORD0002595,2026-02-14 11:48:00,wallet,completed,88.61
PAY0002596,ORD0002596,2026-01-30 15:01:00,card,completed,1755.48
PAY0002597,ORD0002597,2026-01-31 05:43:00,gift_card,completed,1369.68
PAY0002598,ORD0002598,2026-01-27 00:55:00,card,completed,827.01
PAY0002599,ORD0002599,2026-02-04 07:25:00,bank_transfer,completed,1953.17
PAY0002600,ORD0002600,2026-01-24 19:48:00,wallet,completed,445.32
PAY0002601,ORD0002601,2026-02-06 11:25:00,bank_transfer,failed,294.97
PAY0002602,ORD0002602,2026-02-11 06:13:00,wallet,completed,1249.5
PAY0002603,ORD0002603,2026-04-23 20:14:00,bank_transfer,completed,620.36
PAY0002604,ORD0002604,2026-03-04 03:48:00,wallet,completed,753.16
PAY0002605,ORD0002605,2026-03-22 10:31:00,wallet,completed,471.99
PAY0002606,ORD0002606,2026-02-17 13:08:00,bank_transfer,completed,1863.03
PAY0002607,ORD0002607,2026-02-03 07:57:00,gift_card,completed,1526.36
PAY0002608,ORD0002608,2026-02-23 21:16:00,card,completed,2460.48
PAY0002609,ORD0002609,2026-03-13 21:43:00,card,completed,491.76
PAY0002610,ORD0002610,2026-03-28 17:10:00,gift_card,completed,1870.8
PAY0002611,ORD0002611,2026-03-30 03:53:00,wallet,completed,1067.82
PAY0002612,ORD0002612,2026-03-13 03:15:00,bank_transfer,completed,1414.79
PAY0002613,ORD0002613,2026-04-12 14:05:00,wallet,completed,1635.7
PAY0002614,ORD0002614,2026-04-03 11:31:00,card,refunded,1132.49
PAY0002615,ORD0002615,2026-02-20 18:11:00,bank_transfer,completed,2109.27
PAY0002616,ORD0002616,2026-02-21 01:15:00,wallet,completed,1958.41
PAY0002617,ORD0002617,2026-04-21 12:11:00,wallet,completed,2013.99
PAY0002618,ORD0002618,2026-04-05 06:26:00,wallet,completed,1715.09
PAY0002619,ORD0002619,2026-02-21 14:09:00,gift_card,completed,2256.26
PAY0002620,ORD0002620,2026-03-07 04:14:00,gift_card,completed,958.71
PAY0002621,ORD0002621,2026-01-30 15:06:00,gift_card,completed,2754.07
PAY0002622,ORD0002622,2026-03-27 13:26:00,card,completed,941.39
PAY0002623,ORD0002623,2026-02-16 14:43:00,wallet,completed,361.42
PAY0002624,ORD0002624,2026-03-31 04:03:00,bank_transfer,completed,2680.38
PAY0002625,ORD0002625,2026-02-24 20:31:00,gift_card,completed,1252.55
PAY0002626,ORD0002626,2026-03-26 05:07:00,bank_transfer,completed,1688.02
PAY0002627,ORD0002627,2026-03-02 17:52:00,card,completed,1789.45
PAY0002628,ORD0002628,2026-02-18 15:40:00,card,completed,771.42
PAY0002629,ORD0002629,2026-02-06 22:36:00,card,completed,342.56
PAY0002630,ORD0002630,2026-04-16 16:32:00,card,completed,368.5
PAY0002631,ORD0002631,2026-02-11 20:29:00,wallet,refunded,331.28
PAY0002632,ORD0002632,2026-04-21 04:25:00,wallet,completed,1918.71
PAY0002633,ORD0002633,2026-04-13 23:39:00,gift_card,completed,1801.04
PAY0002634,ORD0002634,2026-01-26 01:04:00,bank_transfer,completed,662.07
PAY0002635,ORD0002635,2026-03-27 17:21:00,gift_card,refunded,1673.0
PAY0002636,ORD0002636,2026-03-21 01:04:00,wallet,completed,2110.34
PAY0002637,ORD0002637,2026-01-31 20:56:00,card,completed,990.79
PAY0002638,ORD0002638,2026-01-31 03:32:00,gift_card,completed,1312.47
PAY0002639,ORD0002639,2026-02-09 13:43:00,gift_card,completed,942.76
PAY0002640,ORD0002640,2026-03-26 08:15:00,gift_card,completed,1837.5
PAY0002641,ORD0002641,2026-04-11 08:31:00,wallet,completed,326.71
PAY0002642,ORD0002642,2026-02-23 15:42:00,gift_card,completed,1502.19
PAY0002643,ORD0002643,2026-03-19 12:08:00,bank_transfer,completed,921.26
PAY0002644,ORD0002644,2026-03-17 02:50:00,gift_card,completed,2590.91
PAY0002645,ORD0002645,2026-03-09 21:36:00,gift_card,completed,2709.94
PAY0002646,ORD0002646,2026-03-24 19:26:00,card,completed,1854.54
PAY0002647,ORD0002647,2026-03-29 18:24:00,gift_card,completed,368.31
PAY0002648,ORD0002648,2026-02-11 00:22:00,card,completed,1774.96
PAY0002649,ORD0002649,2026-03-03 07:28:00,card,completed,226.51
PAY0002650,ORD0002650,2026-02-12 13:40:00,wallet,completed,1814.42
PAY0002651,ORD0002651,2026-04-22 09:09:00,wallet,completed,1212.42
PAY0002652,ORD0002652,2026-04-09 06:02:00,bank_transfer,completed,432.65
PAY0002653,ORD0002653,2026-03-11 17:55:00,card,completed,949.16
PAY0002654,ORD0002654,2026-02-16 14:33:00,gift_card,completed,1492.8
PAY0002655,ORD0002655,2026-04-03 20:51:00,wallet,completed,825.15
PAY0002656,ORD0002656,2026-03-28 19:17:00,gift_card,completed,1598.78
PAY0002657,ORD0002657,2026-04-18 10:15:00,wallet,completed,1087.37
PAY0002658,ORD0002658,2026-02-25 21:30:00,bank_transfer,completed,739.39
PAY0002659,ORD0002659,2026-03-01 11:21:00,card,completed,1245.66
PAY0002660,ORD0002660,2026-03-30 11:19:00,gift_card,completed,1622.2
PAY0002661,ORD0002661,2026-03-18 20:14:00,wallet,completed,743.9
PAY0002662,ORD0002662,2026-03-20 01:23:00,card,completed,1335.66
PAY0002663,ORD0002663,2026-01-28 13:44:00,card,completed,1467.51
PAY0002664,ORD0002664,2026-03-18 14:58:00,gift_card,completed,614.34
PAY0002665,ORD0002665,2026-02-14 00:28:00,wallet,completed,1724.4
PAY0002666,ORD0002666,2026-01-30 13:43:00,gift_card,completed,3596.76
PAY0002667,ORD0002667,2026-03-26 11:16:00,card,completed,172.29
PAY0002668,ORD0002668,2026-03-02 16:15:00,bank_transfer,completed,1479.02
PAY0002669,ORD0002669,2026-03-02 11:29:00,wallet,completed,456.8
PAY0002670,ORD0002670,2026-04-18 00:21:00,wallet,completed,2305.68
PAY0002671,ORD0002671,2026-03-03 13:21:00,wallet,completed,1805.59
PAY0002672,ORD0002672,2026-03-13 12:27:00,card,completed,329.9
PAY0002673,ORD0002673,2026-03-30 11:25:00,card,completed,3435.38
PAY0002674,ORD0002674,2026-04-02 15:23:00,wallet,completed,2042.61
PAY0002675,ORD0002675,2026-01-30 22:30:00,gift_card,completed,2069.51
PAY0002676,ORD0002676,2026-04-19 06:27:00,card,completed,786.91
PAY0002677,ORD0002677,2026-02-25 00:42:00,gift_card,completed,1643.18
PAY0002678,ORD0002678,2026-03-17 18:02:00,card,completed,2081.24
PAY0002679,ORD0002679,2026-02-05 22:41:00,gift_card,completed,2732.3
PAY0002680,ORD0002680,2026-02-28 01:20:00,bank_transfer,completed,1871.56
PAY0002681,ORD0002681,2026-01-27 08:19:00,card,completed,1382.2
PAY0002682,ORD0002682,2026-03-30 09:53:00,bank_transfer,completed,762.87
PAY0002683,ORD0002683,2026-04-07 22:51:00,card,completed,1861.51
PAY0002684,ORD0002684,2026-02-28 04:50:00,gift_card,completed,965.19
PAY0002685,ORD0002685,2026-04-15 00:46:00,gift_card,completed,1657.47
PAY0002686,ORD0002686,2026-03-29 16:47:00,wallet,completed,1404.6
PAY0002687,ORD0002687,2026-02-10 15:18:00,bank_transfer,completed,3160.29
PAY0002688,ORD0002688,2026-04-03 21:21:00,gift_card,completed,251.76
PAY0002689,ORD0002689,2026-01-29 23:36:00,card,completed,385.26
PAY0002690,ORD0002690,2026-02-02 17:30:00,card,completed,1941.67
PAY0002691,ORD0002691,2026-03-30 01:04:00,gift_card,completed,402.98
PAY0002692,ORD0002692,2026-03-18 20:58:00,wallet,completed,385.26
PAY0002693,ORD0002693,2026-04-19 21:44:00,gift_card,refunded,403.54
PAY0002694,ORD0002694,2026-02-21 16:14:00,wallet,completed,1924.18
PAY0002695,ORD0002695,2026-03-03 13:21:00,card,completed,677.52
PAY0002696,ORD0002696,2026-04-21 07:25:00,card,completed,1288.9
PAY0002697,ORD0002697,2026-03-20 11:36:00,gift_card,completed,2762.68
PAY0002698,ORD0002698,2026-04-14 01:56:00,bank_transfer,completed,314.29
PAY0002699,ORD0002699,2026-03-17 02:08:00,bank_transfer,completed,1508.03
PAY0002700,ORD0002700,2026-03-14 23:25:00,card,completed,3783.54
PAY0002701,ORD0002701,2026-02-24 23:41:00,card,completed,2589.42
PAY0002702,ORD0002702,2026-04-19 04:16:00,card,completed,506.01
PAY0002703,ORD0002703,2026-02-02 17:59:00,gift_card,completed,275.74
PAY0002704,ORD0002704,2026-03-17 10:04:00,bank_transfer,completed,2310.25
PAY0002705,ORD0002705,2026-02-14 09:23:00,wallet,completed,830.61
PAY0002706,ORD0002706,2026-03-01 14:17:00,gift_card,completed,1900.14
PAY0002707,ORD0002707,2026-02-07 08:22:00,bank_transfer,completed,699.44
PAY0002708,ORD0002708,2026-04-16 15:58:00,gift_card,completed,1974.75
PAY0002709,ORD0002709,2026-03-10 07:10:00,bank_transfer,completed,937.44
PAY0002710,ORD0002710,2026-03-23 10:41:00,gift_card,completed,2269.76
PAY0002711,ORD0002711,2026-03-05 20:26:00,bank_transfer,completed,222.8
PAY0002712,ORD0002712,2026-03-11 09:30:00,gift_card,refunded,1401.98
PAY0002713,ORD0002713,2026-03-08 15:30:00,bank_transfer,completed,998.75
PAY0002714,ORD0002714,2026-03-08 00:05:00,card,completed,1390.23
PAY0002715,ORD0002715,2026-03-20 11:52:00,bank_transfer,completed,1373.13
PAY0002716,ORD0002716,2026-04-22 06:40:00,wallet,completed,2769.65
PAY0002717,ORD0002717,2026-02-20 22:57:00,card,completed,2070.2
PAY0002718,ORD0002718,2026-04-14 22:01:00,gift_card,completed,1273.87
PAY0002719,ORD0002719,2026-04-20 23:19:00,wallet,completed,2487.57
PAY0002720,ORD0002720,2026-04-03 23:44:00,wallet,completed,2083.41
PAY0002721,ORD0002721,2026-03-01 18:29:00,gift_card,completed,2615.06
PAY0002722,ORD0002722,2026-03-13 17:01:00,wallet,completed,1634.99
PAY0002723,ORD0002723,2026-02-22 19:50:00,gift_card,completed,60.55
PAY0002724,ORD0002724,2026-01-27 09:14:00,bank_transfer,completed,856.38
PAY0002725,ORD0002725,2026-01-30 21:36:00,card,completed,1499.57
PAY0002726,ORD0002726,2026-03-14 04:49:00,wallet,completed,1514.86
PAY0002727,ORD0002727,2026-04-23 14:53:00,card,completed,747.43
PAY0002728,ORD0002728,2026-03-15 00:05:00,wallet,completed,444.96
PAY0002729,ORD0002729,2026-02-02 09:48:00,card,completed,1425.83
PAY0002730,ORD0002730,2026-02-14 14:15:00,wallet,completed,694.08
PAY0002731,ORD0002731,2026-01-27 10:32:00,card,completed,227.64
PAY0002732,ORD0002732,2026-03-26 14:34:00,gift_card,completed,1451.28
PAY0002733,ORD0002733,2026-04-16 16:20:00,gift_card,completed,2527.88
PAY0002734,ORD0002734,2026-02-22 17:14:00,card,completed,72.58
PAY0002735,ORD0002735,2026-04-15 23:13:00,card,completed,1180.9
PAY0002736,ORD0002736,2026-03-30 12:48:00,wallet,completed,975.78
PAY0002737,ORD0002737,2026-01-28 22:57:00,gift_card,completed,1486.72
PAY0002738,ORD0002738,2026-02-10 06:35:00,wallet,completed,1008.2
PAY0002739,ORD0002739,2026-04-09 10:16:00,card,completed,52.1
PAY0002740,ORD0002740,2026-03-04 19:06:00,card,completed,1972.63
PAY0002741,ORD0002741,2026-03-05 00:24:00,bank_transfer,completed,1979.85
PAY0002742,ORD0002742,2026-01-30 19:02:00,gift_card,completed,995.27
PAY0002743,ORD0002743,2026-02-22 01:36:00,bank_transfer,completed,1074.66
PAY0002744,ORD0002744,2026-04-21 16:33:00,bank_transfer,completed,1078.56
PAY0002745,ORD0002745,2026-04-08 16:54:00,bank_transfer,completed,1476.61
PAY0002746,ORD0002746,2026-03-13 21:20:00,bank_transfer,completed,168.82
PAY0002747,ORD0002747,2026-03-17 09:11:00,wallet,completed,552.41
PAY0002748,ORD0002748,2026-02-21 04:32:00,gift_card,completed,230.65
PAY0002749,ORD0002749,2026-01-29 10:33:00,wallet,completed,1549.71
PAY0002750,ORD0002750,2026-03-23 16:29:00,card,completed,2072.58
PAY0002751,ORD0002751,2026-02-22 10:03:00,gift_card,completed,1552.87
PAY0002752,ORD0002752,2026-04-10 08:39:00,gift_card,completed,1134.24
PAY0002753,ORD0002753,2026-03-12 14:15:00,card,completed,2367.13
PAY0002754,ORD0002754,2026-02-17 03:47:00,bank_transfer,completed,981.15
PAY0002755,ORD0002755,2026-02-16 06:12:00,wallet,completed,1801.24
PAY0002756,ORD0002756,2026-01-25 13:43:00,wallet,completed,263.66
PAY0002757,ORD0002757,2026-04-03 16:28:00,gift_card,completed,463.49
PAY0002758,ORD0002758,2026-02-21 10:38:00,bank_transfer,completed,1023.41
PAY0002759,ORD0002759,2026-03-26 18:29:00,bank_transfer,completed,567.84
PAY0002760,ORD0002760,2026-02-16 07:35:00,card,completed,893.38
PAY0002761,ORD0002761,2026-02-20 08:07:00,bank_transfer,completed,96.38
PAY0002762,ORD0002762,2026-03-26 18:51:00,wallet,completed,529.14
PAY0002763,ORD0002763,2026-04-03 07:09:00,bank_transfer,completed,1123.89
PAY0002764,ORD0002764,2026-04-23 05:02:00,bank_transfer,completed,1913.97
PAY0002765,ORD0002765,2026-02-23 22:53:00,wallet,completed,1222.44
PAY0002766,ORD0002766,2026-04-11 00:28:00,wallet,completed,2187.98
PAY0002767,ORD0002767,2026-01-24 21:31:00,gift_card,completed,720.56
PAY0002768,ORD0002768,2026-04-16 07:19:00,card,completed,844.23
PAY0002769,ORD0002769,2026-03-29 11:13:00,card,completed,3456.88
PAY0002770,ORD0002770,2026-01-29 05:13:00,gift_card,completed,491.6
PAY0002771,ORD0002771,2026-02-25 02:38:00,wallet,completed,1409.67
PAY0002772,ORD0002772,2026-04-03 02:17:00,bank_transfer,completed,2143.41
PAY0002773,ORD0002773,2026-02-26 22:11:00,card,completed,532.22
PAY0002774,ORD0002774,2026-03-31 01:28:00,bank_transfer,completed,1054.85
PAY0002775,ORD0002775,2026-03-31 07:16:00,gift_card,refunded,444.44
PAY0002776,ORD0002776,2026-03-09 12:14:00,gift_card,completed,1364.22
PAY0002777,ORD0002777,2026-03-22 01:08:00,card,completed,253.35
PAY0002778,ORD0002778,2026-04-18 18:07:00,gift_card,completed,298.16
PAY0002779,ORD0002779,2026-02-21 09:43:00,wallet,completed,637.12
PAY0002780,ORD0002780,2026-03-14 08:48:00,bank_transfer,completed,864.05
PAY0002781,ORD0002781,2026-01-31 12:24:00,wallet,completed,1242.04
PAY0002782,ORD0002782,2026-02-20 04:33:00,card,completed,156.3
PAY0002783,ORD0002783,2026-01-26 16:39:00,gift_card,completed,689.89
PAY0002784,ORD0002784,2026-02-15 05:40:00,wallet,completed,2131.73
PAY0002785,ORD0002785,2026-04-07 07:12:00,wallet,completed,755.28
PAY0002786,ORD0002786,2026-01-25 03:37:00,gift_card,completed,1244.82
PAY0002787,ORD0002787,2026-01-27 16:31:00,gift_card,completed,2399.85
PAY0002788,ORD0002788,2026-02-26 06:27:00,wallet,completed,2195.1
PAY0002789,ORD0002789,2026-04-11 01:05:00,bank_transfer,completed,424.06
PAY0002790,ORD0002790,2026-01-24 09:35:00,wallet,completed,2140.28
PAY0002791,ORD0002791,2026-02-01 02:24:00,bank_transfer,completed,1427.07
PAY0002792,ORD0002792,2026-04-02 11:13:00,wallet,completed,522.59
PAY0002793,ORD0002793,2026-03-27 13:48:00,card,completed,1847.42
PAY0002794,ORD0002794,2026-02-04 19:40:00,wallet,completed,1275.03
PAY0002795,ORD0002795,2026-03-17 10:24:00,gift_card,completed,1049.54
PAY0002796,ORD0002796,2026-01-27 21:13:00,card,completed,1624.74
PAY0002797,ORD0002797,2026-02-08 19:54:00,bank_transfer,completed,693.66
PAY0002798,ORD0002798,2026-01-26 13:57:00,bank_transfer,completed,1125.45
PAY0002799,ORD0002799,2026-03-31 14:10:00,bank_transfer,completed,1318.68
PAY0002800,ORD0002800,2026-04-20 20:29:00,wallet,completed,1153.08
PAY0002801,ORD0002801,2026-02-18 17:55:00,card,completed,783.43
PAY0002802,ORD0002802,2026-02-17 22:04:00,bank_transfer,completed,1162.07
PAY0002803,ORD0002803,2026-03-08 07:48:00,wallet,completed,1364.71
PAY0002804,ORD0002804,2026-03-09 20:30:00,gift_card,failed,1078.11
PAY0002805,ORD0002805,2026-03-30 04:58:00,card,completed,1780.93
PAY0002806,ORD0002806,2026-02-28 05:17:00,gift_card,completed,376.73
PAY0002807,ORD0002807,2026-04-20 04:58:00,card,completed,971.12
PAY0002808,ORD0002808,2026-04-06 02:22:00,gift_card,completed,432.19
PAY0002809,ORD0002809,2026-03-05 11:34:00,wallet,failed,1422.06
PAY0002810,ORD0002810,2026-03-28 05:06:00,bank_transfer,completed,1868.48
PAY0002811,ORD0002811,2026-03-15 17:07:00,card,completed,286.54
PAY0002812,ORD0002812,2026-02-10 22:50:00,bank_transfer,completed,2599.39
PAY0002813,ORD0002813,2026-02-22 20:38:00,gift_card,completed,1048.8
PAY0002814,ORD0002814,2026-02-09 06:37:00,bank_transfer,completed,440.41
PAY0002815,ORD0002815,2026-03-30 17:22:00,bank_transfer,completed,1676.1
PAY0002816,ORD0002816,2026-04-12 08:34:00,bank_transfer,completed,752.78
PAY0002817,ORD0002817,2026-03-17 22:06:00,wallet,completed,1571.42
PAY0002818,ORD0002818,2026-02-13 22:42:00,wallet,completed,2048.22
PAY0002819,ORD0002819,2026-04-23 08:39:00,card,completed,2347.38
PAY0002820,ORD0002820,2026-04-07 02:35:00,bank_transfer,completed,2145.62
PAY0002821,ORD0002821,2026-03-25 04:33:00,card,completed,396.26
PAY0002822,ORD0002822,2026-02-26 09:43:00,gift_card,completed,448.54
PAY0002823,ORD0002823,2026-03-20 11:07:00,gift_card,completed,1049.07
PAY0002824,ORD0002824,2026-02-22 11:07:00,bank_transfer,completed,918.58
PAY0002825,ORD0002825,2026-04-21 19:59:00,gift_card,completed,3295.02
PAY0002826,ORD0002826,2026-04-03 02:11:00,wallet,completed,105.21
PAY0002827,ORD0002827,2026-04-15 02:23:00,gift_card,completed,306.03
PAY0002828,ORD0002828,2026-03-20 23:47:00,gift_card,completed,1803.72
PAY0002829,ORD0002829,2026-02-05 14:03:00,bank_transfer,completed,686.58
PAY0002830,ORD0002830,2026-04-06 15:31:00,wallet,completed,149.76
PAY0002831,ORD0002831,2026-04-22 19:09:00,wallet,completed,1459.47
PAY0002832,ORD0002832,2026-04-17 15:54:00,gift_card,completed,559.18
PAY0002833,ORD0002833,2026-02-23 07:12:00,wallet,completed,1592.08
PAY0002834,ORD0002834,2026-03-18 08:14:00,card,completed,2701.14
PAY0002835,ORD0002835,2026-02-02 03:41:00,bank_transfer,completed,38.48
PAY0002836,ORD0002836,2026-01-26 05:37:00,bank_transfer,completed,1086.19
PAY0002837,ORD0002837,2026-02-21 03:49:00,gift_card,completed,1674.88
PAY0002838,ORD0002838,2026-02-03 04:37:00,gift_card,completed,1401.47
PAY0002839,ORD0002839,2026-02-02 15:54:00,bank_transfer,completed,2846.89
PAY0002840,ORD0002840,2026-03-08 12:07:00,bank_transfer,completed,496.32
PAY0002841,ORD0002841,2026-02-28 00:07:00,bank_transfer,completed,758.47
PAY0002842,ORD0002842,2026-04-23 18:46:00,bank_transfer,refunded,304.26
PAY0002843,ORD0002843,2026-02-28 20:33:00,gift_card,completed,2051.68
PAY0002844,ORD0002844,2026-03-08 23:48:00,wallet,completed,1105.02
PAY0002845,ORD0002845,2026-02-24 15:59:00,wallet,completed,1220.92
PAY0002846,ORD0002846,2026-03-18 14:48:00,bank_transfer,completed,893.66
PAY0002847,ORD0002847,2026-02-23 15:11:00,gift_card,completed,1433.44
PAY0002848,ORD0002848,2026-03-23 03:24:00,card,completed,1170.62
PAY0002849,ORD0002849,2026-04-12 13:05:00,bank_transfer,completed,1143.09
PAY0002850,ORD0002850,2026-03-21 04:47:00,bank_transfer,completed,774.02
PAY0002851,ORD0002851,2026-03-02 04:33:00,bank_transfer,completed,1846.86
PAY0002852,ORD0002852,2026-04-21 03:01:00,gift_card,completed,888.37
PAY0002853,ORD0002853,2026-02-11 23:25:00,card,completed,443.11
PAY0002854,ORD0002854,2026-02-14 01:23:00,gift_card,completed,329.9
PAY0002855,ORD0002855,2026-02-26 02:59:00,gift_card,completed,3177.19
PAY0002856,ORD0002856,2026-02-03 18:39:00,card,completed,1058.7
PAY0002857,ORD0002857,2026-03-14 02:48:00,bank_transfer,completed,1528.79
PAY0002858,ORD0002858,2026-04-11 04:27:00,wallet,failed,844.14
PAY0002859,ORD0002859,2026-03-01 23:01:00,wallet,completed,813.56
PAY0002860,ORD0002860,2026-03-03 08:41:00,wallet,completed,428.13
PAY0002861,ORD0002861,2026-02-19 20:22:00,gift_card,completed,2673.64
PAY0002862,ORD0002862,2026-04-10 04:26:00,wallet,completed,385.26
PAY0002863,ORD0002863,2026-02-05 12:01:00,card,completed,3337.45
PAY0002864,ORD0002864,2026-03-31 21:15:00,bank_transfer,completed,401.58
PAY0002865,ORD0002865,2026-02-28 10:49:00,bank_transfer,completed,994.58
PAY0002866,ORD0002866,2026-01-24 23:21:00,card,completed,522.88
PAY0002867,ORD0002867,2026-03-08 13:42:00,gift_card,completed,368.5
PAY0002868,ORD0002868,2026-02-01 03:01:00,card,completed,462.87
PAY0002869,ORD0002869,2026-04-19 15:17:00,wallet,completed,1252.4
PAY0002870,ORD0002870,2026-03-20 07:15:00,bank_transfer,completed,65.06
PAY0002871,ORD0002871,2026-03-24 00:53:00,card,completed,1966.49
PAY0002872,ORD0002872,2026-03-05 22:06:00,card,completed,628.48
PAY0002873,ORD0002873,2026-04-04 13:32:00,card,failed,214.18
PAY0002874,ORD0002874,2026-04-12 23:08:00,wallet,completed,945.59
PAY0002875,ORD0002875,2026-02-27 16:55:00,bank_transfer,completed,2252.31
PAY0002876,ORD0002876,2026-02-23 18:12:00,gift_card,failed,1702.41
PAY0002877,ORD0002877,2026-03-06 04:38:00,wallet,completed,28.64
PAY0002878,ORD0002878,2026-02-21 12:57:00,gift_card,refunded,397.45
PAY0002879,ORD0002879,2026-03-20 10:17:00,gift_card,completed,1363.56
PAY0002880,ORD0002880,2026-04-01 07:17:00,bank_transfer,completed,490.73
PAY0002881,ORD0002881,2026-04-08 10:46:00,gift_card,failed,2333.23
PAY0002882,ORD0002882,2026-04-04 10:22:00,card,completed,114.74
PAY0002883,ORD0002883,2026-04-09 00:10:00,card,completed,1773.68
PAY0002884,ORD0002884,2026-03-02 08:20:00,bank_transfer,completed,1727.24
PAY0002885,ORD0002885,2026-03-19 08:34:00,wallet,completed,1298.09
PAY0002886,ORD0002886,2026-04-21 18:16:00,card,completed,2154.03
PAY0002887,ORD0002887,2026-04-08 05:35:00,wallet,completed,1710.86
PAY0002888,ORD0002888,2026-04-04 22:20:00,bank_transfer,completed,1211.22
PAY0002889,ORD0002889,2026-03-19 14:17:00,bank_transfer,completed,827.13
PAY0002890,ORD0002890,2026-03-21 00:58:00,wallet,completed,902.55
PAY0002891,ORD0002891,2026-02-27 00:26:00,card,completed,1668.68
PAY0002892,ORD0002892,2026-03-24 19:59:00,wallet,completed,2814.81
PAY0002893,ORD0002893,2026-01-29 21:15:00,bank_transfer,completed,583.11
PAY0002894,ORD0002894,2026-04-12 22:58:00,bank_transfer,completed,2402.23
PAY0002895,ORD0002895,2026-01-25 20:03:00,wallet,completed,1361.83
PAY0002896,ORD0002896,2026-04-11 18:18:00,gift_card,completed,1083.65
PAY0002897,ORD0002897,2026-03-04 19:02:00,card,completed,1889.29
PAY0002898,ORD0002898,2026-03-22 06:15:00,bank_transfer,completed,872.5
PAY0002899,ORD0002899,2026-02-07 15:43:00,gift_card,failed,741.61
PAY0002900,ORD0002900,2026-02-03 14:48:00,wallet,completed,966.58
PAY0002901,ORD0002901,2026-04-19 20:42:00,bank_transfer,completed,1893.31
PAY0002902,ORD0002902,2026-02-06 13:58:00,card,completed,741.03
PAY0002903,ORD0002903,2026-03-02 03:16:00,gift_card,completed,1169.51
PAY0002904,ORD0002904,2026-04-03 23:43:00,wallet,completed,459.95
PAY0002905,ORD0002905,2026-02-02 18:41:00,card,failed,1958.94
PAY0002906,ORD0002906,2026-03-07 07:53:00,bank_transfer,completed,450.11
PAY0002907,ORD0002907,2026-03-11 03:41:00,wallet,completed,652.85
PAY0002908,ORD0002908,2026-03-26 06:36:00,bank_transfer,completed,2278.45
PAY0002909,ORD0002909,2026-03-26 21:41:00,wallet,completed,385.16
PAY0002910,ORD0002910,2026-04-22 15:34:00,card,completed,617.16
PAY0002911,ORD0002911,2026-02-17 05:35:00,wallet,completed,2049.31
PAY0002912,ORD0002912,2026-02-20 00:13:00,card,completed,1998.2
PAY0002913,ORD0002913,2026-02-16 14:32:00,gift_card,completed,3733.97
PAY0002914,ORD0002914,2026-03-11 21:06:00,wallet,completed,1279.67
PAY0002915,ORD0002915,2026-03-21 18:25:00,bank_transfer,completed,1888.71
PAY0002916,ORD0002916,2026-04-15 12:17:00,card,completed,553.29
PAY0002917,ORD0002917,2026-03-05 12:30:00,card,completed,1508.96
PAY0002918,ORD0002918,2026-03-13 17:18:00,gift_card,completed,2485.71
PAY0002919,ORD0002919,2026-03-21 11:34:00,gift_card,completed,443.18
PAY0002920,ORD0002920,2026-02-01 12:26:00,wallet,completed,1754.03
PAY0002921,ORD0002921,2026-02-15 01:24:00,gift_card,failed,1312.28
PAY0002922,ORD0002922,2026-02-14 05:56:00,bank_transfer,completed,3077.72
PAY0002923,ORD0002923,2026-02-08 06:46:00,card,failed,474.02
PAY0002924,ORD0002924,2026-04-22 21:47:00,card,completed,254.45
PAY0002925,ORD0002925,2026-03-22 06:08:00,bank_transfer,completed,1146.13
PAY0002926,ORD0002926,2026-02-27 22:04:00,card,completed,877.47
PAY0002927,ORD0002927,2026-04-05 15:42:00,card,completed,2413.42
PAY0002928,ORD0002928,2026-03-13 16:55:00,gift_card,completed,1286.6
PAY0002929,ORD0002929,2026-02-27 20:25:00,gift_card,completed,954.56
PAY0002930,ORD0002930,2026-03-14 00:56:00,wallet,completed,1906.66
PAY0002931,ORD0002931,2026-03-07 12:54:00,bank_transfer,completed,646.05
PAY0002932,ORD0002932,2026-02-04 01:32:00,bank_transfer,completed,1334.24
PAY0002933,ORD0002933,2026-03-09 09:21:00,card,completed,1392.72
PAY0002934,ORD0002934,2026-04-07 20:04:00,wallet,completed,1922.43
PAY0002935,ORD0002935,2026-01-24 02:16:00,card,completed,969.75
PAY0002936,ORD0002936,2026-04-20 06:45:00,gift_card,completed,92.55
PAY0002937,ORD0002937,2026-02-18 21:28:00,wallet,completed,750.3
PAY0002938,ORD0002938,2026-01-30 07:11:00,gift_card,completed,641.61
PAY0002939,ORD0002939,2026-02-09 17:33:00,card,completed,1143.36
PAY0002940,ORD0002940,2026-04-04 06:48:00,bank_transfer,completed,2178.3
PAY0002941,ORD0002941,2026-04-19 21:59:00,bank_transfer,completed,1084.67
PAY0002942,ORD0002942,2026-02-07 23:50:00,bank_transfer,completed,1153.89
PAY0002943,ORD0002943,2026-04-03 12:42:00,card,completed,682.74
PAY0002944,ORD0002944,2026-01-31 07:11:00,card,completed,1129.17
PAY0002945,ORD0002945,2026-03-25 07:52:00,gift_card,completed,1578.66
PAY0002946,ORD0002946,2026-04-04 02:48:00,bank_transfer,completed,1918.58
PAY0002947,ORD0002947,2026-02-20 22:46:00,gift_card,completed,1296.33
PAY0002948,ORD0002948,2026-02-11 11:26:00,wallet,completed,2062.68
PAY0002949,ORD0002949,2026-04-19 00:24:00,gift_card,completed,2016.52
PAY0002950,ORD0002950,2026-02-15 18:26:00,gift_card,completed,505.57
PAY0002951,ORD0002951,2026-04-21 10:39:00,wallet,completed,1629.56
PAY0002952,ORD0002952,2026-03-25 16:07:00,gift_card,completed,1771.18
PAY0002953,ORD0002953,2026-02-05 21:14:00,gift_card,completed,889.04
PAY0002954,ORD0002954,2026-03-09 23:53:00,wallet,completed,3437.9
PAY0002955,ORD0002955,2026-04-07 08:51:00,bank_transfer,completed,2287.52
PAY0002956,ORD0002956,2026-02-10 00:39:00,wallet,completed,561.12
PAY0002957,ORD0002957,2026-02-25 13:13:00,card,completed,1045.48
PAY0002958,ORD0002958,2026-01-30 02:15:00,bank_transfer,completed,1159.61
PAY0002959,ORD0002959,2026-04-19 14:33:00,card,completed,665.27
PAY0002960,ORD0002960,2026-02-04 22:26:00,wallet,refunded,1666.77
PAY0002961,ORD0002961,2026-03-24 05:01:00,card,completed,1816.49
PAY0002962,ORD0002962,2026-03-01 17:26:00,gift_card,completed,189.17
PAY0002963,ORD0002963,2026-03-11 23:26:00,bank_transfer,completed,673.38
PAY0002964,ORD0002964,2026-03-28 19:15:00,bank_transfer,completed,1661.29
PAY0002965,ORD0002965,2026-03-12 11:55:00,wallet,completed,1594.01
PAY0002966,ORD0002966,2026-03-05 09:45:00,wallet,completed,2071.12
PAY0002967,ORD0002967,2026-03-10 08:50:00,gift_card,completed,613.56
PAY0002968,ORD0002968,2026-02-10 08:04:00,bank_transfer,completed,3381.22
PAY0002969,ORD0002969,2026-04-13 14:41:00,card,completed,1829.02
PAY0002970,ORD0002970,2026-04-11 17:34:00,card,completed,388.05
PAY0002971,ORD0002971,2026-03-26 12:47:00,bank_transfer,completed,1231.36
PAY0002972,ORD0002972,2026-03-11 19:52:00,bank_transfer,completed,979.04
PAY0002973,ORD0002973,2026-02-17 10:32:00,bank_transfer,completed,261.78
PAY0002974,ORD0002974,2026-04-19 11:45:00,card,completed,713.61
PAY0002975,ORD0002975,2026-02-03 21:23:00,card,completed,1259.95
PAY0002976,ORD0002976,2026-03-14 00:26:00,card,completed,1029.29
PAY0002977,ORD0002977,2026-02-02 10:41:00,bank_transfer,completed,365.9
PAY0002978,ORD0002978,2026-04-23 13:29:00,gift_card,completed,2083.52
PAY0002979,ORD0002979,2026-04-21 13:25:00,gift_card,completed,1387.17
PAY0002980,ORD0002980,2026-03-14 11:11:00,card,completed,2925.73
PAY0002981,ORD0002981,2026-02-07 15:19:00,gift_card,completed,1887.07
PAY0002982,ORD0002982,2026-03-25 03:10:00,wallet,completed,1421.23
PAY0002983,ORD0002983,2026-04-22 05:32:00,wallet,completed,762.7
PAY0002984,ORD0002984,2026-01-25 05:03:00,card,completed,1107.36
PAY0002985,ORD0002985,2026-03-09 18:12:00,gift_card,completed,440.29
PAY0002986,ORD0002986,2026-04-13 14:15:00,wallet,completed,2326.41
PAY0002987,ORD0002987,2026-02-01 03:07:00,gift_card,completed,1013.26
PAY0002988,ORD0002988,2026-03-08 00:56:00,wallet,completed,1043.28
PAY0002989,ORD0002989,2026-04-01 08:59:00,wallet,completed,108.72
PAY0002990,ORD0002990,2026-04-07 08:01:00,bank_transfer,completed,981.63
PAY0002991,ORD0002991,2026-01-31 06:46:00,gift_card,completed,999.74
PAY0002992,ORD0002992,2026-03-11 11:10:00,gift_card,completed,691.76
PAY0002993,ORD0002993,2026-03-07 17:12:00,gift_card,completed,1778.57
PAY0002994,ORD0002994,2026-02-07 18:21:00,card,completed,1015.5
PAY0002995,ORD0002995,2026-03-14 00:27:00,card,completed,2202.05
PAY0002996,ORD0002996,2026-03-09 14:58:00,wallet,completed,337.68
PAY0002997,ORD0002997,2026-04-10 20:02:00,gift_card,completed,2202.94
PAY0002998,ORD0002998,2026-02-10 03:20:00,card,completed,819.72
PAY0002999,ORD0002999,2026-03-28 09:08:00,gift_card,completed,1239.68
PAY0003000,ORD0003000,2026-04-03 01:50:00,card,completed,1095.4
PAY0003001,ORD0003001,2026-03-25 11:12:00,gift_card,completed,634.92
PAY0003002,ORD0003002,2026-02-13 08:15:00,bank_transfer,failed,2412.48
PAY0003003,ORD0003003,2026-02-13 16:06:00,card,completed,1030.1
PAY0003004,ORD0003004,2026-04-04 19:51:00,card,completed,152.32
PAY0003005,ORD0003005,2026-03-01 00:51:00,wallet,completed,1248.44
PAY0003006,ORD0003006,2026-03-15 04:34:00,gift_card,completed,1016.37
PAY0003007,ORD0003007,2026-04-06 11:22:00,bank_transfer,completed,1718.23
PAY0003008,ORD0003008,2026-02-28 21:10:00,wallet,completed,1597.35
PAY0003009,ORD0003009,2026-03-26 16:46:00,bank_transfer,completed,1379.53
PAY0003010,ORD0003010,2026-03-08 18:37:00,gift_card,completed,2386.3
PAY0003011,ORD0003011,2026-03-03 08:02:00,bank_transfer,completed,1785.47
PAY0003012,ORD0003012,2026-02-03 15:36:00,wallet,completed,1376.91
PAY0003013,ORD0003013,2026-03-19 09:47:00,wallet,completed,1190.94
PAY0003014,ORD0003014,2026-03-01 11:29:00,card,completed,887.04
PAY0003015,ORD0003015,2026-02-28 04:22:00,bank_transfer,completed,1802.84
PAY0003016,ORD0003016,2026-03-13 03:58:00,wallet,completed,538.17
PAY0003017,ORD0003017,2026-04-22 22:46:00,card,completed,1344.89
PAY0003018,ORD0003018,2026-02-28 07:55:00,card,completed,3328.61
PAY0003019,ORD0003019,2026-01-30 21:09:00,bank_transfer,refunded,1296.51
PAY0003020,ORD0003020,2026-03-12 12:34:00,wallet,refunded,819.42
PAY0003021,ORD0003021,2026-02-27 00:27:00,bank_transfer,completed,1239.42
PAY0003022,ORD0003022,2026-03-06 08:04:00,bank_transfer,completed,388.1
PAY0003023,ORD0003023,2026-03-20 17:10:00,wallet,completed,1434.36
PAY0003024,ORD0003024,2026-03-15 13:35:00,wallet,completed,438.86
PAY0003025,ORD0003025,2026-03-26 16:35:00,card,completed,1189.55
PAY0003026,ORD0003026,2026-03-11 14:04:00,card,completed,1519.13
PAY0003027,ORD0003027,2026-02-21 06:14:00,card,completed,252.78
PAY0003028,ORD0003028,2026-01-25 09:40:00,bank_transfer,completed,1901.98
PAY0003029,ORD0003029,2026-02-09 03:37:00,card,completed,593.7
PAY0003030,ORD0003030,2026-03-26 17:03:00,card,completed,1109.33
PAY0003031,ORD0003031,2026-02-22 14:27:00,gift_card,completed,1862.06
PAY0003032,ORD0003032,2026-02-09 16:08:00,card,completed,1333.32
PAY0003033,ORD0003033,2026-02-07 13:10:00,bank_transfer,completed,914.24
PAY0003034,ORD0003034,2026-01-25 02:12:00,gift_card,completed,597.68
PAY0003035,ORD0003035,2026-03-13 15:48:00,card,completed,1149.74
PAY0003036,ORD0003036,2026-03-20 07:30:00,gift_card,completed,1523.45
PAY0003037,ORD0003037,2026-03-14 00:11:00,wallet,completed,1133.84
PAY0003038,ORD0003038,2026-03-19 07:53:00,gift_card,completed,889.18
PAY0003039,ORD0003039,2026-02-28 23:33:00,gift_card,failed,749.32
PAY0003040,ORD0003040,2026-02-07 23:28:00,bank_transfer,completed,124.62
PAY0003041,ORD0003041,2026-04-15 08:45:00,wallet,completed,852.78
PAY0003042,ORD0003042,2026-03-20 01:52:00,bank_transfer,completed,2052.49
PAY0003043,ORD0003043,2026-02-20 16:42:00,gift_card,completed,807.44
PAY0003044,ORD0003044,2026-01-25 05:04:00,bank_transfer,completed,1078.59
PAY0003045,ORD0003045,2026-03-25 07:17:00,gift_card,completed,1179.46
PAY0003046,ORD0003046,2026-04-03 08:41:00,card,completed,1111.7
PAY0003047,ORD0003047,2026-02-22 05:55:00,bank_transfer,refunded,1641.09
PAY0003048,ORD0003048,2026-03-12 05:26:00,gift_card,completed,2491.27
PAY0003049,ORD0003049,2026-01-24 21:53:00,wallet,completed,566.0
PAY0003050,ORD0003050,2026-02-05 11:09:00,gift_card,completed,1238.59
PAY0003051,ORD0003051,2026-03-22 04:06:00,bank_transfer,completed,72.49
PAY0003052,ORD0003052,2026-02-28 17:40:00,bank_transfer,failed,1278.95
PAY0003053,ORD0003053,2026-04-01 23:26:00,bank_transfer,completed,2107.03
PAY0003054,ORD0003054,2026-03-11 03:12:00,gift_card,completed,866.12
PAY0003055,ORD0003055,2026-02-26 00:18:00,wallet,completed,1388.07
PAY0003056,ORD0003056,2026-01-31 18:31:00,card,failed,853.73
PAY0003057,ORD0003057,2026-03-07 20:33:00,gift_card,completed,638.72
PAY0003058,ORD0003058,2026-01-27 13:04:00,bank_transfer,completed,1284.05
PAY0003059,ORD0003059,2026-02-07 15:23:00,bank_transfer,completed,1313.63
PAY0003060,ORD0003060,2026-03-27 05:21:00,card,completed,770.42
PAY0003061,ORD0003061,2026-02-04 21:54:00,wallet,completed,1028.49
PAY0003062,ORD0003062,2026-02-17 06:31:00,wallet,completed,2662.81
PAY0003063,ORD0003063,2026-04-14 10:21:00,bank_transfer,completed,1442.89
PAY0003064,ORD0003064,2026-03-13 22:42:00,card,completed,579.82
PAY0003065,ORD0003065,2026-04-01 10:42:00,bank_transfer,completed,143.72
PAY0003066,ORD0003066,2026-04-15 11:09:00,card,completed,1094.82
PAY0003067,ORD0003067,2026-04-19 04:05:00,card,completed,1584.67
PAY0003068,ORD0003068,2026-02-07 22:16:00,wallet,completed,3283.02
PAY0003069,ORD0003069,2026-03-06 00:17:00,gift_card,completed,470.3
PAY0003070,ORD0003070,2026-02-25 21:06:00,wallet,completed,1517.19
PAY0003071,ORD0003071,2026-02-24 12:55:00,gift_card,completed,1007.39
PAY0003072,ORD0003072,2026-03-19 06:16:00,gift_card,completed,2310.13
PAY0003073,ORD0003073,2026-04-16 06:16:00,card,completed,2365.87
PAY0003074,ORD0003074,2026-03-06 01:52:00,gift_card,completed,2164.28
PAY0003075,ORD0003075,2026-04-09 11:05:00,card,completed,1401.15
PAY0003076,ORD0003076,2026-01-24 14:05:00,card,completed,917.61
PAY0003077,ORD0003077,2026-03-20 03:17:00,wallet,completed,925.68
PAY0003078,ORD0003078,2026-02-25 00:27:00,bank_transfer,completed,2495.21
PAY0003079,ORD0003079,2026-04-10 09:39:00,bank_transfer,completed,2229.58
PAY0003080,ORD0003080,2026-02-06 16:29:00,card,completed,143.72
PAY0003081,ORD0003081,2026-03-14 15:28:00,bank_transfer,completed,779.64
PAY0003082,ORD0003082,2026-02-10 02:25:00,wallet,completed,2068.5
PAY0003083,ORD0003083,2026-03-09 13:27:00,gift_card,completed,50.31
PAY0003084,ORD0003084,2026-03-05 17:05:00,card,completed,437.25
PAY0003085,ORD0003085,2026-03-26 13:53:00,gift_card,completed,1532.89
PAY0003086,ORD0003086,2026-03-22 08:23:00,bank_transfer,completed,1091.25
PAY0003087,ORD0003087,2026-03-12 07:49:00,gift_card,completed,1171.98
PAY0003088,ORD0003088,2026-03-30 02:38:00,gift_card,completed,501.65
PAY0003089,ORD0003089,2026-01-24 03:50:00,card,completed,1053.76
PAY0003090,ORD0003090,2026-02-10 15:42:00,gift_card,completed,3026.44
PAY0003091,ORD0003091,2026-03-01 04:43:00,gift_card,completed,1349.36
PAY0003092,ORD0003092,2026-03-14 05:51:00,gift_card,completed,1431.29
PAY0003093,ORD0003093,2026-03-31 04:26:00,bank_transfer,completed,1311.87
PAY0003094,ORD0003094,2026-01-25 04:46:00,bank_transfer,completed,785.85
PAY0003095,ORD0003095,2026-04-15 15:31:00,card,completed,279.15
PAY0003096,ORD0003096,2026-02-18 19:26:00,gift_card,completed,228.01
PAY0003097,ORD0003097,2026-03-08 07:50:00,wallet,completed,390.85
PAY0003098,ORD0003098,2026-04-07 21:51:00,card,completed,353.2
PAY0003099,ORD0003099,2026-03-13 05:09:00,wallet,completed,912.73
PAY0003100,ORD0003100,2026-01-27 08:56:00,bank_transfer,completed,376.39
PAY0003101,ORD0003101,2026-04-02 11:59:00,bank_transfer,completed,1193.32
PAY0003102,ORD0003102,2026-02-07 19:10:00,bank_transfer,completed,2483.73
PAY0003103,ORD0003103,2026-03-26 04:52:00,gift_card,completed,3347.19
PAY0003104,ORD0003104,2026-04-21 01:38:00,bank_transfer,completed,2129.9
PAY0003105,ORD0003105,2026-03-30 20:10:00,gift_card,completed,2332.17
PAY0003106,ORD0003106,2026-03-25 16:08:00,bank_transfer,completed,107.09
PAY0003107,ORD0003107,2026-01-30 03:34:00,gift_card,completed,30.85
PAY0003108,ORD0003108,2026-04-01 14:55:00,bank_transfer,completed,1270.42
PAY0003109,ORD0003109,2026-04-21 05:52:00,bank_transfer,completed,899.42
PAY0003110,ORD0003110,2026-02-14 14:35:00,card,failed,693.38
PAY0003111,ORD0003111,2026-04-10 17:39:00,wallet,completed,731.81
PAY0003112,ORD0003112,2026-04-15 03:50:00,gift_card,completed,1295.31
PAY0003113,ORD0003113,2026-03-28 13:04:00,card,completed,1528.59
PAY0003114,ORD0003114,2026-01-24 14:16:00,bank_transfer,completed,1803.05
PAY0003115,ORD0003115,2026-04-20 15:47:00,bank_transfer,completed,2230.82
PAY0003116,ORD0003116,2026-03-24 06:22:00,bank_transfer,completed,107.09
PAY0003117,ORD0003117,2026-02-09 00:51:00,bank_transfer,completed,1997.03
PAY0003118,ORD0003118,2026-04-01 08:26:00,gift_card,completed,847.62
PAY0003119,ORD0003119,2026-03-22 16:31:00,card,completed,200.26
PAY0003120,ORD0003120,2026-02-19 17:50:00,wallet,completed,966.9
PAY0003121,ORD0003121,2026-04-08 10:20:00,card,completed,952.27
PAY0003122,ORD0003122,2026-04-23 02:17:00,wallet,completed,199.98
PAY0003123,ORD0003123,2026-03-24 23:13:00,wallet,completed,1318.42
PAY0003124,ORD0003124,2026-03-25 20:50:00,bank_transfer,completed,2406.0
PAY0003125,ORD0003125,2026-02-13 14:21:00,gift_card,completed,33.48
PAY0003126,ORD0003126,2026-03-30 10:19:00,gift_card,completed,1169.97
PAY0003127,ORD0003127,2026-04-18 16:13:00,wallet,completed,485.93
PAY0003128,ORD0003128,2026-04-17 02:43:00,gift_card,completed,1620.47
PAY0003129,ORD0003129,2026-03-04 14:34:00,gift_card,completed,494.8
PAY0003130,ORD0003130,2026-04-23 21:36:00,card,completed,430.62
PAY0003131,ORD0003131,2026-04-15 16:17:00,bank_transfer,completed,2686.31
PAY0003132,ORD0003132,2026-02-13 03:08:00,wallet,completed,2175.92
PAY0003133,ORD0003133,2026-03-20 14:27:00,bank_transfer,completed,1306.93
PAY0003134,ORD0003134,2026-04-02 23:43:00,bank_transfer,completed,568.92
PAY0003135,ORD0003135,2026-02-07 11:55:00,wallet,completed,3103.34
PAY0003136,ORD0003136,2026-02-07 07:02:00,gift_card,completed,309.47
PAY0003137,ORD0003137,2026-03-05 10:07:00,bank_transfer,completed,600.9
PAY0003138,ORD0003138,2026-02-09 04:11:00,wallet,completed,618.36
PAY0003139,ORD0003139,2026-03-07 14:40:00,card,completed,1773.24
PAY0003140,ORD0003140,2026-04-12 16:59:00,wallet,completed,2184.02
PAY0003141,ORD0003141,2026-03-16 11:32:00,bank_transfer,refunded,1849.37
PAY0003142,ORD0003142,2026-01-30 03:52:00,bank_transfer,completed,677.81
PAY0003143,ORD0003143,2026-03-03 04:10:00,gift_card,completed,3323.66
PAY0003144,ORD0003144,2026-04-21 17:44:00,gift_card,completed,2800.95
PAY0003145,ORD0003145,2026-03-24 13:07:00,wallet,completed,1638.35
PAY0003146,ORD0003146,2026-03-28 08:48:00,bank_transfer,completed,1805.71
PAY0003147,ORD0003147,2026-02-03 20:07:00,bank_transfer,completed,708.39
PAY0003148,ORD0003148,2026-03-06 12:47:00,bank_transfer,completed,258.78
PAY0003149,ORD0003149,2026-04-14 16:57:00,gift_card,completed,519.84
PAY0003150,ORD0003150,2026-03-29 02:16:00,wallet,refunded,2252.09
PAY0003151,ORD0003151,2026-02-03 12:29:00,card,completed,2268.8
PAY0003152,ORD0003152,2026-02-28 23:37:00,gift_card,completed,784.32
PAY0003153,ORD0003153,2026-04-05 07:29:00,bank_transfer,completed,1851.31
PAY0003154,ORD0003154,2026-04-08 21:56:00,card,completed,1496.01
PAY0003155,ORD0003155,2026-03-03 18:24:00,card,completed,1867.9
PAY0003156,ORD0003156,2026-03-17 00:51:00,card,completed,2368.04
PAY0003157,ORD0003157,2026-01-30 22:56:00,bank_transfer,completed,1121.3
PAY0003158,ORD0003158,2026-03-21 17:11:00,gift_card,completed,1101.54
PAY0003159,ORD0003159,2026-02-02 15:50:00,card,completed,1751.94
PAY0003160,ORD0003160,2026-04-14 19:58:00,wallet,completed,2910.21
PAY0003161,ORD0003161,2026-03-19 01:11:00,gift_card,completed,3747.07
PAY0003162,ORD0003162,2026-03-01 14:47:00,wallet,completed,291.06
PAY0003163,ORD0003163,2026-03-21 23:49:00,wallet,completed,2177.15
PAY0003164,ORD0003164,2026-01-29 03:57:00,bank_transfer,completed,174.06
PAY0003165,ORD0003165,2026-03-13 01:24:00,gift_card,completed,602.81
PAY0003166,ORD0003166,2026-01-31 03:57:00,card,completed,988.44
PAY0003167,ORD0003167,2026-04-07 20:06:00,gift_card,completed,1106.47
PAY0003168,ORD0003168,2026-02-23 02:03:00,card,completed,2271.27
PAY0003169,ORD0003169,2026-03-08 03:46:00,gift_card,completed,1555.22
PAY0003170,ORD0003170,2026-03-06 19:08:00,wallet,completed,474.02
PAY0003171,ORD0003171,2026-04-01 10:04:00,gift_card,refunded,1733.29
PAY0003172,ORD0003172,2026-03-20 14:20:00,wallet,completed,1913.58
PAY0003173,ORD0003173,2026-02-06 18:59:00,bank_transfer,completed,216.3
PAY0003174,ORD0003174,2026-04-08 22:26:00,bank_transfer,completed,1133.12
PAY0003175,ORD0003175,2026-02-21 22:23:00,wallet,completed,2336.61
PAY0003176,ORD0003176,2026-02-08 00:15:00,bank_transfer,completed,1194.09
PAY0003177,ORD0003177,2026-01-26 19:11:00,card,completed,510.31
PAY0003178,ORD0003178,2026-01-26 04:13:00,card,completed,63.62
PAY0003179,ORD0003179,2026-03-17 06:36:00,card,completed,1162.51
PAY0003180,ORD0003180,2026-03-22 05:44:00,wallet,completed,154.4
PAY0003181,ORD0003181,2026-03-15 13:29:00,gift_card,completed,1924.63
PAY0003182,ORD0003182,2026-03-27 04:55:00,bank_transfer,completed,1451.38
PAY0003183,ORD0003183,2026-04-12 05:14:00,bank_transfer,completed,908.1
PAY0003184,ORD0003184,2026-02-24 23:42:00,card,completed,643.73
PAY0003185,ORD0003185,2026-03-25 07:50:00,gift_card,completed,1263.25
PAY0003186,ORD0003186,2026-04-13 12:01:00,gift_card,completed,1252.24
PAY0003187,ORD0003187,2026-02-07 05:34:00,wallet,completed,2278.73
PAY0003188,ORD0003188,2026-03-11 16:13:00,wallet,completed,904.59
PAY0003189,ORD0003189,2026-01-29 05:10:00,bank_transfer,completed,1229.24
PAY0003190,ORD0003190,2026-04-23 03:22:00,gift_card,completed,754.68
PAY0003191,ORD0003191,2026-03-24 12:02:00,card,completed,466.43
PAY0003192,ORD0003192,2026-02-28 17:43:00,card,completed,1727.9
PAY0003193,ORD0003193,2026-04-04 22:27:00,gift_card,completed,995.84
PAY0003194,ORD0003194,2026-04-21 04:59:00,card,completed,412.19
PAY0003195,ORD0003195,2026-04-09 23:53:00,wallet,completed,2429.96
PAY0003196,ORD0003196,2026-02-11 05:37:00,wallet,completed,223.5
PAY0003197,ORD0003197,2026-04-10 20:57:00,wallet,completed,1202.36
PAY0003198,ORD0003198,2026-03-06 12:51:00,wallet,completed,314.29
PAY0003199,ORD0003199,2026-03-03 20:39:00,wallet,completed,694.23
PAY0003200,ORD0003200,2026-04-04 03:15:00,gift_card,completed,1297.63
PAY0003201,ORD0003201,2026-03-08 14:33:00,gift_card,failed,212.82
PAY0003202,ORD0003202,2026-02-01 15:15:00,wallet,completed,1590.9
PAY0003203,ORD0003203,2026-04-13 15:01:00,bank_transfer,completed,1744.34
PAY0003204,ORD0003204,2026-03-22 11:42:00,gift_card,completed,1691.04
PAY0003205,ORD0003205,2026-04-23 08:51:00,bank_transfer,completed,1424.46
PAY0003206,ORD0003206,2026-03-21 18:21:00,gift_card,completed,2577.34
PAY0003207,ORD0003207,2026-04-19 03:56:00,card,completed,430.66
PAY0003208,ORD0003208,2026-03-02 07:22:00,wallet,completed,1120.99
PAY0003209,ORD0003209,2026-03-14 08:35:00,wallet,completed,558.6
PAY0003210,ORD0003210,2026-03-15 03:15:00,gift_card,completed,62.76
PAY0003211,ORD0003211,2026-03-04 08:38:00,gift_card,completed,639.14
PAY0003212,ORD0003212,2026-02-04 05:32:00,bank_transfer,completed,2060.49
PAY0003213,ORD0003213,2026-04-22 00:27:00,card,completed,1401.45
PAY0003214,ORD0003214,2026-01-29 03:05:00,wallet,refunded,766.37
PAY0003215,ORD0003215,2026-04-07 05:31:00,wallet,completed,1922.78
PAY0003216,ORD0003216,2026-04-14 03:29:00,card,completed,768.62
PAY0003217,ORD0003217,2026-02-04 18:24:00,wallet,completed,2537.68
PAY0003218,ORD0003218,2026-04-14 16:37:00,card,completed,3165.11
PAY0003219,ORD0003219,2026-04-18 06:12:00,gift_card,completed,1517.9
PAY0003220,ORD0003220,2026-04-09 12:40:00,gift_card,completed,316.15
PAY0003221,ORD0003221,2026-04-04 17:54:00,wallet,completed,1489.12
PAY0003222,ORD0003222,2026-03-08 18:14:00,gift_card,completed,1464.85
PAY0003223,ORD0003223,2026-03-06 15:02:00,gift_card,completed,2533.1
PAY0003224,ORD0003224,2026-03-30 18:45:00,card,completed,550.93
PAY0003225,ORD0003225,2026-03-12 15:38:00,bank_transfer,refunded,656.9
PAY0003226,ORD0003226,2026-02-19 22:07:00,card,completed,1693.84
PAY0003227,ORD0003227,2026-04-15 02:15:00,gift_card,completed,890.1
PAY0003228,ORD0003228,2026-02-22 19:13:00,gift_card,completed,482.43
PAY0003229,ORD0003229,2026-03-29 01:34:00,wallet,completed,866.12
PAY0003230,ORD0003230,2026-04-17 11:45:00,bank_transfer,completed,1199.98
PAY0003231,ORD0003231,2026-02-11 20:02:00,wallet,completed,71.09
PAY0003232,ORD0003232,2026-03-14 12:14:00,card,completed,958.57
PAY0003233,ORD0003233,2026-03-03 21:54:00,gift_card,completed,972.14
PAY0003234,ORD0003234,2026-03-24 09:34:00,wallet,completed,614.34
PAY0003235,ORD0003235,2026-03-06 04:09:00,card,refunded,2292.27
PAY0003236,ORD0003236,2026-03-02 09:13:00,bank_transfer,refunded,1019.06
PAY0003237,ORD0003237,2026-02-16 22:24:00,wallet,completed,132.66
PAY0003238,ORD0003238,2026-02-19 11:22:00,bank_transfer,completed,377.6
PAY0003239,ORD0003239,2026-03-06 10:14:00,card,completed,2722.82
PAY0003240,ORD0003240,2026-03-25 15:36:00,bank_transfer,completed,1960.91
PAY0003241,ORD0003241,2026-02-05 07:09:00,gift_card,completed,1055.99
PAY0003242,ORD0003242,2026-04-08 20:54:00,gift_card,completed,713.9
PAY0003243,ORD0003243,2026-04-04 03:33:00,bank_transfer,completed,924.91
PAY0003244,ORD0003244,2026-03-10 21:55:00,bank_transfer,completed,2659.0
PAY0003245,ORD0003245,2026-03-19 22:58:00,bank_transfer,completed,375.99
PAY0003246,ORD0003246,2026-02-28 23:30:00,wallet,completed,330.87
PAY0003247,ORD0003247,2026-02-09 12:53:00,gift_card,completed,1614.1
PAY0003248,ORD0003248,2026-02-16 12:29:00,wallet,completed,1465.54
PAY0003249,ORD0003249,2026-02-03 18:11:00,bank_transfer,completed,1741.04
PAY0003250,ORD0003250,2026-03-16 19:25:00,card,completed,1244.72
PAY0003251,ORD0003251,2026-03-06 02:01:00,gift_card,completed,934.71
PAY0003252,ORD0003252,2026-01-24 05:55:00,gift_card,completed,1430.85
PAY0003253,ORD0003253,2026-04-08 20:41:00,gift_card,completed,2081.21
PAY0003254,ORD0003254,2026-01-24 12:22:00,gift_card,completed,1231.73
PAY0003255,ORD0003255,2026-02-16 02:40:00,bank_transfer,failed,1192.53
PAY0003256,ORD0003256,2026-03-30 11:18:00,gift_card,completed,709.9
PAY0003257,ORD0003257,2026-02-02 07:11:00,bank_transfer,completed,130.32
PAY0003258,ORD0003258,2026-03-27 04:40:00,bank_transfer,completed,1602.0
PAY0003259,ORD0003259,2026-02-16 05:26:00,card,completed,2276.06
PAY0003260,ORD0003260,2026-02-26 09:12:00,gift_card,completed,353.54
PAY0003261,ORD0003261,2026-03-05 17:47:00,bank_transfer,completed,1799.28
PAY0003262,ORD0003262,2026-02-07 18:17:00,card,completed,636.97
PAY0003263,ORD0003263,2026-04-06 23:26:00,gift_card,completed,1801.53
PAY0003264,ORD0003264,2026-03-05 11:08:00,wallet,completed,1317.82
PAY0003265,ORD0003265,2026-02-27 23:32:00,bank_transfer,completed,2354.58
PAY0003266,ORD0003266,2026-01-26 05:56:00,card,completed,881.33
PAY0003267,ORD0003267,2026-02-16 13:26:00,bank_transfer,refunded,903.92
PAY0003268,ORD0003268,2026-03-11 20:15:00,bank_transfer,completed,1494.26
PAY0003269,ORD0003269,2026-03-09 13:36:00,gift_card,completed,1954.26
PAY0003270,ORD0003270,2026-03-05 06:17:00,wallet,completed,643.46
PAY0003271,ORD0003271,2026-02-28 09:11:00,card,completed,349.15
PAY0003272,ORD0003272,2026-02-27 13:33:00,wallet,completed,869.68
PAY0003273,ORD0003273,2026-02-11 16:19:00,card,completed,1804.89
PAY0003274,ORD0003274,2026-04-20 20:05:00,card,completed,1030.76
PAY0003275,ORD0003275,2026-03-27 03:58:00,wallet,completed,2132.37
PAY0003276,ORD0003276,2026-04-18 10:38:00,wallet,completed,1183.54
PAY0003277,ORD0003277,2026-03-21 09:22:00,bank_transfer,completed,1096.14
PAY0003278,ORD0003278,2026-02-07 08:05:00,wallet,completed,2118.05
PAY0003279,ORD0003279,2026-04-17 20:04:00,card,completed,820.68
PAY0003280,ORD0003280,2026-02-22 01:54:00,gift_card,completed,1240.55
PAY0003281,ORD0003281,2026-02-28 10:26:00,bank_transfer,completed,406.98
PAY0003282,ORD0003282,2026-03-21 15:03:00,bank_transfer,completed,1927.56
PAY0003283,ORD0003283,2026-03-05 20:23:00,gift_card,completed,1551.83
PAY0003284,ORD0003284,2026-04-02 13:47:00,wallet,failed,3205.91
PAY0003285,ORD0003285,2026-02-21 13:31:00,bank_transfer,completed,1884.78
PAY0003286,ORD0003286,2026-04-06 00:45:00,wallet,completed,547.46
PAY0003287,ORD0003287,2026-04-03 15:50:00,wallet,completed,1171.8
PAY0003288,ORD0003288,2026-01-24 14:42:00,card,refunded,181.36
PAY0003289,ORD0003289,2026-04-14 10:56:00,wallet,completed,1325.61
PAY0003290,ORD0003290,2026-03-20 16:26:00,card,completed,1247.56
PAY0003291,ORD0003291,2026-03-11 19:02:00,bank_transfer,completed,871.46
PAY0003292,ORD0003292,2026-03-11 09:20:00,gift_card,completed,254.8
PAY0003293,ORD0003293,2026-04-01 20:17:00,bank_transfer,completed,2219.08
PAY0003294,ORD0003294,2026-02-07 12:49:00,wallet,completed,1255.07
PAY0003295,ORD0003295,2026-02-02 04:32:00,bank_transfer,completed,1939.82
PAY0003296,ORD0003296,2026-03-02 23:02:00,wallet,completed,2329.38
PAY0003297,ORD0003297,2026-02-24 03:13:00,gift_card,completed,1444.56
PAY0003298,ORD0003298,2026-02-22 20:09:00,card,completed,1915.14
PAY0003299,ORD0003299,2026-02-01 15:24:00,card,completed,332.42
PAY0003300,ORD0003300,2026-04-03 18:19:00,wallet,completed,2021.4
PAY0003301,ORD0003301,2026-04-22 23:30:00,bank_transfer,completed,837.68
PAY0003302,ORD0003302,2026-02-26 01:03:00,gift_card,completed,890.55
PAY0003303,ORD0003303,2026-04-03 08:41:00,card,completed,1337.96
PAY0003304,ORD0003304,2026-04-09 00:39:00,gift_card,completed,194.54
PAY0003305,ORD0003305,2026-02-15 14:06:00,bank_transfer,completed,1570.4
PAY0003306,ORD0003306,2026-03-03 13:13:00,bank_transfer,completed,1213.04
PAY0003307,ORD0003307,2026-02-15 08:04:00,card,completed,441.15
PAY0003308,ORD0003308,2026-02-03 17:07:00,gift_card,completed,539.84
PAY0003309,ORD0003309,2026-02-19 06:56:00,wallet,completed,288.68
PAY0003310,ORD0003310,2026-02-16 13:45:00,card,completed,1553.34
PAY0003311,ORD0003311,2026-03-26 10:29:00,wallet,completed,2232.86
PAY0003312,ORD0003312,2026-02-25 13:04:00,bank_transfer,completed,1171.15
PAY0003313,ORD0003313,2026-03-19 21:15:00,card,completed,1215.75
PAY0003314,ORD0003314,2026-04-22 15:28:00,gift_card,completed,571.49
PAY0003315,ORD0003315,2026-03-24 08:08:00,card,failed,594.1
PAY0003316,ORD0003316,2026-03-02 18:06:00,gift_card,completed,519.37
PAY0003317,ORD0003317,2026-03-07 16:04:00,card,completed,261.38
PAY0003318,ORD0003318,2026-03-30 13:02:00,gift_card,completed,606.1
PAY0003319,ORD0003319,2026-04-04 09:38:00,card,completed,2453.68
PAY0003320,ORD0003320,2026-03-26 10:06:00,gift_card,completed,2143.17
PAY0003321,ORD0003321,2026-01-26 15:10:00,card,completed,1617.84
PAY0003322,ORD0003322,2026-04-20 21:11:00,wallet,completed,282.99
PAY0003323,ORD0003323,2026-01-25 20:20:00,gift_card,completed,1649.01
PAY0003324,ORD0003324,2026-04-07 13:58:00,gift_card,completed,2010.66
PAY0003325,ORD0003325,2026-03-20 11:37:00,wallet,completed,1656.64
PAY0003326,ORD0003326,2026-04-10 07:35:00,card,completed,995.07
PAY0003327,ORD0003327,2026-03-11 22:54:00,card,completed,3527.18
PAY0003328,ORD0003328,2026-02-07 07:59:00,card,completed,1564.43
PAY0003329,ORD0003329,2026-03-20 09:09:00,bank_transfer,completed,2139.49
PAY0003330,ORD0003330,2026-03-14 01:33:00,bank_transfer,completed,421.9
PAY0003331,ORD0003331,2026-04-06 09:39:00,gift_card,completed,34.24
PAY0003332,ORD0003332,2026-02-04 13:10:00,bank_transfer,completed,1258.46
PAY0003333,ORD0003333,2026-04-13 12:45:00,bank_transfer,completed,181.36
PAY0003334,ORD0003334,2026-04-14 15:58:00,card,failed,2368.37
PAY0003335,ORD0003335,2026-03-04 00:53:00,card,completed,1729.22
PAY0003336,ORD0003336,2026-04-08 21:28:00,card,completed,1881.7
PAY0003337,ORD0003337,2026-02-14 05:21:00,bank_transfer,completed,1556.67
PAY0003338,ORD0003338,2026-04-23 16:57:00,gift_card,completed,2556.63
PAY0003339,ORD0003339,2026-03-24 11:45:00,card,completed,566.0
PAY0003340,ORD0003340,2026-02-10 07:04:00,bank_transfer,refunded,1719.75
PAY0003341,ORD0003341,2026-04-07 03:39:00,wallet,completed,827.22
PAY0003342,ORD0003342,2026-02-21 15:53:00,bank_transfer,completed,446.46
PAY0003343,ORD0003343,2026-02-21 16:17:00,bank_transfer,completed,1794.07
PAY0003344,ORD0003344,2026-03-14 14:52:00,wallet,completed,859.27
PAY0003345,ORD0003345,2026-01-31 09:03:00,card,completed,2765.17
PAY0003346,ORD0003346,2026-02-23 14:54:00,card,failed,1933.74
PAY0003347,ORD0003347,2026-04-15 17:24:00,card,completed,676.51
PAY0003348,ORD0003348,2026-03-10 05:41:00,bank_transfer,completed,1351.56
PAY0003349,ORD0003349,2026-02-27 21:05:00,wallet,completed,1169.93
PAY0003350,ORD0003350,2026-03-01 11:37:00,card,completed,1641.22
PAY0003351,ORD0003351,2026-01-25 07:41:00,card,completed,638.62
PAY0003352,ORD0003352,2026-04-04 23:23:00,bank_transfer,completed,971.44
PAY0003353,ORD0003353,2026-03-07 00:55:00,gift_card,completed,642.52
PAY0003354,ORD0003354,2026-02-24 04:16:00,wallet,completed,523.88
PAY0003355,ORD0003355,2026-02-11 19:41:00,card,completed,386.17
PAY0003356,ORD0003356,2026-01-27 23:38:00,card,completed,823.66
PAY0003357,ORD0003357,2026-02-18 12:06:00,bank_transfer,failed,764.33
PAY0003358,ORD0003358,2026-02-25 01:08:00,bank_transfer,completed,1787.22
PAY0003359,ORD0003359,2026-02-17 07:49:00,wallet,completed,1311.7
PAY0003360,ORD0003360,2026-01-29 17:15:00,wallet,completed,72.32
PAY0003361,ORD0003361,2026-02-06 15:11:00,gift_card,completed,712.91
PAY0003362,ORD0003362,2026-02-26 17:41:00,gift_card,completed,2027.98
PAY0003363,ORD0003363,2026-03-30 21:02:00,bank_transfer,completed,1277.1
PAY0003364,ORD0003364,2026-04-01 01:19:00,gift_card,completed,1686.0
PAY0003365,ORD0003365,2026-01-28 08:29:00,gift_card,refunded,1022.27
PAY0003366,ORD0003366,2026-03-19 13:36:00,bank_transfer,completed,1292.12
PAY0003367,ORD0003367,2026-02-04 11:49:00,card,completed,1117.11
PAY0003368,ORD0003368,2026-02-14 01:58:00,gift_card,completed,1151.0
PAY0003369,ORD0003369,2026-04-17 15:06:00,wallet,completed,1733.99
PAY0003370,ORD0003370,2026-03-19 00:38:00,bank_transfer,completed,2909.42
PAY0003371,ORD0003371,2026-03-15 05:54:00,gift_card,completed,990.84
PAY0003372,ORD0003372,2026-03-18 08:36:00,wallet,completed,2603.56
PAY0003373,ORD0003373,2026-03-31 23:43:00,card,completed,1388.8
PAY0003374,ORD0003374,2026-04-05 14:07:00,wallet,completed,839.34
PAY0003375,ORD0003375,2026-04-02 16:33:00,wallet,completed,531.37
PAY0003376,ORD0003376,2026-03-11 06:30:00,gift_card,completed,51.96
PAY0003377,ORD0003377,2026-04-12 22:53:00,gift_card,completed,1945.77
PAY0003378,ORD0003378,2026-04-15 06:24:00,wallet,completed,1193.18
PAY0003379,ORD0003379,2026-03-17 09:09:00,wallet,refunded,1640.86
PAY0003380,ORD0003380,2026-03-14 13:58:00,bank_transfer,failed,1949.92
PAY0003381,ORD0003381,2026-02-14 03:03:00,bank_transfer,completed,335.51
PAY0003382,ORD0003382,2026-03-29 01:32:00,wallet,refunded,2279.37
PAY0003383,ORD0003383,2026-03-31 08:03:00,wallet,completed,1683.96
PAY0003384,ORD0003384,2026-02-15 05:25:00,card,completed,806.62
PAY0003385,ORD0003385,2026-03-25 07:10:00,bank_transfer,completed,597.72
PAY0003386,ORD0003386,2026-02-20 22:49:00,wallet,completed,305.32
PAY0003387,ORD0003387,2026-03-01 08:15:00,card,completed,831.62
PAY0003388,ORD0003388,2026-04-18 11:10:00,bank_transfer,completed,655.48
PAY0003389,ORD0003389,2026-04-11 06:13:00,card,completed,398.71
PAY0003390,ORD0003390,2026-01-31 15:18:00,bank_transfer,completed,367.78
PAY0003391,ORD0003391,2026-03-09 02:07:00,gift_card,completed,2588.1
PAY0003392,ORD0003392,2026-01-30 22:34:00,card,completed,1744.0
PAY0003393,ORD0003393,2026-03-20 10:44:00,bank_transfer,completed,1340.98
PAY0003394,ORD0003394,2026-03-17 04:46:00,wallet,completed,130.21
PAY0003395,ORD0003395,2026-03-04 03:27:00,wallet,completed,1094.82
PAY0003396,ORD0003396,2026-04-17 04:56:00,bank_transfer,completed,2642.02
PAY0003397,ORD0003397,2026-02-16 05:30:00,wallet,completed,1478.93
PAY0003398,ORD0003398,2026-03-25 02:21:00,card,completed,1864.12
PAY0003399,ORD0003399,2026-02-04 22:28:00,wallet,completed,1040.86
PAY0003400,ORD0003400,2026-04-14 21:40:00,gift_card,completed,1604.89
PAY0003401,ORD0003401,2026-03-23 17:54:00,bank_transfer,completed,440.41
PAY0003402,ORD0003402,2026-02-07 08:40:00,gift_card,completed,852.42
PAY0003403,ORD0003403,2026-01-25 00:41:00,wallet,completed,1903.05
PAY0003404,ORD0003404,2026-04-09 15:33:00,wallet,completed,1661.98
PAY0003405,ORD0003405,2026-04-12 18:32:00,gift_card,completed,2087.31
PAY0003406,ORD0003406,2026-03-24 19:05:00,bank_transfer,completed,1515.17
PAY0003407,ORD0003407,2026-03-10 01:03:00,gift_card,completed,982.58
PAY0003408,ORD0003408,2026-03-16 06:34:00,gift_card,completed,2331.24
PAY0003409,ORD0003409,2026-02-18 07:35:00,gift_card,completed,65.76
PAY0003410,ORD0003410,2026-01-30 20:54:00,wallet,completed,589.68
PAY0003411,ORD0003411,2026-04-17 18:01:00,gift_card,completed,101.39
PAY0003412,ORD0003412,2026-03-14 17:14:00,gift_card,completed,1720.94
PAY0003413,ORD0003413,2026-02-06 11:28:00,bank_transfer,completed,2530.14
PAY0003414,ORD0003414,2026-03-14 07:47:00,gift_card,completed,1468.1
PAY0003415,ORD0003415,2026-03-01 02:06:00,wallet,completed,58.62
PAY0003416,ORD0003416,2026-03-10 21:57:00,bank_transfer,completed,1929.21
PAY0003417,ORD0003417,2026-03-15 13:30:00,gift_card,completed,1526.13
PAY0003418,ORD0003418,2026-04-01 07:47:00,wallet,completed,415.41
PAY0003419,ORD0003419,2026-02-25 13:13:00,bank_transfer,completed,2069.05
PAY0003420,ORD0003420,2026-03-26 15:40:00,bank_transfer,refunded,1123.43
PAY0003421,ORD0003421,2026-04-02 16:49:00,gift_card,completed,563.5
PAY0003422,ORD0003422,2026-02-14 02:36:00,wallet,completed,1017.01
PAY0003423,ORD0003423,2026-02-08 14:56:00,card,completed,1146.28
PAY0003424,ORD0003424,2026-04-23 09:50:00,card,completed,704.7
PAY0003425,ORD0003425,2026-03-24 16:44:00,wallet,completed,1228.14
PAY0003426,ORD0003426,2026-03-01 13:19:00,bank_transfer,completed,1306.92
PAY0003427,ORD0003427,2026-03-13 04:53:00,wallet,failed,2076.56
PAY0003428,ORD0003428,2026-04-01 05:47:00,card,completed,198.19
PAY0003429,ORD0003429,2026-02-04 02:52:00,bank_transfer,completed,2324.65
PAY0003430,ORD0003430,2026-02-23 16:36:00,card,completed,517.42
PAY0003431,ORD0003431,2026-04-01 01:04:00,wallet,completed,388.44
PAY0003432,ORD0003432,2026-03-03 16:39:00,wallet,completed,1465.63
PAY0003433,ORD0003433,2026-03-15 07:23:00,gift_card,completed,1740.08
PAY0003434,ORD0003434,2026-03-13 02:01:00,bank_transfer,completed,2359.55
PAY0003435,ORD0003435,2026-04-15 22:54:00,bank_transfer,completed,2224.54
PAY0003436,ORD0003436,2026-01-29 00:42:00,bank_transfer,completed,2814.94
PAY0003437,ORD0003437,2026-04-15 13:11:00,card,completed,150.02
PAY0003438,ORD0003438,2026-03-15 02:33:00,card,completed,1971.05
PAY0003439,ORD0003439,2026-02-02 03:02:00,gift_card,completed,2262.82
PAY0003440,ORD0003440,2026-03-25 17:05:00,bank_transfer,completed,2250.54
PAY0003441,ORD0003441,2026-02-20 06:13:00,bank_transfer,completed,2488.33
PAY0003442,ORD0003442,2026-02-06 01:12:00,wallet,completed,654.79
PAY0003443,ORD0003443,2026-01-28 11:12:00,card,completed,1179.98
PAY0003444,ORD0003444,2026-02-17 06:08:00,bank_transfer,completed,517.64
PAY0003445,ORD0003445,2026-01-29 20:06:00,card,completed,388.05
PAY0003446,ORD0003446,2026-02-03 17:58:00,gift_card,refunded,375.96
PAY0003447,ORD0003447,2026-02-26 10:20:00,wallet,completed,330.06
PAY0003448,ORD0003448,2026-04-06 07:44:00,wallet,completed,733.09
PAY0003449,ORD0003449,2026-02-06 01:49:00,wallet,completed,1967.28
PAY0003450,ORD0003450,2026-03-02 18:04:00,card,completed,1033.73
PAY0003451,ORD0003451,2026-02-14 21:33:00,bank_transfer,completed,398.51
PAY0003452,ORD0003452,2026-04-22 09:48:00,card,completed,609.7
PAY0003453,ORD0003453,2026-02-23 15:54:00,wallet,completed,470.3
PAY0003454,ORD0003454,2026-02-27 09:37:00,gift_card,completed,353.54
PAY0003455,ORD0003455,2026-04-06 16:44:00,bank_transfer,completed,1044.87
PAY0003456,ORD0003456,2026-03-01 20:25:00,gift_card,completed,770.54
PAY0003457,ORD0003457,2026-03-26 19:23:00,gift_card,completed,936.92
PAY0003458,ORD0003458,2026-03-01 23:05:00,bank_transfer,completed,695.52
PAY0003459,ORD0003459,2026-04-05 03:35:00,bank_transfer,completed,517.09
PAY0003460,ORD0003460,2026-01-24 20:09:00,gift_card,completed,512.94
PAY0003461,ORD0003461,2026-03-06 22:49:00,card,completed,473.9
PAY0003462,ORD0003462,2026-03-26 14:15:00,wallet,completed,1194.86
PAY0003463,ORD0003463,2026-03-08 14:48:00,wallet,completed,707.08
PAY0003464,ORD0003464,2026-04-14 02:08:00,bank_transfer,completed,959.73
PAY0003465,ORD0003465,2026-01-24 13:51:00,bank_transfer,refunded,1203.23
PAY0003466,ORD0003466,2026-01-27 13:33:00,card,refunded,1166.59
PAY0003467,ORD0003467,2026-01-29 09:24:00,bank_transfer,completed,714.32
PAY0003468,ORD0003468,2026-03-31 19:17:00,gift_card,completed,284.8
PAY0003469,ORD0003469,2026-04-02 00:33:00,wallet,completed,942.87
PAY0003470,ORD0003470,2026-01-25 03:25:00,gift_card,completed,1833.22
PAY0003471,ORD0003471,2026-03-09 06:13:00,bank_transfer,completed,694.32
PAY0003472,ORD0003472,2026-02-28 17:38:00,gift_card,completed,1000.07
PAY0003473,ORD0003473,2026-01-29 04:10:00,card,completed,351.57
PAY0003474,ORD0003474,2026-01-26 20:15:00,wallet,completed,1471.77
PAY0003475,ORD0003475,2026-04-05 22:47:00,card,completed,569.99
PAY0003476,ORD0003476,2026-03-27 00:51:00,wallet,completed,451.52
PAY0003477,ORD0003477,2026-02-24 10:17:00,card,completed,954.84
PAY0003478,ORD0003478,2026-02-07 09:52:00,bank_transfer,completed,825.68
PAY0003479,ORD0003479,2026-03-08 15:53:00,bank_transfer,completed,1058.7
PAY0003480,ORD0003480,2026-04-11 19:04:00,card,completed,536.18
PAY0003481,ORD0003481,2026-04-11 16:49:00,card,completed,1021.29
PAY0003482,ORD0003482,2026-02-09 17:24:00,gift_card,completed,1463.79
PAY0003483,ORD0003483,2026-04-21 17:02:00,wallet,completed,388.55
PAY0003484,ORD0003484,2026-04-06 07:46:00,wallet,completed,2119.36
PAY0003485,ORD0003485,2026-04-03 06:32:00,card,completed,1019.58
PAY0003486,ORD0003486,2026-02-13 02:29:00,bank_transfer,completed,527.37
PAY0003487,ORD0003487,2026-02-19 14:29:00,wallet,completed,663.36
PAY0003488,ORD0003488,2026-02-06 01:40:00,wallet,completed,916.11
PAY0003489,ORD0003489,2026-03-13 22:56:00,gift_card,refunded,2032.28
PAY0003490,ORD0003490,2026-02-02 09:23:00,bank_transfer,failed,506.7
PAY0003491,ORD0003491,2026-03-24 23:36:00,card,completed,1846.77
PAY0003492,ORD0003492,2026-02-16 18:27:00,bank_transfer,completed,1010.89
PAY0003493,ORD0003493,2026-03-16 22:27:00,bank_transfer,completed,454.4
PAY0003494,ORD0003494,2026-03-06 14:41:00,card,completed,2019.92
PAY0003495,ORD0003495,2026-03-16 01:31:00,gift_card,completed,1157.84
PAY0003496,ORD0003496,2026-01-26 05:48:00,wallet,completed,33.54
PAY0003497,ORD0003497,2026-04-12 03:29:00,gift_card,completed,390.3
PAY0003498,ORD0003498,2026-04-13 01:30:00,bank_transfer,completed,843.79
PAY0003499,ORD0003499,2026-02-08 17:53:00,wallet,completed,724.18
PAY0003500,ORD0003500,2026-03-20 21:02:00,bank_transfer,completed,2060.38
PAY0003501,ORD0003501,2026-03-31 02:57:00,wallet,completed,1727.33
PAY0003502,ORD0003502,2026-04-19 00:31:00,gift_card,completed,1534.26
PAY0003503,ORD0003503,2026-03-30 05:33:00,gift_card,completed,204.84
PAY0003504,ORD0003504,2026-03-26 00:04:00,wallet,completed,974.85
PAY0003505,ORD0003505,2026-01-27 11:47:00,bank_transfer,completed,514.35
PAY0003506,ORD0003506,2026-02-14 19:33:00,gift_card,completed,308.3
PAY0003507,ORD0003507,2026-02-15 03:38:00,wallet,completed,2537.76
PAY0003508,ORD0003508,2026-04-06 18:48:00,wallet,completed,1228.53
PAY0003509,ORD0003509,2026-02-08 13:31:00,wallet,completed,1611.51
PAY0003510,ORD0003510,2026-04-22 14:01:00,bank_transfer,refunded,2282.16
PAY0003511,ORD0003511,2026-01-29 14:30:00,gift_card,completed,928.48
PAY0003512,ORD0003512,2026-04-13 02:45:00,card,completed,1406.78
PAY0003513,ORD0003513,2026-04-03 20:22:00,gift_card,completed,1202.87
PAY0003514,ORD0003514,2026-03-08 23:14:00,wallet,refunded,523.9
PAY0003515,ORD0003515,2026-03-02 14:18:00,wallet,completed,451.16
PAY0003516,ORD0003516,2026-03-16 02:11:00,wallet,completed,1798.49
PAY0003517,ORD0003517,2026-04-19 01:37:00,card,completed,497.38
PAY0003518,ORD0003518,2026-04-05 17:18:00,gift_card,completed,567.84
PAY0003519,ORD0003519,2026-01-30 03:14:00,gift_card,completed,778.28
PAY0003520,ORD0003520,2026-04-12 19:42:00,wallet,completed,2028.17
PAY0003521,ORD0003521,2026-03-30 10:33:00,bank_transfer,completed,1971.82
PAY0003522,ORD0003522,2026-04-23 15:22:00,card,completed,1937.62
PAY0003523,ORD0003523,2026-02-19 20:54:00,gift_card,completed,1120.62
PAY0003524,ORD0003524,2026-04-22 13:05:00,bank_transfer,completed,1428.13
PAY0003525,ORD0003525,2026-02-23 10:36:00,card,completed,1439.93
PAY0003526,ORD0003526,2026-04-17 10:23:00,wallet,completed,471.5
PAY0003527,ORD0003527,2026-04-08 02:21:00,bank_transfer,completed,2265.94
PAY0003528,ORD0003528,2026-04-04 15:02:00,gift_card,completed,1272.58
PAY0003529,ORD0003529,2026-02-02 00:49:00,bank_transfer,failed,1587.51
PAY0003530,ORD0003530,2026-04-02 06:44:00,gift_card,refunded,1427.05
PAY0003531,ORD0003531,2026-02-03 22:54:00,gift_card,completed,362.91
PAY0003532,ORD0003532,2026-03-15 02:59:00,gift_card,completed,2485.17
PAY0003533,ORD0003533,2026-02-24 17:38:00,wallet,completed,1399.29
PAY0003534,ORD0003534,2026-03-31 04:57:00,wallet,completed,1473.39
PAY0003535,ORD0003535,2026-03-10 21:40:00,card,refunded,680.2
PAY0003536,ORD0003536,2026-02-21 16:33:00,gift_card,completed,911.46
PAY0003537,ORD0003537,2026-01-28 17:51:00,bank_transfer,completed,2347.86
PAY0003538,ORD0003538,2026-03-29 05:06:00,wallet,completed,1259.04
PAY0003539,ORD0003539,2026-04-15 11:56:00,gift_card,completed,667.72
PAY0003540,ORD0003540,2026-01-28 07:15:00,card,completed,2645.24
PAY0003541,ORD0003541,2026-03-12 09:24:00,gift_card,completed,288.12
PAY0003542,ORD0003542,2026-04-23 17:57:00,card,refunded,1593.08
PAY0003543,ORD0003543,2026-01-26 14:09:00,card,completed,1110.39
PAY0003544,ORD0003544,2026-04-20 12:32:00,bank_transfer,completed,865.9
PAY0003545,ORD0003545,2026-03-07 21:12:00,wallet,completed,697.44
PAY0003546,ORD0003546,2026-03-25 17:54:00,wallet,completed,1773.21
PAY0003547,ORD0003547,2026-02-08 18:07:00,card,completed,1659.39
PAY0003548,ORD0003548,2026-02-23 10:22:00,wallet,completed,301.68
PAY0003549,ORD0003549,2026-03-29 12:39:00,bank_transfer,completed,763.35
PAY0003550,ORD0003550,2026-03-20 23:21:00,card,completed,2457.31
PAY0003551,ORD0003551,2026-02-16 17:31:00,card,completed,2161.64
PAY0003552,ORD0003552,2026-04-07 16:01:00,wallet,completed,951.22
PAY0003553,ORD0003553,2026-02-12 19:20:00,wallet,completed,2047.38
PAY0003554,ORD0003554,2026-02-13 18:02:00,wallet,completed,885.11
PAY0003555,ORD0003555,2026-03-24 17:11:00,gift_card,completed,337.73
PAY0003556,ORD0003556,2026-03-11 00:07:00,card,completed,120.78
PAY0003557,ORD0003557,2026-02-08 01:39:00,card,completed,372.91
PAY0003558,ORD0003558,2026-03-31 02:51:00,card,refunded,2146.75
PAY0003559,ORD0003559,2026-01-30 20:19:00,card,completed,578.26
PAY0003560,ORD0003560,2026-03-13 17:18:00,bank_transfer,completed,2314.13
PAY0003561,ORD0003561,2026-03-04 17:20:00,bank_transfer,completed,1453.35
PAY0003562,ORD0003562,2026-04-09 16:11:00,bank_transfer,completed,407.98
PAY0003563,ORD0003563,2026-02-12 22:43:00,card,completed,154.68
PAY0003564,ORD0003564,2026-02-16 07:40:00,bank_transfer,completed,2191.18
PAY0003565,ORD0003565,2026-03-31 20:33:00,gift_card,completed,1720.97
PAY0003566,ORD0003566,2026-02-27 01:59:00,gift_card,completed,454.62
PAY0003567,ORD0003567,2026-02-13 05:11:00,gift_card,completed,116.2
PAY0003568,ORD0003568,2026-03-23 03:48:00,gift_card,completed,1386.35
PAY0003569,ORD0003569,2026-02-09 02:05:00,card,failed,494.8
PAY0003570,ORD0003570,2026-04-14 23:25:00,wallet,completed,345.43
PAY0003571,ORD0003571,2026-04-20 10:37:00,wallet,completed,800.0
PAY0003572,ORD0003572,2026-04-22 10:28:00,bank_transfer,completed,113.53
PAY0003573,ORD0003573,2026-02-04 11:02:00,bank_transfer,completed,788.47
PAY0003574,ORD0003574,2026-01-28 16:57:00,bank_transfer,completed,705.69
PAY0003575,ORD0003575,2026-01-27 11:31:00,gift_card,completed,592.95
PAY0003576,ORD0003576,2026-01-27 00:24:00,wallet,failed,1890.38
PAY0003577,ORD0003577,2026-02-01 09:29:00,card,completed,1949.92
PAY0003578,ORD0003578,2026-04-12 18:47:00,bank_transfer,completed,1551.08
PAY0003579,ORD0003579,2026-01-25 02:24:00,card,completed,384.29
PAY0003580,ORD0003580,2026-01-24 17:55:00,bank_transfer,completed,909.63
PAY0003581,ORD0003581,2026-03-17 12:52:00,bank_transfer,completed,986.86
PAY0003582,ORD0003582,2026-02-01 20:51:00,gift_card,completed,738.0
PAY0003583,ORD0003583,2026-02-14 18:50:00,wallet,refunded,1940.52
PAY0003584,ORD0003584,2026-01-27 06:30:00,wallet,completed,226.31
PAY0003585,ORD0003585,2026-02-22 22:20:00,card,completed,1189.79
PAY0003586,ORD0003586,2026-04-02 15:28:00,wallet,completed,2270.62
PAY0003587,ORD0003587,2026-03-02 02:51:00,card,completed,2404.02
PAY0003588,ORD0003588,2026-04-18 19:56:00,bank_transfer,completed,652.57
PAY0003589,ORD0003589,2026-04-10 00:56:00,wallet,completed,1325.15
PAY0003590,ORD0003590,2026-04-21 20:05:00,bank_transfer,completed,368.5
PAY0003591,ORD0003591,2026-04-18 01:36:00,gift_card,completed,1979.33
PAY0003592,ORD0003592,2026-02-15 14:35:00,wallet,completed,1345.7
PAY0003593,ORD0003593,2026-04-08 04:30:00,card,completed,738.83
PAY0003594,ORD0003594,2026-04-21 16:04:00,wallet,completed,2606.43
PAY0003595,ORD0003595,2026-01-31 07:45:00,bank_transfer,completed,1860.5
PAY0003596,ORD0003596,2026-02-02 03:38:00,gift_card,completed,638.82
PAY0003597,ORD0003597,2026-04-14 17:07:00,card,failed,1066.33
PAY0003598,ORD0003598,2026-03-31 17:16:00,wallet,completed,1130.5
PAY0003599,ORD0003599,2026-04-22 04:04:00,bank_transfer,completed,1353.23
PAY0003600,ORD0003600,2026-04-21 15:40:00,gift_card,completed,1643.62
PAY0003601,ORD0003601,2026-04-21 16:08:00,bank_transfer,completed,1265.97
PAY0003602,ORD0003602,2026-02-24 10:43:00,gift_card,completed,1089.03
PAY0003603,ORD0003603,2026-03-03 10:45:00,bank_transfer,completed,448.92
PAY0003604,ORD0003604,2026-02-01 04:58:00,gift_card,completed,638.82
PAY0003605,ORD0003605,2026-04-18 12:51:00,gift_card,completed,1035.29
PAY0003606,ORD0003606,2026-03-03 12:46:00,card,completed,1642.82
PAY0003607,ORD0003607,2026-03-02 14:50:00,card,completed,129.39
PAY0003608,ORD0003608,2026-04-14 11:25:00,bank_transfer,completed,489.92
PAY0003609,ORD0003609,2026-02-02 16:58:00,gift_card,completed,941.04
PAY0003610,ORD0003610,2026-01-29 13:37:00,wallet,completed,1309.32
PAY0003611,ORD0003611,2026-03-10 13:49:00,wallet,completed,413.25
PAY0003612,ORD0003612,2026-04-21 04:45:00,gift_card,completed,611.28
PAY0003613,ORD0003613,2026-04-16 15:49:00,wallet,completed,2055.68
PAY0003614,ORD0003614,2026-04-14 08:23:00,bank_transfer,failed,1199.39
PAY0003615,ORD0003615,2026-04-23 11:30:00,wallet,completed,392.08
PAY0003616,ORD0003616,2026-01-28 01:30:00,card,completed,2201.61
PAY0003617,ORD0003617,2026-04-17 06:38:00,wallet,completed,3094.81
PAY0003618,ORD0003618,2026-03-15 11:39:00,wallet,completed,1810.61
PAY0003619,ORD0003619,2026-02-04 14:42:00,card,completed,714.18
PAY0003620,ORD0003620,2026-02-09 17:42:00,card,completed,2228.35
PAY0003621,ORD0003621,2026-03-01 15:41:00,card,completed,1324.84
PAY0003622,ORD0003622,2026-04-10 06:06:00,gift_card,completed,1974.75
PAY0003623,ORD0003623,2026-02-12 06:53:00,gift_card,completed,2252.1
PAY0003624,ORD0003624,2026-02-20 16:58:00,card,completed,1703.13
PAY0003625,ORD0003625,2026-03-31 15:32:00,wallet,completed,914.57
PAY0003626,ORD0003626,2026-02-09 10:13:00,card,completed,431.58
PAY0003627,ORD0003627,2026-02-17 03:45:00,wallet,completed,828.21
PAY0003628,ORD0003628,2026-04-08 22:16:00,card,completed,33.48
PAY0003629,ORD0003629,2026-01-30 15:55:00,bank_transfer,completed,3050.44
PAY0003630,ORD0003630,2026-03-30 00:45:00,gift_card,completed,294.03
PAY0003631,ORD0003631,2026-03-01 17:29:00,gift_card,completed,367.94
PAY0003632,ORD0003632,2026-04-01 17:01:00,card,completed,562.6
PAY0003633,ORD0003633,2026-04-02 04:16:00,gift_card,completed,2199.34
PAY0003634,ORD0003634,2026-03-09 21:37:00,bank_transfer,completed,631.26
PAY0003635,ORD0003635,2026-01-24 00:55:00,wallet,refunded,1441.06
PAY0003636,ORD0003636,2026-03-16 18:28:00,card,failed,1010.38
PAY0003637,ORD0003637,2026-03-17 17:31:00,card,completed,1468.85
PAY0003638,ORD0003638,2026-04-16 06:50:00,gift_card,completed,1306.3
PAY0003639,ORD0003639,2026-02-16 01:17:00,bank_transfer,completed,534.62
PAY0003640,ORD0003640,2026-02-11 23:14:00,card,completed,601.07
PAY0003641,ORD0003641,2026-02-28 15:43:00,bank_transfer,completed,505.62
PAY0003642,ORD0003642,2026-01-25 16:44:00,bank_transfer,completed,430.71
PAY0003643,ORD0003643,2026-02-27 23:01:00,gift_card,completed,1934.22
PAY0003644,ORD0003644,2026-02-05 11:33:00,bank_transfer,completed,805.29
PAY0003645,ORD0003645,2026-04-03 07:22:00,wallet,completed,1042.9
PAY0003646,ORD0003646,2026-01-28 01:45:00,bank_transfer,completed,2117.53
PAY0003647,ORD0003647,2026-03-09 01:09:00,gift_card,completed,1691.8
PAY0003648,ORD0003648,2026-03-09 10:20:00,wallet,completed,1427.55
PAY0003649,ORD0003649,2026-01-31 02:25:00,wallet,completed,1412.0
PAY0003650,ORD0003650,2026-04-03 06:30:00,card,completed,1468.48
PAY0003651,ORD0003651,2026-04-07 21:51:00,bank_transfer,completed,884.04
PAY0003652,ORD0003652,2026-04-16 21:54:00,wallet,completed,1916.04
PAY0003653,ORD0003653,2026-04-22 13:12:00,gift_card,refunded,1786.0
PAY0003654,ORD0003654,2026-02-18 20:59:00,wallet,completed,2038.61
PAY0003655,ORD0003655,2026-04-13 23:47:00,card,completed,1576.44
PAY0003656,ORD0003656,2026-04-08 12:06:00,card,completed,385.06
PAY0003657,ORD0003657,2026-04-10 10:52:00,card,completed,181.17
PAY0003658,ORD0003658,2026-03-09 00:02:00,bank_transfer,completed,2031.45
PAY0003659,ORD0003659,2026-03-25 12:58:00,gift_card,refunded,569.05
PAY0003660,ORD0003660,2026-03-22 17:15:00,gift_card,completed,322.38
PAY0003661,ORD0003661,2026-04-19 02:12:00,card,completed,2382.6
PAY0003662,ORD0003662,2026-01-25 06:15:00,bank_transfer,completed,1288.31
PAY0003663,ORD0003663,2026-02-14 21:58:00,gift_card,completed,134.19
PAY0003664,ORD0003664,2026-03-05 21:34:00,bank_transfer,failed,1596.84
PAY0003665,ORD0003665,2026-03-01 13:28:00,gift_card,completed,2608.15
PAY0003666,ORD0003666,2026-01-31 04:09:00,wallet,refunded,1441.21
PAY0003667,ORD0003667,2026-04-13 23:33:00,bank_transfer,completed,1006.8
PAY0003668,ORD0003668,2026-01-31 04:09:00,wallet,completed,203.68
PAY0003669,ORD0003669,2026-01-29 09:47:00,wallet,completed,3171.45
PAY0003670,ORD0003670,2026-03-12 14:56:00,card,completed,810.29
PAY0003671,ORD0003671,2026-02-09 16:59:00,card,completed,1318.65
PAY0003672,ORD0003672,2026-04-19 02:40:00,card,completed,2000.58
PAY0003673,ORD0003673,2026-04-01 09:19:00,bank_transfer,completed,419.11
PAY0003674,ORD0003674,2026-03-17 11:38:00,wallet,completed,2415.37
PAY0003675,ORD0003675,2026-02-27 02:17:00,wallet,failed,2812.61
PAY0003676,ORD0003676,2026-02-05 22:35:00,card,completed,225.96
PAY0003677,ORD0003677,2026-03-03 07:57:00,wallet,completed,138.47
PAY0003678,ORD0003678,2026-03-11 08:13:00,wallet,completed,1679.56
PAY0003679,ORD0003679,2026-02-14 01:46:00,wallet,completed,1907.42
PAY0003680,ORD0003680,2026-04-15 03:14:00,card,completed,2038.43
PAY0003681,ORD0003681,2026-02-02 00:16:00,card,completed,963.08
PAY0003682,ORD0003682,2026-03-09 07:51:00,card,completed,63.71
PAY0003683,ORD0003683,2026-02-13 22:35:00,gift_card,completed,3268.62
PAY0003684,ORD0003684,2026-03-26 12:19:00,wallet,completed,624.22
PAY0003685,ORD0003685,2026-04-11 19:18:00,bank_transfer,completed,796.3
PAY0003686,ORD0003686,2026-04-19 02:24:00,card,completed,1248.8
PAY0003687,ORD0003687,2026-02-25 13:24:00,card,completed,2048.87
PAY0003688,ORD0003688,2026-04-10 03:50:00,bank_transfer,completed,589.77
PAY0003689,ORD0003689,2026-03-13 19:51:00,wallet,completed,732.43
PAY0003690,ORD0003690,2026-03-25 22:28:00,gift_card,completed,1387.93
PAY0003691,ORD0003691,2026-02-12 08:14:00,bank_transfer,completed,1483.77
PAY0003692,ORD0003692,2026-02-07 15:22:00,gift_card,completed,349.1
PAY0003693,ORD0003693,2026-01-27 17:56:00,gift_card,completed,2038.6
PAY0003694,ORD0003694,2026-03-22 19:02:00,bank_transfer,completed,1507.41
PAY0003695,ORD0003695,2026-04-10 07:37:00,gift_card,completed,3563.71
PAY0003696,ORD0003696,2026-02-28 01:27:00,card,completed,2971.98
PAY0003697,ORD0003697,2026-02-26 16:28:00,gift_card,completed,1396.08
PAY0003698,ORD0003698,2026-03-27 05:24:00,card,completed,1577.43
PAY0003699,ORD0003699,2026-01-24 06:37:00,card,completed,778.93
PAY0003700,ORD0003700,2026-02-11 04:21:00,wallet,completed,1618.08
PAY0003701,ORD0003701,2026-01-30 19:43:00,gift_card,failed,1812.27
PAY0003702,ORD0003702,2026-03-16 16:56:00,bank_transfer,completed,1860.39
PAY0003703,ORD0003703,2026-04-11 11:30:00,card,completed,676.72
PAY0003704,ORD0003704,2026-03-27 04:05:00,gift_card,completed,1922.62
PAY0003705,ORD0003705,2026-03-25 12:29:00,card,completed,1275.85
PAY0003706,ORD0003706,2026-03-05 00:44:00,bank_transfer,completed,1359.8
PAY0003707,ORD0003707,2026-04-04 05:02:00,card,failed,886.64
PAY0003708,ORD0003708,2026-03-27 01:26:00,wallet,completed,1101.54
PAY0003709,ORD0003709,2026-02-01 08:49:00,wallet,completed,575.1
PAY0003710,ORD0003710,2026-04-02 01:46:00,bank_transfer,completed,1239.12
PAY0003711,ORD0003711,2026-03-08 05:37:00,wallet,completed,1285.59
PAY0003712,ORD0003712,2026-02-20 13:49:00,card,completed,1947.41
PAY0003713,ORD0003713,2026-03-13 05:51:00,bank_transfer,completed,1271.18
PAY0003714,ORD0003714,2026-03-27 20:40:00,gift_card,completed,120.9
PAY0003715,ORD0003715,2026-03-08 16:32:00,bank_transfer,completed,859.72
PAY0003716,ORD0003716,2026-02-08 22:52:00,card,completed,279.15
PAY0003717,ORD0003717,2026-03-09 21:12:00,bank_transfer,refunded,892.62
PAY0003718,ORD0003718,2026-02-19 09:30:00,bank_transfer,completed,1768.8
PAY0003719,ORD0003719,2026-02-04 23:51:00,gift_card,completed,1346.86
PAY0003720,ORD0003720,2026-02-14 14:50:00,bank_transfer,completed,2067.77
PAY0003721,ORD0003721,2026-03-09 05:21:00,gift_card,completed,1244.37
PAY0003722,ORD0003722,2026-02-10 18:14:00,gift_card,completed,2249.86
PAY0003723,ORD0003723,2026-03-22 04:16:00,bank_transfer,completed,1980.99
PAY0003724,ORD0003724,2026-04-18 17:21:00,card,completed,313.83
PAY0003725,ORD0003725,2026-04-05 05:14:00,gift_card,completed,654.94
PAY0003726,ORD0003726,2026-02-28 23:58:00,wallet,completed,446.78
PAY0003727,ORD0003727,2026-04-20 21:25:00,wallet,completed,432.87
PAY0003728,ORD0003728,2026-03-09 03:48:00,bank_transfer,completed,371.34
PAY0003729,ORD0003729,2026-03-10 18:08:00,card,completed,913.26
PAY0003730,ORD0003730,2026-01-31 01:10:00,card,completed,2959.89
PAY0003731,ORD0003731,2026-04-10 21:47:00,card,completed,2089.1
PAY0003732,ORD0003732,2026-03-03 21:29:00,card,completed,595.47
PAY0003733,ORD0003733,2026-03-14 06:17:00,gift_card,completed,239.25
PAY0003734,ORD0003734,2026-03-21 19:33:00,card,completed,2272.59
PAY0003735,ORD0003735,2026-04-10 03:50:00,card,completed,1728.33
PAY0003736,ORD0003736,2026-03-02 01:25:00,bank_transfer,completed,1033.35
PAY0003737,ORD0003737,2026-04-14 13:20:00,wallet,completed,1189.57
PAY0003738,ORD0003738,2026-02-27 07:45:00,gift_card,completed,2547.4
PAY0003739,ORD0003739,2026-02-22 08:45:00,card,completed,1188.99
PAY0003740,ORD0003740,2026-02-05 07:41:00,gift_card,completed,1415.34
PAY0003741,ORD0003741,2026-04-17 01:28:00,card,completed,2048.58
PAY0003742,ORD0003742,2026-03-01 04:50:00,bank_transfer,completed,2124.57
PAY0003743,ORD0003743,2026-04-11 03:51:00,card,completed,117.98
PAY0003744,ORD0003744,2026-02-22 08:15:00,bank_transfer,completed,1153.29
PAY0003745,ORD0003745,2026-01-31 01:50:00,gift_card,refunded,1203.04
PAY0003746,ORD0003746,2026-01-28 22:24:00,gift_card,completed,227.62
PAY0003747,ORD0003747,2026-03-26 03:21:00,card,completed,313.74
PAY0003748,ORD0003748,2026-02-24 12:27:00,bank_transfer,completed,379.28
PAY0003749,ORD0003749,2026-02-04 17:20:00,card,completed,2160.58
PAY0003750,ORD0003750,2026-03-18 07:08:00,card,completed,1703.16
PAY0003751,ORD0003751,2026-04-06 01:24:00,gift_card,completed,1049.18
PAY0003752,ORD0003752,2026-02-16 10:39:00,card,completed,791.34
PAY0003753,ORD0003753,2026-02-21 23:31:00,wallet,completed,2103.22
PAY0003754,ORD0003754,2026-02-15 15:18:00,gift_card,completed,1121.15
PAY0003755,ORD0003755,2026-02-17 01:41:00,gift_card,completed,757.3
PAY0003756,ORD0003756,2026-03-16 04:36:00,gift_card,completed,3150.24
PAY0003757,ORD0003757,2026-04-21 04:25:00,bank_transfer,completed,1091.58
PAY0003758,ORD0003758,2026-03-03 11:12:00,wallet,completed,407.41
PAY0003759,ORD0003759,2026-04-12 10:10:00,card,completed,246.21
PAY0003760,ORD0003760,2026-02-16 10:35:00,gift_card,completed,1737.0
PAY0003761,ORD0003761,2026-04-11 12:19:00,bank_transfer,completed,575.5
PAY0003762,ORD0003762,2026-04-20 19:30:00,gift_card,completed,156.3
PAY0003763,ORD0003763,2026-02-19 10:09:00,gift_card,completed,454.62
PAY0003764,ORD0003764,2026-04-22 11:58:00,bank_transfer,completed,2228.08
PAY0003765,ORD0003765,2026-02-14 15:03:00,card,completed,850.56
PAY0003766,ORD0003766,2026-01-29 12:29:00,wallet,completed,1239.3
PAY0003767,ORD0003767,2026-04-19 00:19:00,card,completed,273.14
PAY0003768,ORD0003768,2026-03-19 00:10:00,gift_card,completed,1063.29
PAY0003769,ORD0003769,2026-04-18 20:20:00,card,completed,832.34
PAY0003770,ORD0003770,2026-04-04 17:43:00,wallet,completed,1210.71
PAY0003771,ORD0003771,2026-04-16 05:05:00,card,completed,790.89
PAY0003772,ORD0003772,2026-04-01 05:28:00,bank_transfer,completed,505.56
PAY0003773,ORD0003773,2026-04-14 20:40:00,bank_transfer,refunded,2411.01
PAY0003774,ORD0003774,2026-04-16 00:41:00,gift_card,completed,763.11
PAY0003775,ORD0003775,2026-03-20 09:14:00,gift_card,completed,802.46
PAY0003776,ORD0003776,2026-04-23 21:33:00,wallet,completed,2430.95
PAY0003777,ORD0003777,2026-03-16 01:40:00,card,completed,1216.91
PAY0003778,ORD0003778,2026-03-01 04:31:00,bank_transfer,completed,1188.72
PAY0003779,ORD0003779,2026-04-17 22:51:00,card,completed,2881.39
PAY0003780,ORD0003780,2026-02-20 10:50:00,gift_card,refunded,2149.46
PAY0003781,ORD0003781,2026-02-12 04:30:00,card,completed,982.82
PAY0003782,ORD0003782,2026-04-07 22:19:00,gift_card,completed,1407.88
PAY0003783,ORD0003783,2026-02-06 12:35:00,card,completed,2237.09
PAY0003784,ORD0003784,2026-04-05 19:06:00,card,completed,1914.03
PAY0003785,ORD0003785,2026-03-13 08:11:00,gift_card,completed,235.15
PAY0003786,ORD0003786,2026-02-04 17:03:00,wallet,completed,851.44
PAY0003787,ORD0003787,2026-04-07 03:30:00,gift_card,completed,1448.8
PAY0003788,ORD0003788,2026-03-07 00:05:00,wallet,completed,372.4
PAY0003789,ORD0003789,2026-04-09 11:32:00,bank_transfer,completed,1906.88
PAY0003790,ORD0003790,2026-02-17 03:42:00,bank_transfer,completed,1571.62
PAY0003791,ORD0003791,2026-02-10 11:37:00,gift_card,completed,904.9
PAY0003792,ORD0003792,2026-04-17 15:06:00,gift_card,completed,1197.32
PAY0003793,ORD0003793,2026-01-26 20:30:00,gift_card,completed,227.06
PAY0003794,ORD0003794,2026-03-22 02:02:00,card,completed,713.8
PAY0003795,ORD0003795,2026-01-31 15:05:00,bank_transfer,refunded,98.01
PAY0003796,ORD0003796,2026-03-14 21:14:00,wallet,completed,1995.73
PAY0003797,ORD0003797,2026-03-16 02:47:00,gift_card,completed,2770.91
PAY0003798,ORD0003798,2026-03-27 12:56:00,bank_transfer,completed,1605.34
PAY0003799,ORD0003799,2026-02-17 06:35:00,bank_transfer,completed,2778.38
PAY0003800,ORD0003800,2026-03-11 20:32:00,wallet,completed,627.66
PAY0003801,ORD0003801,2026-04-08 23:37:00,bank_transfer,completed,199.24
PAY0003802,ORD0003802,2026-02-18 01:57:00,wallet,completed,2183.66
PAY0003803,ORD0003803,2026-02-24 20:02:00,wallet,completed,556.17
PAY0003804,ORD0003804,2026-02-28 13:03:00,card,completed,1081.81
PAY0003805,ORD0003805,2026-03-06 23:37:00,card,completed,601.18
PAY0003806,ORD0003806,2026-03-22 21:24:00,bank_transfer,completed,1763.07
PAY0003807,ORD0003807,2026-03-06 17:20:00,gift_card,completed,1114.77
PAY0003808,ORD0003808,2026-03-19 08:43:00,bank_transfer,completed,363.19
PAY0003809,ORD0003809,2026-02-12 05:22:00,card,completed,1346.05
PAY0003810,ORD0003810,2026-03-19 07:36:00,gift_card,completed,541.88
PAY0003811,ORD0003811,2026-03-28 06:58:00,card,completed,1181.79
PAY0003812,ORD0003812,2026-03-14 14:03:00,wallet,completed,1143.8
PAY0003813,ORD0003813,2026-03-24 16:07:00,wallet,completed,1271.46
PAY0003814,ORD0003814,2026-02-03 17:11:00,gift_card,completed,1434.41
PAY0003815,ORD0003815,2026-03-31 03:09:00,wallet,completed,2093.97
PAY0003816,ORD0003816,2026-02-26 15:11:00,card,completed,1014.05
PAY0003817,ORD0003817,2026-04-05 04:35:00,card,completed,904.23
PAY0003818,ORD0003818,2026-01-24 09:35:00,bank_transfer,completed,1183.0
PAY0003819,ORD0003819,2026-04-19 21:24:00,wallet,completed,363.01
PAY0003820,ORD0003820,2026-03-16 10:04:00,bank_transfer,completed,1008.36
PAY0003821,ORD0003821,2026-04-06 19:26:00,card,completed,1593.77
PAY0003822,ORD0003822,2026-03-24 05:32:00,card,completed,2176.46
PAY0003823,ORD0003823,2026-02-21 10:46:00,bank_transfer,completed,1538.18
PAY0003824,ORD0003824,2026-03-22 06:21:00,gift_card,completed,684.03
PAY0003825,ORD0003825,2026-02-25 13:20:00,wallet,completed,739.26
PAY0003826,ORD0003826,2026-03-11 09:27:00,bank_transfer,completed,1490.14
PAY0003827,ORD0003827,2026-03-17 08:34:00,card,completed,2226.61
PAY0003828,ORD0003828,2026-02-12 08:10:00,bank_transfer,refunded,290.72
PAY0003829,ORD0003829,2026-04-17 00:27:00,bank_transfer,completed,1409.53
PAY0003830,ORD0003830,2026-03-18 12:38:00,wallet,completed,456.02
PAY0003831,ORD0003831,2026-02-26 21:26:00,card,completed,915.6
PAY0003832,ORD0003832,2026-02-04 17:52:00,card,completed,459.28
PAY0003833,ORD0003833,2026-03-11 00:32:00,bank_transfer,completed,2745.15
PAY0003834,ORD0003834,2026-04-14 04:50:00,bank_transfer,completed,1554.97
PAY0003835,ORD0003835,2026-04-19 14:27:00,wallet,completed,237.92
PAY0003836,ORD0003836,2026-03-14 09:21:00,wallet,refunded,1667.84
PAY0003837,ORD0003837,2026-04-19 11:02:00,wallet,completed,632.99
PAY0003838,ORD0003838,2026-02-18 00:15:00,card,failed,805.45
PAY0003839,ORD0003839,2026-03-18 01:27:00,wallet,completed,375.88
PAY0003840,ORD0003840,2026-04-20 16:56:00,bank_transfer,completed,1810.92
PAY0003841,ORD0003841,2026-04-11 00:03:00,card,completed,26.94
PAY0003842,ORD0003842,2026-04-11 17:13:00,bank_transfer,failed,1641.69
PAY0003843,ORD0003843,2026-04-10 10:15:00,wallet,completed,1089.74
PAY0003844,ORD0003844,2026-04-11 04:04:00,gift_card,completed,872.74
PAY0003845,ORD0003845,2026-01-28 18:54:00,bank_transfer,completed,958.5
PAY0003846,ORD0003846,2026-02-18 14:11:00,wallet,completed,326.57
PAY0003847,ORD0003847,2026-02-23 14:22:00,bank_transfer,completed,182.11
PAY0003848,ORD0003848,2026-01-24 07:56:00,wallet,completed,846.24
PAY0003849,ORD0003849,2026-02-16 04:30:00,wallet,completed,284.48
PAY0003850,ORD0003850,2026-04-02 03:15:00,bank_transfer,completed,3443.09
PAY0003851,ORD0003851,2026-03-01 20:07:00,card,completed,2847.65
PAY0003852,ORD0003852,2026-02-10 12:37:00,card,completed,1546.4
PAY0003853,ORD0003853,2026-02-09 22:02:00,bank_transfer,completed,749.34
PAY0003854,ORD0003854,2026-01-27 01:20:00,wallet,completed,2043.94
PAY0003855,ORD0003855,2026-03-23 21:38:00,wallet,completed,1647.18
PAY0003856,ORD0003856,2026-01-31 11:04:00,wallet,completed,1629.79
PAY0003857,ORD0003857,2026-04-16 20:42:00,card,completed,2411.45
PAY0003858,ORD0003858,2026-02-28 08:27:00,wallet,completed,2257.05
PAY0003859,ORD0003859,2026-04-16 09:21:00,bank_transfer,completed,697.64
PAY0003860,ORD0003860,2026-03-25 04:25:00,wallet,failed,1923.98
PAY0003861,ORD0003861,2026-02-23 09:04:00,card,completed,1251.81
PAY0003862,ORD0003862,2026-01-31 22:55:00,card,refunded,408.48
PAY0003863,ORD0003863,2026-04-17 08:59:00,gift_card,completed,1772.01
PAY0003864,ORD0003864,2026-03-19 04:27:00,gift_card,completed,1095.88
PAY0003865,ORD0003865,2026-04-20 15:49:00,card,completed,943.83
PAY0003866,ORD0003866,2026-03-03 22:28:00,card,completed,289.2
PAY0003867,ORD0003867,2026-03-21 04:11:00,bank_transfer,refunded,588.94
PAY0003868,ORD0003868,2026-03-08 09:45:00,card,completed,2219.32
PAY0003869,ORD0003869,2026-03-29 07:03:00,card,completed,2372.02
PAY0003870,ORD0003870,2026-01-28 04:10:00,wallet,completed,2837.24
PAY0003871,ORD0003871,2026-01-24 23:47:00,wallet,completed,1364.7
PAY0003872,ORD0003872,2026-04-09 10:23:00,card,completed,2790.73
PAY0003873,ORD0003873,2026-01-24 00:57:00,card,completed,2569.68
PAY0003874,ORD0003874,2026-04-08 01:37:00,bank_transfer,completed,259.88
PAY0003875,ORD0003875,2026-04-23 06:26:00,wallet,completed,1585.54
PAY0003876,ORD0003876,2026-03-03 10:57:00,bank_transfer,completed,555.44
PAY0003877,ORD0003877,2026-03-18 19:01:00,wallet,completed,102.66
PAY0003878,ORD0003878,2026-03-13 08:28:00,gift_card,completed,2298.78
PAY0003879,ORD0003879,2026-02-20 12:32:00,card,completed,1104.89
PAY0003880,ORD0003880,2026-02-21 06:49:00,bank_transfer,completed,1014.04
PAY0003881,ORD0003881,2026-01-31 02:44:00,card,completed,845.25
PAY0003882,ORD0003882,2026-03-30 10:58:00,wallet,completed,259.68
PAY0003883,ORD0003883,2026-04-11 08:59:00,card,completed,1788.43
PAY0003884,ORD0003884,2026-04-08 15:26:00,wallet,completed,1709.09
PAY0003885,ORD0003885,2026-04-17 13:46:00,bank_transfer,completed,1555.65
PAY0003886,ORD0003886,2026-01-24 21:25:00,card,completed,215.34
PAY0003887,ORD0003887,2026-03-10 11:50:00,card,completed,1951.72
PAY0003888,ORD0003888,2026-04-07 12:40:00,wallet,completed,68.48
PAY0003889,ORD0003889,2026-02-03 18:37:00,gift_card,completed,1401.49
PAY0003890,ORD0003890,2026-04-02 10:16:00,wallet,completed,1920.92
PAY0003891,ORD0003891,2026-02-17 21:17:00,gift_card,completed,114.42
PAY0003892,ORD0003892,2026-04-02 02:05:00,wallet,completed,1723.17
PAY0003893,ORD0003893,2026-04-05 14:08:00,gift_card,completed,1315.36
PAY0003894,ORD0003894,2026-02-02 21:18:00,wallet,completed,1531.28
PAY0003895,ORD0003895,2026-02-16 00:45:00,gift_card,completed,1971.1
PAY0003896,ORD0003896,2026-02-10 04:56:00,card,completed,965.55
PAY0003897,ORD0003897,2026-04-17 18:02:00,bank_transfer,completed,326.11
PAY0003898,ORD0003898,2026-04-12 21:20:00,card,completed,2018.48
PAY0003899,ORD0003899,2026-03-27 07:01:00,bank_transfer,completed,385.66
PAY0003900,ORD0003900,2026-02-16 08:45:00,gift_card,completed,782.36
PAY0003901,ORD0003901,2026-01-30 22:53:00,bank_transfer,failed,2800.49
PAY0003902,ORD0003902,2026-04-01 20:55:00,card,completed,3206.81
PAY0003903,ORD0003903,2026-03-30 22:09:00,card,completed,906.7
PAY0003904,ORD0003904,2026-02-22 01:02:00,bank_transfer,completed,2878.38
PAY0003905,ORD0003905,2026-02-22 03:11:00,wallet,completed,963.32
PAY0003906,ORD0003906,2026-04-21 13:54:00,bank_transfer,completed,3351.34
PAY0003907,ORD0003907,2026-03-15 12:21:00,wallet,completed,529.73
PAY0003908,ORD0003908,2026-03-07 16:45:00,card,completed,2465.14
PAY0003909,ORD0003909,2026-03-04 18:05:00,card,completed,1904.43
PAY0003910,ORD0003910,2026-04-17 09:04:00,gift_card,completed,1544.03
PAY0003911,ORD0003911,2026-04-18 09:43:00,card,completed,142.21
PAY0003912,ORD0003912,2026-02-01 11:59:00,gift_card,completed,793.59
PAY0003913,ORD0003913,2026-02-22 13:23:00,bank_transfer,completed,2726.87
PAY0003914,ORD0003914,2026-02-07 20:18:00,gift_card,completed,1244.14
PAY0003915,ORD0003915,2026-01-24 19:38:00,card,completed,864.45
PAY0003916,ORD0003916,2026-02-10 08:59:00,gift_card,completed,223.5
PAY0003917,ORD0003917,2026-03-12 05:10:00,bank_transfer,completed,719.35
PAY0003918,ORD0003918,2026-03-04 21:35:00,wallet,completed,71.01
PAY0003919,ORD0003919,2026-02-25 12:38:00,wallet,completed,1499.29
PAY0003920,ORD0003920,2026-04-20 03:50:00,bank_transfer,completed,1673.64
PAY0003921,ORD0003921,2026-04-13 12:48:00,gift_card,completed,819.45
PAY0003922,ORD0003922,2026-04-12 10:51:00,card,refunded,1398.12
PAY0003923,ORD0003923,2026-04-17 02:41:00,wallet,completed,778.42
PAY0003924,ORD0003924,2026-04-17 19:57:00,bank_transfer,completed,840.51
PAY0003925,ORD0003925,2026-04-15 01:28:00,gift_card,completed,1930.57
PAY0003926,ORD0003926,2026-03-07 12:47:00,card,completed,2851.58
PAY0003927,ORD0003927,2026-01-27 15:16:00,wallet,completed,774.7
PAY0003928,ORD0003928,2026-02-23 06:21:00,bank_transfer,completed,1377.03
PAY0003929,ORD0003929,2026-01-29 16:39:00,gift_card,completed,378.65
PAY0003930,ORD0003930,2026-03-15 10:18:00,wallet,completed,268.85
PAY0003931,ORD0003931,2026-02-28 17:45:00,card,completed,551.91
PAY0003932,ORD0003932,2026-01-27 13:45:00,card,completed,1449.33
PAY0003933,ORD0003933,2026-01-24 16:18:00,card,completed,860.45
PAY0003934,ORD0003934,2026-02-13 12:04:00,bank_transfer,completed,316.73
PAY0003935,ORD0003935,2026-02-20 22:46:00,wallet,completed,1855.33
PAY0003936,ORD0003936,2026-03-16 08:07:00,wallet,completed,872.34
PAY0003937,ORD0003937,2026-03-18 23:20:00,wallet,completed,1185.23
PAY0003938,ORD0003938,2026-04-15 14:12:00,gift_card,completed,2374.78
PAY0003939,ORD0003939,2026-02-21 09:25:00,bank_transfer,completed,2602.96
PAY0003940,ORD0003940,2026-02-28 06:20:00,card,completed,2342.21
PAY0003941,ORD0003941,2026-03-06 08:50:00,bank_transfer,completed,1464.78
PAY0003942,ORD0003942,2026-04-03 20:41:00,card,completed,1449.32
PAY0003943,ORD0003943,2026-02-25 22:17:00,gift_card,completed,677.5
PAY0003944,ORD0003944,2026-03-26 20:55:00,gift_card,completed,3109.65
PAY0003945,ORD0003945,2026-02-12 19:38:00,bank_transfer,completed,529.06
PAY0003946,ORD0003946,2026-04-22 16:23:00,card,completed,1046.16
PAY0003947,ORD0003947,2026-03-24 14:14:00,bank_transfer,completed,714.06
PAY0003948,ORD0003948,2026-02-20 21:47:00,wallet,completed,450.52
PAY0003949,ORD0003949,2026-01-25 12:53:00,wallet,completed,536.13
PAY0003950,ORD0003950,2026-04-22 12:39:00,bank_transfer,completed,1115.91
PAY0003951,ORD0003951,2026-02-10 06:30:00,card,completed,1790.32
PAY0003952,ORD0003952,2026-02-22 01:03:00,card,completed,3085.81
PAY0003953,ORD0003953,2026-02-15 02:10:00,bank_transfer,completed,886.22
PAY0003954,ORD0003954,2026-02-03 12:07:00,gift_card,completed,2117.32
PAY0003955,ORD0003955,2026-04-20 02:55:00,card,completed,2303.1
PAY0003956,ORD0003956,2026-04-09 07:12:00,wallet,completed,382.35
PAY0003957,ORD0003957,2026-03-21 20:17:00,wallet,completed,992.64
PAY0003958,ORD0003958,2026-04-12 14:41:00,wallet,completed,1689.95
PAY0003959,ORD0003959,2026-03-11 18:18:00,gift_card,completed,1835.13
PAY0003960,ORD0003960,2026-02-15 20:14:00,wallet,completed,787.56
PAY0003961,ORD0003961,2026-04-08 17:03:00,gift_card,completed,246.2
PAY0003962,ORD0003962,2026-04-02 06:35:00,bank_transfer,completed,1168.14
PAY0003963,ORD0003963,2026-03-06 08:37:00,wallet,completed,366.8
PAY0003964,ORD0003964,2026-04-06 08:54:00,wallet,refunded,875.66
PAY0003965,ORD0003965,2026-03-02 11:42:00,bank_transfer,completed,552.49
PAY0003966,ORD0003966,2026-04-22 00:41:00,wallet,completed,305.22
PAY0003967,ORD0003967,2026-03-06 03:06:00,wallet,completed,172.11
PAY0003968,ORD0003968,2026-03-16 10:35:00,card,completed,679.98
PAY0003969,ORD0003969,2026-03-07 13:02:00,wallet,completed,967.25
PAY0003970,ORD0003970,2026-03-09 21:01:00,gift_card,failed,62.84
PAY0003971,ORD0003971,2026-04-02 02:52:00,card,completed,271.54
PAY0003972,ORD0003972,2026-03-02 11:43:00,wallet,completed,606.68
PAY0003973,ORD0003973,2026-04-03 00:10:00,gift_card,completed,1243.02
PAY0003974,ORD0003974,2026-02-09 04:23:00,bank_transfer,completed,1139.55
PAY0003975,ORD0003975,2026-02-22 22:27:00,wallet,completed,625.91
PAY0003976,ORD0003976,2026-04-21 19:58:00,bank_transfer,completed,248.69
PAY0003977,ORD0003977,2026-03-15 22:52:00,wallet,completed,1305.1
PAY0003978,ORD0003978,2026-04-16 20:46:00,card,completed,606.25
PAY0003979,ORD0003979,2026-03-08 07:36:00,bank_transfer,completed,745.33
PAY0003980,ORD0003980,2026-01-24 00:54:00,card,completed,1549.19
PAY0003981,ORD0003981,2026-02-01 09:10:00,gift_card,failed,2380.32
PAY0003982,ORD0003982,2026-04-18 23:29:00,bank_transfer,completed,1071.48
PAY0003983,ORD0003983,2026-01-28 17:36:00,gift_card,completed,1919.32
PAY0003984,ORD0003984,2026-04-07 19:40:00,wallet,completed,428.04
PAY0003985,ORD0003985,2026-01-28 05:41:00,gift_card,completed,918.41
PAY0003986,ORD0003986,2026-04-07 16:51:00,wallet,completed,937.31
PAY0003987,ORD0003987,2026-03-20 14:30:00,bank_transfer,completed,2654.26
PAY0003988,ORD0003988,2026-04-20 02:36:00,wallet,completed,2676.08
PAY0003989,ORD0003989,2026-04-23 14:57:00,wallet,completed,1734.54
PAY0003990,ORD0003990,2026-02-08 04:34:00,gift_card,failed,487.23
PAY0003991,ORD0003991,2026-02-01 11:19:00,card,completed,712.25
PAY0003992,ORD0003992,2026-03-23 04:42:00,bank_transfer,completed,2385.81
PAY0003993,ORD0003993,2026-02-22 16:04:00,bank_transfer,completed,1193.44
PAY0003994,ORD0003994,2026-03-13 11:39:00,gift_card,completed,544.9
PAY0003995,ORD0003995,2026-02-10 10:02:00,wallet,completed,1837.91
PAY0003996,ORD0003996,2026-04-19 09:35:00,card,completed,655.83
PAY0003997,ORD0003997,2026-01-30 05:46:00,bank_transfer,completed,42.54
PAY0003998,ORD0003998,2026-01-25 11:19:00,card,refunded,696.71
PAY0003999,ORD0003999,2026-04-20 19:17:00,card,completed,1038.14
PAY0004000,ORD0004000,2026-02-12 22:05:00,bank_transfer,refunded,2601.98
