family_id,site_state,referral_date,referral_source,outreach_attempts,engagement_status,service_type,flexible_funds_amount,case_review_flag,follow_up_completed,outcome_status,site_state_original,referral_date_raw,flexible_funds_amount_raw,fund_amount_capped_flag,engagement_status_valid,outcome_status_valid,duplicate_family_id_flag
FAM-100000,Illinois,2025-02-02,School,4,Engaged,Parent coaching,52.63,False,True,Needs met,illinois,2025-02-02,52.63,False,True,True,False
FAM-100001,Washington,2025-10-10,School,3,Engaged,Parent coaching,36.32,False,True,Needs met,washington,2025-10-10,36.32,False,True,True,False
FAM-100002,Ohio,2025-08-27,School,1,Engaged,Benefits enrollment,235.54,False,True,Connected to ongoing service,Ohio,2025-08-27,235.54,False,True,True,False
FAM-100003,New York,2025-06-10,School,2,Engaged,Housing navigation,177.61,False,True,Needs met,new york,2025-06-10,177.61,False,True,True,False
FAM-100004,Texas,2025-06-08,Health provider,2,Engaged,Mental health referral,124.83,False,True,Connected to ongoing service,Texas,2025-06-08,124.83,False,True,True,False
FAM-100005,Ohio,2025-11-10,School,2,Pending outreach,Housing navigation,54.78,False,False,No response after outreach,ohio,2025-11-10,54.78,False,True,True,False
FAM-100006,Washington,2025-02-01,CPS hotline screened-out,4,Engaged,Benefits enrollment,4.8,True,True,Connected to ongoing service,Wash.,2025-02-01,4.8,False,True,True,False
FAM-100007,Texas,2025-09-12,Health provider,1,Engaged,Housing navigation,288.69,False,True,Needs met,TX,2025-09-12,288.69,False,True,True,False
FAM-100008,Ohio,2025-03-15,Community partner,1,Engaged,Housing navigation,229.81,False,True,Needs met,Ohio,2025-03-15,229.81,False,True,True,False
FAM-100009,New York,2025-02-04,CPS hotline screened-out,1,Engaged,Mental health referral,151.93,False,True,Connected to ongoing service,N.Y.,2025-02-04,151.93,False,True,True,False
FAM-100010,Washington,2025-07-12,Family resource center,1,Engaged,Housing navigation,150.61,False,True,Needs met,Washington,2025-07-12,150.61,False,True,True,False
FAM-100011,Texas,2025-12-23,Community partner,1,Engaged,Legal aid referral,106.04,False,False,Still active,texas,2025-12-23,106.04,False,True,True,False
FAM-100012,Washington,2025-09-26,Health provider,5,Engaged,Parent coaching,145.52,False,True,Needs met,Washington,2025-09-26,145.52,False,True,True,False
FAM-100013,Illinois,2025-10-05,Community partner,1,Engaged,Parent coaching,40.53,False,True,Needs met,illinois,2025-10-05,40.53,False,True,True,False
FAM-100014,Washington,2025-09-19,School,1,Unable to contact,Mental health referral,0.0,False,False,No response after outreach,Washington,2025-09-19,,False,True,True,False
FAM-100015,Texas,2025-10-14,School,1,Engaged,Housing navigation,106.87,True,True,Needs met,Texas,2025-10-14,106.87,False,True,True,False
FAM-100016,Illinois,2025-07-07,CPS hotline screened-out,2,Engaged,Housing navigation,466.91,True,False,Still active,illinois,2025-07-07,466.91,False,True,True,False
FAM-100017,Ohio,2025-02-16,Family resource center,1,Unable to contact,Parent coaching,130.4,False,False,No response after outreach,ohio,2025-02-16,130.4,False,True,True,False
FAM-100018,Unknown,2025-11-03,Community partner,2,Engaged,Housing navigation,421.45,False,True,Needs met,,2025-11-03,421.45,False,True,True,False
FAM-100019,Unknown,2025-06-14,Health provider,8,Engaged,Child care support,229.11,False,False,No response after outreach,,2025-06-14,229.11,False,True,True,False
FAM-100020,Ohio,2025-07-02,Health provider,2,Engaged,Housing navigation,396.14,False,True,Needs met,Ohio,2025-07-02,396.14,False,True,True,False
FAM-100021,Washington,2025-05-16,School,0,Engaged,Parent coaching,71.63,False,True,Connected to ongoing service,WA,2025-05-16,71.63,False,True,True,False
FAM-100022,New York,2025-03-08,Health provider,2,Engaged,Mental health referral,266.11,False,True,Connected to ongoing service,NY,2025-03-08,266.11,False,True,True,False
FAM-100023,Ohio,2025-12-05,Health provider,3,Pending outreach,No service recorded,0.0,False,True,No response after outreach,OH,2025-12-05,0.0,False,True,True,False
FAM-100024,Ohio,2025-10-13,CPS hotline screened-out,6,Pending outreach,No service recorded,0.0,False,False,No response after outreach,Ohio,2025-10-13,0.0,False,True,True,False
FAM-100025,New York,2025-08-24,Self-referral,2,Pending outreach,No service recorded,0.0,False,True,Still active,NY,2025-08-24,0.0,False,True,True,False
FAM-100026,Washington,2025-05-27,CPS hotline screened-out,3,Engaged,Legal aid referral,81.7,False,True,Still active,Washington,2025-05-27,81.7,False,True,True,False
FAM-100027,Texas,2025-10-28,School,1,Engaged,Housing navigation,533.34,False,False,Still active,Texas,2025-10-28,533.34,False,True,True,False
FAM-100028,Illinois,2025-07-19,School,0,Engaged,Legal aid referral,66.4,False,True,Needs met,IL,2025-07-19,66.4,False,True,True,False
FAM-100029,Washington,2025-06-11,School,4,Engaged,Child care support,638.48,False,True,Needs met,washington,2025-06-11,638.48,False,True,True,False
FAM-100030,Washington,2025-06-14,CPS hotline screened-out,2,Engaged,Child care support,142.57,False,True,Still active,Wash.,2025-06-14,142.57,False,True,True,False
FAM-100031,New York,2025-03-24,Self-referral,2,Engaged,Parent coaching,117.54,False,True,Connected to ongoing service,NY,2025-03-24,117.54,False,True,True,False
FAM-100032,Washington,2025-02-03,School,2,Engaged,Housing navigation,166.35,False,True,Connected to ongoing service,WA,2025-02-03,166.35,False,True,True,False
FAM-100033,Illinois,2025-07-22,CPS hotline screened-out,3,Engaged,Mental health referral,102.21,True,False,Still active,Ill.,2025-07-22,102.21,False,True,True,False
FAM-100034,Washington,2025-11-21,CPS hotline screened-out,3,Engaged,Concrete supports,178.29,False,True,Needs met,washington,2025-11-21,178.29,False,True,True,False
FAM-100035,Texas,2025-01-24,Health provider,2,Unable to contact,No service recorded,0.0,False,True,No response after outreach,texas,2025-01-24,0.0,False,True,True,False
FAM-100036,Texas,2025-11-10,Health provider,2,Engaged,Concrete supports,271.42,False,True,Still active,texas,2025-11-10,271.42,False,True,True,False
FAM-100037,Illinois,2025-10-30,Health provider,2,Declined,No service recorded,0.0,False,True,Family declined services,Ill.,2025-10-30,0.0,False,True,True,False
FAM-100038,Washington,2025-04-12,Self-referral,0,Engaged,Concrete supports,199.04,False,True,Connected to ongoing service,Wash.,2025-04-12,199.04,False,True,True,False
FAM-100039,Illinois,2025-08-19,Self-referral,3,Engaged,Child care support,429.06,False,False,No response after outreach,IL,2025-08-19,429.06,False,True,True,False
FAM-100040,New York,2025-03-02,Family resource center,1,Engaged,Housing navigation,378.14,False,True,Needs met,NY,2025-03-02,378.14,False,True,True,False
FAM-100041,Illinois,2025-10-04,Family resource center,5,Engaged,Housing navigation,161.69,True,True,Needs met,IL,2025-10-04,161.69,False,True,True,False
FAM-100042,Texas,2025-09-13,Family resource center,2,Engaged,Legal aid referral,41.35,False,False,Still active,Texas,2025-09-13,41.35,False,True,True,False
FAM-100043,Illinois,2025-05-10,Self-referral,2,Engaged,Benefits enrollment,32.94,False,True,Still active,illinois,2025-05-10,32.94,False,True,True,False
FAM-100044,Washington,2025-01-25,School,1,Unable to contact,Mental health referral,26.24,False,False,No response after outreach,washington,2025-01-25,26.24,False,True,True,False
FAM-100045,Texas,2025-12-21,Health provider,1,Engaged,Mental health referral,149.14,False,True,Needs met,texas,2025-12-21,149.14,False,True,True,False
FAM-100046,Illinois,2025-06-12,Health provider,4,Engaged,Concrete supports,126.34,False,True,Needs met,Illinois,2025-06-12,126.34,False,True,True,False
FAM-100047,Illinois,2025-11-22,Community partner,1,Pending outreach,No service recorded,0.0,False,False,Still active,IL,2025-11-22,0.0,False,True,True,False
FAM-100048,Illinois,2025-09-05,Self-referral,2,Engaged,Concrete supports,346.65,False,True,Connected to ongoing service,Illinois,2025-09-05,346.65,False,True,True,False
FAM-100049,Texas,2025-10-12,Health provider,2,Engaged,Parent coaching,50.91,False,True,Connected to ongoing service,texas,2025-10-12,50.91,False,True,True,False
FAM-100050,Texas,2025-10-05,Health provider,0,Engaged,Housing navigation,523.18,False,True,Needs met,Texas,2025-10-05,523.18,False,True,True,False
FAM-100051,Illinois,2025-03-13,Family resource center,2,Engaged,No service recorded,852.96,False,True,Still active,Illinois,2025-03-13,852.96,False,True,True,False
FAM-100052,Washington,2025-05-13,Self-referral,4,Engaged,Parent coaching,35.73,True,True,Connected to ongoing service,washington,2025-05-13,35.73,False,True,True,False
FAM-100053,Illinois,2025-06-20,Family resource center,0,Engaged,Legal aid referral,50.09,False,True,Still active,Ill.,2025-06-20,50.09,False,True,True,False
FAM-100054,Texas,2025-07-01,Family resource center,4,Unable to contact,No service recorded,0.0,False,False,No response after outreach,texas,2025-07-01,0.0,False,True,True,False
FAM-100055,Washington,2025-01-16,Self-referral,6,Engaged,Mental health referral,68.2,False,True,Needs met,Washington,2025-01-16,68.2,False,True,True,False
FAM-100056,Texas,2025-07-19,Community partner,3,Engaged,Benefits enrollment,64.38,False,True,Needs met,Texas,2025-07-19,64.38,False,True,True,False
FAM-100057,Texas,2025-02-26,Community partner,2,Engaged,Parent coaching,19.39,False,True,Connected to ongoing service,Texas,2025-02-26,19.39,False,True,True,False
FAM-100058,Washington,2025-09-29,Community partner,4,Pending outreach,No service recorded,0.0,False,False,Still active,WA,2025-09-29,0.0,False,True,True,False
FAM-100059,Illinois,2025-09-07,Self-referral,3,Declined,Housing navigation,864.13,False,True,Family declined services,illinois,2025-09-07,864.13,False,True,True,False
FAM-100060,Illinois,2025-12-03,Family resource center,7,Pending outreach,No service recorded,0.0,False,True,Still active,IL,2025-12-03,0.0,False,True,True,False
FAM-100061,Illinois,2025-09-29,Family resource center,1,Unable to contact,Child care support,230.6,False,False,No response after outreach,Illinois,2025-09-29,230.6,False,True,True,False
FAM-100062,Ohio,2025-05-14,Self-referral,3,Unable to contact,No service recorded,0.0,False,False,No response after outreach,OH,2025-05-14,0.0,False,True,True,False
FAM-100063,Texas,2025-12-20,Self-referral,3,Engaged,Mental health referral,121.19,False,True,Connected to ongoing service,Texas,2025-12-20,121.19,False,True,True,False
FAM-100064,Texas,2025-05-30,Family resource center,4,Pending outreach,No service recorded,0.0,False,False,No response after outreach,Texas,2025-05-30,0.0,False,True,True,False
FAM-100065,Washington,2025-04-29,Self-referral,0,Engaged,Legal aid referral,124.27,False,True,Connected to ongoing service,Washington,2025-04-29,124.27,False,True,True,False
FAM-100066,Illinois,2025-11-27,CPS hotline screened-out,2,Engaged,Benefits enrollment,14.26,False,False,Still active,Illinois,2025-11-27,14.26,False,True,True,False
FAM-100067,Texas,2025-05-16,Health provider,1,Unable to contact,Parent coaching,58.52,False,False,No response after outreach,TX,2025-05-16,58.52,False,True,True,False
FAM-100068,Illinois,2025-01-28,School,2,Engaged,Legal aid referral,149.13,False,True,Still active,Ill.,2025-01-28,149.13,False,True,True,False
FAM-100069,New York,2025-06-21,Health provider,2,Engaged,Housing navigation,1500.0,False,False,No response after outreach,N.Y.,2025-06-21,2500.0,True,True,True,False
FAM-100070,Texas,2025-10-18,Health provider,5,Engaged,Benefits enrollment,59.71,False,False,No response after outreach,Texas,2025-10-18,59.71,False,True,True,False
FAM-100071,Washington,2025-03-11,Community partner,3,Engaged,Parent coaching,18.06,False,True,Still active,Washington,2025-03-11,18.06,False,True,True,False
FAM-100072,Texas,2025-06-18,Community partner,0,Declined,No service recorded,0.0,False,True,Family declined services,TX,2025-06-18,0.0,False,True,True,False
FAM-100073,Illinois,2025-02-17,CPS hotline screened-out,5,Engaged,Housing navigation,171.65,False,True,Still active,illinois,2025-02-17,171.65,False,True,True,False
FAM-100074,Texas,2025-09-08,Community partner,2,Declined,Concrete supports,204.35,True,True,Family declined services,texas,2025-09-08,204.35,False,True,True,False
FAM-100075,Illinois,2025-06-23,Self-referral,4,Engaged,No service recorded,198.47,False,True,Connected to ongoing service,Ill.,2025-06-23,198.47,False,True,True,False
FAM-100076,Washington,2025-05-01,Health provider,4,Unable to contact,No service recorded,0.0,False,True,No response after outreach,WA,2025-05-01,0.0,False,True,True,False
FAM-100077,Texas,2025-03-24,Family resource center,1,Engaged,Child care support,132.67,False,True,Needs met,Texas,2025-03-24,132.67,False,True,True,False
FAM-100078,Illinois,2025-07-26,Family resource center,1,Pending outreach,No service recorded,0.0,False,False,Still active,Illinois,2025-07-26,0.0,False,True,True,False
FAM-100079,Illinois,2025-09-02,Family resource center,1,Engaged,Housing navigation,76.25,False,True,Still active,Illinois,2025-09-02,76.25,False,True,True,False
FAM-100080,Illinois,2025-12-10,Community partner,2,Engaged,Parent coaching,24.51,False,True,Still active,Illinois,2025-12-10,24.51,False,True,True,False
FAM-100081,Washington,2025-06-09,School,6,Engaged,Concrete supports,172.83,False,True,Connected to ongoing service,Wash.,2025-06-09,172.83,False,True,True,False
FAM-100082,Ohio,2025-02-28,CPS hotline screened-out,2,Engaged,No service recorded,147.16,False,True,Needs met,Ohio,2025-02-28,147.16,False,True,True,False
FAM-100083,Texas,2025-10-31,CPS hotline screened-out,2,Engaged,Child care support,560.94,False,False,No response after outreach,texas,2025-10-31,560.94,False,True,True,False
FAM-100084,Texas,2025-08-18,Community partner,2,Unable to contact,Concrete supports,293.34,False,False,No response after outreach,TX,2025-08-18,293.34,False,True,True,False
FAM-100085,Ohio,2025-09-13,Community partner,2,Pending outreach,Concrete supports,108.65,False,False,No response after outreach,OH,2025-09-13,108.65,False,True,True,False
FAM-100086,Illinois,2025-02-05,CPS hotline screened-out,2,Unable to contact,No service recorded,0.0,True,True,No response after outreach,IL,2025-02-05,0.0,False,True,True,False
FAM-100087,Washington,2025-04-25,Family resource center,4,Engaged,Concrete supports,180.75,False,True,Still active,Wash.,2025-04-25,180.75,False,True,True,False
FAM-100088,New York,2025-10-08,Health provider,4,Engaged,Parent coaching,5.23,True,True,Connected to ongoing service,New York,2025-10-08,5.23,False,True,True,False
FAM-100089,Ohio,2025-10-31,Health provider,3,Declined,No service recorded,0.0,False,False,Family declined services,Ohio,2025-10-31,0.0,False,True,True,False
FAM-100090,Texas,2025-06-08,Health provider,2,Declined,Concrete supports,673.51,False,True,Family declined services,TX,2025-06-08,673.51,False,True,True,False
FAM-100091,Texas,2025-10-21,Family resource center,1,Engaged,Concrete supports,159.13,False,True,Still active,TX,2025-10-21,159.13,False,True,True,False
FAM-100092,Washington,2025-11-04,CPS hotline screened-out,3,Pending outreach,No service recorded,0.0,False,False,No response after outreach,washington,2025-11-04,0.0,False,True,True,False
FAM-100093,Illinois,2025-05-22,School,5,Engaged,Concrete supports,355.4,False,True,Connected to ongoing service,illinois,2025-05-22,355.4,False,True,True,False
FAM-100094,Ohio,2025-11-24,Community partner,3,Declined,Housing navigation,535.22,False,True,Family declined services,OH,2025-11-24,535.22,False,True,True,False
FAM-100095,New York,2025-04-16,Health provider,4,Pending outreach,No service recorded,0.0,False,False,No response after outreach,NY,2025-04-16,0.0,False,True,True,False
FAM-100096,Ohio,2025-03-29,Health provider,2,Unable to contact,No service recorded,0.0,False,False,No response after outreach,Ohio,2025-03-29,0.0,False,True,True,False
FAM-100097,Illinois,2025-09-07,CPS hotline screened-out,1,Engaged,Mental health referral,160.28,False,True,Needs met,Ill.,2025-09-07,160.28,False,True,True,False
FAM-100098,Illinois,2025-08-21,Health provider,0,Unable to contact,No service recorded,0.0,False,False,No response after outreach,Illinois,2025-08-21,0.0,False,True,True,False
FAM-100099,New York,2025-02-21,Community partner,3,Engaged,Concrete supports,197.51,False,True,Still active,new york,2025-02-21,197.51,False,True,True,False
FAM-100100,New York,2025-10-31,Health provider,1,Declined,Benefits enrollment,125.82,False,True,Family declined services,new york,2025-10-31,125.82,False,True,True,False
FAM-100101,Ohio,2025-03-14,Family resource center,2,Engaged,Child care support,777.22,False,True,Needs met,ohio,2025-03-14,777.22,False,True,True,False
FAM-100102,Texas,2025-10-21,Health provider,2,Unable to contact,Parent coaching,41.31,False,False,No response after outreach,texas,2025-10-21,41.31,False,True,True,False
FAM-100103,Texas,2025-01-03,Health provider,3,Pending outreach,No service recorded,0.0,True,False,No response after outreach,TX,2025-01-03,0.0,False,True,True,False
FAM-100104,New York,2025-10-18,Community partner,4,Engaged,Mental health referral,14.62,False,True,Needs met,NY,2025-10-18,14.62,False,True,True,False
FAM-100105,New York,2025-10-15,CPS hotline screened-out,1,Engaged,Parent coaching,33.27,False,True,Needs met,NY,2025-10-15,33.27,False,True,True,False
FAM-100106,Illinois,2025-10-12,Community partner,7,Unable to contact,No service recorded,0.0,True,False,No response after outreach,IL,2025-10-12,0.0,False,True,True,False
FAM-100107,Ohio,2025-08-31,CPS hotline screened-out,3,Engaged,Housing navigation,371.27,False,True,Connected to ongoing service,Ohio,2025-08-31,371.27,False,True,True,False
FAM-100108,New York,2025-06-22,School,5,Engaged,Parent coaching,56.26,False,True,Needs met,new york,2025-06-22,56.26,False,True,True,False
FAM-100109,Illinois,2025-09-15,Family resource center,3,Engaged,Legal aid referral,74.75,False,True,Still active,Illinois,2025-09-15,74.75,False,True,True,False
FAM-100110,New York,2025-04-12,School,3,Engaged,Parent coaching,135.95,False,True,Connected to ongoing service,new york,2025-04-12,135.95,False,True,True,False
FAM-100111,Ohio,2025-10-12,Health provider,1,Unable to contact,No service recorded,0.0,False,True,No response after outreach,ohio,2025-10-12,0.0,False,True,True,False
FAM-100112,Illinois,2025-07-22,Family resource center,2,Engaged,Mental health referral,32.46,False,True,Still active,Ill.,2025-07-22,32.46,False,True,True,False
FAM-100113,Ohio,2025-06-17,Self-referral,2,Engaged,Housing navigation,244.03,False,False,No response after outreach,Ohio,2025-06-17,244.03,False,True,True,False
FAM-100114,Ohio,2025-07-04,Health provider,1,Engaged,Child care support,178.27,False,False,Still active,ohio,2025-07-04,178.27,False,True,True,False
FAM-100115,Texas,2025-07-27,Self-referral,2,Engaged,Legal aid referral,274.52,False,True,Needs met,Texas,2025-07-27,274.52,False,True,True,False
FAM-100116,Texas,2025-01-14,Community partner,0,Engaged,Legal aid referral,156.34,False,True,Connected to ongoing service,TX,2025-01-14,156.34,False,True,True,False
FAM-100117,Texas,2025-02-21,School,1,Unable to contact,No service recorded,0.0,False,False,No response after outreach,Texas,2025-02-21,0.0,False,True,True,False
FAM-100118,New York,2025-03-31,School,2,Engaged,Legal aid referral,56.64,False,True,Connected to ongoing service,New York,2025-03-31,56.64,False,True,True,False
FAM-100119,Texas,2025-02-11,Self-referral,2,Engaged,Legal aid referral,53.61,False,True,Connected to ongoing service,Texas,2025-02-11,53.61,False,True,True,False
FAM-100120,Ohio,2025-06-10,School,2,Pending outreach,Mental health referral,297.85,False,False,Still active,Ohio,2025-06-10,297.85,False,True,True,False
FAM-100121,Ohio,2025-09-01,Family resource center,2,Engaged,Concrete supports,770.49,False,True,Still active,ohio,2025-09-01,770.49,False,True,True,False
FAM-100122,Texas,2025-08-27,Community partner,1,Unable to contact,No service recorded,0.0,False,True,No response after outreach,Texas,2025-08-27,0.0,False,True,True,False
FAM-100123,New York,2025-06-21,Community partner,5,Engaged,Child care support,369.58,False,True,Connected to ongoing service,NY,2025-06-21,369.58,False,True,True,False
FAM-100124,Ohio,2025-11-09,Self-referral,2,Engaged,Legal aid referral,77.94,False,True,Still active,ohio,2025-11-09,77.94,False,True,True,False
FAM-100125,Texas,2025-07-26,Self-referral,0,Engaged,Benefits enrollment,19.84,False,False,No response after outreach,texas,2025-07-26,19.84,False,True,True,False
FAM-100126,Washington,2025-01-29,Self-referral,2,Declined,Benefits enrollment,33.6,False,True,Family declined services,Wash.,2025-01-29,33.6,False,True,True,False
FAM-100127,Washington,2025-10-07,Community partner,5,Declined,No service recorded,0.0,False,True,Family declined services,Washington,2025-10-07,0.0,False,True,True,False
FAM-100128,Ohio,2025-07-29,CPS hotline screened-out,1,Engaged,Child care support,84.3,True,True,Connected to ongoing service,ohio,2025-07-29,84.3,False,True,True,False
FAM-100129,Ohio,2025-08-20,Community partner,2,Engaged,Parent coaching,189.25,False,True,Connected to ongoing service,OH,2025-08-20,189.25,False,True,True,False
FAM-100130,Texas,2025-07-26,School,2,Engaged,Legal aid referral,20.24,False,True,Needs met,Texas,2025-07-26,20.24,False,True,True,False
FAM-100131,New York,2025-07-22,School,3,Unable to contact,No service recorded,0.0,False,True,No response after outreach,NY,2025-07-22,0.0,False,True,True,False
FAM-100132,Washington,2025-02-03,Family resource center,1,Unable to contact,Mental health referral,52.93,False,False,No response after outreach,Wash.,2025-02-03,52.93,False,True,True,False
FAM-100133,Ohio,2025-07-24,Family resource center,2,Unable to contact,No service recorded,0.0,False,True,No response after outreach,OH,2025-07-24,0.0,False,True,True,False
FAM-100134,Illinois,2025-10-18,Self-referral,5,Pending outreach,Parent coaching,12.69,False,False,Still active,Illinois,2025-10-18,12.69,False,True,True,False
FAM-100135,Illinois,2025-04-21,CPS hotline screened-out,4,Engaged,Housing navigation,0.0,False,False,Needs met,Ill.,2025-04-21,,False,True,True,False
FAM-100136,Washington,2025-08-09,CPS hotline screened-out,2,Unable to contact,No service recorded,0.0,True,False,No response after outreach,Wash.,2025-08-09,0.0,False,True,True,False
FAM-100137,Illinois,2025-01-12,School,4,Engaged,Housing navigation,331.02,False,False,Still active,Ill.,2025-01-12,331.02,False,True,True,False
FAM-100138,New York,2025-05-07,Health provider,3,Engaged,Child care support,268.93,False,True,Connected to ongoing service,N.Y.,2025-05-07,268.93,False,True,True,False
FAM-100139,New York,2025-06-09,Self-referral,2,Pending outreach,No service recorded,194.7,False,True,Still active,N.Y.,2025-06-09,194.7,False,True,True,False
FAM-100140,Illinois,2025-12-25,Community partner,3,Engaged,Concrete supports,57.4,False,False,No response after outreach,IL,2025-12-25,57.4,False,True,True,False
FAM-100141,New York,2025-03-20,CPS hotline screened-out,4,Unable to contact,Mental health referral,47.02,True,False,No response after outreach,New York,2025-03-20,47.02,False,True,True,False
FAM-100142,Texas,2025-04-11,Community partner,3,Unable to contact,No service recorded,0.0,False,False,No response after outreach,TX,2025-04-11,0.0,False,True,True,False
FAM-100143,Illinois,2025-05-30,Self-referral,2,Pending outreach,No service recorded,0.0,False,True,Still active,Illinois,2025-05-30,0.0,False,True,True,False
FAM-100144,Washington,2025-12-29,Family resource center,3,Engaged,Benefits enrollment,67.51,False,True,Connected to ongoing service,WA,2025-12-29,67.51,False,True,True,False
FAM-100145,Washington,2025-11-08,Family resource center,6,Engaged,Legal aid referral,133.37,True,True,Needs met,washington,2025-11-08,133.37,False,True,True,False
FAM-100146,New York,2025-01-13,Health provider,2,Declined,No service recorded,0.0,False,False,Family declined services,N.Y.,2025-01-13,0.0,False,True,True,False
FAM-100147,Illinois,2025-03-27,CPS hotline screened-out,2,Declined,No service recorded,0.0,False,True,Family declined services,IL,2025-03-27,0.0,False,True,True,False
FAM-100148,Texas,2025-10-27,Family resource center,1,Engaged,Parent coaching,181.23,False,False,Still active,Texas,2025-10-27,181.23,False,True,True,False
FAM-100149,Illinois,2025-01-22,CPS hotline screened-out,2,Declined,No service recorded,0.0,False,True,Family declined services,illinois,2025-01-22,0.0,False,True,True,False
FAM-100150,New York,2025-11-09,Community partner,1,Engaged,Mental health referral,144.61,False,True,Needs met,New York,2025-11-09,144.61,False,True,True,False
FAM-100151,Washington,2025-04-13,Family resource center,3,Unable to contact,No service recorded,0.0,False,False,No response after outreach,washington,2025-04-13,0.0,False,True,True,False
FAM-100152,Washington,2025-12-01,Health provider,0,Declined,No service recorded,0.0,False,True,Family declined services,washington,2025-12-01,0.0,False,True,True,False
FAM-100153,Texas,2025-04-18,Community partner,2,Engaged,Benefits enrollment,103.12,False,True,Still active,TX,2025-04-18,103.12,False,True,True,False
FAM-100154,Unknown,2025-06-08,Health provider,3,Engaged,Legal aid referral,79.4,True,True,Needs met,,2025-06-08,79.4,False,True,True,False
FAM-100155,Texas,2025-08-30,CPS hotline screened-out,0,Pending outreach,Legal aid referral,94.58,False,False,Still active,texas,2025-08-30,94.58,False,True,True,False
FAM-100156,Texas,2025-02-16,Community partner,2,Declined,No service recorded,0.0,False,True,Family declined services,TX,2025-02-16,0.0,False,True,True,False
FAM-100157,New York,2025-07-23,Family resource center,1,Pending outreach,Parent coaching,43.88,False,False,Still active,new york,2025-07-23,43.88,False,True,True,False
FAM-100158,Texas,2025-07-04,Community partner,1,Engaged,Parent coaching,85.64,False,True,Connected to ongoing service,TX,2025-07-04,85.64,False,True,True,False
FAM-100159,Illinois,2025-10-14,Family resource center,4,Pending outreach,No service recorded,0.0,True,False,No response after outreach,Illinois,2025-10-14,0.0,False,True,True,False
FAM-100160,Illinois,2025-12-30,Health provider,2,Engaged,Mental health referral,67.15,False,True,Connected to ongoing service,illinois,2025-12-30,67.15,False,True,True,False
FAM-100161,Ohio,2025-08-31,Health provider,2,Engaged,Parent coaching,388.51,False,True,Still active,Ohio,2025-08-31,388.51,False,True,True,False
FAM-100162,Illinois,2025-05-30,Self-referral,2,Engaged,Child care support,312.49,False,True,Connected to ongoing service,Ill.,2025-05-30,312.49,False,True,True,False
FAM-100163,Illinois,2025-05-29,Health provider,3,Declined,No service recorded,0.0,True,True,Family declined services,illinois,2025-05-29,0.0,False,True,True,False
FAM-100164,Washington,2025-06-02,CPS hotline screened-out,2,Pending outreach,Legal aid referral,4.47,False,False,Still active,WA,2025-06-02,4.47,False,True,True,False
FAM-100166,Ohio,2025-04-28,School,3,Unable to contact,No service recorded,0.0,False,False,No response after outreach,OH,2025-04-28,0.0,False,True,True,False
FAM-100167,Washington,2025-03-02,Health provider,4,Engaged,Child care support,213.22,False,True,Connected to ongoing service,WA,2025-03-02,213.22,False,True,True,False
FAM-100168,Washington,2025-05-03,Health provider,3,Engaged,Concrete supports,477.65,True,True,Needs met,WA,2025-05-03,477.65,False,True,True,False
FAM-100169,Illinois,2025-01-09,Health provider,4,Engaged,Legal aid referral,107.49,True,False,Still active,IL,2025-01-09,107.49,False,True,True,False
FAM-100170,Ohio,2025-02-08,School,1,Engaged,Parent coaching,0.0,False,False,No response after outreach,Ohio,2025-02-08,,False,True,True,False
FAM-100171,New York,2025-02-02,Family resource center,1,Engaged,Housing navigation,625.89,False,True,Needs met,N.Y.,2025-02-02,625.89,False,True,True,False
FAM-100172,Illinois,2025-10-09,Community partner,2,Declined,No service recorded,0.0,False,True,Family declined services,Illinois,2025-10-09,0.0,False,True,True,False
FAM-100173,Texas,2025-09-21,Health provider,1,Unable to contact,No service recorded,0.0,True,False,No response after outreach,texas,2025-09-21,0.0,False,True,True,False
FAM-100174,Ohio,2025-09-12,Health provider,3,Declined,Legal aid referral,281.04,False,False,Family declined services,OH,2025-09-12,281.04,False,True,True,False
FAM-100175,Ohio,2025-06-18,Health provider,3,Engaged,Parent coaching,140.85,False,True,Needs met,OH,2025-06-18,140.85,False,True,True,False
FAM-100176,Illinois,2025-09-19,CPS hotline screened-out,1,Engaged,Mental health referral,55.07,False,True,Still active,Illinois,2025-09-19,55.07,False,True,True,False
FAM-100177,Illinois,2025-02-28,School,1,Engaged,Housing navigation,202.73,False,True,Needs met,IL,2025-02-28,202.73,False,True,True,False
FAM-100178,Washington,2025-11-25,CPS hotline screened-out,2,Engaged,Mental health referral,199.15,False,True,Connected to ongoing service,Wash.,2025-11-25,199.15,False,True,True,False
FAM-100179,Illinois,2025-07-02,Health provider,6,Engaged,Housing navigation,202.25,False,False,Needs met,IL,2025-07-02,202.25,False,True,True,False
FAM-100180,Illinois,2025-12-09,Self-referral,1,Engaged,Parent coaching,74.61,False,True,Still active,Illinois,2025-12-09,74.61,False,True,True,False
FAM-100181,New York,2025-02-25,Health provider,1,Engaged,Benefits enrollment,50.02,False,True,Needs met,new york,2025-02-25,50.02,False,True,True,False
FAM-100182,Ohio,2025-07-01,Self-referral,1,Unable to contact,No service recorded,0.0,False,False,No response after outreach,Ohio,2025-07-01,0.0,False,True,True,False
FAM-100183,Ohio,2025-09-12,School,2,Engaged,Benefits enrollment,24.83,False,False,Still active,Ohio,2025-09-12,24.83,False,True,True,False
FAM-100184,Ohio,2025-06-30,Community partner,1,Engaged,Legal aid referral,366.76,False,False,Still active,OH,2025-06-30,366.76,False,True,True,False
FAM-100185,Illinois,2025-06-12,School,1,Engaged,Legal aid referral,75.07,False,True,Still active,illinois,2025-06-12,75.07,False,True,True,False
FAM-100186,New York,2025-03-02,Community partner,1,Engaged,Concrete supports,684.74,False,True,Connected to ongoing service,new york,2025-03-02,684.74,False,True,True,False
FAM-100187,Washington,2025-05-20,Self-referral,2,Engaged,Legal aid referral,57.29,False,True,Still active,washington,2025-05-20,57.29,False,True,True,False
FAM-100188,Texas,2025-03-29,Self-referral,1,Engaged,Mental health referral,41.7,False,False,No response after outreach,texas,2025-03-29,41.7,False,True,True,False
FAM-100189,Texas,2025-04-21,School,0,Unable to contact,Benefits enrollment,131.35,False,False,No response after outreach,Texas,2025-04-21,131.35,False,True,True,False
FAM-100190,Texas,2025-09-07,Self-referral,4,Engaged,Housing navigation,527.99,True,True,Connected to ongoing service,TX,2025-09-07,527.99,False,True,True,False
FAM-100191,Texas,2025-08-19,CPS hotline screened-out,3,Pending outreach,No service recorded,0.0,False,False,Still active,Texas,2025-08-19,0.0,False,True,True,False
FAM-100192,Illinois,2025-08-10,CPS hotline screened-out,5,Engaged,Legal aid referral,189.75,False,True,Still active,Illinois,2025-08-10,189.75,False,True,True,False
FAM-100193,New York,2025-05-13,Community partner,1,Engaged,Legal aid referral,66.67,False,True,Connected to ongoing service,New York,2025-05-13,66.67,False,True,True,False
FAM-100194,Ohio,2025-12-17,School,2,Engaged,Mental health referral,142.66,False,True,Connected to ongoing service,OH,2025-12-17,142.66,False,True,True,False
FAM-100195,New York,2025-02-01,Community partner,1,Engaged,Child care support,173.39,False,True,Needs met,N.Y.,2025-02-01,173.39,False,True,True,False
FAM-100196,Washington,2025-05-06,Health provider,4,Engaged,Housing navigation,280.25,True,True,Connected to ongoing service,Wash.,2025-05-06,280.25,False,True,True,False
FAM-100197,Ohio,2025-02-13,Self-referral,2,Declined,No service recorded,0.0,False,True,Family declined services,OH,2025-02-13,0.0,False,True,True,False
FAM-100198,Texas,2025-05-04,School,2,Engaged,Housing navigation,214.21,False,False,No response after outreach,texas,2025-05-04,214.21,False,True,True,False
FAM-100199,Washington,2025-12-18,School,3,Unable to contact,No service recorded,0.0,False,False,No response after outreach,Washington,2025-12-18,0.0,False,True,True,False
FAM-100200,Ohio,2025-05-14,CPS hotline screened-out,2,Engaged,Benefits enrollment,52.25,False,False,No response after outreach,ohio,2025-05-14,52.25,False,True,True,False
FAM-100201,Washington,2025-11-28,Community partner,2,Engaged,Legal aid referral,87.82,False,True,Connected to ongoing service,Wash.,2025-11-28,87.82,False,True,True,False
FAM-100202,Ohio,2025-06-30,Self-referral,1,Engaged,Concrete supports,104.46,False,True,Still active,Ohio,2025-06-30,104.46,False,True,True,False
FAM-100203,Unknown,2025-09-13,Self-referral,3,Engaged,Child care support,499.48,False,False,Still active,,2025-09-13,499.48,False,True,True,False
FAM-100204,New York,2025-06-16,CPS hotline screened-out,4,Engaged,Mental health referral,52.46,False,True,Connected to ongoing service,N.Y.,2025-06-16,52.46,False,True,True,False
FAM-100205,Ohio,2025-04-08,CPS hotline screened-out,1,Pending outreach,No service recorded,162.99,False,False,No response after outreach,OH,2025-04-08,162.99,False,True,True,False
FAM-100206,Ohio,2025-10-06,Self-referral,4,Unable to contact,No service recorded,0.0,False,True,No response after outreach,ohio,2025-10-06,0.0,False,True,True,False
FAM-100207,Illinois,2025-12-20,Community partner,2,Pending outreach,Child care support,124.76,False,False,Still active,Ill.,2025-12-20,124.76,False,True,True,False
FAM-100208,New York,2025-04-07,Health provider,2,Engaged,Housing navigation,190.04,False,False,Still active,NY,2025-04-07,190.04,False,True,True,False
FAM-100209,Washington,2025-10-12,Self-referral,2,Declined,No service recorded,0.0,False,True,Family declined services,Washington,2025-10-12,0.0,False,True,True,False
FAM-100210,Texas,2025-04-06,Self-referral,2,Engaged,Concrete supports,104.15,False,True,Connected to ongoing service,TX,2025-04-06,104.15,False,True,True,False
FAM-100211,Illinois,2025-09-19,Health provider,1,Unable to contact,No service recorded,0.0,False,True,No response after outreach,Illinois,2025-09-19,0.0,False,True,True,False
FAM-100212,New York,2025-10-15,School,3,Pending outreach,Child care support,0.0,False,False,No response after outreach,NY,2025-10-15,,False,True,True,False
FAM-100213,Illinois,2025-06-14,Self-referral,2,Unable to contact,No service recorded,0.0,False,False,No response after outreach,illinois,2025-06-14,0.0,False,True,True,False
FAM-100214,Illinois,2025-09-26,Self-referral,3,Pending outreach,No service recorded,0.0,False,False,No response after outreach,IL,2025-09-26,0.0,False,True,True,False
FAM-100215,Washington,2025-04-10,Family resource center,3,Unable to contact,Mental health referral,35.13,False,False,No response after outreach,Washington,2025-04-10,35.13,False,True,True,False
FAM-100216,Ohio,2025-01-29,Health provider,2,Engaged,Housing navigation,126.43,False,True,Connected to ongoing service,Ohio,2025-01-29,126.43,False,True,True,False
FAM-100217,New York,2025-02-05,Family resource center,2,Unable to contact,No service recorded,0.0,False,False,No response after outreach,new york,2025-02-05,0.0,False,True,True,False
FAM-100218,Texas,2025-06-13,Self-referral,1,Engaged,Legal aid referral,24.2,False,True,Needs met,Texas,2025-06-13,24.2,False,True,True,False
FAM-100219,Illinois,2025-11-26,CPS hotline screened-out,0,Pending outreach,No service recorded,0.0,False,False,Still active,Illinois,2025-11-26,0.0,False,True,True,False
FAM-100220,New York,2025-02-16,Community partner,3,Declined,Housing navigation,266.49,True,True,Family declined services,N.Y.,2025-02-16,266.49,False,True,True,False
FAM-100221,Texas,2025-06-16,Self-referral,3,Engaged,Mental health referral,129.26,True,True,Connected to ongoing service,Texas,2025-06-16,129.26,False,True,True,False
FAM-100222,Texas,2025-09-14,CPS hotline screened-out,2,Engaged,Mental health referral,134.81,False,True,Still active,TX,2025-09-14,134.81,False,True,True,False
FAM-100223,Washington,2025-03-15,Self-referral,1,Engaged,Housing navigation,52.96,False,True,Needs met,Washington,2025-03-15,52.96,False,True,True,False
FAM-100224,Texas,2025-09-21,School,1,Engaged,Concrete supports,213.17,False,True,Needs met,Texas,2025-09-21,213.17,False,True,True,False
FAM-100225,Ohio,2025-04-22,Community partner,1,Engaged,Benefits enrollment,54.79,False,False,No response after outreach,OH,2025-04-22,54.79,False,True,True,False
FAM-100226,Texas,2025-10-23,Health provider,2,Unable to contact,No service recorded,0.0,False,True,No response after outreach,TX,2025-10-23,0.0,False,True,True,False
FAM-100227,Washington,2025-07-31,Family resource center,3,Engaged,Parent coaching,223.28,False,True,Needs met,Washington,2025-07-31,223.28,False,True,True,False
FAM-100228,Texas,2025-07-19,Family resource center,5,Declined,No service recorded,0.0,False,False,Family declined services,Texas,2025-07-19,0.0,False,True,True,False
FAM-100229,Washington,2025-03-06,School,4,Engaged,Concrete supports,219.49,False,True,Needs met,Washington,2025-03-06,219.49,False,True,True,False
FAM-100230,Texas,2025-06-19,CPS hotline screened-out,1,Engaged,Mental health referral,73.73,False,False,Still active,TX,2025-06-19,73.73,False,True,True,False
FAM-100231,Washington,2025-11-09,Family resource center,5,Engaged,Benefits enrollment,15.09,True,True,Needs met,Wash.,2025-11-09,15.09,False,True,True,False
FAM-100232,Illinois,2025-01-08,Family resource center,3,Pending outreach,Benefits enrollment,34.13,False,False,No response after outreach,Illinois,2025-01-08,34.13,False,True,True,False
FAM-100233,Texas,2025-10-04,Health provider,3,Engaged,Benefits enrollment,13.86,False,True,Connected to ongoing service,Texas,2025-10-04,13.86,False,True,True,False
FAM-100234,Ohio,2025-06-29,Health provider,1,Engaged,Parent coaching,84.24,True,True,Needs met,OH,2025-06-29,84.24,False,True,True,False
FAM-100235,Ohio,2025-09-20,Health provider,2,Engaged,Mental health referral,228.67,False,True,Connected to ongoing service,OH,2025-09-20,228.67,False,True,True,False
FAM-100236,Texas,2025-08-31,CPS hotline screened-out,0,Declined,No service recorded,0.0,False,True,Family declined services,Texas,2025-08-31,0.0,False,True,True,False
FAM-100237,Washington,2025-06-07,CPS hotline screened-out,3,Engaged,Mental health referral,35.44,True,True,Still active,Washington,2025-06-07,35.44,False,True,True,False
FAM-100238,Washington,2025-04-23,CPS hotline screened-out,4,Unable to contact,Benefits enrollment,63.1,False,False,No response after outreach,washington,2025-04-23,63.1,False,True,True,False
FAM-100239,New York,2025-08-17,Family resource center,0,Unable to contact,No service recorded,0.0,False,False,No response after outreach,NY,2025-08-17,0.0,False,True,True,False
FAM-100241,Texas,2025-08-02,Health provider,0,Engaged,Concrete supports,127.1,False,False,Still active,Texas,2025-08-02,127.1,False,True,True,False
FAM-100242,New York,2025-02-04,School,5,Engaged,Legal aid referral,42.88,False,True,Needs met,N.Y.,2025-02-04,42.88,False,True,True,False
FAM-100243,Illinois,2025-08-26,CPS hotline screened-out,2,Engaged,Mental health referral,85.81,True,True,Needs met,illinois,2025-08-26,85.81,False,True,True,False
FAM-100244,Illinois,2025-08-18,Family resource center,3,Engaged,Benefits enrollment,312.64,False,True,Still active,IL,2025-08-18,312.64,False,True,True,False
FAM-100245,Texas,2025-01-31,CPS hotline screened-out,1,Unable to contact,No service recorded,0.0,False,True,No response after outreach,Texas,2025-01-31,0.0,False,True,True,False
FAM-100246,Ohio,2025-10-04,Family resource center,2,Engaged,Benefits enrollment,220.2,False,True,Still active,ohio,2025-10-04,220.2,False,True,True,False
FAM-100247,Washington,2025-06-01,Self-referral,3,Engaged,Parent coaching,270.37,False,True,Needs met,Wash.,2025-06-01,270.37,False,True,True,False
FAM-100248,Ohio,2025-10-15,Self-referral,0,Engaged,Parent coaching,164.13,False,True,Connected to ongoing service,Ohio,2025-10-15,164.13,False,True,True,False
FAM-100249,Washington,2025-01-16,CPS hotline screened-out,1,Engaged,Legal aid referral,62.32,False,False,Needs met,Wash.,2025-01-16,62.32,False,True,True,False
FAM-100250,New York,2025-03-07,Family resource center,2,Engaged,Housing navigation,0.0,False,True,Connected to ongoing service,new york,2025-03-07,,False,True,True,False
FAM-100251,Texas,2025-06-30,Health provider,2,Unable to contact,Mental health referral,35.67,False,False,No response after outreach,Texas,2025-06-30,35.67,False,True,True,False
FAM-100252,Illinois,2025-03-10,School,3,Engaged,Parent coaching,61.38,False,True,Needs met,Ill.,2025-03-10,61.38,False,True,True,False
FAM-100253,Ohio,2025-05-01,Self-referral,3,Pending outreach,No service recorded,0.0,True,True,Still active,Ohio,2025-05-01,0.0,False,True,True,False
FAM-100254,Texas,2025-08-30,School,1,Unable to contact,Housing navigation,652.36,False,False,No response after outreach,Texas,2025-08-30,652.36,False,True,True,False
FAM-100255,Washington,2025-02-22,Community partner,1,Engaged,Mental health referral,229.15,False,True,Still active,Washington,2025-02-22,229.15,False,True,True,False
FAM-100256,Washington,2025-09-05,Community partner,3,Engaged,Concrete supports,1051.67,True,True,Still active,WA,2025-09-05,1051.67,False,True,True,False
FAM-100257,Illinois,2025-02-07,Health provider,2,Engaged,Housing navigation,298.64,True,True,Needs met,illinois,2025-02-07,298.64,False,True,True,False
FAM-100258,New York,2025-03-05,Health provider,0,Engaged,Benefits enrollment,19.82,False,False,No response after outreach,NY,2025-03-05,19.82,False,True,True,False
FAM-100259,Illinois,2025-08-03,Community partner,0,Engaged,Legal aid referral,122.38,False,True,Needs met,Illinois,2025-08-03,122.38,False,True,True,False
FAM-100260,Illinois,2025-10-17,Community partner,3,Declined,Mental health referral,315.13,False,True,Family declined services,Illinois,2025-10-17,315.13,False,True,True,False
FAM-100261,Texas,2025-03-04,Family resource center,4,Unable to contact,No service recorded,0.0,False,False,No response after outreach,texas,2025-03-04,0.0,False,True,True,False
FAM-100262,Texas,2025-04-20,Health provider,1,Engaged,Mental health referral,254.27,False,True,Needs met,texas,2025-04-20,254.27,False,True,True,False
FAM-100263,Texas,2025-12-04,Family resource center,4,Engaged,Concrete supports,179.31,False,False,Still active,texas,2025-12-04,179.31,False,True,True,False
FAM-100264,Washington,2025-12-28,Community partner,2,Engaged,Child care support,98.5,False,False,No response after outreach,Washington,2025-12-28,98.5,False,True,True,False
FAM-100265,Texas,2025-08-01,Community partner,2,Pending outreach,No service recorded,0.0,True,False,Still active,texas,2025-08-01,0.0,False,True,True,False
FAM-100266,Texas,2025-06-13,Community partner,1,Engaged,Housing navigation,96.03,False,True,Needs met,texas,2025-06-13,96.03,False,True,True,False
FAM-100267,Illinois,2025-05-07,Health provider,2,Unable to contact,No service recorded,0.0,False,False,No response after outreach,illinois,2025-05-07,0.0,False,True,True,False
FAM-100268,Illinois,2025-08-12,Self-referral,1,Declined,No service recorded,0.0,False,True,Family declined services,Illinois,2025-08-12,0.0,False,True,True,False
FAM-100269,Texas,2025-08-04,Health provider,2,Engaged,Parent coaching,1500.0,False,True,Still active,texas,2025-08-04,2500.0,True,True,True,False
FAM-100271,Illinois,2025-01-09,Family resource center,0,Engaged,Parent coaching,57.98,False,True,Still active,Illinois,2025-01-09,57.98,False,True,True,False
FAM-100272,Ohio,2025-02-25,Health provider,2,Declined,Housing navigation,415.14,False,True,Family declined services,Ohio,2025-02-25,415.14,False,True,True,False
FAM-100273,Texas,2025-12-16,School,1,Engaged,Concrete supports,200.93,False,False,Still active,TX,2025-12-16,200.93,False,True,True,False
FAM-100274,Illinois,2025-06-02,CPS hotline screened-out,3,Unable to contact,No service recorded,0.0,False,True,No response after outreach,Illinois,2025-06-02,0.0,False,True,True,False
FAM-100275,New York,2025-06-26,Health provider,3,Declined,Housing navigation,271.11,False,True,Family declined services,NY,2025-06-26,271.11,False,True,True,False
FAM-100276,Washington,2025-06-20,Health provider,1,Declined,No service recorded,0.0,False,False,Family declined services,WA,2025-06-20,0.0,False,True,True,False
FAM-100277,Texas,2025-10-13,Family resource center,5,Engaged,Concrete supports,65.18,False,True,Connected to ongoing service,texas,2025-10-13,65.18,False,True,True,False
FAM-100278,Illinois,2025-01-24,Community partner,2,Engaged,Benefits enrollment,35.72,False,True,Connected to ongoing service,Illinois,2025-01-24,35.72,False,True,True,False
FAM-100279,Washington,2025-01-31,CPS hotline screened-out,5,Unable to contact,Housing navigation,135.71,False,False,No response after outreach,washington,2025-01-31,135.71,False,True,True,False
FAM-100280,New York,2025-04-11,Family resource center,1,Engaged,Legal aid referral,9.75,True,True,Still active,N.Y.,2025-04-11,9.75,False,True,True,False
FAM-100281,Washington,2025-06-27,Health provider,1,Declined,No service recorded,0.0,False,True,Family declined services,Wash.,2025-06-27,0.0,False,True,True,False
FAM-100282,New York,2025-09-02,CPS hotline screened-out,2,Engaged,Concrete supports,197.05,False,True,Needs met,N.Y.,2025-09-02,197.05,False,True,True,False
FAM-100283,Texas,2025-06-29,CPS hotline screened-out,1,Engaged,Parent coaching,12.69,False,True,Needs met,Texas,2025-06-29,12.69,False,True,True,False
FAM-100284,New York,2025-06-11,School,2,Declined,Concrete supports,186.39,False,True,Family declined services,N.Y.,2025-06-11,186.39,False,True,True,False
FAM-100285,New York,2025-12-09,Health provider,6,Engaged,Mental health referral,87.0,True,True,Connected to ongoing service,N.Y.,2025-12-09,87.0,False,True,True,False
FAM-100286,Washington,2025-02-28,Community partner,5,Engaged,Child care support,659.59,False,True,Connected to ongoing service,WA,2025-02-28,659.59,False,True,True,False
FAM-100287,Illinois,2025-07-28,School,2,Engaged,Housing navigation,129.97,False,True,Connected to ongoing service,IL,2025-07-28,129.97,False,True,True,False
FAM-100288,Illinois,2025-07-17,Self-referral,3,Engaged,Housing navigation,280.82,False,True,Needs met,illinois,2025-07-17,280.82,False,True,True,False
FAM-100289,New York,2025-06-22,Family resource center,3,Declined,No service recorded,0.0,False,True,Family declined services,NY,2025-06-22,0.0,False,True,True,False
FAM-100290,Texas,2025-10-22,School,5,Engaged,Housing navigation,157.0,False,True,Needs met,Texas,2025-10-22,157.0,False,True,True,False
FAM-100291,Texas,2025-04-08,School,1,Engaged,Housing navigation,62.1,False,False,Still active,texas,2025-04-08,62.1,False,True,True,False
FAM-100292,Washington,2025-12-15,School,3,Engaged,Legal aid referral,236.15,False,True,Still active,Wash.,2025-12-15,236.15,False,True,True,False
FAM-100293,New York,2025-05-02,CPS hotline screened-out,2,Pending outreach,No service recorded,0.0,True,False,Still active,NY,2025-05-02,0.0,False,True,True,False
FAM-100294,New York,2025-07-18,CPS hotline screened-out,3,Engaged,Parent coaching,90.52,True,True,Connected to ongoing service,N.Y.,2025-07-18,90.52,False,True,True,False
FAM-100295,Illinois,2025-07-10,Family resource center,4,Pending outreach,Housing navigation,366.73,True,False,No response after outreach,IL,2025-07-10,366.73,False,True,True,False
FAM-100296,Ohio,2025-11-07,CPS hotline screened-out,0,Pending outreach,No service recorded,0.0,False,False,No response after outreach,ohio,2025-11-07,0.0,False,True,True,False
FAM-100297,Washington,2025-06-10,Self-referral,1,Engaged,Benefits enrollment,265.55,False,True,Needs met,washington,2025-06-10,265.55,False,True,True,False
FAM-100298,Texas,2025-04-14,Community partner,3,Declined,Child care support,185.67,False,True,Family declined services,TX,2025-04-14,185.67,False,True,True,False
FAM-100299,Texas,2025-01-08,Self-referral,1,Unable to contact,No service recorded,0.0,False,True,No response after outreach,Texas,2025-01-08,0.0,False,True,True,False
FAM-100300,New York,2025-05-13,Family resource center,4,Engaged,Benefits enrollment,18.57,False,True,Still active,new york,2025-05-13,18.57,False,True,True,False
FAM-100301,Unknown,2025-10-29,Self-referral,3,Engaged,Benefits enrollment,1500.0,False,True,Connected to ongoing service,,2025-10-29,2500.0,True,True,True,False
FAM-100302,Ohio,2025-01-04,Self-referral,4,Declined,No service recorded,0.0,False,True,Family declined services,Ohio,2025-01-04,0.0,False,True,True,False
FAM-100303,Illinois,2025-11-24,Community partner,2,Declined,Parent coaching,16.46,False,True,Family declined services,Illinois,2025-11-24,16.46,False,True,True,False
FAM-100304,New York,2025-07-18,Health provider,4,Unable to contact,Concrete supports,547.94,False,False,No response after outreach,N.Y.,2025-07-18,547.94,False,True,True,False
FAM-100305,Illinois,2025-02-21,Health provider,5,Pending outreach,Parent coaching,324.11,False,False,Still active,Illinois,2025-02-21,324.11,False,True,True,False
FAM-100306,Illinois,2025-04-21,School,1,Engaged,Benefits enrollment,86.18,False,False,No response after outreach,Ill.,2025-04-21,86.18,False,True,True,False
FAM-100307,Illinois,2025-07-22,CPS hotline screened-out,2,Declined,Legal aid referral,139.09,False,False,Family declined services,Ill.,2025-07-22,139.09,False,True,True,False
FAM-100308,Ohio,2025-04-26,Family resource center,2,Declined,No service recorded,0.0,False,True,Family declined services,Ohio,2025-04-26,0.0,False,True,True,False
FAM-100309,Texas,2025-02-09,Community partner,1,Engaged,Legal aid referral,169.62,False,True,Still active,TX,2025-02-09,169.62,False,True,True,False
FAM-100310,New York,2025-09-01,Family resource center,3,Engaged,Concrete supports,767.47,True,True,Connected to ongoing service,new york,2025-09-01,767.47,False,True,True,False
FAM-100311,Ohio,2025-09-03,Family resource center,7,Engaged,Legal aid referral,314.3,False,True,Needs met,OH,2025-09-03,314.3,False,True,True,False
FAM-100312,Washington,2025-02-13,CPS hotline screened-out,4,Declined,No service recorded,0.0,False,True,Family declined services,washington,2025-02-13,0.0,False,True,True,False
FAM-100313,Texas,2025-04-13,Self-referral,3,Engaged,Mental health referral,6.58,False,True,Needs met,TX,2025-04-13,6.58,False,True,True,False
FAM-100314,Ohio,2025-03-31,Health provider,2,Unable to contact,Parent coaching,42.23,False,True,No response after outreach,OH,2025-03-31,42.23,False,True,True,False
FAM-100315,New York,2025-08-29,Community partner,2,Engaged,Benefits enrollment,77.73,False,True,Connected to ongoing service,NY,2025-08-29,77.73,False,True,True,False
FAM-100316,Washington,2025-09-24,Self-referral,2,Engaged,Legal aid referral,37.04,False,False,Still active,Wash.,2025-09-24,37.04,False,True,True,False
FAM-100317,Illinois,2025-09-23,CPS hotline screened-out,4,Unable to contact,No service recorded,0.0,False,True,No response after outreach,illinois,2025-09-23,0.0,False,True,True,False
FAM-100318,New York,2025-12-09,Community partner,2,Engaged,Benefits enrollment,59.41,False,True,Needs met,NY,2025-12-09,59.41,False,True,True,False
FAM-100319,Washington,2025-10-08,Family resource center,4,Pending outreach,No service recorded,0.0,True,False,No response after outreach,Wash.,2025-10-08,0.0,False,True,True,False
FAM-100320,Ohio,2025-04-28,Self-referral,1,Engaged,Mental health referral,110.99,False,True,Connected to ongoing service,ohio,2025-04-28,110.99,False,True,True,False
FAM-100321,Texas,2025-02-09,CPS hotline screened-out,0,Pending outreach,Child care support,343.72,False,False,No response after outreach,texas,2025-02-09,343.72,False,True,True,False
FAM-100322,Texas,2025-08-13,CPS hotline screened-out,2,Engaged,Legal aid referral,165.31,False,True,Needs met,texas,2025-08-13,165.31,False,True,True,False
FAM-100323,Texas,2025-12-01,Community partner,5,Pending outreach,No service recorded,0.0,False,False,No response after outreach,TX,2025-12-01,0.0,False,True,True,False
FAM-100324,New York,2025-12-22,CPS hotline screened-out,2,Unable to contact,No service recorded,0.0,False,False,No response after outreach,N.Y.,2025-12-22,0.0,False,True,True,False
FAM-100325,New York,2025-03-26,Community partner,0,Engaged,Child care support,265.68,False,True,Needs met,NY,2025-03-26,265.68,False,True,True,False
FAM-100326,New York,2025-03-28,Health provider,1,Engaged,Benefits enrollment,1.98,False,True,Needs met,NY,2025-03-28,1.98,False,True,True,False
FAM-100327,Illinois,2025-01-14,CPS hotline screened-out,1,Engaged,Legal aid referral,54.72,False,True,Connected to ongoing service,IL,2025-01-14,54.72,False,True,True,False
FAM-100328,Washington,2025-02-21,Community partner,2,Unable to contact,No service recorded,0.0,False,False,No response after outreach,Wash.,2025-02-21,0.0,False,True,True,False
FAM-100329,New York,2025-07-22,Community partner,4,Declined,No service recorded,0.0,False,True,Family declined services,new york,2025-07-22,0.0,False,True,True,False
FAM-100330,Ohio,2025-07-19,Family resource center,1,Engaged,Child care support,326.66,False,False,No response after outreach,OH,2025-07-19,326.66,False,True,True,False
FAM-100331,Texas,2025-05-16,Family resource center,1,Engaged,Parent coaching,174.69,False,True,Connected to ongoing service,TX,2025-05-16,174.69,False,True,True,False
FAM-100332,Texas,2025-04-24,Family resource center,4,Unable to contact,Mental health referral,155.43,False,False,No response after outreach,Texas,2025-04-24,155.43,False,True,True,False
FAM-100333,Ohio,2025-10-30,School,2,Engaged,Parent coaching,69.86,False,True,Connected to ongoing service,OH,2025-10-30,69.86,False,True,True,False
FAM-100334,Ohio,2025-06-17,Health provider,1,Unable to contact,No service recorded,0.0,False,False,No response after outreach,OH,2025-06-17,0.0,False,True,True,False
FAM-100335,Washington,2025-10-23,Health provider,2,Engaged,Benefits enrollment,39.41,False,True,Connected to ongoing service,washington,2025-10-23,39.41,False,True,True,False
FAM-100336,Texas,2025-12-18,Family resource center,4,Unable to contact,No service recorded,0.0,False,False,No response after outreach,TX,2025-12-18,0.0,False,True,True,False
FAM-100337,Washington,2025-04-26,Self-referral,1,Pending outreach,No service recorded,0.0,False,False,No response after outreach,WA,2025-04-26,0.0,False,True,True,False
FAM-100338,Washington,2025-03-15,Family resource center,7,Engaged,Concrete supports,248.13,False,True,Still active,Wash.,2025-03-15,248.13,False,True,True,False
FAM-100339,Texas,2025-12-14,Health provider,2,Engaged,Mental health referral,8.39,False,False,No response after outreach,TX,2025-12-14,8.39,False,True,True,False
FAM-100340,Illinois,2025-08-20,Family resource center,1,Engaged,Concrete supports,164.58,False,True,Still active,Illinois,2025-08-20,164.58,False,True,True,False
FAM-100341,Ohio,2025-04-17,Self-referral,0,Engaged,Parent coaching,200.42,False,True,Needs met,OH,2025-04-17,200.42,False,True,True,False
FAM-100342,Illinois,2025-08-15,Self-referral,4,Engaged,Legal aid referral,72.71,False,True,Needs met,illinois,2025-08-15,72.71,False,True,True,False
FAM-100343,Texas,2025-07-07,Health provider,1,Pending outreach,Benefits enrollment,105.74,True,False,Still active,Texas,2025-07-07,105.74,False,True,True,False
FAM-100344,Washington,2025-11-27,School,3,Unable to contact,No service recorded,0.0,False,True,No response after outreach,WA,2025-11-27,0.0,False,True,True,False
FAM-100345,Ohio,2025-04-04,Health provider,4,Engaged,Housing navigation,75.88,False,True,Needs met,Ohio,2025-04-04,75.88,False,True,True,False
FAM-100346,Ohio,2025-12-28,School,7,Declined,No service recorded,0.0,True,True,Family declined services,OH,2025-12-28,0.0,False,True,True,False
FAM-100347,Illinois,2025-12-08,Health provider,3,Engaged,Child care support,510.83,False,True,Connected to ongoing service,illinois,2025-12-08,510.83,False,True,True,False
FAM-100348,Washington,2025-03-07,Community partner,2,Declined,No service recorded,0.0,False,True,Family declined services,Wash.,2025-03-07,0.0,False,True,True,False
FAM-100349,Illinois,2025-03-02,Self-referral,1,Engaged,Housing navigation,230.58,False,False,No response after outreach,IL,2025-03-02,230.58,False,True,True,False
FAM-100350,Illinois,2025-07-14,Health provider,3,Unable to contact,No service recorded,0.0,False,False,No response after outreach,Ill.,2025-07-14,0.0,False,True,True,False
FAM-100351,New York,2025-01-17,Self-referral,3,Pending outreach,No service recorded,0.0,False,False,Still active,New York,2025-01-17,0.0,False,True,True,False
FAM-100352,Illinois,2025-04-20,Community partner,3,Declined,Housing navigation,328.54,False,True,Family declined services,Ill.,2025-04-20,328.54,False,True,True,False
FAM-100353,Ohio,2025-06-08,Self-referral,3,Declined,No service recorded,0.0,False,True,Family declined services,OH,2025-06-08,0.0,False,True,True,False
FAM-100354,Ohio,2025-12-20,Self-referral,3,Engaged,Mental health referral,122.46,False,True,Needs met,ohio,2025-12-20,122.46,False,True,True,False
FAM-100355,New York,2025-12-29,CPS hotline screened-out,2,Declined,Benefits enrollment,168.77,False,True,Family declined services,N.Y.,2025-12-29,168.77,False,True,True,False
FAM-100356,Illinois,2025-02-25,School,2,Engaged,Child care support,293.73,False,True,Needs met,illinois,2025-02-25,293.73,False,True,True,False
FAM-100357,Illinois,2025-11-22,Self-referral,5,Unable to contact,No service recorded,0.0,False,False,No response after outreach,IL,2025-11-22,0.0,False,True,True,False
FAM-100358,New York,2025-02-03,Family resource center,1,Engaged,Mental health referral,68.06,False,True,Needs met,new york,2025-02-03,68.06,False,True,True,False
FAM-100359,Illinois,2025-10-01,Self-referral,4,Engaged,Child care support,92.83,False,False,Still active,Ill.,2025-10-01,92.83,False,True,True,False
FAM-100360,Texas,2025-11-05,School,4,Engaged,Mental health referral,13.68,True,True,Needs met,texas,2025-11-05,13.68,False,True,True,False
FAM-100361,Illinois,2025-11-22,Community partner,3,Engaged,Parent coaching,88.09,False,True,Connected to ongoing service,Ill.,2025-11-22,88.09,False,True,True,False
FAM-100362,New York,2025-03-23,Family resource center,1,Unable to contact,No service recorded,0.0,False,True,No response after outreach,New York,2025-03-23,0.0,False,True,True,False
FAM-100363,New York,2025-11-23,Family resource center,2,Declined,No service recorded,0.0,False,True,Family declined services,new york,2025-11-23,0.0,False,True,True,False
FAM-100364,New York,2025-02-12,Family resource center,1,Pending outreach,No service recorded,0.0,False,False,No response after outreach,New York,2025-02-12,0.0,False,True,True,False
FAM-100365,Illinois,2025-07-09,Community partner,3,Engaged,Child care support,330.05,False,True,Needs met,illinois,2025-07-09,330.05,False,True,True,False
FAM-100366,Illinois,2025-06-21,School,1,Pending outreach,No service recorded,0.0,False,False,No response after outreach,Ill.,2025-06-21,0.0,False,True,True,False
FAM-100367,Washington,2025-04-26,Community partner,2,Engaged,Mental health referral,118.17,False,True,Needs met,Washington,2025-04-26,118.17,False,True,True,False
FAM-100368,Illinois,2025-01-09,Family resource center,2,Engaged,Child care support,130.67,False,True,Still active,illinois,2025-01-09,130.67,False,True,True,False
FAM-100369,Ohio,2025-10-09,Family resource center,2,Declined,No service recorded,0.0,False,False,Family declined services,ohio,2025-10-09,0.0,False,True,True,False
FAM-100370,Ohio,2025-05-03,Community partner,2,Engaged,Legal aid referral,43.98,False,True,Needs met,ohio,2025-05-03,43.98,False,True,True,False
FAM-100371,New York,2025-08-30,Community partner,3,Engaged,Benefits enrollment,86.7,False,False,No response after outreach,NY,2025-08-30,86.7,False,True,True,False
FAM-100372,Ohio,2025-05-30,Health provider,3,Engaged,Concrete supports,182.94,False,True,Connected to ongoing service,Ohio,2025-05-30,182.94,False,True,True,False
FAM-100373,Texas,2025-05-17,School,2,Engaged,Concrete supports,1107.15,False,False,No response after outreach,texas,2025-05-17,1107.15,False,True,True,False
FAM-100374,Washington,2025-11-20,School,1,Declined,No service recorded,0.0,False,True,Family declined services,Wash.,2025-11-20,0.0,False,True,True,False
FAM-100375,New York,2025-02-04,School,3,Engaged,Concrete supports,162.98,False,True,Connected to ongoing service,new york,2025-02-04,162.98,False,True,True,False
FAM-100376,New York,2025-09-26,Self-referral,6,Engaged,Parent coaching,109.4,False,True,Still active,N.Y.,2025-09-26,109.4,False,True,True,False
FAM-100377,New York,2025-09-30,Family resource center,1,Engaged,Mental health referral,151.72,False,True,Connected to ongoing service,New York,2025-09-30,151.72,False,True,True,False
FAM-100378,Ohio,2025-05-19,Family resource center,1,Engaged,Housing navigation,474.35,False,True,Still active,OH,2025-05-19,474.35,False,True,True,False
FAM-100379,Texas,2025-04-06,School,5,Unable to contact,No service recorded,180.41,False,False,No response after outreach,Texas,2025-04-06,180.41,False,True,True,False
FAM-100380,Illinois,2025-01-02,Self-referral,2,Pending outreach,No service recorded,0.0,False,False,Still active,Ill.,2025-01-02,0.0,False,True,True,False
FAM-100381,New York,2025-12-08,Self-referral,3,Declined,No service recorded,0.0,False,True,Family declined services,new york,2025-12-08,0.0,False,True,True,False
FAM-100382,Washington,2025-12-12,Community partner,1,Declined,No service recorded,0.0,False,True,Family declined services,Wash.,2025-12-12,0.0,False,True,True,False
FAM-100383,Illinois,2025-03-29,Self-referral,1,Engaged,Parent coaching,122.96,False,False,No response after outreach,illinois,2025-03-29,122.96,False,True,True,False
FAM-100384,Ohio,2025-01-12,School,2,Declined,No service recorded,0.0,False,False,Family declined services,Ohio,2025-01-12,0.0,False,True,True,False
FAM-100385,Texas,2025-02-14,Health provider,4,Engaged,Concrete supports,349.46,False,True,Needs met,Texas,2025-02-14,349.46,False,True,True,False
FAM-100386,Illinois,2025-01-25,Self-referral,1,Engaged,Legal aid referral,127.36,False,True,Needs met,IL,2025-01-25,127.36,False,True,True,False
FAM-100387,Illinois,2025-10-31,Family resource center,5,Unable to contact,No service recorded,0.0,True,True,No response after outreach,illinois,2025-10-31,0.0,False,True,True,False
FAM-100388,Illinois,2025-11-22,Family resource center,4,Engaged,Legal aid referral,85.69,True,True,Needs met,Illinois,2025-11-22,85.69,False,True,True,False
FAM-100389,Washington,2025-02-25,Self-referral,1,Pending outreach,No service recorded,0.0,True,False,No response after outreach,Wash.,2025-02-25,0.0,False,True,True,False
FAM-100390,Illinois,2025-09-30,Health provider,1,Unable to contact,Concrete supports,457.53,False,False,No response after outreach,Illinois,2025-09-30,457.53,False,True,True,False
FAM-100391,Illinois,2025-03-07,School,2,Pending outreach,No service recorded,0.0,False,True,Still active,IL,2025-03-07,0.0,False,True,True,False
FAM-100392,Illinois,2025-05-15,School,0,Engaged,Parent coaching,94.9,False,True,Connected to ongoing service,Illinois,2025-05-15,94.9,False,True,True,False
FAM-100393,Illinois,2025-08-07,Family resource center,2,Engaged,Mental health referral,17.54,False,True,Needs met,IL,2025-08-07,17.54,False,True,True,False
FAM-100394,Texas,2025-09-20,Community partner,0,Unable to contact,No service recorded,0.0,False,False,No response after outreach,TX,2025-09-20,0.0,False,True,True,False
FAM-100395,New York,2025-11-16,Health provider,2,Engaged,Parent coaching,92.45,False,True,Needs met,New York,2025-11-16,92.45,False,True,True,False
FAM-100396,Ohio,2025-01-17,Self-referral,3,Engaged,Mental health referral,102.1,True,True,Needs met,OH,2025-01-17,102.1,False,True,True,False
FAM-100397,Texas,2025-03-13,CPS hotline screened-out,0,Unable to contact,Mental health referral,144.15,False,False,No response after outreach,texas,2025-03-13,144.15,False,True,True,False
FAM-100398,Washington,2025-04-13,Health provider,4,Pending outreach,No service recorded,0.0,False,False,Still active,Wash.,2025-04-13,0.0,False,True,True,False
FAM-100399,Illinois,2025-04-24,Community partner,3,Unable to contact,Concrete supports,289.75,False,True,No response after outreach,IL,2025-04-24,289.75,False,True,True,False
FAM-100400,Washington,2025-12-31,Community partner,5,Engaged,Child care support,779.48,False,False,No response after outreach,Wash.,2025-12-31,779.48,False,True,True,False
FAM-100402,Illinois,2025-04-27,CPS hotline screened-out,3,Unable to contact,No service recorded,0.0,False,False,No response after outreach,Ill.,2025-04-27,0.0,False,True,True,False
FAM-100403,Texas,2025-12-21,CPS hotline screened-out,2,Engaged,Housing navigation,173.09,False,True,Still active,TX,2025-12-21,173.09,False,True,True,False
FAM-100404,Washington,2025-07-02,School,0,Engaged,Parent coaching,220.7,False,True,Needs met,Wash.,2025-07-02,220.7,False,True,True,False
FAM-100405,New York,2025-07-02,Health provider,3,Engaged,Mental health referral,68.53,False,True,Needs met,new york,2025-07-02,68.53,False,True,True,False
FAM-100406,Washington,2025-06-08,CPS hotline screened-out,5,Engaged,Parent coaching,81.13,False,True,Still active,Washington,2025-06-08,81.13,False,True,True,False
FAM-100407,Ohio,2025-02-22,School,3,Engaged,Benefits enrollment,102.13,False,True,Connected to ongoing service,Ohio,2025-02-22,102.13,False,True,True,False
FAM-100408,Texas,2025-12-08,Community partner,1,Engaged,Benefits enrollment,94.96,False,True,Connected to ongoing service,texas,2025-12-08,94.96,False,True,True,False
FAM-100409,Washington,2025-01-06,Health provider,1,Unable to contact,Child care support,390.83,False,False,No response after outreach,Washington,2025-01-06,390.83,False,True,True,False
FAM-100410,New York,2025-03-05,Community partner,3,Engaged,Legal aid referral,137.42,False,True,Connected to ongoing service,NY,2025-03-05,137.42,False,True,True,False
FAM-100411,Washington,2025-03-25,CPS hotline screened-out,2,Unable to contact,No service recorded,0.0,False,False,No response after outreach,Wash.,2025-03-25,0.0,False,True,True,False
FAM-100412,New York,2025-04-12,Health provider,1,Engaged,Housing navigation,160.9,False,True,Needs met,New York,2025-04-12,160.9,False,True,True,False
FAM-100413,Texas,2025-02-18,Family resource center,1,Pending outreach,No service recorded,0.0,False,False,No response after outreach,TX,2025-02-18,0.0,False,True,True,False
FAM-100414,Texas,2025-01-07,Health provider,2,Engaged,Legal aid referral,22.72,False,False,No response after outreach,Texas,2025-01-07,22.72,False,True,True,False
FAM-100415,Illinois,2025-09-05,School,1,Engaged,Parent coaching,26.12,False,True,Connected to ongoing service,illinois,2025-09-05,26.12,False,True,True,False
FAM-100416,New York,2025-12-20,School,2,Engaged,Concrete supports,582.29,False,True,Connected to ongoing service,New York,2025-12-20,582.29,False,True,True,False
FAM-100417,New York,2025-02-14,CPS hotline screened-out,1,Engaged,Legal aid referral,63.38,False,True,Connected to ongoing service,N.Y.,2025-02-14,63.38,False,True,True,False
FAM-100418,Illinois,2025-04-19,Community partner,2,Engaged,Legal aid referral,150.63,False,True,Needs met,Illinois,2025-04-19,150.63,False,True,True,False
FAM-100419,Illinois,2025-07-04,School,2,Declined,Concrete supports,426.6,False,False,Family declined services,Ill.,2025-07-04,426.6,False,True,True,False
FAM-100420,New York,2025-12-05,Health provider,2,Pending outreach,No service recorded,0.0,True,False,No response after outreach,N.Y.,2025-12-05,0.0,False,True,True,False
FAM-100421,Illinois,2025-09-11,School,3,Engaged,Legal aid referral,1500.0,False,True,Connected to ongoing service,Ill.,2025-09-11,5000.0,True,True,True,False
FAM-100422,Illinois,2025-10-07,Family resource center,2,Engaged,Benefits enrollment,31.8,False,True,Connected to ongoing service,Ill.,2025-10-07,31.8,False,True,True,False
FAM-100423,Texas,2025-08-01,Health provider,4,Unable to contact,No service recorded,0.0,False,False,No response after outreach,Texas,2025-08-01,0.0,False,True,True,False
FAM-100424,Texas,2025-06-02,CPS hotline screened-out,3,Unable to contact,Mental health referral,143.2,False,False,No response after outreach,texas,2025-06-02,143.2,False,True,True,False
FAM-100425,Texas,2025-03-14,Health provider,3,Engaged,Child care support,263.92,False,True,Needs met,TX,2025-03-14,263.92,False,True,True,False
FAM-100426,New York,2025-11-12,Health provider,2,Declined,No service recorded,1500.0,False,True,Family declined services,N.Y.,2025-11-12,3750.0,True,True,True,False
FAM-100427,Washington,2025-10-21,CPS hotline screened-out,2,Engaged,Parent coaching,21.0,False,False,Needs met,Wash.,2025-10-21,21.0,False,True,True,False
FAM-100428,Texas,2025-01-10,School,2,Unable to contact,Mental health referral,50.24,False,False,No response after outreach,TX,2025-01-10,50.24,False,True,True,False
FAM-100429,Illinois,2025-09-19,Family resource center,3,Engaged,No service recorded,63.77,True,True,Still active,IL,2025-09-19,63.77,False,True,True,False
FAM-100430,Illinois,2025-01-31,School,2,Engaged,Housing navigation,191.04,False,False,Still active,Illinois,2025-01-31,191.04,False,True,True,False
FAM-100431,Texas,2025-09-27,School,4,Engaged,Benefits enrollment,84.91,True,False,No response after outreach,Texas,2025-09-27,84.91,False,True,True,False
FAM-100432,Illinois,2025-10-29,Community partner,0,Unable to contact,No service recorded,0.0,False,False,No response after outreach,IL,2025-10-29,0.0,False,True,True,False
FAM-100433,Ohio,2025-02-17,CPS hotline screened-out,1,Engaged,Child care support,243.74,False,False,Still active,ohio,2025-02-17,243.74,False,True,True,False
FAM-100434,Washington,2025-06-08,Community partner,3,Declined,Housing navigation,222.51,True,True,Family declined services,washington,2025-06-08,222.51,False,True,True,False
FAM-100435,Illinois,2025-02-15,Self-referral,2,Declined,Child care support,278.8,False,True,Family declined services,IL,2025-02-15,278.8,False,True,True,False
FAM-100436,Illinois,2025-07-27,Family resource center,4,Unable to contact,No service recorded,0.0,True,True,No response after outreach,Illinois,2025-07-27,0.0,False,True,True,False
FAM-100437,Washington,2025-12-05,Health provider,2,Engaged,Parent coaching,1500.0,False,True,Needs met,washington,2025-12-05,2500.0,True,True,True,False
FAM-100438,Ohio,2025-01-30,Self-referral,1,Engaged,Housing navigation,477.02,False,True,Connected to ongoing service,OH,2025-01-30,477.02,False,True,True,False
FAM-100439,Illinois,2025-05-26,Health provider,0,Engaged,Mental health referral,177.57,False,True,Still active,Ill.,2025-05-26,177.57,False,True,True,False
FAM-100440,Washington,2025-12-22,Health provider,4,Unable to contact,Housing navigation,0.0,False,True,No response after outreach,washington,2025-12-22,-125.0,False,True,True,False
FAM-100441,Washington,2025-04-20,School,2,Pending outreach,Child care support,554.45,False,False,Still active,washington,2025-04-20,554.45,False,True,True,False
FAM-100442,Ohio,2025-02-18,CPS hotline screened-out,1,Engaged,Concrete supports,264.22,False,True,Still active,ohio,2025-02-18,264.22,False,True,True,False
FAM-100443,Texas,2025-06-28,School,2,Declined,No service recorded,0.0,False,True,Family declined services,TX,2025-06-28,0.0,False,True,True,False
FAM-100444,New York,2025-07-05,Family resource center,1,Engaged,Parent coaching,57.26,False,True,Needs met,N.Y.,2025-07-05,57.26,False,True,True,False
FAM-100445,Illinois,2025-08-30,Health provider,7,Engaged,Mental health referral,27.05,False,False,No response after outreach,IL,2025-08-30,27.05,False,True,True,False
FAM-100446,Texas,2025-04-25,Self-referral,1,Engaged,Parent coaching,113.54,False,False,No response after outreach,Texas,2025-04-25,113.54,False,True,True,False
FAM-100447,New York,2025-12-15,CPS hotline screened-out,1,Unable to contact,No service recorded,0.0,False,True,No response after outreach,NY,2025-12-15,0.0,False,True,True,False
FAM-100448,Texas,2025-07-10,Community partner,1,Engaged,Concrete supports,347.58,False,True,Still active,Texas,2025-07-10,347.58,False,True,True,False
FAM-100449,Washington,2025-04-15,Community partner,1,Engaged,Parent coaching,45.8,False,True,Connected to ongoing service,Washington,2025-04-15,45.8,False,True,True,False
FAM-100450,Illinois,2025-12-17,School,4,Declined,Benefits enrollment,47.18,False,True,Family declined services,Ill.,2025-12-17,47.18,False,True,True,False
FAM-100451,Texas,2025-12-04,Family resource center,3,Engaged,Concrete supports,237.15,False,True,Connected to ongoing service,texas,2025-12-04,237.15,False,True,True,False
FAM-100453,Washington,2025-01-10,Health provider,3,Engaged,Legal aid referral,35.71,False,True,Connected to ongoing service,Wash.,2025-01-10,35.71,False,True,True,False
FAM-100454,New York,2025-08-06,Health provider,0,Engaged,Mental health referral,0.0,False,True,Needs met,New York,2025-08-06,,False,True,True,False
FAM-100455,Texas,2025-07-22,School,2,Engaged,Benefits enrollment,192.92,False,True,Needs met,Texas,2025-07-22,192.92,False,True,True,False
FAM-100456,Ohio,2025-02-24,Family resource center,0,Engaged,Child care support,0.0,True,True,Still active,ohio,2025-02-24,,False,True,True,False
FAM-100457,New York,2025-08-20,CPS hotline screened-out,5,Unable to contact,No service recorded,0.0,False,False,No response after outreach,NY,2025-08-20,0.0,False,True,True,False
FAM-100458,Texas,2025-11-03,CPS hotline screened-out,2,Engaged,Concrete supports,346.22,False,True,Needs met,texas,2025-11-03,346.22,False,True,True,False
FAM-100459,Texas,2025-02-08,Self-referral,1,Unable to contact,Mental health referral,127.82,False,True,No response after outreach,texas,2025-02-08,127.82,False,True,True,False
FAM-100460,Ohio,2025-09-22,Health provider,3,Engaged,Housing navigation,358.25,False,True,Connected to ongoing service,Ohio,2025-09-22,358.25,False,True,True,False
FAM-100461,Texas,2025-02-21,Community partner,1,Engaged,Concrete supports,408.77,False,True,Needs met,Texas,2025-02-21,408.77,False,True,True,False
FAM-100462,Washington,2025-10-01,Family resource center,3,Engaged,Legal aid referral,112.95,False,True,Needs met,Wash.,2025-10-01,112.95,False,True,True,False
FAM-100463,New York,2025-06-02,CPS hotline screened-out,1,Engaged,Benefits enrollment,41.5,False,True,Needs met,new york,2025-06-02,41.5,False,True,True,False
FAM-100464,Ohio,2025-01-03,Community partner,1,Engaged,Concrete supports,210.39,True,True,Needs met,OH,2025-01-03,210.39,False,True,True,False
FAM-100465,Illinois,2025-12-19,CPS hotline screened-out,3,Engaged,Housing navigation,548.7,False,True,Connected to ongoing service,IL,2025-12-19,548.7,False,True,True,False
FAM-100466,Texas,2025-03-02,Community partner,2,Pending outreach,No service recorded,0.0,True,False,No response after outreach,TX,2025-03-02,0.0,False,True,True,False
FAM-100467,Ohio,2025-08-06,Self-referral,6,Declined,No service recorded,0.0,False,True,Family declined services,ohio,2025-08-06,0.0,False,True,True,False
FAM-100468,New York,2025-03-08,Self-referral,3,Engaged,Parent coaching,48.56,False,True,Still active,new york,2025-03-08,48.56,False,True,True,False
FAM-100469,Illinois,2025-12-07,Health provider,4,Engaged,Parent coaching,78.88,True,True,Needs met,Illinois,2025-12-07,78.88,False,True,True,False
FAM-100470,Washington,2025-09-27,Family resource center,1,Engaged,Parent coaching,120.8,False,False,Still active,washington,2025-09-27,120.8,False,True,True,False
FAM-100471,New York,2025-10-21,CPS hotline screened-out,2,Declined,No service recorded,0.0,False,True,Family declined services,new york,2025-10-21,0.0,False,True,True,False
FAM-100472,Texas,2025-06-07,Health provider,2,Engaged,Legal aid referral,243.46,False,True,Connected to ongoing service,Texas,2025-06-07,243.46,False,True,True,False
FAM-100473,Illinois,2025-06-20,CPS hotline screened-out,2,Engaged,Benefits enrollment,176.17,False,False,No response after outreach,IL,2025-06-20,176.17,False,True,True,False
FAM-100474,Washington,2025-08-20,Family resource center,2,Engaged,No service recorded,30.41,False,True,Connected to ongoing service,Wash.,2025-08-20,30.41,False,True,True,False
FAM-100475,Illinois,2025-10-14,Health provider,6,Engaged,Concrete supports,338.6,False,True,Needs met,illinois,2025-10-14,338.6,False,True,True,False
FAM-100476,Illinois,2025-11-06,Self-referral,2,Engaged,Child care support,311.87,False,True,Needs met,Illinois,2025-11-06,311.87,False,True,True,False
FAM-100477,Washington,2025-01-07,Health provider,1,Declined,Concrete supports,211.78,False,True,Family declined services,Washington,2025-01-07,211.78,False,True,True,False
FAM-100478,Washington,2025-08-31,School,3,Pending outreach,No service recorded,0.0,False,False,No response after outreach,washington,2025-08-31,0.0,False,True,True,False
FAM-100479,Illinois,2025-02-09,Self-referral,7,Engaged,Concrete supports,270.15,True,False,No response after outreach,IL,2025-02-09,270.15,False,True,True,False
FAM-100480,Ohio,2025-04-16,Family resource center,0,Engaged,Child care support,157.22,False,False,Still active,ohio,2025-04-16,157.22,False,True,True,False
FAM-100481,Texas,2025-10-30,Community partner,0,Engaged,Legal aid referral,67.81,True,True,Needs met,TX,2025-10-30,67.81,False,True,True,False
FAM-100482,Washington,2025-04-02,Family resource center,2,Engaged,Parent coaching,49.01,False,True,Still active,Wash.,2025-04-02,49.01,False,True,True,False
FAM-100483,New York,2025-10-18,Self-referral,4,Engaged,Mental health referral,86.42,False,True,Needs met,New York,2025-10-18,86.42,False,True,True,False
FAM-100484,Ohio,2025-06-18,CPS hotline screened-out,3,Engaged,Legal aid referral,57.83,False,True,Connected to ongoing service,OH,2025-06-18,57.83,False,True,True,False
FAM-100485,Texas,2025-03-26,Family resource center,2,Declined,Benefits enrollment,257.36,False,True,Family declined services,Texas,2025-03-26,257.36,False,True,True,False
FAM-100486,Texas,2025-05-02,Community partner,4,Pending outreach,No service recorded,0.0,False,True,No response after outreach,TX,2025-05-02,0.0,False,True,True,False
FAM-100487,Texas,2025-07-13,Health provider,2,Unable to contact,Parent coaching,88.93,False,True,No response after outreach,Texas,2025-07-13,88.93,False,True,True,False
FAM-100488,Ohio,2025-10-07,CPS hotline screened-out,1,Unable to contact,Mental health referral,74.73,True,False,No response after outreach,OH,2025-10-07,74.73,False,True,True,False
FAM-100489,Illinois,2025-08-10,Community partner,2,Engaged,Concrete supports,224.81,False,True,Needs met,IL,2025-08-10,224.81,False,True,True,False
FAM-100490,Washington,2025-12-07,Health provider,2,Engaged,Mental health referral,57.98,False,True,Still active,Washington,2025-12-07,57.98,False,True,True,False
FAM-100491,Washington,2025-11-13,Self-referral,4,Engaged,Housing navigation,94.47,False,True,Needs met,Washington,2025-11-13,94.47,False,True,True,False
FAM-100492,Texas,2025-10-02,Self-referral,0,Unable to contact,Mental health referral,150.35,True,False,No response after outreach,TX,2025-10-02,150.35,False,True,True,False
FAM-100493,Illinois,2025-08-09,School,3,Engaged,Child care support,627.5,False,True,Needs met,Ill.,2025-08-09,627.5,False,True,True,False
FAM-100494,Illinois,2025-04-16,Self-referral,2,Declined,No service recorded,0.0,False,True,Family declined services,Illinois,2025-04-16,0.0,False,True,True,False
FAM-100495,Texas,2025-05-31,CPS hotline screened-out,2,Engaged,Benefits enrollment,48.27,True,True,Connected to ongoing service,TX,2025-05-31,48.27,False,True,True,False
FAM-100496,Illinois,2025-02-13,Family resource center,5,Engaged,Parent coaching,188.2,True,True,Needs met,Illinois,2025-02-13,188.2,False,True,True,False
FAM-100497,Washington,2025-05-17,Community partner,0,Engaged,Concrete supports,1100.16,False,False,Still active,Wash.,2025-05-17,1100.16,False,True,True,False
FAM-100498,New York,2025-12-05,Health provider,2,Pending outreach,Child care support,855.56,False,False,No response after outreach,NY,2025-12-05,855.56,False,True,True,False
FAM-100499,Texas,2025-06-05,Family resource center,1,Engaged,Housing navigation,609.57,False,True,Connected to ongoing service,texas,2025-06-05,609.57,False,True,True,False
FAM-100500,Washington,2025-02-11,Community partner,0,Engaged,Concrete supports,105.27,False,False,Needs met,Washington,2025-02-11,105.27,False,True,True,False
FAM-100501,New York,2025-08-26,School,0,Engaged,Concrete supports,104.2,False,True,Needs met,New York,2025-08-26,104.2,False,True,True,False
FAM-100502,New York,2025-12-18,Self-referral,4,Unable to contact,No service recorded,0.0,False,True,No response after outreach,new york,2025-12-18,0.0,False,True,True,False
FAM-100503,Texas,2025-11-13,Family resource center,3,Pending outreach,No service recorded,0.0,False,False,No response after outreach,TX,2025-11-13,0.0,False,True,True,False
FAM-100504,Ohio,2025-04-11,Community partner,1,Engaged,Legal aid referral,132.97,False,True,Connected to ongoing service,ohio,2025-04-11,132.97,False,True,True,False
FAM-100505,New York,2025-06-15,Health provider,6,Pending outreach,No service recorded,0.0,False,True,No response after outreach,N.Y.,2025-06-15,0.0,False,True,True,False
FAM-100506,Texas,2025-07-13,Community partner,2,Engaged,Benefits enrollment,1500.0,True,True,Still active,texas,2025-07-13,5000.0,True,True,True,False
FAM-100507,Washington,2025-04-01,Health provider,3,Unable to contact,No service recorded,0.0,False,True,No response after outreach,washington,2025-04-01,0.0,False,True,True,False
FAM-100508,Ohio,2025-04-09,School,1,Engaged,Benefits enrollment,5.9,False,True,Needs met,OH,2025-04-09,5.9,False,True,True,False
FAM-100509,Illinois,2025-03-28,CPS hotline screened-out,0,Engaged,Benefits enrollment,53.87,False,True,Still active,IL,2025-03-28,53.87,False,True,True,False
FAM-100510,New York,2025-12-30,Family resource center,2,Unable to contact,No service recorded,0.0,False,False,No response after outreach,New York,2025-12-30,0.0,False,True,True,False
FAM-100511,New York,2025-09-30,Health provider,1,Engaged,Mental health referral,128.29,False,True,Connected to ongoing service,NY,2025-09-30,128.29,False,True,True,False
FAM-100512,Illinois,2025-11-03,School,0,Engaged,Benefits enrollment,68.71,False,True,Connected to ongoing service,IL,2025-11-03,68.71,False,True,True,False
FAM-100513,Illinois,2025-10-26,CPS hotline screened-out,3,Declined,No service recorded,0.0,False,True,Family declined services,Illinois,2025-10-26,0.0,False,True,True,False
FAM-100514,Texas,2025-12-17,CPS hotline screened-out,1,Pending outreach,No service recorded,0.0,False,False,No response after outreach,Texas,2025-12-17,0.0,False,True,True,False
FAM-100515,New York,2025-02-08,School,4,Engaged,Parent coaching,79.92,False,False,Still active,new york,2025-02-08,79.92,False,True,True,False
FAM-100516,Washington,2025-11-18,Health provider,3,Unable to contact,No service recorded,0.0,False,False,No response after outreach,WA,2025-11-18,0.0,False,True,True,False
FAM-100517,New York,2025-01-25,Community partner,0,Declined,No service recorded,0.0,False,True,Family declined services,N.Y.,2025-01-25,0.0,False,True,True,False
FAM-100518,Illinois,2025-06-23,Self-referral,1,Engaged,Benefits enrollment,23.93,False,True,Needs met,IL,2025-06-23,23.93,False,True,True,False
FAM-100519,Texas,2025-08-05,School,4,Declined,No service recorded,0.0,False,True,Family declined services,texas,2025-08-05,0.0,False,True,True,False
FAM-100520,Washington,2025-05-11,CPS hotline screened-out,2,Engaged,Legal aid referral,53.21,False,True,Still active,washington,2025-05-11,53.21,False,True,True,False
FAM-100521,New York,2025-02-23,Health provider,1,Declined,No service recorded,0.0,True,True,Family declined services,New York,2025-02-23,0.0,False,True,True,False
FAM-100522,Illinois,2025-03-12,Community partner,4,Engaged,Child care support,408.6,False,True,Still active,Illinois,2025-03-12,408.6,False,True,True,False
FAM-100523,Illinois,2025-10-29,CPS hotline screened-out,3,Engaged,Concrete supports,0.0,False,True,Needs met,illinois,2025-10-29,,False,True,True,False
FAM-100524,Ohio,2025-04-27,CPS hotline screened-out,2,Engaged,Legal aid referral,199.85,False,True,Still active,OH,2025-04-27,199.85,False,True,True,False
FAM-100525,Ohio,2025-04-24,Community partner,1,Engaged,Mental health referral,81.52,False,True,Needs met,Ohio,2025-04-24,81.52,False,True,True,False
FAM-100526,New York,2025-12-04,Health provider,1,Declined,No service recorded,0.0,False,True,Family declined services,new york,2025-12-04,0.0,False,True,True,False
FAM-100527,Illinois,2025-02-22,Family resource center,2,Pending outreach,No service recorded,0.0,False,False,Still active,Ill.,2025-02-22,0.0,False,True,True,False
FAM-100528,Ohio,2025-12-01,School,4,Engaged,Child care support,356.13,False,True,Needs met,OH,2025-12-01,356.13,False,True,True,False
FAM-100529,Washington,2025-12-03,CPS hotline screened-out,1,Engaged,Parent coaching,131.02,False,True,Needs met,Washington,2025-12-03,131.02,False,True,True,False
FAM-100530,Texas,2025-08-07,Community partner,5,Engaged,Parent coaching,126.85,False,True,Needs met,Texas,2025-08-07,126.85,False,True,True,False
FAM-100531,Ohio,2025-03-02,Community partner,2,Engaged,Mental health referral,29.45,False,True,Needs met,ohio,2025-03-02,29.45,False,True,True,False
FAM-100532,Illinois,2025-02-26,Community partner,1,Engaged,Housing navigation,140.19,False,True,Needs met,Ill.,2025-02-26,140.19,False,True,True,False
FAM-100533,New York,2025-04-14,Community partner,2,Declined,Benefits enrollment,5.71,False,True,Family declined services,N.Y.,2025-04-14,5.71,False,True,True,False
FAM-100534,New York,2025-07-30,Family resource center,0,Declined,Concrete supports,209.84,False,False,Family declined services,N.Y.,2025-07-30,209.84,False,True,True,False
FAM-100535,Texas,2025-02-26,School,1,Engaged,Concrete supports,131.71,False,True,Connected to ongoing service,Texas,2025-02-26,131.71,False,True,True,False
FAM-100536,Washington,2025-06-16,Health provider,2,Engaged,Legal aid referral,49.27,False,True,Still active,WA,2025-06-16,49.27,False,True,True,False
FAM-100537,Washington,2025-02-12,Self-referral,3,Unable to contact,No service recorded,0.0,False,False,No response after outreach,Washington,2025-02-12,0.0,False,True,True,False
FAM-100538,Washington,2025-07-17,Community partner,6,Engaged,Mental health referral,65.04,True,False,Still active,Washington,2025-07-17,65.04,False,True,True,False
FAM-100539,Washington,2025-01-08,Community partner,2,Engaged,Housing navigation,297.36,True,True,Connected to ongoing service,Wash.,2025-01-08,297.36,False,True,True,False
FAM-100540,Washington,2025-09-16,School,1,Engaged,Benefits enrollment,69.64,False,False,No response after outreach,Wash.,2025-09-16,69.64,False,True,True,False
FAM-100541,Illinois,2025-01-21,School,1,Engaged,Parent coaching,68.49,False,True,Connected to ongoing service,Illinois,2025-01-21,68.49,False,True,True,False
FAM-100542,Illinois,2025-03-13,CPS hotline screened-out,2,Engaged,Child care support,337.06,False,True,Needs met,illinois,2025-03-13,337.06,False,True,True,False
FAM-100543,New York,2025-03-05,Health provider,1,Unable to contact,No service recorded,0.0,False,False,No response after outreach,new york,2025-03-05,0.0,False,True,True,False
FAM-100544,Ohio,2025-10-31,Community partner,3,Engaged,Benefits enrollment,76.87,False,True,Connected to ongoing service,Ohio,2025-10-31,76.87,False,True,True,False
FAM-100545,Illinois,2025-01-20,Community partner,4,Unable to contact,No service recorded,0.0,False,False,No response after outreach,Ill.,2025-01-20,0.0,False,True,True,False
FAM-100546,Washington,2025-06-06,Health provider,1,Engaged,Legal aid referral,159.07,False,True,Connected to ongoing service,Wash.,2025-06-06,159.07,False,True,True,False
FAM-100547,Texas,2025-08-04,Family resource center,2,Declined,Child care support,259.6,True,True,Family declined services,TX,2025-08-04,259.6,False,True,True,False
FAM-100548,Ohio,2025-07-08,Family resource center,2,Engaged,Legal aid referral,244.57,False,False,Still active,ohio,2025-07-08,244.57,False,True,True,False
FAM-100549,Illinois,2025-09-06,Family resource center,0,Engaged,Child care support,117.64,False,True,Needs met,IL,2025-09-06,117.64,False,True,True,False
FAM-100550,New York,2025-10-21,School,0,Engaged,Parent coaching,58.23,True,True,Needs met,N.Y.,2025-10-21,58.23,False,True,True,False
FAM-100551,Illinois,2025-05-24,CPS hotline screened-out,1,Engaged,Legal aid referral,41.85,False,True,Still active,IL,2025-05-24,41.85,False,True,True,False
FAM-100552,Washington,2025-10-30,Community partner,4,Engaged,Parent coaching,94.04,False,False,Still active,Wash.,2025-10-30,94.04,False,True,True,False
FAM-100553,Ohio,2025-04-27,School,0,Declined,Parent coaching,28.15,False,False,Family declined services,Ohio,2025-04-27,28.15,False,True,True,False
FAM-100554,Texas,2025-12-26,Community partner,1,Engaged,Concrete supports,76.55,False,True,Connected to ongoing service,Texas,2025-12-26,76.55,False,True,True,False
FAM-100555,New York,2025-07-04,Community partner,0,Engaged,Mental health referral,34.33,False,False,No response after outreach,N.Y.,2025-07-04,34.33,False,True,True,False
FAM-100556,New York,2025-09-26,CPS hotline screened-out,1,Engaged,Housing navigation,81.64,False,False,No response after outreach,NY,2025-09-26,81.64,False,True,True,False
FAM-100557,New York,2025-11-16,Community partner,5,Declined,Parent coaching,65.83,True,False,Family declined services,NY,2025-11-16,65.83,False,True,True,False
FAM-100558,Texas,2025-10-17,Health provider,2,Declined,Benefits enrollment,90.79,False,False,Family declined services,texas,2025-10-17,90.79,False,True,True,False
FAM-100559,Texas,2025-11-07,School,2,Unable to contact,No service recorded,12.87,False,False,No response after outreach,Texas,2025-11-07,12.87,False,True,True,False
FAM-100560,Illinois,2025-07-15,CPS hotline screened-out,1,Engaged,Concrete supports,197.54,False,True,Still active,illinois,2025-07-15,197.54,False,True,True,False
FAM-100561,Washington,2025-01-16,Health provider,3,Unable to contact,No service recorded,0.0,False,False,No response after outreach,WA,2025-01-16,0.0,False,True,True,False
FAM-100562,Illinois,2025-06-29,Family resource center,3,Unable to contact,Parent coaching,175.81,False,False,No response after outreach,Illinois,2025-06-29,175.81,False,True,True,False
FAM-100563,Washington,2025-03-08,School,1,Engaged,Benefits enrollment,215.75,False,True,Needs met,Wash.,2025-03-08,215.75,False,True,True,False
FAM-100564,Illinois,2025-11-21,Community partner,4,Engaged,Legal aid referral,141.91,True,True,Connected to ongoing service,Illinois,2025-11-21,141.91,False,True,True,False
FAM-100565,New York,2025-03-28,Community partner,0,Declined,Housing navigation,23.61,False,False,Family declined services,New York,2025-03-28,23.61,False,True,True,False
FAM-100567,Illinois,2025-04-02,Community partner,2,Unable to contact,Concrete supports,555.44,False,False,No response after outreach,Ill.,2025-04-02,555.44,False,True,True,False
FAM-100568,New York,2025-08-23,Family resource center,4,Engaged,Concrete supports,182.81,True,True,Connected to ongoing service,New York,2025-08-23,182.81,False,True,True,False
FAM-100569,Ohio,2025-07-28,Family resource center,3,Engaged,Housing navigation,95.9,False,True,Needs met,ohio,2025-07-28,95.9,False,True,True,False
FAM-100570,New York,2025-12-13,School,3,Engaged,Child care support,528.63,False,True,Still active,new york,2025-12-13,528.63,False,True,True,False
FAM-100571,Texas,2025-06-01,Family resource center,2,Unable to contact,Benefits enrollment,201.45,False,False,No response after outreach,texas,2025-06-01,201.45,False,True,True,False
FAM-100572,Washington,2025-04-14,Family resource center,2,Declined,No service recorded,0.0,False,True,Family declined services,Washington,2025-04-14,0.0,False,True,True,False
FAM-100573,Washington,2025-01-18,CPS hotline screened-out,1,Engaged,Parent coaching,76.38,False,False,Connected to ongoing service,Wash.,2025-01-18,76.38,False,True,True,False
FAM-100574,New York,2025-01-03,School,4,Engaged,Concrete supports,96.69,False,True,Needs met,new york,2025-01-03,96.69,False,True,True,False
FAM-100575,Ohio,2025-05-17,Health provider,3,Engaged,Parent coaching,10.76,False,True,Needs met,ohio,2025-05-17,10.76,False,True,True,False
FAM-100576,New York,2025-12-04,School,3,Engaged,Legal aid referral,102.17,True,True,Needs met,NY,2025-12-04,102.17,False,True,True,False
FAM-100577,New York,2025-07-11,School,1,Pending outreach,Mental health referral,42.2,False,False,No response after outreach,N.Y.,2025-07-11,42.2,False,True,True,False
FAM-100578,Illinois,2025-11-23,School,1,Engaged,Mental health referral,72.21,False,True,Connected to ongoing service,illinois,2025-11-23,72.21,False,True,True,False
FAM-100579,Washington,2025-02-07,Self-referral,2,Engaged,No service recorded,65.51,False,True,Still active,Washington,2025-02-07,65.51,False,True,True,False
FAM-100580,Washington,2025-02-04,Community partner,1,Engaged,Parent coaching,32.43,False,True,Needs met,Wash.,2025-02-04,32.43,False,True,True,False
FAM-100581,Texas,2025-11-01,Health provider,1,Pending outreach,Benefits enrollment,9.95,False,False,No response after outreach,texas,2025-11-01,9.95,False,True,True,False
FAM-100582,Ohio,2025-02-08,Community partner,6,Engaged,Child care support,186.51,True,True,Connected to ongoing service,Ohio,2025-02-08,186.51,False,True,True,False
FAM-100583,Ohio,2025-01-19,Family resource center,1,Unable to contact,Benefits enrollment,86.78,False,False,No response after outreach,OH,2025-01-19,86.78,False,True,True,False
FAM-100584,Ohio,2025-05-28,CPS hotline screened-out,1,Engaged,Benefits enrollment,90.29,False,True,Needs met,OH,2025-05-28,90.29,False,True,True,False
FAM-100585,Ohio,2025-12-04,CPS hotline screened-out,1,Engaged,Child care support,152.59,False,True,Connected to ongoing service,OH,2025-12-04,152.59,False,True,True,False
FAM-100586,Ohio,2025-09-09,CPS hotline screened-out,1,Unable to contact,Benefits enrollment,198.37,False,False,No response after outreach,ohio,2025-09-09,198.37,False,True,True,False
FAM-100587,Illinois,2025-02-06,School,2,Engaged,Parent coaching,24.3,False,True,Needs met,Ill.,2025-02-06,24.3,False,True,True,False
FAM-100588,Illinois,2025-11-02,Health provider,4,Unable to contact,No service recorded,0.0,True,False,No response after outreach,Illinois,2025-11-02,0.0,False,True,True,False
FAM-100589,Washington,2025-11-04,Family resource center,1,Engaged,Concrete supports,489.61,True,True,Needs met,Wash.,2025-11-04,489.61,False,True,True,False
FAM-100590,Ohio,2025-10-20,School,0,Unable to contact,Concrete supports,279.57,True,False,No response after outreach,OH,2025-10-20,279.57,False,True,True,False
FAM-100591,Washington,2025-11-26,Community partner,6,Declined,No service recorded,0.0,True,False,Family declined services,washington,2025-11-26,,False,True,True,False
FAM-100592,Illinois,2025-03-29,School,0,Unable to contact,No service recorded,0.0,False,False,No response after outreach,Ill.,2025-03-29,0.0,False,True,True,False
FAM-100593,Ohio,2025-12-24,CPS hotline screened-out,2,Engaged,Housing navigation,187.76,False,True,Needs met,OH,2025-12-24,187.76,False,True,True,False
FAM-100594,Illinois,2025-04-28,School,0,Unable to contact,Housing navigation,0.0,False,False,No response after outreach,IL,2025-04-28,,False,True,True,False
FAM-100595,New York,2025-10-20,Self-referral,2,Pending outreach,No service recorded,0.0,False,False,Still active,NY,2025-10-20,0.0,False,True,True,False
FAM-100596,Illinois,2025-07-31,CPS hotline screened-out,0,Engaged,Benefits enrollment,62.01,False,True,Still active,Ill.,2025-07-31,62.01,False,True,True,False
FAM-100597,Illinois,2025-10-12,Self-referral,3,Engaged,Benefits enrollment,15.49,False,True,Needs met,IL,2025-10-12,15.49,False,True,True,False
FAM-100598,Unknown,2025-08-18,Community partner,4,Declined,Parent coaching,22.31,False,True,Family declined services,,2025-08-18,22.31,False,True,True,False
FAM-100600,Texas,2025-08-13,Self-referral,0,Unable to contact,No service recorded,0.0,False,False,No response after outreach,Texas,2025-08-13,0.0,False,True,True,False
FAM-100601,Ohio,2025-10-12,Self-referral,4,Unable to contact,No service recorded,0.0,False,True,No response after outreach,OH,2025-10-12,0.0,False,True,True,False
FAM-100602,New York,2025-09-27,Self-referral,3,Engaged,Parent coaching,45.19,False,False,No response after outreach,New York,2025-09-27,45.19,False,True,True,False
FAM-100603,Ohio,2025-02-19,Self-referral,4,Engaged,No service recorded,482.25,False,True,Still active,Ohio,2025-02-19,482.25,False,True,True,False
FAM-100604,Unknown,2025-10-29,Community partner,3,Engaged,Housing navigation,163.43,False,True,Connected to ongoing service,,2025-10-29,163.43,False,True,True,False
FAM-100605,Washington,2025-07-15,CPS hotline screened-out,3,Engaged,Parent coaching,40.57,False,True,Needs met,Washington,2025-07-15,40.57,False,True,True,False
FAM-100606,Washington,2025-04-28,School,7,Declined,Mental health referral,35.41,True,True,Family declined services,washington,2025-04-28,35.41,False,True,True,False
FAM-100607,Texas,2025-07-07,Health provider,4,Engaged,Legal aid referral,32.35,True,False,No response after outreach,texas,2025-07-07,32.35,False,True,True,False
FAM-100608,Unknown,2025-12-19,Health provider,2,Engaged,Benefits enrollment,33.48,False,True,Connected to ongoing service,,2025-12-19,33.48,False,True,True,False
FAM-100609,Illinois,2025-11-10,Self-referral,2,Declined,No service recorded,0.0,False,True,Family declined services,IL,2025-11-10,0.0,False,True,True,False
FAM-100611,New York,2025-06-18,Family resource center,1,Declined,Concrete supports,287.9,False,True,Family declined services,N.Y.,2025-06-18,287.9,False,True,True,False
FAM-100612,Illinois,2025-10-14,School,5,Engaged,Mental health referral,66.87,False,False,No response after outreach,Ill.,2025-10-14,66.87,False,True,True,False
FAM-100613,New York,2025-05-21,Community partner,7,Engaged,Benefits enrollment,64.37,True,False,Needs met,new york,2025-05-21,64.37,False,True,True,False
FAM-100614,Texas,2025-09-08,Self-referral,1,Engaged,Child care support,0.0,False,True,Needs met,Texas,2025-09-08,,False,True,True,False
FAM-100615,Texas,2025-08-22,CPS hotline screened-out,3,Unable to contact,Housing navigation,336.04,False,False,No response after outreach,Texas,2025-08-22,336.04,False,True,True,False
FAM-100616,Texas,2025-04-02,School,2,Declined,Child care support,359.17,True,True,Family declined services,Texas,2025-04-02,359.17,False,True,True,False
FAM-100617,Texas,2025-04-08,Self-referral,1,Declined,No service recorded,0.0,False,True,Family declined services,Texas,2025-04-08,0.0,False,True,True,False
FAM-100618,Illinois,2025-01-23,Self-referral,2,Pending outreach,Parent coaching,235.88,True,True,No response after outreach,Ill.,2025-01-23,235.88,False,True,True,False
FAM-100619,Washington,2025-02-21,Community partner,0,Unable to contact,Parent coaching,109.39,False,False,No response after outreach,Washington,2025-02-21,109.39,False,True,True,False
FAM-100620,Ohio,2025-06-08,CPS hotline screened-out,1,Declined,Concrete supports,0.0,False,False,Family declined services,Ohio,2025-06-08,,False,True,True,False
FAM-100621,Texas,2025-06-24,CPS hotline screened-out,3,Engaged,Legal aid referral,38.6,False,True,Needs met,texas,2025-06-24,38.6,False,True,True,False
FAM-100622,Illinois,2025-03-02,CPS hotline screened-out,1,Pending outreach,Child care support,686.94,True,False,No response after outreach,Ill.,2025-03-02,686.94,False,True,True,False
FAM-100623,Washington,2025-06-02,Self-referral,3,Unable to contact,No service recorded,0.0,False,False,No response after outreach,Washington,2025-06-02,0.0,False,True,True,False
FAM-100624,New York,2025-08-09,Self-referral,2,Pending outreach,No service recorded,0.0,False,False,No response after outreach,NY,2025-08-09,0.0,False,True,True,False
FAM-100625,Illinois,2025-03-26,Health provider,2,Engaged,Legal aid referral,112.3,True,True,Needs met,illinois,2025-03-26,112.3,False,True,True,False
FAM-100626,Ohio,2025-05-04,Health provider,3,Engaged,Benefits enrollment,101.02,False,True,Needs met,OH,2025-05-04,101.02,False,True,True,False
FAM-100627,Illinois,2025-05-15,Community partner,4,Unable to contact,No service recorded,0.0,False,False,No response after outreach,Ill.,2025-05-15,0.0,False,True,True,False
FAM-100628,Illinois,2025-07-04,Community partner,4,Engaged,Benefits enrollment,62.89,False,True,Connected to ongoing service,Ill.,2025-07-04,62.89,False,True,True,False
FAM-100629,Texas,2025-05-14,CPS hotline screened-out,5,Engaged,Mental health referral,51.3,False,True,Connected to ongoing service,texas,2025-05-14,51.3,False,True,True,False
FAM-100630,New York,2025-09-26,Self-referral,2,Pending outreach,Legal aid referral,41.63,False,True,No response after outreach,New York,2025-09-26,41.63,False,True,True,False
FAM-100631,Washington,2025-04-30,CPS hotline screened-out,2,Engaged,Housing navigation,701.98,True,True,Connected to ongoing service,Washington,2025-04-30,701.98,False,True,True,False
FAM-100632,New York,2025-06-08,CPS hotline screened-out,3,Engaged,Concrete supports,215.12,False,True,Connected to ongoing service,new york,2025-06-08,215.12,False,True,True,False
FAM-100633,Texas,2025-05-19,Self-referral,6,Engaged,Benefits enrollment,113.95,False,True,Needs met,Texas,2025-05-19,113.95,False,True,True,False
FAM-100634,Ohio,2025-03-08,Health provider,3,Engaged,Child care support,412.16,False,True,Still active,OH,2025-03-08,412.16,False,True,True,False
FAM-100635,Texas,2025-09-08,School,2,Unable to contact,No service recorded,0.0,False,False,No response after outreach,Texas,2025-09-08,0.0,False,True,True,False
FAM-100636,Texas,2025-03-27,Community partner,0,Pending outreach,No service recorded,0.0,True,False,Still active,texas,2025-03-27,0.0,False,True,True,False
FAM-100637,Ohio,2025-04-19,CPS hotline screened-out,5,Pending outreach,Child care support,408.26,False,False,No response after outreach,Ohio,2025-04-19,408.26,False,True,True,False
FAM-100638,Washington,2025-10-17,School,1,Unable to contact,No service recorded,0.0,False,False,No response after outreach,Washington,2025-10-17,0.0,False,True,True,False
FAM-100639,New York,2025-12-13,School,2,Unable to contact,Mental health referral,87.84,False,False,No response after outreach,New York,2025-12-13,87.84,False,True,True,False
FAM-100640,Illinois,2025-09-02,Health provider,1,Engaged,Legal aid referral,242.01,False,False,No response after outreach,Illinois,2025-09-02,242.01,False,True,True,False
FAM-100641,Texas,2025-12-01,CPS hotline screened-out,1,Declined,No service recorded,0.0,False,True,Family declined services,TX,2025-12-01,0.0,False,True,True,False
FAM-100642,Washington,2025-11-08,Community partner,4,Engaged,Legal aid referral,106.76,True,True,Needs met,WA,2025-11-08,106.76,False,True,True,False
FAM-100643,Illinois,2025-06-25,CPS hotline screened-out,2,Engaged,Parent coaching,40.58,False,True,Needs met,Ill.,2025-06-25,40.58,False,True,True,False
FAM-100644,Ohio,2025-10-09,School,3,Pending outreach,No service recorded,0.0,False,False,Still active,Ohio,2025-10-09,0.0,False,True,True,False
FAM-100645,Washington,2025-04-30,Community partner,5,Declined,No service recorded,0.0,True,True,Family declined services,washington,2025-04-30,0.0,False,True,True,False
FAM-100646,Texas,2025-06-18,Community partner,2,Engaged,Legal aid referral,53.6,False,True,Needs met,TX,2025-06-18,53.6,False,True,True,False
FAM-100647,Washington,2025-07-15,Health provider,4,Unable to contact,Housing navigation,65.38,True,True,No response after outreach,washington,2025-07-15,65.38,False,True,True,False
FAM-100648,Ohio,2025-12-17,School,3,Engaged,Housing navigation,310.98,False,False,Still active,ohio,2025-12-17,310.98,False,True,True,False
FAM-100649,Texas,2025-11-06,Community partner,1,Engaged,Legal aid referral,121.8,False,False,No response after outreach,Texas,2025-11-06,121.8,False,True,True,False
FAM-100650,New York,2025-06-28,Self-referral,2,Engaged,Child care support,400.71,False,False,No response after outreach,new york,2025-06-28,400.71,False,True,True,False
FAM-100651,Washington,2025-08-27,School,3,Engaged,Concrete supports,353.79,False,True,Still active,Wash.,2025-08-27,353.79,False,True,True,False
FAM-100652,New York,2025-03-15,School,2,Engaged,Mental health referral,63.09,False,False,Still active,N.Y.,2025-03-15,63.09,False,True,True,False
FAM-100653,Texas,2025-10-21,School,1,Engaged,Parent coaching,74.27,False,False,No response after outreach,TX,2025-10-21,74.27,False,True,True,False
FAM-100654,New York,2025-07-21,CPS hotline screened-out,1,Engaged,Mental health referral,74.46,True,True,Needs met,new york,2025-07-21,74.46,False,True,True,False
FAM-100655,Ohio,2025-07-14,School,1,Engaged,Benefits enrollment,1500.0,True,False,Needs met,ohio,2025-07-14,3750.0,True,True,True,False
FAM-100656,Texas,2025-10-07,Health provider,1,Pending outreach,No service recorded,0.0,False,False,No response after outreach,TX,2025-10-07,0.0,False,True,True,False
FAM-100657,Ohio,2025-08-20,CPS hotline screened-out,4,Unable to contact,No service recorded,0.0,False,True,No response after outreach,ohio,2025-08-20,0.0,False,True,True,False
FAM-100658,Washington,2025-01-27,Health provider,1,Pending outreach,Mental health referral,6.85,False,False,Still active,Washington,2025-01-27,6.85,False,True,True,False
FAM-100659,New York,2025-04-16,CPS hotline screened-out,1,Engaged,Housing navigation,177.66,True,True,Connected to ongoing service,NY,2025-04-16,177.66,False,True,True,False
FAM-100660,Texas,2025-03-06,Health provider,3,Unable to contact,No service recorded,0.0,False,False,No response after outreach,Texas,2025-03-06,0.0,False,True,True,False
FAM-100661,New York,2025-09-26,CPS hotline screened-out,3,Declined,No service recorded,0.0,False,True,Family declined services,New York,2025-09-26,0.0,False,True,True,False
FAM-100662,New York,2025-01-13,Community partner,2,Engaged,Benefits enrollment,26.0,True,True,Needs met,NY,2025-01-13,26.0,False,True,True,False
FAM-100664,Illinois,2025-08-07,Health provider,1,Engaged,Concrete supports,546.63,False,False,Still active,IL,2025-08-07,546.63,False,True,True,False
FAM-100665,Illinois,2025-09-11,Self-referral,0,Engaged,Housing navigation,183.43,False,True,Needs met,IL,2025-09-11,183.43,False,True,True,False
FAM-100666,Texas,2025-07-03,School,3,Engaged,Benefits enrollment,16.26,False,True,Connected to ongoing service,TX,2025-07-03,16.26,False,True,True,False
FAM-100667,Texas,2025-11-11,CPS hotline screened-out,0,Engaged,Benefits enrollment,22.39,False,False,No response after outreach,texas,2025-11-11,22.39,False,True,True,False
FAM-100668,Texas,2025-12-02,School,1,Engaged,Concrete supports,479.08,False,True,Connected to ongoing service,texas,2025-12-02,479.08,False,True,True,False
FAM-100669,Illinois,2025-02-18,Self-referral,3,Unable to contact,No service recorded,0.0,False,False,No response after outreach,IL,2025-02-18,0.0,False,True,True,False
FAM-100670,New York,2025-12-14,CPS hotline screened-out,0,Engaged,Legal aid referral,12.11,False,False,No response after outreach,NY,2025-12-14,12.11,False,True,True,False
FAM-100671,Illinois,2025-08-13,Self-referral,0,Engaged,Concrete supports,254.8,False,True,Connected to ongoing service,Ill.,2025-08-13,254.8,False,True,True,False
FAM-100672,Texas,2025-08-21,School,2,Unable to contact,Housing navigation,428.7,False,True,No response after outreach,Texas,2025-08-21,428.7,False,True,True,False
FAM-100673,Washington,2025-02-04,CPS hotline screened-out,2,Engaged,Child care support,90.79,False,True,Needs met,washington,2025-02-04,90.79,False,True,True,False
FAM-100674,New York,2025-08-15,Self-referral,1,Engaged,Mental health referral,74.63,False,False,No response after outreach,NY,2025-08-15,74.63,False,True,True,False
FAM-100675,Texas,2025-09-22,CPS hotline screened-out,7,Engaged,Mental health referral,50.8,True,True,Connected to ongoing service,Texas,2025-09-22,50.8,False,True,True,False
FAM-100676,Illinois,2025-07-31,School,6,Engaged,Concrete supports,167.74,True,True,Needs met,illinois,2025-07-31,167.74,False,True,True,False
FAM-100677,New York,2025-01-31,Community partner,5,Engaged,Legal aid referral,37.47,True,False,No response after outreach,NY,2025-01-31,37.47,False,True,True,False
FAM-100678,Illinois,2025-07-10,Health provider,6,Engaged,Child care support,452.34,False,True,Needs met,Illinois,2025-07-10,452.34,False,True,True,False
FAM-100679,New York,2025-12-08,CPS hotline screened-out,4,Engaged,Legal aid referral,218.88,False,True,Connected to ongoing service,new york,2025-12-08,218.88,False,True,True,False
FAM-100680,Texas,2025-09-22,CPS hotline screened-out,1,Pending outreach,No service recorded,0.0,False,False,No response after outreach,Texas,2025-09-22,0.0,False,True,True,False
FAM-100681,Washington,2025-02-20,Health provider,2,Pending outreach,No service recorded,0.0,False,False,Still active,washington,2025-02-20,0.0,False,True,True,False
FAM-100682,Illinois,2025-12-17,Family resource center,3,Engaged,Benefits enrollment,58.61,False,True,Needs met,Illinois,2025-12-17,58.61,False,True,True,False
FAM-100683,Ohio,2025-12-16,CPS hotline screened-out,1,Engaged,Housing navigation,325.02,False,True,Needs met,OH,2025-12-16,325.02,False,True,True,False
FAM-100684,Texas,2025-03-03,School,3,Engaged,Child care support,257.04,False,True,Connected to ongoing service,texas,2025-03-03,257.04,False,True,True,False
FAM-100685,Washington,2025-10-20,Self-referral,1,Declined,No service recorded,0.0,False,True,Family declined services,Washington,2025-10-20,0.0,False,True,True,False
FAM-100686,Texas,2025-05-29,Community partner,2,Declined,No service recorded,0.0,False,True,Family declined services,texas,2025-05-29,0.0,False,True,True,False
FAM-100687,New York,2025-08-05,School,2,Engaged,Concrete supports,49.19,False,True,Needs met,new york,2025-08-05,49.19,False,True,True,False
FAM-100688,Texas,2025-06-12,Family resource center,1,Engaged,Mental health referral,56.48,False,True,Connected to ongoing service,texas,2025-06-12,56.48,False,True,True,False
FAM-100689,New York,2025-10-13,Self-referral,3,Engaged,Housing navigation,39.76,False,True,Connected to ongoing service,New York,2025-10-13,39.76,False,True,True,False
FAM-100690,Washington,2025-12-30,Community partner,7,Declined,Benefits enrollment,46.79,True,True,Family declined services,washington,2025-12-30,46.79,False,True,True,False
FAM-100691,New York,2025-10-18,Self-referral,0,Pending outreach,Child care support,247.87,False,False,No response after outreach,N.Y.,2025-10-18,247.87,False,True,True,False
FAM-100692,Texas,2025-12-06,Self-referral,2,Engaged,Housing navigation,406.16,True,True,Needs met,texas,2025-12-06,406.16,False,True,True,False
FAM-100693,Illinois,2025-12-12,Health provider,3,Engaged,Concrete supports,305.19,True,True,Still active,Illinois,2025-12-12,305.19,False,True,True,False
FAM-100694,New York,2025-02-02,School,3,Engaged,Housing navigation,460.06,False,False,Still active,N.Y.,2025-02-02,460.06,False,True,True,False
FAM-100695,Washington,2025-04-03,Family resource center,2,Unable to contact,No service recorded,0.0,False,False,No response after outreach,Washington,2025-04-03,0.0,False,True,True,False
FAM-100696,Texas,2025-09-21,Family resource center,0,Pending outreach,Housing navigation,127.95,False,False,No response after outreach,TX,2025-09-21,127.95,False,True,True,False
FAM-100697,Ohio,2025-08-04,Family resource center,1,Engaged,Child care support,572.47,False,True,Connected to ongoing service,OH,2025-08-04,572.47,False,True,True,False
FAM-100698,Washington,2025-01-19,Self-referral,4,Engaged,Mental health referral,219.05,False,True,Needs met,washington,2025-01-19,219.05,False,True,True,False
FAM-100699,Washington,2025-02-04,School,0,Engaged,Benefits enrollment,5.56,False,True,Needs met,washington,2025-02-04,5.56,False,True,True,False
FAM-100700,New York,2025-07-09,CPS hotline screened-out,1,Engaged,Housing navigation,60.01,False,True,Needs met,New York,2025-07-09,60.01,False,True,True,False
FAM-100701,Ohio,2025-08-13,CPS hotline screened-out,1,Declined,Mental health referral,71.3,False,True,Family declined services,OH,2025-08-13,71.3,False,True,True,False
FAM-100702,Ohio,2025-03-03,Family resource center,2,Engaged,Legal aid referral,43.43,False,False,No response after outreach,ohio,2025-03-03,43.43,False,True,True,False
FAM-100703,Unknown,2025-03-04,School,3,Declined,No service recorded,0.0,False,True,Family declined services,,2025-03-04,0.0,False,True,True,False
FAM-100704,New York,2025-02-17,CPS hotline screened-out,1,Engaged,Legal aid referral,50.37,False,True,Still active,NY,2025-02-17,50.37,False,True,True,False
FAM-100705,New York,2025-07-26,Community partner,2,Engaged,Housing navigation,303.27,False,True,Still active,N.Y.,2025-07-26,303.27,False,True,True,False
FAM-100706,Washington,2025-01-03,CPS hotline screened-out,4,Engaged,Housing navigation,472.14,False,True,Needs met,Washington,2025-01-03,472.14,False,True,True,False
FAM-100707,Washington,2025-07-28,Health provider,1,Engaged,Parent coaching,29.69,False,False,No response after outreach,WA,2025-07-28,29.69,False,True,True,False
FAM-100708,Washington,2025-06-23,Health provider,3,Engaged,Housing navigation,524.17,False,True,Connected to ongoing service,washington,2025-06-23,524.17,False,True,True,False
FAM-100709,Washington,2025-06-20,School,4,Unable to contact,No service recorded,0.0,False,False,No response after outreach,WA,2025-06-20,0.0,False,True,True,False
FAM-100710,Texas,2025-09-05,Self-referral,2,Engaged,Housing navigation,144.27,False,True,Connected to ongoing service,texas,2025-09-05,144.27,False,True,True,False
FAM-100711,Texas,2025-07-10,School,1,Engaged,Housing navigation,930.8,False,False,Still active,TX,2025-07-10,930.8,False,True,True,False
FAM-100712,Texas,2025-09-23,Family resource center,3,Engaged,Parent coaching,199.63,False,False,No response after outreach,texas,2025-09-23,199.63,False,True,True,False
FAM-100713,Ohio,2025-10-06,Self-referral,5,Engaged,Parent coaching,40.76,False,False,No response after outreach,Ohio,2025-10-06,40.76,False,True,True,False
FAM-100714,Ohio,2025-12-02,CPS hotline screened-out,1,Declined,No service recorded,0.0,False,True,Family declined services,ohio,2025-12-02,0.0,False,True,True,False
FAM-100715,New York,2025-10-19,Community partner,2,Pending outreach,Child care support,79.96,True,False,Still active,new york,2025-10-19,79.96,False,True,True,False
FAM-100716,Texas,2025-07-08,Self-referral,2,Engaged,Parent coaching,39.82,False,True,Still active,Texas,2025-07-08,39.82,False,True,True,False
FAM-100717,New York,2025-06-29,Health provider,3,Declined,No service recorded,0.0,False,True,Family declined services,New York,2025-06-29,0.0,False,True,True,False
FAM-100718,New York,2025-03-28,Self-referral,1,Unable to contact,No service recorded,0.0,False,False,No response after outreach,new york,2025-03-28,0.0,False,True,True,False
FAM-100719,Ohio,2025-08-07,School,3,Pending outreach,No service recorded,0.0,True,False,Still active,OH,2025-08-07,0.0,False,True,True,False
FAM-100720,New York,2025-02-20,CPS hotline screened-out,2,Engaged,Benefits enrollment,34.43,False,True,Needs met,new york,2025-02-20,34.43,False,True,True,False
FAM-100721,Illinois,2025-12-06,Self-referral,2,Engaged,Child care support,373.04,False,False,Still active,Illinois,2025-12-06,373.04,False,True,True,False
FAM-100722,Washington,2025-11-05,Self-referral,1,Engaged,Mental health referral,5.81,False,True,Still active,washington,2025-11-05,5.81,False,True,True,False
FAM-100723,Washington,2025-02-13,Health provider,2,Declined,No service recorded,0.0,False,False,Family declined services,Wash.,2025-02-13,0.0,False,True,True,False
FAM-100724,Illinois,2025-10-14,School,1,Unable to contact,No service recorded,0.0,False,True,No response after outreach,Illinois,2025-10-14,0.0,False,True,True,False
FAM-100726,New York,2025-09-21,Self-referral,1,Engaged,No service recorded,365.93,False,False,Still active,NY,2025-09-21,365.93,False,True,True,False
FAM-100727,Texas,2025-02-02,Health provider,4,Unable to contact,Legal aid referral,32.9,True,False,No response after outreach,texas,2025-02-02,32.9,False,True,True,False
FAM-100728,Washington,2025-06-28,Self-referral,5,Declined,Legal aid referral,47.38,False,True,Family declined services,WA,2025-06-28,47.38,False,True,True,False
FAM-100729,Illinois,2025-08-29,Community partner,1,Engaged,Mental health referral,140.76,True,False,Still active,IL,2025-08-29,140.76,False,True,True,False
FAM-100730,Texas,2025-09-24,Self-referral,1,Unable to contact,Mental health referral,163.87,False,False,No response after outreach,texas,2025-09-24,163.87,False,True,True,False
FAM-100731,Illinois,2025-06-02,Self-referral,4,Engaged,Mental health referral,192.43,False,False,Still active,Illinois,2025-06-02,192.43,False,True,True,False
FAM-100732,New York,2025-12-03,Family resource center,5,Engaged,Mental health referral,131.59,True,True,Still active,N.Y.,2025-12-03,131.59,False,True,True,False
FAM-100733,Washington,2025-10-10,Health provider,3,Engaged,Concrete supports,215.38,False,True,Needs met,Wash.,2025-10-10,215.38,False,True,True,False
FAM-100735,Illinois,2025-09-02,School,2,Pending outreach,Benefits enrollment,50.53,False,True,No response after outreach,illinois,2025-09-02,50.53,False,True,True,False
FAM-100736,Ohio,2025-09-24,CPS hotline screened-out,3,Engaged,Mental health referral,20.0,False,True,Connected to ongoing service,ohio,2025-09-24,20.0,False,True,True,False
FAM-100737,Texas,2025-05-02,Self-referral,3,Engaged,Parent coaching,28.39,False,True,Needs met,texas,2025-05-02,28.39,False,True,True,False
FAM-100738,Washington,2025-09-27,Self-referral,2,Engaged,Child care support,510.8,False,True,Needs met,Wash.,2025-09-27,510.8,False,True,True,False
FAM-100739,Washington,2025-11-24,Family resource center,2,Engaged,Concrete supports,143.45,False,False,Still active,WA,2025-11-24,143.45,False,True,True,False
FAM-100740,Illinois,2025-10-26,CPS hotline screened-out,2,Engaged,Benefits enrollment,20.15,False,True,Connected to ongoing service,IL,2025-10-26,20.15,False,True,True,False
FAM-100741,Illinois,2025-10-06,Self-referral,0,Engaged,No service recorded,184.9,False,True,Needs met,illinois,2025-10-06,184.9,False,True,True,False
FAM-100742,Texas,2025-08-20,Self-referral,1,Engaged,Child care support,290.48,False,True,Needs met,Texas,2025-08-20,290.48,False,True,True,False
FAM-100743,New York,2025-04-09,Health provider,2,Engaged,Housing navigation,711.76,True,True,Connected to ongoing service,N.Y.,2025-04-09,711.76,False,True,True,False
FAM-100744,Washington,2025-10-18,Health provider,1,Engaged,Housing navigation,663.87,False,True,Connected to ongoing service,Wash.,2025-10-18,663.87,False,True,True,False
FAM-100745,Texas,2025-05-13,Self-referral,4,Declined,No service recorded,0.0,True,True,Family declined services,TX,2025-05-13,0.0,False,True,True,False
FAM-100746,Illinois,2025-07-14,Community partner,1,Engaged,Parent coaching,22.34,False,True,Connected to ongoing service,IL,2025-07-14,22.34,False,True,True,False
FAM-100747,Washington,2025-04-25,School,3,Unable to contact,Parent coaching,67.15,False,True,No response after outreach,WA,2025-04-25,67.15,False,True,True,False
FAM-100748,Illinois,2025-04-25,Self-referral,2,Pending outreach,No service recorded,0.0,False,False,Still active,IL,2025-04-25,0.0,False,True,True,False
FAM-100749,Ohio,2025-02-27,Self-referral,2,Engaged,Child care support,111.02,False,True,Still active,OH,2025-02-27,111.02,False,True,True,False
